0.0	0.0
0.010000659849328878	0.0
0.020001319698657757	0.0
0.030001979547986633	0.0
0.04000263939731551	0.0
0.05000329924664439	0.0
0.06000395909597327	0.0
0.07000461894530215	0.0
0.08000527879463103	0.0
0.0900059386439599	0.0
0.10000659849328879	0.0
0.11000725834261767	0.0
0.12000791819194653	0.0
0.1300085780412754	0.0
0.1400092378906043	0.0
0.15000989773993317	0.0
0.16001055758926205	0.0
0.17001121743859093	0.0
0.1800118772879198	0.0
0.1900125371372487	0.0
0.20001319698657757	0.0
0.21001385683590645	0.0
0.22001451668523533	0.0
0.23001517653456421	0.0
0.24001583638389307	0.0
0.250016496233222	0.0
0.2600171560825508	0.0
0.27001781593187973	0.0
0.2800184757812086	0.0
0.2900191356305375	0.0
0.30001979547986635	0.0
0.31002045532919525	0.0
0.3200211151785241	0.0
0.33002177502785296	0.0
0.34002243487718187	0.0
0.3500230947265107	0.0
0.3600237545758396	0.0
0.3700244144251685	0.0
0.3800250742744974	0.0
0.39002573412382624	0.0
0.40002639397315515	0.0
0.410027053822484	0.0
0.4200277136718129	0.0
0.43002837352114176	0.0
0.44002903337047067	0.0
0.4500296932197995	0.0
0.46003035306912843	0.0
0.4700310129184573	0.0
0.48003167276778613	0.0
0.49003233261711504	0.0
0.500032992466444	0.0
0.5100336523157728	0.0
0.5200343121651017	0.0
0.5300349720144305	0.0
0.5400356318637595	0.0
0.5500362917130883	0.0
0.5600369515624172	0.0
0.570037611411746	0.0
0.580038271261075	0.0
0.5900389311104038	0.0
0.6000395909597327	0.0
0.6100402508090615	0.0
0.6200409106583905	0.0
0.6300415705077194	0.0
0.6400422303570482	0.0
0.6500428902063771	0.0
0.6600435500557059	0.0
0.6700442099050349	0.0
0.6800448697543637	0.0
0.6900455296036926	0.0
0.7000461894530214	0.0
0.7100468493023504	0.0
0.7200475091516793	0.0
0.7300481690010081	0.0
0.740048828850337	0.0
0.7500494886996659	0.0
0.7600501485489948	0.0
0.7700508083983236	0.0
0.7800514682476525	0.0
0.7900521280969814	0.0
0.8000527879463103	0.0
0.8100534477956391	0.0
0.820054107644968	0.0
0.8300547674942969	0.0
0.8400554273436258	0.0
0.8500560871929547	0.0
0.8600567470422835	0.0
0.8700574068916124	0.0
0.8800580667409413	0.0
0.8900587265902702	0.0
0.900059386439599	0.0
0.9100600462889279	0.0
0.9200607061382569	0.0
0.9300613659875857	0.0
0.9400620258369146	0.0
0.9500626856862434	0.0
0.9600633455355723	0.0
0.9700640053849012	0.0
0.9800646652342301	0.0
0.9900653250835589	0.0
1.000065984932888	0.0
1.0100666447822166	0.0
1.0200673046315456	0.0
1.0300679644808746	0.0
1.0400686243302033	0.0
1.0500692841795323	0.0
1.060069944028861	0.0
1.07007060387819	0.0
1.080071263727519	0.0
1.0900719235768477	0.0
1.1000725834261766	0.0
1.1100732432755056	0.0
1.1200739031248343	0.0
1.1300745629741633	0.0
1.140075222823492	0.0
1.150075882672821	0.0
1.16007654252215	0.0
1.1700772023714787	0.0
1.1800778622208077	0.0
1.1900785220701364	0.0
1.2000791819194654	0.0
1.2100798417687944	0.0
1.220080501618123	0.0
1.230081161467452	0.0
1.240081821316781	0.0
1.2500824811661098	0.0
1.2600831410154387	0.0
1.2700838008647675	0.0
1.2800844607140964	0.0
1.2900851205634254	0.0
1.3000857804127541	0.0
1.310086440262083	0.0
1.3200871001114118	0.0
1.3300877599607408	0.0
1.3400884198100698	0.0
1.3500890796593985	0.0
1.3600897395087275	0.0
1.3700903993580564	0.0
1.3800910592073852	0.0
1.3900917190567141	0.0
1.4000923789060429	0.0
1.4100930387553718	0.0
1.4200936986047008	0.0
1.4300943584540295	0.0
1.4400950183033585	0.0
1.4500956781526873	0.0
1.4600963380020162	0.0
1.4700969978513452	0.0
1.480097657700674	0.0
1.4900983175500029	0.0
1.5000989773993318	0.0
1.5100996372486606	0.0
1.5201002970979896	0.0
1.5301009569473183	0.0
1.5401016167966473	0.0
1.5501022766459762	0.0
1.560102936495305	0.0
1.570103596344634	0.0
1.5801042561939629	0.0
1.5901049160432916	0.0
1.6001055758926206	0.0
1.6101062357419493	0.0
1.6201068955912783	0.0
1.6301075554406073	0.0
1.640108215289936	0.0
1.650108875139265	0.0
1.6601095349885937	0.0
1.6701101948379227	0.0
1.6801108546872516	0.0
1.6901115145365804	0.0
1.7001121743859093	0.0
1.7101128342352383	0.0
1.720113494084567	0.0
1.730114153933896	0.0
1.7401148137832247	0.0
1.7501154736325537	0.0
1.7601161334818827	0.0
1.7701167933312114	0.0
1.7801174531805404	0.0
1.7901181130298691	0.0
1.800118772879198	0.0
1.810119432728527	0.0
1.8201200925778558	0.0
1.8301207524271847	0.0
1.8401214122765137	0.0
1.8501220721258425	0.0
1.8601227319751714	0.0
1.8701233918245002	0.0
1.8801240516738291	0.0
1.890124711523158	0.0
1.9001253713724868	0.0
1.9101260312218158	0.0
1.9201266910711445	0.0
1.9301273509204735	0.0
1.9401280107698025	0.0
1.9501286706191312	0.0
1.9601293304684602	0.0
1.9701299903177891	0.0
1.9801306501671179	0.0
1.9901313100164468	0.0
2.000131969865776	0.0
2.0101326297151045	0.0
2.0201332895644333	0.0
2.0301339494137625	0.0
2.040134609263091	0.0
2.05013526911242	0.0
2.060135928961749	0.0
2.070136588811078	0.0
2.0801372486604066	0.0
2.0901379085097354	0.0
2.1001385683590645	0.0
2.1101392282083933	0.0
2.120139888057722	0.0
2.130140547907051	0.0
2.14014120775638	0.0
2.1501418676057087	0.0
2.160142527455038	0.0
2.1701431873043666	0.0
2.1801438471536954	0.0
2.1901445070030245	0.0
2.2001451668523533	0.0
2.210145826701682	0.0
2.220146486551011	0.0
2.23014714640034	0.0
2.2401478062496687	0.0
2.2501484660989974	0.0
2.2601491259483266	0.0
2.2701497857976554	0.0
2.280150445646984	0.0
2.2901511054963133	0.0
2.300151765345642	0.0
2.3101524251949708	0.0
2.3201530850443	0.0
2.3301537448936287	0.0
2.3401544047429574	0.0
2.3501550645922866	0.0
2.3601557244416154	0.0
2.370156384290944	0.0
2.380157044140273	0.0
2.390157703989602	0.0
2.4001583638389308	0.0
2.4101590236882595	0.0
2.4201596835375887	0.0
2.4301603433869174	0.0
2.440161003236246	0.0
2.4501616630855754	0.0
2.460162322934904	0.0
2.470162982784233	0.0
2.480163642633562	0.0
2.490164302482891	0.0
2.5001649623322195	0.0
2.5101656221815483	0.0
2.5201662820308774	0.0
2.530166941880206	0.0
2.540167601729535	0.0
2.550168261578864	0.0
2.560168921428193	0.0
2.5701695812775216	0.0
2.580170241126851	0.0
2.5901709009761795	0.0
2.6001715608255083	0.0
2.6101722206748375	0.0
2.620172880524166	0.0
2.630173540373495	0.0
2.6401742002228237	0.0
2.650174860072153	0.0
2.6601755199214816	0.0
2.6701761797708103	0.0
2.6801768396201395	0.0
2.6901774994694683	0.0
2.700178159318797	0.0
2.710178819168126	0.0
2.720179479017455	0.0
2.7301801388667837	0.0
2.740180798716113	0.0
2.7501814585654416	0.0
2.7601821184147703	0.0
2.770182778264099	0.0
2.7801834381134283	0.0
2.790184097962757	0.0
2.8001847578120858	0.0
2.810185417661415	0.0
2.8201860775107437	0.0
2.8301867373600724	0.0
2.8401873972094016	0.0
2.8501880570587304	0.0
2.860188716908059	0.0
2.8701893767573883	0.0
2.880190036606717	0.0
2.8901906964560458	0.0
2.9001913563053745	0.0
2.9101920161547037	0.0
2.9201926760040324	0.0
2.930193335853361	0.0
2.9401939957026904	0.0
2.950194655552019	234.0
2.960195315401348	231.0
2.970195975250677	231.0
2.9801966351000058	231.0
2.9901972949493345	231.0
3.0001979547986637	231.0
3.0101986146479924	231.0
3.020199274497321	231.0
3.0301999343466504	231.0
3.040200594195979	231.0
3.050201254045308	231.0
3.0602019138946366	234.0
3.0702025737439658	234.0
3.0802032335932945	234.0
3.0902038934426233	234.0
3.1002045532919524	234.0
3.110205213141281	234.0
3.12020587299061	234.0
3.130206532839939	234.0
3.140207192689268	234.0
3.1502078525385966	236.0
3.1602085123879258	236.0
3.1702091722372545	236.0
3.1802098320865833	239.0
3.190210491935912	236.0
3.200211151785241	236.0
3.21021181163457	234.0
3.2202124714838987	234.0
3.230213131333228	231.0
3.2402137911825566	231.0
3.2502144510318853	228.0
3.2602151108812145	228.0
3.2702157707305433	228.0
3.280216430579872	228.0
3.290217090429201	228.0
3.30021775027853	226.0
3.3102184101278587	226.0
3.3202190699771874	226.0
3.3302197298265166	226.0
3.3402203896758453	226.0
3.350221049525174	226.0
3.3602217093745033	226.0
3.370222369223832	226.0
3.3802230290731607	226.0
3.39022368892249	226.0
3.4002243487718187	226.0
3.4102250086211474	228.0
3.4202256684704766	228.0
3.4302263283198053	228.0
3.440226988169134	231.0
3.450227648018463	231.0
3.460228307867792	231.0
3.4702289677171207	231.0
3.4802296275664495	231.0
3.4902302874157787	231.0
3.5002309472651074	231.0
3.510231607114436	231.0
3.5202322669637653	228.0
3.530232926813094	228.0
3.540233586662423	226.0
3.550234246511752	226.0
3.5602349063610808	226.0
3.5702355662104095	223.0
3.5802362260597382	223.0
3.5902368859090674	226.0
3.600237545758396	226.0
3.610238205607725	226.0
3.620238865457054	228.0
3.630239525306383	228.0
3.6402401851557116	231.0
3.6502408450050408	231.0
3.6602415048543695	231.0
3.6702421647036982	228.0
3.6802428245530274	226.0
3.690243484402356	220.0
3.700244144251685	218.0
3.7102448041010136	210.0
3.720245463950343	208.0
3.7302461237996716	203.0
3.7402467836490003	199.0
3.7502474434983295	196.0
3.7602481033476582	196.0
3.770248763196987	199.0
3.780249423046316	203.0
3.790250082895645	210.0
3.8002507427449737	215.0
3.810251402594303	223.0
3.8202520624436316	226.0
3.8302527222929603	228.0
3.840253382142289	228.0
3.8502540419916182	228.0
3.860254701840947	231.0
3.8702553616902757	231.0
3.880256021539605	231.0
3.8902566813889337	231.0
3.9002573412382624	231.0
3.9102580010875916	231.0
3.9202586609369203	228.0
3.930259320786249	228.0
3.9402599806355783	228.0
3.950260640484907	228.0
3.9602613003342357	228.0
3.970261960183565	226.0
3.9802626200328937	226.0
3.9902632798822224	226.0
4.000263939731552	226.0
4.01026459958088	226.0
4.020265259430209	228.0
4.030265919279538	228.0
4.0402665791288666	228.0
4.050267238978195	228.0
4.060267898827525	228.0
4.070268558676854	228.0
4.080269218526182	231.0
4.090269878375511	231.0
4.10027053822484	231.0
4.110271198074169	231.0
4.120271857923498	231.0
4.130272517772827	231.0
4.140273177622156	228.0
4.1502738374714845	226.0
4.160274497320813	223.0
4.170275157170142	220.0
4.180275817019471	218.0
4.1902764768688	215.0
4.200277136718129	213.0
4.210277796567458	213.0
4.220278456416787	213.0
4.230279116266115	218.0
4.240279776115444	223.0
4.250280435964774	234.0
4.260281095814102	242.0
4.270281755663431	248.0
4.28028241551276	250.0
4.290283075362089	256.0
4.300283735211417	259.0
4.310284395060747	259.0
4.320285054910076	259.0
4.3302857147594045	259.0
4.340286374608733	253.0
4.350287034458062	248.0
4.360287694307391	242.0
4.3702883541567195	239.0
4.380289014006049	234.0
4.390289673855378	231.0
4.400290333704707	228.0
4.410290993554035	228.0
4.420291653403364	226.0
4.430292313252693	226.0
4.440292973102022	220.0
4.450293632951351	218.0
4.46029429280068	210.0
4.470294952650009	208.0
4.480295612499337	206.0
4.490296272348666	208.0
4.500296932197995	210.0
4.5102975920473245	215.0
4.520298251896653	226.0
4.530298911745982	242.0
4.540299571595311	253.0
4.5503002314446395	262.0
4.560300891293968	272.0
4.570301551143298	275.0
4.580302210992627	278.0
4.590302870841955	275.0
4.600303530691284	272.0
4.610304190540613	268.0
4.6203048503899415	262.0
4.63030551023927	259.0
4.6403061700886	256.0
4.650306829937929	253.0
4.660307489787257	248.0
4.670308149636586	245.0
4.680308809485915	242.0
4.690309469335244	242.0
4.700310129184573	239.0
4.710310789033902	239.0
4.720311448883231	239.0
4.7303121087325595	239.0
4.740312768581888	239.0
4.750313428431217	242.0
4.760314088280546	245.0
4.770314748129875	250.0
4.780315407979204	256.0
4.790316067828533	265.0
4.8003167276778616	272.0
4.81031738752719	278.0
4.820318047376519	281.0
4.830318707225849	284.0
4.840319367075177	288.0
4.850320026924506	281.0
4.860320686773835	265.0
4.870321346623164	253.0
4.880322006472492	242.0
4.890322666321821	236.0
4.900323326171151	231.0
4.9103239860204795	231.0
4.920324645869808	228.0
4.930325305719137	231.0
4.940325965568466	231.0
4.9503266254177944	231.0
4.960327285267124	231.0
4.970327945116453	231.0
4.980328604965782	231.0
4.99032926481511	231.0
5.000329924664439	231.0
5.010330584513768	234.0
5.0203312443630965	234.0
5.030331904212426	234.0
5.040332564061755	234.0
5.050333223911084	234.0
5.060333883760412	234.0
5.070334543609741	234.0
5.08033520345907	231.0
5.0903358633083995	231.0
5.100336523157728	231.0
5.110337183007057	231.0
5.120337842856386	231.0
5.1303385027057145	231.0
5.140339162555043	231.0
5.150339822404372	231.0
5.160340482253702	231.0
5.17034114210303	228.0
5.180341801952359	226.0
5.190342461801688	220.0
5.2003431216510165	215.0
5.210343781500345	208.0
5.220344441349675	201.0
5.230345101199004	194.0
5.240345761048332	187.0
5.250346420897661	185.0
5.26034708074699	185.0
5.270347740596319	187.0
5.280348400445647	192.0
5.290349060294977	194.0
5.300349720144306	196.0
5.3103503799936345	196.0
5.320351039842963	199.0
5.330351699692292	199.0
5.340352359541621	201.0
5.35035301939095	201.0
5.360353679240279	201.0
5.370354339089608	201.0
5.3803549989389365	201.0
5.390355658788265	203.0
5.400356318637594	203.0
5.410356978486923	203.0
5.420357638336252	203.0
5.430358298185581	201.0
5.44035895803491	203.0
5.450359617884239	203.0
5.460360277733567	203.0
5.470360937582896	203.0
5.480361597432226	203.0
5.4903622572815545	203.0
5.500362917130883	206.0
5.510363576980212	206.0
5.520364236829541	206.0
5.530364896678869	206.0
5.540365556528198	206.0
5.550366216377528	206.0
5.5603668762268565	206.0
5.570367536076185	203.0
5.580368195925514	203.0
5.590368855774843	203.0
5.6003695156241715	203.0
5.610370175473501	203.0
5.62037083532283	203.0
5.630371495172159	203.0
5.640372155021487	203.0
5.650372814870816	203.0
5.660373474720145	203.0
5.670374134569474	203.0
5.680374794418803	203.0
5.690375454268132	203.0
5.700376114117461	203.0
5.710376773966789	203.0
5.720377433816118	203.0
5.730378093665447	203.0
5.7403787535147766	203.0
5.750379413364105	203.0
5.760380073213434	203.0
5.770380733062763	201.0
5.7803813929120915	201.0
5.79038205276142	201.0
5.800382712610749	201.0
5.810383372460079	201.0
5.820384032309407	203.0
5.830384692158736	203.0
5.840385352008065	203.0
5.850386011857394	203.0
5.860386671706722	201.0
5.870387331556052	201.0
5.880387991405381	196.0
5.8903886512547095	192.0
5.900389311104038	185.0
5.910389970953367	183.0
5.920390630802696	179.0
5.930391290652024	175.0
5.940391950501354	173.0
5.950392610350683	173.0
5.9603932702000115	175.0
5.97039393004934	179.0
5.980394589898669	183.0
5.990395249747998	187.0
6.000395909597327	192.0
6.010396569446656	194.0
6.020397229295985	196.0
6.030397889145314	199.0
6.040398548994642	201.0
6.050399208843971	201.0
6.060399868693301	201.0
6.0704005285426295	201.0
6.080401188391958	201.0
6.090401848241287	201.0
6.100402508090616	201.0
6.110403167939944	201.0
6.120403827789273	201.0
6.130404487638603	199.0
6.1404051474879315	199.0
6.15040580733726	199.0
6.160406467186589	199.0
6.170407127035918	199.0
6.1804077868852465	201.0
6.190408446734576	201.0
6.200409106583905	201.0
6.210409766433234	203.0
6.220410426282562	203.0
6.230411086131891	206.0
6.24041174598122	206.0
6.250412405830549	206.0
6.260413065679878	206.0
6.270413725529207	206.0
6.280414385378536	203.0
6.290415045227864	203.0
6.300415705077193	201.0
6.310416364926522	196.0
6.3204170247758515	194.0
6.33041768462518	190.0
6.340418344474509	190.0
6.350419004323838	187.0
6.3604196641731665	190.0
6.370420324022495	192.0
6.380420983871824	196.0
6.390421643721154	201.0
6.400422303570482	208.0
6.410422963419811	210.0
6.42042362326914	215.0
6.430424283118469	220.0
6.440424942967797	226.0
6.450425602817127	228.0
6.460426262666456	231.0
6.470426922515784	231.0
6.480427582365113	231.0
6.490428242214442	228.0
6.500428902063771	228.0
6.510429561913099	226.0
6.520430221762429	226.0
6.530430881611758	226.0
6.5404315414610865	226.0
6.550432201310415	226.0
6.560432861159744	226.0
6.570433521009073	226.0
6.580434180858402	226.0
6.590434840707731	226.0
6.60043550055706	228.0
6.610436160406389	228.0
6.620436820255717	228.0
6.630437480105046	231.0
6.640438139954375	231.0
6.6504387998037044	228.0
6.660439459653033	228.0
6.670440119502362	226.0
6.680440779351691	223.0
6.690441439201019	218.0
6.700442099050348	213.0
6.710442758899678	206.0
6.7204434187490065	201.0
6.730444078598335	199.0
6.740444738447664	194.0
6.750445398296993	194.0
6.7604460581463215	194.0
6.77044671799565	194.0
6.78044737784498	199.0
6.790448037694309	201.0
6.800448697543637	203.0
6.810449357392966	203.0
6.820450017242295	203.0
6.830450677091624	206.0
6.840451336940953	206.0
6.850451996790282	206.0
6.860452656639611	203.0
6.870453316488939	203.0
6.880453976338268	203.0
6.890454636187597	203.0
6.900455296036926	203.0
6.910455955886255	203.0
6.920456615735584	201.0
6.930457275584913	201.0
6.9404579354342415	201.0
6.95045859528357	201.0
6.960459255132899	201.0
6.970459914982229	201.0
6.980460574831557	203.0
6.990461234680886	203.0
7.000461894530215	203.0
7.010462554379544	203.0
7.020463214228872	203.0
7.030463874078201	203.0
7.040464533927531	203.0
7.050465193776859	203.0
7.060465853626188	203.0
7.070466513475517	203.0
7.080467173324846	203.0
7.090467833174174	203.0
7.100468493023504	203.0
7.110469152872833	203.0
7.1204698127221615	203.0
7.13047047257149	201.0
7.140471132420819	201.0
7.150471792270148	201.0
7.1604724521194765	199.0
7.170473111968806	199.0
7.180473771818135	199.0
7.190474431667464	199.0
7.200475091516792	199.0
7.210475751366121	199.0
7.22047641121545	199.0
7.230477071064779	199.0
7.240477730914108	199.0
7.250478390763437	199.0
7.260479050612766	199.0
7.270479710462094	199.0
7.280480370311423	199.0
7.290481030160752	199.0
7.3004816900100815	196.0
7.31048234985941	194.0
7.320483009708739	190.0
7.330483669558068	187.0
7.3404843294073965	185.0
7.350484989256725	181.0
7.360485649106055	179.0
7.370486308955384	177.0
7.380486968804712	173.0
7.390487628654041	169.0
7.40048828850337	167.0
7.410488948352699	163.0
7.420489608202027	161.0
7.430490268051357	159.0
7.440490927900686	158.0
7.450491587750014	156.0
7.460492247599343	154.0
7.470492907448672	149.0
7.480493567298001	147.0
7.49049422714733	165.0
7.500494886996659	173.0
7.510495546845988	181.0
7.5204962066953165	187.0
7.530496866544645	192.0
7.540497526393974	196.0
7.550498186243303	199.0
7.560498846092632	203.0
7.570499505941961	203.0
7.58050016579129	203.0
7.590500825640619	203.0
7.600501485489947	201.0
7.610502145339276	199.0
7.620502805188606	196.0
7.630503465037934	192.0
7.640504124887263	187.0
7.650504784736592	183.0
7.660505444585921	181.0
7.670506104435249	177.0
7.680506764284578	175.0
7.690507424133908	171.0
7.7005080839832365	167.0
7.710508743832565	163.0
7.720509403681894	161.0
7.730510063531223	161.0
7.7405107233805515	163.0
7.750511383229881	165.0
7.76051204307921	167.0
7.770512702928539	171.0
7.780513362777867	171.0
7.790514022627196	173.0
7.800514682476525	173.0
7.810515342325854	171.0
7.820516002175183	171.0
7.830516662024512	171.0
7.840517321873841	171.0
7.850517981723169	173.0
7.860518641572498	175.0
7.870519301421827	177.0
7.8805199612711565	179.0
7.890520621120485	181.0
7.900521280969814	181.0
7.910521940819143	181.0
7.9205226006684715	183.0
7.9305232605178	181.0
7.94052392036713	181.0
7.950524580216459	179.0
7.960525240065787	177.0
7.970525899915116	175.0
7.980526559764445	171.0
7.9905272196137735	167.0
8.000527879463103	163.0
8.010528539312432	159.0
8.02052919916176	158.0
8.03052985901109	158.0
8.040530518860418	156.0
8.050531178709747	0.0
8.060531838559076	0.0
8.070532498408404	0.0
8.080533158257733	0.0
8.090533818107062	0.0
8.10053447795639	0.0
8.110535137805721	0.0
8.12053579765505	0.0
8.130536457504379	0.0
8.140537117353707	0.0
8.150537777203036	0.0
8.160538437052365	0.0
8.170539096901694	0.0
8.180539756751022	0.0
8.190540416600351	0.0
8.20054107644968	0.0
8.210541736299009	0.0
8.220542396148337	0.0
8.230543055997666	0.0
8.240543715846997	0.0
8.250544375696325	0.0
8.260545035545654	0.0
8.270545695394983	0.0
8.280546355244311	0.0
8.29054701509364	169.0
8.300547674942969	169.0
8.310548334792298	169.0
8.320548994641626	169.0
8.330549654490955	169.0
8.340550314340284	169.0
8.350550974189613	167.0
8.360551634038941	165.0
8.370552293888272	165.0
8.3805529537376	165.0
8.39055361358693	165.0
8.400554273436258	165.0
8.410554933285587	167.0
8.420555593134916	167.0
8.430556252984244	167.0
8.440556912833573	169.0
8.450557572682902	169.0
8.46055823253223	169.0
8.47055889238156	169.0
8.480559552230888	169.0
8.490560212080217	169.0
8.500560871929547	169.0
8.510561531778876	169.0
8.520562191628205	167.0
8.530562851477534	165.0
8.540563511326862	163.0
8.550564171176191	163.0
8.56056483102552	165.0
8.570565490874849	167.0
8.580566150724177	169.0
8.590566810573506	169.0
8.600567470422835	169.0
8.610568130272164	165.0
8.620568790121494	161.0
8.630569449970823	159.0
8.640570109820152	159.0
8.65057076966948	159.0
8.660571429518809	159.0
8.670572089368138	161.0
8.680572749217466	163.0
8.690573409066795	0.0
8.700574068916124	0.0
8.710574728765453	0.0
8.720575388614781	0.0
8.73057604846411	0.0
8.740576708313439	0.0
8.75057736816277	0.0
8.760578028012098	0.0
8.770578687861427	0.0
8.780579347710756	0.0
8.790580007560084	0.0
8.800580667409413	0.0
8.810581327258742	0.0
8.82058198710807	0.0
8.8305826469574	0.0
8.840583306806728	0.0
8.850583966656057	0.0
8.860584626505386	0.0
8.870585286354714	0.0
8.880585946204045	0.0
8.890586606053374	0.0
8.900587265902702	0.0
8.910587925752031	0.0
8.92058858560136	0.0
8.930589245450689	0.0
8.940589905300017	0.0
8.950590565149346	0.0
8.960591224998675	0.0
8.970591884848004	0.0
8.980592544697332	0.0
8.990593204546661	0.0
9.00059386439599	0.0
9.01059452424532	0.0
9.020595184094649	0.0
9.030595843943978	190.0
9.040596503793306	190.0
9.050597163642635	187.0
9.060597823491964	183.0
9.070598483341293	181.0
9.080599143190621	179.0
9.09059980303995	177.0
9.100600462889279	175.0
9.110601122738608	171.0
9.120601782587936	167.0
9.130602442437265	163.0
9.140603102286596	161.0
9.150603762135924	161.0
9.160604421985253	163.0
9.170605081834582	167.0
9.18060574168391	171.0
9.19060640153324	175.0
9.200607061382568	177.0
9.210607721231897	179.0
9.220608381081226	181.0
9.230609040930554	181.0
9.240609700779883	181.0
9.250610360629212	181.0
9.26061102047854	179.0
9.270611680327871	177.0
9.2806123401772	175.0
9.290613000026529	171.0
9.300613659875857	167.0
9.310614319725186	159.0
9.320614979574515	158.0
9.330615639423844	0.0
9.340616299273172	0.0
9.350616959122501	0.0
9.36061761897183	0.0
9.370618278821158	0.0
9.380618938670487	0.0
9.390619598519816	0.0
9.400620258369146	0.0
9.410620918218475	0.0
9.420621578067804	0.0
9.430622237917133	159.0
9.440622897766461	165.0
9.45062355761579	169.0
9.460624217465119	169.0
9.470624877314448	171.0
9.480625537163776	171.0
9.490626197013105	171.0
9.500626856862434	171.0
9.510627516711763	171.0
9.520628176561091	171.0
9.530628836410422	171.0
9.54062949625975	171.0
9.55063015610908	169.0
9.560630815958408	169.0
9.570631475807737	171.0
9.580632135657066	171.0
9.590632795506394	171.0
9.600633455355723	171.0
9.610634115205052	173.0
9.62063477505438	173.0
9.63063543490371	173.0
9.640636094753038	173.0
9.650636754602367	173.0
9.660637414451697	171.0
9.670638074301026	169.0
9.680638734150355	165.0
9.690639393999684	161.0
9.700640053849012	158.0
9.710640713698341	156.0
9.72064137354767	156.0
9.730642033396999	156.0
9.740642693246327	159.0
9.750643353095656	163.0
9.760644012944985	169.0
9.770644672794313	177.0
9.780645332643642	183.0
9.790645992492973	187.0
9.800646652342301	192.0
9.81064731219163	196.0
9.820647972040959	199.0
9.830648631890288	201.0
9.840649291739616	201.0
9.850649951588945	201.0
9.860650611438274	201.0
9.870651271287603	199.0
9.880651931136931	199.0
9.89065259098626	199.0
9.900653250835589	199.0
9.910653910684918	199.0
9.920654570534248	201.0
9.930655230383577	201.0
9.940655890232906	201.0
9.950656550082234	201.0
9.960657209931563	201.0
9.970657869780892	201.0
9.98065852963022	201.0
9.99065918947955	201.0
10.000659849328878	201.0
10.010660509178207	201.0
10.020661169027536	201.0
10.030661828876864	201.0
10.040662488726193	201.0
10.050663148575524	201.0
10.060663808424852	201.0
10.070664468274181	201.0
10.08066512812351	201.0
10.090665787972839	201.0
10.100666447822167	201.0
10.110667107671496	201.0
10.120667767520825	201.0
10.130668427370153	201.0
10.140669087219482	201.0
10.150669747068811	201.0
10.16067040691814	201.0
10.170671066767468	201.0
10.180671726616799	201.0
10.190672386466128	201.0
10.200673046315456	201.0
10.210673706164785	201.0
10.220674366014114	201.0
10.230675025863443	201.0
10.240675685712771	201.0
10.2506763455621	201.0
10.260677005411429	201.0
10.270677665260758	201.0
10.280678325110086	201.0
10.290678984959415	201.0
10.300679644808744	201.0
10.310680304658074	201.0
10.320680964507403	201.0
10.330681624356732	201.0
10.34068228420606	201.0
10.35068294405539	203.0
10.360683603904718	203.0
10.370684263754047	203.0
10.380684923603376	203.0
10.390685583452704	201.0
10.400686243302033	201.0
10.410686903151362	199.0
10.42068756300069	196.0
10.43068822285002	194.0
10.44068888269935	192.0
10.450689542548679	190.0
10.460690202398007	187.0
10.470690862247336	185.0
10.480691522096665	183.0
10.490692181945994	181.0
10.500692841795322	181.0
10.510693501644651	179.0
10.52069416149398	177.0
10.530694821343308	177.0
10.540695481192637	175.0
10.550696141041966	173.0
10.560696800891295	171.0
10.570697460740625	171.0
10.580698120589954	169.0
10.590698780439283	167.0
10.600699440288611	165.0
10.61070010013794	165.0
10.620700759987269	165.0
10.630701419836598	165.0
10.640702079685926	165.0
10.650702739535255	167.0
10.660703399384584	167.0
10.670704059233913	169.0
10.680704719083241	171.0
10.69070537893257	173.0
10.7007060387819	175.0
10.71070669863123	175.0
10.720707358480558	175.0
10.730708018329887	175.0
10.740708678179216	173.0
10.750709338028544	171.0
10.760709997877873	169.0
10.770710657727202	167.0
10.78071131757653	165.0
10.79071197742586	163.0
10.800712637275188	163.0
10.810713297124517	165.0
10.820713956973846	167.0
10.830714616823176	169.0
10.840715276672505	173.0
10.850715936521834	175.0
10.860716596371162	179.0
10.870717256220491	183.0
10.88071791606982	187.0
10.890718575919148	192.0
10.900719235768477	196.0
10.910719895617806	199.0
10.920720555467135	201.0
10.930721215316463	203.0
10.940721875165792	203.0
10.950722535015121	203.0
10.960723194864451	203.0
10.97072385471378	201.0
10.980724514563109	201.0
10.990725174412438	201.0
11.000725834261766	201.0
11.010726494111095	199.0
11.020727153960424	201.0
11.030727813809753	201.0
11.040728473659081	201.0
11.05072913350841	201.0
11.060729793357739	203.0
11.070730453207068	203.0
11.080731113056396	203.0
11.090731772905727	203.0
11.100732432755056	201.0
11.110733092604384	201.0
11.120733752453713	196.0
11.130734412303042	194.0
11.14073507215237	192.0
11.1507357320017	192.0
11.160736391851028	194.0
11.170737051700357	196.0
11.180737711549686	199.0
11.190738371399014	199.0
11.200739031248343	201.0
11.210739691097672	201.0
11.220740350947002	201.0
11.230741010796331	201.0
11.24074167064566	203.0
11.250742330494989	203.0
11.260742990344317	203.0
11.270743650193646	203.0
11.280744310042975	201.0
11.290744969892303	201.0
11.300745629741632	201.0
11.310746289590961	201.0
11.32074694944029	201.0
11.330747609289618	201.0
11.340748269138947	201.0
11.350748928988278	199.0
11.360749588837606	199.0
11.370750248686935	194.0
11.380750908536264	192.0
11.390751568385593	190.0
11.400752228234921	187.0
11.41075288808425	183.0
11.420753547933579	181.0
11.430754207782908	179.0
11.440754867632236	175.0
11.450755527481565	171.0
11.460756187330894	169.0
11.470756847180223	169.0
11.480757507029553	169.0
11.490758166878882	169.0
11.50075882672821	171.0
11.51075948657754	171.0
11.520760146426868	173.0
11.530760806276197	175.0
11.540761466125526	175.0
11.550762125974854	179.0
11.560762785824183	181.0
11.570763445673512	185.0
11.58076410552284	190.0
11.59076476537217	194.0
11.600765425221498	199.0
11.610766085070829	203.0
11.620766744920157	203.0
11.630767404769486	203.0
11.640768064618815	203.0
11.650768724468143	203.0
11.660769384317472	201.0
11.670770044166801	201.0
11.68077070401613	201.0
11.690771363865458	199.0
11.700772023714787	201.0
11.710772683564116	201.0
11.720773343413445	201.0
11.730774003262773	203.0
11.740774663112104	203.0
11.750775322961433	203.0
11.760775982810761	203.0
11.77077664266009	203.0
11.780777302509419	201.0
11.790777962358748	201.0
11.800778622208076	199.0
11.810779282057405	199.0
11.820779941906734	196.0
11.830780601756063	194.0
11.840781261605391	194.0
11.85078192145472	192.0
11.860782581304049	194.0
11.87078324115338	196.0
11.880783901002708	201.0
11.890784560852037	203.0
11.900785220701366	208.0
11.910785880550694	213.0
11.920786540400023	218.0
11.930787200249352	226.0
11.94078786009868	228.0
11.95078851994801	231.0
11.960789179797338	231.0
11.970789839646667	228.0
11.980790499495996	228.0
11.990791159345326	228.0
12.000791819194655	226.0
12.010792479043984	226.0
12.020793138893312	226.0
12.030793798742641	226.0
12.04079445859197	226.0
12.050795118441298	226.0
12.060795778290627	226.0
12.070796438139956	226.0
12.080797097989285	228.0
12.090797757838613	228.0
12.100798417687942	228.0
12.110799077537271	228.0
12.120799737386601	228.0
12.13080039723593	228.0
12.140801057085259	226.0
12.150801716934588	226.0
12.160802376783916	226.0
12.170803036633245	226.0
12.180803696482574	226.0
12.190804356331903	226.0
12.200805016181231	226.0
12.21080567603056	226.0
12.220806335879889	226.0
12.230806995729218	226.0
12.240807655578546	226.0
12.250808315427877	226.0
12.260808975277206	226.0
12.270809635126534	226.0
12.280810294975863	226.0
12.290810954825192	226.0
12.30081161467452	226.0
12.31081227452385	223.0
12.320812934373178	220.0
12.330813594222507	220.0
12.340814254071836	220.0
12.350814913921164	223.0
12.360815573770493	228.0
12.370816233619822	234.0
12.380816893469152	239.0
12.390817553318481	248.0
12.40081821316781	253.0
12.410818873017138	259.0
12.420819532866467	262.0
12.430820192715796	265.0
12.440820852565125	268.0
12.450821512414453	268.0
12.460822172263782	265.0
12.470822832113111	262.0
12.48082349196244	259.0
12.490824151811768	256.0
12.500824811661097	253.0
12.510825471510428	248.0
12.520826131359756	245.0
12.530826791209085	242.0
12.540827451058414	236.0
12.550828110907743	234.0
12.560828770757071	231.0
12.5708294306064	231.0
12.580830090455729	228.0
12.590830750305058	228.0
12.600831410154386	228.0
12.610832070003715	228.0
12.620832729853044	228.0
12.630833389702373	228.0
12.640834049551703	228.0
12.650834709401032	234.0
12.66083536925036	239.0
12.67083602909969	245.0
12.680836688949018	250.0
12.690837348798347	256.0
12.700838008647676	262.0
12.710838668497004	265.0
12.720839328346333	268.0
12.730839988195662	272.0
12.74084064804499	268.0
12.75084130789432	268.0
12.760841967743648	265.0
12.770842627592979	262.0
12.780843287442307	259.0
12.790843947291636	259.0
12.800844607140965	253.0
12.810845266990293	248.0
12.820845926839622	242.0
12.830846586688951	239.0
12.84084724653828	236.0
12.850847906387608	234.0
12.860848566236937	231.0
12.870849226086266	228.0
12.880849885935595	228.0
12.890850545784923	228.0
12.900851205634254	228.0
12.910851865483583	228.0
12.920852525332911	228.0
12.93085318518224	228.0
12.940853845031569	228.0
12.950854504880898	228.0
12.960855164730226	231.0
12.970855824579555	234.0
12.980856484428884	239.0
12.990857144278213	248.0
13.000857804127541	256.0
13.01085846397687	262.0
13.020859123826199	268.0
13.03085978367553	272.0
13.040860443524858	272.0
13.050861103374187	275.0
13.060861763223516	272.0
13.070862423072844	272.0
13.080863082922173	272.0
13.090863742771502	272.0
13.10086440262083	272.0
13.11086506247016	272.0
13.120865722319488	272.0
13.130866382168817	272.0
13.140867042018145	272.0
13.150867701867474	272.0
13.160868361716805	272.0
13.170869021566133	272.0
13.180869681415462	272.0
13.190870341264791	275.0
13.20087100111412	275.0
13.210871660963448	275.0
13.220872320812777	275.0
13.230872980662106	275.0
13.240873640511435	275.0
13.250874300360763	275.0
13.260874960210092	275.0
13.270875620059421	275.0
13.28087627990875	275.0
13.29087693975808	275.0
13.300877599607409	272.0
13.310878259456738	272.0
13.320878919306066	272.0
13.330879579155395	272.0
13.340880239004724	272.0
13.350880898854053	272.0
13.360881558703381	272.0
13.37088221855271	272.0
13.380882878402039	272.0
13.390883538251368	272.0
13.400884198100696	272.0
13.410884857950025	272.0
13.420885517799356	272.0
13.430886177648684	272.0
13.440886837498013	272.0
13.450887497347342	272.0
13.46088815719667	272.0
13.470888817046	272.0
13.480889476895328	272.0
13.490890136744657	272.0
13.500890796593985	268.0
13.510891456443314	268.0
13.520892116292643	272.0
13.530892776141972	272.0
13.5408934359913	272.0
13.550894095840631	272.0
13.56089475568996	272.0
13.570895415539288	272.0
13.580896075388617	268.0
13.590896735237946	268.0
13.600897395087275	265.0
13.610898054936603	262.0
13.620898714785932	259.0
13.630899374635261	253.0
13.64090003448459	248.0
13.650900694333918	242.0
13.660901354183247	234.0
13.670902014032576	228.0
13.680902673881906	226.0
13.690903333731235	223.0
13.700903993580564	220.0
13.710904653429893	220.0
13.720905313279221	226.0
13.73090597312855	228.0
13.740906632977879	236.0
13.750907292827208	245.0
13.760907952676536	253.0
13.770908612525865	259.0
13.780909272375194	268.0
13.790909932224523	272.0
13.800910592073851	272.0
13.810911251923182	272.0
13.82091191177251	272.0
13.83091257162184	268.0
13.840913231471168	265.0
13.850913891320497	262.0
13.860914551169826	256.0
13.870915211019154	253.0
13.880915870868483	248.0
13.890916530717812	245.0
13.90091719056714	242.0
13.91091785041647	239.0
13.920918510265798	236.0
13.930919170115127	236.0
13.940919829964457	236.0
13.950920489813786	236.0
13.960921149663115	236.0
13.970921809512443	242.0
13.980922469361772	248.0
13.990923129211101	259.0
14.00092378906043	272.0
14.010924448909758	281.0
14.020925108759087	291.0
14.030925768608416	294.0
14.040926428457745	294.0
14.050927088307073	291.0
14.060927748156402	281.0
14.070928408005733	265.0
14.080929067855061	262.0
14.09092972770439	250.0
14.100930387553719	236.0
14.110931047403048	228.0
14.120931707252376	226.0
14.130932367101705	226.0
14.140933026951034	226.0
14.150933686800363	228.0
14.160934346649691	228.0
14.17093500649902	228.0
14.180935666348349	228.0
14.190936326197678	228.0
14.200936986047008	228.0
14.210937645896337	228.0
14.220938305745666	228.0
14.230938965594994	228.0
14.240939625444323	226.0
14.250940285293652	226.0
14.26094094514298	226.0
14.27094160499231	228.0
14.280942264841638	228.0
14.290942924690967	231.0
14.300943584540295	234.0
14.310944244389624	234.0
14.320944904238953	236.0
14.330945564088283	234.0
14.340946223937612	234.0
14.350946883786941	231.0
14.36094754363627	226.0
14.370948203485598	220.0
14.380948863334927	213.0
14.390949523184256	208.0
14.400950183033585	203.0
14.410950842882913	201.0
14.420951502732242	201.0
14.43095216258157	201.0
14.4409528224309	201.0
14.450953482280228	203.0
14.460954142129559	203.0
14.470954801978888	203.0
14.480955461828216	203.0
14.490956121677545	201.0
14.500956781526874	196.0
14.510957441376203	0.0
14.520958101225531	0.0
14.53095876107486	0.0
14.540959420924189	0.0
14.550960080773518	0.0
14.560960740622846	0.0
14.570961400472175	0.0
14.580962060321504	0.0
14.590962720170834	0.0
14.600963380020163	0.0
14.610964039869492	0.0
14.62096469971882	0.0
14.63096535956815	0.0
14.640966019417478	0.0
14.650966679266807	0.0
14.660967339116135	0.0
14.670967998965464	0.0
14.680968658814793	0.0
14.690969318664122	0.0
14.70096997851345	0.0
14.71097063836278	0.0
14.72097129821211	0.0
14.730971958061438	0.0
14.740972617910767	0.0
14.750973277760096	0.0
14.760973937609425	0.0
14.770974597458753	0.0
14.780975257308082	0.0
14.790975917157411	0.0
14.80097657700674	0.0
14.810977236856068	0.0
14.820977896705397	0.0
14.830978556554726	0.0
14.840979216404055	0.0
14.850979876253385	0.0
14.860980536102714	0.0
14.870981195952043	0.0
14.880981855801371	0.0
14.8909825156507	0.0
14.900983175500029	0.0
14.910983835349358	0.0
14.920984495198686	0.0
14.930985155048015	0.0
14.940985814897344	0.0
14.950986474746673	0.0
14.960987134596001	0.0
14.97098779444533	226.0
14.98098845429466	226.0
14.99098911414399	226.0
15.000989773993318	226.0
15.010990433842647	226.0
15.020991093691975	226.0
15.030991753541304	223.0
15.040992413390633	220.0
15.050993073239962	220.0
15.06099373308929	218.0
15.07099439293862	218.0
15.080995052787948	218.0
15.090995712637277	218.0
15.100996372486605	218.0
15.110997032335936	218.0
15.120997692185265	220.0
15.130998352034593	220.0
15.140999011883922	220.0
15.150999671733251	220.0
15.16100033158258	223.0
15.171000991431908	223.0
15.181001651281237	223.0
15.191002311130566	223.0
15.201002970979895	223.0
15.211003630829223	220.0
15.221004290678552	220.0
15.23100495052788	220.0
15.241005610377211	220.0
15.25100627022654	220.0
15.261006930075869	220.0
15.271007589925198	220.0
15.281008249774526	220.0
15.291008909623855	223.0
15.301009569473184	223.0
15.311010229322513	223.0
15.321010889171841	223.0
15.33101154902117	226.0
15.341012208870499	226.0
15.351012868719828	226.0
15.361013528569156	226.0
15.371014188418487	226.0
15.381014848267816	226.0
15.391015508117144	226.0
15.401016167966473	226.0
15.411016827815802	226.0
15.42101748766513	223.0
15.43101814751446	223.0
15.441018807363788	223.0
15.451019467213117	223.0
15.461020127062445	223.0
15.471020786911774	223.0
15.481021446761103	226.0
15.491022106610433	226.0
15.501022766459762	228.0
15.511023426309091	231.0
15.52102408615842	234.0
15.531024746007748	234.0
15.541025405857077	234.0
15.551026065706406	228.0
15.561026725555735	226.0
15.571027385405063	220.0
15.581028045254392	218.0
15.59102870510372	215.0
15.60102936495305	213.0
15.611030024802378	210.0
15.621030684651709	210.0
15.631031344501038	213.0
15.641032004350366	215.0
15.651032664199695	218.0
15.661033324049024	220.0
15.671033983898353	220.0
15.681034643747681	220.0
15.69103530359701	220.0
15.701035963446339	220.0
15.711036623295668	220.0
15.721037283144996	223.0
15.731037942994325	223.0
15.741038602843654	223.0
15.751039262692984	223.0
15.761039922542313	223.0
15.771040582391642	223.0
15.78104124224097	223.0
15.7910419020903	223.0
15.801042561939628	223.0
15.811043221788957	223.0
15.821043881638285	223.0
15.831044541487614	223.0
15.841045201336943	223.0
15.851045861186272	223.0
15.8610465210356	223.0
15.87104718088493	223.0
15.88104784073426	223.0
15.891048500583588	223.0
15.901049160432917	223.0
15.911049820282246	223.0
15.921050480131575	223.0
15.931051139980903	223.0
15.941051799830232	223.0
15.95105245967956	226.0
15.96105311952889	226.0
15.971053779378218	226.0
15.981054439227547	226.0
15.991055099076876	226.0
16.001055758926206	226.0
16.011056418775535	226.0
16.021057078624864	223.0
16.031057738474193	220.0
16.04105839832352	218.0
16.05105905817285	215.0
16.06105971802218	213.0
16.071060377871508	210.0
16.081061037720836	210.0
16.091061697570165	213.0
16.101062357419494	223.0
16.111063017268823	231.0
16.12106367711815	242.0
16.13106433696748	250.0
16.14106499681681	262.0
16.151065656666137	268.0
16.161066316515466	275.0
16.171066976364795	278.0
16.181067636214124	275.0
16.191068296063452	272.0
16.20106895591278	265.0
16.211069615762113	259.0
16.221070275611442	253.0
16.23107093546077	245.0
16.2410715953101	236.0
16.25107225515943	231.0
16.261072915008757	226.0
16.271073574858086	226.0
16.281074234707415	223.0
16.291074894556743	223.0
16.301075554406072	223.0
16.3110762142554	223.0
16.32107687410473	223.0
16.33107753395406	220.0
16.341078193803387	218.0
16.351078853652716	213.0
16.361079513502045	210.0
16.371080173351373	208.0
16.381080833200702	210.0
16.39108149305003	215.0
16.40108215289936	223.0
16.41108281274869	236.0
16.421083472598017	253.0
16.431084132447346	265.0
16.441084792296675	272.0
16.451085452146003	278.0
16.461086111995332	278.0
16.471086771844664	275.0
16.481087431693993	268.0
16.491088091543322	259.0
16.50108875139265	256.0
16.51108941124198	248.0
16.521090071091308	242.0
16.531090730940637	239.0
16.541091390789965	236.0
16.551092050639294	234.0
16.561092710488623	234.0
16.57109337033795	236.0
16.58109403018728	236.0
16.59109469003661	236.0
16.601095349885938	239.0
16.611096009735267	239.0
16.621096669584595	242.0
16.631097329433924	245.0
16.641097989283253	250.0
16.65109864913258	262.0
16.66109930898191	272.0
16.67109996883124	281.0
16.681100628680568	291.0
16.691101288529897	298.0
16.701101948379225	301.0
16.711102608228554	298.0
16.721103268077883	291.0
16.731103927927215	275.0
16.741104587776544	248.0
16.751105247625873	234.0
16.7611059074752	220.0
16.77110656732453	218.0
16.78110722717386	220.0
16.791107887023188	220.0
16.801108546872516	223.0
16.811109206721845	226.0
16.821109866571174	226.0
16.831110526420503	226.0
16.84111118626983	226.0
16.85111184611916	226.0
16.86111250596849	226.0
16.871113165817818	226.0
16.881113825667146	226.0
16.891114485516475	228.0
16.901115145365804	228.0
16.911115805215132	228.0
16.92111646506446	228.0
16.93111712491379	228.0
16.94111778476312	228.0
16.951118444612447	226.0
16.961119104461776	226.0
16.971119764311105	226.0
16.981120424160434	228.0
16.991121084009766	228.0
17.001121743859095	231.0
17.011122403708423	231.0
17.021123063557752	231.0
17.03112372340708	231.0
17.04112438325641	231.0
17.05112504310574	228.0
17.061125702955067	226.0
17.071126362804396	223.0
17.081127022653725	218.0
17.091127682503053	213.0
17.101128342352382	206.0
17.11112900220171	201.0
17.12112966205104	196.0
17.13113032190037	192.0
17.141130981749697	190.0
17.151131641599026	190.0
17.161132301448355	192.0
17.171132961297683	194.0
17.181133621147012	194.0
17.19113428099634	196.0
17.20113494084567	199.0
17.211135600695	201.0
17.221136260544327	201.0
17.231136920393656	203.0
17.241137580242988	203.0
17.251138240092317	203.0
17.261138899941646	206.0
17.271139559790974	206.0
17.281140219640303	206.0
17.29114087948963	206.0
17.30114153933896	206.0
17.31114219918829	206.0
17.321142859037618	206.0
17.331143518886947	206.0
17.341144178736275	206.0
17.351144838585604	203.0
17.361145498434933	203.0
17.37114615828426	203.0
17.38114681813359	201.0
17.39114747798292	201.0
17.401148137832248	201.0
17.411148797681577	201.0
17.421149457530905	201.0
17.431150117380234	201.0
17.441150777229563	201.0
17.45115143707889	201.0
17.46115209692822	201.0
17.47115275677755	201.0
17.481153416626878	201.0
17.491154076476207	201.0
17.50115473632554	201.0
17.511155396174868	201.0
17.521156056024196	201.0
17.531156715873525	203.0
17.541157375722854	203.0
17.551158035572183	203.0
17.56115869542151	203.0
17.57115935527084	203.0
17.58116001512017	201.0
17.591160674969498	201.0
17.601161334818826	201.0
17.611161994668155	199.0
17.621162654517484	199.0
17.631163314366813	199.0
17.64116397421614	199.0
17.65116463406547	199.0
17.6611652939148	199.0
17.671165953764127	201.0
17.681166613613456	201.0
17.691167273462785	203.0
17.701167933312114	203.0
17.711168593161442	203.0
17.72116925301077	203.0
17.7311699128601	203.0
17.74117057270943	199.0
17.751171232558757	196.0
17.76117189240809	190.0
17.77117255225742	187.0
17.781173212106747	183.0
17.791173871956076	183.0
17.801174531805405	181.0
17.811175191654733	181.0
17.821175851504062	183.0
17.83117651135339	185.0
17.84117717120272	187.0
17.85117783105205	192.0
17.861178490901377	196.0
17.871179150750706	199.0
17.881179810600035	201.0
17.891180470449363	203.0
17.901181130298692	203.0
17.91118179014802	203.0
17.92118244999735	203.0
17.93118310984668	203.0
17.941183769696007	203.0
17.951184429545336	203.0
17.961185089394665	203.0
17.971185749243993	203.0
17.981186409093322	203.0
17.99118706894265	203.0
18.00118772879198	203.0
18.011188388641308	203.0
18.02118904849064	203.0
18.03118970833997	203.0
18.041190368189298	203.0
18.051191028038627	203.0
18.061191687887955	203.0
18.071192347737284	203.0
18.081193007586613	203.0
18.09119366743594	206.0
18.10119432728527	206.0
18.1111949871346	206.0
18.121195646983928	206.0
18.131196306833257	206.0
18.141196966682585	203.0
18.151197626531914	203.0
18.161198286381243	201.0
18.17119894623057	201.0
18.1811996060799	196.0
18.19120026592923	194.0
18.201200925778558	192.0
18.211201585627887	190.0
18.221202245477215	192.0
18.231202905326544	194.0
18.241203565175873	199.0
18.2512042250252	201.0
18.26120488487453	206.0
18.27120554472386	208.0
18.28120620457319	213.0
18.29120686442252	218.0
18.30120752427185	223.0
18.311208184121178	228.0
18.321208843970506	231.0
18.331209503819835	231.0
18.341210163669164	231.0
18.351210823518493	231.0
18.36121148336782	231.0
18.37121214321715	228.0
18.38121280306648	228.0
18.391213462915807	228.0
18.401214122765136	228.0
18.411214782614465	231.0
18.421215442463794	231.0
18.431216102313122	231.0
18.44121676216245	231.0
18.45121742201178	231.0
18.46121808186111	231.0
18.471218741710437	231.0
18.481219401559766	231.0
18.491220061409095	228.0
18.501220721258424	228.0
18.511221381107752	223.0
18.52122204095708	220.0
18.53122270080641	210.0
18.541223360655742	203.0
18.55122402050507	196.0
18.5612246803544	194.0
18.57122534020373	192.0
18.581226000053057	192.0
18.591226659902386	194.0
18.601227319751715	196.0
18.611227979601043	201.0
18.621228639450372	203.0
18.6312292992997	206.0
18.64122995914903	206.0
18.65123061899836	206.0
18.661231278847687	206.0
18.671231938697016	206.0
18.681232598546345	206.0
18.691233258395673	206.0
18.701233918245002	206.0
18.71123457809433	206.0
18.72123523794366	206.0
18.73123589779299	206.0
18.741236557642317	206.0
18.751237217491646	206.0
18.761237877340974	206.0
18.771238537190303	206.0
18.781239197039632	206.0
18.79123985688896	206.0
18.801240516738293	206.0
18.81124117658762	206.0
18.82124183643695	206.0
18.83124249628628	206.0
18.841243156135608	206.0
18.851243815984937	206.0
18.861244475834265	206.0
18.871245135683594	203.0
18.881245795532923	203.0
18.89124645538225	203.0
18.90124711523158	203.0
18.91124777508091	203.0
18.921248434930238	203.0
18.931249094779567	203.0
18.941249754628895	203.0
18.951250414478224	203.0
18.961251074327553	203.0
18.97125173417688	203.0
18.98125239402621	203.0
18.99125305387554	203.0
19.001253713724868	203.0
19.011254373574197	203.0
19.021255033423525	203.0
19.031255693272854	203.0
19.041256353122183	203.0
19.05125701297151	203.0
19.061257672820844	203.0
19.071258332670173	203.0
19.0812589925195	201.0
19.09125965236883	201.0
19.10126031221816	196.0
19.111260972067488	194.0
19.121261631916816	192.0
19.131262291766145	187.0
19.141262951615474	183.0
19.151263611464802	181.0
19.16126427131413	177.0
19.17126493116346	173.0
19.18126559101279	171.0
19.191266250862117	169.0
19.201266910711446	169.0
19.211267570560775	169.0
19.221268230410104	167.0
19.231268890259432	165.0
19.24126955010876	165.0
19.25127020995809	161.0
19.26127086980742	161.0
19.271271529656747	161.0
19.281272189506076	163.0
19.291272849355405	167.0
19.301273509204734	175.0
19.311274169054062	187.0
19.321274828903395	194.0
19.331275488752723	199.0
19.341276148602052	201.0
19.35127680845138	203.0
19.36127746830071	206.0
19.37127812815004	206.0
19.381278787999367	206.0
19.391279447848696	203.0
19.401280107698025	201.0
19.411280767547353	196.0
19.421281427396682	192.0
19.43128208724601	187.0
19.44128274709534	185.0
19.45128340694467	183.0
19.461284066793997	181.0
19.471284726643326	179.0
19.481285386492655	179.0
19.491286046341983	177.0
19.501286706191312	175.0
19.51128736604064	173.0
19.52128802588997	171.0
19.531288685739298	169.0
19.541289345588627	169.0
19.551290005437956	169.0
19.561290665287284	169.0
19.571291325136613	167.0
19.581291984985945	167.0
19.591292644835274	167.0
19.601293304684603	167.0
19.61129396453393	167.0
19.62129462438326	169.0
19.63129528423259	169.0
19.641295944081918	171.0
19.651296603931247	173.0
19.661297263780575	175.0
19.671297923629904	179.0
19.681298583479233	181.0
19.69129924332856	181.0
19.70129990317789	183.0
19.71130056302722	183.0
19.721301222876548	183.0
19.731301882725877	183.0
19.741302542575205	181.0
19.751303202424534	179.0
19.761303862273863	177.0
19.77130452212319	173.0
19.78130518197252	171.0
19.79130584182185	167.0
19.801306501671178	163.0
19.811307161520507	158.0
19.821307821369835	156.0
19.831308481219164	154.0
19.841309141068496	150.0
19.851309800917825	147.0
19.861310460767154	0.0
19.871311120616483	0.0
19.88131178046581	0.0
19.89131244031514	0.0
19.90131310016447	129.0
19.911313760013797	0.0
19.921314419863126	0.0
19.931315079712455	0.0
19.941315739561784	0.0
19.951316399411112	0.0
19.96131705926044	0.0
19.97131771910977	0.0
19.9813183789591	0.0
19.991319038808427	0.0
20.001319698657756	0.0
20.011320358507085	0.0
20.021321018356414	0.0
20.031321678205742	0.0
20.04132233805507	0.0
20.0513229979044	165.0
20.06132365775373	167.0
20.071324317603057	169.0
20.081324977452386	171.0
20.091325637301715	171.0
20.101326297151047	171.0
20.111326957000376	171.0
20.121327616849705	169.0
20.131328276699033	169.0
20.141328936548362	167.0
20.15132959639769	167.0
20.16133025624702	167.0
20.17133091609635	167.0
20.181331575945677	167.0
20.191332235795006	167.0
20.201332895644335	167.0
20.211333555493663	167.0
20.221334215342992	169.0
20.23133487519232	169.0
20.24133553504165	169.0
20.25133619489098	169.0
20.261336854740307	169.0
20.271337514589636	167.0
20.281338174438964	165.0
20.291338834288293	163.0
20.301339494137622	163.0
20.31134015398695	163.0
20.32134081383628	163.0
20.331341473685608	165.0
20.341342133534937	165.0
20.351342793384266	167.0
20.361343453233598	169.0
20.371344113082927	171.0
20.381344772932255	173.0
20.391345432781584	173.0
20.401346092630913	173.0
20.41134675248024	171.0
20.42134741232957	0.0
20.4313480721789	0.0
20.441348732028228	0.0
20.451349391877557	0.0
20.461350051726885	0.0
20.471350711576214	0.0
20.481351371425543	0.0
20.49135203127487	0.0
20.5013526911242	0.0
20.51135335097353	0.0
20.521354010822858	0.0
20.531354670672187	0.0
20.541355330521515	0.0
20.551355990370844	0.0
20.561356650220173	0.0
20.5713573100695	0.0
20.58135796991883	0.0
20.59135862976816	0.0
20.601359289617488	0.0
20.61135994946682	0.0
20.62136060931615	0.0
20.631361269165478	0.0
20.641361929014806	0.0
20.651362588864135	0.0
20.661363248713464	0.0
20.671363908562792	0.0
20.68136456841212	0.0
20.69136522826145	0.0
20.70136588811078	0.0
20.711366547960107	0.0
20.721367207809436	0.0
20.731367867658765	0.0
20.741368527508094	0.0
20.751369187357422	0.0
20.76136984720675	0.0
20.77137050705608	0.0
20.78137116690541	185.0
20.791371826754737	183.0
20.801372486604066	179.0
20.811373146453395	177.0
20.821373806302724	173.0
20.831374466152052	171.0
20.84137512600138	169.0
20.85137578585071	169.0
20.86137644570004	171.0
20.87137710554937	171.0
20.8813777653987	173.0
20.89137842524803	175.0
20.901379085097357	175.0
20.911379744946686	175.0
20.921380404796015	177.0
20.931381064645343	177.0
20.941381724494672	177.0
20.951382384344	177.0
20.96138304419333	177.0
20.97138370404266	175.0
20.981384363891987	175.0
20.991385023741316	173.0
21.001385683590645	171.0
21.011386343439973	165.0
21.021387003289302	161.0
21.03138766313863	158.0
21.04138832298796	152.0
21.051388982837288	150.0
21.061389642686617	0.0
21.071390302535946	0.0
21.081390962385274	0.0
21.091391622234603	0.0
21.101392282083932	0.0
21.11139294193326	0.0
21.12139360178259	0.0
21.13139426163192	0.0
21.14139492148125	0.0
21.15139558133058	0.0
21.161396241179908	152.0
21.171396901029237	158.0
21.181397560878565	163.0
21.191398220727894	167.0
21.201398880577223	171.0
21.21139954042655	173.0
21.22140020027588	173.0
21.23140086012521	173.0
21.241401519974538	173.0
21.251402179823867	173.0
21.261402839673195	173.0
21.271403499522524	173.0
21.281404159371853	171.0
21.29140481922118	171.0
21.30140547907051	171.0
21.31140613891984	171.0
21.321406798769168	171.0
21.331407458618497	171.0
21.341408118467825	171.0
21.351408778317154	171.0
21.361409438166483	171.0
21.37141009801581	171.0
21.38141075786514	169.0
21.391411417714473	169.0
21.4014120775638	169.0
21.41141273741313	167.0
21.42141339726246	167.0
21.431414057111787	165.0
21.441414716961116	163.0
21.451415376810445	161.0
21.461416036659774	159.0
21.471416696509102	158.0
21.48141735635843	156.0
21.49141801620776	158.0
21.50141867605709	163.0
21.511419335906417	175.0
21.521419995755746	183.0
21.531420655605075	187.0
21.541421315454404	190.0
21.551421975303732	194.0
21.56142263515306	199.0
21.57142329500239	201.0
21.58142395485172	201.0
21.591424614701047	203.0
21.601425274550376	203.0
21.611425934399705	201.0
21.621426594249034	201.0
21.631427254098362	201.0
21.64142791394769	199.0
21.651428573797023	199.0
21.661429233646352	199.0
21.67142989349568	196.0
21.68143055334501	196.0
21.69143121319434	196.0
21.701431873043667	199.0
21.711432532892996	199.0
21.721433192742325	199.0
21.731433852591653	199.0
21.741434512440982	201.0
21.75143517229031	201.0
21.76143583213964	201.0
21.77143649198897	201.0
21.781437151838297	201.0
21.791437811687626	203.0
21.801438471536954	203.0
21.811439131386283	203.0
21.821439791235612	203.0
21.83144045108494	203.0
21.84144111093427	201.0
21.851441770783598	201.0
21.861442430632927	201.0
21.871443090482256	201.0
21.881443750331584	201.0
21.891444410180913	201.0
21.901445070030242	201.0
21.911445729879574	201.0
21.921446389728903	201.0
21.93144704957823	201.0
21.94144770942756	203.0
21.95144836927689	203.0
21.961449029126218	203.0
21.971449688975547	203.0
21.981450348824875	203.0
21.991451008674204	203.0
22.001451668523533	203.0
22.01145232837286	203.0
22.02145298822219	203.0
22.03145364807152	203.0
22.041454307920848	203.0
22.051454967770177	203.0
22.061455627619505	201.0
22.071456287468834	201.0
22.081456947318163	201.0
22.09145760716749	201.0
22.10145826701682	199.0
22.11145892686615	199.0
22.121459586715478	199.0
22.131460246564806	196.0
22.141460906414135	196.0
22.151461566263464	194.0
22.161462226112793	192.0
22.171462885962125	190.0
22.181463545811454	190.0
22.191464205660782	187.0
22.20146486551011	185.0
22.21146552535944	183.0
22.22146618520877	181.0
22.231466845058097	179.0
22.241467504907426	177.0
22.251468164756755	175.0
22.261468824606084	173.0
22.271469484455412	171.0
22.28147014430474	169.0
22.29147080415407	167.0
22.3014714640034	167.0
22.311472123852727	167.0
22.321472783702056	167.0
22.331473443551385	167.0
22.341474103400714	169.0
22.351474763250042	169.0
22.36147542309937	171.0
22.3714760829487	173.0
22.38147674279803	173.0
22.391477402647357	175.0
22.401478062496686	175.0
22.411478722346015	175.0
22.421479382195344	177.0
22.431480042044676	177.0
22.441480701894005	177.0
22.451481361743333	175.0
22.461482021592662	175.0
22.47148268144199	173.0
22.48148334129132	171.0
22.49148400114065	169.0
22.501484660989977	167.0
22.511485320839306	167.0
22.521485980688634	165.0
22.531486640537963	165.0
22.541487300387292	165.0
22.55148796023662	169.0
22.56148862008595	171.0
22.571489279935278	177.0
22.581489939784607	181.0
22.591490599633936	185.0
22.601491259483264	190.0
22.611491919332593	192.0
22.621492579181922	196.0
22.63149323903125	201.0
22.64149389888058	203.0
22.651494558729908	203.0
22.661495218579237	203.0
22.671495878428566	203.0
22.681496538277894	201.0
22.691497198127227	201.0
22.701497857976555	201.0
22.711498517825884	201.0
22.721499177675213	201.0
22.73149983752454	201.0
22.74150049737387	201.0
22.7515011572232	201.0
22.761501817072528	201.0
22.771502476921857	203.0
22.781503136771185	203.0
22.791503796620514	203.0
22.801504456469843	201.0
22.81150511631917	199.0
22.8215057761685	196.0
22.83150643601783	190.0
22.841507095867158	185.0
22.851507755716487	185.0
22.861508415565815	185.0
22.871509075415144	187.0
22.881509735264473	192.0
22.8915103951138	196.0
22.90151105496313	199.0
22.91151171481246	201.0
22.921512374661788	201.0
22.931513034511116	203.0
22.941513694360445	203.0
22.951514354209777	203.0
22.961515014059106	203.0
22.971515673908435	203.0
22.981516333757764	203.0
22.991516993607092	203.0
23.00151765345642	203.0
23.01151831330575	203.0
23.02151897315508	206.0
23.031519633004407	206.0
23.041520292853736	206.0
23.051520952703065	206.0
23.061521612552394	203.0
23.071522272401722	203.0
23.08152293225105	203.0
23.09152359210038	201.0
23.10152425194971	196.0
23.111524911799037	194.0
23.121525571648366	190.0
23.131526231497695	185.0
23.141526891347024	183.0
23.151527551196352	181.0
23.16152821104568	177.0
23.17152887089501	175.0
23.18152953074434	171.0
23.191530190593667	167.0
23.201530850442996	163.0
23.21153151029233	159.0
23.221532170141657	158.0
23.231532829990986	158.0
23.241533489840315	159.0
23.251534149689643	163.0
23.261534809538972	169.0
23.2715354693883	173.0
23.28153612923763	177.0
23.29153678908696	179.0
23.301537448936287	183.0
23.311538108785616	185.0
23.321538768634944	190.0
23.331539428484273	194.0
23.341540088333602	196.0
23.35154074818293	201.0
23.36154140803226	201.0
23.371542067881588	201.0
23.381542727730917	201.0
23.391543387580246	201.0
23.401544047429574	201.0
23.411544707278903	201.0
23.421545367128232	201.0
23.43154602697756	201.0
23.44154668682689	201.0
23.451547346676218	201.0
23.461548006525547	201.0
23.47154866637488	203.0
23.481549326224208	203.0
23.491549986073537	203.0
23.501550645922865	203.0
23.511551305772194	201.0
23.521551965621523	201.0
23.53155262547085	199.0
23.54155328532018	196.0
23.55155394516951	194.0
23.561554605018838	192.0
23.571555264868167	192.0
23.581555924717495	192.0
23.591556584566824	194.0
23.601557244416153	199.0
23.61155790426548	201.0
23.62155856411481	206.0
23.63155922396414	208.0
23.641559883813468	213.0
23.651560543662796	215.0
23.661561203512125	220.0
23.671561863361454	226.0
23.681562523210783	228.0
23.69156318306011	228.0
23.70156384290944	226.0
23.71156450275877	226.0
23.721565162608098	226.0
23.73156582245743	226.0
23.74156648230676	226.0
23.751567142156087	226.0
23.761567802005416	226.0
23.771568461854745	226.0
23.781569121704074	226.0
23.791569781553402	226.0
23.80157044140273	226.0
23.81157110125206	226.0
23.82157176110139	223.0
23.831572420950717	223.0
23.841573080800046	223.0
23.851573740649375	223.0
23.861574400498704	223.0
23.871575060348032	223.0
23.88157572019736	223.0
23.89157638004669	223.0
23.90157703989602	223.0
23.911577699745347	223.0
23.921578359594676	223.0
23.931579019444005	223.0
23.941579679293334	226.0
23.951580339142662	226.0
23.96158099899199	228.0
23.97158165884132	228.0
23.981582318690652	231.0
23.99158297853998	231.0
24.00158363838931	234.0
24.01158429823864	234.0
24.021584958087967	234.0
24.031585617937296	234.0
24.041586277786624	234.0
24.051586937635953	234.0
24.061587597485282	231.0
24.07158825733461	231.0
24.08158891718394	231.0
24.091589577033268	228.0
24.101590236882597	231.0
24.111590896731926	234.0
24.121591556581254	236.0
24.131592216430583	242.0
24.141592876279912	245.0
24.15159353612924	250.0
24.16159419597857	256.0
24.171594855827898	259.0
24.181595515677227	262.0
24.191596175526556	265.0
24.201596835375884	265.0
24.211597495225213	265.0
24.221598155074542	265.0
24.23159881492387	262.0
24.241599474773203	259.0
24.25160013462253	256.0
24.26160079447186	253.0
24.27160145432119	248.0
24.281602114170518	242.0
24.291602774019847	239.0
24.301603433869175	234.0
24.311604093718504	231.0
24.321604753567833	228.0
24.33160541341716	226.0
24.34160607326649	226.0
24.35160673311582	226.0
24.361607392965148	226.0
24.371608052814477	228.0
24.381608712663805	231.0
24.391609372513134	236.0
24.401610032362463	242.0
24.41161069221179	248.0
24.42161135206112	253.0
24.43161201191045	259.0
24.441612671759778	265.0
24.451613331609106	268.0
24.461613991458435	272.0
24.471614651307764	272.0
24.481615311157093	272.0
24.49161597100642	268.0
24.501616630855754	265.0
24.511617290705082	265.0
24.52161795055441	262.0
24.53161861040374	256.0
24.54161927025307	253.0
24.551619930102397	245.0
24.561620589951726	239.0
24.571621249801055	234.0
24.581621909650384	228.0
24.591622569499712	226.0
24.60162322934904	223.0
24.61162388919837	220.0
24.6216245490477	220.0
24.631625208897027	223.0
24.641625868746356	226.0
24.651626528595685	228.0
24.661627188445014	231.0
24.671627848294342	234.0
24.68162850814367	236.0
24.691629167993	242.0
24.70162982784233	248.0
24.711630487691657	253.0
24.721631147540986	259.0
24.731631807390315	262.0
24.741632467239643	268.0
24.751633127088972	268.0
24.761633786938305	268.0
24.771634446787633	272.0
24.781635106636962	272.0
24.79163576648629	272.0
24.80163642633562	272.0
24.81163708618495	272.0
24.821637746034277	272.0
24.831638405883606	272.0
24.841639065732934	272.0
24.851639725582263	272.0
24.861640385431592	272.0
24.87164104528092	272.0
24.88164170513025	272.0
24.891642364979578	272.0
24.901643024828907	272.0
24.911643684678236	272.0
24.921644344527564	272.0
24.931645004376893	272.0
24.941645664226222	268.0
24.95164632407555	268.0
24.96164698392488	268.0
24.971647643774208	268.0
24.981648303623537	268.0
24.991648963472866	268.0
25.001649623322194	268.0
25.011650283171523	268.0
25.021650943020855	272.0
25.031651602870184	272.0
25.041652262719513	272.0
25.05165292256884	272.0
25.06165358241817	275.0
25.0716542422675	275.0
25.081654902116828	275.0
25.091655561966157	275.0
25.101656221815485	275.0
25.111656881664814	275.0
25.121657541514143	275.0
25.13165820136347	275.0
25.1416588612128	275.0
25.15165952106213	275.0
25.161660180911458	275.0
25.171660840760786	275.0
25.181661500610115	275.0
25.191662160459444	275.0
25.201662820308773	278.0
25.2116634801581	278.0
25.22166414000743	275.0
25.23166479985676	275.0
25.241665459706088	275.0
25.251666119555416	272.0
25.261666779404745	268.0
25.271667439254074	268.0
25.281668099103406	265.0
25.291668758952735	262.0
25.301669418802064	259.0
25.311670078651392	253.0
25.32167073850072	248.0
25.33167139835005	239.0
25.34167205819938	234.0
25.351672718048707	228.0
25.361673377898036	226.0
25.371674037747365	226.0
25.381674697596694	228.0
25.391675357446022	234.0
25.40167601729535	239.0
25.41167667714468	245.0
25.42167733699401	253.0
25.431677996843337	262.0
25.441678656692666	268.0
25.451679316541995	275.0
25.461679976391324	278.0
25.471680636240652	281.0
25.48168129608998	284.0
25.49168195593931	281.0
25.50168261578864	278.0
25.511683275637967	268.0
25.521683935487296	262.0
25.531684595336625	259.0
25.541685255185957	256.0
25.551685915035286	250.0
25.561686574884614	248.0
25.571687234733943	245.0
25.581687894583272	242.0
25.5916885544326	242.0
25.60168921428193	239.0
25.611689874131258	239.0
25.621690533980587	239.0
25.631691193829916	239.0
25.641691853679244	242.0
25.651692513528573	248.0
25.661693173377902	253.0
25.67169383322723	265.0
25.68169449307656	275.0
25.691695152925888	284.0
25.701695812775217	291.0
25.711696472624546	291.0
25.721697132473874	291.0
25.731697792323203	284.0
25.741698452172532	278.0
25.75169911202186	259.0
25.76169977187119	250.0
25.771700431720518	239.0
25.781701091569847	234.0
25.791701751419176	228.0
25.801702411268508	228.0
25.811703071117837	228.0
25.821703730967165	228.0
25.831704390816494	228.0
25.841705050665823	228.0
25.85170571051515	228.0
25.86170637036448	228.0
25.87170703021381	228.0
25.881707690063138	228.0
25.891708349912467	228.0
25.901709009761795	228.0
25.911709669611124	228.0
25.921710329460453	228.0
25.93171098930978	228.0
25.94171164915911	231.0
25.95171230900844	231.0
25.961712968857768	234.0
25.971713628707096	234.0
25.981714288556425	236.0
25.991714948405754	236.0
26.001715608255083	234.0
26.01171626810441	231.0
26.02171692795374	223.0
26.03171758780307	218.0
26.041718247652398	208.0
26.051718907501726	201.0
26.06171956735106	196.0
26.071720227200387	192.0
26.081720887049716	190.0
26.091721546899045	192.0
26.101722206748374	194.0
26.111722866597702	201.0
26.12172352644703	206.0
26.13172418629636	208.0
26.14172484614569	206.0
26.151725505995017	206.0
26.161726165844346	203.0
26.171726825693675	196.0
26.181727485543004	0.0
26.191728145392332	0.0
26.20172880524166	0.0
26.21172946509099	0.0
26.22173012494032	0.0
26.231730784789647	0.0
26.241731444638976	0.0
26.251732104488305	0.0
26.261732764337633	0.0
26.271733424186962	0.0
26.28173408403629	0.0
26.29173474388562	0.0
26.30173540373495	0.0
26.311736063584277	0.0
26.32173672343361	0.0
26.33173738328294	0.0
26.341738043132267	0.0
26.351738702981596	0.0
26.361739362830924	0.0
26.371740022680253	0.0
26.381740682529582	0.0
26.39174134237891	0.0
26.40174200222824	0.0
26.411742662077568	0.0
26.421743321926897	0.0
26.431743981776226	0.0
26.441744641625554	0.0
26.451745301474883	0.0
26.461745961324212	0.0
26.47174662117354	0.0
26.48174728102287	0.0
26.491747940872198	0.0
26.501748600721527	0.0
26.511749260570856	0.0
26.521749920420184	0.0
26.531750580269513	0.0
26.541751240118842	0.0
26.55175189996817	0.0
26.5617525598175	0.0
26.571753219666828	228.0
26.58175387951616	231.0
26.59175453936549	231.0
26.601755199214818	231.0
26.611755859064147	231.0
26.621756518913475	231.0
26.631757178762804	231.0
26.641757838612133	231.0
26.65175849846146	231.0
26.66175915831079	234.0
26.67175981816012	234.0
26.681760478009448	234.0
26.691761137858776	234.0
26.701761797708105	234.0
26.711762457557434	236.0
26.721763117406763	236.0
26.73176377725609	236.0
26.74176443710542	236.0
26.75176509695475	236.0
26.761765756804078	236.0
26.771766416653406	236.0
26.781767076502735	236.0
26.791767736352064	236.0
26.801768396201393	236.0
26.81176905605072	236.0
26.82176971590005	236.0
26.83177037574938	236.0
26.84177103559871	236.0
26.85177169544804	236.0
26.86177235529737	236.0
26.871773015146697	236.0
26.881773674996026	234.0
26.891774334845355	234.0
26.901774994694684	234.0
26.911775654544012	234.0
26.92177631439334	234.0
26.93177697424267	234.0
26.941777634092	231.0
26.951778293941327	231.0
26.961778953790656	231.0
26.971779613639985	231.0
26.981780273489314	231.0
26.991780933338642	231.0
27.00178159318797	231.0
27.0117822530373	231.0
27.02178291288663	231.0
27.031783572735957	231.0
27.041784232585286	231.0
27.051784892434615	231.0
27.061785552283943	231.0
27.071786212133272	228.0
27.0817868719826	228.0
27.09178753183193	226.0
27.101788191681262	220.0
27.11178885153059	218.0
27.12178951137992	213.0
27.131790171229248	210.0
27.141790831078577	210.0
27.151791490927906	213.0
27.161792150777234	223.0
27.171792810626563	236.0
27.181793470475892	245.0
27.19179413032522	253.0
27.20179479017455	259.0
27.211795450023878	268.0
27.221796109873207	275.0
27.231796769722536	278.0
27.241797429571864	281.0
27.251798089421193	281.0
27.261798749270522	278.0
27.27179940911985	275.0
27.28180006896918	268.0
27.291800728818508	262.0
27.301801388667837	256.0
27.311802048517166	250.0
27.321802708366494	245.0
27.331803368215823	234.0
27.34180402806515	226.0
27.351804687914484	223.0
27.361805347763813	218.0
27.37180600761314	218.0
27.38180666746247	215.0
27.3918073273118	215.0
27.401807987161128	218.0
27.411808647010456	223.0
27.421809306859785	228.0
27.431809966709114	236.0
27.441810626558443	245.0
27.45181128640777	250.0
27.4618119462571	256.0
27.47181260610643	262.0
27.481813265955758	265.0
27.491813925805086	268.0
27.501814585654415	272.0
27.511815245503744	272.0
27.521815905353073	272.0
27.5318165652024	272.0
27.54181722505173	268.0
27.55181788490106	268.0
27.561818544750388	268.0
27.571819204599716	268.0
27.581819864449045	268.0
27.591820524298374	268.0
27.601821184147703	268.0
27.611821843997035	268.0
27.621822503846364	268.0
27.631823163695692	268.0
27.64182382354502	268.0
27.65182448339435	268.0
27.66182514324368	268.0
27.671825803093007	268.0
27.681826462942336	272.0
27.691827122791665	272.0
27.701827782640994	272.0
27.711828442490322	272.0
27.72182910233965	272.0
27.73182976218898	272.0
27.74183042203831	272.0
27.751831081887637	272.0
27.761831741736966	272.0
27.771832401586295	272.0
27.781833061435623	272.0
27.791833721284952	272.0
27.80183438113428	272.0
27.81183504098361	272.0
27.82183570083294	272.0
27.831836360682267	272.0
27.841837020531596	272.0
27.851837680380925	272.0
27.861838340230253	272.0
27.871839000079586	272.0
27.881839659928914	272.0
27.891840319778243	272.0
27.901840979627572	272.0
27.9118416394769	268.0
27.92184229932623	268.0
27.931842959175558	268.0
27.941843619024887	268.0
27.951844278874216	268.0
27.961844938723544	268.0
27.971845598572873	268.0
27.981846258422202	268.0
27.99184691827153	268.0
28.00184757812086	272.0
28.011848237970188	272.0
28.021848897819517	272.0
28.031849557668846	272.0
28.041850217518174	272.0
28.051850877367503	272.0
28.061851537216832	272.0
28.07185219706616	268.0
28.08185285691549	268.0
28.091853516764818	268.0
28.101854176614147	265.0
28.111854836463475	262.0
28.121855496312804	259.0
28.131856156162137	256.0
28.141856816011465	250.0
28.151857475860794	248.0
28.161858135710123	242.0
28.17185879555945	236.0
28.18185945540878	231.0
28.19186011525811	226.0
28.201860775107438	220.0
28.211861434956766	218.0
28.221862094806095	218.0
28.231862754655424	218.0
28.241863414504753	218.0
28.25186407435408	220.0
28.26186473420341	226.0
28.27186539405274	228.0
28.281866053902068	234.0
28.291866713751396	239.0
28.301867373600725	248.0
28.311868033450054	256.0
28.321868693299383	262.0
28.33186935314871	268.0
28.34187001299804	272.0
28.35187067284737	275.0
28.361871332696698	278.0
28.371871992546026	278.0
28.381872652395355	278.0
28.391873312244687	275.0
28.401873972094016	272.0
28.411874631943345	265.0
28.421875291792674	262.0
28.431875951642002	259.0
28.44187661149133	253.0
28.45187727134066	248.0
28.46187793118999	242.0
28.471878591039317	239.0
28.481879250888646	234.0
28.491879910737975	231.0
28.501880570587304	228.0
28.511881230436632	228.0
28.52188189028596	228.0
28.53188255013529	228.0
28.54188320998462	228.0
28.551883869833947	231.0
28.561884529683276	234.0
28.571885189532605	239.0
28.581885849381933	245.0
28.591886509231262	250.0
28.60188716908059	256.0
28.61188782892992	259.0
28.62188848877925	265.0
28.631889148628577	272.0
28.641889808477906	275.0
28.651890468327238	275.0
28.661891128176567	275.0
28.671891788025896	275.0
28.681892447875224	272.0
28.691893107724553	272.0
28.701893767573882	272.0
28.71189442742321	272.0
28.72189508727254	272.0
28.731895747121868	272.0
28.741896406971197	272.0
28.751897066820526	272.0
28.761897726669854	272.0
28.771898386519183	272.0
28.781899046368512	268.0
28.79189970621784	268.0
28.80190036606717	265.0
28.811901025916498	262.0
28.821901685765827	259.0
28.831902345615156	256.0
28.841903005464484	253.0
28.851903665313813	250.0
28.86190432516314	248.0
28.87190498501247	242.0
28.8819056448618	239.0
28.891906304711128	236.0
28.901906964560457	234.0
28.91190762440979	231.0
28.921908284259118	228.0
28.931908944108446	228.0
28.941909603957775	228.0
28.951910263807104	228.0
28.961910923656433	228.0
28.97191158350576	228.0
28.98191224335509	228.0
28.99191290320442	228.0
29.001913563053748	228.0
29.011914222903076	228.0
29.021914882752405	228.0
29.031915542601734	228.0
29.041916202451063	228.0
29.05191686230039	228.0
29.06191752214972	231.0
29.07191818199905	234.0
29.081918841848378	239.0
29.091919501697706	242.0
29.101920161547035	245.0
29.111920821396364	248.0
29.121921481245693	248.0
29.13192214109502	248.0
29.14192280094435	245.0
29.15192346079368	242.0
29.161924120643008	239.0
29.17192478049234	236.0
29.18192544034167	234.0
29.191926100190997	231.0
29.201926760040326	231.0
29.211927419889655	231.0
29.221928079738984	231.0
29.231928739588312	228.0
29.24192939943764	228.0
29.25193005928697	228.0
29.2619307191363	228.0
29.271931378985627	228.0
29.281932038834956	228.0
29.291932698684285	228.0
29.301933358533613	228.0
29.311934018382942	228.0
29.32193467823227	228.0
29.3319353380816	228.0
29.34193599793093	226.0
29.351936657780257	228.0
29.361937317629586	228.0
29.371937977478915	231.0
29.381938637328243	234.0
29.391939297177572	236.0
29.4019399570269	242.0
29.41194061687623	245.0
29.42194127672556	248.0
29.43194193657489	248.0
29.44194259642422	248.0
29.451943256273548	248.0
29.461943916122877	248.0
29.471944575972206	248.0
29.481945235821534	248.0
29.491945895670863	245.0
29.501946555520192	242.0
29.51194721536952	242.0
29.52194787521885	239.0
29.531948535068178	236.0
29.541949194917507	234.0
29.551949854766836	234.0
29.561950514616164	231.0
29.571951174465493	228.0
29.581951834314822	223.0
29.59195249416415	220.0
29.60195315401348	218.0
29.611953813862808	213.0
29.621954473712137	210.0
29.631955133561465	208.0
29.641955793410794	208.0
29.651956453260123	206.0
29.66195711310945	206.0
29.67195777295878	203.0
29.68195843280811	203.0
29.69195909265744	203.0
29.70195975250677	203.0
29.7119604123561	206.0
29.721961072205428	206.0
29.731961732054756	206.0
29.741962391904085	206.0
29.751963051753414	206.0
29.761963711602743	206.0
29.77196437145207	206.0
29.7819650313014	206.0
29.79196569115073	203.0
29.801966351000058	203.0
29.811967010849386	203.0
29.821967670698715	201.0
29.831968330548044	201.0
29.841968990397373	201.0
29.8519696502467	201.0
29.86197031009603	201.0
29.87197096994536	203.0
29.881971629794688	203.0
29.891972289644016	206.0
29.901972949493345	208.0
29.911973609342674	213.0
29.921974269192003	218.0
29.93197492904133	226.0
29.94197558889066	231.0
29.951976248739992	234.0
29.96197690858932	234.0
29.97197756843865	234.0
29.98197822828798	234.0
29.991978888137307	234.0
30.001979547986636	234.0
30.011980207835965	231.0
30.021980867685294	231.0
30.031981527534622	228.0
30.04198218738395	228.0
30.05198284723328	228.0
30.06198350708261	226.0
30.071984166931937	226.0
30.081984826781266	226.0
30.091985486630595	226.0
30.101986146479923	226.0
30.111986806329252	226.0
30.12198746617858	226.0
30.13198812602791	228.0
30.14198878587724	228.0
30.151989445726567	231.0
30.161990105575896	231.0
30.171990765425225	234.0
30.181991425274553	234.0
30.191992085123882	231.0
30.20199274497321	228.0
30.211993404822543	226.0
30.221994064671872	226.0
30.2319947245212	223.0
30.24199538437053	223.0
30.251996044219858	223.0
30.261996704069187	226.0
30.271997363918516	228.0
30.281998023767844	228.0
30.291998683617173	231.0
30.301999343466502	231.0
30.31200000331583	228.0
30.32200066316516	226.0
30.332001323014488	220.0
30.342001982863817	215.0
30.352002642713146	210.0
30.362003302562474	208.0
30.372003962411803	208.0
30.38200462226113	208.0
30.39200528211046	208.0
30.40200594195979	213.0
30.412006601809118	218.0
30.422007261658447	226.0
30.432007921507775	228.0
30.442008581357104	228.0
30.452009241206433	228.0
30.46200990105576	228.0
30.472010560905094	228.0
30.482011220754423	228.0
30.49201188060375	228.0
30.50201254045308	228.0
30.51201320030241	228.0
30.522013860151738	226.0
30.532014520001066	226.0
30.542015179850395	220.0
30.552015839699724	218.0
30.562016499549053	213.0
30.57201715939838	208.0
30.58201781924771	206.0
30.59201847909704	206.0
30.602019138946368	203.0
30.612019798795696	201.0
30.622020458645025	196.0
30.632021118494354	194.0
30.642021778343683	190.0
30.65202243819301	185.0
30.66202309804234	181.0
30.67202375789167	179.0
30.682024417740998	175.0
30.692025077590326	171.0
30.702025737439655	169.0
30.712026397288984	167.0
30.722027057138313	165.0
30.732027716987645	165.0
30.742028376836974	165.0
30.752029036686302	163.0
30.76202969653563	163.0
30.77203035638496	165.0
30.78203101623429	167.0
30.792031676083617	169.0
30.802032335932946	171.0
30.812032995782275	175.0
30.822033655631603	177.0
30.832034315480932	183.0
30.84203497533026	187.0
30.85203563517959	194.0
30.86203629502892	201.0
30.872036954878247	206.0
30.882037614727576	208.0
30.892038274576905	210.0
30.902038934426233	210.0
30.912039594275562	210.0
30.92204025412489	208.0
30.93204091397422	208.0
30.94204157382355	206.0
30.952042233672877	206.0
30.962042893522206	206.0
30.972043553371535	203.0
30.982044213220867	203.0
30.992044873070196	203.0
31.002045532919524	203.0
31.012046192768853	201.0
31.022046852618182	201.0
31.03204751246751	201.0
31.04204817231684	201.0
31.052048832166168	199.0
31.062049492015497	199.0
31.072050151864826	194.0
31.082050811714154	194.0
31.092051471563483	192.0
31.10205213141281	192.0
31.11205279126214	194.0
31.12205345111147	196.0
31.132054110960798	201.0
31.142054770810127	206.0
31.152055430659455	210.0
31.162056090508784	215.0
31.172056750358113	220.0
31.18205741020744	226.0
31.19205807005677	228.0
31.2020587299061	228.0
31.212059389755428	228.0
31.222060049604757	228.0
31.232060709454085	226.0
31.242061369303418	226.0
31.252062029152746	226.0
31.262062689002075	223.0
31.272063348851404	223.0
31.282064008700733	223.0
31.29206466855006	223.0
31.30206532839939	223.0
31.31206598824872	223.0
31.322066648098048	226.0
31.332067307947376	226.0
31.342067967796705	226.0
31.352068627646034	226.0
31.362069287495363	226.0
31.37206994734469	226.0
31.38207060719402	226.0
31.39207126704335	226.0
31.402071926892678	226.0
31.412072586742006	226.0
31.422073246591335	226.0
31.432073906440664	226.0
31.442074566289993	226.0
31.45207522613932	226.0
31.46207588598865	226.0
31.47207654583798	223.0
31.482077205687307	223.0
31.492077865536636	223.0
31.50207852538597	223.0
31.512079185235297	223.0
31.522079845084626	223.0
31.532080504933955	220.0
31.542081164783283	218.0
31.552081824632612	215.0
31.56208248448194	213.0
31.57208314433127	213.0
31.5820838041806	215.0
31.592084464029927	223.0
31.602085123879256	231.0
31.612085783728585	242.0
31.622086443577913	248.0
31.632087103427242	253.0
31.64208776327657	259.0
31.6520884231259	262.0
31.66208908297523	262.0
31.672089742824557	265.0
31.682090402673886	265.0
31.692091062523215	262.0
31.702091722372543	262.0
31.712092382221872	259.0
31.7220930420712	253.0
31.73209370192053	248.0
31.74209436176986	242.0
31.752095021619187	234.0
31.76209568146852	228.0
31.772096341317848	223.0
31.782097001167177	218.0
31.792097661016506	215.0
31.802098320865834	215.0
31.812098980715163	215.0
31.822099640564492	220.0
31.83210030041382	228.0
31.84210096026315	236.0
31.852101620112478	248.0
31.862102279961807	259.0
31.872102939811136	268.0
31.882103599660464	275.0
31.892104259509793	278.0
31.90210491935912	278.0
31.91210557920845	272.0
31.92210623905778	262.0
31.932106898907108	253.0
31.942107558756437	0.0
31.952108218605765	0.0
31.962108878455094	0.0
31.972109538304423	0.0
31.98211019815375	0.0
31.99211085800308	0.0
32.00211151785241	0.0
32.01211217770174	0.0
32.02211283755107	0.0
32.032113497400395	0.0
32.04211415724973	0.0
32.05211481709905	0.0
32.062115476948385	0.0
32.07211613679771	0.0
32.08211679664704	0.0
32.09211745649637	0.0
32.1021181163457	0.0
32.112118776195025	0.0
32.12211943604436	0.0
32.13212009589368	0.0
32.142120755743015	0.0
32.15212141559235	0.0
32.16212207544167	0.0
32.172122735291005	0.0
32.18212339514033	0.0
32.19212405498966	0.0
32.20212471483899	0.0
32.21212537468832	0.0
32.222126034537645	0.0
32.23212669438698	0.0
32.2421273542363	0.0
32.252128014085635	0.0
32.26212867393496	0.0
32.27212933378429	0.0
32.28212999363362	0.0
32.29213065348295	294.0
32.302131313332275	298.0
32.31213197318161	301.0
32.32213263303093	305.0
32.332133292880265	308.0
32.34213395272959	316.0
32.35213461257892	327.0
32.36213527242825	342.0
32.37213593227758	363.0
32.382136592126905	367.0
32.39213725197624	363.0
32.40213791182556	363.0
32.412138571674895	358.0
32.42213923152423	358.0
32.43213989137355	354.0
32.442140551222884	354.0
32.45214121107221	350.0
32.46214187092154	346.0
32.47214253077087	342.0
32.4821431906202	338.0
32.492143850469525	334.0
32.50214451031886	334.0
32.51214517016818	334.0
32.522145830017514	334.0
32.53214648986684	331.0
32.54214714971617	331.0
32.5521478095655	331.0
32.56214846941483	334.0
32.572149129264155	334.0
32.58214978911349	338.0
32.59215044896281	346.0
32.602151108812144	354.0
32.61215176866147	358.0
32.6221524285108	363.0
32.63215308836013	367.0
32.64215374820946	367.0
32.652154408058784	363.0
32.66215506790812	358.0
32.67215572775745	354.0
32.682156387606774	350.0
32.69215704745611	342.0
32.70215770730543	338.0
32.712158367154764	331.0
32.72215902700409	327.0
32.73215968685342	319.0
32.74216034670275	312.0
32.75216100655208	305.0
32.762161666401404	298.0
32.772162326250736	291.0
32.78216298610006	284.0
32.792163645949394	281.0
32.80216430579872	278.0
32.81216496564805	275.0
32.82216562549738	272.0
32.83216628534671	272.0
32.842166945196034	268.0
32.852167605045366	268.0
32.86216826489469	272.0
32.872168924744024	272.0
32.88216958459335	275.0
32.89217024444268	281.0
32.90217090429201	288.0
32.91217156414134	298.0
32.922172223990664	316.0
32.932172883839996	327.0
32.94217354368933	350.0
32.952174203538654	367.0
32.962174863387986	380.0
32.97217552323731	384.0
32.982176183086644	384.0
32.99217684293597	384.0
33.0021775027853	375.0
33.012178162634626	367.0
33.02217882248396	354.0
33.032179482333284	342.0
33.042180142182616	338.0
33.05218080203194	334.0
33.06218146188127	334.0
33.0721821217306	331.0
33.08218278157993	331.0
33.092183441429256	334.0
33.10218410127859	334.0
33.112184761127914	338.0
33.122185420977246	338.0
33.13218608082657	342.0
33.1421867406759	346.0
33.15218740052523	350.0
33.16218806037456	358.0
33.172188720223886	363.0
33.18218938007322	363.0
33.19219003992255	367.0
33.202190699771876	371.0
33.21219135962121	371.0
33.22219201947053	367.0
33.232192679319866	363.0
33.24219333916919	354.0
33.25219399901852	346.0
33.26219465886785	342.0
33.27219531871718	338.0
33.282195978566506	338.0
33.29219663841584	338.0
33.30219729826516	338.0
33.312197958114496	338.0
33.32219861796382	338.0
33.33219927781315	338.0
33.34219993766248	338.0
33.35220059751181	342.0
33.362201257361136	346.0
33.37220191721047	350.0
33.38220257705979	354.0
33.392203236909126	363.0
33.40220389675845	367.0
33.41220455660778	375.0
33.42220521645711	384.0
33.43220587630644	393.0
33.442206536155766	398.0
33.4522071960051	398.0
33.46220785585443	402.0
33.472208515703755	402.0
33.48220917555309	402.0
33.49220983540241	402.0
33.502210495251745	402.0
33.51221115510107	402.0
33.5222118149504	402.0
33.53221247479973	402.0
33.54221313464906	402.0
33.552213794498385	402.0
33.56221445434772	402.0
33.57221511419704	402.0
33.582215774046375	402.0
33.5922164338957	402.0
33.60221709374503	402.0
33.61221775359436	402.0
33.62221841344369	402.0
33.632219073293015	402.0
33.64221973314235	402.0
33.65222039299167	402.0
33.662221052841005	402.0
33.67222171269033	398.0
33.68222237253966	398.0
33.69222303238899	398.0
33.70222369223832	398.0
33.71222435208765	398.0
33.72222501193698	398.0
33.73222567178631	398.0
33.742226331635635	402.0
33.75222699148497	402.0
33.76222765133429	402.0
33.772228311183625	402.0
33.78222897103295	402.0
33.79222963088228	407.0
33.80223029073161	407.0
33.81223095058094	407.0
33.822231610430265	407.0
33.8322322702796	402.0
33.84223293012892	402.0
33.852233589978255	402.0
33.86223424982758	402.0
33.87223490967691	402.0
33.88223556952624	402.0
33.89223622937557	402.0
33.902236889224895	398.0
33.91223754907423	398.0
33.92223820892355	398.0
33.932238868772885	398.0
33.94223952862221	398.0
33.95224018847154	398.0
33.96224084832087	398.0
33.9722415081702	398.0
33.98224216801953	398.0
33.99224282786886	398.0
34.00224348771819	398.0
34.012244147567515	398.0
34.02224480741685	398.0
34.03224546726617	398.0
34.042246127115504	402.0
34.05224678696483	402.0
34.06224744681416	402.0
34.07224810666349	402.0
34.08224876651282	402.0
34.092249426362145	402.0
34.10225008621148	402.0
34.1122507460608	402.0
34.122251405910134	402.0
34.13225206575946	398.0
34.14225272560879	393.0
34.15225338545812	384.0
34.16225404530745	371.0
34.172254705156774	323.0
34.18225536500611	301.0
34.19225602485543	0.0
34.202256684704764	0.0
34.21225734455409	0.0
34.22225800440342	0.0
34.232258664252754	0.0
34.24225932410208	0.0
34.25225998395141	384.0
34.26226064380074	402.0
34.27226130365007	402.0
34.282261963499394	402.0
34.292262623348726	407.0
34.30226328319805	407.0
34.312263943047384	407.0
34.32226460289671	407.0
34.33226526274604	407.0
34.34226592259537	407.0
34.3522665824447	407.0
34.362267242294024	407.0
34.372267902143356	407.0
34.38226856199268	407.0
34.392269221842014	407.0
34.40226988169134	402.0
34.41227054154067	402.0
34.42227120139	402.0
34.43227186123933	402.0
34.442272521088654	402.0
34.452273180937986	398.0
34.46227384078731	398.0
34.472274500636644	393.0
34.482275160485976	389.0
34.4922758203353	380.0
34.502276480184634	371.0
34.51227714003396	358.0
34.52227779988329	350.0
34.532278459732616	342.0
34.54227911958195	338.0
34.552279779431274	331.0
34.562280439280606	327.0
34.57228109912993	327.0
34.58228175897926	327.0
34.59228241882859	327.0
34.60228307867792	331.0
34.612283738527246	342.0
34.62228439837658	350.0
34.632285058225904	363.0
34.642285718075236	375.0
34.65228637792456	389.0
34.66228703777389	398.0
34.67228769762322	407.0
34.68228835747255	407.0
34.692289017321876	407.0
34.70228967717121	407.0
34.712290337020534	398.0
34.722290996869866	393.0
34.73229165671919	384.0
34.74229231656852	375.0
34.752292976417856	371.0
34.76229363626718	367.0
34.77229429611651	363.0
34.78229495596584	354.0
34.79229561581517	350.0
34.802296275664496	342.0
34.81229693551383	338.0
34.82229759536315	334.0
34.832298255212486	334.0
34.84229891506181	334.0
34.85229957491114	334.0
34.86230023476047	334.0
34.8723008946098	338.0
34.882301554459126	338.0
34.89230221430846	342.0
34.90230287415778	350.0
34.912303534007116	363.0
34.92230419385644	371.0
34.93230485370577	384.0
34.9423055135551	393.0
34.95230617340443	402.0
34.962306833253756	407.0
34.97230749310309	407.0
34.98230815295241	402.0
34.992308812801745	402.0
35.00230947265108	398.0
35.0123101325004	389.0
35.022310792349735	384.0
35.03231145219906	375.0
35.04231211204839	371.0
35.05231277189772	367.0
35.06231343174705	363.0
35.072314091596375	354.0
35.08231475144571	350.0
35.09231541129503	346.0
35.102316071144365	338.0
35.11231673099369	338.0
35.12231739084302	338.0
35.13231805069235	334.0
35.14231871054168	334.0
35.152319370391005	338.0
35.16232003024034	338.0
35.17232069008966	338.0
35.182321349938995	334.0
35.19232200978832	334.0
35.20232266963765	334.0
35.21232332948698	334.0
35.22232398933631	334.0
35.232324649185635	338.0
35.24232530903497	338.0
35.25232596888429	338.0
35.262326628733625	342.0
35.27232728858296	346.0
35.28232794843228	350.0
35.292328608281615	358.0
35.30232926813094	358.0
35.31232992798027	363.0
35.3223305878296	363.0
35.33233124767893	363.0
35.342331907528255	363.0
35.35233256737759	358.0
35.36233322722691	358.0
35.372333887076245	354.0
35.38233454692557	346.0
35.3923352067749	342.0
35.40233586662423	334.0
35.41233652647356	331.0
35.422337186322885	327.0
35.43233784617222	323.0
35.44233850602154	316.0
35.452339165870875	312.0
35.4623398257202	305.0
35.47234048556953	301.0
35.48234114541886	298.0
35.49234180526819	291.0
35.502342465117515	284.0
35.51234312496685	281.0
35.52234378481618	278.0
35.532344444665505	272.0
35.54234510451484	268.0
35.55234576436416	265.0
35.562346424213494	265.0
35.57234708406282	265.0
35.58234774391215	268.0
35.59234840376148	268.0
35.60234906361081	268.0
35.612349723460134	268.0
35.62235038330947	268.0
35.63235104315879	268.0
35.642351703008124	268.0
35.65235236285745	268.0
35.66235302270678	268.0
35.67235368255611	265.0
35.68235434240544	265.0
35.692355002254764	265.0
35.7023556621041	265.0
35.71235632195342	262.0
35.722356981802754	262.0
35.73235764165208	262.0
35.74235830150141	262.0
35.75235896135074	262.0
35.76235962120007	262.0
35.772360281049394	259.0
35.78236094089873	256.0
35.79236160074806	253.0
35.802362260597384	245.0
35.812362920446716	242.0
35.82236358029604	239.0
35.832364240145374	239.0
35.8423648999947	239.0
35.85236555984403	242.0
35.86236621969336	245.0
35.87236687954269	250.0
35.882367539392014	256.0
35.892368199241346	259.0
35.90236885909067	262.0
35.912369518940004	262.0
35.92237017878933	262.0
35.93237083863866	265.0
35.94237149848799	265.0
35.95237215833732	265.0
35.962372818186644	265.0
35.972373478035976	265.0
35.9823741378853	265.0
35.992374797734634	262.0
36.00237545758396	262.0
36.01237611743329	265.0
36.022376777282616	265.0
36.03237743713195	265.0
36.04237809698128	265.0
36.052378756830606	262.0
36.06237941667994	262.0
36.072380076529264	262.0
36.082380736378596	259.0
36.09238139622792	259.0
36.10238205607725	253.0
36.11238271592658	248.0
36.12238337577591	242.0
36.132384035625236	234.0
36.14238469547457	223.0
36.152385355323894	215.0
36.162386015173226	210.0
36.17238667502255	208.0
36.18238733487188	206.0
36.19238799472121	208.0
36.20238865457054	210.0
36.212389314419866	215.0
36.2223899742692	226.0
36.232390634118524	236.0
36.242391293967856	245.0
36.25239195381718	250.0
36.26239261366651	256.0
36.27239327351584	262.0
36.28239393336517	265.0
36.292394593214496	268.0
36.30239525306383	272.0
36.31239591291316	268.0
36.322396572762486	268.0
36.33239723261182	265.0
36.34239789246114	259.0
36.352398552310476	256.0
36.3623992121598	250.0
36.37239987200913	242.0
36.38240053185846	234.0
36.39240119170779	226.0
36.402401851557116	220.0
36.41240251140645	215.0
36.42240317125577	215.0
36.432403831105105	215.0
36.44240449095443	220.0
36.45240515080376	228.0
36.46240581065309	239.0
36.47240647050242	253.0
36.482407130351746	272.0
36.49240779020108	284.0
36.5024084500504	291.0
36.512409109899735	291.0
36.52240976974906	291.0
36.53241042959839	288.0
36.54241108944772	278.0
36.55241174929705	259.0
36.56241240914638	236.0
36.57241306899571	213.0
36.58241372884504	203.0
36.592414388694365	199.0
36.6024150485437	199.0
36.61241570839302	201.0
36.622416368242355	203.0
36.63241702809168	203.0
36.64241768794101	206.0
36.65241834779034	208.0
36.66241900763967	210.0
36.672419667488995	213.0
36.68242032733833	218.0
36.69242098718765	223.0
36.702421647036985	228.0
36.71242230688631	231.0
36.72242296673564	234.0
36.73242362658497	234.0
36.7424242864343	236.0
36.752424946283625	236.0
36.76242560613296	236.0
36.77242626598228	239.0
36.782426925831615	239.0
36.79242758568094	239.0
36.80242824553027	239.0
36.8124289053796	239.0
36.82242956522893	239.0
36.83243022507826	239.0
36.84243088492759	239.0
36.85243154477692	239.0
36.862432204626245	239.0
36.87243286447558	239.0
36.8824335243249	236.0
36.892434184174235	234.0
36.90243484402356	231.0
36.91243550387289	228.0
36.92243616372222	226.0
36.93243682357155	220.0
36.942437483420875	220.0
36.95243814327021	218.0
36.96243880311953	218.0
36.972439462968865	220.0
36.98244012281819	223.0
36.99244078266752	223.0
37.00244144251685	226.0
37.01244210236618	226.0
37.022442762215505	226.0
37.03244342206484	226.0
37.04244408191416	226.0
37.052444741763495	226.0
37.06244540161282	223.0
37.07244606146215	223.0
37.082446721311484	223.0
37.09244738116081	223.0
37.10244804101014	223.0
37.11244870085947	223.0
37.1224493607088	226.0
37.132450020558124	226.0
37.14245068040746	226.0
37.15245134025678	226.0
37.162452000106114	226.0
37.17245265995544	226.0
37.18245331980477	226.0
37.1924539796541	223.0
37.20245463950343	220.0
37.212455299352754	215.0
37.22245595920209	213.0
37.23245661905141	208.0
37.242457278900744	203.0
37.25245793875007	201.0
37.2624585985994	199.0
37.27245925844873	199.0
37.28245991829806	199.0
37.292460578147384	201.0
37.30246123799672	203.0
37.31246189784604	206.0
37.322462557695374	206.0
37.3324632175447	208.0
37.34246387739403	208.0
37.352464537243364	208.0
37.36246519709269	0.0
37.37246585694202	0.0
37.38246651679135	0.0
37.39246717664068	0.0
37.402467836490004	0.0
37.412468496339336	0.0
37.42246915618866	0.0
37.432469816037994	0.0
37.44247047588732	0.0
37.45247113573665	0.0
37.46247179558598	0.0
37.47247245543531	0.0
37.482473115284634	0.0
37.492473775133966	0.0
37.50247443498329	0.0
37.512475094832624	0.0
37.52247575468195	0.0
37.53247641453128	0.0
37.542477074380606	0.0
37.55247773422994	0.0
37.562478394079264	0.0
37.572479053928596	0.0
37.58247971377792	0.0
37.592480373627254	0.0
37.602481033476586	0.0
37.61248169332591	0.0
37.62248235317524	0.0
37.63248301302457	0.0
37.6424836728739	0.0
37.652484332723226	0.0
37.66248499257256	0.0
37.672485652421884	0.0
37.682486312271216	0.0
37.69248697212054	0.0
37.70248763196987	0.0
37.7124882918192	0.0
37.72248895166853	0.0
37.732489611517856	0.0
37.74249027136719	0.0
37.752490931216514	0.0
37.762491591065846	234.0
37.77249225091517	234.0
37.7824929107645	231.0
37.79249357061383	231.0
37.80249423046316	231.0
37.812494890312486	231.0
37.82249555016182	231.0
37.83249621001114	231.0
37.842496869860476	231.0
37.85249752970981	231.0
37.86249818955913	228.0
37.872498849408466	228.0
37.88249950925779	228.0
37.89250016910712	228.0
37.90250082895645	228.0
37.91250148880578	228.0
37.922502148655106	228.0
37.93250280850444	228.0
37.94250346835376	228.0
37.952504128203095	228.0
37.96250478805242	231.0
37.97250544790175	231.0
37.98250610775108	231.0
37.99250676760041	231.0
38.002507427449736	231.0
38.01250808729907	231.0
38.02250874714839	231.0
38.032509406997725	231.0
38.04251006684705	231.0
38.05251072669638	231.0
38.06251138654571	231.0
38.07251204639504	231.0
38.082512706244366	231.0
38.0925133660937	231.0
38.10251402594302	234.0
38.112514685792355	234.0
38.12251534564169	234.0
38.13251600549101	234.0
38.142516665340345	234.0
38.15251732518967	234.0
38.162517985039	234.0
38.17251864488833	234.0
38.18251930473766	234.0
38.192519964586985	231.0
38.20252062443632	231.0
38.21252128428564	231.0
38.222521944134975	228.0
38.2325226039843	223.0
38.24252326383363	220.0
38.25252392368296	215.0
38.26252458353229	210.0
38.272525243381615	210.0
38.28252590323095	213.0
38.29252656308027	220.0
38.302527222929605	228.0
38.31252788277893	239.0
38.32252854262826	245.0
38.33252920247759	253.0
38.34252986232692	259.0
38.352530522176245	265.0
38.36253118202558	268.0
38.37253184187491	272.0
38.382532501724235	272.0
38.39253316157357	275.0
38.40253382142289	268.0
38.412534481272225	265.0
38.42253514112155	265.0
38.43253580097088	262.0
38.44253646082021	256.0
38.45253712066954	253.0
38.462537780518865	245.0
38.4725384403682	236.0
38.48253910021752	231.0
38.492539760066855	228.0
38.50254041991618	223.0
38.51254107976551	220.0
38.52254173961484	220.0
38.53254239946417	218.0
38.542543059313495	220.0
38.55254371916283	223.0
38.56254437901215	228.0
38.572545038861485	234.0
38.58254569871081	239.0
38.59254635856014	248.0
38.60254701840947	253.0
38.6125476782588	259.0
38.622548338108125	262.0
38.63254899795746	265.0
38.64254965780679	268.0
38.652550317656114	272.0
38.66255097750545	272.0
38.67255163735477	272.0
38.682552297204104	268.0
38.69255295705343	268.0
38.70255361690276	268.0
38.71255427675209	268.0
38.72255493660142	268.0
38.732555596450744	268.0
38.74255625630008	268.0
38.7525569161494	268.0
38.762557575998734	268.0
38.77255823584806	272.0
38.78255889569739	272.0
38.79255955554672	272.0
38.80256021539605	272.0
38.812560875245374	272.0
38.82256153509471	272.0
38.83256219494403	272.0
38.842562854793364	272.0
38.85256351464269	272.0
38.86256417449202	272.0
38.87256483434135	272.0
38.88256549419068	272.0
38.89256615404001	272.0
38.90256681388934	272.0
38.91256747373867	272.0
38.922568133587994	272.0
38.932568793437326	272.0
38.94256945328665	272.0
38.952570113135984	272.0
38.96257077298531	272.0
38.97257143283464	272.0
38.98257209268397	272.0
38.9925727525333	272.0
39.002573412382624	272.0
39.012574072231956	272.0
39.02257473208128	272.0
39.032575391930614	272.0
39.04257605177994	272.0
39.05257671162927	272.0
39.062577371478596	272.0
39.07257803132793	272.0
39.082578691177254	272.0
39.092579351026586	268.0
39.10258001087591	268.0
39.112580670725244	268.0
39.12258133057457	268.0
39.1325819904239	268.0
39.142582650273226	268.0
39.15258331012256	268.0
39.16258396997189	268.0
39.172584629821216	268.0
39.18258528967055	268.0
39.192585949519874	268.0
39.202586609369206	268.0
39.21258726921853	268.0
39.22258792906786	268.0
39.23258858891719	268.0
39.24258924876652	268.0
39.252589908615846	268.0
39.26259056846518	268.0
39.272591228314504	268.0
39.282591888163836	265.0
39.29259254801316	265.0
39.30259320786249	262.0
39.31259386771182	259.0
39.32259452756115	256.0
39.332595187410476	253.0
39.34259584725981	248.0
39.35259650710913	242.0
39.362597166958466	236.0
39.37259782680779	231.0
39.38259848665712	226.0
39.39259914650645	223.0
39.40259980635578	220.0
39.41260046620511	220.0
39.42260112605444	220.0
39.43260178590377	223.0
39.442602445753096	228.0
39.45260310560243	231.0
39.46260376545175	236.0
39.472604425301085	245.0
39.48260508515041	253.0
39.49260574499974	262.0
39.50260640484907	272.0
39.5126070646984	275.0
39.522607724547726	281.0
39.53260838439706	284.0
39.54260904424638	284.0
39.552609704095715	281.0
39.56261036394504	278.0
39.57261102379437	272.0
39.5826116836437	265.0
39.59261234349303	259.0
39.602613003342356	253.0
39.61261366319169	248.0
39.62261432304101	245.0
39.632614982890345	239.0
39.64261564273967	236.0
39.652616302589	231.0
39.66261696243833	231.0
39.67261762228766	228.0
39.68261828213699	226.0
39.69261894198632	226.0
39.70261960183565	226.0
39.712620261684975	223.0
39.72262092153431	223.0
39.73262158138363	223.0
39.742622241232965	223.0
39.75262290108229	226.0
39.76262356093162	231.0
39.77262422078095	242.0
39.78262488063028	248.0
39.792625540479605	253.0
39.80262620032894	262.0
39.81262686017826	268.0
39.822627520027595	272.0
39.83262817987692	275.0
39.84262883972625	278.0
39.85262949957558	278.0
39.86263015942491	278.0
39.872630819274235	278.0
39.88263147912357	275.0
39.89263213897289	272.0
39.902632798822225	268.0
39.91263345867155	268.0
39.92263411852088	265.0
39.932634778370215	265.0
39.94263543821954	262.0
39.95263609806887	262.0
39.9626367579182	259.0
39.97263741776753	256.0
39.982638077616855	250.0
39.99263873746619	248.0
40.00263939731551	245.0
40.012640057164845	242.0
40.02264071701417	239.0
40.0326413768635	236.0
40.04264203671283	234.0
40.05264269656216	234.0
40.062643356411485	231.0
40.07264401626082	231.0
40.08264467611014	231.0
40.092645335959475	228.0
40.1026459958088	228.0
40.11264665565813	228.0
40.12264731550746	228.0
40.13264797535679	228.0
40.142648635206115	228.0
40.15264929505545	228.0
40.16264995490477	228.0
40.172650614754104	228.0
40.18265127460343	228.0
40.19265193445276	228.0
40.202652594302094	231.0
40.21265325415142	231.0
40.22265391400075	234.0
40.23265457385008	236.0
40.24265523369941	239.0
40.252655893548734	242.0
40.26265655339807	245.0
40.27265721324739	248.0
40.282657873096724	248.0
40.29265853294605	245.0
40.30265919279538	242.0
40.31265985264471	239.0
40.32266051249404	236.0
40.332661172343364	234.0
40.3426618321927	231.0
40.35266249204202	228.0
40.362663151891354	226.0
40.37266381174068	226.0
40.38266447159001	226.0
40.39266513143934	228.0
40.40266579128867	228.0
40.412666451137994	228.0
40.42266711098733	228.0
40.43266777083665	226.0
40.442668430685984	226.0
40.452669090535316	226.0
40.46266975038464	226.0
40.472670410233974	226.0
40.4826710700833	226.0
40.49267172993263	226.0
40.50267238978196	226.0
40.51267304963129	228.0
40.522673709480614	228.0
40.532674369329946	231.0
40.54267502917927	234.0
40.552675689028604	234.0
40.56267634887793	236.0
40.57267700872726	239.0
40.582677668576586	239.0
40.59267832842592	242.0
40.602678988275244	242.0
40.612679648124576	242.0
40.6226803079739	239.0
40.632680967823234	239.0
40.64268162767256	239.0
40.65268228752189	236.0
40.662682947371216	236.0
40.67268360722055	234.0
40.682684267069874	234.0
40.692684926919206	231.0
40.70268558676853	228.0
40.712686246617864	226.0
40.722686906467196	223.0
40.73268756631652	218.0
40.74268822616585	218.0
40.75268888601518	215.0
40.76268954586451	213.0
40.772690205713836	208.0
40.78269086556317	208.0
40.79269152541249	206.0
40.802692185261826	203.0
40.81269284511115	201.0
40.82269350496048	201.0
40.83269416480981	199.0
40.84269482465914	196.0
40.852695484508466	196.0
40.8626961443578	194.0
40.87269680420712	194.0
40.882697464056456	196.0
40.89269812390578	196.0
40.90269878375511	199.0
40.91269944360444	199.0
40.92270010345377	201.0
40.932700763303096	201.0
40.94270142315243	203.0
40.95270208300175	203.0
40.962702742851086	201.0
40.97270340270042	201.0
40.98270406254974	199.0
40.992704722399075	199.0
41.0027053822484	196.0
41.01270604209773	196.0
41.02270670194706	196.0
41.03270736179639	196.0
41.042708021645716	199.0
41.05270868149505	199.0
41.06270934134437	201.0
41.072710001193705	206.0
41.08271066104303	208.0
41.09271132089236	213.0
41.10271198074169	218.0
41.11271264059102	220.0
41.122713300440346	226.0
41.13271396028968	228.0
41.142714620139	231.0
41.152715279988335	231.0
41.16271593983766	231.0
41.17271659968699	231.0
41.18271725953632	228.0
41.19271791938565	228.0
41.202718579234975	228.0
41.21271923908431	228.0
41.22271989893364	226.0
41.232720558782965	226.0
41.2427212186323	228.0
41.25272187848162	228.0
41.262722538330955	228.0
41.27272319818028	228.0
41.28272385802961	228.0
41.29272451787894	228.0
41.30272517772827	228.0
41.312725837577595	228.0
41.32272649742693	228.0
41.33272715727625	228.0
41.342727817125585	228.0
41.35272847697491	228.0
41.36272913682424	228.0
41.37272979667357	228.0
41.3827304565229	228.0
41.392731116372225	228.0
41.40273177622156	228.0
41.41273243607088	228.0
41.422733095920215	228.0
41.43273375576954	228.0
41.44273441561887	228.0
41.4527350754682	226.0
41.46273573531753	223.0
41.472736395166855	220.0
41.48273705501619	218.0
41.49273771486552	213.0
41.502738374714845	213.0
41.51273903456418	213.0
41.5227396944135	215.0
41.532740354262835	223.0
41.54274101411216	231.0
41.55274167396149	234.0
41.56274233381082	234.0
41.57274299366015	234.0
41.582743653509475	234.0
41.59274431335881	234.0
41.60274497320813	234.0
41.612745633057465	234.0
41.62274629290679	231.0
41.63274695275612	231.0
41.64274761260545	231.0
41.65274827245478	228.0
41.662748932304105	226.0
41.67274959215344	223.0
41.68275025200276	220.0
41.692750911852094	213.0
41.70275157170142	210.0
41.71275223155075	206.0
41.72275289140008	203.0
41.73275355124941	201.0
41.74275421109874	199.0
41.75275487094807	194.0
41.7627555307974	190.0
41.772756190646724	187.0
41.78275685049606	183.0
41.79275751034538	177.0
41.802758170194714	173.0
41.81275883004404	167.0
41.82275948989337	163.0
41.8327601497427	159.0
41.84276080959203	159.0
41.852761469441354	159.0
41.86276212929069	161.0
41.87276278914001	163.0
41.882763448989344	165.0
41.89276410883867	167.0
41.902764768688	169.0
41.91276542853733	171.0
41.92276608838666	175.0
41.932766748235984	177.0
41.94276740808532	181.0
41.95276806793464	185.0
41.962768727783974	190.0
41.9727693876333	194.0
41.98277004748263	196.0
41.99277070733196	199.0
42.00277136718129	201.0
42.01277202703062	203.0
42.02277268687995	203.0
42.03277334672928	203.0
42.042774006578604	203.0
42.052774666427936	203.0
42.06277532627726	203.0
42.072775986126594	203.0
42.08277664597592	203.0
42.09277730582525	203.0
42.102777965674576	203.0
42.11277862552391	203.0
42.122779285373234	203.0
42.132779945222566	203.0
42.14278060507189	203.0
42.152781264921224	203.0
42.16278192477055	201.0
42.17278258461988	201.0
42.182783244469206	199.0
42.19278390431854	196.0
42.202784564167864	196.0
42.212785224017196	196.0
42.22278588386652	201.0
42.232786543715854	203.0
42.24278720356518	208.0
42.25278786341451	213.0
42.26278852326384	220.0
42.27278918311317	226.0
42.2827898429625	231.0
42.292790502811826	234.0
42.30279116266116	234.0
42.31279182251048	234.0
42.322792482359816	231.0
42.33279314220914	231.0
42.34279380205847	228.0
42.3527944619078	228.0
42.36279512175713	226.0
42.372795781606456	226.0
42.38279644145579	226.0
42.39279710130511	223.0
42.402797761154446	223.0
42.41279842100377	223.0
42.4227990808531	223.0
42.43279974070243	226.0
42.44280040055176	226.0
42.452801060401086	226.0
42.46280172025042	223.0
42.47280238009974	223.0
42.482803039949076	223.0
42.4928036997984	223.0
42.50280435964773	223.0
42.51280501949706	223.0
42.52280567934639	220.0
42.53280633919572	220.0
42.54280699904505	223.0
42.55280765889438	223.0
42.562808318743706	223.0
42.57280897859304	223.0
42.58280963844236	226.0
42.592810298291695	226.0
42.60281095814102	226.0
42.61281161799035	223.0
42.62281227783968	223.0
42.63281293768901	223.0
42.642813597538336	223.0
42.65281425738767	223.0
42.66281491723699	226.0
42.672815577086325	228.0
42.68281623693565	234.0
42.69281689678498	239.0
42.70281755663431	248.0
42.71281821648364	253.0
42.722818876332965	259.0
42.7328195361823	265.0
42.74282019603162	265.0
42.752820855880955	268.0
42.76282151573028	268.0
42.77282217557961	265.0
42.782822835428945	262.0
42.79282349527827	259.0
42.8028241551276	253.0
42.81282481497693	248.0
42.82282547482626	245.0
42.832826134675585	236.0
42.84282679452492	231.0
42.85282745437424	226.0
42.862828114223575	223.0
42.8728287740729	218.0
42.88282943392223	218.0
42.89283009377156	218.0
42.90283075362089	220.0
42.912831413470215	223.0
42.92283207331955	231.0
42.93283273316887	239.0
42.942833393018205	248.0
42.95283405286753	262.0
42.96283471271686	268.0
42.97283537256619	272.0
42.98283603241552	272.0
42.992836692264845	272.0
43.00283735211418	265.0
43.0128380119635	259.0
43.022838671812835	253.0
43.03283933166216	0.0
43.04283999151149	0.0
43.052840651360825	0.0
43.06284131121015	0.0
43.07284197105948	0.0
43.08284263090881	0.0
43.09284329075814	0.0
43.102843950607465	0.0
43.1128446104568	0.0
43.12284527030612	0.0
43.132845930155455	0.0
43.14284659000478	0.0
43.15284724985411	0.0
43.16284790970344	0.0
43.17284856955277	0.0
43.182849229402095	0.0
43.19284988925143	0.0
43.20285054910075	0.0
43.212851208950084	0.0
43.22285186879941	0.0
43.23285252864874	0.0
43.24285318849807	0.0
43.2528538483474	0.0
43.262854508196725	0.0
43.27285516804606	0.0
43.28285582789538	0.0
43.292856487744714	0.0
43.30285714759405	0.0
43.31285780744337	284.0
43.322858467292704	281.0
43.33285912714203	281.0
43.34285978699136	281.0
43.35286044684069	284.0
43.36286110669002	291.0
43.372861766539344	298.0
43.38286242638868	331.0
43.392863086238	342.0
43.402863746087334	350.0
43.41286440593666	354.0
43.42286506578599	354.0
43.43286572563532	350.0
43.44286638548465	346.0
43.452867045333974	342.0
43.46286770518331	334.0
43.47286836503263	331.0
43.482869024881964	331.0
43.49286968473129	327.0
43.50287034458062	327.0
43.51287100442995	327.0
43.52287166427928	327.0
43.532872324128604	327.0
43.54287298397794	327.0
43.55287364382726	327.0
43.562874303676594	331.0
43.572874963525926	331.0
43.58287562337525	334.0
43.592876283224584	338.0
43.60287694307391	342.0
43.61287760292324	346.0
43.622878262772566	354.0
43.6328789226219	358.0
43.642879582471224	0.0
43.652880242320556	0.0
43.66288090216988	0.0
43.672881562019214	0.0
43.68288222186854	0.0
43.69288288171787	354.0
43.702883541567196	350.0
43.71288420141653	346.0
43.722884861265854	342.0
43.732885521115186	338.0
43.74288618096451	331.0
43.752886840813844	327.0
43.76288750066317	323.0
43.7728881605125	319.0
43.782888820361826	312.0
43.79288948021116	308.0
43.802890140060484	301.0
43.812890799909816	298.0
43.82289145975915	291.0
43.83289211960847	288.0
43.842892779457806	284.0
43.85289343930713	278.0
43.86289409915646	278.0
43.87289475900579	275.0
43.88289541885512	272.0
43.892896078704446	272.0
43.90289673855378	272.0
43.9128973984031	268.0
43.922898058252436	268.0
43.93289871810176	268.0
43.94289937795109	265.0
43.95290003780042	265.0
43.96290069764975	265.0
43.972901357499076	268.0
43.98290201734841	272.0
43.99290267719773	275.0
44.002903337047066	284.0
44.01290399689639	298.0
44.02290465674572	312.0
44.03290531659505	327.0
44.04290597644438	342.0
44.052906636293706	354.0
44.06290729614304	363.0
44.07290795599236	367.0
44.082908615841696	367.0
44.09290927569103	363.0
44.10290993554035	358.0
44.112910595389685	350.0
44.12291125523901	342.0
44.13291191508834	334.0
44.14291257493767	331.0
44.152913234787	327.0
44.162913894636326	323.0
44.17291455448566	323.0
44.18291521433498	323.0
44.192915874184315	323.0
44.20291653403364	327.0
44.21291719388297	334.0
44.2229178537323	338.0
44.23291851358163	346.0
44.242919173430955	358.0
44.25291983328029	363.0
44.26292049312961	367.0
44.272921152978945	371.0
44.28292181282827	371.0
44.2929224726776	371.0
44.30292313252693	367.0
44.31292379237626	358.0
44.322924452225585	354.0
44.33292511207492	350.0
44.34292577192425	346.0
44.352926431773575	342.0
44.36292709162291	338.0
44.37292775147223	334.0
44.382928411321565	331.0
44.39292907117089	331.0
44.40292973102022	327.0
44.41293039086955	327.0
44.42293105071888	331.0
44.432931710568205	334.0
44.44293237041754	338.0
44.45293303026686	342.0
44.462933690116195	350.0
44.47293434996552	363.0
44.48293500981485	367.0
44.49293566966418	375.0
44.50293632951351	380.0
44.512936989362835	389.0
44.52293764921217	393.0
44.53293830906149	393.0
44.542938968910825	398.0
44.55293962876015	398.0
44.56294028860948	398.0
44.57294094845881	398.0
44.58294160830814	398.0
44.59294226815747	398.0
44.6029429280068	398.0
44.61294358785613	398.0
44.622944247705455	398.0
44.63294490755479	402.0
44.64294556740411	402.0
44.652946227253445	402.0
44.66294688710277	402.0
44.6729475469521	402.0
44.68294820680143	402.0
44.69294886665076	398.0
44.702949526500085	398.0
44.71295018634942	398.0
44.72295084619874	398.0
44.732951506048074	398.0
44.7429521658974	398.0
44.75295282574673	398.0
44.76295348559606	398.0
44.77295414544539	398.0
44.782954805294715	398.0
44.79295546514405	398.0
44.80295612499337	398.0
44.812956784842704	398.0
44.82295744469203	398.0
44.83295810454136	398.0
44.84295876439069	398.0
44.85295942424002	398.0
44.86296008408935	398.0
44.87296074393868	398.0
44.88296140378801	402.0
44.892962063637334	402.0
44.90296272348667	402.0
44.91296338333599	402.0
44.922964043185324	398.0
44.93296470303465	398.0
44.94296536288398	398.0
44.95296602273331	398.0
44.96296668258264	398.0
44.972967342431964	398.0
44.9829680022813	398.0
44.99296866213062	398.0
45.002969321979954	402.0
45.01296998182928	402.0
45.02297064167861	402.0
45.03297130152794	402.0
45.04297196137727	402.0
45.052972621226594	402.0
45.06297328107593	402.0
45.07297394092525	402.0
45.082974600774584	402.0
45.09297526062391	402.0
45.10297592047324	402.0
45.112976580322574	402.0
45.1229772401719	402.0
45.13297790002123	402.0
45.142978559870556	402.0
45.15297921971989	402.0
45.162979879569214	402.0
45.172980539418546	402.0
45.18298119926787	402.0
45.192981859117204	402.0
45.20298251896653	402.0
45.21298317881586	402.0
45.222983838665186	402.0
45.23298449851452	402.0
45.242985158363844	402.0
45.252985818213176	402.0
45.2629864780625	402.0
45.272987137911834	402.0
45.28298779776116	402.0
45.29298845761049	402.0
45.302989117459816	402.0
45.31298977730915	402.0
45.322990437158474	398.0
45.332991097007806	393.0
45.34299175685713	389.0
45.35299241670646	380.0
45.36299307655579	371.0
45.37299373640512	338.0
45.38299439625445	0.0
45.39299505610378	0.0
45.40299571595311	0.0
45.412996375802436	0.0
45.42299703565177	0.0
45.43299769550109	0.0
45.442998355350426	402.0
45.45299901519975	398.0
45.46299967504908	393.0
45.47300033489841	393.0
45.48300099474774	393.0
45.493001654597066	398.0
45.5030023144464	398.0
45.51300297429572	398.0
45.523003634145056	398.0
45.53300429399438	402.0
45.54300495384371	402.0
45.55300561369304	402.0
45.56300627354237	402.0
45.573006933391696	402.0
45.58300759324103	402.0
45.59300825309035	402.0
45.603008912939686	402.0
45.61300957278901	402.0
45.62301023263834	398.0
45.633010892487675	398.0
45.643011552337	393.0
45.65301221218633	389.0
45.66301287203566	384.0
45.67301353188499	380.0
45.683014191734316	375.0
45.69301485158365	367.0
45.70301551143297	363.0
45.713016171282305	354.0
45.72301683113163	346.0
45.73301749098096	338.0
45.74301815083029	331.0
45.75301881067962	327.0
45.763019470528945	323.0
45.77302013037828	323.0
45.7830207902276	323.0
45.793021450076935	327.0
45.80302210992626	338.0
45.81302276977559	346.0
45.82302342962492	358.0
45.83302408947425	367.0
45.843024749323575	380.0
45.85302540917291	389.0
45.86302606902223	398.0
45.873026728871565	402.0
45.88302738872089	407.0
45.89302804857022	407.0
45.903028708419555	402.0
45.91302936826888	398.0
45.92303002811821	393.0
45.93303068796754	384.0
45.94303134781687	380.0
45.953032007666195	371.0
45.96303266751553	363.0
45.97303332736485	358.0
45.983033987214185	350.0
45.99303464706351	346.0
46.00303530691284	342.0
46.01303596676217	338.0
46.0230366266115	334.0
46.033037286460825	334.0
46.04303794631016	334.0
46.05303860615948	334.0
46.063039266008815	334.0
46.07303992585814	334.0
46.08304058570747	334.0
46.0930412455568	334.0
46.10304190540613	338.0
46.113042565255455	346.0
46.12304322510479	358.0
46.13304388495411	367.0
46.143044544803445	380.0
46.15304520465278	389.0
46.1630458645021	398.0
46.173046524351435	402.0
46.18304718420076	407.0
46.19304784405009	407.0
46.20304850389942	402.0
46.21304916374875	398.0
46.223049823598075	389.0
46.23305048344741	384.0
46.24305114329673	375.0
46.253051803146064	371.0
46.26305246299539	363.0
46.27305312284472	354.0
46.28305378269405	350.0
46.29305444254338	346.0
46.303055102392705	342.0
46.31305576224204	338.0
46.32305642209136	338.0
46.333057081940694	338.0
46.34305774179002	338.0
46.35305840163935	338.0
46.36305906148868	338.0
46.37305972133801	338.0
46.383060381187335	338.0
46.39306104103667	338.0
46.40306170088599	338.0
46.413062360735324	334.0
46.42306302058466	338.0
46.43306368043398	338.0
46.443064340283314	338.0
46.45306500013264	342.0
46.46306565998197	350.0
46.4730663198313	358.0
46.48306697968063	363.0
46.493067639529954	367.0
46.50306829937929	367.0
46.51306895922861	367.0
46.523069619077944	363.0
46.53307027892727	354.0
46.5430709387766	342.0
46.55307159862593	331.0
46.56307225847526	316.0
46.573072918324584	301.0
46.58307357817392	288.0
46.59307423802324	281.0
46.603074897872574	275.0
46.6130755577219	272.0
46.62307621757123	268.0
46.63307687742056	268.0
46.64307753726989	268.0
46.653078197119214	265.0
46.663078856968546	265.0
46.67307951681788	265.0
46.683080176667204	265.0
46.693080836516536	265.0
46.70308149636586	265.0
46.713082156215194	265.0
46.72308281606452	265.0
46.73308347591385	265.0
46.743084135763176	265.0
46.75308479561251	268.0
46.763085455461834	268.0
46.773086115311166	268.0
46.78308677516049	268.0
46.793087435009824	268.0
46.80308809485915	268.0
46.81308875470848	268.0
46.823089414557806	268.0
46.83309007440714	268.0
46.843090734256464	268.0
46.853091394105796	268.0
46.86309205395512	265.0
46.87309271380445	265.0
46.88309337365378	265.0
46.89309403350311	265.0
46.903094693352436	265.0
46.91309535320177	265.0
46.923096013051094	265.0
46.933096672900426	268.0
46.94309733274976	268.0
46.95309799259908	268.0
46.963098652448416	268.0
46.97309931229774	268.0
46.98309997214707	268.0
46.9931006319964	268.0
47.00310129184573	268.0
47.013101951695056	268.0
47.02310261154439	265.0
47.03310327139371	265.0
47.043103931243046	262.0
47.05310459109237	259.0
47.0631052509417	256.0
47.07310591079103	253.0
47.08310657064036	256.0
47.093107230489686	256.0
47.10310789033902	262.0
47.11310855018834	265.0
47.123109210037676	268.0
47.133109869887	268.0
47.14311052973633	272.0
47.15311118958566	272.0
47.16311184943499	272.0
47.173112509284316	272.0
47.18311316913365	272.0
47.19311382898298	272.0
47.203114488832306	272.0
47.21311514868164	272.0
47.22311580853096	268.0
47.233116468380295	268.0
47.24311712822962	268.0
47.25311778807895	268.0
47.26311844792828	268.0
47.27311910777761	265.0
47.283119767626935	265.0
47.29312042747627	262.0
47.30312108732559	259.0
47.313121747174925	256.0
47.32312240702425	253.0
47.33312306687358	250.0
47.34312372672291	245.0
47.35312438657224	242.0
47.363125046421565	236.0
47.3731257062709	226.0
47.38312636612022	220.0
47.393127025969555	213.0
47.40312768581888	213.0
47.41312834566821	213.0
47.42312900551754	213.0
47.43312966536687	220.0
47.443130325216195	231.0
47.45313098506553	242.0
47.46313164491486	250.0
47.473132304764185	262.0
47.48313296461352	268.0
47.49313362446284	275.0
47.503134284312175	278.0
47.5131349441615	278.0
47.52313560401083	278.0
47.53313626386016	272.0
47.54313692370949	268.0
47.553137583558815	262.0
47.56313824340815	259.0
47.57313890325747	250.0
47.583139563106805	242.0
47.59314022295613	236.0
47.60314088280546	231.0
47.61314154265479	226.0
47.62314220250412	223.0
47.633142862353445	223.0
47.64314352220278	223.0
47.6531441820521	226.0
47.663144841901435	231.0
47.67314550175076	239.0
47.68314616160009	250.0
47.69314682144942	272.0
47.70314748129875	288.0
47.71314814114808	298.0
47.72314880099741	301.0
47.73314946084674	305.0
47.743150120696065	305.0
47.7531507805454	298.0
47.76315144039472	288.0
47.773152100244054	268.0
47.78315276009338	242.0
47.79315341994271	226.0
47.80315407979204	220.0
47.81315473964137	218.0
47.823155399490695	220.0
47.83315605934003	220.0
47.84315671918935	220.0
47.853157379038684	223.0
47.86315803888801	226.0
47.87315869873734	228.0
47.88315935858667	228.0
47.893160018436	231.0
47.903160678285325	231.0
47.91316133813466	234.0
47.92316199798398	234.0
47.933162657833314	236.0
47.94316331768264	236.0
47.95316397753197	239.0
47.963164637381304	239.0
47.97316529723063	239.0
47.98316595707996	239.0
47.99316661692929	239.0
48.00316727677862	239.0
48.013167936627944	239.0
48.02316859647728	239.0
48.0331692563266	239.0
48.043169916175934	242.0
48.05317057602526	242.0
48.06317123587459	245.0
48.07317189572392	245.0
48.08317255557325	245.0
48.093173215422574	242.0
48.10317387527191	242.0
48.11317453512123	239.0
48.123175194970564	236.0
48.13317585481989	234.0
48.14317651466922	228.0
48.15317717451855	226.0
48.16317783436788	223.0
48.173178494217204	223.0
48.183179154066536	223.0
48.19317981391586	226.0
48.203180473765194	226.0
48.21318113361452	226.0
48.22318179346385	226.0
48.233182453313184	226.0
48.24318311316251	226.0
48.25318377301184	223.0
48.263184432861166	223.0
48.2731850927105	223.0
48.283185752559824	223.0
48.293186412409156	223.0
48.30318707225848	223.0
48.313187732107814	226.0
48.32318839195714	226.0
48.33318905180647	226.0
48.343189711655796	228.0
48.35319037150513	228.0
48.363191031354454	228.0
48.373191691203786	228.0
48.38319235105311	226.0
48.39319301090244	223.0
48.40319367075177	220.0
48.4131943306011	215.0
48.423194990450426	208.0
48.43319565029976	203.0
48.443196310149084	199.0
48.453196969998416	194.0
48.46319762984774	194.0
48.47319828969707	194.0
48.483198949546406	196.0
48.49319960939573	201.0
48.50320026924506	203.0
48.51320092909439	203.0
48.52320158894372	203.0
48.533202248793046	201.0
48.54320290864238	201.0
48.5532035684917	0.0
48.563204228341036	0.0
48.57320488819036	0.0
48.58320554803969	0.0
48.59320620788902	0.0
48.60320686773835	0.0
48.613207527587676	0.0
48.62320818743701	0.0
48.63320884728633	0.0
48.643209507135666	0.0
48.65321016698499	0.0
48.66321082683432	0.0
48.67321148668365	0.0
48.68321214653298	0.0
48.693212806382306	0.0
48.70321346623164	0.0
48.71321412608096	0.0
48.723214785930296	0.0
48.73321544577962	0.0
48.74321610562895	0.0
48.753216765478285	0.0
48.76321742532761	0.0
48.77321808517694	0.0
48.78321874502627	0.0
48.7932194048756	0.0
48.803220064724925	0.0
48.81322072457426	0.0
48.82322138442358	0.0
48.833222044272915	0.0
48.84322270412224	0.0
48.85322336397157	0.0
48.8632240238209	0.0
48.87322468367023	334.0
48.883225343519555	334.0
48.89322600336889	334.0
48.90322666321821	338.0
48.913227323067545	346.0
48.92322798291687	354.0
48.9332286427662	371.0
48.94322930261553	389.0
48.95322996246486	393.0
48.963230622314185	398.0
48.97323128216352	398.0
48.98323194201284	398.0
48.993232601862175	393.0
49.00323326171151	393.0
49.01323392156083	393.0
49.023234581410165	393.0
49.03323524125949	393.0
49.04323590110882	393.0
49.05323656095815	393.0
49.06323722080748	398.0
49.073237880656805	398.0
49.08323854050614	398.0
49.09323920035546	402.0
49.103239860204795	402.0
49.11324052005412	407.0
49.12324117990345	407.0
49.13324183975278	407.0
49.14324249960211	407.0
49.153243159451435	407.0
49.16324381930077	402.0
49.17324447915009	402.0
49.183245138999425	402.0
49.19324579884875	402.0
49.20324645869808	398.0
49.21324711854741	398.0
49.22324777839674	398.0
49.233248438246065	398.0
49.2432490980954	398.0
49.25324975794472	398.0
49.263250417794055	393.0
49.27325107764339	389.0
49.28325173749271	384.0
49.293252397342044	380.0
49.30325305719137	371.0
49.3132537170407	363.0
49.32325437689003	350.0
49.33325503673936	334.0
49.343255696588685	323.0
49.35325635643802	316.0
49.36325701628734	312.0
49.373257676136674	312.0
49.383258335986	319.0
49.39325899583533	331.0
49.40325965568466	338.0
49.41326031553399	346.0
49.423260975383315	358.0
49.43326163523265	367.0
49.44326229508197	375.0
49.453262954931304	384.0
49.46326361478063	389.0
49.47326427462996	393.0
49.48326493447929	398.0
49.49326559432862	398.0
49.503266254177944	398.0
49.51326691402728	398.0
49.52326757387661	398.0
49.533268233725934	398.0
49.54326889357527	398.0
49.55326955342459	398.0
49.563270213273924	398.0
49.57327087312325	398.0
49.58327153297258	398.0
49.59327219282191	398.0
49.60327285267124	398.0
49.613273512520564	398.0
49.6232741723699	402.0
49.63327483221922	402.0
49.643275492068554	402.0
49.65327615191788	402.0
49.66327681176721	402.0
49.67327747161654	402.0
49.68327813146587	398.0
49.693278791315194	398.0
49.703279451164526	398.0
49.71328011101385	393.0
49.723280770863184	389.0
49.73328143071251	384.0
49.74328209056184	375.0
49.75328275041117	371.0
49.7632834102605	363.0
49.773284070109824	358.0
49.783284729959156	350.0
49.79328538980849	346.0
49.803286049657814	342.0
49.813286709507146	338.0
49.82328736935647	334.0
49.833288029205804	331.0
49.84328868905513	327.0
49.85328934890446	319.0
49.863290008753786	312.0
49.87329066860312	305.0
49.883291328452444	298.0
49.893291988301776	294.0
49.9032926481511	288.0
49.91329330800043	284.0
49.92329396784976	288.0
49.93329462769909	288.0
49.943295287548416	342.0
49.95329594739775	346.0
49.963296607247074	354.0
49.973297267096406	358.0
49.98329792694573	363.0
49.99329858679506	363.0
50.00329924664439	358.0
50.01329990649372	358.0
50.023300566343046	358.0
50.03330122619238	354.0
50.04330188604171	350.0
50.053302545891036	346.0
50.06330320574037	342.0
50.07330386558969	342.0
50.083304525439026	338.0
50.09330518528835	338.0
50.10330584513768	338.0
50.11330650498701	338.0
50.12330716483634	338.0
50.133307824685666	338.0
50.143308484535	338.0
50.15330914438432	338.0
50.163309804233656	338.0
50.17331046408298	338.0
50.18331112393231	334.0
50.19331178378164	334.0
50.20331244363097	334.0
50.213313103480296	334.0
50.22331376332963	334.0
50.23331442317895	334.0
50.243315083028286	334.0
50.25331574287761	338.0
50.26331640272694	342.0
50.27331706257627	346.0
50.2833177224256	354.0
50.293318382274926	354.0
50.30331904212426	358.0
50.31331970197359	358.0
50.323320361822915	354.0
50.33332102167225	354.0
50.34332168152157	346.0
50.353322341370905	342.0
50.36332300122023	342.0
50.37332366106956	338.0
50.38332432091889	338.0
50.39332498076822	338.0
50.403325640617545	338.0
50.41332630046688	338.0
50.4233269603162	338.0
50.433327620165535	338.0
50.44332828001486	334.0
50.45332893986419	334.0
50.46332959971352	334.0
50.47333025956285	334.0
50.483330919412175	334.0
50.49333157926151	334.0
50.50333223911083	334.0
50.513332898960165	338.0
50.52333355880949	342.0
50.53333421865882	346.0
50.54333487850815	350.0
50.55333553835748	354.0
50.56333619820681	354.0
50.57333685805614	354.0
50.58333751790547	354.0
50.593338177754795	350.0
50.60333883760413	350.0
50.61333949745345	346.0
50.623340157302785	342.0
50.63334081715211	338.0
50.64334147700144	331.0
50.65334213685077	327.0
50.6633427967001	319.0
50.673343456549425	312.0
50.68334411639876	305.0
50.69334477624808	298.0
50.703345436097415	291.0
50.71334609594674	288.0
50.72334675579607	281.0
50.7333474156454	278.0
50.74334807549473	275.0
50.753348735344055	272.0
50.76334939519339	268.0
50.77335005504271	268.0
50.783350714892045	268.0
50.79335137474137	265.0
50.8033520345907	265.0
50.81335269444003	265.0
50.82335335428936	268.0
50.83335401413869	268.0
50.84335467398802	268.0
50.85335533383735	268.0
50.863355993686675	268.0
50.87335665353601	262.0
50.88335731338533	259.0
50.893357973234664	253.0
50.90335863308399	250.0
50.91335929293332	250.0
50.92335995278265	250.0
50.93336061263198	253.0
50.943361272481305	256.0
50.95336193233064	259.0
50.96336259217996	268.0
50.973363252029294	281.0
50.98336391187862	291.0
50.99336457172795	305.0
51.00336523157728	316.0
51.01336589142661	331.0
51.023366551275934	338.0
51.03336721112527	342.0
51.04336787097459	342.0
51.053368530823924	342.0
51.06336919067325	338.0
51.07336985052258	338.0
51.083370510371914	338.0
51.09337117022124	334.0
51.10337183007057	334.0
51.1133724899199	334.0
51.12337314976923	334.0
51.133373809618554	334.0
51.14337446946789	334.0
51.15337512931721	334.0
51.163375789166544	334.0
51.17337644901587	334.0
51.1833771088652	338.0
51.19337776871453	338.0
51.20337842856386	342.0
51.213379088413184	346.0
51.223379748262516	354.0
51.23338040811184	358.0
51.243381067961174	358.0
51.2533817278105	358.0
51.26338238765983	358.0
51.27338304750916	350.0
51.28338370735849	342.0
51.293384367207814	331.0
51.303385027057146	316.0
51.31338568690647	298.0
51.323386346755804	272.0
51.333387006605136	262.0
51.34338766645446	259.0
51.353388326303794	256.0
51.36338898615312	259.0
51.37338964600245	265.0
51.383390305851776	275.0
51.39339096570111	284.0
51.403391625550434	291.0
51.413392285399766	301.0
51.42339294524909	308.0
51.43339360509842	316.0
51.44339426494775	323.0
51.45339492479708	327.0
51.463395584646406	331.0
51.47339624449574	334.0
51.483396904345064	334.0
51.493397564194396	334.0
51.50339822404372	338.0
51.51339888389305	338.0
51.52339954374238	338.0
51.53340020359171	342.0
51.543400863441036	342.0
51.55340152329037	342.0
51.563402183139694	342.0
51.573402842989026	342.0
51.58340350283835	342.0
51.59340416268768	342.0
51.603404822537016	342.0
51.61340548238634	342.0
51.62340614223567	338.0
51.633406802085	334.0
51.64340746193433	327.0
51.653408121783656	319.0
51.66340878163299	308.0
51.67340944148231	291.0
51.683410101331646	278.0
51.69341076118097	268.0
51.7034114210303	262.0
51.71341208087963	259.0
51.72341274072896	259.0
51.733413400578286	262.0
51.74341406042762	262.0
51.75341472027694	265.0
51.763415380126276	265.0
51.7734160399756	268.0
51.78341669982493	268.0
51.79341735967426	268.0
51.80341801952359	268.0
51.813418679372916	268.0
51.82341933922225	268.0
51.83341999907157	268.0
51.843420658920905	268.0
51.85342131877024	272.0
51.86342197861956	272.0
51.873422638468895	272.0
51.88342329831822	272.0
51.89342395816755	272.0
51.90342461801688	272.0
51.91342527786621	268.0
51.923425937715535	265.0
51.93342659756487	262.0
51.94342725741419	256.0
51.953427917263525	248.0
51.96342857711285	242.0
51.97342923696218	239.0
51.98342989681151	242.0
51.99343055666084	248.0
52.003431216510165	259.0
52.0134318763595	265.0
52.02343253620882	268.0
52.033433196058155	268.0
52.04343385590748	268.0
52.05343451575681	268.0
52.06343517560614	268.0
52.07343583545547	268.0
52.083436495304795	268.0
52.09343715515413	268.0
52.10343781500345	268.0
52.113438474852785	268.0
52.12343913470212	268.0
52.13343979455144	268.0
52.143440454400775	268.0
52.1534411142501	268.0
52.16344177409943	268.0
52.17344243394876	268.0
52.18344309379809	268.0
52.193443753647415	268.0
52.20344441349675	265.0
52.21344507334607	265.0
52.223445733195405	262.0
52.23344639304473	262.0
52.24344705289406	256.0
52.25344771274339	253.0
52.26344837259272	245.0
52.273449032442045	236.0
52.28344969229138	231.0
52.2934503521407	226.0
52.303451011990035	220.0
52.31345167183936	218.0
52.32345233168869	215.0
52.33345299153802	215.0
52.34345365138735	218.0
52.353454311236675	220.0
52.36345497108601	228.0
52.37345563093534	236.0
52.383456290784665	245.0
52.393456950634	250.0
52.40345761048332	259.0
52.413458270332654	268.0
52.42345893018198	272.0
52.43345959003131	275.0
52.44346024988064	275.0
52.45346090972997	272.0
52.463461569579295	268.0
52.47346222942863	265.0
52.48346288927795	265.0
52.493463549127284	262.0
52.50346420897661	259.0
52.51346486882594	256.0
52.52346552867527	253.0
52.5334661885246	250.0
52.543466848373924	248.0
52.55346750822326	245.0
52.56346816807258	242.0
52.573468827921914	239.0
52.58346948777124	236.0
52.59347014762057	236.0
52.6034708074699	236.0
52.61347146731923	239.0
52.623472127168554	245.0
52.63347278701789	250.0
52.64347344686722	262.0
52.653474106716544	272.0
52.66347476656588	281.0
52.6734754264152	291.0
52.683476086264534	294.0
52.69347674611386	294.0
52.70347740596319	288.0
52.71347806581252	275.0
52.72347872566185	259.0
52.733479385511174	245.0
52.743480045360506	236.0
52.75348070520983	234.0
52.763481365059164	231.0
52.77348202490849	228.0
52.78348268475782	228.0
52.79348334460715	228.0
52.80348400445648	228.0
52.813484664305804	228.0
52.823485324155136	228.0
52.83348598400446	228.0
52.843486643853794	228.0
52.85348730370312	226.0
52.86348796355245	226.0
52.87348862340178	226.0
52.88348928325111	226.0
52.89348994310044	226.0
52.903490602949766	226.0
52.9134912627991	226.0
52.923491922648424	226.0
52.933492582497756	226.0
52.94349324234708	226.0
52.95349390219641	226.0
52.96349456204574	226.0
52.97349522189507	226.0
52.983495881744396	228.0
52.99349654159373	228.0
53.003497201443054	228.0
53.013497861292386	226.0
53.02349852114171	226.0
53.03349918099104	226.0
53.04349984084037	226.0
53.0535005006897	226.0
53.063501160539026	226.0
53.07350182038836	226.0
53.083502480237684	226.0
53.093503140087016	226.0
53.10350379993634	226.0
53.11350445978567	226.0
53.123505119635	226.0
53.13350577948433	226.0
53.143506439333656	226.0
53.15350709918299	226.0
53.16350775903232	226.0
53.173508418881646	226.0
53.18350907873098	226.0
53.1935097385803	228.0
53.203510398429636	228.0
53.21351105827896	234.0
53.22351171812829	239.0
53.23351237797762	248.0
53.24351303782695	253.0
53.253513697676276	259.0
53.26351435752561	265.0
53.27351501737493	268.0
53.283515677224266	272.0
53.29351633707359	272.0
53.30351699692292	272.0
53.31351765677225	268.0
53.32351831662158	265.0
53.333518976470906	262.0
53.34351963632024	259.0
53.35352029616956	256.0
53.363520956018895	253.0
53.37352161586822	248.0
53.38352227571755	245.0
53.39352293556688	239.0
53.40352359541621	234.0
53.41352425526554	231.0
53.42352491511487	228.0
53.4335255749642	226.0
53.443526234813525	226.0
53.45352689466286	223.0
53.46352755451218	226.0
53.473528214361515	226.0
53.48352887421084	228.0
53.49352953406017	231.0
53.5035301939095	234.0
53.51353085375883	239.0
53.523531513608155	245.0
53.53353217345749	250.0
53.54353283330681	256.0
53.553533493156145	262.0
53.56353415300547	265.0
53.5735348128548	268.0
53.58353547270413	272.0
53.59353613255346	272.0
53.603536792402785	272.0
53.61353745225212	268.0
53.62353811210144	268.0
53.633538771950775	268.0
53.6435394318001	268.0
53.65354009164943	268.0
53.66354075149876	268.0
53.67354141134809	265.0
53.68354207119742	265.0
53.69354273104675	265.0
53.70354339089608	265.0
53.713544050745405	265.0
53.72354471059474	265.0
53.73354537044406	265.0
53.743546030293395	265.0
53.75354669014272	265.0
53.76354734999205	268.0
53.77354800984138	268.0
53.78354866969071	268.0
53.793549329540035	268.0
53.80354998938937	268.0
53.81355064923869	268.0
53.823551309088025	268.0
53.83355196893735	268.0
53.84355262878668	268.0
53.85355328863601	265.0
53.86355394848534	265.0
53.873554608334665	262.0
53.883555268184	262.0
53.89355592803332	256.0
53.903556587882655	253.0
53.91355724773198	250.0
53.92355790758131	248.0
53.933558567430644	245.0
53.94355922727997	242.0
53.9535598871293	239.0
53.96356054697863	236.0
53.97356120682796	234.0
53.983561866677285	234.0
53.99356252652662	231.0
54.00356318637594	231.0
54.013563846225274	228.0
54.0235645060746	228.0
54.03356516592393	228.0
54.04356582577326	226.0
54.05356648562259	226.0
54.063567145471914	223.0
54.07356780532125	223.0
54.08356846517057	223.0
54.093569125019904	223.0
54.10356978486923	223.0
54.11357044471856	226.0
54.12357110456789	226.0
54.13357176441722	228.0
54.143572424266544	231.0
54.15357308411588	234.0
54.1635737439652	236.0
54.173574403814534	239.0
54.18357506366386	242.0
54.19357572351319	245.0
54.203576383362524	245.0
54.21357704321185	242.0
54.22357770306118	239.0
54.23357836291051	236.0
54.24357902275984	234.0
54.253579682609164	234.0
54.263580342458496	231.0
54.27358100230782	228.0
54.283581662157154	228.0
54.29358232200648	226.0
54.30358298185581	226.0
54.31358364170514	226.0
54.32358430155447	226.0
54.333584961403794	226.0
54.343585621253126	226.0
54.35358628110245	226.0
54.363586940951784	226.0
54.37358760080111	226.0
54.38358826065044	228.0
54.39358892049977	228.0
54.4035895803491	228.0
54.413590240198424	231.0
54.423590900047756	231.0
54.43359155989708	234.0
54.443592219746414	236.0
54.453592879595746	239.0
54.46359353944507	245.0
54.4735941992944	248.0
54.48359485914373	248.0
54.49359551899306	248.0
54.503596178842386	245.0
54.51359683869172	245.0
54.523597498541044	245.0
54.533598158390376	245.0
54.5435988182397	245.0
54.55359947808903	245.0
54.56360013793836	245.0
54.57360079778769	245.0
54.583601457637016	248.0
54.59360211748635	248.0
54.603602777335674	245.0
54.613603437185006	245.0
54.62360409703433	242.0
54.63360475688366	242.0
54.64360541673299	239.0
54.65360607658232	236.0
54.663606736431646	234.0
54.67360739628098	231.0
54.6836080561303	226.0
54.693608715979636	223.0
54.70360937582897	218.0
54.71361003567829	215.0
54.723610695527626	210.0
54.73361135537695	208.0
54.74361201522628	206.0
54.75361267507561	206.0
54.76361333492494	203.0
54.773613994774266	201.0
54.7836146546236	201.0
54.79361531447292	201.0
54.803615974322256	201.0
54.81361663417158	201.0
54.82361729402091	201.0
54.83361795387024	203.0
54.84361861371957	208.0
54.853619273568896	210.0
54.86361993341823	215.0
54.87362059326755	220.0
54.883621253116885	223.0
54.89362191296621	226.0
54.90362257281554	228.0
54.91362323266487	228.0
54.9236238925142	228.0
54.933624552363526	228.0
54.94362521221286	228.0
54.95362587206218	226.0
54.963626531911515	226.0
54.97362719176085	223.0
54.98362785161017	223.0
54.993628511459505	223.0
55.00362917130883	223.0
55.01362983115816	223.0
55.02363049100749	226.0
55.03363115085682	226.0
55.043631810706145	226.0
55.05363247055548	226.0
55.0636331304048	226.0
55.073633790254135	226.0
55.08363445010346	226.0
55.09363510995279	226.0
55.10363576980212	226.0
55.11363642965145	226.0
55.123637089500775	226.0
55.13363774935011	226.0
55.14363840919943	226.0
55.153639069048765	226.0
55.16363972889809	226.0
55.17364038874742	226.0
55.18364104859675	226.0
55.19364170844608	226.0
55.203642368295405	226.0
55.21364302814474	226.0
55.22364368799407	226.0
55.233644347843395	226.0
55.24364500769273	228.0
55.25364566754205	228.0
55.263646327391385	228.0
55.27364698724071	228.0
55.28364764709004	228.0
55.29364830693937	228.0
55.3036489667887	226.0
55.313649626638025	226.0
55.32365028648736	223.0
55.33365094633668	220.0
55.343651606186015	218.0
55.35365226603534	215.0
55.36365292588467	213.0
55.373653585734	210.0
55.38365424558333	213.0
55.393654905432655	218.0
55.40365556528199	228.0
55.41365622513131	239.0
55.423656884980645	248.0
55.43365754482997	259.0
55.4436582046793	268.0
55.45365886452863	275.0
55.46365952437796	278.0
55.473660184227285	281.0
55.48366084407662	281.0
55.49366150392595	278.0
55.503662163775275	278.0
55.51366282362461	272.0
55.52366348347393	268.0
55.533664143323264	262.0
55.54366480317259	259.0
55.55366546302192	256.0
55.56366612287125	250.0
55.57366678272058	245.0
55.583667442569904	239.0
55.59366810241924	234.0
55.60366876226856	228.0
55.613669422117894	223.0
55.62367008196722	220.0
55.63367074181655	218.0
55.64367140166588	218.0
55.65367206151521	215.0
55.663672721364534	215.0
55.67367338121387	218.0
55.68367404106319	220.0
55.693674700912524	226.0
55.70367536076185	231.0
55.71367602061118	236.0
55.72367668046051	242.0
55.73367734030984	248.0
55.74367800015917	250.0
55.7536786600085	256.0
55.76367931985783	262.0
55.773679979707154	265.0
55.783680639556486	268.0
55.79368129940581	272.0
55.803681959255144	272.0
55.81368261910447	272.0
55.8236832789538	272.0
55.83368393880313	272.0
55.84368459865246	272.0
55.853685258501784	272.0
55.863685918351116	272.0
55.87368657820044	272.0
55.883687238049774	272.0
55.8936878978991	272.0
55.90368855774843	268.0
55.91368921759776	268.0
55.92368987744709	268.0
55.933690537296414	268.0
55.943691197145746	268.0
55.95369185699507	265.0
55.963692516844404	265.0
55.97369317669373	268.0
55.98369383654306	268.0
55.993694496392386	268.0
56.00369515624172	268.0
56.01369581609105	268.0
56.023696475940376	268.0
56.03369713578971	268.0
56.043697795639034	268.0
56.053698455488366	268.0
56.06369911533769	268.0
56.07369977518702	268.0
56.08370043503635	265.0
56.09370109488568	265.0
56.103701754735006	265.0
56.11370241458434	265.0
56.123703074433664	265.0
56.133703734282996	265.0
56.14370439413232	265.0
56.15370505398165	265.0
56.16370571383098	265.0
56.17370637368031	265.0
56.183707033529636	265.0
56.19370769337897	265.0
56.20370835322829	268.0
56.213709013077626	268.0
56.22370967292695	272.0
56.23371033277628	272.0
56.24371099262561	272.0
56.25371165247494	272.0
56.26371231232427	272.0
56.2737129721736	272.0
56.28371363202293	272.0
56.293714291872256	268.0
56.30371495172159	268.0
56.31371561157091	268.0
56.323716271420246	268.0
56.33371693126957	268.0
56.3437175911189	272.0
56.35371825096823	272.0
56.36371891081756	275.0
56.373719570666886	278.0
56.38372023051622	275.0
56.39372089036554	275.0
56.403721550214875	272.0
56.4137222100642	268.0
56.42372286991353	265.0
56.43372352976286	265.0
56.44372418961219	262.0
56.453724849461516	259.0
56.46372550931085	259.0
56.47372616916017	256.0
56.483726829009505	250.0
56.49372748885883	248.0
56.50372814870816	245.0
56.51372880855749	245.0
56.52372946840682	250.0
56.53373012825615	262.0
56.54373078810548	301.0
56.55373144795481	319.0
56.563732107804135	338.0
56.57373276765347	354.0
56.58373342750279	363.0
56.593734087352125	363.0
56.60373474720145	363.0
56.61373540705078	358.0
56.62373606690011	354.0
56.63373672674944	346.0
56.643737386598765	342.0
56.6537380464481	338.0
56.66373870629742	338.0
56.673739366146755	334.0
56.68374002599608	334.0
56.69374068584541	334.0
56.70374134569474	334.0
56.71374200554407	338.0
56.723742665393395	338.0
56.73374332524273	338.0
56.74374398509205	338.0
56.753744644941385	338.0
56.76374530479071	342.0
56.77374596464004	342.0
56.783746624489375	342.0
56.7937472843387	346.0
56.80374794418803	350.0
56.81374860403736	358.0
56.82374926388669	358.0
56.833749923736015	363.0
56.84375058358535	367.0
56.85375124343467	367.0
56.863751903284005	363.0
56.87375256313333	358.0
56.88375322298266	346.0
56.89375388283199	331.0
56.90375454268132	316.0
56.913755202530645	301.0
56.92375586237998	288.0
56.9337565222293	278.0
56.943757182078635	275.0
56.95375784192796	272.0
56.96375850177729	272.0
56.97375916162662	272.0
56.98375982147595	272.0
56.993760481325275	275.0
57.00376114117461	275.0
57.01376180102393	275.0
57.023762460873265	275.0
57.03376312072259	275.0
57.04376378057192	275.0
57.053764440421254	275.0
57.06376510027058	272.0
57.07376576011991	272.0
57.08376641996924	272.0
57.09376707981857	268.0
57.103767739667894	268.0
57.11376839951723	268.0
57.12376905936655	265.0
57.133769719215884	265.0
57.14377037906521	265.0
57.15377103891454	265.0
57.16377169876387	268.0
57.1737723586132	268.0
57.183773018462524	268.0
57.19377367831186	268.0
57.20377433816118	268.0
57.213774998010514	268.0
57.22377565785984	268.0
57.23377631770917	272.0
57.2437769775585	272.0
57.25377763740783	272.0
57.263778297257154	268.0
57.27377895710649	268.0
57.28377961695581	268.0
57.293780276805144	268.0
57.303780936654476	265.0
57.3137815965038	265.0
57.323782256353134	265.0
57.33378291620246	262.0
57.34378357605179	259.0
57.35378423590112	256.0
57.36378489575045	250.0
57.373785555599774	248.0
57.383786215449106	242.0
57.39378687529843	236.0
57.403787535147764	234.0
57.41378819499709	231.0
57.42378885484642	228.0
57.43378951469575	228.0
57.44379017454508	231.0
57.453790834394404	239.0
57.463791494243736	245.0
57.47379215409306	256.0
57.483792813942394	268.0
57.49379347379172	281.0
57.50379413364105	288.0
57.513794793490376	288.0
57.52379545333971	288.0
57.533796113189034	278.0
57.543796773038366	268.0
57.55379743288769	250.0
57.563798092737024	236.0
57.573798752586356	228.0
57.58379941243568	223.0
57.59380007228501	223.0
57.60380073213434	226.0
57.61380139198367	228.0
57.623802051832996	228.0
57.63380271168233	231.0
57.643803371531654	231.0
57.653804031380986	228.0
57.66380469123031	228.0
57.67380535107964	0.0
57.68380601092897	0.0
57.6938066707783	0.0
57.703807330627626	0.0
57.71380799047696	0.0
57.72380865032628	0.0
57.733809310175616	0.0
57.74380997002494	0.0
57.75381062987427	0.0
57.7638112897236	0.0
57.77381194957293	0.0
57.783812609422256	0.0
57.79381326927159	0.0
57.80381392912091	0.0
57.813814588970246	0.0
57.82381524881958	0.0
57.8338159086689	0.0
57.843816568518235	0.0
57.85381722836756	0.0
57.86381788821689	0.0
57.87381854806622	0.0
57.88381920791555	0.0
57.893819867764876	0.0
57.90382052761421	0.0
57.91382118746353	0.0
57.923821847312865	0.0
57.93382250716219	0.0
57.94382316701152	0.0
57.95382382686085	0.0
57.96382448671018	0.0
57.973825146559506	0.0
57.98382580640884	0.0
57.99382646625816	0.0
58.003827126107495	0.0
58.01382778595682	0.0
58.02382844580615	0.0
58.03382910565548	0.0
58.04382976550481	0.0
58.053830425354136	0.0
58.06383108520347	0.0
58.0738317450528	208.0
58.083832404902125	206.0
58.09383306475146	203.0
58.10383372460078	201.0
58.113834384450115	199.0
58.12383504429944	196.0
58.13383570414877	194.0
58.1438363639981	192.0
58.15383702384743	192.0
58.163837683696755	192.0
58.17383834354609	194.0
58.18383900339541	199.0
58.193839663244745	206.0
58.20384032309407	213.0
58.2138409829434	220.0
58.22384164279273	231.0
58.23384230264206	242.0
58.243842962491385	253.0
58.25384362234072	265.0
58.26384428219004	278.0
58.273844942039375	288.0
58.2838456018887	288.0
58.29384626173803	288.0
58.30384692158736	281.0
58.31384758143669	275.0
58.323848241286015	268.0
58.33384890113535	262.0
58.34384956098468	256.0
58.353850220834005	250.0
58.36385088068334	242.0
58.37385154053266	234.0
58.383852200381995	223.0
58.39385286023132	215.0
58.40385352008065	210.0
58.41385417992998	208.0
58.42385483977931	208.0
58.433855499628635	210.0
58.44385615947797	218.0
58.45385681932729	228.0
58.463857479176625	239.0
58.47385813902595	250.0
58.48385879887528	259.0
58.49385945872461	268.0
58.50386011857394	272.0
58.513860778423265	275.0
58.5238614382726	275.0
58.53386209812192	275.0
58.543862757971254	272.0
58.55386341782058	272.0
58.56386407766991	272.0
58.57386473751924	272.0
58.58386539736857	272.0
58.5938660572179	272.0
58.60386671706723	272.0
58.61386737691656	272.0
58.623868036765884	272.0
58.63386869661522	268.0
58.64386935646454	268.0
58.653870016313874	265.0
58.6638706761632	265.0
58.67387133601253	262.0
58.68387199586186	262.0
58.69387265571119	265.0
58.703873315560514	268.0
58.71387397540985	278.0
58.72387463525917	288.0
58.733875295108504	298.0
58.74387595495783	312.0
58.75387661480716	323.0
58.76387727465649	334.0
58.77387793450582	342.0
58.783878594355144	350.0
58.79387925420448	358.0
58.8038799140538	358.0
58.813880573903134	358.0
58.82388123375246	354.0
58.83388189360179	342.0
58.84388255345112	334.0
58.85388321330045	334.0
58.86388387314978	331.0
58.87388453299911	331.0
58.88388519284844	331.0
58.893885852697764	331.0
58.903886512547096	331.0
58.91388717239642	331.0
58.923887832245754	331.0
58.93388849209508	334.0
58.94388915194441	334.0
58.953889811793736	334.0
58.96389047164307	334.0
58.973891131492394	334.0
58.983891791341726	334.0
58.99389245119105	334.0
59.003893111040384	338.0
59.01389377088971	342.0
59.02389443073904	346.0
59.033895090588366	358.0
59.0438957504377	367.0
59.053896410287024	371.0
59.063897070136356	375.0
59.07389772998568	375.0
59.083898389835014	371.0
59.09389904968434	363.0
59.10389970953367	350.0
59.113900369383	334.0
59.12390102923233	312.0
59.13390168908166	284.0
59.143902348930986	259.0
59.15390300878032	250.0
59.163903668629644	248.0
59.173904328478976	248.0
59.1839049883283	253.0
59.19390564817763	259.0
59.20390630802696	281.0
59.21390696787629	301.0
59.223907627725616	316.0
59.23390828757495	327.0
59.24390894742427	334.0
59.253909607273606	342.0
59.26391026712293	346.0
59.27391092697226	346.0
59.28391158682159	346.0
59.29391224667092	342.0
59.303912906520246	338.0
59.31391356636958	334.0
59.3239142262189	334.0
59.333914886068236	334.0
59.34391554591756	334.0
59.35391620576689	334.0
59.36391686561622	334.0
59.37391752546555	334.0
59.38391818531488	327.0
59.39391884516421	316.0
59.40391950501354	305.0
59.413920164862866	262.0
59.4239208247122	0.0
59.43392148456152	0.0
59.443922144410855	0.0
59.45392280426018	0.0
59.46392346410951	0.0
59.47392412395884	0.0
59.48392478380817	0.0
59.493925443657496	0.0
59.50392610350683	0.0
59.51392676335615	0.0
59.523927423205485	0.0
59.53392808305481	0.0
59.54392874290414	402.0
59.55392940275347	407.0
59.5639300626028	407.0
59.573930722452126	407.0
59.58393138230146	407.0
59.59393204215078	412.0
59.603932702000115	412.0
59.61393336184944	407.0
59.62393402169877	407.0
59.633934681548105	407.0
59.64393534139743	407.0
59.65393600124676	407.0
59.66393666109609	402.0
59.67393732094542	402.0
59.683937980794745	402.0
59.69393864064408	402.0
59.7039393004934	402.0
59.713939960342735	402.0
59.72394062019206	402.0
59.73394128004139	402.0
59.74394193989072	402.0
59.75394259974005	402.0
59.763943259589375	402.0
59.77394391943871	402.0
59.78394457928803	402.0
59.793945239137365	402.0
59.80394589898669	402.0
59.81394655883602	402.0
59.82394721868535	402.0
59.83394787853468	402.0
59.843948538384005	402.0
59.85394919823334	402.0
59.86394985808266	402.0
59.873950517931995	402.0
59.88395117778132	402.0
59.89395183763065	402.0
59.903952497479985	402.0
59.91395315732931	402.0
59.92395381717864	402.0
59.93395447702797	402.0
59.9439551368773	402.0
59.953955796726625	402.0
59.96395645657596	402.0
59.97395711642528	402.0
59.983957776274615	402.0
59.99395843612394	402.0
60.00395909597327	402.0
60.0139597558226	402.0
60.02396041567193	402.0
60.033961075521255	402.0
60.04396173537059	402.0
60.05396239521991	402.0
60.063963055069244	402.0
60.07396371491857	402.0
60.0839643747679	398.0
60.09396503461723	389.0
60.10396569446656	371.0
60.113966354315885	358.0
60.12396701416522	338.0
60.13396767401454	0.0
60.143968333863874	0.0
60.15396899371321	0.0
60.16396965356253	0.0
60.173970313411864	0.0
60.18397097326119	0.0
60.19397163311052	0.0
60.20397229295985	0.0
60.21397295280918	402.0
60.223973612658504	402.0
60.23397427250784	407.0
60.24397493235716	407.0
60.253975592206494	407.0
60.26397625205582	407.0
60.27397691190515	407.0
60.28397757175448	407.0
60.29397823160381	407.0
60.303978891453134	407.0
60.31397955130247	407.0
60.32398021115179	407.0
60.333980871001124	407.0
60.34398153085045	407.0
60.35398219069978	407.0
60.36398285054911	407.0
60.37398351039844	407.0
60.383984170247764	407.0
60.3939848300971	407.0
60.40398548994642	407.0
60.413986149795754	402.0
60.423986809645086	398.0
60.43398746949441	393.0
60.443988129343744	393.0
60.45398878919307	389.0
60.4639894490424	384.0
60.473990108891726	375.0
60.48399076874106	371.0
60.493991428590384	363.0
60.503992088439716	358.0
60.51399274828904	350.0
60.523993408138374	346.0
60.5339940679877	342.0
60.54399472783703	338.0
60.553995387686356	334.0
60.56399604753569	334.0
60.573996707385014	331.0
60.583997367234346	331.0
60.59399802708367	331.0
60.603998686933004	331.0
60.61399934678233	331.0
60.62400000663166	331.0
60.634000666480986	331.0
60.64400132633032	331.0
60.654001986179644	331.0
60.664002646028976	334.0
60.67400330587831	342.0
60.684003965727634	350.0
60.694004625576966	363.0
60.70400528542629	371.0
60.71400594527562	380.0
60.72400660512495	389.0
60.73400726497428	402.0
60.744007924823606	407.0
60.75400858467294	402.0
60.76400924452226	402.0
60.774009904371596	402.0
60.78401056422092	398.0
60.79401122407025	398.0
60.80401188391958	402.0
60.81401254376891	402.0
60.824013203618236	402.0
60.83401386346757	407.0
60.84401452331689	402.0
60.854015183166226	402.0
60.86401584301555	402.0
60.87401650286488	398.0
60.88401716271421	398.0
60.89401782256354	393.0
60.904018482412866	393.0
60.9140191422622	389.0
60.92401980211152	389.0
60.934020461960856	389.0
60.94402112181019	389.0
60.95402178165951	393.0
60.964022441508845	402.0
60.97402310135817	412.0
60.9840237612075	421.0
60.99402442105683	431.0
61.00402508090616	441.0
61.014025740755486	452.0
61.02402640060482	452.0
61.03402706045414	457.0
61.044027720303475	457.0
61.0540283801528	457.0
61.06402904000213	457.0
61.07402969985146	457.0
61.08403035970079	452.0
61.094031019550116	452.0
61.10403167939945	452.0
61.11403233924877	452.0
61.124032999098105	447.0
61.13403365894743	447.0
61.14403431879676	441.0
61.15403497864609	436.0
61.16403563849542	431.0
61.174036298344745	426.0
61.18403695819408	421.0
61.19403761804341	407.0
61.204038277892735	389.0
61.21403893774207	371.0
61.22403959759139	358.0
61.234040257440725	346.0
61.24404091729005	342.0
61.25404157713938	342.0
61.26404223698871	346.0
61.27404289683804	350.0
61.284043556687365	363.0
61.2940442165367	384.0
61.30404487638602	393.0
61.314045536235355	398.0
61.32404619608468	398.0
61.33404685593401	398.0
61.34404751578334	402.0
61.35404817563267	402.0
61.364048835481995	402.0
61.37404949533133	402.0
61.38405015518065	402.0
61.394050815029985	402.0
61.40405147487931	402.0
61.41405213472864	402.0
61.42405279457797	402.0
61.4340534544273	402.0
61.444054114276625	402.0
61.45405477412596	402.0
61.46405543397529	402.0
61.474056093824615	402.0
61.48405675367395	402.0
61.49405741352327	402.0
61.504058073372605	402.0
61.51405873322193	402.0
61.52405939307126	402.0
61.53406005292059	402.0
61.54406071276992	402.0
61.554061372619245	402.0
61.56406203246858	402.0
61.5740626923179	402.0
61.584063352167234	402.0
61.59406401201656	402.0
61.60406467186589	402.0
61.61406533171522	402.0
61.62406599156455	402.0
61.634066651413875	402.0
61.64406731126321	402.0
61.65406797111253	402.0
61.664068630961864	402.0
61.67406929081119	402.0
61.68406995066052	402.0
61.69407061050985	402.0
61.70407127035918	402.0
61.71407193020851	402.0
61.72407259005784	402.0
61.73407324990717	402.0
61.744073909756494	398.0
61.75407456960583	398.0
61.76407522945515	398.0
61.774075889304484	398.0
61.78407654915381	402.0
61.79407720900314	402.0
61.80407786885247	402.0
61.8140785287018	402.0
61.824079188551124	402.0
61.83407984840046	402.0
61.84408050824978	407.0
61.854081168099114	407.0
61.86408182794844	402.0
61.87408248779777	402.0
61.8840831476471	402.0
61.89408380749643	398.0
61.904084467345754	393.0
61.91408512719509	389.0
61.92408578704441	384.0
61.934086446893744	384.0
61.94408710674307	384.0
61.9540877665924	384.0
61.964088426441734	393.0
61.97408908629106	398.0
61.98408974614039	412.0
61.994090405989716	417.0
62.00409106583905	426.0
62.014091725688374	441.0
62.024092385537706	452.0
62.03409304538703	457.0
62.044093705236364	457.0
62.05409436508569	457.0
62.06409502493502	457.0
62.074095684784346	457.0
62.08409634463368	452.0
62.094097004483004	452.0
62.104097664332336	452.0
62.11409832418166	452.0
62.124098984030994	452.0
62.13409964388032	452.0
62.14410030372965	452.0
62.154100963578976	452.0
62.16410162342831	452.0
62.174102283277634	452.0
62.184102943126966	447.0
62.19410360297629	447.0
62.20410426282562	447.0
62.21410492267495	441.0
62.22410558252428	436.0
62.23410624237361	436.0
62.24410690222294	431.0
62.25410756207227	426.0
62.264108221921596	426.0
62.27410888177093	421.0
62.28410954162025	421.0
62.294110201469586	426.0
62.30411086131891	436.0
62.31411152116824	441.0
62.32411218101757	452.0
62.3341128408669	452.0
62.344113500716226	452.0
62.35411416056556	452.0
62.36411482041488	452.0
62.374115480264216	452.0
62.38411614011354	447.0
62.39411679996287	447.0
62.4041174598122	447.0
62.41411811966153	447.0
62.424118779510856	447.0
62.43411943936019	452.0
62.44412009920951	452.0
62.454120759058846	452.0
62.46412141890817	452.0
62.4741220787575	452.0
62.484122738606835	452.0
62.49412339845616	452.0
62.50412405830549	452.0
62.51412471815482	452.0
62.52412537800415	452.0
62.534126037853476	447.0
62.54412669770281	447.0
62.55412735755213	441.0
62.564128017401465	436.0
62.57412867725079	431.0
62.58412933710012	431.0
62.59412999694945	431.0
62.60413065679878	431.0
62.614131316648105	436.0
62.62413197649744	441.0
62.63413263634676	457.0
62.644133296196095	468.0
62.65413395604542	484.0
62.66413461589475	507.0
62.67413527574408	525.0
62.68413593559341	537.0
62.694136595442735	537.0
62.70413725529207	544.0
62.71413791514139	544.0
62.724138574990725	544.0
62.73413923484005	537.0
62.74413989468938	531.0
62.754140554538715	525.0
62.76414121438804	507.0
62.77414187423737	496.0
62.7841425340867	484.0
62.79414319393603	479.0
62.804143853785355	473.0
62.81414451363469	468.0
62.82414517348401	462.0
62.834145833333345	457.0
62.84414649318267	452.0
62.854147153032	447.0
62.86414781288133	447.0
62.87414847273066	447.0
62.884149132579985	447.0
62.89414979242932	452.0
62.90415045227864	457.0
62.914151112127975	462.0
62.9241517719773	484.0
62.93415243182663	501.0
62.94415309167596	513.0
62.95415375152529	519.0
62.964154411374615	525.0
62.97415507122395	531.0
62.98415573107327	531.0
62.994156390922605	531.0
63.00415705077194	531.0
63.01415771062126	531.0
63.024158370470595	531.0
63.03415903031992	525.0
63.04415969016925	525.0
63.05416035001858	525.0
63.06416100986791	525.0
63.074161669717235	531.0
63.08416232956657	531.0
63.09416298941589	531.0
63.104163649265224	537.0
63.11416430911455	537.0
63.12416496896388	537.0
63.13416562881321	537.0
63.14416628866254	537.0
63.154166948511865	537.0
63.1641676083612	537.0
63.17416826821052	537.0
63.184168928059854	537.0
63.19416958790918	537.0
63.20417024775851	537.0
63.21417090760784	531.0
63.22417156745717	531.0
63.234172227306495	525.0
63.24417288715583	519.0
63.25417354700515	513.0
63.264174206854484	507.0
63.27417486670382	501.0
63.28417552655314	490.0
63.294176186402474	479.0
63.3041768462518	462.0
63.31417750610113	447.0
63.32417816595046	441.0
63.33417882579979	436.0
63.344179485649114	436.0
63.35418014549845	436.0
63.36418080534777	441.0
63.374181465197104	447.0
63.38418212504643	447.0
63.39418278489576	447.0
63.40418344474509	452.0
63.41418410459442	452.0
63.424184764443744	452.0
63.43418542429308	452.0
63.4441860841424	447.0
63.454186743991734	447.0
63.46418740384106	447.0
63.47418806369039	441.0
63.48418872353972	441.0
63.49418938338905	436.0
63.504190043238374	441.0
63.514190703087706	447.0
63.52419136293704	452.0
63.534192022786364	462.0
63.544192682635696	473.0
63.55419334248502	484.0
63.564194002334354	501.0
63.57419466218368	519.0
63.58419532203301	525.0
63.594195981882336	531.0
63.60419664173167	537.0
63.614197301580994	537.0
63.624197961430326	537.0
63.63419862127965	537.0
63.644199281128984	525.0
63.65419994097831	519.0
63.66420060082764	507.0
63.674201260676966	501.0
63.6842019205263	490.0
63.694202580375624	484.0
63.704203240224956	479.0
63.71420390007428	468.0
63.72420455992361	468.0
63.73420521977294	462.0
63.74420587962227	457.0
63.754206539471596	452.0
63.76420719932093	452.0
63.774207859170254	457.0
63.784208519019586	457.0
63.79420917886892	462.0
63.80420983871824	473.0
63.814210498567576	484.0
63.8242111584169	496.0
63.83421181826623	513.0
63.84421247811556	525.0
63.85421313796489	531.0
63.864213797814216	537.0
63.87421445766355	537.0
63.88421511751287	531.0
63.894215777362206	519.0
63.90421643721153	501.0
63.91421709706086	468.0
63.92421775691019	431.0
63.93421841675952	0.0
63.944219076608846	0.0
63.95421973645818	0.0
63.9642203963075	0.0
63.974221056156836	0.0
63.98422171600616	0.0
63.99422237585549	0.0
64.00422303570483	0.0
64.01422369555415	0.0
64.02422435540348	0.0
64.0342250152528	0.0
64.04422567510214	0.0
64.05422633495147	0.0
64.06422699480079	0.0
64.07422765465013	0.0
64.08422831449946	0.0
64.09422897434878	0.0
64.1042296341981	0.0
64.11423029404745	0.0
64.12423095389677	0.0
64.1342316137461	0.0
64.14423227359542	0.0
64.15423293344476	0.0
64.16423359329409	0.0
64.17423425314341	0.0
64.18423491299274	0.0
64.19423557284208	0.0
64.2042362326914	0.0
64.21423689254073	0.0
64.22423755239005	0.0
64.23423821223939	0.0
64.24423887208872	0.0
64.25423953193804	0.0
64.26424019178737	0.0
64.2742408516367	0.0
64.28424151148603	0.0
64.29424217133536	0.0
64.3042428311847	0.0
64.31424349103402	484.0
64.32424415088335	473.0
64.33424481073267	479.0
64.34424547058201	490.0
64.35424613043133	0.0
64.36424679028066	513.0
64.37424745012999	525.0
64.38424810997932	531.0
64.39424876982865	531.0
64.40424942967798	531.0
64.4142500895273	531.0
64.42425074937664	531.0
64.43425140922596	531.0
64.44425206907529	531.0
64.45425272892462	531.0
64.46425338877395	531.0
64.47425404862328	531.0
64.4842547084726	531.0
64.49425536832193	531.0
64.50425602817127	531.0
64.5142566880206	531.0
64.52425734786992	531.0
64.53425800771925	531.0
64.54425866756858	531.0
64.55425932741791	531.0
64.56425998726723	531.0
64.57426064711657	531.0
64.5842613069659	531.0
64.59426196681522	531.0
64.60426262666455	531.0
64.61426328651389	537.0
64.62426394636321	537.0
64.63426460621254	537.0
64.64426526606186	537.0
64.6542659259112	537.0
64.66426658576053	537.0
64.67426724560985	537.0
64.68426790545918	537.0
64.69426856530852	537.0
64.70426922515784	537.0
64.71426988500717	537.0
64.7242705448565	537.0
64.73427120470583	537.0
64.74427186455516	531.0
64.75427252440448	525.0
64.76427318425381	519.0
64.77427384410315	507.0
64.78427450395247	496.0
64.7942751638018	479.0
64.80427582365112	468.0
64.81427648350046	452.0
64.82427714334979	441.0
64.83427780319911	436.0
64.84427846304845	431.0
64.85427912289778	431.0
64.8642797827471	436.0
64.87428044259643	441.0
64.88428110244577	452.0
64.8942817622951	457.0
64.90428242214442	473.0
64.91428308199374	490.0
64.92428374184308	507.0
64.93428440169241	519.0
64.94428506154173	531.0
64.95428572139106	544.0
64.9642863812404	550.0
64.97428704108972	563.0
64.98428770093905	563.0
64.99428836078837	563.0
65.00428902063771	556.0
65.01428968048704	544.0
65.02429034033636	531.0
65.03429100018569	519.0
65.04429166003503	513.0
65.05429231988435	501.0
65.06429297973368	496.0
65.07429363958302	490.0
65.08429429943234	484.0
65.09429495928167	479.0
65.104295619131	479.0
65.11429627898033	479.0
65.12429693882966	479.0
65.13429759867898	484.0
65.14429825852831	490.0
65.15429891837765	496.0
65.16429957822697	513.0
65.1743002380763	525.0
65.18430089792562	537.0
65.19430155777496	550.0
65.20430221762429	569.0
65.21430287747361	589.0
65.22430353732294	596.0
65.23430419717228	603.0
65.2443048570216	596.0
65.25430551687093	589.0
65.26430617672025	583.0
65.2743068365696	462.0
65.28430749641892	531.0
65.29430815626824	468.0
65.30430881611757	457.0
65.31430947596691	452.0
65.32431013581623	452.0
65.33431079566556	447.0
65.3443114555149	447.0
65.35431211536422	452.0
65.36431277521355	452.0
65.37431343506287	452.0
65.38431409491221	452.0
65.39431475476154	452.0
65.40431541461086	452.0
65.41431607446019	452.0
65.42431673430953	452.0
65.43431739415885	452.0
65.44431805400818	452.0
65.4543187138575	452.0
65.46431937370684	452.0
65.47432003355617	452.0
65.4843206934055	452.0
65.49432135325482	457.0
65.50432201310416	457.0
65.51432267295348	457.0
65.52432333280281	457.0
65.53432399265213	457.0
65.54432465250147	452.0
65.5543253123508	447.0
65.56432597220012	436.0
65.57432663204945	426.0
65.58432729189879	417.0
65.59432795174811	407.0
65.60432861159744	393.0
65.61432927144678	389.0
65.6243299312961	389.0
65.63433059114543	389.0
65.64433125099475	393.0
65.65433191084409	398.0
65.66433257069342	402.0
65.67433323054274	407.0
65.68433389039207	407.0
65.69433455024141	412.0
65.70433521009073	412.0
65.71433586994006	412.0
65.72433652978938	412.0
65.73433718963872	412.0
65.74433784948805	407.0
65.75433850933737	407.0
65.7643391691867	407.0
65.77433982903604	402.0
65.78434048888536	402.0
65.79434114873469	402.0
65.80434180858401	402.0
65.81434246843335	402.0
65.82434312828268	402.0
65.834343788132	402.0
65.84434444798133	402.0
65.85434510783067	402.0
65.86434576767999	398.0
65.87434642752932	389.0
65.88434708737866	380.0
65.89434774722798	375.0
65.90434840707731	375.0
65.91434906692663	371.0
65.92434972677597	371.0
65.9343503866253	375.0
65.94435104647462	375.0
65.95435170632395	389.0
65.96435236617329	412.0
65.97435302602261	431.0
65.98435368587194	452.0
65.99435434572126	462.0
66.0043550055706	468.0
66.01435566541993	473.0
66.02435632526925	473.0
66.03435698511858	473.0
66.04435764496792	473.0
66.05435830481724	473.0
66.06435896466657	473.0
66.07435962451589	468.0
66.08436028436523	468.0
66.09436094421456	468.0
66.10436160406388	468.0
66.11436226391322	462.0
66.12436292376255	462.0
66.13436358361187	462.0
66.1443642434612	462.0
66.15436490331054	462.0
66.16436556315986	462.0
66.17436622300919	457.0
66.18436688285851	457.0
66.19436754270785	457.0
66.20436820255718	457.0
66.2143688624065	457.0
66.22436952225583	457.0
66.23437018210517	457.0
66.24437084195449	457.0
66.25437150180382	457.0
66.26437216165314	452.0
66.27437282150248	452.0
66.2843734813518	452.0
66.29437414120113	452.0
66.30437480105046	452.0
66.3143754608998	447.0
66.32437612074912	447.0
66.33437678059845	447.0
66.34437744044777	447.0
66.35437810029711	447.0
66.36437876014644	447.0
66.37437941999576	447.0
66.3843800798451	447.0
66.39438073969443	452.0
66.40438139954375	457.0
66.41438205939308	462.0
66.42438271924242	473.0
66.43438337909174	479.0
66.44438403894107	484.0
66.45438469879039	484.0
66.46438535863973	484.0
66.47438601848906	484.0
66.48438667833838	479.0
66.4943873381877	473.0
66.50438799803705	468.0
66.51438865788637	462.0
66.5243893177357	457.0
66.53438997758502	452.0
66.54439063743436	447.0
66.55439129728369	441.0
66.56439195713301	441.0
66.57439261698234	447.0
66.58439327683168	452.0
66.594393936681	457.0
66.60439459653033	468.0
66.61439525637965	484.0
66.62439591622899	496.0
66.63439657607832	513.0
66.64439723592764	525.0
66.65439789577698	537.0
66.6643985556263	544.0
66.67439921547563	544.0
66.68439987532496	544.0
66.6944005351743	531.0
66.70440119502362	519.0
66.71440185487295	501.0
66.72440251472227	484.0
66.73440317457161	462.0
66.74440383442094	447.0
66.75440449427026	441.0
66.76440515411959	436.0
66.77440581396893	436.0
66.78440647381825	436.0
66.79440713366758	441.0
66.8044077935169	441.0
66.81440845336624	441.0
66.82440911321557	447.0
66.83440977306489	447.0
66.84441043291422	447.0
66.85441109276356	452.0
66.86441175261288	452.0
66.8744124124622	452.0
66.88441307231153	452.0
66.89441373216087	452.0
66.9044143920102	452.0
66.91441505185952	452.0
66.92441571170886	457.0
66.93441637155819	457.0
66.94441703140751	457.0
66.95441769125684	457.0
66.96441835110618	457.0
66.9744190109555	457.0
66.98441967080483	457.0
66.99442033065415	457.0
67.00442099050349	452.0
67.01442165035282	441.0
67.02442231020214	436.0
67.03442297005147	426.0
67.0444236299008	417.0
67.05442428975013	407.0
67.06442494959946	402.0
67.07442560944878	398.0
67.08442626929812	398.0
67.09442692914745	398.0
67.10442758899677	402.0
67.1144282488461	402.0
67.12442890869544	402.0
67.13442956854476	407.0
67.14443022839409	407.0
67.15443088824343	407.0
67.16443154809275	407.0
67.17443220794208	407.0
67.1844328677914	407.0
67.19443352764074	407.0
67.20443418749007	407.0
67.21443484733939	407.0
67.22443550718872	407.0
67.23443616703806	402.0
67.24443682688738	402.0
67.2544374867367	407.0
67.26443814658603	407.0
67.27443880643537	407.0
67.2844394662847	407.0
67.29444012613402	402.0
67.30444078598335	402.0
67.31444144583268	402.0
67.32444210568201	398.0
67.33444276553134	398.0
67.34444342538066	393.0
67.35444408523	393.0
67.36444474507933	398.0
67.37444540492865	402.0
67.38444606477798	407.0
67.39444672462731	412.0
67.40444738447664	421.0
67.41444804432597	426.0
67.4244487041753	436.0
67.43444936402463	441.0
67.44445002387396	447.0
67.45445068372328	452.0
67.46445134357262	452.0
67.47445200342194	457.0
67.48445266327127	457.0
67.4944533231206	452.0
67.50445398296993	452.0
67.51445464281926	452.0
67.52445530266858	452.0
67.53445596251791	452.0
67.54445662236725	452.0
67.55445728221657	452.0
67.5644579420659	452.0
67.57445860191523	457.0
67.58445926176456	457.0
67.59445992161389	452.0
67.60446058146321	452.0
67.61446124131254	447.0
67.62446190116188	431.0
67.6344625610112	412.0
67.64446322086053	0.0
67.65446388070986	0.0
67.6644645405592	0.0
67.67446520040852	0.0
67.68446586025784	0.0
67.69446652010718	0.0
67.70446717995651	0.0
67.71446783980583	0.0
67.72446849965516	457.0
67.7344691595045	457.0
67.74446981935382	457.0
67.75447047920315	457.0
67.76447113905247	457.0
67.77447179890181	457.0
67.78447245875114	457.0
67.79447311860046	457.0
67.80447377844979	457.0
67.81447443829913	457.0
67.82447509814845	457.0
67.83447575799778	457.0
67.8444764178471	452.0
67.85447707769644	447.0
67.86447773754577	447.0
67.8744783973951	441.0
67.88447905724442	436.0
67.89447971709376	426.0
67.90448037694308	412.0
67.91448103679241	398.0
67.92448169664173	380.0
67.93448235649107	371.0
67.9444830163404	358.0
67.95448367618972	354.0
67.96448433603906	346.0
67.97448499588839	342.0
67.98448565573771	342.0
67.99448631558704	338.0
68.00448697543638	338.0
68.0144876352857	338.0
68.02448829513503	334.0
68.03448895498435	334.0
68.0444896148337	334.0
68.05449027468302	334.0
68.06449093453234	338.0
68.07449159438167	342.0
68.08449225423101	346.0
68.09449291408033	350.0
68.10449357392966	354.0
68.11449423377898	363.0
68.12449489362832	367.0
68.13449555347765	367.0
68.14449621332697	367.0
68.1544968731763	367.0
68.16449753302564	367.0
68.17449819287496	363.0
68.18449885272429	363.0
68.19449951257363	358.0
68.20450017242295	354.0
68.21450083227228	350.0
68.2245014921216	346.0
68.23450215197094	342.0
68.24450281182027	342.0
68.2545034716696	338.0
68.26450413151892	338.0
68.27450479136826	338.0
68.28450545121758	342.0
68.29450611106691	346.0
68.30450677091623	358.0
68.31450743076557	371.0
68.3245080906149	384.0
68.33450875046422	412.0
68.34450941031355	436.0
68.35451007016289	462.0
68.36451073001221	473.0
68.37451138986154	484.0
68.38451204971086	484.0
68.3945127095602	484.0
68.40451336940953	484.0
68.41451402925885	479.0
68.42451468910818	468.0
68.43451534895752	447.0
68.44451600880684	426.0
68.45451666865617	407.0
68.46451732850551	398.0
68.47451798835483	398.0
68.48451864820416	393.0
68.49451930805348	393.0
68.50451996790282	393.0
68.51452062775215	393.0
68.52452128760147	393.0
68.5345219474508	393.0
68.54452260730014	393.0
68.55452326714946	393.0
68.56452392699879	393.0
68.57452458684811	393.0
68.58452524669745	398.0
68.59452590654678	398.0
68.6045265663961	398.0
68.61452722624543	402.0
68.62452788609477	402.0
68.6345285459441	402.0
68.64452920579342	402.0
68.65452986564274	398.0
68.66453052549208	389.0
68.67453118534141	0.0
68.68453184519073	0.0
68.69453250504006	0.0
68.7045331648894	0.0
68.71453382473872	0.0
68.72453448458805	0.0
68.73453514443739	0.0
68.74453580428671	0.0
68.75453646413604	407.0
68.76453712398536	407.0
68.7745377838347	407.0
68.78453844368403	407.0
68.79453910353335	407.0
68.80453976338268	407.0
68.81454042323202	407.0
68.82454108308134	407.0
68.83454174293067	407.0
68.84454240278	407.0
68.85454306262933	412.0
68.86454372247866	412.0
68.87454438232798	412.0
68.88454504217731	412.0
68.89454570202665	412.0
68.90454636187597	412.0
68.9145470217253	412.0
68.92454768157462	412.0
68.93454834142396	412.0
68.94454900127329	412.0
68.95454966112261	407.0
68.96455032097195	407.0
68.97455098082128	402.0
68.9845516406706	393.0
68.99455230051993	384.0
69.00455296036927	375.0
69.01455362021859	358.0
69.02455428006792	342.0
69.03455493991724	327.0
69.04455559976658	323.0
69.05455625961591	316.0
69.06455691946523	316.0
69.07455757931456	316.0
69.0845582391639	327.0
69.09455889901322	342.0
69.10455955886255	354.0
69.11456021871187	367.0
69.12456087856121	380.0
69.13456153841054	393.0
69.14456219825986	402.0
69.15456285810919	412.0
69.16456351795853	417.0
69.17456417780785	417.0
69.18456483765718	417.0
69.1945654975065	417.0
69.20456615735584	412.0
69.21456681720517	402.0
69.22456747705449	393.0
69.23456813690383	384.0
69.24456879675316	371.0
69.25456945660248	367.0
69.26457011645181	358.0
69.27457077630115	350.0
69.28457143615047	346.0
69.2945720959998	342.0
69.30457275584912	338.0
69.31457341569846	334.0
69.32457407554779	334.0
69.33457473539711	334.0
69.34457539524644	331.0
69.35457605509578	331.0
69.3645767149451	331.0
69.37457737479443	331.0
69.38457803464375	334.0
69.39457869449309	334.0
69.40457935434242	342.0
69.41458001419174	346.0
69.42458067404107	354.0
69.4345813338904	358.0
69.44458199373973	363.0
69.45458265358906	363.0
69.46458331343838	363.0
69.47458397328772	363.0
69.48458463313705	363.0
69.49458529298637	358.0
69.50458595283571	354.0
69.51458661268504	346.0
69.52458727253436	338.0
69.53458793238369	327.0
69.54458859223303	319.0
69.55458925208235	308.0
69.56458991193168	298.0
69.574590571781	288.0
69.58459123163034	281.0
69.59459189147967	275.0
69.60459255132899	268.0
69.61459321117832	268.0
69.62459387102766	265.0
69.63459453087698	265.0
69.6445951907263	268.0
69.65459585057563	272.0
69.66459651042497	272.0
69.6745971702743	268.0
69.68459783012362	265.0
69.69459848997295	259.0
69.70459914982229	250.0
69.71459980967161	242.0
69.72460046952094	213.0
69.73460112937026	206.0
69.7446017892196	203.0
69.75460244906893	203.0
69.76460310891825	0.0
69.77460376876759	0.0
69.78460442861692	0.0
69.79460508846624	0.0
69.80460574831557	0.0
69.8146064081649	278.0
69.82460706801423	281.0
69.83460772786356	278.0
69.84460838771288	278.0
69.85460904756222	275.0
69.86460970741155	275.0
69.87461036726087	275.0
69.8846110271102	272.0
69.89461168695954	272.0
69.90461234680886	272.0
69.91461300665819	272.0
69.92461366650751	272.0
69.93461432635685	268.0
69.94461498620618	268.0
69.9546156460555	268.0
69.96461630590483	268.0
69.97461696575417	268.0
69.98461762560349	268.0
69.99461828545282	268.0
70.00461894530216	268.0
70.01461960515148	268.0
70.0246202650008	272.0
70.03462092485013	272.0
70.04462158469947	272.0
70.0546222445488	268.0
70.06462290439812	268.0
70.07462356424745	265.0
70.08462422409679	262.0
70.09462488394611	259.0
70.10462554379544	256.0
70.11462620364476	253.0
70.1246268634941	253.0
70.13462752334343	259.0
70.14462818319275	288.0
70.15462884304208	305.0
70.16462950289142	316.0
70.17463016274074	331.0
70.18463082259007	342.0
70.19463148243939	350.0
70.20463214228873	350.0
70.21463280213806	346.0
70.22463346198738	327.0
70.2346341218367	312.0
70.24463478168605	291.0
70.25463544153537	275.0
70.2646361013847	268.0
70.27463676123404	265.0
70.28463742108336	262.0
70.29463808093269	262.0
70.30463874078201	265.0
70.31463940063135	265.0
70.32464006048068	265.0
70.33464072033	265.0
70.34464138017933	265.0
70.35464204002866	265.0
70.36464269987799	268.0
70.37464335972732	265.0
70.38464401957664	265.0
70.39464467942598	265.0
70.4046453392753	265.0
70.41464599912463	262.0
70.42464665897396	256.0
70.4346473188233	250.0
70.44464797867262	248.0
70.45464863852195	250.0
70.46464929837127	250.0
70.47464995822061	253.0
70.48465061806994	259.0
70.49465127791926	262.0
70.50465193776859	262.0
70.51465259761792	265.0
70.52465325746725	265.0
70.53465391731658	268.0
70.54465457716591	268.0
70.55465523701524	268.0
70.56465589686456	268.0
70.57465655671389	268.0
70.58465721656323	268.0
70.59465787641255	268.0
70.60465853626188	268.0
70.6146591961112	265.0
70.62465985596054	265.0
70.63466051580987	262.0
70.6446611756592	262.0
70.65466183550852	259.0
70.66466249535786	256.0
70.67466315520718	253.0
70.68466381505651	250.0
70.69466447490584	248.0
70.70466513475517	245.0
70.7146657946045	242.0
70.72466645445382	239.0
70.73466711430315	236.0
70.74466777415249	236.0
70.75466843400181	236.0
70.76466909385114	239.0
70.77466975370046	242.0
70.7846704135498	248.0
70.79467107339913	256.0
70.80467173324845	265.0
70.8146723930978	284.0
70.82467305294712	294.0
70.83467371279644	294.0
70.84467437264577	291.0
70.85467503249511	281.0
70.86467569234443	268.0
70.87467635219376	259.0
70.88467701204308	248.0
70.89467767189242	234.0
70.90467833174175	228.0
70.91467899159107	226.0
70.9246796514404	223.0
70.93468031128974	223.0
70.94468097113906	223.0
70.95468163098839	226.0
70.96468229083771	226.0
70.97468295068705	226.0
70.98468361053638	228.0
70.9946842703857	228.0
71.00468493023503	228.0
71.01468559008437	231.0
71.0246862499337	231.0
71.03468690978302	228.0
71.04468756963236	228.0
71.05468822948168	228.0
71.06468888933101	228.0
71.07468954918033	228.0
71.08469020902967	228.0
71.094690868879	226.0
71.10469152872832	226.0
71.11469218857765	223.0
71.12469284842699	218.0
71.13469350827631	208.0
71.14469416812564	201.0
71.15469482797496	194.0
71.1646954878243	194.0
71.17469614767363	194.0
71.18469680752295	194.0
71.19469746737228	196.0
71.20469812722162	199.0
71.21469878707094	201.0
71.22469944692027	203.0
71.2347001067696	203.0
71.24470076661893	203.0
71.25470142646826	203.0
71.26470208631758	201.0
71.27470274616691	0.0
71.28470340601625	0.0
71.29470406586557	0.0
71.3047047257149	0.0
71.31470538556424	0.0
71.32470604541356	0.0
71.33470670526289	0.0
71.34470736511221	0.0
71.35470802496155	0.0
71.36470868481088	0.0
71.3747093446602	0.0
71.38471000450953	0.0
71.39471066435887	0.0
71.4047113242082	0.0
71.41471198405752	0.0
71.42471264390684	0.0
71.43471330375618	0.0
71.44471396360551	0.0
71.45471462345483	0.0
71.46471528330416	0.0
71.4747159431535	0.0
71.48471660300282	0.0
71.49471726285215	0.0
71.50471792270147	0.0
71.51471858255081	0.0
71.52471924240014	0.0
71.53471990224946	0.0
71.54472056209879	0.0
71.55472122194813	0.0
71.56472188179745	0.0
71.57472254164678	0.0
71.58472320149612	0.0
71.59472386134544	0.0
71.60472452119477	0.0
71.6147251810441	0.0
71.62472584089343	0.0
71.63472650074276	0.0
71.64472716059208	0.0
71.65472782044141	346.0
71.66472848029075	346.0
71.67472914014007	346.0
71.6847297999894	350.0
71.69473045983872	354.0
71.70473111968806	367.0
71.71473177953739	389.0
71.72473243938671	393.0
71.73473309923604	398.0
71.74473375908538	398.0
71.7547344189347	398.0
71.76473507878403	393.0
71.77473573863335	393.0
71.78473639848269	389.0
71.79473705833202	389.0
71.80473771818134	389.0
71.81473837803068	389.0
71.82473903788001	389.0
71.83473969772933	393.0
71.84474035757866	393.0
71.854741017428	393.0
71.86474167727732	398.0
71.87474233712665	398.0
71.88474299697597	398.0
71.89474365682531	398.0
71.90474431667464	402.0
71.91474497652396	402.0
71.92474563637329	402.0
71.93474629622263	402.0
71.94474695607195	402.0
71.95474761592128	402.0
71.9647482757706	402.0
71.97474893561994	402.0
71.98474959546927	402.0
71.99475025531859	402.0
72.00475091516792	402.0
72.01475157501726	402.0
72.02475223486658	402.0
72.03475289471591	402.0
72.04475355456523	398.0
72.05475421441457	398.0
72.0647548742639	393.0
72.07475553411322	389.0
72.08475619396256	384.0
72.09475685381189	375.0
72.10475751366121	367.0
72.11475817351054	354.0
72.12475883335988	342.0
72.1347594932092	331.0
72.14476015305853	327.0
72.15476081290785	323.0
72.16476147275719	323.0
72.17476213260652	327.0
72.18476279245584	334.0
72.19476345230517	342.0
72.2047641121545	354.0
72.21476477200383	363.0
72.22476543185316	371.0
72.23476609170248	389.0
72.24476675155182	402.0
72.25476741140115	407.0
72.26476807125047	412.0
72.2747687310998	412.0
72.28476939094914	412.0
72.29477005079846	412.0
72.30477071064779	412.0
72.31477137049711	412.0
72.32477203034645	412.0
72.33477269019578	412.0
72.3447733500451	407.0
72.35477400989444	407.0
72.36477466974377	407.0
72.37477532959309	407.0
72.38477598944242	407.0
72.39477664929176	407.0
72.40477730914108	407.0
72.4147779689904	407.0
72.42477862883973	407.0
72.43477928868907	407.0
72.4447799485384	407.0
72.45478060838772	407.0
72.46478126823705	407.0
72.47478192808639	402.0
72.48478258793571	398.0
72.49478324778504	393.0
72.50478390763436	389.0
72.5147845674837	384.0
72.52478522733303	375.0
72.53478588718235	371.0
72.54478654703168	363.0
72.55478720688102	354.0
72.56478786673034	350.0
72.57478852657967	342.0
72.58478918642899	338.0
72.59478984627833	334.0
72.60479050612766	334.0
72.61479116597698	334.0
72.62479182582632	331.0
72.63479248567565	331.0
72.64479314552497	331.0
72.6547938053743	331.0
72.66479446522364	331.0
72.67479512507296	331.0
72.68479578492229	331.0
72.69479644477161	331.0
72.70479710462095	334.0
72.71479776447028	338.0
72.7247984243196	342.0
72.73479908416893	346.0
72.74479974401827	354.0
72.75480040386759	358.0
72.76480106371692	363.0
72.77480172356624	367.0
72.78480238341558	367.0
72.7948030432649	367.0
72.80480370311423	363.0
72.81480436296356	358.0
72.8248050228129	354.0
72.83480568266222	350.0
72.84480634251155	346.0
72.85480700236089	342.0
72.86480766221021	338.0
72.87480832205954	338.0
72.88480898190886	338.0
72.8948096417582	338.0
72.90481030160753	338.0
72.91481096145685	338.0
72.92481162130618	338.0
72.93481228115552	342.0
72.94481294100484	342.0
72.95481360085417	342.0
72.96481426070349	338.0
72.97481492055283	338.0
72.98481558040216	338.0
72.99481624025148	334.0
73.0048169001008	334.0
73.01481755995015	338.0
73.02481821979947	338.0
73.0348188796488	346.0
73.04481953949812	350.0
73.05482019934746	354.0
73.06482085919679	358.0
73.07482151904611	358.0
73.08482217889544	358.0
73.09482283874478	358.0
73.1048234985941	358.0
73.11482415844343	358.0
73.12482481829277	354.0
73.13482547814209	350.0
73.14482613799142	342.0
73.15482679784074	342.0
73.16482745769008	338.0
73.1748281175394	334.0
73.18482877738873	334.0
73.19482943723806	334.0
73.2048300970874	334.0
73.21483075693672	334.0
73.22483141678605	334.0
73.23483207663537	334.0
73.24483273648471	334.0
73.25483339633404	334.0
73.26483405618336	334.0
73.27483471603269	334.0
73.28483537588203	334.0
73.29483603573135	334.0
73.30483669558068	334.0
73.31483735543	334.0
73.32483801527934	338.0
73.33483867512867	338.0
73.34483933497799	346.0
73.35483999482732	350.0
73.36484065467666	354.0
73.37484131452598	354.0
73.3848419743753	358.0
73.39484263422464	358.0
73.40484329407397	358.0
73.4148439539233	354.0
73.42484461377262	354.0
73.43484527362196	354.0
73.44484593347129	350.0
73.45484659332061	342.0
73.46484725316994	338.0
73.47484791301927	334.0
73.4848485728686	327.0
73.49484923271793	323.0
73.50484989256725	316.0
73.51485055241659	305.0
73.52485121226592	298.0
73.53485187211524	291.0
73.54485253196457	284.0
73.5548531918139	281.0
73.56485385166323	275.0
73.57485451151256	272.0
73.58485517136188	268.0
73.59485583121122	268.0
73.60485649106054	265.0
73.61485715090987	265.0
73.6248578107592	268.0
73.63485847060853	268.0
73.64485913045786	268.0
73.65485979030719	268.0
73.66486045015652	268.0
73.67486111000585	268.0
73.68486176985517	268.0
73.6948624297045	262.0
73.70486308955384	259.0
73.71486374940316	256.0
73.72486440925249	253.0
73.73486506910182	253.0
73.74486572895115	256.0
73.75486638880048	259.0
73.7648670486498	262.0
73.77486770849913	268.0
73.78486836834847	275.0
73.7948690281978	284.0
73.80486968804712	301.0
73.81487034789644	316.0
73.82487100774578	334.0
73.83487166759511	346.0
73.84487232744443	354.0
73.85487298729376	358.0
73.8648736471431	358.0
73.87487430699242	354.0
73.88487496684175	354.0
73.89487562669109	350.0
73.90487628654041	346.0
73.91487694638974	346.0
73.92487760623906	342.0
73.9348782660884	342.0
73.94487892593773	342.0
73.95487958578705	338.0
73.96488024563638	338.0
73.97488090548572	338.0
73.98488156533504	338.0
73.99488222518437	338.0
74.0048828850337	338.0
74.01488354488303	338.0
74.02488420473236	342.0
74.03488486458168	346.0
74.04488552443101	350.0
74.05488618428035	358.0
74.06488684412967	358.0
74.074887503979	363.0
74.08488816382832	363.0
74.09488882367766	363.0
74.10488948352699	363.0
74.11489014337631	358.0
74.12489080322564	354.0
74.13489146307498	342.0
74.1448921229243	323.0
74.15489278277363	301.0
74.16489344262297	275.0
74.1748941024723	262.0
74.18489476232162	259.0
74.19489542217094	259.0
74.20489608202028	265.0
74.21489674186961	278.0
74.22489740171893	288.0
74.23489806156826	301.0
74.2448987214176	305.0
74.25489938126692	312.0
74.26490004111625	319.0
74.27490070096557	327.0
74.28490136081491	331.0
74.29490202066424	334.0
74.30490268051356	338.0
74.31490334036289	338.0
74.32490400021223	342.0
74.33490466006155	342.0
74.34490531991088	338.0
74.3549059797602	338.0
74.36490663960954	338.0
74.37490729945887	338.0
74.3849079593082	338.0
74.39490861915752	338.0
74.40490927900686	342.0
74.41490993885618	342.0
74.42491059870551	346.0
74.43491125855485	346.0
74.44491191840417	342.0
74.4549125782535	338.0
74.46491323810282	338.0
74.47491389795216	331.0
74.48491455780149	323.0
74.49491521765081	312.0
74.50491587750014	298.0
74.51491653734948	278.0
74.5249171971988	262.0
74.53491785704813	256.0
74.54491851689745	253.0
74.5549191767468	253.0
74.56491983659612	253.0
74.57492049644544	256.0
74.58492115629477	259.0
74.59492181614411	262.0
74.60492247599343	265.0
74.61492313584276	265.0
74.62492379569208	268.0
74.63492445554142	268.0
74.64492511539075	268.0
74.65492577524007	268.0
74.6649264350894	265.0
74.67492709493874	265.0
74.68492775478806	265.0
74.69492841463739	265.0
74.70492907448673	265.0
74.71492973433605	265.0
74.72493039418538	265.0
74.7349310540347	265.0
74.74493171388404	262.0
74.75493237373337	262.0
74.7649330335827	259.0
74.77493369343202	256.0
74.78493435328136	250.0
74.79493501313068	245.0
74.80493567298001	239.0
74.81493633282933	236.0
74.82493699267867	239.0
74.834937652528	245.0
74.84493831237732	253.0
74.85493897222665	259.0
74.86493963207599	262.0
74.87494029192531	262.0
74.88494095177464	265.0
74.89494161162396	265.0
74.9049422714733	265.0
74.91494293132263	265.0
74.92494359117195	265.0
74.93494425102129	265.0
74.94494491087062	262.0
74.95494557071994	262.0
74.96494623056927	262.0
74.97494689041861	265.0
74.98494755026793	265.0
74.99494821011726	265.0
75.00494886996658	265.0
75.01494952981592	265.0
75.02495018966525	265.0
75.03495084951457	265.0
75.0449515093639	265.0
75.05495216921324	262.0
75.06495282906256	262.0
75.07495348891189	259.0
75.08495414876121	256.0
75.09495480861055	253.0
75.10495546845988	248.0
75.1149561283092	242.0
75.12495678815853	234.0
75.13495744800787	223.0
75.14495810785719	218.0
75.15495876770652	215.0
75.16495942755584	213.0
75.17496008740518	215.0
75.18496074725451	218.0
75.19496140710383	223.0
75.20496206695317	228.0
75.2149627268025	236.0
75.22496338665182	242.0
75.23496404650115	248.0
75.24496470635049	256.0
75.25496536619981	262.0
75.26496602604914	265.0
75.27496668589846	265.0
75.2849673457478	265.0
75.29496800559713	262.0
75.30496866544645	259.0
75.31496932529578	256.0
75.32496998514512	250.0
75.33497064499444	248.0
75.34497130484377	242.0
75.35497196469309	239.0
75.36497262454243	239.0
75.37497328439176	236.0
75.38497394424108	236.0
75.39497460409041	236.0
75.40497526393975	234.0
75.41497592378907	234.0
75.4249765836384	234.0
75.43497724348772	236.0
75.44497790333706	239.0
75.45497856318639	245.0
75.46497922303571	250.0
75.47497988288505	262.0
75.48498054273438	275.0
75.4949812025837	288.0
75.50498186243303	294.0
75.51498252228237	294.0
75.52498318213169	291.0
75.53498384198102	284.0
75.54498450183034	278.0
75.55498516167968	265.0
75.564985821529	253.0
75.57498648137833	239.0
75.58498714122766	231.0
75.594987801077	226.0
75.60498846092632	223.0
75.61498912077565	223.0
75.62498978062497	226.0
75.63499044047431	226.0
75.64499110032364	226.0
75.65499176017296	226.0
75.66499242002229	226.0
75.67499307987163	226.0
75.68499373972095	223.0
75.69499439957028	223.0
75.70499505941962	223.0
75.71499571926894	223.0
75.72499637911827	220.0
75.73499703896759	220.0
75.74499769881693	220.0
75.75499835866626	220.0
75.76499901851558	220.0
75.7749996783649	220.0
75.78500033821425	220.0
75.79500099806357	220.0
75.8050016579129	223.0
75.81500231776222	223.0
75.82500297761156	226.0
75.83500363746089	228.0
75.84500429731021	228.0
75.85500495715954	228.0
75.86500561700888	231.0
75.8750062768582	231.0
75.88500693670753	231.0
75.89500759655685	231.0
75.90500825640619	231.0
75.91500891625552	228.0
75.92500957610484	228.0
75.93501023595417	226.0
75.9450108958035	226.0
75.95501155565283	226.0
75.96501221550216	226.0
75.9750128753515	226.0
75.98501353520082	226.0
75.99501419505015	226.0
76.00501485489947	223.0
76.01501551474881	223.0
76.02501617459814	223.0
76.03501683444746	220.0
76.04501749429679	223.0
76.05501815414613	226.0
76.06501881399545	231.0
76.07501947384478	236.0
76.0850201336941	245.0
76.09502079354344	253.0
76.10502145339277	262.0
76.11502211324209	268.0
76.12502277309142	272.0
76.13502343294076	275.0
76.14502409279008	275.0
76.1550247526394	275.0
76.16502541248873	272.0
76.17502607233807	268.0
76.1850267321874	265.0
76.19502739203672	262.0
76.20502805188605	256.0
76.21502871173539	250.0
76.22502937158471	245.0
76.23503003143404	239.0
76.24503069128338	236.0
76.2550313511327	231.0
76.26503201098203	231.0
76.27503267083135	228.0
76.28503333068069	226.0
76.29503399053002	223.0
76.30503465037934	223.0
76.31503531022867	220.0
76.325035970078	218.0
76.33503662992733	220.0
76.34503728977666	223.0
76.35503794962598	226.0
76.36503860947532	228.0
76.37503926932465	234.0
76.38503992917397	242.0
76.3950405890233	248.0
76.40504124887264	253.0
76.41504190872196	256.0
76.42504256857129	262.0
76.43504322842061	265.0
76.44504388826995	265.0
76.45504454811928	268.0
76.4650452079686	268.0
76.47504586781793	268.0
76.48504652766727	268.0
76.49504718751659	268.0
76.50504784736592	268.0
76.51504850721525	268.0
76.52504916706458	268.0
76.5350498269139	265.0
76.54505048676323	265.0
76.55505114661257	262.0
76.5650518064619	259.0
76.57505246631122	256.0
76.58505312616055	253.0
76.59505378600988	250.0
76.60505444585921	250.0
76.61505510570854	250.0
76.62505576555786	250.0
76.6350564254072	250.0
76.64505708525652	253.0
76.65505774510585	256.0
76.66505840495518	256.0
76.67505906480451	259.0
76.68505972465384	259.0
76.69506038450317	262.0
76.70506104435249	259.0
76.71506170420183	259.0
76.72506236405115	256.0
76.73506302390048	250.0
76.74506368374982	248.0
76.75506434359914	242.0
76.76506500344847	239.0
76.7750656632978	236.0
76.78506632314713	234.0
76.79506698299646	231.0
76.80506764284578	231.0
76.81506830269511	228.0
76.82506896254445	228.0
76.83506962239377	228.0
76.8450702822431	228.0
76.85507094209242	228.0
76.86507160194176	228.0
76.87507226179109	228.0
76.88507292164041	228.0
76.89507358148974	228.0
76.90507424133908	228.0
76.9150749011884	228.0
76.92507556103773	228.0
76.93507622088705	228.0
76.9450768807364	228.0
76.95507754058572	228.0
76.96507820043504	228.0
76.97507886028437	228.0
76.98507952013371	231.0
76.99508017998303	236.0
77.00508083983236	239.0
77.0150814996817	242.0
77.02508215953102	245.0
77.03508281938035	248.0
77.04508347922967	245.0
77.05508413907901	245.0
77.06508479892834	242.0
77.07508545877766	239.0
77.08508611862699	234.0
77.09508677847633	231.0
77.10508743832565	231.0
77.11508809817498	228.0
77.1250887580243	226.0
77.13508941787364	226.0
77.14509007772297	226.0
77.1550907375723	226.0
77.16509139742162	226.0
77.17509205727096	228.0
77.18509271712028	228.0
77.19509337696961	228.0
77.20509403681893	228.0
77.21509469666827	228.0
77.2250953565176	228.0
77.23509601636692	228.0
77.24509667621625	228.0
77.25509733606559	228.0
77.26509799591491	228.0
77.27509865576424	228.0
77.28509931561358	231.0
77.2950999754629	231.0
77.30510063531223	234.0
77.31510129516155	236.0
77.3251019550109	239.0
77.33510261486022	242.0
77.34510327470954	245.0
77.35510393455887	245.0
77.36510459440821	248.0
77.37510525425753	248.0
77.38510591410686	250.0
77.39510657395618	250.0
77.40510723380552	250.0
77.41510789365485	250.0
77.42510855350417	250.0
77.4351092133535	248.0
77.44510987320284	248.0
77.45511053305216	248.0
77.46511119290149	248.0
77.47511185275081	248.0
77.48511251260015	245.0
77.49511317244948	245.0
77.5051138322988	242.0
77.51511449214813	239.0
77.52511515199747	236.0
77.5351158118468	231.0
77.54511647169612	226.0
77.55511713154546	220.0
77.56511779139478	215.0
77.57511845124411	213.0
77.58511911109343	210.0
77.59511977094277	208.0
77.6051204307921	208.0
77.61512109064142	208.0
77.62512175049075	208.0
77.63512241034009	208.0
77.64512307018941	208.0
77.65512373003874	208.0
77.66512438988806	208.0
77.6751250497374	208.0
77.68512570958673	210.0
77.69512636943605	210.0
77.70512702928538	213.0
77.71512768913472	218.0
77.72512834898404	223.0
77.73512900883337	228.0
77.7451296686827	228.0
77.75513032853203	231.0
77.76513098838136	231.0
77.77513164823068	228.0
77.78513230808002	228.0
77.79513296792935	228.0
77.80513362777867	226.0
77.815134287628	226.0
77.82513494747734	226.0
77.83513560732666	226.0
77.84513626717599	226.0
77.85513692702531	226.0
77.86513758687465	226.0
77.87513824672398	226.0
77.8851389065733	223.0
77.89513956642263	223.0
77.90514022627197	223.0
77.91514088612129	223.0
77.92514154597062	223.0
77.93514220581994	223.0
77.94514286566928	226.0
77.95514352551861	226.0
77.96514418536793	226.0
77.97514484521726	226.0
77.9851455050666	226.0
77.99514616491592	226.0
78.00514682476525	226.0
78.01514748461457	226.0
78.02514814446391	226.0
78.03514880431324	226.0
78.04514946416256	226.0
78.0551501240119	226.0
78.06515078386123	226.0
78.07515144371055	226.0
78.08515210355988	226.0
78.09515276340922	226.0
78.10515342325854	228.0
78.11515408310787	228.0
78.12515474295719	228.0
78.13515540280653	228.0
78.14515606265586	228.0
78.15515672250518	228.0
78.16515738235451	226.0
78.17515804220385	223.0
78.18515870205317	220.0
78.1951593619025	215.0
78.20516002175182	210.0
78.21516068160116	208.0
78.22516134145049	206.0
78.23516200129981	208.0
78.24516266114914	210.0
78.25516332099848	215.0
78.2651639808478	223.0
78.27516464069713	234.0
78.28516530054645	242.0
78.29516596039579	253.0
78.30516662024512	262.0
78.31516728009444	268.0
78.32516793994378	268.0
78.3351685997931	272.0
78.34516925964243	272.0
78.35516991949176	268.0
78.3651705793411	268.0
78.37517123919042	268.0
78.38517189903975	268.0
78.39517255888907	265.0
78.40517321873841	262.0
78.41517387858774	262.0
78.42517453843706	256.0
78.43517519828639	253.0
78.44517585813573	250.0
78.45517651798505	245.0
78.46517717783438	239.0
78.4751778376837	234.0
78.48517849753304	228.0
78.49517915738237	220.0
78.50517981723169	215.0
78.51518047708102	210.0
78.52518113693036	210.0
78.53518179677968	210.0
78.54518245662901	215.0
78.55518311647835	223.0
78.56518377632767	234.0
78.575184436177	242.0
78.58518509602632	250.0
78.59518575587566	262.0
78.60518641572499	268.0
78.61518707557431	272.0
78.62518773542364	275.0
78.63518839527298	275.0
78.6451890551223	275.0
78.65518971497163	275.0
78.66519037482095	272.0
78.67519103467029	272.0
78.68519169451962	272.0
78.69519235436894	272.0
78.70519301421827	268.0
78.7151936740676	268.0
78.72519433391693	268.0
78.73519499376626	268.0
78.74519565361558	268.0
78.75519631346492	268.0
78.76519697331425	265.0
78.77519763316357	265.0
78.7851982930129	265.0
78.79519895286224	265.0
78.80519961271156	265.0
78.81520027256089	265.0
78.82520093241023	265.0
78.83520159225955	265.0
78.84520225210888	265.0
78.8552029119582	265.0
78.86520357180754	262.0
78.87520423165687	262.0
78.88520489150619	259.0
78.89520555135552	256.0
78.90520621120486	0.0
78.91520687105418	0.0
78.9252075309035	0.0
78.93520819075283	0.0
78.94520885060217	0.0
78.9552095104515	0.0
78.96521017030082	0.0
78.97521083015015	0.0
78.98521148999949	0.0
78.99521214984881	0.0
79.00521280969814	0.0
79.01521346954746	0.0
79.0252141293968	0.0
79.03521478924613	0.0
79.04521544909545	0.0
79.05521610894478	0.0
79.06521676879412	0.0
79.07521742864344	0.0
79.08521808849277	0.0
79.0952187483421	0.0
79.10521940819143	0.0
79.11522006804076	0.0
79.12522072789008	0.0
79.13522138773942	0.0
79.14522204758875	0.0
79.15522270743807	0.0
79.1652233672874	0.0
79.17522402713674	0.0
79.18522468698606	0.0
79.19522534683539	0.0
79.20522600668471	0.0
79.21522666653405	0.0
79.22522732638338	0.0
79.2352279862327	0.0
79.24522864608203	0.0
79.25522930593137	0.0
79.26522996578069	0.0
79.27523062563002	0.0
79.28523128547934	0.0
79.29523194532868	0.0
79.305232605178	0.0
79.31523326502733	0.0
79.32523392487666	0.0
79.335234584726	0.0
79.34523524457532	0.0
79.35523590442465	0.0
79.36523656427399	0.0
79.37523722412331	0.0
79.38523788397264	0.0
79.39523854382196	0.0
79.4052392036713	0.0
79.41523986352063	0.0
79.42524052336995	0.0
79.43524118321928	338.0
79.44524184306862	334.0
79.45524250291794	334.0
79.46524316276727	338.0
79.47524382261659	354.0
79.48524448246593	358.0
79.49524514231526	358.0
79.50524580216458	354.0
79.5152464620139	350.0
79.52524712186325	346.0
79.53524778171257	338.0
79.5452484415619	338.0
79.55524910141122	334.0
79.56524976126056	334.0
79.57525042110989	334.0
79.58525108095921	331.0
79.59525174080855	331.0
79.60525240065788	331.0
79.6152530605072	331.0
79.62525372035653	331.0
79.63525438020586	331.0
79.64525504005519	331.0
79.65525569990452	334.0
79.66525635975384	334.0
79.67525701960318	338.0
79.6852576794525	346.0
79.69525833930183	354.0
79.70525899915116	358.0
79.7152596590005	363.0
79.72526031884982	371.0
79.73526097869915	375.0
79.74526163854847	375.0
79.75526229839781	375.0
79.76526295824713	371.0
79.77526361809646	363.0
79.78526427794579	354.0
79.79526493779512	334.0
79.80526559764445	319.0
79.81526625749378	305.0
79.8252669173431	288.0
79.83526757719244	278.0
79.84526823704176	272.0
79.85526889689109	268.0
79.86526955674043	268.0
79.87527021658975	268.0
79.88527087643908	268.0
79.8952715362884	268.0
79.90527219613774	272.0
79.91527285598707	272.0
79.9252735158364	268.0
79.93527417568572	268.0
79.94527483553506	268.0
79.95527549538438	268.0
79.96527615523371	268.0
79.97527681508303	268.0
79.98527747493237	268.0
79.9952781347817	268.0
80.00527879463102	268.0
80.01527945448035	268.0
80.02528011432969	268.0
80.03528077417901	268.0
80.04528143402834	272.0
80.05528209387766	272.0
80.065282753727	272.0
80.07528341357633	272.0
80.08528407342565	272.0
80.09528473327498	272.0
80.10528539312432	272.0
80.11528605297364	272.0
80.12528671282297	272.0
80.13528737267231	272.0
80.14528803252163	272.0
80.15528869237096	272.0
80.16528935222028	272.0
80.17529001206962	272.0
80.18529067191895	268.0
80.19529133176827	268.0
80.2052919916176	265.0
80.21529265146694	262.0
80.22529331131626	259.0
80.23529397116559	256.0
80.24529463101491	253.0
80.25529529086425	250.0
80.26529595071358	248.0
80.2752966105629	245.0
80.28529727041223	242.0
80.29529793026157	239.0
80.3052985901109	239.0
80.31529924996022	236.0
80.32529990980954	236.0
80.33530056965888	234.0
80.34530122950821	234.0
80.35530188935753	234.0
80.36530254920686	234.0
80.3753032090562	239.0
80.38530386890552	245.0
80.39530452875485	250.0
80.40530518860419	262.0
80.41530584845351	275.0
80.42530650830284	294.0
80.43530716815216	298.0
80.4453078280015	298.0
80.45530848785083	288.0
80.46530914770015	278.0
80.47530980754948	265.0
80.48531046739882	256.0
80.49531112724814	239.0
80.50531178709747	226.0
80.5153124469468	218.0
80.52531310679613	215.0
80.53531376664546	218.0
80.54531442649478	220.0
80.55531508634411	220.0
80.56531574619345	223.0
80.57531640604277	223.0
80.5853170658921	226.0
80.59531772574142	226.0
80.60531838559076	226.0
80.61531904544009	226.0
80.62531970528941	226.0
80.63532036513875	226.0
80.64532102498808	226.0
80.6553216848374	226.0
80.66532234468673	228.0
80.67532300453607	228.0
80.6853236643854	226.0
80.69532432423472	226.0
80.70532498408404	223.0
80.71532564393338	220.0
80.72532630378271	215.0
80.73532696363203	208.0
80.74532762348136	0.0
80.7553282833307	0.0
80.76532894318002	0.0
80.77532960302935	0.0
80.78533026287867	0.0
80.79533092272801	0.0
80.80533158257734	0.0
80.81533224242666	0.0
80.82533290227599	0.0
80.83533356212533	0.0
80.84533422197465	0.0
80.85533488182398	223.0
80.8653355416733	220.0
80.87533620152264	220.0
80.88533686137197	220.0
80.8953375212213	223.0
80.90533818107063	223.0
80.91533884091996	226.0
80.92533950076928	226.0
80.93534016061861	226.0
80.94534082046795	226.0
80.95534148031727	223.0
80.9653421401666	223.0
80.97534280001592	220.0
80.98534345986526	220.0
80.99534411971459	218.0
81.00534477956391	215.0
81.01534543941324	215.0
81.02534609926258	218.0
81.0353467591119	223.0
81.04534741896123	234.0
81.05534807881055	242.0
81.06534873865989	250.0
81.07534939850922	262.0
81.08535005835854	272.0
81.09535071820787	281.0
81.10535137805721	284.0
81.11535203790653	284.0
81.12535269775586	281.0
81.13535335760518	278.0
81.14535401745452	268.0
81.15535467730385	262.0
81.16535533715317	256.0
81.17535599700251	250.0
81.18535665685184	245.0
81.19535731670116	236.0
81.20535797655049	226.0
81.21535863639983	218.0
81.22535929624915	213.0
81.23535995609848	210.0
81.2453606159478	210.0
81.25536127579714	213.0
81.26536193564647	218.0
81.27536259549579	228.0
81.28536325534512	239.0
81.29536391519446	250.0
81.30536457504378	259.0
81.31536523489311	268.0
81.32536589474243	272.0
81.33536655459177	275.0
81.3453672144411	275.0
81.35536787429042	272.0
81.36536853413975	272.0
81.37536919398909	272.0
81.38536985383841	272.0
81.39537051368774	272.0
81.40537117353706	272.0
81.4153718333864	268.0
81.42537249323573	268.0
81.43537315308505	265.0
81.44537381293439	262.0
81.45537447278372	262.0
81.46537513263304	259.0
81.47537579248237	259.0
81.4853764523317	259.0
81.49537711218103	265.0
81.50537777203036	272.0
81.51537843187968	284.0
81.52537909172902	301.0
81.53537975157835	319.0
81.54538041142767	331.0
81.555381071277	346.0
81.56538173112634	354.0
81.57538239097566	363.0
81.58538305082499	363.0
81.59538371067431	363.0
81.60538437052365	363.0
81.61538503037298	358.0
81.6253856902223	354.0
81.63538635007163	350.0
81.64538700992097	342.0
81.65538766977029	338.0
81.66538832961962	338.0
81.67538898946896	338.0
81.68538964931828	338.0
81.6953903091676	338.0
81.70539096901693	338.0
81.71539162886627	338.0
81.7253922887156	338.0
81.73539294856492	334.0
81.74539360841425	334.0
81.75539426826359	334.0
81.76539492811291	334.0
81.77539558796224	334.0
81.78539624781156	338.0
81.7953969076609	338.0
81.80539756751023	346.0
81.81539822735955	354.0
81.82539888720888	363.0
81.83539954705822	371.0
81.84540020690754	384.0
81.85540086675687	384.0
81.86540152660619	384.0
81.87540218645553	380.0
81.88540284630486	375.0
81.89540350615418	363.0
81.9054041660035	346.0
81.91540482585285	319.0
81.92540548570217	294.0
81.9354061455515	256.0
81.94540680540084	250.0
81.95540746525016	248.0
81.96540812509949	248.0
81.97540878494881	250.0
81.98540944479815	265.0
81.99541010464748	294.0
82.0054107644968	308.0
82.01541142434613	319.0
82.02541208419547	331.0
82.03541274404479	338.0
82.04541340389412	342.0
82.05541406374344	342.0
82.06541472359278	342.0
82.0754153834421	342.0
82.08541604329143	342.0
82.09541670314076	338.0
82.1054173629901	338.0
82.11541802283942	338.0
82.12541868268875	338.0
82.13541934253807	334.0
82.14542000238741	334.0
82.15542066223674	331.0
82.16542132208606	327.0
82.17542198193539	312.0
82.18542264178473	0.0
82.19542330163405	0.0
82.20542396148338	0.0
82.21542462133272	0.0
82.22542528118204	0.0
82.23542594103137	0.0
82.24542660088069	0.0
82.25542726073003	0.0
82.26542792057936	0.0
82.27542858042868	0.0
82.285429240278	0.0
82.29542990012735	0.0
82.30543055997667	412.0
82.315431219826	417.0
82.32543187967532	417.0
82.33543253952466	417.0
82.34543319937399	417.0
82.35543385922331	412.0
82.36543451907264	412.0
82.37543517892198	412.0
82.3854358387713	412.0
82.39543649862063	412.0
82.40543715846995	412.0
82.41543781831929	412.0
82.42543847816862	407.0
82.43543913801794	407.0
82.44543979786728	407.0
82.4554404577166	407.0
82.46544111756593	407.0
82.47544177741526	407.0
82.4854424372646	407.0
82.49544309711392	412.0
82.50544375696325	412.0
82.51544441681257	412.0
82.52544507666191	412.0
82.53544573651124	412.0
82.54544639636056	412.0
82.55544705620989	412.0
82.56544771605923	412.0
82.57544837590855	412.0
82.58544903575788	412.0
82.5954496956072	407.0
82.60545035545654	407.0
82.61545101530587	407.0
82.62545167515519	407.0
82.63545233500452	407.0
82.64545299485385	402.0
82.65545365470318	407.0
82.6654543145525	407.0
82.67545497440183	407.0
82.68545563425117	407.0
82.6954562941005	407.0
82.70545695394982	407.0
82.71545761379916	407.0
82.72545827364848	407.0
82.73545893349781	402.0
82.74545959334714	402.0
82.75546025319647	402.0
82.7654609130458	407.0
82.77546157289513	407.0
82.78546223274445	407.0
82.79546289259379	407.0
82.80546355244311	407.0
82.81546421229244	407.0
82.82546487214177	407.0
82.8354655319911	407.0
82.84546619184043	402.0
82.85546685168976	402.0
82.86546751153908	393.0
82.87546817138842	384.0
82.88546883123774	367.0
82.89546949108707	358.0
82.9054701509364	342.0
82.91547081078573	0.0
82.92547147063506	0.0
82.93547213048438	0.0
82.94547279033371	0.0
82.95547345018305	0.0
82.96547411003237	0.0
82.9754747698817	389.0
82.98547542973104	393.0
82.99547608958036	398.0
83.00547674942969	398.0
83.01547740927901	402.0
83.02547806912835	402.0
83.03547872897768	407.0
83.045479388827	407.0
83.05548004867633	412.0
83.06548070852567	412.0
83.075481368375	412.0
83.08548202822432	412.0
83.09548268807364	412.0
83.10548334792298	412.0
83.11548400777231	412.0
83.12548466762163	407.0
83.13548532747096	407.0
83.1454859873203	402.0
83.15548664716962	402.0
83.16548730701895	393.0
83.17548796686827	389.0
83.18548862671761	384.0
83.19548928656694	380.0
83.20548994641626	371.0
83.21549060626559	363.0
83.22549126611493	354.0
83.23549192596425	346.0
83.24549258581358	338.0
83.25549324566292	334.0
83.26549390551224	331.0
83.27549456536157	331.0
83.2854952252109	331.0
83.29549588506023	331.0
83.30549654490956	331.0
83.31549720475888	331.0
83.32549786460821	331.0
83.33549852445755	331.0
83.34549918430687	334.0
83.3554998441562	334.0
83.36550050400552	334.0
83.37550116385486	338.0
83.38550182370419	338.0
83.39550248355351	342.0
83.40550314340284	350.0
83.41550380325218	358.0
83.4255044631015	371.0
83.43550512295083	380.0
83.44550578280015	393.0
83.4555064426495	402.0
83.46550710249882	407.0
83.47550776234814	412.0
83.48550842219748	412.0
83.49550908204681	407.0
83.50550974189613	407.0
83.51551040174546	402.0
83.5255110615948	402.0
83.53551172144412	398.0
83.54551238129345	402.0
83.55551304114277	402.0
83.56551370099211	402.0
83.57551436084144	402.0
83.58551502069076	407.0
83.59551568054009	402.0
83.60551634038943	402.0
83.61551700023875	398.0
83.62551766008808	398.0
83.6355183199374	393.0
83.64551897978674	393.0
83.65551963963607	393.0
83.6655202994854	393.0
83.67552095933472	393.0
83.68552161918406	393.0
83.69552227903338	398.0
83.70552293888271	407.0
83.71552359873203	417.0
83.72552425858137	426.0
83.7355249184307	436.0
83.74552557828002	447.0
83.75552623812936	452.0
83.76552689797869	457.0
83.77552755782801	457.0
83.78552821767734	457.0
83.79552887752668	457.0
83.805529537376	457.0
83.81553019722533	457.0
83.82553085707465	452.0
83.835531516924	452.0
83.84553217677332	452.0
83.85553283662264	452.0
83.86553349647197	452.0
83.87553415632131	447.0
83.88553481617063	447.0
83.89553547601996	441.0
83.90553613586928	436.0
83.91553679571862	426.0
83.92553745556795	417.0
83.93553811541727	402.0
83.9455387752666	389.0
83.95553943511594	371.0
83.96554009496526	354.0
83.97554075481459	338.0
83.98554141466391	331.0
83.99554207451325	323.0
84.00554273436258	323.0
84.0155433942119	323.0
84.02554405406124	331.0
84.03554471391057	346.0
84.0455453737599	384.0
84.05554603360922	393.0
84.06554669345856	398.0
84.07554735330788	402.0
84.08554801315721	402.0
84.09554867300653	407.0
84.10554933285587	407.0
84.1155499927052	407.0
84.12555065255452	407.0
84.13555131240385	407.0
84.14555197225319	402.0
84.15555263210251	402.0
84.16555329195184	402.0
84.17555395180116	402.0
84.1855546116505	402.0
84.19555527149983	402.0
84.20555593134915	402.0
84.21555659119848	402.0
84.22555725104782	402.0
84.23555791089714	402.0
84.24555857074647	402.0
84.2555592305958	402.0
84.26555989044513	402.0
84.27556055029446	402.0
84.28556121014378	402.0
84.29556186999312	402.0
84.30556252984245	402.0
84.31556318969177	402.0
84.3255638495411	402.0
84.33556450939044	402.0
84.34556516923976	402.0
84.35556582908909	402.0
84.36556648893841	402.0
84.37556714878775	402.0
84.38556780863708	402.0
84.3955684684864	398.0
84.40556912833573	398.0
84.41556978818507	398.0
84.42557044803439	398.0
84.43557110788372	398.0
84.44557176773304	398.0
84.45557242758238	398.0
84.46557308743171	398.0
84.47557374728103	398.0
84.48557440713036	402.0
84.4955750669797	402.0
84.50557572682902	402.0
84.51557638667835	402.0
84.52557704652769	402.0
84.53557770637701	402.0
84.54557836622634	402.0
84.55557902607566	402.0
84.565579685925	402.0
84.57558034577433	402.0
84.58558100562365	402.0
84.59558166547298	402.0
84.60558232532232	402.0
84.61558298517164	398.0
84.62558364502097	398.0
84.63558430487029	393.0
84.64558496471963	393.0
84.65558562456896	384.0
84.66558628441828	380.0
84.67558694426761	380.0
84.68558760411695	380.0
84.69558826396627	380.0
84.7055889238156	384.0
84.71558958366492	398.0
84.72559024351426	407.0
84.73559090336359	417.0
84.74559156321291	426.0
84.75559222306224	436.0
84.76559288291158	441.0
84.7755935427609	447.0
84.78559420261023	447.0
84.79559486245957	452.0
84.80559552230889	452.0
84.81559618215822	447.0
84.82559684200754	447.0
84.83559750185688	447.0
84.8455981617062	447.0
84.85559882155553	447.0
84.86559948140486	447.0
84.8756001412542	447.0
84.88560080110352	447.0
84.89560146095285	441.0
84.90560212080217	441.0
84.91560278065151	441.0
84.92560344050084	441.0
84.93560410035016	436.0
84.94560476019949	431.0
84.95560542004883	426.0
84.96560607989815	426.0
84.97560673974748	421.0
84.9856073995968	417.0
84.99560805944614	412.0
85.00560871929547	426.0
85.01560937914479	436.0
85.02561003899412	447.0
85.03561069884346	447.0
85.04561135869278	431.0
85.0556120185421	426.0
85.06561267839145	431.0
85.07561333824077	436.0
85.0856139980901	441.0
85.09561465793942	441.0
85.10561531778876	441.0
85.11561597763809	441.0
85.12561663748741	447.0
85.13561729733674	447.0
85.14561795718608	447.0
85.1556186170354	447.0
85.16561927688473	447.0
85.17561993673405	447.0
85.18562059658339	447.0
85.19562125643272	447.0
85.20562191628204	447.0
85.21562257613137	447.0
85.2256232359807	447.0
85.23562389583003	447.0
85.24562455567936	447.0
85.25562521552868	441.0
85.26562587537802	436.0
85.27562653522735	426.0
85.28562719507667	426.0
85.295627854926	426.0
85.30562851477534	426.0
85.31562917462466	431.0
85.32562983447399	436.0
85.33563049432333	452.0
85.34563115417265	468.0
85.35563181402198	479.0
85.3656324738713	496.0
85.37563313372064	519.0
85.38563379356997	531.0
85.39563445341929	537.0
85.40563511326862	544.0
85.41563577311796	544.0
85.42563643296728	544.0
85.4356370928166	544.0
85.44563775266593	537.0
85.45563841251527	525.0
85.4656390723646	513.0
85.47563973221392	496.0
85.48564039206325	479.0
85.49564105191259	468.0
85.50564171176191	457.0
85.51564237161124	452.0
85.52564303146056	441.0
85.5356436913099	431.0
85.54564435115923	431.0
85.55564501100855	426.0
85.56564567085789	426.0
85.57564633070722	431.0
85.58564699055654	431.0
85.59564765040587	436.0
85.6056483102552	447.0
85.61564897010453	462.0
85.62564962995386	479.0
85.63565028980318	496.0
85.64565094965252	513.0
85.65565160950185	519.0
85.66565226935117	525.0
85.6756529292005	531.0
85.68565358904983	531.0
85.69565424889916	531.0
85.70565490874849	531.0
85.71565556859781	531.0
85.72565622844715	531.0
85.73565688829648	525.0
85.7456575481458	525.0
85.75565820799513	525.0
85.76565886784446	525.0
85.77565952769379	519.0
85.78566018754312	519.0
85.79566084739244	519.0
85.80566150724178	525.0
85.8156621670911	525.0
85.82566282694043	525.0
85.83566348678977	525.0
85.8456641466391	525.0
85.85566480648842	525.0
85.86566546633775	531.0
85.87566612618708	531.0
85.88566678603641	531.0
85.89566744588573	531.0
85.90566810573506	531.0
85.9156687655844	525.0
85.92566942543372	525.0
85.93567008528305	519.0
85.94567074513238	513.0
85.95567140498171	507.0
85.96567206483104	496.0
85.97567272468036	484.0
85.98567338452969	479.0
85.99567404437903	468.0
86.00567470422835	462.0
86.01567536407768	457.0
86.025676023927	452.0
86.03567668377634	447.0
86.04567734362567	447.0
86.055678003475	447.0
86.06567866332432	447.0
86.07567932317366	447.0
86.08567998302298	447.0
86.09568064287231	447.0
86.10568130272165	452.0
86.11568196257097	452.0
86.1256826224203	452.0
86.13568328226962	452.0
86.14568394211896	452.0
86.15568460196829	452.0
86.16568526181761	452.0
86.17568592166694	447.0
86.18568658151628	447.0
86.1956872413656	447.0
86.20568790121493	441.0
86.21568856106425	436.0
86.2256892209136	436.0
86.23568988076292	441.0
86.24569054061224	447.0
86.25569120046157	457.0
86.26569186031091	468.0
86.27569252016023	479.0
86.28569318000956	496.0
86.29569383985888	507.0
86.30569449970822	519.0
86.31569515955755	525.0
86.32569581940687	525.0
86.33569647925621	531.0
86.34569713910554	531.0
86.35569779895486	531.0
86.36569845880419	531.0
86.37569911865353	525.0
86.38569977850285	519.0
86.39570043835218	507.0
86.4057010982015	496.0
86.41570175805084	484.0
86.42570241790017	473.0
86.4357030777495	468.0
86.44570373759882	462.0
86.45570439744816	452.0
86.46570505729748	447.0
86.47570571714681	447.0
86.48570637699613	447.0
86.49570703684547	447.0
86.5057076966948	452.0
86.51570835654412	457.0
86.52570901639345	468.0
86.53570967624279	484.0
86.54571033609211	501.0
86.55571099594144	525.0
86.56571165579076	531.0
86.5757123156401	531.0
86.58571297548943	531.0
86.59571363533875	525.0
86.6057142951881	507.0
86.61571495503742	468.0
86.62571561488674	447.0
86.63571627473607	0.0
86.64571693458541	0.0
86.65571759443473	0.0
86.66571825428406	0.0
86.67571891413338	0.0
86.68571957398272	0.0
86.69572023383205	0.0
86.70572089368137	0.0
86.7157215535307	0.0
86.72572221338004	0.0
86.73572287322936	0.0
86.74572353307869	0.0
86.75572419292801	0.0
86.76572485277735	0.0
86.77572551262668	0.0
86.785726172476	0.0
86.79572683232533	0.0
86.80572749217467	0.0
86.815728152024	0.0
86.82572881187332	0.0
86.83572947172264	0.0
86.84573013157198	0.0
86.85573079142131	0.0
86.86573145127063	0.0
86.87573211111997	0.0
86.8857327709693	0.0
86.89573343081862	0.0
86.90573409066795	0.0
86.91573475051729	0.0
86.92573541036661	0.0
86.93573607021594	0.0
86.94573673006526	0.0
86.9557373899146	0.0
86.96573804976393	0.0
86.97573870961325	0.0
86.98573936946258	0.0
86.99574002931192	0.0
87.00574068916124	479.0
87.01574134901057	479.0
87.0257420088599	484.0
87.03574266870923	490.0
87.04574332855856	496.0
87.05574398840788	519.0
87.06574464825721	531.0
87.07574530810655	537.0
87.08574596795587	537.0
87.0957466278052	544.0
87.10574728765452	544.0
87.11574794750386	550.0
87.12574860735319	550.0
87.13574926720251	550.0
87.14574992705185	550.0
87.15575058690118	550.0
87.1657512467505	550.0
87.17575190659983	544.0
87.18575256644917	544.0
87.19575322629849	544.0
87.20575388614782	544.0
87.21575454599714	544.0
87.22575520584648	544.0
87.23575586569581	544.0
87.24575652554513	544.0
87.25575718539446	544.0
87.2657578452438	544.0
87.27575850509312	544.0
87.28575916494245	544.0
87.29575982479177	544.0
87.30576048464111	544.0
87.31576114449044	544.0
87.32576180433976	544.0
87.33576246418909	544.0
87.34576312403843	544.0
87.35576378388775	544.0
87.36576444373708	544.0
87.37576510358642	544.0
87.38576576343574	544.0
87.39576642328507	537.0
87.40576708313439	537.0
87.41576774298373	531.0
87.42576840283306	525.0
87.43576906268238	525.0
87.44576972253171	519.0
87.45577038238105	507.0
87.46577104223037	501.0
87.4757717020797	490.0
87.48577236192902	479.0
87.49577302177836	473.0
87.50577368162769	462.0
87.51577434147701	447.0
87.52577500132634	436.0
87.53577566117568	431.0
87.545776321025	431.0
87.55577698087433	431.0
87.56577764072365	436.0
87.57577830057299	452.0
87.58577896042232	462.0
87.59577962027164	479.0
87.60578028012097	496.0
87.6157809399703	519.0
87.62578159981963	525.0
87.63578225966896	537.0
87.6457829195183	537.0
87.65578357936762	544.0
87.66578423921695	544.0
87.67578489906627	537.0
87.68578555891561	531.0
87.69578621876494	519.0
87.70578687861426	507.0
87.71578753846359	501.0
87.72578819831293	490.0
87.73578885816225	484.0
87.74578951801158	479.0
87.7557901778609	479.0
87.76579083771024	479.0
87.77579149755957	473.0
87.78579215740889	473.0
87.79579281725822	473.0
87.80579347710756	479.0
87.81579413695688	484.0
87.8257947968062	496.0
87.83579545665553	507.0
87.84579611650487	519.0
87.8557967763542	531.0
87.86579743620352	544.0
87.87579809605285	556.0
87.88579875590219	569.0
87.89579941575151	576.0
87.90580007560084	576.0
87.91580073545018	563.0
87.9258013952995	550.0
87.93580205514883	531.0
87.94580271499815	496.0
87.95580337484749	468.0
87.96580403469682	452.0
87.97580469454614	436.0
87.98580535439547	436.0
87.9958060142448	436.0
88.00580667409413	436.0
88.01580733394346	441.0
88.02580799379278	447.0
88.03580865364212	447.0
88.04580931349145	452.0
88.05580997334077	452.0
88.0658106331901	452.0
88.07581129303944	457.0
88.08581195288876	457.0
88.09581261273809	457.0
88.10581327258741	462.0
88.11581393243675	462.0
88.12581459228608	462.0
88.1358152521354	462.0
88.14581591198473	462.0
88.15581657183407	462.0
88.16581723168339	462.0
88.17581789153272	462.0
88.18581855138206	457.0
88.19581921123138	457.0
88.2058198710807	452.0
88.21582053093003	447.0
88.22582119077937	436.0
88.2358218506287	426.0
88.24582251047802	417.0
88.25582317032735	398.0
88.26582383017669	389.0
88.27582449002601	384.0
88.28582514987534	384.0
88.29582580972466	389.0
88.305826469574	398.0
88.31582712942333	402.0
88.32582778927265	407.0
88.33582844912198	407.0
88.34582910897132	407.0
88.35582976882064	407.0
88.36583042866997	398.0
88.37583108851929	375.0
88.38583174836863	354.0
88.39583240821796	354.0
88.40583306806728	0.0
88.41583372791662	0.0
88.42583438776595	0.0
88.43583504761527	0.0
88.4458357074646	0.0
88.45583636731394	0.0
88.46583702716326	0.0
88.47583768701259	0.0
88.48583834686191	0.0
88.49583900671125	0.0
88.50583966656058	0.0
88.5158403264099	0.0
88.52584098625923	0.0
88.53584164610857	0.0
88.54584230595789	0.0
88.55584296580722	0.0
88.56584362565654	0.0
88.57584428550588	0.0
88.5858449453552	0.0
88.59584560520453	0.0
88.60584626505386	0.0
88.6158469249032	0.0
88.62584758475252	0.0
88.63584824460185	0.0
88.64584890445117	0.0
88.65584956430051	0.0
88.66585022414984	0.0
88.67585088399916	0.0
88.6858515438485	0.0
88.69585220369783	0.0
88.70585286354715	0.0
88.71585352339648	380.0
88.72585418324581	417.0
88.73585484309514	426.0
88.74585550294447	436.0
88.75585616279379	452.0
88.76585682264313	457.0
88.77585748249246	457.0
88.78585814234178	457.0
88.7958588021911	457.0
88.80585946204044	452.0
88.81586012188977	452.0
88.8258607817391	447.0
88.83586144158842	447.0
88.84586210143776	447.0
88.85586276128709	447.0
88.86586342113641	447.0
88.87586408098574	447.0
88.88586474083507	447.0
88.8958654006844	447.0
88.90586606053373	452.0
88.91586672038305	452.0
88.92586738023239	452.0
88.93586804008171	452.0
88.94586869993104	452.0
88.95586935978038	452.0
88.9658700196297	452.0
88.97587067947903	452.0
88.98587133932836	457.0
88.9958719991777	457.0
89.00587265902702	457.0
89.01587331887634	457.0
89.02587397872567	457.0
89.03587463857501	457.0
89.04587529842433	457.0
89.05587595827366	452.0
89.06587661812299	452.0
89.07587727797232	452.0
89.08587793782165	452.0
89.09587859767097	447.0
89.1058792575203	452.0
89.11587991736964	452.0
89.12588057721896	452.0
89.13588123706829	457.0
89.14588189691761	462.0
89.15588255676695	473.0
89.16588321661628	473.0
89.1758838764656	479.0
89.18588453631494	484.0
89.19588519616427	484.0
89.2058858560136	484.0
89.21588651586292	484.0
89.22588717571226	479.0
89.23588783556158	479.0
89.24588849541091	473.0
89.25588915526023	468.0
89.26588981510957	462.0
89.2758904749589	452.0
89.28589113480822	452.0
89.29589179465755	447.0
89.30589245450689	447.0
89.31589311435621	447.0
89.32589377420554	447.0
89.33589443405486	452.0
89.3458950939042	457.0
89.35589575375353	462.0
89.36589641360285	473.0
89.37589707345218	484.0
89.38589773330152	496.0
89.39589839315084	507.0
89.40589905300017	513.0
89.4158997128495	519.0
89.42590037269883	525.0
89.43590103254816	525.0
89.44590169239748	519.0
89.45590235224682	519.0
89.46590301209615	513.0
89.47590367194547	501.0
89.4859043317948	479.0
89.49590499164414	468.0
89.50590565149346	462.0
89.51590631134279	457.0
89.52590697119211	452.0
89.53590763104145	447.0
89.54590829089078	447.0
89.5559089507401	441.0
89.56590961058943	447.0
89.57591027043877	447.0
89.5859109302881	447.0
89.59591159013742	447.0
89.60591224998674	447.0
89.61591290983608	447.0
89.62591356968541	447.0
89.63591422953473	447.0
89.64591488938406	447.0
89.6559155492334	447.0
89.66591620908272	452.0
89.67591686893205	452.0
89.68591752878137	452.0
89.69591818863071	457.0
89.70591884848004	457.0
89.71591950832936	457.0
89.7259201681787	452.0
89.73592082802803	452.0
89.74592148787735	447.0
89.75592214772668	441.0
89.76592280757602	431.0
89.77592346742534	421.0
89.78592412727467	407.0
89.795924787124	393.0
89.80592544697333	384.0
89.81592610682266	384.0
89.82592676667198	384.0
89.83592742652131	389.0
89.84592808637065	393.0
89.85592874621997	393.0
89.8659294060693	398.0
89.87593006591862	402.0
89.88593072576796	402.0
89.89593138561729	402.0
89.90593204546661	402.0
89.91593270531594	407.0
89.92593336516528	407.0
89.9359340250146	407.0
89.94593468486393	407.0
89.95593534471325	407.0
89.9659360045626	407.0
89.97593666441192	407.0
89.98593732426124	407.0
89.99593798411058	407.0
90.00593864395991	407.0
90.01593930380923	407.0
90.02593996365856	402.0
90.0359406235079	402.0
90.04594128335722	398.0
90.05594194320655	398.0
90.06594260305587	393.0
90.07594326290521	393.0
90.08594392275454	398.0
90.09594458260386	398.0
90.10594524245319	402.0
90.11594590230253	412.0
90.12594656215185	417.0
90.13594722200118	426.0
90.1459478818505	431.0
90.15594854169984	436.0
90.16594920154917	447.0
90.1759498613985	452.0
90.18595052124782	452.0
90.19595118109716	457.0
90.20595184094648	457.0
90.21595250079581	457.0
90.22595316064515	452.0
90.23595382049447	452.0
90.2459544803438	452.0
90.25595514019312	452.0
90.26595580004246	452.0
90.27595645989179	452.0
90.28595711974111	452.0
90.29595777959044	452.0
90.30595843943978	452.0
90.3159590992891	452.0
90.32595975913843	452.0
90.33596041898775	447.0
90.34596107883709	447.0
90.35596173868642	436.0
90.36596239853574	417.0
90.37596305838507	393.0
90.38596371823441	375.0
90.39596437808373	371.0
90.40596503793306	0.0
90.41596569778238	0.0
90.42596635763172	0.0
90.43596701748105	441.0
90.44596767733037	447.0
90.4559683371797	447.0
90.46596899702904	452.0
90.47596965687836	452.0
90.48597031672769	452.0
90.49597097657703	452.0
90.50597163642635	452.0
90.51597229627568	452.0
90.525972956125	452.0
90.53597361597434	452.0
90.54597427582367	452.0
90.55597493567299	452.0
90.56597559552232	447.0
90.57597625537166	447.0
90.58597691522098	441.0
90.59597757507031	436.0
90.60597823491963	431.0
90.61597889476897	426.0
90.6259795546183	412.0
90.63598021446762	389.0
90.64598087431695	367.0
90.65598153416629	358.0
90.66598219401561	346.0
90.67598285386494	338.0
90.68598351371426	331.0
90.6959841735636	331.0
90.70598483341293	327.0
90.71598549326225	327.0
90.72598615311158	327.0
90.73598681296092	327.0
90.74598747281024	327.0
90.75598813265957	327.0
90.7659887925089	331.0
90.77598945235823	334.0
90.78599011220756	338.0
90.79599077205688	346.0
90.80599143190622	354.0
90.81599209175555	358.0
90.82599275160487	367.0
90.8359934114542	371.0
90.84599407130354	375.0
90.85599473115286	375.0
90.86599539100219	371.0
90.87599605085151	371.0
90.88599671070085	363.0
90.89599737055018	358.0
90.9059980303995	358.0
90.91599869024883	354.0
90.92599935009817	350.0
90.93600000994749	346.0
90.94600066979682	342.0
90.95600132964614	338.0
90.96600198949548	338.0
90.9760026493448	338.0
90.98600330919413	338.0
90.99600396904346	342.0
91.0060046288928	350.0
91.01600528874212	363.0
91.02600594859145	375.0
91.03600660844079	398.0
91.04600726829011	426.0
91.05600792813944	452.0
91.06600858798876	473.0
91.0760092478381	484.0
91.08600990768743	484.0
91.09601056753675	484.0
91.10601122738608	479.0
91.11601188723542	468.0
91.12601254708474	457.0
91.13601320693407	441.0
91.14601386678339	421.0
91.15601452663273	407.0
91.16601518648206	398.0
91.17601584633138	393.0
91.1860165061807	393.0
91.19601716603005	393.0
91.20601782587937	393.0
91.2160184857287	398.0
91.22601914557802	398.0
91.23601980542736	398.0
91.24602046527669	398.0
91.25602112512601	393.0
91.26602178497535	393.0
91.27602244482468	393.0
91.286023104674	393.0
91.29602376452333	398.0
91.30602442437267	398.0
91.31602508422199	398.0
91.32602574407132	398.0
91.33602640392064	398.0
91.34602706376998	398.0
91.3560277236193	393.0
91.36602838346863	375.0
91.37602904331796	354.0
91.3860297031673	342.0
91.39603036301662	338.0
91.40603102286595	0.0
91.41603168271527	0.0
91.42603234256461	0.0
91.43603300241394	0.0
91.44603366226326	0.0
91.45603432211259	407.0
91.46603498196193	402.0
91.47603564181125	402.0
91.48603630166058	402.0
91.4960369615099	402.0
91.50603762135924	402.0
91.51603828120857	402.0
91.52603894105789	402.0
91.53603960090723	402.0
91.54604026075656	402.0
91.55604092060588	402.0
91.5660415804552	402.0
91.57604224030455	402.0
91.58604290015387	402.0
91.5960435600032	402.0
91.60604421985252	402.0
91.61604487970186	402.0
91.62604553955119	402.0
91.63604619940051	402.0
91.64604685924984	398.0
91.65604751909918	393.0
91.6660481789485	389.0
91.67604883879783	375.0
91.68604949864715	367.0
91.69605015849649	354.0
91.70605081834582	342.0
91.71605147819514	331.0
91.72605213804447	323.0
91.7360527978938	319.0
91.74605345774313	323.0
91.75605411759246	327.0
91.76605477744178	334.0
91.77605543729112	346.0
91.78605609714045	358.0
91.79605675698977	371.0
91.80605741683911	389.0
91.81605807668844	402.0
91.82605873653776	412.0
91.83605939638709	417.0
91.84606005623642	421.0
91.85606071608575	421.0
91.86606137593508	421.0
91.8760620357844	417.0
91.88606269563374	412.0
91.89606335548307	407.0
91.90606401533239	393.0
91.91606467518172	384.0
91.92606533503105	375.0
91.93606599488038	367.0
91.9460666547297	358.0
91.95606731457903	350.0
91.96606797442837	346.0
91.9760686342777	342.0
91.98606929412702	338.0
91.99606995397635	338.0
92.00607061382568	338.0
92.01607127367501	338.0
92.02607193352434	338.0
92.03607259337366	338.0
92.046073253223	338.0
92.05607391307232	338.0
92.06607457292165	338.0
92.07607523277099	338.0
92.08607589262031	342.0
92.09607655246964	346.0
92.10607721231897	350.0
92.1160778721683	358.0
92.12607853201763	363.0
92.13607919186695	371.0
92.14607985171628	375.0
92.15608051156562	375.0
92.16608117141494	371.0
92.17608183126427	367.0
92.1860824911136	354.0
92.19608315096293	342.0
92.20608381081226	331.0
92.21608447066158	319.0
92.22608513051091	305.0
92.23608579036025	294.0
92.24608645020957	281.0
92.2560871100589	275.0
92.26608776990822	268.0
92.27608842975756	265.0
92.28608908960689	265.0
92.29608974945621	265.0
92.30609040930555	268.0
92.31609106915488	272.0
92.3260917290042	272.0
92.33609238885353	275.0
92.34609304870287	275.0
92.3560937085522	272.0
92.36609436840152	272.0
92.37609502825084	265.0
92.38609568810018	259.0
92.39609634794951	250.0
92.40609700779883	245.0
92.41609766764816	0.0
92.4260983274975	0.0
92.43609898734682	0.0
92.44609964719615	0.0
92.45610030704547	0.0
92.46610096689481	0.0
92.47610162674414	0.0
92.48610228659346	0.0
92.49610294644279	0.0
92.50610360629213	0.0
92.51610426614145	0.0
92.52610492599078	262.0
92.5361055858401	268.0
92.54610624568944	272.0
92.55610690553877	272.0
92.5661075653881	275.0
92.57610822523743	272.0
92.58610888508676	272.0
92.59610954493608	268.0
92.60611020478541	268.0
92.61611086463475	268.0
92.62611152448407	268.0
92.6361121843334	268.0
92.64611284418272	268.0
92.65611350403206	268.0
92.66611416388139	268.0
92.67611482373071	268.0
92.68611548358004	268.0
92.69611614342938	265.0
92.7061168032787	265.0
92.71611746312803	268.0
92.72611812297735	268.0
92.7361187828267	268.0
92.74611944267602	268.0
92.75612010252534	268.0
92.76612076237467	268.0
92.77612142222401	265.0
92.78612208207333	265.0
92.79612274192266	262.0
92.80612340177198	256.0
92.81612406162132	253.0
92.82612472147065	250.0
92.83612538131997	250.0
92.84612604116931	262.0
92.85612670101864	284.0
92.86612736086796	298.0
92.87612802071729	312.0
92.88612868056663	327.0
92.89612934041595	338.0
92.90613000026528	346.0
92.9161306601146	350.0
92.92613131996394	342.0
92.93613197981327	331.0
92.9461326396626	316.0
92.95613329951192	298.0
92.96613395936126	275.0
92.97613461921058	265.0
92.98613527905991	262.0
92.99613593890923	262.0
93.00613659875857	262.0
93.0161372586079	262.0
93.02613791845722	262.0
93.03613857830655	262.0
93.04613923815589	262.0
93.05613989800521	262.0
93.06614055785454	262.0
93.07614121770388	265.0
93.0861418775532	265.0
93.09614253740253	265.0
93.10614319725185	265.0
93.11614385710119	262.0
93.12614451695052	259.0
93.13614517679984	256.0
93.14614583664917	253.0
93.15614649649851	253.0
93.16614715634783	253.0
93.17614781619716	256.0
93.18614847604648	262.0
93.19614913589582	265.0
93.20614979574515	268.0
93.21615045559447	272.0
93.2261511154438	272.0
93.23615177529314	272.0
93.24615243514246	275.0
93.25615309499179	272.0
93.26615375484111	272.0
93.27615441469045	272.0
93.28615507453978	268.0
93.2961557343891	265.0
93.30615639423843	265.0
93.31615705408777	262.0
93.32615771393709	259.0
93.33615837378642	253.0
93.34615903363576	250.0
93.35615969348508	245.0
93.36616035333441	242.0
93.37616101318373	239.0
93.38616167303307	236.0
93.3961623328824	236.0
93.40616299273172	234.0
93.41616365258105	236.0
93.42616431243039	236.0
93.43616497227971	239.0
93.44616563212904	248.0
93.45616629197836	256.0
93.4661669518277	265.0
93.47616761167703	281.0
93.48616827152635	291.0
93.49616893137568	294.0
93.50616959122502	291.0
93.51617025107434	281.0
93.52617091092367	268.0
93.53617157077299	256.0
93.54617223062233	248.0
93.55617289047166	236.0
93.56617355032098	228.0
93.57617421017031	226.0
93.58617487001965	226.0
93.59617552986897	226.0
93.6061761897183	226.0
93.61617684956764	226.0
93.62617750941696	226.0
93.63617816926629	223.0
93.64617882911561	223.0
93.65617948896495	223.0
93.66618014881428	223.0
93.6761808086636	226.0
93.68618146851293	226.0
93.69618212836227	226.0
93.70618278821159	226.0
93.71618344806092	228.0
93.72618410791024	228.0
93.73618476775958	226.0
93.7461854276089	226.0
93.75618608745823	223.0
93.76618674730756	218.0
93.7761874071569	215.0
93.78618806700622	210.0
93.79618872685555	203.0
93.80618938670487	201.0
93.81619004655421	196.0
93.82619070640354	194.0
93.83619136625286	194.0
93.84619202610219	194.0
93.85619268595153	196.0
93.86619334580085	201.0
93.87619400565018	203.0
93.88619466549952	206.0
93.89619532534884	206.0
93.90619598519817	203.0
93.91619664504749	199.0
93.92619730489683	194.0
93.93619796474616	0.0
93.94619862459548	0.0
93.9561992844448	0.0
93.96619994429415	0.0
93.97620060414347	0.0
93.9862012639928	0.0
93.99620192384212	0.0
94.00620258369146	0.0
94.01620324354079	0.0
94.02620390339011	0.0
94.03620456323944	0.0
94.04620522308878	0.0
94.0562058829381	0.0
94.06620654278743	0.0
94.07620720263675	0.0
94.08620786248609	0.0
94.09620852233542	0.0
94.10620918218474	0.0
94.11620984203408	0.0
94.1262105018834	0.0
94.13621116173273	0.0
94.14621182158206	0.0
94.1562124814314	0.0
94.16621314128072	0.0
94.17621380113005	0.0
94.18621446097937	0.0
94.19621512082871	0.0
94.20621578067804	0.0
94.21621644052736	0.0
94.22621710037669	0.0
94.23621776022603	0.0
94.24621842007535	0.0
94.25621907992468	0.0
94.266219739774	0.0
94.27622039962334	0.0
94.28622105947267	220.0
94.29622171932199	220.0
94.30622237917132	223.0
94.31622303902066	223.0
94.32622369886998	226.0
94.3362243587193	226.0
94.34622501856863	228.0
94.35622567841797	228.0
94.3662263382673	228.0
94.37622699811662	228.0
94.38622765796596	228.0
94.39622831781529	228.0
94.40622897766461	228.0
94.41622963751394	228.0
94.42623029736328	228.0
94.4362309572126	231.0
94.44623161706193	231.0
94.45623227691125	231.0
94.46623293676059	234.0
94.47623359660992	234.0
94.48623425645924	236.0
94.49623491630857	234.0
94.5062355761579	231.0
94.51623623600723	226.0
94.52623689585656	218.0
94.53623755570588	208.0
94.54623821555522	203.0
94.55623887540455	203.0
94.56623953525387	208.0
94.5762401951032	215.0
94.58624085495254	223.0
94.59624151480186	226.0
94.60624217465119	226.0
94.61624283450051	226.0
94.62624349434985	226.0
94.63624415419918	228.0
94.6462448140485	228.0
94.65624547389784	228.0
94.66624613374717	228.0
94.67624679359649	228.0
94.68624745344582	228.0
94.69624811329516	228.0
94.70624877314448	228.0
94.7162494329938	226.0
94.72625009284313	226.0
94.73625075269247	226.0
94.7462514125418	223.0
94.75625207239112	220.0
94.76625273224045	215.0
94.77625339208979	213.0
94.78625405193911	208.0
94.79625471178844	208.0
94.80625537163776	208.0
94.8162560314871	218.0
94.82625669133643	228.0
94.83625735118575	242.0
94.84625801103508	253.0
94.85625867088442	272.0
94.86625933073374	278.0
94.87625999058307	281.0
94.88626065043239	288.0
94.89626131028173	291.0
94.90626197013106	294.0
94.91626262998038	294.0
94.92626328982972	291.0
94.93626394967905	284.0
94.94626460952837	275.0
94.9562652693777	265.0
94.96626592922703	253.0
94.97626658907636	245.0
94.98626724892569	234.0
94.99626790877501	223.0
95.00626856862435	218.0
95.01626922847367	213.0
95.026269888323	210.0
95.03627054817233	210.0
95.04627120802166	210.0
95.05627186787099	210.0
95.06627252772032	215.0
95.07627318756964	223.0
95.08627384741898	234.0
95.0962745072683	242.0
95.10627516711763	250.0
95.11627582696696	259.0
95.1262764868163	268.0
95.13627714666562	275.0
95.14627780651495	278.0
95.15627846636428	278.0
95.16627912621361	281.0
95.17627978606293	278.0
95.18628044591226	278.0
95.1962811057616	275.0
95.20628176561092	275.0
95.21628242546025	275.0
95.22628308530957	275.0
95.23628374515891	275.0
95.24628440500824	281.0
95.25628506485756	275.0
95.26628572470689	236.0
95.27628638455623	239.0
95.28628704440555	245.0
95.29628770425488	253.0
95.3062883641042	262.0
95.31628902395354	265.0
95.32628968380287	268.0
95.3362903436522	272.0
95.34629100350152	275.0
95.35629166335086	275.0
95.36629232320018	275.0
95.37629298304951	275.0
95.38629364289883	275.0
95.39629430274817	278.0
95.4062949625975	278.0
95.41629562244682	278.0
95.42629628229616	278.0
95.43629694214549	278.0
95.44629760199481	278.0
95.45629826184414	275.0
95.46629892169348	275.0
95.4762995815428	275.0
95.48630024139213	275.0
95.49630090124145	275.0
95.5063015610908	275.0
95.51630222094012	275.0
95.52630288078944	275.0
95.53630354063877	275.0
95.54630420048811	272.0
95.55630486033743	272.0
95.56630552018676	272.0
95.57630618003608	272.0
95.58630683988542	272.0
95.59630749973475	272.0
95.60630815958407	272.0
95.6163088194334	272.0
95.62630947928274	272.0
95.63631013913206	272.0
95.64631079898139	268.0
95.65631145883071	265.0
95.66631211868005	262.0
95.67631277852938	259.0
95.6863134383787	256.0
95.69631409822804	253.0
95.70631475807737	248.0
95.7163154179267	242.0
95.72631607777602	239.0
95.73631673762536	236.0
95.74631739747468	234.0
95.75631805732401	234.0
95.76631871717333	231.0
95.77631937702267	231.0
95.786320036872	228.0
95.79632069672132	228.0
95.80632135657065	228.0
95.81632201641999	228.0
95.82632267626931	228.0
95.83632333611864	228.0
95.84632399596796	228.0
95.8563246558173	228.0
95.86632531566663	228.0
95.87632597551595	226.0
95.88632663536528	226.0
95.89632729521462	223.0
95.90632795506394	218.0
95.91632861491327	213.0
95.92632927476261	208.0
95.93632993461193	206.0
95.94633059446126	206.0
95.95633125431058	210.0
95.96633191415992	215.0
95.97633257400925	234.0
95.98633323385857	242.0
95.9963338937079	245.0
96.00633455355724	245.0
96.01633521340656	245.0
96.02633587325589	248.0
96.03633653310521	248.0
96.04633719295455	245.0
96.05633785280388	242.0
96.0663385126532	239.0
96.07633917250253	236.0
96.08633983235187	231.0
96.0963404922012	231.0
96.10634115205052	228.0
96.11634181189984	226.0
96.12634247174918	226.0
96.13634313159851	226.0
96.14634379144783	226.0
96.15634445129716	226.0
96.1663451111465	226.0
96.17634577099582	226.0
96.18634643084515	226.0
96.19634709069449	223.0
96.20634775054381	223.0
96.21634841039314	223.0
96.22634907024246	223.0
96.2363497300918	223.0
96.24635038994113	220.0
96.25635104979045	206.0
96.26635170963978	201.0
96.27635236948912	203.0
96.28635302933844	206.0
96.29635368918777	206.0
96.3063543490371	220.0
96.31635500888643	228.0
96.32635566873576	236.0
96.33635632858508	250.0
96.34635698843441	250.0
96.35635764828375	250.0
96.36635830813307	250.0
96.3763589679824	250.0
96.38635962783172	248.0
96.39636028768106	248.0
96.40636094753039	245.0
96.41636160737971	245.0
96.42636226722904	245.0
96.43636292707838	242.0
96.4463635869277	239.0
96.45636424677703	236.0
96.46636490662637	234.0
96.47636556647569	231.0
96.48636622632502	226.0
96.49636688617434	220.0
96.50636754602368	215.0
96.51636820587301	210.0
96.52636886572233	208.0
96.53636952557166	206.0
96.546370185421	203.0
96.55637084527032	203.0
96.56637150511965	203.0
96.57637216496897	203.0
96.58637282481831	203.0
96.59637348466764	203.0
96.60637414451696	203.0
96.61637480436629	203.0
96.62637546421563	201.0
96.63637612406495	201.0
96.64637678391428	199.0
96.6563774437636	192.0
96.66637810361294	185.0
96.67637876346227	183.0
96.68637942331159	185.0
96.69638008316092	187.0
96.70638074301026	194.0
96.71638140285958	199.0
96.72638206270891	206.0
96.73638272255825	213.0
96.74638338240757	220.0
96.7563840422569	226.0
96.76638470210622	231.0
96.77638536195556	234.0
96.78638602180489	234.0
96.79638668165421	234.0
96.80638734150354	231.0
96.81638800135288	231.0
96.8263886612022	228.0
96.83638932105153	228.0
96.84638998090085	228.0
96.85639064075019	228.0
96.86639130059952	228.0
96.87639196044884	226.0
96.88639262029817	226.0
96.8963932801475	223.0
96.90639393999683	223.0
96.91639459984616	223.0
96.92639525969548	220.0
96.93639591954482	220.0
96.94639657939415	215.0
96.95639723924347	210.0
96.96639789909281	206.0
96.97639855894214	203.0
96.98639921879146	206.0
96.99639987864079	210.0
97.00640053849013	218.0
97.01640119833945	231.0
97.02640185818878	242.0
97.0364025180381	248.0
97.04640317788744	250.0
97.05640383773677	248.0
97.06640449758609	248.0
97.07640515743542	245.0
97.08640581728476	242.0
97.09640647713408	239.0
97.1064071369834	236.0
97.11640779683273	236.0
97.12640845668207	234.0
97.1364091165314	231.0
97.14640977638072	231.0
97.15641043623005	228.0
97.16641109607939	228.0
97.17641175592871	228.0
97.18641241577804	228.0
97.19641307562736	228.0
97.2064137354767	226.0
97.21641439532603	226.0
97.22641505517535	223.0
97.23641571502469	220.0
97.24641637487402	213.0
97.25641703472334	206.0
97.26641769457267	201.0
97.276418354422	201.0
97.28641901427133	203.0
97.29641967412066	0.0
97.30642033396998	0.0
97.31642099381932	0.0
97.32642165366865	0.0
97.33642231351797	0.0
97.3464229733673	250.0
97.35642363321664	253.0
97.36642429306596	253.0
97.37642495291529	253.0
97.38642561276461	253.0
97.39642627261395	250.0
97.40642693246328	248.0
97.4164275923126	248.0
97.42642825216193	245.0
97.43642891201127	239.0
97.44642957186059	239.0
97.45643023170992	236.0
97.46643089155924	234.0
97.47643155140858	234.0
97.4864322112579	231.0
97.49643287110723	231.0
97.50643353095657	228.0
97.5164341908059	228.0
97.52643485065522	228.0
97.53643551050455	226.0
97.54643617035389	226.0
97.55643683020321	228.0
97.56643749005254	228.0
97.57643814990186	228.0
97.5864388097512	231.0
97.59643946960053	231.0
97.60644012944985	234.0
97.61644078929918	234.0
97.62644144914852	236.0
97.63644210899784	239.0
97.64644276884717	242.0
97.65644342869649	245.0
97.66644408854583	245.0
97.67644474839516	245.0
97.68644540824448	242.0
97.6964460680938	239.0
97.70644672794315	239.0
97.71644738779247	236.0
97.7264480476418	234.0
97.73644870749112	228.0
97.74644936734046	226.0
97.75645002718979	220.0
97.76645068703911	218.0
97.77645134688845	215.0
97.78645200673778	213.0
97.7964526665871	210.0
97.80645332643643	208.0
97.81645398628577	206.0
97.82645464613509	203.0
97.83645530598442	201.0
97.84645596583374	201.0
97.85645662568308	201.0
97.8664572855324	199.0
97.87645794538173	199.0
97.88645860523106	199.0
97.8964592650804	201.0
97.90645992492972	201.0
97.91646058477905	201.0
97.92646124462837	203.0
97.93646190447771	203.0
97.94646256432704	203.0
97.95646322417636	203.0
97.96646388402569	201.0
97.97646454387503	199.0
97.98646520372435	196.0
97.99646586357368	194.0
98.00646652342301	190.0
98.01646718327234	185.0
98.02646784312167	183.0
98.03646850297099	183.0
98.04646916282033	183.0
98.05646982266965	187.0
98.06647048251898	192.0
98.0764711423683	199.0
98.08647180221764	208.0
98.09647246206697	218.0
98.1064731219163	226.0
98.11647378176562	228.0
98.12647444161496	231.0
98.13647510146428	234.0
98.14647576131361	234.0
98.15647642116294	231.0
98.16647708101227	231.0
98.1764777408616	231.0
98.18647840071093	228.0
98.19647906056025	228.0
98.20647972040959	226.0
98.21648038025891	226.0
98.22648104010824	223.0
98.23648169995757	223.0
98.2464823598069	226.0
98.25648301965623	226.0
98.26648367950555	228.0
98.2764843393549	231.0
98.28648499920422	231.0
98.29648565905354	231.0
98.30648631890287	228.0
98.31648697875221	226.0
98.32648763860153	210.0
98.33648829845086	0.0
98.34648895830018	0.0
98.35648961814952	0.0
98.36649027799885	0.0
98.37649093784817	0.0
98.3864915976975	0.0
98.39649225754684	0.0
98.40649291739616	0.0
98.41649357724549	0.0
98.42649423709481	0.0
98.43649489694415	213.0
98.44649555679348	208.0
98.4564962166428	206.0
98.46649687649213	206.0
98.47649753634147	206.0
98.4864981961908	206.0
98.49649885604012	206.0
98.50649951588944	206.0
98.51650017573878	206.0
98.52650083558811	203.0
98.53650149543743	203.0
98.54650215528677	203.0
98.5565028151361	203.0
98.56650347498542	203.0
98.57650413483475	203.0
98.58650479468409	201.0
98.59650545453341	201.0
98.60650611438274	199.0
98.61650677423206	199.0
98.6265074340814	199.0
98.63650809393073	199.0
98.64650875378005	199.0
98.65650941362938	199.0
98.66651007347872	199.0
98.67651073332804	199.0
98.68651139317737	196.0
98.6965120530267	194.0
98.70651271287603	192.0
98.71651337272536	187.0
98.72651403257468	185.0
98.73651469242401	185.0
98.74651535227335	187.0
98.75651601212267	192.0
98.766516671972	199.0
98.77651733182132	201.0
98.78651799167066	201.0
98.79651865151999	201.0
98.80651931136931	201.0
98.81651997121865	201.0
98.82652063106798	203.0
98.8365212909173	203.0
98.84652195076663	203.0
98.85652261061597	203.0
98.8665232704653	201.0
98.87652393031462	199.0
98.88652459016394	196.0
98.89652525001328	192.0
98.90652590986261	190.0
98.91652656971193	187.0
98.92652722956126	183.0
98.9365278894106	181.0
98.94652854925992	179.0
98.95652920910925	179.0
98.96652986895857	179.0
98.97653052880791	179.0
98.98653118865724	179.0
98.99653184850656	177.0
99.00653250835589	177.0
99.01653316820523	175.0
99.02653382805455	173.0
99.03653448790388	171.0
99.04653514775322	169.0
99.05653580760254	165.0
99.06653646745187	163.0
99.0765371273012	161.0
99.08653778715053	161.0
99.09653844699986	161.0
99.10653910684918	163.0
99.11653976669851	167.0
99.12654042654785	171.0
99.13654108639717	175.0
99.1465417462465	179.0
99.15654240609582	183.0
99.16654306594516	185.0
99.17654372579449	185.0
99.18654438564381	185.0
99.19654504549314	183.0
99.20654570534248	181.0
99.2165463651918	179.0
99.22654702504113	177.0
99.23654768489045	173.0
99.2465483447398	167.0
99.25654900458912	163.0
99.26654966443844	159.0
99.27655032428777	156.0
99.28655098413711	158.0
99.29655164398643	159.0
99.30655230383576	159.0
99.3165529636851	134.0
99.32655362353442	134.0
99.33655428338375	136.0
99.34655494323307	0.0
99.35655560308241	0.0
99.36655626293174	0.0
99.37655692278106	0.0
99.38655758263039	0.0
99.39655824247973	0.0
99.40655890232905	0.0
99.41655956217838	0.0
99.4265602220277	0.0
99.43656088187704	213.0
99.44656154172637	208.0
99.4565622015757	201.0
99.46656286142502	196.0
99.47656352127436	187.0
99.48656418112368	177.0
99.49656484097301	167.0
99.50656550082233	163.0
99.51656616067167	161.0
99.526566820521	161.0
99.53656748037032	163.0
99.54656814021965	165.0
99.55656880006899	173.0
99.56656945991831	179.0
99.57657011976764	183.0
99.58657077961698	187.0
99.5965714394663	190.0
99.60657209931563	190.0
99.61657275916495	187.0
99.62657341901429	185.0
99.63657407886362	179.0
99.64657473871294	173.0
99.65657539856227	165.0
99.66657605841161	161.0
99.67657671826093	158.0
99.68657737811026	156.0
99.69657803795958	0.0
99.70657869780892	0.0
99.71657935765825	0.0
99.72658001750757	0.0
99.7365806773569	0.0
99.74658133720624	0.0
99.75658199705556	0.0
99.76658265690489	0.0
99.77658331675421	0.0
99.78658397660355	210.0
99.79658463645288	208.0
99.8065852963022	206.0
99.81658595615154	206.0
99.82658661600087	203.0
99.83658727585019	203.0
99.84658793569952	203.0
99.85658859554886	203.0
99.86658925539818	203.0
99.87658991524751	203.0
99.88659057509683	206.0
99.89659123494617	206.0
99.9065918947955	206.0
99.91659255464482	206.0
99.92659321449415	206.0
99.93659387434349	206.0
99.94659453419281	206.0
99.95659519404214	206.0
99.96659585389146	206.0
99.9765965137408	203.0
99.98659717359013	203.0
99.99659783343945	203.0
100.00659849328878	203.0
100.01659915313812	201.0
100.02659981298744	201.0
100.03660047283677	199.0
100.04660113268609	194.0
100.05660179253543	185.0
100.06660245238476	181.0
100.07660311223408	179.0
100.08660377208342	179.0
100.09660443193275	183.0
100.10660509178207	192.0
100.1166057516314	201.0
100.12660641148074	203.0
100.13660707133006	206.0
100.14660773117939	206.0
100.15660839102871	206.0
100.16660905087805	206.0
100.17660971072738	206.0
100.1866103705767	206.0
100.19661103042603	206.0
100.20661169027537	206.0
100.21661235012469	206.0
100.22661300997402	203.0
100.23661366982334	201.0
100.24661432967268	199.0
100.256614989522	194.0
100.26661564937133	192.0
100.27661630922066	187.0
100.28661696907	185.0
100.29661762891932	183.0
100.30661828876865	181.0
100.31661894861797	179.0
100.32661960846731	171.0
100.33662026831664	161.0
100.34662092816596	0.0
100.3566215880153	0.0
100.36662224786463	0.0
100.37662290771395	0.0
100.38662356756328	0.0
100.39662422741262	0.0
100.40662488726194	0.0
100.41662554711127	0.0
100.42662620696059	0.0
100.43662686680993	0.0
100.44662752665926	0.0
100.45662818650858	208.0
100.4666288463579	206.0
100.47662950620725	203.0
100.48663016605657	203.0
100.4966308259059	203.0
100.50663148575522	203.0
100.51663214560456	203.0
100.52663280545389	203.0
100.53663346530321	203.0
100.54663412515254	203.0
100.55663478500188	203.0
100.5666354448512	203.0
100.57663610470053	206.0
100.58663676454985	206.0
100.59663742439919	206.0
100.60663808424852	206.0
100.61663874409784	206.0
100.62663940394718	206.0
100.6366400637965	206.0
100.64664072364583	206.0
100.65664138349516	206.0
100.6666420433445	203.0
100.67664270319382	201.0
100.68664336304315	196.0
100.69664402289247	190.0
100.70664468274181	183.0
100.71664534259114	179.0
100.72664600244046	175.0
100.73664666228979	171.0
100.74664732213913	169.0
100.75664798198845	181.0
100.76664864183778	190.0
100.7766493016871	199.0
100.78664996153644	208.0
100.79665062138577	218.0
100.80665128123509	223.0
100.81665194108442	226.0
100.82665260093376	228.0
100.83665326078308	228.0
100.8466539206324	228.0
100.85665458048175	228.0
100.86665524033107	226.0
100.8766559001804	226.0
100.88665656002972	226.0
100.89665721987906	223.0
100.90665787972839	223.0
100.91665853957771	223.0
100.92665919942704	223.0
100.93665985927638	226.0
100.9466605191257	226.0
100.95666117897503	226.0
100.96666183882435	226.0
100.97666249867369	226.0
100.98666315852302	223.0
100.99666381837234	0.0
101.00666447822167	0.0
101.016665138071	0.0
101.02666579792033	0.0
101.03666645776966	0.0
101.04666711761898	0.0
101.05666777746832	0.0
101.06666843731765	0.0
101.07666909716697	0.0
101.0866697570163	0.0
101.09667041686563	0.0
101.10667107671496	0.0
101.11667173656429	0.0
101.12667239641362	0.0
101.13667305626295	0.0
101.14667371611228	0.0
101.1566743759616	0.0
101.16667503581094	0.0
101.17667569566026	0.0
101.18667635550959	0.0
101.19667701535892	0.0
101.20667767520825	0.0
101.21667833505758	0.0
101.2266789949069	0.0
101.23667965475623	0.0
101.24668031460557	0.0
101.2566809744549	0.0
101.26668163430422	0.0
101.27668229415355	0.0
101.28668295400288	0.0
101.29668361385221	0.0
101.30668427370153	0.0
101.31668493355086	0.0
101.3266855934002	0.0
101.33668625324952	0.0
101.34668691309885	0.0
101.35668757294818	0.0
101.36668823279751	0.0
101.37668889264684	0.0
101.38668955249616	0.0
101.3966902123455	0.0
101.40669087219483	0.0
101.41669153204415	0.0
101.42669219189348	0.0
101.43669285174282	0.0
101.44669351159214	0.0
101.45669417144147	0.0
101.4666948312908	0.0
101.47669549114013	0.0
101.48669615098946	0.0
101.49669681083878	0.0
101.50669747068811	0.0
101.51669813053745	0.0
101.52669879038677	234.0
101.5366994502361	228.0
101.54670011008542	228.0
101.55670076993476	231.0
101.56670142978409	234.0
101.57670208963341	236.0
101.58670274948274	236.0
101.59670340933208	234.0
101.6067040691814	234.0
101.61670472903073	231.0
101.62670538888005	231.0
101.6367060487294	231.0
101.64670670857872	228.0
101.65670736842804	228.0
101.66670802827738	228.0
101.67670868812671	228.0
101.68670934797603	228.0
101.69671000782536	228.0
101.7067106676747	228.0
101.71671132752402	228.0
101.72671198737335	228.0
101.73671264722267	228.0
101.74671330707201	228.0
101.75671396692134	226.0
101.76671462677066	226.0
101.77671528661999	223.0
101.78671594646933	223.0
101.79671660631865	218.0
101.80671726616798	210.0
101.8167179260173	208.0
101.82671858586664	208.0
101.83671924571597	228.0
101.8467199055653	236.0
101.85672056541462	239.0
101.86672122526396	245.0
101.87672188511328	245.0
101.88672254496261	248.0
101.89672320481195	248.0
101.90672386466127	248.0
101.9167245245106	245.0
101.92672518435992	242.0
101.93672584420926	242.0
101.94672650405859	239.0
101.95672716390791	236.0
101.96672782375724	234.0
101.97672848360658	231.0
101.9867291434559	228.0
101.99672980330523	228.0
102.00673046315455	226.0
102.0167311230039	226.0
102.02673178285322	226.0
102.03673244270254	226.0
102.04673310255187	226.0
102.05673376240121	226.0
102.06673442225053	226.0
102.07673508209986	226.0
102.08673574194918	223.0
102.09673640179852	218.0
102.10673706164785	208.0
102.11673772149717	206.0
102.1267383813465	203.0
102.13673904119584	206.0
102.14673970104516	206.0
102.15674036089449	208.0
102.16674102074383	0.0
102.17674168059315	245.0
102.18674234044248	248.0
102.1967430002918	248.0
102.20674366014114	248.0
102.21674431999047	248.0
102.2267449798398	248.0
102.23674563968912	248.0
102.24674629953846	248.0
102.25674695938778	248.0
102.26674761923711	248.0
102.27674827908643	245.0
102.28674893893577	245.0
102.2967495987851	242.0
102.30675025863442	239.0
102.31675091848375	236.0
102.32675157833309	234.0
102.33675223818241	228.0
102.34675289803174	223.0
102.35675355788106	218.0
102.3667542177304	213.0
102.37675487757973	210.0
102.38675553742905	208.0
102.39675619727838	206.0
102.40675685712772	206.0
102.41675751697704	203.0
102.42675817682637	201.0
102.43675883667571	199.0
102.44675949652503	192.0
102.45676015637436	187.0
102.46676081622368	187.0
102.47676147607302	192.0
102.48676213592235	199.0
102.49676279577167	203.0
102.506763455621	210.0
102.51676411547034	218.0
102.52676477531966	231.0
102.53676543516899	236.0
102.54676609501831	239.0
102.55676675486765	239.0
102.56676741471698	234.0
102.5767680745663	231.0
102.58676873441563	226.0
102.59676939426497	226.0
102.60677005411429	226.0
102.61677071396362	226.0
102.62677137381294	228.0
102.63677203366228	231.0
102.64677269351161	234.0
102.65677335336093	234.0
102.66677401321027	234.0
102.6767746730596	231.0
102.68677533290892	226.0
102.69677599275825	223.0
102.70677665260759	218.0
102.71677731245691	210.0
102.72677797230624	208.0
102.73677863215556	206.0
102.7467792920049	206.0
102.75677995185423	203.0
102.76678061170355	203.0
102.77678127155288	203.0
102.78678193140222	203.0
102.79678259125154	206.0
102.80678325110087	208.0
102.81678391095019	213.0
102.82678457079953	220.0
102.83678523064886	228.0
102.84678589049818	236.0
102.85678655034751	245.0
102.86678721019685	253.0
102.87678787004617	265.0
102.8867885298955	272.0
102.89678918974482	272.0
102.90678984959416	275.0
102.91679050944349	275.0
102.92679116929281	272.0
102.93679182914215	272.0
102.94679248899148	272.0
102.9567931488408	272.0
102.96679380869013	272.0
102.97679446853947	272.0
102.98679512838879	272.0
102.99679578823812	272.0
103.00679644808744	268.0
103.01679710793678	268.0
103.0267977677861	268.0
103.03679842763543	268.0
103.04679908748476	268.0
103.0567997473341	268.0
103.06680040718342	268.0
103.07680106703275	268.0
103.08680172688207	268.0
103.09680238673141	268.0
103.10680304658074	268.0
103.11680370643006	265.0
103.12680436627939	265.0
103.13680502612873	265.0
103.14680568597805	268.0
103.15680634582738	272.0
103.1668070056767	272.0
103.17680766552604	275.0
103.18680832537537	272.0
103.19680898522469	272.0
103.20680964507403	268.0
103.21681030492336	268.0
103.22681096477268	265.0
103.236811624622	262.0
103.24681228447135	259.0
103.25681294432067	256.0
103.26681360417	259.0
103.27681426401932	259.0
103.28681492386866	262.0
103.29681558371799	265.0
103.30681624356731	268.0
103.31681690341664	272.0
103.32681756326598	272.0
103.3368182231153	272.0
103.34681888296463	272.0
103.35681954281395	268.0
103.36682020266329	268.0
103.37682086251262	265.0
103.38682152236194	262.0
103.39682218221127	256.0
103.4068228420606	250.0
103.41682350190993	245.0
103.42682416175926	242.0
103.43682482160858	236.0
103.44682548145792	236.0
103.45682614130725	250.0
103.46682680115657	262.0
103.47682746100591	265.0
103.48682812085524	265.0
103.49682878070456	265.0
103.50682944055389	268.0
103.51683010040323	268.0
103.52683076025255	268.0
103.53683142010188	268.0
103.5468320799512	268.0
103.55683273980054	268.0
103.56683339964987	268.0
103.57683405949919	268.0
103.58683471934852	265.0
103.59683537919786	265.0
103.60683603904718	265.0
103.6168366988965	268.0
103.62683735874583	278.0
103.63683801859517	291.0
103.6468386784445	312.0
103.65683933829382	327.0
103.66683999814315	334.0
103.67684065799249	350.0
103.68684131784181	358.0
103.69684197769114	363.0
103.70684263754048	363.0
103.7168432973898	358.0
103.72684395723913	334.0
103.73684461708845	312.0
103.74684527693779	291.0
103.75684593678712	256.0
103.76684659663644	248.0
103.77684725648577	242.0
103.7868479163351	242.0
103.79684857618443	245.0
103.80684923603376	248.0
103.81684989588308	248.0
103.82685055573242	250.0
103.83685121558175	253.0
103.84685187543107	256.0
103.8568525352804	259.0
103.86685319512974	259.0
103.87685385497906	262.0
103.88685451482839	262.0
103.89685517467771	262.0
103.90685583452705	265.0
103.91685649437638	265.0
103.9268571542257	265.0
103.93685781407503	265.0
103.94685847392437	265.0
103.95685913377369	265.0
103.96685979362302	265.0
103.97686045347236	265.0
103.98686111332168	265.0
103.996861773171	262.0
104.00686243302033	262.0
104.01686309286967	262.0
104.026863752719	262.0
104.03686441256832	259.0
104.04686507241765	253.0
104.05686573226698	250.0
104.06686639211631	248.0
104.07686705196564	250.0
104.08686771181496	256.0
104.0968683716643	259.0
104.10686903151363	262.0
104.11686969136295	265.0
104.12687035121228	265.0
104.13687101106161	265.0
104.14687167091094	265.0
104.15687233076027	265.0
104.16687299060959	265.0
104.17687365045893	262.0
104.18687431030826	262.0
104.19687497015758	259.0
104.2068756300069	256.0
104.21687628985624	250.0
104.22687694970557	248.0
104.2368776095549	245.0
104.24687826940423	239.0
104.25687892925356	236.0
104.26687958910289	234.0
104.27688024895221	234.0
104.28688090880155	234.0
104.29688156865087	239.0
104.3068822285002	248.0
104.31688288834953	259.0
104.32688354819886	288.0
104.33688420804819	301.0
104.34688486789751	308.0
104.35688552774684	312.0
104.36688618759618	308.0
104.3768868474455	305.0
104.38688750729483	294.0
104.39688816714416	262.0
104.4068888269935	228.0
104.41688948684282	218.0
104.42689014669214	206.0
104.43689080654147	206.0
104.44689146639081	208.0
104.45689212624013	210.0
104.46689278608946	215.0
104.47689344593879	218.0
104.48689410578812	223.0
104.49689476563745	226.0
104.50689542548677	226.0
104.51689608533611	226.0
104.52689674518544	226.0
104.53689740503476	223.0
104.54689806488409	223.0
104.55689872473343	226.0
104.56689938458275	226.0
104.57690004443208	228.0
104.5869007042814	228.0
104.59690136413074	228.0
104.60690202398007	228.0
104.6169026838294	228.0
104.62690334367872	228.0
104.63690400352806	228.0
104.64690466337738	228.0
104.65690532322671	228.0
104.66690598307603	228.0
104.67690664292537	226.0
104.6869073027747	220.0
104.69690796262402	210.0
104.70690862247335	206.0
104.71690928232269	0.0
104.72690994217201	0.0
104.73691060202134	0.0
104.74691126187068	0.0
104.75691192172	0.0
104.76691258156933	0.0
104.77691324141865	0.0
104.786913901268	0.0
104.79691456111732	196.0
104.80691522096664	194.0
104.81691588081597	194.0
104.82691654066531	194.0
104.83691720051463	196.0
104.84691786036396	196.0
104.85691852021328	199.0
104.86691918006262	199.0
104.87691983991195	199.0
104.88692049976127	201.0
104.8969211596106	201.0
104.90692181945994	201.0
104.91692247930926	201.0
104.92692313915859	201.0
104.93692379900791	203.0
104.94692445885725	203.0
104.95692511870658	203.0
104.9669257785559	201.0
104.97692643840523	201.0
104.98692709825457	201.0
104.9969277581039	201.0
105.00692841795322	196.0
105.01692907780256	190.0
105.02692973765188	183.0
105.03693039750121	183.0
105.04693105735053	183.0
105.05693171719987	185.0
105.0669323770492	190.0
105.07693303689852	192.0
105.08693369674785	196.0
105.09693435659719	201.0
105.10693501644651	206.0
105.11693567629584	213.0
105.12693633614516	220.0
105.1369369959945	228.0
105.14693765584383	231.0
105.15693831569315	234.0
105.16693897554248	231.0
105.17693963539182	231.0
105.18694029524114	231.0
105.19694095509047	231.0
105.2069416149398	231.0
105.21694227478913	231.0
105.22694293463846	231.0
105.23694359448778	231.0
105.24694425433711	231.0
105.25694491418645	231.0
105.26694557403577	231.0
105.2769462338851	231.0
105.28694689373444	231.0
105.29694755358376	231.0
105.30694821343309	231.0
105.31694887328241	231.0
105.32694953313175	228.0
105.33695019298108	226.0
105.3469508528304	218.0
105.35695151267973	210.0
105.36695217252907	206.0
105.3769528323784	206.0
105.38695349222772	206.0
105.39695415207704	210.0
105.40695481192638	215.0
105.41695547177571	218.0
105.42695613162503	223.0
105.43695679147436	226.0
105.4469574513237	226.0
105.45695811117302	226.0
105.46695877102235	226.0
105.47695943087167	226.0
105.48696009072101	226.0
105.49696075057034	226.0
105.50696141041966	226.0
105.51696207026899	228.0
105.52696273011833	228.0
105.53696338996765	228.0
105.54696404981698	228.0
105.55696470966632	226.0
105.56696536951564	223.0
105.57696602936497	220.0
105.5869666892143	218.0
105.59696734906363	218.0
105.60696800891296	218.0
105.61696866876228	223.0
105.62696932861161	228.0
105.63696998846095	236.0
105.64697064831027	245.0
105.6569713081596	259.0
105.66697196800892	268.0
105.67697262785826	272.0
105.68697328770759	268.0
105.69697394755691	265.0
105.70697460740624	265.0
105.71697526725558	265.0
105.7269759271049	265.0
105.73697658695423	265.0
105.74697724680355	262.0
105.75697790665289	253.0
105.76697856650222	242.0
105.77697922635154	231.0
105.78697988620088	220.0
105.79698054605021	215.0
105.80698120589953	210.0
105.81698186574886	208.0
105.8269825255982	208.0
105.83698318544752	210.0
105.84698384529685	215.0
105.85698450514617	223.0
105.86698516499551	234.0
105.87698582484484	242.0
105.88698648469416	250.0
105.89698714454349	259.0
105.90698780439283	265.0
105.91698846424215	272.0
105.92698912409148	275.0
105.9369897839408	275.0
105.94699044379014	275.0
105.95699110363947	272.0
105.96699176348879	272.0
105.97699242333812	268.0
105.98699308318746	268.0
105.99699374303678	268.0
106.00699440288611	272.0
106.01699506273543	268.0
106.02699572258477	268.0
106.0369963824341	265.0
106.04699704228342	262.0
106.05699770213276	259.0
106.06699836198209	250.0
106.07699902183141	242.0
106.08699968168074	231.0
106.09700034153008	223.0
106.1070010013794	220.0
106.11700166122873	220.0
106.12700232107805	226.0
106.13700298092739	228.0
106.14700364077672	231.0
106.15700430062604	231.0
106.16700496047537	231.0
106.1770056203247	228.0
106.18700628017403	228.0
106.19700694002336	226.0
106.20700759987268	226.0
106.21700825972202	223.0
106.22700891957135	223.0
106.23700957942067	223.0
106.24701023927	223.0
106.25701089911934	223.0
106.26701155896866	223.0
106.27701221881799	223.0
106.28701287866731	228.0
106.29701353851665	231.0
106.30701419836598	239.0
106.3170148582153	245.0
106.32701551806464	253.0
106.33701617791397	259.0
106.34701683776329	262.0
106.35701749761262	265.0
106.36701815746196	268.0
106.37701881731128	268.0
106.3870194771606	268.0
106.39702013700993	265.0
106.40702079685927	262.0
106.4170214567086	259.0
106.42702211655792	253.0
106.43702277640725	250.0
106.44702343625659	245.0
106.45702409610591	242.0
106.46702475595524	236.0
106.47702541580456	231.0
106.4870260756539	228.0
106.49702673550323	226.0
106.50702739535255	223.0
106.51702805520188	223.0
106.52702871505122	220.0
106.53702937490054	220.0
106.54703003474987	220.0
106.5570306945992	226.0
106.56703135444853	228.0
106.57703201429786	234.0
106.58703267414718	239.0
106.59703333399652	248.0
106.60703399384585	253.0
106.61703465369517	259.0
106.6270353135445	265.0
106.63703597339384	268.0
106.64703663324316	272.0
106.65703729309249	272.0
106.66703795294181	272.0
106.67703861279115	268.0
106.68703927264048	265.0
106.6970399324898	262.0
106.70704059233913	259.0
106.71704125218847	253.0
106.72704191203779	248.0
106.73704257188712	239.0
106.74704323173644	231.0
106.75704389158578	226.0
106.7670445514351	218.0
106.77704521128443	213.0
106.78704587113376	210.0
106.7970465309831	210.0
106.80704719083242	210.0
106.81704785068175	213.0
106.82704851053109	218.0
106.83704917038041	226.0
106.84704983022974	231.0
106.85705049007906	239.0
106.8670511499284	248.0
106.87705180977773	256.0
106.88705246962705	262.0
106.89705312947638	265.0
106.90705378932572	268.0
106.91705444917504	268.0
106.92705510902437	268.0
106.93705576887369	268.0
106.94705642872303	268.0
106.95705708857236	268.0
106.96705774842168	268.0
106.977058408271	268.0
106.98705906812035	268.0
106.99705972796967	268.0
107.007060387819	268.0
107.01706104766832	268.0
107.02706170751766	268.0
107.03706236736699	268.0
107.04706302721631	268.0
107.05706368706564	268.0
107.06706434691498	268.0
107.0770650067643	265.0
107.08706566661363	265.0
107.09706632646296	262.0
107.10706698631229	259.0
107.11706764616162	253.0
107.12706830601094	248.0
107.13706896586028	239.0
107.1470696257096	236.0
107.15707028555893	236.0
107.16707094540826	236.0
107.1770716052576	242.0
107.18707226510692	248.0
107.19707292495625	350.0
107.20707358480557	354.0
107.21707424465491	363.0
107.22707490450424	363.0
107.23707556435356	358.0
107.24707622420289	354.0
107.25707688405222	346.0
107.26707754390155	338.0
107.27707820375088	334.0
107.2870788636002	331.0
107.29707952344954	331.0
107.30708018329886	327.0
107.31708084314819	327.0
107.32708150299752	327.0
107.33708216284685	327.0
107.34708282269618	331.0
107.3570834825455	331.0
107.36708414239484	334.0
107.37708480224417	334.0
107.3870854620935	334.0
107.39708612194282	338.0
107.40708678179216	338.0
107.41708744164148	338.0
107.42708810149081	334.0
107.43708876134014	327.0
107.44708942118947	327.0
107.4570900810388	331.0
107.46709074088812	334.0
107.47709140073745	342.0
107.48709206058679	346.0
107.49709272043611	358.0
107.50709338028544	371.0
107.51709404013477	380.0
107.5270946999841	367.0
107.53709535983343	375.0
107.54709601968275	375.0
107.55709667953208	380.0
107.56709733938142	375.0
107.57709799923074	375.0
107.58709865908007	371.0
107.59709931892941	367.0
107.60709997877873	358.0
107.61710063862806	350.0
107.62710129847738	338.0
107.63710195832672	327.0
107.64710261817605	316.0
107.65710327802537	301.0
107.6671039378747	284.0
107.67710459772404	272.0
107.68710525757336	265.0
107.69710591742269	259.0
107.70710657727201	256.0
107.71710723712135	256.0
107.72710789697068	256.0
107.73710855682	256.0
107.74710921666933	259.0
107.75710987651867	259.0
107.767110536368	259.0
107.77711119621732	259.0
107.78711185606664	259.0
107.79711251591598	253.0
107.80711317576531	248.0
107.81711383561463	245.0
107.82711449546396	248.0
107.8371151553133	250.0
107.84711581516262	253.0
107.85711647501195	259.0
107.86711713486129	265.0
107.87711779471061	338.0
107.88711845455994	350.0
107.89711911440926	350.0
107.9071197742586	346.0
107.91712043410793	338.0
107.92712109395725	331.0
107.93712175380658	327.0
107.94712241365592	331.0
107.95712307350524	331.0
107.96712373335457	338.0
107.9771243932039	342.0
107.98712505305323	350.0
107.99712571290256	354.0
108.00712637275188	354.0
108.01712703260121	354.0
108.02712769245055	346.0
108.03712835229987	342.0
108.0471290121492	338.0
108.05712967199852	334.0
108.06713033184786	331.0
108.07713099169719	331.0
108.08713165154651	331.0
108.09713231139584	331.0
108.10713297124518	331.0
108.1171336310945	327.0
108.12713429094383	323.0
108.13713495079317	312.0
108.1471356106425	298.0
108.15713627049182	0.0
108.16713693034114	0.0
108.17713759019048	0.0
108.18713825003981	0.0
108.19713890988913	0.0
108.20713956973846	0.0
108.2171402295878	0.0
108.22714088943712	0.0
108.23714154928645	0.0
108.24714220913577	402.0
108.25714286898511	407.0
108.26714352883444	407.0
108.27714418868376	407.0
108.28714484853309	407.0
108.29714550838243	407.0
108.30714616823175	407.0
108.31714682808108	407.0
108.3271474879304	407.0
108.33714814777974	407.0
108.34714880762907	402.0
108.3571494674784	402.0
108.36715012732772	402.0
108.37715078717706	402.0
108.38715144702638	402.0
108.39715210687571	402.0
108.40715276672505	402.0
108.41715342657437	402.0
108.4271540864237	398.0
108.43715474627302	393.0
108.44715540612236	384.0
108.45715606597169	371.0
108.46715672582101	363.0
108.47715738567034	354.0
108.48715804551968	0.0
108.497158705369	0.0
108.50715936521833	0.0
108.51716002506765	0.0
108.52716068491699	0.0
108.53716134476632	0.0
108.54716200461564	0.0
108.55716266446497	0.0
108.56716332431431	0.0
108.57716398416363	0.0
108.58716464401296	0.0
108.59716530386228	0.0
108.60716596371162	0.0
108.61716662356095	0.0
108.62716728341027	0.0
108.63716794325961	0.0
108.64716860310894	0.0
108.65716926295826	0.0
108.66716992280759	0.0
108.67717058265693	0.0
108.68717124250625	0.0
108.69717190235558	0.0
108.7071725622049	0.0
108.71717322205424	0.0
108.72717388190357	0.0
108.73717454175289	0.0
108.74717520160222	0.0
108.75717586145156	0.0
108.76717652130088	0.0
108.77717718115021	0.0
108.78717784099953	0.0
108.79717850084887	0.0
108.8071791606982	0.0
108.81717982054752	0.0
108.82718048039685	0.0
108.83718114024619	0.0
108.84718180009551	0.0
108.85718245994484	0.0
108.86718311979416	0.0
108.8771837796435	0.0
108.88718443949283	0.0
108.89718509934215	0.0
108.90718575919149	0.0
108.91718641904082	0.0
108.92718707889014	441.0
108.93718773873947	441.0
108.9471883985888	441.0
108.95718905843813	447.0
108.96718971828746	457.0
108.97719037813678	457.0
108.98719103798612	457.0
108.99719169783545	457.0
109.00719235768477	457.0
109.0171930175341	452.0
109.02719367738344	452.0
109.03719433723276	452.0
109.04719499708209	452.0
109.05719565693141	452.0
109.06719631678075	447.0
109.07719697663008	447.0
109.0871976364794	447.0
109.09719829632873	447.0
109.10719895617807	447.0
109.11719961602739	447.0
109.12720027587672	447.0
109.13720093572604	447.0
109.14720159557538	447.0
109.1572022554247	452.0
109.16720291527403	452.0
109.17720357512337	452.0
109.1872042349727	452.0
109.19720489482202	452.0
109.20720555467135	452.0
109.21720621452069	447.0
109.22720687437001	447.0
109.23720753421934	441.0
109.24720819406866	452.0
109.257208853918	457.0
109.26720951376733	468.0
109.27721017361665	479.0
109.28721083346598	479.0
109.29721149331532	484.0
109.30721215316464	479.0
109.31721281301397	479.0
109.32721347286329	479.0
109.33721413271263	479.0
109.34721479256196	473.0
109.35721545241128	473.0
109.3672161122606	462.0
109.37721677210995	457.0
109.38721743195927	452.0
109.3972180918086	452.0
109.40721875165794	447.0
109.41721941150726	447.0
109.42722007135659	447.0
109.43722073120591	447.0
109.44722139105525	447.0
109.45722205090458	452.0
109.4672227107539	452.0
109.47722337060323	452.0
109.48722403045257	452.0
109.49722469030189	457.0
109.50722535015122	452.0
109.51722601000054	452.0
109.52722666984988	441.0
109.5372273296992	426.0
109.54722798954853	412.0
109.55722864939786	402.0
109.5672293092472	0.0
109.57722996909652	0.0
109.58723062894585	0.0
109.59723128879517	0.0
109.60723194864451	468.0
109.61723260849384	479.0
109.62723326834316	484.0
109.63723392819249	490.0
109.64723458804183	496.0
109.65723524789115	496.0
109.66723590774048	496.0
109.67723656758982	496.0
109.68723722743914	496.0
109.69723788728847	490.0
109.70723854713779	484.0
109.71723920698713	479.0
109.72723986683646	473.0
109.73724052668578	473.0
109.7472411865351	468.0
109.75724184638445	462.0
109.76724250623377	452.0
109.7772431660831	441.0
109.78724382593242	431.0
109.79724448578176	421.0
109.80724514563109	417.0
109.81724580548041	412.0
109.82724646532974	407.0
109.83724712517908	407.0
109.8472477850284	402.0
109.85724844487773	402.0
109.86724910472705	407.0
109.87724976457639	407.0
109.88725042442572	407.0
109.89725108427504	407.0
109.90725174412437	412.0
109.9172524039737	412.0
109.92725306382303	407.0
109.93725372367236	393.0
109.9472543835217	389.0
109.95725504337102	389.0
109.96725570322035	398.0
109.97725636306967	412.0
109.98725702291901	421.0
109.99725768276834	426.0
110.00725834261766	436.0
110.01725900246699	447.0
110.02725966231633	452.0
110.03726032216565	452.0
110.04726098201498	457.0
110.0572616418643	457.0
110.06726230171364	457.0
110.07726296156297	457.0
110.08726362141229	452.0
110.09726428126162	452.0
110.10726494111096	452.0
110.11726560096028	457.0
110.1272662608096	457.0
110.13726692065893	457.0
110.14726758050827	457.0
110.1572682403576	457.0
110.16726890020692	457.0
110.17726956005625	457.0
110.18727021990559	457.0
110.19727087975491	457.0
110.20727153960424	457.0
110.21727219945357	452.0
110.2272728593029	452.0
110.23727351915223	452.0
110.24727417900155	452.0
110.25727483885089	447.0
110.26727549870022	441.0
110.27727615854954	447.0
110.28727681839887	452.0
110.2972774782482	462.0
110.30727813809753	473.0
110.31727879794686	473.0
110.32727945779618	479.0
110.33728011764552	479.0
110.34728077749484	479.0
110.35728143734417	479.0
110.3672820971935	479.0
110.37728275704283	479.0
110.38728341689216	479.0
110.39728407674149	473.0
110.40728473659081	473.0
110.41728539644015	468.0
110.42728605628947	462.0
110.4372867161388	457.0
110.44728737598814	457.0
110.45728803583746	452.0
110.46728869568679	452.0
110.47728935553612	452.0
110.48729001538545	452.0
110.49729067523478	452.0
110.5072913350841	452.0
110.51729199493343	452.0
110.52729265478277	452.0
110.5372933146321	452.0
110.54729397448142	452.0
110.55729463433074	452.0
110.56729529418008	452.0
110.57729595402941	447.0
110.58729661387873	452.0
110.59729727372806	452.0
110.6072979335774	457.0
110.61729859342672	457.0
110.62729925327605	457.0
110.63729991312537	457.0
110.64730057297471	462.0
110.65730123282404	501.0
110.66730189267336	496.0
110.67730255252269	490.0
110.68730321237203	484.0
110.69730387222135	484.0
110.70730453207068	484.0
110.71730519192002	479.0
110.72730585176934	479.0
110.73730651161867	479.0
110.747307171468	479.0
110.75730783131733	473.0
110.76730849116666	468.0
110.77730915101598	468.0
110.78730981086531	462.0
110.79731047071465	462.0
110.80731113056397	462.0
110.8173117904133	462.0
110.82731245026262	462.0
110.83731311011196	462.0
110.84731376996129	462.0
110.85731442981061	462.0
110.86731508965994	462.0
110.87731574950928	468.0
110.8873164093586	468.0
110.89731706920793	484.0
110.90731772905725	507.0
110.9173183889066	531.0
110.92731904875592	550.0
110.93731970860524	569.0
110.94732036845457	589.0
110.95732102830391	610.0
110.96732168815323	596.0
110.97732234800256	569.0
110.9873230078519	544.0
110.99732366770122	0.0
111.00732432755055	0.0
111.01732498739987	447.0
111.02732564724921	436.0
111.03732630709854	436.0
111.04732696694786	431.0
111.05732762679719	431.0
111.06732828664653	436.0
111.07732894649585	441.0
111.08732960634518	447.0
111.0973302661945	452.0
111.10733092604384	457.0
111.11733158589317	462.0
111.1273322457425	468.0
111.13733290559182	473.0
111.14733356544116	479.0
111.15733422529048	479.0
111.16733488513981	484.0
111.17733554498913	484.0
111.18733620483847	484.0
111.1973368646878	484.0
111.20733752453712	484.0
111.21733818438645	490.0
111.22733884423579	484.0
111.23733950408511	484.0
111.24734016393444	479.0
111.25734082378378	473.0
111.2673414836331	452.0
111.27734214348243	447.0
111.28734280333175	441.0
111.2973434631811	436.0
111.30734412303042	436.0
111.31734478287974	436.0
111.32734544272907	436.0
111.33734610257841	441.0
111.34734676242773	447.0
111.35734742227706	452.0
111.36734808212638	447.0
111.37734874197572	452.0
111.38734940182505	457.0
111.39735006167437	457.0
111.4073507215237	462.0
111.41735138137304	462.0
111.42735204122236	462.0
111.43735270107169	462.0
111.44735336092101	462.0
111.45735402077035	457.0
111.46735468061968	457.0
111.477355340469	457.0
111.48735600031834	457.0
111.49735666016767	457.0
111.507357320017	457.0
111.51735797986632	457.0
111.52735863971566	457.0
111.53735929956498	462.0
111.54735995941431	462.0
111.55736061926363	462.0
111.56736127911297	462.0
111.5773619389623	462.0
111.58736259881162	462.0
111.59736325866095	457.0
111.60736391851029	457.0
111.61736457835961	447.0
111.62736523820894	417.0
111.63736589805826	421.0
111.6473665579076	431.0
111.65736721775693	441.0
111.66736787760625	452.0
111.67736853745558	457.0
111.68736919730492	457.0
111.69736985715424	457.0
111.70737051700357	452.0
111.7173711768529	452.0
111.72737183670223	452.0
111.73737249655156	452.0
111.74737315640088	452.0
111.75737381625022	452.0
111.76737447609955	452.0
111.77737513594887	452.0
111.7873757957982	452.0
111.79737645564754	452.0
111.80737711549686	452.0
111.81737777534619	457.0
111.82737843519551	457.0
111.83737909504485	452.0
111.84737975489418	452.0
111.8573804147435	452.0
111.86738107459283	452.0
111.87738173444217	452.0
111.88738239429149	452.0
111.89738305414082	452.0
111.90738371399014	452.0
111.91738437383948	452.0
111.92738503368881	452.0
111.93738569353813	452.0
111.94738635338746	452.0
111.9573870132368	452.0
111.96738767308612	452.0
111.97738833293545	452.0
111.98738899278477	452.0
111.99738965263411	452.0
112.00739031248344	452.0
112.01739097233276	452.0
112.0273916321821	452.0
112.03739229203143	452.0
112.04739295188075	452.0
112.05739361173008	452.0
112.06739427157942	452.0
112.07739493142874	452.0
112.08739559127807	457.0
112.09739625112739	468.0
112.10739691097673	473.0
112.11739757082606	479.0
112.12739823067538	484.0
112.13739889052471	484.0
112.14739955037405	490.0
112.15740021022337	490.0
112.1674008700727	490.0
112.17740152992202	484.0
112.18740218977136	484.0
112.19740284962069	479.0
112.20740350947001	473.0
112.21740416931934	468.0
112.22740482916868	462.0
112.237405489018	462.0
112.24740614886733	462.0
112.25740680871665	468.0
112.26740746856599	479.0
112.27740812841532	490.0
112.28740878826464	501.0
112.29740944811398	519.0
112.3074101079633	531.0
112.31741076781263	544.0
112.32741142766196	556.0
112.3374120875113	569.0
112.34741274736062	569.0
112.35741340720995	569.0
112.36741406705927	550.0
112.37741472690861	537.0
112.38741538675794	447.0
112.39741604660726	431.0
112.40741670645659	426.0
112.41741736630593	421.0
112.42741802615525	421.0
112.43741868600458	426.0
112.4474193458539	436.0
112.45742000570324	441.0
112.46742066555257	441.0
112.47742132540189	447.0
112.48742198525122	447.0
112.49742264510056	452.0
112.50742330494988	452.0
112.5174239647992	452.0
112.52742462464855	452.0
112.53742528449787	452.0
112.5474259443472	452.0
112.55742660419652	452.0
112.56742726404586	452.0
112.57742792389519	452.0
112.58742858374451	457.0
112.59742924359384	457.0
112.60742990344318	462.0
112.6174305632925	468.0
112.62743122314183	468.0
112.63743188299115	473.0
112.64743254284049	473.0
112.65743320268982	473.0
112.66743386253914	468.0
112.67743452238847	457.0
112.6874351822378	441.0
112.69743584208713	421.0
112.70743650193646	0.0
112.71743716178578	0.0
112.72743782163512	0.0
112.73743848148445	0.0
112.74743914133377	0.0
112.7574398011831	0.0
112.76744046103244	0.0
112.77744112088176	384.0
112.78744178073109	384.0
112.79744244058043	389.0
112.80744310042975	389.0
112.81744376027908	393.0
112.8274444201284	393.0
112.83744507997774	398.0
112.84744573982707	398.0
112.85744639967639	398.0
112.86744705952572	398.0
112.87744771937506	398.0
112.88744837922438	402.0
112.8974490390737	402.0
112.90744969892303	402.0
112.91745035877237	402.0
112.9274510186217	402.0
112.93745167847102	402.0
112.94745233832035	407.0
112.95745299816969	407.0
112.96745365801901	407.0
112.97745431786834	407.0
112.98745497771766	407.0
112.997455637567	402.0
113.00745629741633	402.0
113.01745695726565	402.0
113.02745761711498	402.0
113.03745827696432	393.0
113.04745893681364	363.0
113.05745959666297	354.0
113.0674602565123	354.0
113.07746091636163	354.0
113.08746157621096	363.0
113.09746223606028	398.0
113.10746289590962	402.0
113.11746355575895	402.0
113.12746421560827	402.0
113.1374648754576	402.0
113.14746553530694	402.0
113.15746619515626	402.0
113.16746685500559	402.0
113.17746751485491	407.0
113.18746817470425	407.0
113.19746883455358	407.0
113.2074694944029	407.0
113.21747015425223	407.0
113.22747081410157	407.0
113.23747147395089	402.0
113.24747213380022	402.0
113.25747279364954	398.0
113.26747345349888	393.0
113.2774741133482	384.0
113.28747477319753	380.0
113.29747543304687	371.0
113.3074760928962	358.0
113.31747675274552	350.0
113.32747741259485	338.0
113.33747807244418	327.0
113.34747873229351	319.0
113.35747939214284	319.0
113.36748005199216	319.0
113.3774807118415	323.0
113.38748137169082	334.0
113.39748203154015	342.0
113.40748269138948	346.0
113.41748335123881	354.0
113.42748401108814	384.0
113.43748467093747	402.0
113.44748533078679	407.0
113.45748599063613	412.0
113.46748665048545	412.0
113.47748731033478	412.0
113.4874879701841	407.0
113.49748863003344	407.0
113.50748928988277	402.0
113.5174899497321	398.0
113.52749060958142	393.0
113.53749126943076	389.0
113.54749192928008	380.0
113.55749258912941	375.0
113.56749324897875	371.0
113.57749390882807	363.0
113.5874945686774	358.0
113.59749522852672	354.0
113.60749588837606	346.0
113.61749654822539	342.0
113.62749720807471	342.0
113.63749786792404	338.0
113.64749852777338	338.0
113.6574991876227	338.0
113.66749984747203	338.0
113.67750050732135	338.0
113.6875011671707	338.0
113.69750182702002	342.0
113.70750248686934	342.0
113.71750314671867	350.0
113.72750380656801	358.0
113.73750446641733	371.0
113.74750512626666	389.0
113.75750578611598	412.0
113.76750644596532	436.0
113.77750710581465	462.0
113.78750776566397	479.0
113.7975084255133	496.0
113.80750908536264	507.0
113.81750974521196	513.0
113.82751040506129	507.0
113.83751106491063	496.0
113.84751172475995	468.0
113.85751238460928	447.0
113.8675130444586	421.0
113.87751370430794	0.0
113.88751436415727	0.0
113.8975150240066	0.0
113.90751568385592	0.0
113.91751634370526	0.0
113.92751700355458	0.0
113.93751766340391	0.0
113.94751832325323	0.0
113.95751898310257	402.0
113.9675196429519	402.0
113.97752030280122	402.0
113.98752096265055	402.0
113.99752162249989	402.0
114.00752228234921	402.0
114.01752294219854	402.0
114.02752360204786	402.0
114.0375242618972	402.0
114.04752492174653	402.0
114.05752558159585	402.0
114.06752624144518	402.0
114.07752690129452	402.0
114.08752756114384	398.0
114.09752822099317	398.0
114.10752888084251	398.0
114.11752954069183	398.0
114.12753020054116	398.0
114.13753086039048	398.0
114.14753152023982	398.0
114.15753218008915	398.0
114.16753283993847	398.0
114.1775334997878	398.0
114.18753415963714	398.0
114.19753481948646	398.0
114.20753547933579	402.0
114.21753613918511	402.0
114.22753679903445	402.0
114.23753745888378	402.0
114.2475381187331	402.0
114.25753877858243	402.0
114.26753943843177	402.0
114.2775400982811	402.0
114.28754075813042	402.0
114.29754141797974	402.0
114.30754207782908	402.0
114.31754273767841	402.0
114.32754339752773	402.0
114.33754405737707	402.0
114.3475447172264	402.0
114.35754537707572	402.0
114.36754603692505	398.0
114.37754669677439	389.0
114.38754735662371	371.0
114.39754801647304	367.0
114.40754867632236	363.0
114.4175493361717	363.0
114.42754999602103	402.0
114.43755065587035	412.0
114.44755131571968	412.0
114.45755197556902	412.0
114.46755263541834	412.0
114.47755329526767	412.0
114.487553955117	407.0
114.49755461496633	407.0
114.50755527481566	402.0
114.51755593466498	398.0
114.52755659451431	389.0
114.53755725436365	384.0
114.54755791421297	375.0
114.5575585740623	367.0
114.56755923391162	358.0
114.57755989376096	350.0
114.58756055361029	346.0
114.59756121345961	342.0
114.60756187330895	338.0
114.61756253315828	338.0
114.6275631930076	338.0
114.63756385285693	338.0
114.64756451270627	338.0
114.65756517255559	338.0
114.66756583240492	338.0
114.67756649225424	338.0
114.68756715210358	334.0
114.69756781195291	331.0
114.70756847180223	331.0
114.71756913165156	331.0
114.7275697915009	334.0
114.73757045135022	342.0
114.74757111119955	346.0
114.75757177104887	358.0
114.76757243089821	367.0
114.77757309074754	367.0
114.78757375059686	367.0
114.79757441044619	367.0
114.80757507029553	363.0
114.81757573014485	358.0
114.82757638999418	350.0
114.8375770498435	338.0
114.84757770969284	327.0
114.85757836954217	316.0
114.8675790293915	305.0
114.87757968924083	284.0
114.88758034909016	272.0
114.89758100893948	268.0
114.90758166878881	265.0
114.91758232863815	265.0
114.92758298848747	265.0
114.9375836483368	265.0
114.94758430818612	268.0
114.95758496803546	272.0
114.96758562788479	272.0
114.97758628773411	272.0
114.98758694758344	272.0
114.99758760743278	268.0
115.0075882672821	268.0
115.01758892713143	265.0
115.02758958698075	262.0
115.03759024683009	256.0
115.04759090667942	245.0
115.05759156652874	239.0
115.06759222637807	239.0
115.07759288622741	242.0
115.08759354607673	275.0
115.09759420592606	278.0
115.10759486577538	278.0
115.11759552562472	275.0
115.12759618547405	272.0
115.13759684532337	272.0
115.14759750517271	272.0
115.15759816502204	272.0
115.16759882487136	268.0
115.17759948472069	265.0
115.18760014457003	265.0
115.19760080441935	259.0
115.20760146426868	256.0
115.217602124118	250.0
115.22760278396734	242.0
115.23760344381667	236.0
115.24760410366599	231.0
115.25760476351532	228.0
115.26760542336466	226.0
115.27760608321398	228.0
115.28760674306331	234.0
115.29760740291263	242.0
115.30760806276197	253.0
115.3176087226113	278.0
115.32760938246062	298.0
115.33761004230995	308.0
115.34761070215929	316.0
115.35761136200861	319.0
115.36761202185794	319.0
115.37761268170728	312.0
115.3876133415566	305.0
115.39761400140593	242.0
115.40761466125525	228.0
115.41761532110459	223.0
115.42761598095392	201.0
115.43761664080324	201.0
115.44761730065257	206.0
115.4576179605019	215.0
115.46761862035123	218.0
115.47761928020056	223.0
115.48761994004988	226.0
115.49762059989922	226.0
115.50762125974855	226.0
115.51762191959787	226.0
115.5276225794472	226.0
115.53762323929654	226.0
115.54762389914586	226.0
115.55762455899519	226.0
115.56762521884451	226.0
115.57762587869385	226.0
115.58762653854318	226.0
115.5976271983925	226.0
115.60762785824183	226.0
115.61762851809117	226.0
115.62762917794049	228.0
115.63762983778982	228.0
115.64763049763916	228.0
115.65763115748848	228.0
115.6676318173378	228.0
115.67763247718713	223.0
115.68763313703647	215.0
115.6976337968858	208.0
115.70763445673512	0.0
115.71763511658445	0.0
115.72763577643379	0.0
115.73763643628311	0.0
115.74763709613244	0.0
115.75763775598176	0.0
115.7676384158311	0.0
115.77763907568043	206.0
115.78763973552975	206.0
115.79764039537908	206.0
115.80764105522842	203.0
115.81764171507774	203.0
115.82764237492707	203.0
115.83764303477639	206.0
115.84764369462573	206.0
115.85764435447506	0.0
115.86764501432438	0.0
115.8776456741737	0.0
115.88764633402305	0.0
115.89764699387237	0.0
115.9076476537217	0.0
115.91764831357104	0.0
115.92764897342036	0.0
115.93764963326969	0.0
115.94765029311901	0.0
115.95765095296835	0.0
115.96765161281768	0.0
115.977652272667	0.0
115.98765293251633	0.0
115.99765359236567	0.0
116.00765425221499	0.0
116.01765491206432	0.0
116.02765557191364	0.0
116.03765623176298	0.0
116.0476568916123	0.0
116.05765755146163	0.0
116.06765821131096	0.0
116.0776588711603	0.0
116.08765953100962	0.0
116.09766019085895	0.0
116.10766085070827	0.0
116.11766151055761	0.0
116.12766217040694	0.0
116.13766283025626	0.0
116.1476634901056	0.0
116.15766414995493	0.0
116.16766480980425	0.0
116.17766546965358	0.0
116.18766612950292	0.0
116.19766678935224	0.0
116.20766744920157	0.0
116.21766810905089	0.0
116.22766876890023	0.0
116.23766942874956	0.0
116.24767008859888	0.0
116.2576707484482	0.0
116.26767140829755	0.0
116.27767206814687	0.0
116.2876727279962	220.0
116.29767338784552	220.0
116.30767404769486	220.0
116.31767470754419	223.0
116.32767536739351	226.0
116.33767602724284	226.0
116.34767668709218	228.0
116.3576773469415	228.0
116.36767800679083	231.0
116.37767866664015	231.0
116.38767932648949	231.0
116.39767998633882	228.0
116.40768064618814	228.0
116.41768130603748	228.0
116.4276819658868	228.0
116.43768262573613	228.0
116.44768328558546	228.0
116.4576839454348	226.0
116.46768460528412	223.0
116.47768526513345	223.0
116.48768592498277	220.0
116.49768658483211	220.0
116.50768724468143	220.0
116.51768790453076	220.0
116.52768856438009	218.0
116.53768922422942	220.0
116.54768988407875	220.0
116.55769054392808	220.0
116.5676912037774	220.0
116.57769186362674	223.0
116.58769252347606	223.0
116.59769318332539	223.0
116.60769384317472	223.0
116.61769450302405	223.0
116.62769516287338	223.0
116.6376958227227	223.0
116.64769648257203	223.0
116.65769714242137	220.0
116.6676978022707	220.0
116.67769846212002	218.0
116.68769912196936	215.0
116.69769978181868	213.0
116.70770044166801	215.0
116.71770110151733	223.0
116.72770176136667	236.0
116.737702421216	245.0
116.74770308106532	256.0
116.75770374091465	265.0
116.76770440076399	272.0
116.77770506061331	272.0
116.78770572046264	265.0
116.79770638031196	256.0
116.8077070401613	248.0
116.81770770001063	234.0
116.82770835985995	218.0
116.83770901970928	210.0
116.84770967955862	208.0
116.85771033940794	208.0
116.86771099925727	215.0
116.8777116591066	226.0
116.88771231895593	248.0
116.89771297880526	265.0
116.90771363865458	278.0
116.91771429850391	288.0
116.92771495835325	291.0
116.93771561820257	291.0
116.9477162780519	284.0
116.95771693790124	265.0
116.96771759775056	248.0
116.97771825759989	239.0
116.98771891744921	223.0
116.99771957729855	213.0
117.00772023714788	208.0
117.0177208969972	208.0
117.02772155684653	210.0
117.03772221669587	218.0
117.0477228765452	228.0
117.05772353639452	239.0
117.06772419624384	248.0
117.07772485609318	253.0
117.08772551594251	256.0
117.09772617579183	256.0
117.10772683564116	256.0
117.1177274954905	250.0
117.12772815533982	245.0
117.13772881518915	234.0
117.14772947503847	226.0
117.15773013488781	223.0
117.16773079473714	223.0
117.17773145458646	228.0
117.1877321144358	236.0
117.19773277428513	245.0
117.20773343413445	253.0
117.21773409398378	259.0
117.22773475383312	259.0
117.23773541368244	256.0
117.24773607353177	250.0
117.2577367333811	242.0
117.26773739323043	218.0
117.27773805307976	203.0
117.28773871292908	196.0
117.29773937277841	194.0
117.30774003262775	196.0
117.31774069247707	199.0
117.3277413523264	201.0
117.33774201217572	203.0
117.34774267202506	203.0
117.35774333187439	203.0
117.36774399172371	199.0
117.37774465157304	194.0
117.38774531142238	187.0
117.3977459712717	183.0
117.40774663112103	0.0
117.41774729097035	0.0
117.4277479508197	0.0
117.43774861066902	0.0
117.44774927051834	0.0
117.45774993036768	0.0
117.46775059021701	0.0
117.47775125006633	0.0
117.48775190991566	0.0
117.497752569765	0.0
117.50775322961432	0.0
117.51775388946365	0.0
117.52775454931297	0.0
117.53775520916231	0.0
117.54775586901164	0.0
117.55775652886096	0.0
117.56775718871029	0.0
117.57775784855963	0.0
117.58775850840895	0.0
117.59775916825828	0.0
117.6077598281076	0.0
117.61776048795694	0.0
117.62776114780627	0.0
117.6377618076556	0.0
117.64776246750492	0.0
117.65776312735426	201.0
117.66776378720358	199.0
117.67776444705291	201.0
117.68776510690223	201.0
117.69776576675157	203.0
117.7077664266009	203.0
117.71776708645022	203.0
117.72776774629956	203.0
117.73776840614889	203.0
117.74776906599821	203.0
117.75776972584754	203.0
117.76777038569688	203.0
117.7777710455462	203.0
117.78777170539553	203.0
117.79777236524485	203.0
117.80777302509419	201.0
117.81777368494352	199.0
117.82777434479284	194.0
117.83777500464217	192.0
117.84777566449151	187.0
117.85777632434083	187.0
117.86777698419016	194.0
117.87777764403948	203.0
117.88777830388882	218.0
117.89777896373815	228.0
117.90777962358747	239.0
117.9177802834368	248.0
117.92778094328614	253.0
117.93778160313546	253.0
117.94778226298479	253.0
117.95778292283411	245.0
117.96778358268345	236.0
117.97778424253278	226.0
117.9877849023821	218.0
117.99778556223144	210.0
118.00778622208077	206.0
118.01778688193009	203.0
118.02778754177942	203.0
118.03778820162876	206.0
118.04778886147808	206.0
118.05778952132741	208.0
118.06779018117673	208.0
118.07779084102607	208.0
118.0877915008754	208.0
118.09779216072472	206.0
118.10779282057405	203.0
118.11779348042339	196.0
118.12779414027271	190.0
118.13779480012204	181.0
118.14779545997136	173.0
118.1577961198207	165.0
118.16779677967003	0.0
118.17779743951935	0.0
118.18779809936868	0.0
118.19779875921802	179.0
118.20779941906734	190.0
118.21780007891667	199.0
118.227800738766	210.0
118.23780139861533	218.0
118.24780205846466	220.0
118.25780271831398	220.0
118.26780337816332	215.0
118.27780403801265	208.0
118.28780469786197	201.0
118.2978053577113	185.0
118.30780601756064	165.0
118.31780667740996	159.0
118.32780733725929	159.0
118.33780799710861	159.0
118.34780865695795	161.0
118.35780931680728	163.0
118.3678099766566	165.0
118.37781063650593	167.0
118.38781129635527	169.0
118.39781195620459	173.0
118.40781261605392	177.0
118.41781327590324	179.0
118.42781393575258	179.0
118.4378145956019	177.0
118.44781525545123	171.0
118.45781591530056	165.0
118.4678165751499	159.0
118.47781723499922	158.0
118.48781789484855	0.0
118.49781855469789	0.0
118.50781921454721	0.0
118.51781987439654	0.0
118.52782053424586	0.0
118.5378211940952	0.0
118.54782185394453	0.0
118.55782251379385	0.0
118.56782317364318	0.0
118.57782383349252	0.0
118.58782449334184	0.0
118.59782515319117	0.0
118.60782581304049	0.0
118.61782647288983	0.0
118.62782713273916	0.0
118.63782779258848	0.0
118.6478284524378	0.0
118.65782911228715	0.0
118.66782977213647	0.0
118.6778304319858	0.0
118.68783109183512	0.0
118.69783175168446	0.0
118.70783241153379	0.0
118.71783307138311	165.0
118.72783373123244	161.0
118.73783439108178	159.0
118.7478350509311	158.0
118.75783571078043	158.0
118.76783637062977	159.0
118.77783703047909	159.0
118.78783769032842	163.0
118.79783835017774	165.0
118.80783901002708	169.0
118.8178396698764	173.0
118.82784032972573	175.0
118.83784098957506	173.0
118.8478416494244	171.0
118.85784230927372	169.0
118.86784296912305	167.0
118.87784362897237	165.0
118.88784428882171	163.0
118.89784494867104	163.0
118.90784560852036	161.0
118.91784626836969	161.0
118.92784692821903	163.0
118.93784758806835	163.0
118.94784824791768	163.0
118.957848907767	165.0
118.96784956761634	165.0
118.97785022746567	173.0
118.98785088731499	181.0
118.99785154716432	187.0
119.00785220701366	187.0
119.01785286686298	187.0
119.0278535267123	185.0
119.03785418656165	185.0
119.04785484641097	185.0
119.0578555062603	183.0
119.06785616610962	181.0
119.07785682595896	179.0
119.08785748580829	177.0
119.09785814565761	175.0
119.10785880550694	171.0
119.11785946535628	167.0
119.1278601252056	163.0
119.13786078505493	159.0
119.14786144490425	158.0
119.15786210475359	156.0
119.16786276460292	156.0
119.17786342445224	156.0
119.18786408430157	158.0
119.1978647441509	159.0
119.20786540400023	161.0
119.21786606384956	165.0
119.22786672369888	169.0
119.23786738354822	171.0
119.24786804339755	171.0
119.25786870324687	167.0
119.26786936309621	163.0
119.27787002294554	161.0
119.28787068279486	158.0
119.29787134264419	156.0
119.30787200249353	156.0
119.31787266234285	156.0
119.32787332219218	156.0
119.3378739820415	173.0
119.34787464189084	179.0
119.35787530174017	190.0
119.36787596158949	196.0
119.37787662143882	203.0
119.38787728128816	206.0
119.39787794113748	206.0
119.4078786009868	203.0
119.41787926083613	203.0
119.42787992068547	201.0
119.4378805805348	201.0
119.44788124038412	201.0
119.45788190023345	201.0
119.46788256008278	201.0
119.47788321993211	201.0
119.48788387978144	201.0
119.49788453963076	201.0
119.5078851994801	201.0
119.51788585932943	201.0
119.52788651917875	201.0
119.53788717902809	201.0
119.54788783887741	201.0
119.55788849872674	203.0
119.56788915857607	203.0
119.5778898184254	203.0
119.58789047827473	203.0
119.59789113812406	203.0
119.60789179797338	203.0
119.61789245782272	203.0
119.62789311767204	203.0
119.63789377752137	203.0
119.6478944373707	203.0
119.65789509722003	203.0
119.66789575706936	203.0
119.67789641691868	203.0
119.68789707676801	203.0
119.69789773661735	203.0
119.70789839646667	203.0
119.717899056316	201.0
119.72789971616533	199.0
119.73790037601466	194.0
119.74790103586399	190.0
119.75790169571331	183.0
119.76790235556264	177.0
119.77790301541198	171.0
119.7879036752613	163.0
119.79790433511063	158.0
119.80790499495997	154.0
119.8179056548093	156.0
119.82790631465862	158.0
119.83790697450794	161.0
119.84790763435728	169.0
119.85790829420661	187.0
119.86790895405593	194.0
119.87790961390526	199.0
119.8879102737546	203.0
119.89791093360392	203.0
119.90791159345325	206.0
119.91791225330257	206.0
119.92791291315191	203.0
119.93791357300124	203.0
119.94791423285056	201.0
119.95791489269989	196.0
119.96791555254923	194.0
119.97791621239855	194.0
119.98791687224788	194.0
119.9979175320972	199.0
120.00791819194654	203.0
120.01791885179587	208.0
120.0279195116452	210.0
120.03792017149453	210.0
120.04792083134386	208.0
120.05792149119318	208.0
120.06792215104251	206.0
120.07792281089185	203.0
120.08792347074117	199.0
120.0979241305905	190.0
120.10792479043982	179.0
120.11792545028916	171.0
120.12792611013849	163.0
120.13792676998781	156.0
120.14792742983714	154.0
120.15792808968648	156.0
120.1679287495358	163.0
120.17792940938513	169.0
120.18793006923445	196.0
120.1979307290838	203.0
120.20793138893312	208.0
120.21793204878244	208.0
120.22793270863177	208.0
120.23793336848111	206.0
120.24793402833043	203.0
120.25793468817976	199.0
120.26793534802908	194.0
120.27793600787842	190.0
120.28793666772775	187.0
120.29793732757707	190.0
120.30793798742641	194.0
120.31793864727574	199.0
120.32793930712506	206.0
120.33793996697439	210.0
120.34794062682373	218.0
120.35794128667305	223.0
120.36794194652238	228.0
120.3779426063717	231.0
120.38794326622104	231.0
120.39794392607037	228.0
120.4079445859197	228.0
120.41794524576902	226.0
120.42794590561836	226.0
120.43794656546768	226.0
120.44794722531701	226.0
120.45794788516633	226.0
120.46794854501567	223.0
120.477949204865	223.0
120.48794986471432	223.0
120.49795052456365	226.0
120.50795118441299	226.0
120.51795184426231	226.0
120.52795250411164	228.0
120.53795316396096	228.0
120.5479538238103	228.0
120.55795448365963	226.0
120.56795514350895	223.0
120.5779558033583	223.0
120.58795646320762	223.0
120.59795712305694	228.0
120.60795778290627	234.0
120.61795844275561	242.0
120.62795910260493	250.0
120.63795976245426	262.0
120.64796042230358	268.0
120.65796108215292	275.0
120.66796174200225	278.0
120.67796240185157	275.0
120.6879630617009	272.0
120.69796372155024	265.0
120.70796438139956	259.0
120.71796504124889	250.0
120.72796570109821	239.0
120.73796636094755	226.0
120.74796702079688	223.0
120.7579676806462	218.0
120.76796834049553	215.0
120.77796900034487	215.0
120.7879696601942	215.0
120.79797032004352	215.0
120.80797097989284	220.0
120.81797163974218	226.0
120.82797229959151	234.0
120.83797295944083	239.0
120.84797361929017	245.0
120.8579742791395	253.0
120.86797493898882	262.0
120.87797559883815	265.0
120.88797625868749	268.0
120.89797691853681	272.0
120.90797757838614	272.0
120.91797823823546	272.0
120.9279788980848	272.0
120.93797955793413	268.0
120.94798021778345	268.0
120.95798087763278	265.0
120.96798153748212	259.0
120.97798219733144	253.0
120.98798285718077	242.0
120.9979835170301	228.0
121.00798417687943	218.0
121.01798483672876	213.0
121.02798549657808	210.0
121.03798615642741	215.0
121.04798681627675	226.0
121.05798747612607	239.0
121.0679881359754	250.0
121.07798879582474	262.0
121.08798945567406	272.0
121.09799011552339	272.0
121.10799077537271	268.0
121.11799143522205	262.0
121.12799209507138	250.0
121.1379927549207	228.0
121.14799341477003	215.0
121.15799407461937	213.0
121.16799473446869	215.0
121.17799539431802	226.0
121.18799605416734	236.0
121.19799671401668	253.0
121.20799737386601	272.0
121.21799803371533	284.0
121.22799869356466	291.0
121.237999353414	291.0
121.24800001326332	288.0
121.25800067311265	278.0
121.26800133296197	259.0
121.27800199281131	242.0
121.28800265266064	226.0
121.29800331250996	218.0
121.30800397235929	213.0
121.31800463220863	213.0
121.32800529205795	220.0
121.33800595190728	231.0
121.34800661175662	245.0
121.35800727160594	259.0
121.36800793145527	275.0
121.37800859130459	281.0
121.38800925115393	284.0
121.39800991100326	278.0
121.40801057085258	262.0
121.41801123070191	248.0
121.42801189055125	226.0
121.43801255040057	201.0
121.4480132102499	199.0
121.45801387009922	199.0
121.46801452994856	201.0
121.47801518979789	201.0
121.48801584964721	203.0
121.49801650949654	203.0
121.50801716934588	206.0
121.5180178291952	206.0
121.52801848904453	206.0
121.53801914889385	206.0
121.54801980874319	203.0
121.55802046859252	201.0
121.56802112844184	199.0
121.57802178829117	199.0
121.5880224481405	196.0
121.59802310798983	196.0
121.60802376783916	199.0
121.6180244276885	203.0
121.62802508753782	208.0
121.63802574738715	213.0
121.64802640723647	218.0
121.65802706708581	226.0
121.66802772693514	231.0
121.67802838678446	234.0
121.68802904663379	234.0
121.69802970648313	231.0
121.70803036633245	231.0
121.71803102618178	228.0
121.7280316860311	226.0
121.73803234588044	226.0
121.74803300572977	223.0
121.75803366557909	220.0
121.76803432542842	220.0
121.77803498527776	220.0
121.78803564512708	220.0
121.7980363049764	223.0
121.80803696482573	231.0
121.81803762467507	242.0
121.8280382845244	262.0
121.83803894437372	278.0
121.84803960422305	288.0
121.85804026407239	294.0
121.86804092392171	291.0
121.87804158377104	278.0
121.88804224362038	262.0
121.8980429034697	245.0
121.90804356331903	210.0
121.91804422316835	203.0
121.92804488301769	199.0
121.93804554286702	201.0
121.94804620271634	201.0
121.95804686256567	206.0
121.968047522415	210.0
121.97804818226433	215.0
121.98804884211366	226.0
121.99804950196298	234.0
122.00805016181232	242.0
122.01805082166165	248.0
122.02805148151097	253.0
122.0380521413603	256.0
122.04805280120964	259.0
122.05805346105896	262.0
122.06805412090829	265.0
122.07805478075761	265.0
122.08805544060695	268.0
122.09805610045628	268.0
122.1080567603056	272.0
122.11805742015494	272.0
122.12805808000427	272.0
122.13805873985359	272.0
122.14805939970292	272.0
122.15806005955226	272.0
122.16806071940158	272.0
122.1780613792509	272.0
122.18806203910023	272.0
122.19806269894957	272.0
122.2080633587989	272.0
122.21806401864822	268.0
122.22806467849755	268.0
122.23806533834689	268.0
122.24806599819621	265.0
122.25806665804554	262.0
122.26806731789486	256.0
122.2780679777442	250.0
122.28806863759353	242.0
122.29806929744285	228.0
122.30806995729218	220.0
122.31807061714152	215.0
122.32807127699084	215.0
122.33807193684017	226.0
122.34807259668949	239.0
122.35807325653883	253.0
122.36807391638816	268.0
122.37807457623748	284.0
122.38807523608682	294.0
122.39807589593615	294.0
122.40807655578547	291.0
122.4180772156348	278.0
122.42807787548414	262.0
122.43807853533346	250.0
122.44807919518279	231.0
122.45807985503211	213.0
122.46808051488145	208.0
122.47808117473078	208.0
122.4880818345801	215.0
122.49808249442943	226.0
122.50808315427876	239.0
122.51808381412809	250.0
122.52808447397742	268.0
122.53808513382674	291.0
122.54808579367608	294.0
122.5580864535254	284.0
122.56808711337473	272.0
122.57808777322406	262.0
122.5880884330734	250.0
122.59808909292272	236.0
122.60808975277205	223.0
122.61809041262137	218.0
122.62809107247071	218.0
122.63809173232004	218.0
122.64809239216936	223.0
122.6580930520187	226.0
122.66809371186802	226.0
122.67809437171735	228.0
122.68809503156668	228.0
122.69809569141601	231.0
122.70809635126534	228.0
122.71809701111466	228.0
122.72809767096399	226.0
122.73809833081333	223.0
122.74809899066265	218.0
122.75809965051198	215.0
122.7681003103613	213.0
122.77810097021064	215.0
122.78810163005997	223.0
122.7981022899093	231.0
122.80810294975862	239.0
122.81810360960796	248.0
122.82810426945728	253.0
122.83810492930661	256.0
122.84810558915594	256.0
122.85810624900527	248.0
122.8681069088546	239.0
122.87810756870392	236.0
122.88810822855325	192.0
122.89810888840259	192.0
122.90810954825191	194.0
122.91811020810124	196.0
122.92811086795058	201.0
122.9381115277999	206.0
122.94811218764923	208.0
122.95811284749855	210.0
122.9681135073479	210.0
122.97811416719722	210.0
122.98811482704654	210.0
122.99811548689587	208.0
123.00811614674521	206.0
123.01811680659453	203.0
123.02811746644386	201.0
123.03811812629318	199.0
123.04811878614252	196.0
123.05811944599185	196.0
123.06812010584117	199.0
123.0781207656905	206.0
123.08812142553984	218.0
123.09812208538916	223.0
123.10812274523849	228.0
123.11812340508781	231.0
123.12812406493715	231.0
123.13812472478648	223.0
123.1481253846358	0.0
123.15812604448514	0.0
123.16812670433447	0.0
123.1781273641838	0.0
123.18812802403312	0.0
123.19812868388246	0.0
123.20812934373178	0.0
123.21813000358111	0.0
123.22813066343043	0.0
123.23813132327977	0.0
123.2481319831291	0.0
123.25813264297842	0.0
123.26813330282775	0.0
123.27813396267709	0.0
123.28813462252641	0.0
123.29813528237574	0.0
123.30813594222506	0.0
123.3181366020744	0.0
123.32813726192373	0.0
123.33813792177305	0.0
123.34813858162238	0.0
123.35813924147172	0.0
123.36813990132104	0.0
123.37814056117037	0.0
123.3881412210197	0.0
123.39814188086903	0.0
123.40814254071836	0.0
123.41814320056768	0.0
123.42814386041702	0.0
123.43814452026635	0.0
123.44814518011567	223.0
123.458145839965	223.0
123.46814649981434	223.0
123.47814715966366	226.0
123.48814781951299	226.0
123.49814847936231	228.0
123.50814913921165	228.0
123.51814979906098	228.0
123.5281504589103	226.0
123.53815111875963	223.0
123.54815177860897	218.0
123.5581524384583	213.0
123.56815309830762	203.0
123.57815375815694	196.0
123.58815441800628	185.0
123.59815507785561	177.0
123.60815573770493	161.0
123.61815639755426	156.0
123.6281570574036	156.0
123.63815771725292	159.0
123.64815837710225	181.0
123.65815903695157	192.0
123.66815969680091	203.0
123.67816035665024	208.0
123.68816101649956	210.0
123.6981616763489	213.0
123.70816233619823	210.0
123.71816299604755	210.0
123.72816365589688	208.0
123.73816431574622	206.0
123.74816497559554	203.0
123.75816563544487	201.0
123.7681662952942	201.0
123.77816695514353	201.0
123.78816761499286	203.0
123.79816827484218	208.0
123.80816893469151	218.0
123.81816959454085	226.0
123.82817025439017	234.0
123.8381709142395	239.0
123.84817157408882	239.0
123.85817223393816	239.0
123.86817289378749	236.0
123.87817355363681	231.0
123.88817421348614	226.0
123.89817487333548	218.0
123.9081755331848	210.0
123.91817619303413	208.0
123.92817685288347	208.0
123.93817751273279	213.0
123.94817817258212	223.0
123.95817883243144	242.0
123.96817949228078	256.0
123.97818015213011	268.0
123.98818081197943	275.0
123.99818147182876	275.0
124.0081821316781	265.0
124.01818279152742	256.0
124.02818345137675	239.0
124.03818411122607	203.0
124.04818477107541	194.0
124.05818543092474	192.0
124.06818609077406	196.0
124.07818675062339	203.0
124.08818741047273	213.0
124.09818807032205	223.0
124.10818873017138	236.0
124.1181893900207	250.0
124.12819004987004	259.0
124.13819070971937	262.0
124.14819136956869	265.0
124.15819202941802	265.0
124.16819268926736	262.0
124.17819334911668	259.0
124.18819400896601	256.0
124.19819466881535	236.0
124.20819532866467	239.0
124.218195988514	245.0
124.22819664836332	250.0
124.23819730821266	253.0
124.24819796806199	256.0
124.25819862791131	259.0
124.26819928776064	268.0
124.27819994760998	281.0
124.2882006074593	294.0
124.29820126730863	305.0
124.30820192715795	316.0
124.31820258700729	323.0
124.32820324685662	327.0
124.33820390670594	323.0
124.34820456655527	312.0
124.3582052264046	281.0
124.36820588625393	245.0
124.37820654610326	234.0
124.38820720595258	228.0
124.39820786580192	228.0
124.40820852565125	239.0
124.41820918550057	253.0
124.4282098453499	265.0
124.43821050519924	275.0
124.44821116504856	278.0
124.45821182489789	278.0
124.46821248474723	272.0
124.47821314459655	268.0
124.48821380444588	262.0
124.4982144642952	256.0
124.50821512414454	250.0
124.51821578399387	250.0
124.52821644384319	250.0
124.53821710369252	259.0
124.54821776354186	272.0
124.55821842339118	288.0
124.5682190832405	305.0
124.57821974308983	319.0
124.58822040293917	334.0
124.5982210627885	350.0
124.60822172263782	358.0
124.61822238248715	363.0
124.62822304233649	363.0
124.63822370218581	363.0
124.64822436203514	354.0
124.65822502188446	346.0
124.6682256817338	334.0
124.67822634158313	327.0
124.68822700143245	323.0
124.69822766128178	319.0
124.70822832113112	323.0
124.71822898098044	331.0
124.72822964082977	338.0
124.7382303006791	350.0
124.74823096052843	363.0
124.75823162037776	371.0
124.76823228022708	384.0
124.77823294007642	398.0
124.78823359992575	402.0
124.79823425977507	407.0
124.8082349196244	407.0
124.81823557947374	407.0
124.82823623932306	407.0
124.83823689917239	407.0
124.84823755902171	407.0
124.85823821887105	402.0
124.86823887872038	407.0
124.8782395385697	407.0
124.88824019841903	407.0
124.89824085826837	407.0
124.90824151811769	402.0
124.91824217796702	402.0
124.92824283781634	402.0
124.93824349766568	402.0
124.948244157515	402.0
124.95824481736433	402.0
124.96824547721367	402.0
124.978246137063	407.0
124.98824679691232	407.0
124.99824745676165	407.0
125.00824811661099	407.0
125.01824877646031	407.0
125.02824943630964	407.0
125.03825009615896	407.0
125.0482507560083	407.0
125.05825141585763	407.0
125.06825207570695	407.0
125.07825273555628	407.0
125.08825339540562	407.0
125.09825405525494	407.0
125.10825471510427	407.0
125.11825537495359	393.0
125.12825603480293	367.0
125.13825669465226	350.0
125.14825735450158	0.0
125.1582580143509	346.0
125.16825867420025	346.0
125.17825933404957	350.0
125.1882599938989	358.0
125.19826065374822	354.0
125.20826131359756	338.0
125.21826197344689	327.0
125.22826263329621	319.0
125.23826329314555	319.0
125.24826395299488	323.0
125.2582646128442	331.0
125.26826527269353	338.0
125.27826593254287	346.0
125.28826659239219	350.0
125.29826725224152	354.0
125.30826791209084	354.0
125.31826857194018	350.0
125.3282692317895	338.0
125.33826989163883	331.0
125.34827055148816	323.0
125.3582712113375	323.0
125.36827187118682	327.0
125.37827253103615	334.0
125.38827319088547	350.0
125.39827385073481	367.0
125.40827451058414	402.0
125.41827517043346	421.0
125.42827583028279	436.0
125.43827649013213	441.0
125.44827714998145	441.0
125.45827780983078	431.0
125.4682784696801	412.0
125.47827912952944	393.0
125.48827978937877	371.0
125.49828044922809	346.0
125.50828110907743	338.0
125.51828176892676	327.0
125.52828242877608	327.0
125.5382830886254	331.0
125.54828374847474	342.0
125.55828440832407	350.0
125.5682850681734	367.0
125.57828572802272	371.0
125.58828638787206	375.0
125.59828704772139	375.0
125.60828770757071	367.0
125.61828836742004	354.0
125.62828902726937	327.0
125.6382896871187	305.0
125.64829034696803	284.0
125.65829100681735	265.0
125.66829166666669	262.0
125.67829232651602	265.0
125.68829298636534	268.0
125.69829364621467	272.0
125.708294306064	272.0
125.71829496591333	268.0
125.72829562576266	262.0
125.73829628561198	256.0
125.74829694546132	0.0
125.75829760531064	0.0
125.76829826515997	0.0
125.77829892500931	0.0
125.78829958485863	0.0
125.79830024470796	0.0
125.80830090455729	0.0
125.81830156440662	0.0
125.82830222425595	0.0
125.83830288410527	0.0
125.8483035439546	0.0
125.85830420380394	0.0
125.86830486365326	0.0
125.87830552350259	0.0
125.88830618335192	0.0
125.89830684320125	0.0
125.90830750305058	0.0
125.9183081628999	0.0
125.92830882274923	0.0
125.93830948259857	0.0
125.9483101424479	0.0
125.95831080229722	0.0
125.96831146214654	0.0
125.97831212199588	0.0
125.98831278184521	0.0
125.99831344169453	0.0
126.00831410154387	199.0
126.0183147613932	196.0
126.02831542124252	194.0
126.03831608109185	194.0
126.04831674094119	194.0
126.05831740079051	199.0
126.06831806063984	203.0
126.07831872048916	213.0
126.0883193803385	228.0
126.09832004018783	248.0
126.10832070003715	259.0
126.11832135988648	262.0
126.12832201973582	265.0
126.13832267958514	262.0
126.14832333943447	253.0
126.1583239992838	242.0
126.16832465913313	218.0
126.17832531898246	210.0
126.18832597883178	208.0
126.19832663868111	206.0
126.20832729853045	210.0
126.21832795837977	220.0
126.2283286182291	234.0
126.23832927807842	248.0
126.24832993792776	259.0
126.25833059777709	268.0
126.26833125762641	272.0
126.27833191747575	272.0
126.28833257732508	265.0
126.2983332371744	259.0
126.30833389702373	242.0
126.31833455687307	218.0
126.3283352167224	210.0
126.33833587657172	203.0
126.34833653642104	203.0
126.35833719627038	203.0
126.36833785611971	206.0
126.37833851596903	210.0
126.38833917581836	218.0
126.3983398356677	223.0
126.40834049551702	231.0
126.41834115536635	239.0
126.42834181521567	245.0
126.43834247506501	245.0
126.44834313491434	245.0
126.45834379476366	242.0
126.46834445461299	234.0
126.47834511446233	226.0
126.48834577431165	220.0
126.49834643416098	218.0
126.5083470940103	218.0
126.51834775385964	223.0
126.52834841370897	228.0
126.5383490735583	236.0
126.54834973340763	239.0
126.55835039325696	242.0
126.56835105310628	242.0
126.57835171295561	239.0
126.58835237280495	234.0
126.59835303265427	215.0
126.6083536925036	206.0
126.61835435235292	199.0
126.62835501220226	199.0
126.63835567205159	199.0
126.64835633190091	201.0
126.65835699175024	201.0
126.66835765159958	203.0
126.6783583114489	206.0
126.68835897129823	0.0
126.69835963114755	0.0
126.7083602909969	0.0
126.71836095084622	0.0
126.72836161069554	0.0
126.73836227054487	0.0
126.74836293039421	0.0
126.75836359024353	0.0
126.76836425009286	0.0
126.7783649099422	0.0
126.78836556979152	0.0
126.79836622964085	0.0
126.80836688949017	0.0
126.81836754933951	0.0
126.82836820918884	0.0
126.83836886903816	0.0
126.84836952888749	0.0
126.85837018873683	0.0
126.86837084858615	0.0
126.87837150843548	0.0
126.8883721682848	0.0
126.89837282813414	0.0
126.90837348798347	0.0
126.9183741478328	0.0
126.92837480768212	375.0
126.93837546753146	384.0
126.94837612738078	393.0
126.95837678723011	398.0
126.96837744707943	402.0
126.97837810692877	402.0
126.9883787667781	402.0
126.99837942662742	402.0
127.00838008647675	402.0
127.01838074632609	402.0
127.02838140617541	402.0
127.03838206602474	402.0
127.04838272587408	402.0
127.0583833857234	402.0
127.06838404557273	398.0
127.07838470542205	389.0
127.08838536527139	375.0
127.09838602512072	363.0
127.10838668497004	342.0
127.11838734481937	331.0
127.12838800466871	327.0
127.13838866451803	331.0
127.14838932436736	346.0
127.15838998421668	358.0
127.16839064406602	380.0
127.17839130391535	398.0
127.18839196376467	417.0
127.198392623614	431.0
127.20839328346334	436.0
127.21839394331266	436.0
127.22839460316199	426.0
127.23839526301131	407.0
127.24839592286065	380.0
127.25839658270998	350.0
127.2683972425593	338.0
127.27839790240863	331.0
127.28839856225797	327.0
127.29839922210729	327.0
127.30839988195662	331.0
127.31840054180596	334.0
127.32840120165528	338.0
127.33840186150461	346.0
127.34840252135393	354.0
127.35840318120327	358.0
127.3684038410526	358.0
127.37840450090192	358.0
127.38840516075125	354.0
127.39840582060059	346.0
127.40840648044991	327.0
127.41840714029924	308.0
127.42840780014856	288.0
127.4384084599979	250.0
127.44840911984723	239.0
127.45840977969655	236.0
127.46841043954588	239.0
127.47841109939522	245.0
127.48841175924454	256.0
127.49841241909387	278.0
127.50841307894319	298.0
127.51841373879253	308.0
127.52841439864186	316.0
127.53841505849118	323.0
127.54841571834051	331.0
127.55841637818985	334.0
127.56841703803917	334.0
127.5784176978885	338.0
127.58841835773784	338.0
127.59841901758716	338.0
127.60841967743649	338.0
127.61842033728581	338.0
127.62842099713515	342.0
127.63842165698448	342.0
127.6484223168338	338.0
127.65842297668313	338.0
127.66842363653247	334.0
127.67842429638179	327.0
127.68842495623112	319.0
127.69842561608044	308.0
127.70842627592978	291.0
127.7184269357791	256.0
127.72842759562843	248.0
127.73842825547776	242.0
127.7484289153271	242.0
127.75842957517642	248.0
127.76843023502575	250.0
127.77843089487507	256.0
127.78843155472441	262.0
127.79843221457374	268.0
127.80843287442306	272.0
127.8184335342724	272.0
127.82843419412173	272.0
127.83843485397105	268.0
127.84843551382038	265.0
127.85843617366972	259.0
127.86843683351904	253.0
127.87843749336837	248.0
127.88843815321769	245.0
127.89843881306703	248.0
127.90843947291636	256.0
127.91844013276568	265.0
127.928440792615	281.0
127.93844145246435	305.0
127.94844211231367	316.0
127.958442772163	327.0
127.96844343201232	338.0
127.97844409186166	342.0
127.98844475171099	346.0
127.99844541156031	346.0
128.00844607140965	342.0
128.01844673125896	342.0
128.0284473911083	334.0
128.03844805095764	323.0
128.04844871080695	305.0
128.0584493706563	284.0
128.0684500305056	268.0
128.07845069035494	256.0
128.08845135020428	256.0
128.0984520100536	259.0
128.10845266990293	265.0
128.11845332975227	278.0
128.12845398960158	291.0
128.13845464945092	308.0
128.14845530930026	334.0
128.15845596914957	338.0
128.1684566289989	338.0
128.17845728884822	331.0
128.18845794869756	316.0
128.1984586085469	294.0
128.2084592683962	268.0
128.21845992824555	256.0
128.2284605880949	250.0
128.2384612479442	248.0
128.24846190779354	250.0
128.25846256764285	256.0
128.2684632274922	259.0
128.27846388734153	262.0
128.28846454719084	265.0
128.29846520704018	265.0
128.30846586688952	262.0
128.31846652673883	259.0
128.32846718658817	256.0
128.3384678464375	248.0
128.34846850628682	245.0
128.35846916613616	245.0
128.36846982598547	250.0
128.3784704858348	256.0
128.38847114568415	262.0
128.39847180553346	262.0
128.4084724653828	262.0
128.41847312523214	262.0
128.42847378508145	262.0
128.4384744449308	265.0
128.4484751047801	265.0
128.45847576462944	265.0
128.46847642447878	268.0
128.4784770843281	265.0
128.48847774417743	265.0
128.49847840402677	262.0
128.50847906387608	259.0
128.51847972372542	253.0
128.52848038357473	248.0
128.53848104342407	242.0
128.5484817032734	234.0
128.55848236312272	226.0
128.56848302297206	226.0
128.5784836828214	228.0
128.5884843426707	236.0
128.59848500252005	248.0
128.6084856623694	259.0
128.6184863222187	288.0
128.62848698206804	298.0
128.63848764191735	301.0
128.6484883017667	301.0
128.65848896161603	294.0
128.66848962146534	278.0
128.67849028131468	259.0
128.68849094116402	236.0
128.69849160101333	223.0
128.70849226086267	218.0
128.71849292071198	215.0
128.72849358056132	218.0
128.73849424041066	220.0
128.74849490025997	223.0
128.7584955601093	223.0
128.76849621995865	223.0
128.77849687980796	223.0
128.7884975396573	223.0
128.7984981995066	226.0
128.80849885935595	226.0
128.8184995192053	228.0
128.8285001790546	228.0
128.83850083890394	228.0
128.84850149875328	226.0
128.8585021586026	226.0
128.86850281845193	223.0
128.87850347830127	223.0
128.88850413815058	220.0
128.89850479799992	220.0
128.90850545784923	223.0
128.91850611769857	228.0
128.9285067775479	236.0
128.93850743739722	245.0
128.94850809724656	253.0
128.9585087570959	259.0
128.9685094169452	262.0
128.97851007679455	262.0
128.98851073664386	259.0
128.9985113964932	250.0
129.00851205634254	242.0
129.01851271619185	231.0
129.0285133760412	226.0
129.03851403589053	228.0
129.04851469573984	234.0
129.05851535558918	239.0
129.0685160154385	250.0
129.07851667528783	268.0
129.08851733513717	278.0
129.09851799498648	281.0
129.10851865483582	281.0
129.11851931468516	272.0
129.12851997453447	259.0
129.1385206343838	248.0
129.14852129423315	234.0
129.15852195408246	213.0
129.1685226139318	206.0
129.1785232737811	203.0
129.18852393363045	203.0
129.1985245934798	206.0
129.2085252533291	213.0
129.21852591317844	218.0
129.22852657302778	226.0
129.2385272328771	231.0
129.24852789272643	234.0
129.25852855257574	234.0
129.26852921242508	234.0
129.27852987227442	231.0
129.28853053212373	223.0
129.29853119197307	220.0
129.3085318518224	220.0
129.31853251167172	220.0
129.32853317152106	220.0
129.33853383137037	226.0
129.3485344912197	234.0
129.35853515106905	239.0
129.36853581091836	242.0
129.3785364707677	245.0
129.38853713061704	245.0
129.39853779046635	242.0
129.4085384503157	236.0
129.41853911016503	228.0
129.42853977001434	218.0
129.43854042986368	208.0
129.448541089713	203.0
129.45854174956233	196.0
129.46854240941167	194.0
129.47854306926098	194.0
129.48854372911032	196.0
129.49854438895966	199.0
129.50854504880897	203.0
129.5185457086583	206.0
129.52854636850762	206.0
129.53854702835696	208.0
129.5485476882063	208.0
129.5585483480556	206.0
129.56854900790495	206.0
129.5785496677543	203.0
129.5885503276036	201.0
129.59855098745294	199.0
129.60855164730225	196.0
129.6185523071516	194.0
129.62855296700093	194.0
129.63855362685024	194.0
129.64855428669958	199.0
129.65855494654892	206.0
129.66855560639823	210.0
129.67855626624757	218.0
129.6885569260969	226.0
129.69855758594622	231.0
129.70855824579556	234.0
129.71855890564487	236.0
129.7285595654942	236.0
129.73856022534355	234.0
129.74856088519286	231.0
129.7585615450422	226.0
129.76856220489154	223.0
129.77856286474085	215.0
129.7885635245902	210.0
129.7985641844395	206.0
129.80856484428884	206.0
129.81856550413818	208.0
129.8285661639875	218.0
129.83856682383683	228.0
129.84856748368617	242.0
129.85856814353548	256.0
129.86856880338482	272.0
129.87856946323413	284.0
129.88857012308347	294.0
129.8985707829328	301.0
129.90857144278212	301.0
129.91857210263146	301.0
129.9285727624808	298.0
129.9385734223301	288.0
129.94857408217945	265.0
129.9585747420288	250.0
129.9685754018781	236.0
129.97857606172744	218.0
129.98857672157675	210.0
129.9985773814261	203.0
130.00857804127543	203.0
130.01857870112474	203.0
130.02857936097408	208.0
130.03858002082342	215.0
130.04858068067273	228.0
130.05858134052207	236.0
130.06858200037138	245.0
130.07858266022072	253.0
130.08858332007006	262.0
130.09858397991937	268.0
130.1085846397687	275.0
130.11858529961805	278.0
130.12858595946736	281.0
130.1385866193167	278.0
130.14858727916604	278.0
130.15858793901535	275.0
130.1685885988647	272.0
130.178589258714	272.0
130.18858991856334	268.0
130.19859057841268	268.0
130.208591238262	268.0
130.21859189811133	268.0
130.22859255796067	268.0
130.23859321780998	272.0
130.24859387765932	272.0
130.25859453750863	272.0
130.26859519735797	272.0
130.2785958572073	272.0
130.28859651705662	272.0
130.29859717690596	272.0
130.3085978367553	272.0
130.3185984966046	272.0
130.32859915645395	272.0
130.33859981630326	268.0
130.3486004761526	268.0
130.35860113600194	265.0
130.36860179585125	262.0
130.3786024557006	259.0
130.38860311554993	265.0
130.39860377539924	268.0
130.40860443524858	272.0
130.41860509509792	268.0
130.42860575494723	268.0
130.43860641479657	268.0
130.44860707464588	268.0
130.45860773449522	268.0
130.46860839434456	281.0
130.47860905419387	294.0
130.4886097140432	308.0
130.49861037389255	323.0
130.50861103374186	342.0
130.5186116935912	363.0
130.5286123534405	380.0
130.53861301328985	384.0
130.5486136731392	384.0
130.5586143329885	384.0
130.56861499283784	331.0
130.57861565268718	319.0
130.5886163125365	305.0
130.59861697238583	288.0
130.60861763223514	275.0
130.61861829208448	272.0
130.62861895193382	275.0
130.63861961178313	278.0
130.64862027163247	281.0
130.6586209314818	278.0
130.66862159133112	275.0
130.67862225118046	268.0
130.6886229110298	259.0
130.6986235708791	253.0
130.70862423072845	236.0
130.71862489057776	213.0
130.7286255504271	196.0
130.73862621027644	190.0
130.74862687012575	187.0
130.7586275299751	190.0
130.76862818982443	194.0
130.77862884967374	203.0
130.78862950952308	213.0
130.7986301693724	223.0
130.80863082922173	231.0
130.81863148907107	236.0
130.82863214892038	242.0
130.83863280876972	245.0
130.84863346861906	245.0
130.85863412846837	242.0
130.8686347883177	236.0
130.87863544816702	231.0
130.88863610801636	228.0
130.8986367678657	226.0
130.908637427715	226.0
130.91863808756435	226.0
130.9286387474137	226.0
130.938639407263	226.0
130.94864006711234	228.0
130.95864072696168	228.0
130.968641386811	228.0
130.97864204666033	231.0
130.98864270650964	228.0
130.99864336635898	223.0
131.00864402620832	215.0
131.01864468605763	208.0
131.02864534590697	206.0
131.0386460057563	206.0
131.04864666560562	228.0
131.05864732545496	231.0
131.06864798530427	234.0
131.0786486451536	228.0
131.08864930500295	228.0
131.09864996485226	228.0
131.1086506247016	228.0
131.11865128455094	234.0
131.12865194440025	245.0
131.1386526042496	253.0
131.1486532640989	265.0
131.15865392394824	272.0
131.16865458379758	275.0
131.1786552436469	272.0
131.18865590349623	259.0
131.19865656334557	245.0
131.20865722319488	210.0
131.21865788304422	199.0
131.22865854289356	192.0
131.23865920274287	194.0
131.2486598625922	199.0
131.25866052244152	208.0
131.26866118229086	223.0
131.2786618421402	236.0
131.2886625019895	248.0
131.29866316183885	256.0
131.30866382168819	262.0
131.3186644815375	265.0
131.32866514138684	268.0
131.33866580123615	268.0
131.3486664610855	268.0
131.35866712093483	268.0
131.36866778078414	265.0
131.37866844063348	268.0
131.38866910048282	272.0
131.39866976033213	281.0
131.40867042018147	294.0
131.41867108003078	308.0
131.42867173988012	323.0
131.43867239972946	338.0
131.44867305957877	350.0
131.4586737194281	354.0
131.46867437927745	346.0
131.47867503912676	308.0
131.4886756989761	298.0
131.49867635882543	275.0
131.50867701867475	265.0
131.51867767852409	265.0
131.5286783383734	275.0
131.53867899822274	294.0
131.54867965807207	308.0
131.5586803179214	319.0
131.56868097777073	338.0
131.57868163762006	346.0
131.58868229746938	354.0
131.59868295731872	354.0
131.60868361716803	354.0
131.61868427701737	350.0
131.6286849368667	346.0
131.63868559671602	338.0
131.64868625656536	327.0
131.6586869164147	316.0
131.668687576264	308.0
131.67868823611335	0.0
131.68868889596266	0.0
131.698689555812	0.0
131.70869021566133	0.0
131.71869087551065	0.0
131.72869153535999	0.0
131.73869219520932	407.0
131.74869285505864	412.0
131.75869351490797	417.0
131.76869417475731	412.0
131.77869483460663	412.0
131.78869549445596	402.0
131.79869615430528	358.0
131.80869681415462	350.0
131.81869747400395	0.0
131.82869813385327	0.0
131.8386987937026	0.0
131.84869945355194	0.0
131.85870011340126	0.0
131.8687007732506	0.0
131.8787014330999	0.0
131.88870209294925	0.0
131.89870275279858	0.0
131.9087034126479	0.0
131.91870407249723	0.0
131.92870473234657	0.0
131.93870539219589	0.0
131.94870605204522	0.0
131.95870671189454	0.0
131.96870737174388	0.0
131.97870803159321	0.0
131.98870869144253	0.0
131.99870935129186	0.0
132.0087100111412	0.0
132.01871067099052	0.0
132.02871133083985	0.0
132.0387119906892	0.0
132.0487126505385	0.0
132.05871331038784	0.0
132.06871397023716	0.0
132.0787146300865	0.0
132.08871528993583	0.0
132.09871594978515	0.0
132.10871660963448	354.0
132.11871726948382	346.0
132.12871792933313	338.0
132.13871858918247	327.0
132.14871924903179	319.0
132.15871990888112	312.0
132.16872056873046	308.0
132.17872122857978	308.0
132.18872188842911	319.0
132.19872254827845	331.0
132.20872320812776	358.0
132.2187238679771	367.0
132.22872452782644	371.0
132.23872518767575	375.0
132.2487258475251	375.0
132.2587265073744	375.0
132.26872716722374	367.0
132.27872782707308	350.0
132.2887284869224	338.0
132.29872914677173	323.0
132.30872980662107	323.0
132.31873046647038	327.0
132.32873112631972	338.0
132.33873178616903	354.0
132.34873244601837	367.0
132.3587331058677	384.0
132.36873376571702	398.0
132.37873442556636	412.0
132.3887350854157	417.0
132.39873574526501	417.0
132.40873640511435	417.0
132.41873706496366	407.0
132.428737724813	398.0
132.43873838466234	384.0
132.44873904451165	375.0
132.458739704361	375.0
132.46874036421033	380.0
132.47874102405964	393.0
132.48874168390898	431.0
132.49874234375832	457.0
132.50874300360763	473.0
132.51874366345697	490.0
132.52874432330628	501.0
132.53874498315562	507.0
132.54874564300496	507.0
132.55874630285427	479.0
132.5687469627036	441.0
132.57874762255295	417.0
132.58874828240226	371.0
132.5987489422516	354.0
132.60874960210091	342.0
132.61875026195025	346.0
132.6287509217996	358.0
132.6387515816489	371.0
132.64875224149824	375.0
132.65875290134758	384.0
132.6687535611969	389.0
132.67875422104623	393.0
132.68875488089554	398.0
132.69875554074488	402.0
132.70875620059422	407.0
132.71875686044353	407.0
132.72875752029287	407.0
132.7387581801422	407.0
132.74875883999152	407.0
132.75875949984086	407.0
132.7687601596902	407.0
132.7787608195395	407.0
132.78876147938885	407.0
132.79876213923816	412.0
132.8087627990875	412.0
132.81876345893684	412.0
132.82876411878615	407.0
132.8387647786355	407.0
132.84876543848483	402.0
132.85876609833414	398.0
132.86876675818348	393.0
132.8787674180328	393.0
132.88876807788213	393.0
132.89876873773147	393.0
132.90876939758078	398.0
132.91877005743012	402.0
132.92877071727946	412.0
132.93877137712877	421.0
132.9487720369781	436.0
132.95877269682742	452.0
132.96877335667676	468.0
132.9787740165261	473.0
132.9887746763754	479.0
132.99877533622475	468.0
133.0087759960741	457.0
133.0187766559234	447.0
133.02877731577274	441.0
133.03877797562208	441.0
133.0487786354714	441.0
133.05877929532073	441.0
133.06877995517004	441.0
133.07878061501938	441.0
133.08878127486872	447.0
133.09878193471803	452.0
133.10878259456737	452.0
133.1187832544167	452.0
133.12878391426602	452.0
133.13878457411536	452.0
133.14878523396467	452.0
133.158785893814	452.0
133.16878655366335	457.0
133.17878721351266	468.0
133.188787873362	479.0
133.19878853321134	490.0
133.20878919306065	496.0
133.21878985291	501.0
133.2287905127593	496.0
133.23879117260864	490.0
133.24879183245798	479.0
133.2587924923073	479.0
133.26879315215663	479.0
133.27879381200597	484.0
133.28879447185528	496.0
133.29879513170462	513.0
133.30879579155396	525.0
133.31879645140327	531.0
133.3287971112526	537.0
133.33879777110192	537.0
133.34879843095126	531.0
133.3587990908006	525.0
133.3687997506499	496.0
133.37880041049925	473.0
133.3888010703486	447.0
133.3988017301979	431.0
133.40880239004724	421.0
133.41880304989655	421.0
133.4288037097459	421.0
133.43880436959523	426.0
133.44880502944454	436.0
133.45880568929388	436.0
133.46880634914322	441.0
133.47880700899253	447.0
133.48880766884187	447.0
133.49880832869118	452.0
133.50880898854052	452.0
133.51880964838986	452.0
133.52881030823917	447.0
133.5388109680885	447.0
133.54881162793785	441.0
133.55881228778716	441.0
133.5688129476365	441.0
133.57881360748584	441.0
133.58881426733515	441.0
133.5988149271845	441.0
133.6088155870338	441.0
133.61881624688314	447.0
133.62881690673248	457.0
133.6388175665818	462.0
133.64881822643113	479.0
133.65881888628047	490.0
133.66881954612978	496.0
133.67882020597912	501.0
133.68882086582843	496.0
133.69882152567777	490.0
133.7088221855271	484.0
133.71882284537642	473.0
133.72882350522576	468.0
133.7388241650751	457.0
133.7488248249244	452.0
133.75882548477375	441.0
133.76882614462306	431.0
133.7788268044724	421.0
133.78882746432174	407.0
133.79882812417105	371.0
133.8088287840204	0.0
133.81882944386973	0.0
133.82883010371904	0.0
133.83883076356838	0.0
133.84883142341772	0.0
133.85883208326703	0.0
133.86883274311637	519.0
133.87883340296568	519.0
133.88883406281502	531.0
133.89883472266436	544.0
133.90883538251367	550.0
133.918836042363	556.0
133.92883670221235	550.0
133.93883736206166	550.0
133.948838021911	550.0
133.9588386817603	544.0
133.96883934160965	537.0
133.978840001459	537.0
133.9888406613083	525.0
133.99884132115764	501.0
134.00884198100698	479.0
134.0188426408563	457.0
134.02884330070563	441.0
134.03884396055497	431.0
134.04884462040428	431.0
134.05884528025362	431.0
134.06884594010293	441.0
134.07884659995227	452.0
134.0888472598016	462.0
134.09884791965092	468.0
134.10884857950026	473.0
134.1188492393496	473.0
134.1288498991989	468.0
134.13885055904825	462.0
134.14885121889756	452.0
134.1588518787469	436.0
134.16885253859624	431.0
134.17885319844555	426.0
134.1888538582949	431.0
134.19885451814423	441.0
134.20885517799354	457.0
134.21885583784288	468.0
134.2288564976922	479.0
134.23885715754153	490.0
134.24885781739087	490.0
134.25885847724018	490.0
134.26885913708952	484.0
134.27885979693886	479.0
134.28886045678817	468.0
134.2988611166375	457.0
134.30886177648685	441.0
134.31886243633616	436.0
134.3288630961855	436.0
134.3388637560348	441.0
134.34886441588415	457.0
134.3588650757335	473.0
134.3688657355828	490.0
134.37886639543214	496.0
134.38886705528148	501.0
134.3988677151308	501.0
134.40886837498013	484.0
134.41886903482944	462.0
134.42886969467878	452.0
134.43887035452812	436.0
134.44887101437743	407.0
134.45887167422677	380.0
134.4688723340761	380.0
134.47887299392542	384.0
134.48887365377476	389.0
134.49887431362407	393.0
134.5088749734734	398.0
134.51887563332275	398.0
134.52887629317206	402.0
134.5388769530214	402.0
134.54887761287074	402.0
134.55887827272005	398.0
134.5688789325694	393.0
134.57887959241873	384.0
134.58888025226804	354.0
134.59888091211738	358.0
134.6088815719667	0.0
134.61888223181603	426.0
134.62888289166537	436.0
134.63888355151468	441.0
134.64888421136402	447.0
134.65888487121336	447.0
134.66888553106267	452.0
134.678886190912	452.0
134.68888685076132	452.0
134.69888751061066	452.0
134.70888817046	452.0
134.7188888303093	452.0
134.72888949015865	452.0
134.738890150008	452.0
134.7488908098573	447.0
134.75889146970664	447.0
134.76889212955595	441.0
134.7788927894053	441.0
134.78889344925463	436.0
134.79889410910394	436.0
134.80889476895328	436.0
134.81889542880262	441.0
134.82889608865193	452.0
134.83889674850127	462.0
134.8488974083506	473.0
134.85889806819992	484.0
134.86889872804926	490.0
134.87889938789857	490.0
134.8889000477479	490.0
134.89890070759725	479.0
134.90890136744656	473.0
134.9189020272959	462.0
134.92890268714524	447.0
134.93890334699455	436.0
134.9489040068439	426.0
134.9589046666932	431.0
134.96890532654254	436.0
134.97890598639188	447.0
134.9889066462412	457.0
134.99890730609053	468.0
135.00890796593987	468.0
135.01890862578918	468.0
135.02890928563852	457.0
135.03890994548783	447.0
135.04891060533717	431.0
135.0589112651865	412.0
135.06891192503582	393.0
135.07891258488516	384.0
135.0889132447345	380.0
135.0989139045838	384.0
135.10891456443315	393.0
135.1189152242825	402.0
135.1289158841318	407.0
135.13891654398114	412.0
135.14891720383045	412.0
135.1589178636798	412.0
135.16891852352913	412.0
135.17891918337844	407.0
135.18891984322778	398.0
135.19892050307712	389.0
135.20892116292643	380.0
135.21892182277577	371.0
135.22892248262508	371.0
135.23892314247442	375.0
135.24892380232376	389.0
135.25892446217307	407.0
135.2689251220224	426.0
135.27892578187175	441.0
135.28892644172106	457.0
135.2989271015704	468.0
135.3089277614197	473.0
135.31892842126905	473.0
135.3289290811184	468.0
135.3389297409677	457.0
135.34893040081704	0.0
135.35893106066638	0.0
135.3689317205157	431.0
135.37893238036503	421.0
135.38893304021437	402.0
135.39893370006368	375.0
135.40893435991302	354.0
135.41893501976233	331.0
135.42893567961167	319.0
135.438936339461	316.0
135.44893699931032	316.0
135.45893765915966	327.0
135.468938319009	334.0
135.4789389788583	346.0
135.48893963870765	354.0
135.49894029855696	358.0
135.5089409584063	358.0
135.51894161825564	358.0
135.52894227810495	354.0
135.5389429379543	346.0
135.54894359780363	338.0
135.55894425765294	338.0
135.56894491750228	346.0
135.5789455773516	363.0
135.58894623720093	380.0
135.59894689705027	412.0
135.60894755689958	457.0
135.61894821674892	473.0
135.62894887659826	490.0
135.63894953644757	501.0
135.6489501962969	507.0
135.65895085614625	496.0
135.66895151599556	447.0
135.6789521758449	431.0
135.6889528356942	441.0
135.69895349554355	421.0
135.7089541553929	407.0
135.7189548152422	398.0
135.72895547509154	398.0
135.73895613494088	398.0
135.7489567947902	402.0
135.75895745463953	407.0
135.76895811448884	417.0
135.77895877433818	417.0
135.78895943418752	417.0
135.79896009403683	417.0
135.80896075388617	417.0
135.8189614137355	417.0
135.82896207358482	412.0
135.83896273343416	412.0
135.84896339328347	407.0
135.8589640531328	398.0
135.86896471298215	389.0
135.87896537283146	375.0
135.8889660326808	358.0
135.89896669253014	346.0
135.90896735237945	338.0
135.9189680122288	338.0
135.92896867207813	354.0
135.93896933192744	375.0
135.94896999177678	402.0
135.9589706516261	421.0
135.96897131147543	436.0
135.97897197132477	441.0
135.98897263117408	436.0
135.99897329102342	421.0
136.00897395087276	402.0
136.01897461072207	384.0
136.0289752705714	354.0
136.03897593042072	319.0
136.04897659027006	308.0
136.0589772501194	308.0
136.0689779099687	312.0
136.07897856981805	323.0
136.0889792296674	338.0
136.0989798895167	354.0
136.10898054936604	375.0
136.11898120921538	389.0
136.1289818690647	393.0
136.13898252891403	393.0
136.14898318876334	384.0
136.15898384861268	371.0
136.16898450846202	350.0
136.17898516831133	312.0
136.18898582816067	281.0
136.19898648801	272.0
136.20898714785932	265.0
136.21898780770866	262.0
136.22898846755797	262.0
136.2389891274073	265.0
136.24898978725665	265.0
136.25899044710596	268.0
136.2689911069553	268.0
136.27899176680464	265.0
136.28899242665395	259.0
136.2989930865033	245.0
136.3089937463526	245.0
136.31899440620194	248.0
136.32899506605128	253.0
136.3389957259006	265.0
136.34899638574993	272.0
136.35899704559927	275.0
136.36899770544858	275.0
136.37899836529792	272.0
136.38899902514726	268.0
136.39899968499657	268.0
136.4090003448459	268.0
136.41900100469522	298.0
136.42900166454456	316.0
136.4390023243939	327.0
136.4490029842432	358.0
136.45900364409255	371.0
136.4690043039419	371.0
136.4790049637912	367.0
136.48900562364054	350.0
136.49900628348985	323.0
136.5090069433392	281.0
136.51900760318853	272.0
136.52900826303784	265.0
136.53900892288718	262.0
136.54900958273652	262.0
136.55901024258583	265.0
136.56901090243517	268.0
136.57901156228448	275.0
136.58901222213382	275.0
136.59901288198316	275.0
136.60901354183247	272.0
136.6190142016818	268.0
136.62901486153115	259.0
136.63901552138046	228.0
136.6490161812298	223.0
136.65901684107914	213.0
136.66901750092845	208.0
136.6790181607778	203.0
136.6890188206271	203.0
136.69901948047644	203.0
136.70902014032578	206.0
136.7190208001751	210.0
136.72902146002443	218.0
136.73902211987377	228.0
136.74902277972308	239.0
136.75902343957242	245.0
136.76902409942173	248.0
136.77902475927107	245.0
136.7890254191204	242.0
136.79902607896972	236.0
136.80902673881906	228.0
136.8190273986684	226.0
136.8290280585177	226.0
136.83902871836705	226.0
136.84902937821636	231.0
136.8590300380657	236.0
136.86903069791504	242.0
136.87903135776435	248.0
136.8890320176137	248.0
136.89903267746303	248.0
136.90903333731234	242.0
136.91903399716168	234.0
136.92903465701102	220.0
136.93903531686033	213.0
136.94903597670967	203.0
136.95903663655898	196.0
136.96903729640832	194.0
136.97903795625766	194.0
136.98903861610697	194.0
136.9990392759563	194.0
137.00903993580565	196.0
137.01904059565496	199.0
137.0290412555043	201.0
137.0390419153536	201.0
137.04904257520295	201.0
137.0590432350523	199.0
137.0690438949016	196.0
137.07904455475094	194.0
137.08904521460028	190.0
137.0990458744496	187.0
137.10904653429893	187.0
137.11904719414824	196.0
137.12904785399758	206.0
137.13904851384692	213.0
137.14904917369623	220.0
137.15904983354557	226.0
137.1690504933949	231.0
137.17905115324422	234.0
137.18905181309356	236.0
137.1990524729429	239.0
137.2090531327922	242.0
137.21905379264155	242.0
137.22905445249086	239.0
137.2390551123402	236.0
137.24905577218954	231.0
137.25905643203885	223.0
137.2690570918882	215.0
137.27905775173753	210.0
137.28905841158684	210.0
137.29905907143618	210.0
137.3090597312855	215.0
137.31906039113483	231.0
137.32906105098417	248.0
137.33906171083348	256.0
137.34906237068282	294.0
137.35906303053216	301.0
137.36906369038147	305.0
137.3790643502308	305.0
137.38906501008012	265.0
137.39906566992946	250.0
137.4090663297788	242.0
137.4190669896281	223.0
137.42906764947745	210.0
137.43906830932679	206.0
137.4490689691761	203.0
137.45906962902544	203.0
137.46907028887478	208.0
137.4790709487241	215.0
137.48907160857343	226.0
137.49907226842274	236.0
137.50907292827208	248.0
137.51907358812142	259.0
137.52907424797073	268.0
137.53907490782007	272.0
137.5490755676694	275.0
137.55907622751872	272.0
137.56907688736806	265.0
137.57907754721737	259.0
137.5890782070667	262.0
137.59907886691605	265.0
137.60907952676536	268.0
137.6190801866147	268.0
137.62908084646403	268.0
137.63908150631335	265.0
137.64908216616269	265.0
137.659082826012	265.0
137.66908348586134	265.0
137.67908414571068	265.0
137.68908480556	268.0
137.69908546540933	268.0
137.70908612525866	265.0
137.71908678510798	262.0
137.72908744495732	259.0
137.73908810480665	256.0
137.74908876465597	250.0
137.7590894245053	239.0
137.76909008435462	231.0
137.77909074420396	223.0
137.7890914040533	220.0
137.7990920639026	220.0
137.80909272375195	220.0
137.81909338360128	220.0
137.8290940434506	223.0
137.83909470329993	223.0
137.84909536314925	223.0
137.85909602299859	220.0
137.86909668284792	218.0
137.87909734269724	213.0
137.88909800254658	210.0
137.89909866239591	215.0
137.90909932224523	220.0
137.91909998209456	223.0
137.9291006419439	228.0
137.93910130179322	231.0
137.94910196164255	236.0
137.95910262149187	239.0
137.9691032813412	245.0
137.97910394119054	248.0
137.98910460103986	250.0
137.9991052608892	245.0
138.00910592073853	236.0
138.01910658058785	226.0
138.02910724043718	201.0
138.0391079002865	196.0
138.04910856013583	201.0
138.05910921998517	201.0
138.06910987983449	206.0
138.07911053968382	206.0
138.08911119953316	203.0
138.09911185938248	203.0
138.10911251923181	203.0
138.11911317908113	203.0
138.12911383893046	203.0
138.1391144987798	203.0
138.14911515862912	203.0
138.15911581847845	201.0
138.1691164783278	199.0
138.1791171381771	196.0
138.18911779802644	192.0
138.19911845787578	187.0
138.2091191177251	185.0
138.21911977757443	187.0
138.22912043742375	203.0
138.23912109727308	208.0
138.24912175712242	215.0
138.25912241697173	220.0
138.26912307682107	223.0
138.2791237366704	226.0
138.28912439651972	228.0
138.29912505636906	228.0
138.30912571621838	228.0
138.31912637606771	228.0
138.32912703591705	226.0
138.33912769576636	220.0
138.3491283556157	215.0
138.35912901546504	213.0
138.36912967531435	215.0
138.3791303351637	215.0
138.389130995013	218.0
138.39913165486234	215.0
138.40913231471168	215.0
138.419132974561	218.0
138.42913363441033	220.0
138.43913429425967	228.0
138.44913495410898	239.0
138.45913561395832	248.0
138.46913627380766	262.0
138.47913693365697	265.0
138.4891375935063	265.0
138.49913825335562	259.0
138.50913891320496	248.0
138.5191395730543	248.0
138.52914023290361	245.0
138.53914089275295	239.0
138.5491415526023	234.0
138.5591422124516	228.0
138.56914287230094	220.0
138.57914353215025	220.0
138.5891441919996	223.0
138.59914485184893	231.0
138.60914551169824	239.0
138.61914617154758	248.0
138.62914683139692	256.0
138.63914749124623	262.0
138.64914815109557	262.0
138.65914881094488	259.0
138.66914947079422	253.0
138.67915013064356	248.0
138.68915079049287	236.0
138.6991514503422	223.0
138.70915211019155	210.0
138.71915277004086	201.0
138.7291534298902	196.0
138.73915408973954	194.0
138.74915474958885	192.0
138.7591554094382	194.0
138.7691560692875	194.0
138.77915672913684	196.0
138.78915738898618	199.0
138.7991580488355	199.0
138.80915870868483	199.0
138.81915936853417	196.0
138.82916002838348	192.0
138.83916068823282	187.0
138.84916134808213	187.0
138.85916200793147	190.0
138.8691626677808	196.0
138.87916332763012	203.0
138.88916398747946	210.0
138.8991646473288	218.0
138.9091653071781	226.0
138.91916596702745	231.0
138.92916662687676	236.0
138.9391672867261	236.0
138.94916794657544	234.0
138.95916860642475	226.0
138.9691692662741	218.0
138.97916992612343	203.0
138.98917058597274	0.0
138.99917124582208	0.0
139.00917190567142	206.0
139.01917256552073	208.0
139.02917322537007	208.0
139.03917388521938	208.0
139.04917454506872	206.0
139.05917520491806	206.0
139.06917586476737	203.0
139.0791765246167	201.0
139.08917718446605	201.0
139.09917784431536	201.0
139.1091785041647	201.0
139.119179164014	201.0
139.12917982386335	199.0
139.1391804837127	196.0
139.149181143562	192.0
139.15918180341134	183.0
139.16918246326068	169.0
139.17918312311	161.0
139.18918378295933	156.0
139.19918444280864	154.0
139.20918510265798	154.0
139.21918576250732	0.0
139.22918642235663	0.0
139.23918708220597	0.0
139.2491877420553	156.0
139.25918840190462	159.0
139.26918906175396	171.0
139.2791897216033	175.0
139.2891903814526	177.0
139.29919104130195	179.0
139.30919170115126	179.0
139.3191923610006	179.0
139.32919302084994	179.0
139.33919368069925	177.0
139.3491943405486	177.0
139.35919500039793	175.0
139.36919566024724	171.0
139.37919632009658	167.0
139.3891969799459	161.0
139.39919763979523	159.0
139.40919829964457	0.0
139.41919895949388	0.0
139.42919961934322	0.0
139.43920027919256	0.0
139.44920093904187	0.0
139.4592015988912	0.0
139.46920225874052	0.0
139.47920291858986	0.0
139.4892035784392	0.0
139.4992042382885	210.0
139.50920489813785	208.0
139.5192055579872	206.0
139.5292062178365	199.0
139.53920687768584	192.0
139.54920753753518	185.0
139.5592081973845	173.0
139.56920885723383	165.0
139.57920951708314	161.0
139.58921017693248	159.0
139.59921083678182	158.0
139.60921149663113	158.0
139.61921215648047	159.0
139.6292128163298	181.0
139.63921347617912	210.0
139.64921413602846	208.0
139.65921479587777	206.0
139.6692154557271	206.0
139.67921611557645	203.0
139.68921677542576	203.0
139.6992174352751	203.0
139.70921809512444	203.0
139.71921875497375	201.0
139.7292194148231	199.0
139.7392200746724	192.0
139.74922073452174	185.0
139.75922139437108	181.0
139.7692220542204	161.0
139.77922271406973	159.0
139.78922337391907	159.0
139.79922403376838	0.0
139.80922469361772	181.0
139.81922535346706	187.0
139.82922601331637	194.0
139.8392266731657	201.0
139.84922733301502	203.0
139.85922799286436	203.0
139.8692286527137	201.0
139.879229312563	194.0
139.88922997241235	187.0
139.8992306322617	179.0
139.909231292111	171.0
139.91923195196034	173.0
139.92923261180965	201.0
139.939233271659	203.0
139.94923393150833	206.0
139.95923459135764	206.0
139.96923525120698	206.0
139.97923591105632	206.0
139.98923657090563	206.0
139.99923723075497	206.0
140.0092378906043	206.0
140.01923855045362	203.0
140.02923921030296	203.0
140.03923987015227	199.0
140.0492405300016	196.0
140.05924118985095	194.0
140.06924184970026	192.0
140.0792425095496	192.0
140.08924316939894	199.0
140.09924382924825	210.0
140.1092444890976	220.0
140.1192451489469	228.0
140.12924580879624	234.0
140.13924646864558	236.0
140.1492471284949	234.0
140.15924778834423	0.0
140.16924844819357	0.0
140.17924910804288	0.0
140.18924976789222	0.0
140.19925042774153	0.0
140.20925108759087	0.0
140.2192517474402	0.0
140.22925240728952	0.0
140.23925306713886	0.0
140.2492537269882	0.0
140.2592543868375	0.0
140.26925504668685	0.0
140.2792557065362	0.0
140.2892563663855	0.0
140.29925702623484	0.0
140.30925768608415	0.0
140.3192583459335	0.0
140.32925900578283	0.0
140.33925966563214	0.0
140.34926032548148	0.0
140.35926098533082	0.0
140.36926164518013	0.0
140.37926230502947	0.0
140.38926296487878	0.0
140.39926362472812	0.0
140.40926428457746	0.0
140.41926494442677	0.0
140.4292656042761	0.0
140.43926626412545	0.0
140.44926692397476	0.0
140.4592675838241	0.0
140.4692682436734	0.0
140.47926890352275	215.0
140.4892695633721	215.0
140.4992702232214	215.0
140.50927088307074	218.0
140.51927154292008	220.0
140.5292722027694	223.0
140.53927286261873	226.0
140.54927352246807	226.0
140.55927418231738	223.0
140.56927484216672	223.0
140.57927550201603	220.0
140.58927616186537	220.0
140.5992768217147	218.0
140.60927748156402	213.0
140.61927814141336	208.0
140.6292788012627	203.0
140.639279461112	199.0
140.64928012096135	201.0
140.65928078081066	203.0
140.66928144066	210.0
140.67928210050934	218.0
140.68928276035865	226.0
140.699283420208	234.0
140.70928408005733	245.0
140.71928473990664	253.0
140.72928539975598	253.0
140.7392860596053	250.0
140.74928671945463	245.0
140.75928737930397	231.0
140.76928803915328	218.0
140.77928869900262	194.0
140.78928935885196	183.0
140.79929001870127	183.0
140.8092906785506	196.0
140.81929133839995	192.0
140.82929199824926	192.0
140.8392926580986	192.0
140.8492933179479	194.0
140.85929397779725	196.0
140.8692946376466	199.0
140.8792952974959	201.0
140.88929595734524	203.0
140.89929661719458	203.0
140.9092972770439	201.0
140.91929793689323	199.0
140.92929859674254	194.0
140.93929925659188	190.0
140.94929991644122	185.0
140.95930057629053	185.0
140.96930123613987	190.0
140.9793018959892	196.0
140.98930255583852	206.0
140.99930321568786	218.0
141.00930387553717	228.0
141.0193045353865	234.0
141.02930519523585	236.0
141.03930585508516	236.0
141.0493065149345	236.0
141.05930717478384	231.0
141.06930783463315	228.0
141.0793084944825	223.0
141.08930915433183	218.0
141.09930981418114	210.0
141.10931047403048	206.0
141.1193111338798	201.0
141.12931179372913	201.0
141.13931245357847	201.0
141.14931311342778	206.0
141.15931377327712	208.0
141.16931443312646	218.0
141.17931509297577	228.0
141.1893157528251	239.0
141.19931641267442	245.0
141.20931707252376	253.0
141.2193177323731	265.0
141.2293183922224	275.0
141.23931905207175	281.0
141.2493197119211	281.0
141.2593203717704	281.0
141.26932103161974	278.0
141.27932169146905	275.0
141.2893223513184	272.0
141.29932301116773	268.0
141.30932367101704	268.0
141.31932433086638	265.0
141.32932499071572	265.0
141.33932565056503	265.0
141.34932631041437	265.0
141.3593269702637	265.0
141.36932763011302	268.0
141.37932828996236	268.0
141.38932894981167	272.0
141.399329609661	275.0
141.40933026951035	275.0
141.41933092935966	275.0
141.429331589209	272.0
141.43933224905834	268.0
141.44933290890765	259.0
141.459333568757	253.0
141.4693342286063	253.0
141.47933488845564	256.0
141.48933554830498	262.0
141.4993362081543	268.0
141.50933686800363	275.0
141.51933752785297	284.0
141.52933818770228	301.0
141.53933884755162	319.0
141.54933950740093	338.0
141.55934016725027	354.0
141.5693408270996	371.0
141.57934148694892	389.0
141.58934214679826	393.0
141.5993428066476	389.0
141.6093434664969	380.0
141.61934412634625	323.0
141.6293447861956	298.0
141.6393454460449	284.0
141.64934610589424	275.0
141.65934676574355	268.0
141.6693474255929	262.0
141.67934808544223	262.0
141.68934874529154	265.0
141.69934940514088	272.0
141.70935006499022	275.0
141.71935072483953	278.0
141.72935138468887	275.0
141.73935204453818	275.0
141.74935270438752	268.0
141.75935336423686	262.0
141.76935402408617	253.0
141.7793546839355	228.0
141.78935534378485	215.0
141.79935600363416	208.0
141.8093566634835	203.0
141.81935732333284	203.0
141.82935798318215	203.0
141.8393586430315	206.0
141.8493593028808	213.0
141.85935996273014	218.0
141.86936062257948	228.0
141.8793612824288	236.0
141.88936194227813	242.0
141.89936260212747	242.0
141.90936326197678	239.0
141.91936392182612	236.0
141.92936458167543	226.0
141.93936524152477	218.0
141.9493659013741	218.0
141.95936656122342	220.0
141.96936722107276	226.0
141.9793678809221	231.0
141.9893685407714	239.0
141.99936920062075	245.0
142.00936986047006	248.0
142.0193705203194	250.0
142.02937118016874	250.0
142.03937184001805	245.0
142.0493724998674	220.0
142.05937315971673	208.0
142.06937381956604	199.0
142.07937447941538	199.0
142.08937513926472	206.0
142.09937579911403	203.0
142.10937645896337	201.0
142.11937711881268	201.0
142.12937777866202	201.0
142.13937843851136	201.0
142.14937909836067	203.0
142.15937975821	203.0
142.16938041805935	203.0
142.17938107790866	206.0
142.189381737758	206.0
142.1993823976073	203.0
142.20938305745665	203.0
142.219383717306	201.0
142.2293843771553	196.0
142.23938503700464	194.0
142.24938569685398	196.0
142.2593863567033	199.0
142.26938701655263	206.0
142.27938767640194	213.0
142.28938833625128	218.0
142.29938899610062	220.0
142.30938965594993	220.0
142.31939031579927	223.0
142.3293909756486	223.0
142.33939163549792	226.0
142.34939229534726	226.0
142.3593929551966	226.0
142.3693936150459	226.0
142.37939427489525	215.0
142.38939493474456	203.0
142.3993955945939	201.0
142.40939625444324	203.0
142.41939691429255	206.0
142.4293975741419	210.0
142.43939823399123	215.0
142.44939889384054	231.0
142.45939955368988	245.0
142.4694002135392	262.0
142.47940087338853	281.0
142.48940153323787	294.0
142.49940219308718	298.0
142.50940285293652	294.0
142.51940351278586	265.0
142.52940417263517	234.0
142.5394048324845	218.0
142.54940549233382	206.0
142.55940615218316	199.0
142.5694068120325	196.0
142.5794074718818	196.0
142.58940813173115	201.0
142.5994087915805	208.0
142.6094094514298	215.0
142.61941011127914	234.0
142.62941077112848	245.0
142.6394114309778	256.0
142.64941209082713	265.0
142.65941275067644	275.0
142.66941341052578	278.0
142.67941407037512	278.0
142.68941473022443	272.0
142.69941539007377	262.0
142.7094160499231	250.0
142.71941670977242	248.0
142.72941736962176	248.0
142.73941802947107	256.0
142.7494186893204	265.0
142.75941934916975	268.0
142.76942000901906	268.0
142.7794206688684	268.0
142.78942132871774	268.0
142.79942198856705	272.0
142.8094226484164	272.0
142.8194233082657	275.0
142.82942396811504	275.0
142.83942462796438	275.0
142.8494252878137	272.0
142.85942594766303	265.0
142.86942660751237	259.0
142.87942726736168	250.0
142.88942792721102	236.0
142.89942858706036	223.0
142.90942924690967	210.0
142.919429906759	208.0
142.92943056660832	218.0
142.93943122645766	253.0
142.949431886307	272.0
142.9594325461563	288.0
142.96943320600565	305.0
142.979433865855	312.0
142.9894345257043	319.0
142.99943518555364	319.0
143.00943584540295	305.0
143.0194365052523	259.0
143.02943716510163	250.0
143.03943782495094	228.0
143.04943848480028	213.0
143.05943914464962	208.0
143.06943980449893	206.0
143.07944046434827	203.0
143.08944112419758	206.0
143.09944178404692	213.0
143.10944244389626	223.0
143.11944310374557	236.0
143.1294437635949	253.0
143.13944442344425	262.0
143.14944508329356	268.0
143.1594457431429	272.0
143.16944640299224	268.0
143.17944706284155	262.0
143.1894477226909	259.0
143.1994483825402	259.0
143.20944904238954	265.0
143.21944970223888	275.0
143.2294503620882	291.0
143.23945102193753	305.0
143.24945168178687	323.0
143.25945234163618	338.0
143.26945300148552	350.0
143.27945366133483	350.0
143.28945432118417	346.0
143.2994549810335	334.0
143.30945564088282	319.0
143.31945630073216	250.0
143.3294569605815	236.0
143.3394576204308	234.0
143.34945828028015	234.0
143.35945894012946	239.0
143.3694595999788	250.0
143.37946025982814	256.0
143.38946091967745	262.0
143.3994615795268	268.0
143.40946223937613	272.0
143.41946289922544	275.0
143.42946355907478	278.0
143.43946421892412	278.0
143.44946487877343	281.0
143.45946553862277	284.0
143.46946619847208	284.0
143.47946685832142	284.0
143.48946751817076	284.0
143.49946817802007	294.0
143.5094688378694	308.0
143.51946949771875	334.0
143.52947015756806	346.0
143.5394708174174	354.0
143.5494714772667	358.0
143.55947213711605	358.0
143.56947279696539	363.0
143.5794734568147	358.0
143.58947411666404	354.0
143.59947477651338	346.0
143.6094754363627	334.0
143.61947609621203	323.0
143.62947675606136	312.0
143.63947741591068	0.0
143.64947807576002	0.0
143.65947873560933	0.0
143.66947939545867	0.0
143.679480055308	0.0
143.68948071515732	412.0
143.69948137500666	421.0
143.709482034856	421.0
143.7194826947053	421.0
143.72948335455465	417.0
143.73948401440396	398.0
143.7494846742533	363.0
143.75948533410264	354.0
143.76948599395195	0.0
143.77948665380129	0.0
143.78948731365062	0.0
143.79948797349994	0.0
143.80948863334928	0.0
143.8194892931986	0.0
143.82948995304793	0.0
143.83949061289727	0.0
143.84949127274658	0.0
143.85949193259592	0.0
143.86949259244525	0.0
143.87949325229457	0.0
143.8894939121439	0.0
143.89949457199324	0.0
143.90949523184256	0.0
143.9194958916919	0.0
143.9294965515412	0.0
143.93949721139055	0.0
143.94949787123988	0.0
143.9594985310892	0.0
143.96949919093854	0.0
143.97949985078787	0.0
143.98950051063719	0.0
143.99950117048652	0.0
144.00950183033584	0.0
144.01950249018518	0.0
144.02950315003451	0.0
144.03950380988383	0.0
144.04950446973317	398.0
144.0595051295825	417.0
144.06950578943182	447.0
144.07950644928115	452.0
144.08950710913047	457.0
144.0995077689798	462.0
144.10950842882914	462.0
144.11950908867846	457.0
144.1295097485278	457.0
144.13951040837713	457.0
144.14951106822645	452.0
144.15951172807578	447.0
144.16951238792512	441.0
144.17951304777444	426.0
144.18951370762377	417.0
144.19951436747309	421.0
144.20951502732242	447.0
144.21951568717176	462.0
144.22951634702108	468.0
144.23951700687041	473.0
144.24951766671975	473.0
144.25951832656907	479.0
144.2695189864184	479.0
144.27951964626772	479.0
144.28952030611705	479.0
144.2995209659664	473.0
144.3095216258157	468.0
144.31952228566504	452.0
144.32952294551438	380.0
144.3395236053637	371.0
144.34952426521303	342.0
144.35952492506235	342.0
144.36952558491168	371.0
144.37952624476102	384.0
144.38952690461034	398.0
144.39952756445967	407.0
144.409528224309	417.0
144.41952888415832	421.0
144.42952954400766	426.0
144.439530203857	426.0
144.44953086370631	426.0
144.45953152355565	421.0
144.46953218340497	417.0
144.4795328432543	412.0
144.48953350310364	407.0
144.49953416295295	367.0
144.5095348228023	375.0
144.51953548265163	412.0
144.52953614250094	421.0
144.53953680235028	426.0
144.5495374621996	436.0
144.55953812204893	452.0
144.56953878189827	462.0
144.57953944174758	473.0
144.58954010159692	473.0
144.59954076144626	479.0
144.60954142129557	479.0
144.6195420811449	473.0
144.62954274099422	473.0
144.63954340084356	468.0
144.6495440606929	468.0
144.65954472054221	468.0
144.66954538039155	468.0
144.6795460402409	462.0
144.6895467000902	457.0
144.69954735993954	452.0
144.70954801978888	452.0
144.7195486796382	452.0
144.72954933948753	452.0
144.73954999933684	457.0
144.74955065918618	473.0
144.75955131903552	484.0
144.76955197888483	490.0
144.77955263873417	496.0
144.7895532985835	484.0
144.79955395843282	468.0
144.80955461828216	457.0
144.81955527813147	447.0
144.8295559379808	441.0
144.83955659783015	441.0
144.84955725767946	452.0
144.8595579175288	468.0
144.86955857737814	496.0
144.87955923722745	513.0
144.8895598970768	531.0
144.8995605569261	544.0
144.90956121677544	556.0
144.91956187662478	569.0
144.9295625364741	569.0
144.93956319632343	556.0
144.94956385617277	544.0
144.95956451602208	452.0
144.96956517587142	417.0
144.97956583572076	407.0
144.98956649557007	402.0
144.9995671554194	412.0
145.00956781526872	421.0
145.01956847511806	447.0
145.0295691349674	468.0
145.0395697948167	496.0
145.04957045466605	513.0
145.0595711145154	525.0
145.0695717743647	525.0
145.07957243421404	531.0
145.08957309406335	525.0
145.0995737539127	519.0
145.10957441376203	513.0
145.11957507361134	479.0
145.12957573346068	462.0
145.13957639331002	457.0
145.14957705315933	457.0
145.15957771300867	452.0
145.16957837285798	452.0
145.17957903270732	452.0
145.18957969255666	452.0
145.19958035240597	457.0
145.2095810122553	457.0
145.21958167210465	457.0
145.22958233195396	457.0
145.2395829918033	452.0
145.24958365165264	426.0
145.25958431150195	412.0
145.2695849713513	431.0
145.2795856312006	452.0
145.28958629104994	457.0
145.29958695089928	462.0
145.3095876107486	462.0
145.31958827059793	462.0
145.32958893044727	457.0
145.33958959029658	457.0
145.34959025014592	457.0
145.35959090999523	457.0
145.36959156984457	462.0
145.3795922296939	457.0
145.38959288954322	457.0
145.39959354939256	457.0
145.4095942092419	457.0
145.4195948690912	452.0
145.42959552894055	452.0
145.43959618878986	447.0
145.4495968486392	447.0
145.45959750848854	441.0
145.46959816833785	441.0
145.4795988281872	441.0
145.48959948803653	452.0
145.49960014788584	468.0
145.50960080773518	479.0
145.51960146758452	496.0
145.52960212743383	507.0
145.53960278728317	519.0
145.54960344713248	525.0
145.55960410698182	525.0
145.56960476683116	468.0
145.57960542668047	452.0
145.5896060865298	441.0
145.59960674637915	431.0
145.60960740622846	431.0
145.6196080660778	452.0
145.6296087259271	473.0
145.63960938577645	496.0
145.6496100456258	519.0
145.6596107054751	531.0
145.66961136532444	537.0
145.67961202517378	537.0
145.6896126850231	525.0
145.69961334487243	513.0
145.70961400472177	447.0
145.71961466457108	431.0
145.72961532442042	421.0
145.73961598426973	402.0
145.74961664411907	375.0
145.7596173039684	380.0
145.76961796381772	389.0
145.77961862366706	398.0
145.7896192835164	407.0
145.7996199433657	417.0
145.80962060321505	421.0
145.81962126306436	426.0
145.8296219229137	426.0
145.83962258276304	426.0
145.84962324261235	417.0
145.8596239024617	407.0
145.86962456231103	393.0
145.87962522216034	350.0
145.88962588200968	323.0
145.899626541859	312.0
145.90962720170833	301.0
145.91962786155767	294.0
145.92962852140698	288.0
145.93962918125632	298.0
145.94962984110566	308.0
145.95963050095497	323.0
145.9696311608043	346.0
145.97963182065365	367.0
145.98963248050296	384.0
145.9996331403523	389.0
146.0096338002016	389.0
146.01963446005095	384.0
146.0296351199003	346.0
146.0396357797496	338.0
146.04963643959894	327.0
146.05963709944828	327.0
146.0696377592976	327.0
146.07963841914693	338.0
146.08963907899624	363.0
146.09963973884558	402.0
146.10964039869492	431.0
146.11964105854423	462.0
146.12964171839357	490.0
146.1396423782429	496.0
146.14964303809222	496.0
146.15964369794156	473.0
146.16964435779087	452.0
146.1796450176402	436.0
146.18964567748955	367.0
146.19964633733886	358.0
146.2096469971882	367.0
146.21964765703754	384.0
146.22964831688685	398.0
146.2396489767362	407.0
146.24964963658553	412.0
146.25965029643484	417.0
146.26965095628418	412.0
146.2796516161335	398.0
146.28965227598283	358.0
146.29965293583217	0.0
146.30965359568148	0.0
146.31965425553082	0.0
146.32965491538016	0.0
146.33965557522947	0.0
146.3496562350788	0.0
146.35965689492812	0.0
146.36965755477746	0.0
146.3796582146268	0.0
146.3896588744761	0.0
146.39965953432545	0.0
146.4096601941748	0.0
146.4196608540241	0.0
146.42966151387344	0.0
146.43966217372275	0.0
146.4496628335721	0.0
146.45966349342143	0.0
146.46966415327074	0.0
146.47966481312008	0.0
146.48966547296942	0.0
146.49966613281873	278.0
146.50966679266807	275.0
146.5196674525174	278.0
146.52966811236672	291.0
146.53966877221606	319.0
146.54966943206537	331.0
146.5596700919147	346.0
146.56967075176405	358.0
146.57967141161336	367.0
146.5896720714627	367.0
146.59967273131204	367.0
146.60967339116135	358.0
146.6196740510107	350.0
146.62967471086	323.0
146.63967537070934	288.0
146.64967603055868	272.0
146.659676690408	262.0
146.66967735025733	256.0
146.67967801010667	256.0
146.68967866995598	256.0
146.69967932980532	259.0
146.70967998965463	262.0
146.71968064950397	268.0
146.7296813093533	275.0
146.73968196920262	278.0
146.74968262905196	278.0
146.7596832889013	278.0
146.7696839487506	268.0
146.77968460859995	256.0
146.7896852684493	250.0
146.7996859282986	239.0
146.80968658814794	223.0
146.81968724799725	213.0
146.8296879078466	208.0
146.83968856769593	210.0
146.84968922754524	213.0
146.85968988739458	215.0
146.86969054724392	220.0
146.87969120709323	226.0
146.88969186694257	234.0
146.89969252679188	242.0
146.90969318664122	248.0
146.91969384649056	248.0
146.92969450633987	248.0
146.9396951661892	242.0
146.94969582603855	215.0
146.95969648588786	213.0
146.9696971457372	210.0
146.9796978055865	215.0
146.98969846543585	223.0
146.9996991252852	234.0
147.0096997851345	242.0
147.01970044498384	250.0
147.02970110483318	256.0
147.0397017646825	259.0
147.04970242453183	256.0
147.05970308438117	253.0
147.06970374423048	245.0
147.07970440407982	223.0
147.08970506392913	201.0
147.09970572377847	196.0
147.1097063836278	169.0
147.11970704347712	169.0
147.12970770332646	171.0
147.1397083631758	194.0
147.1497090230251	208.0
147.15970968287445	206.0
147.16971034272376	201.0
147.1797110025731	201.0
147.18971166242244	199.0
147.19971232227175	199.0
147.2097129821211	196.0
147.21971364197043	199.0
147.22971430181974	199.0
147.23971496166908	201.0
147.2497156215184	201.0
147.25971628136773	201.0
147.26971694121707	199.0
147.27971760106638	192.0
147.28971826091572	183.0
147.29971892076506	177.0
147.30971958061437	177.0
147.3197202404637	179.0
147.32972090031305	187.0
147.33972156016236	196.0
147.3497222200117	208.0
147.359722879861	220.0
147.36972353971035	223.0
147.3797241995597	226.0
147.389724859409	226.0
147.39972551925834	226.0
147.40972617910768	223.0
147.419726838957	223.0
147.42972749880633	223.0
147.43972815865564	223.0
147.44972881850498	223.0
147.45972947835432	223.0
147.46973013820363	223.0
147.47973079805297	223.0
147.4897314579023	223.0
147.49973211775162	223.0
147.50973277760096	226.0
147.5197334374503	228.0
147.5297340972996	228.0
147.53973475714895	228.0
147.54973541699826	231.0
147.5597360768476	231.0
147.56973673669694	231.0
147.57973739654625	231.0
147.5897380563956	231.0
147.59973871624493	231.0
147.60973937609424	231.0
147.61974003594358	231.0
147.6297406957929	231.0
147.63974135564223	231.0
147.64974201549157	231.0
147.65974267534088	231.0
147.66974333519022	228.0
147.67974399503956	228.0
147.68974465488887	228.0
147.6997453147382	228.0
147.70974597458752	228.0
147.71974663443686	228.0
147.7297472942862	228.0
147.7397479541355	228.0
147.74974861398485	228.0
147.7597492738342	226.0
147.7697499336835	226.0
147.77975059353284	226.0
147.78975125338218	226.0
147.7997519132315	226.0
147.80975257308083	226.0
147.81975323293014	228.0
147.82975389277948	228.0
147.83975455262882	228.0
147.84975521247813	228.0
147.85975587232747	228.0
147.8697565321768	228.0
147.87975719202612	226.0
147.88975785187546	226.0
147.89975851172477	223.0
147.9097591715741	223.0
147.91975983142345	220.0
147.92976049127276	220.0
147.9397611511221	218.0
147.94976181097144	215.0
147.95976247082075	213.0
147.9697631306701	210.0
147.9797637905194	208.0
147.98976445036874	206.0
147.99976511021808	206.0
148.0097657700674	206.0
148.01976642991673	206.0
148.02976708976607	208.0
148.03976774961538	210.0
148.04976840946472	213.0
148.05976906931406	218.0
148.06976972916337	220.0
148.0797703890127	226.0
148.08977104886202	228.0
148.09977170871136	228.0
148.1097723685607	228.0
148.11977302841	228.0
148.12977368825935	226.0
148.1397743481087	226.0
148.149775007958	226.0
148.15977566780734	226.0
148.16977632765665	226.0
148.179776987506	226.0
148.18977764735533	226.0
148.19977830720464	226.0
148.20977896705398	226.0
148.21977962690332	226.0
148.22978028675263	226.0
148.23978094660197	226.0
148.24978160645128	228.0
148.25978226630062	228.0
148.26978292614996	228.0
148.27978358599927	228.0
148.2897842458486	228.0
148.29978490569795	228.0
148.30978556554726	226.0
148.3197862253966	226.0
148.32978688524594	226.0
148.33978754509525	226.0
148.3497882049446	223.0
148.3597888647939	220.0
148.36978952464324	220.0
148.37979018449258	218.0
148.3897908443419	215.0
148.39979150419123	215.0
148.40979216404057	215.0
148.41979282388988	223.0
148.42979348373922	231.0
148.43979414358853	242.0
148.44979480343787	253.0
148.4597954632872	265.0
148.46979612313652	275.0
148.47979678298586	278.0
148.4897974428352	281.0
148.4997981026845	278.0
148.50979876253385	275.0
148.51979942238316	272.0
148.5298000822325	268.0
148.53980074208184	262.0
148.54980140193115	259.0
148.5598020617805	253.0
148.56980272162983	245.0
148.57980338147914	236.0
148.58980404132848	231.0
148.59980470117782	226.0
148.60980536102713	226.0
148.61980602087647	223.0
148.62980668072578	223.0
148.63980734057512	220.0
148.64980800042446	220.0
148.65980866027377	218.0
148.6698093201231	215.0
148.67980997997245	213.0
148.68981063982176	210.0
148.6998112996711	210.0
148.7098119595204	210.0
148.71981261936975	213.0
148.7298132792191	220.0
148.7398139390684	226.0
148.74981459891774	234.0
148.75981525876708	242.0
148.7698159186164	256.0
148.77981657846573	265.0
148.78981723831504	272.0
148.79981789816438	272.0
148.80981855801372	272.0
148.81981921786303	272.0
148.82981987771237	268.0
148.8398205375617	265.0
148.84982119741102	262.0
148.85982185726036	262.0
148.8698225171097	259.0
148.879823176959	256.0
148.88982383680835	250.0
148.89982449665766	248.0
148.909825156507	245.0
148.91982581635634	245.0
148.92982647620565	242.0
148.939827136055	239.0
148.94982779590433	236.0
148.95982845575364	236.0
148.96982911560298	236.0
148.9798297754523	239.0
148.98983043530163	245.0
148.99983109515097	250.0
149.00983175500028	262.0
149.01983241484962	272.0
149.02983307469896	284.0
149.03983373454827	291.0
149.0498343943976	294.0
149.05983505424692	298.0
149.06983571409626	298.0
149.0798363739456	291.0
149.0898370337949	281.0
149.09983769364425	262.0
149.1098383534936	248.0
149.1198390133429	234.0
149.12983967319224	228.0
149.13984033304158	226.0
149.1498409928909	226.0
149.15984165274023	223.0
149.16984231258954	223.0
149.17984297243888	220.0
149.18984363228822	220.0
149.19984429213753	220.0
149.20984495198687	223.0
149.2198456118362	226.0
149.22984627168552	226.0
149.23984693153486	226.0
149.24984759138417	226.0
149.2598482512335	226.0
149.26984891108285	226.0
149.27984957093216	226.0
149.2898502307815	226.0
149.29985089063084	226.0
149.30985155048015	228.0
149.3198522103295	228.0
149.3298528701788	228.0
149.33985353002814	228.0
149.34985418987748	228.0
149.3598548497268	228.0
149.36985550957613	226.0
149.37985616942547	226.0
149.38985682927478	226.0
149.39985748912412	223.0
149.40985814897346	220.0
149.41985880882277	215.0
149.4298594686721	208.0
149.43986012852142	203.0
149.44986078837076	199.0
149.4598614482201	199.0
149.4698621080694	196.0
149.47986276791875	196.0
149.48986342776809	199.0
149.4998640876174	199.0
149.50986474746674	201.0
149.51986540731605	201.0
149.5298660671654	203.0
149.53986672701473	203.0
149.54986738686404	203.0
149.55986804671338	203.0
149.56986870656272	203.0
149.57986936641203	203.0
149.58987002626137	203.0
149.5998706861107	201.0
149.60987134596002	201.0
149.61987200580936	199.0
149.62987266565867	199.0
149.639873325508	196.0
149.64987398535735	199.0
149.65987464520666	199.0
149.669875305056	199.0
149.67987596490534	201.0
149.68987662475465	199.0
149.69987728460399	192.0
149.7098779444533	173.0
149.71987860430264	0.0
149.72987926415198	0.0
149.7398799240013	0.0
149.74988058385063	0.0
149.75988124369997	0.0
149.76988190354928	0.0
149.77988256339862	0.0
149.78988322324793	0.0
149.79988388309727	0.0
149.8098845429466	0.0
149.81988520279592	0.0
149.82988586264526	0.0
149.8398865224946	0.0
149.8498871823439	0.0
149.85988784219325	0.0
149.86988850204258	0.0
149.8798891618919	0.0
149.88988982174124	0.0
149.89989048159055	0.0
149.90989114143989	0.0
149.91989180128922	0.0
149.92989246113854	0.0
149.93989312098788	0.0
149.94989378083721	0.0
149.95989444068653	0.0
149.96989510053587	0.0
149.97989576038518	0.0
149.98989642023452	0.0
149.99989708008385	0.0
150.00989773993317	0.0
150.0198983997825	0.0
150.02989905963184	0.0
150.03989971948116	0.0
150.0499003793305	0.0
150.0599010391798	0.0
150.06990169902915	0.0
150.07990235887848	0.0
150.0899030187278	0.0
150.09990367857714	0.0
150.10990433842647	0.0
150.11990499827579	0.0
150.12990565812513	0.0
150.13990631797446	0.0
150.14990697782378	0.0
150.15990763767311	0.0
150.16990829752243	0.0
150.17990895737177	0.0
150.1899096172211	0.0
150.19991027707042	0.0
150.20991093691975	208.0
150.2199115967691	206.0
150.2299122566184	203.0
150.23991291646774	199.0
150.24991357631706	190.0
150.2599142361664	187.0
150.26991489601573	190.0
150.27991555586505	194.0
150.28991621571438	196.0
150.29991687556372	199.0
150.30991753541304	199.0
150.31991819526237	196.0
150.32991885511169	196.0
150.33991951496103	196.0
150.34992017481036	196.0
150.35992083465968	199.0
150.36992149450901	199.0
150.37992215435835	201.0
150.38992281420767	201.0
150.399923474057	201.0
150.40992413390634	201.0
150.41992479375565	201.0
150.429925453605	201.0
150.4399261134543	201.0
150.44992677330364	201.0
150.45992743315298	201.0
150.4699280930023	203.0
150.47992875285163	203.0
150.48992941270097	203.0
150.49993007255028	203.0
150.50993073239962	203.0
150.51993139224894	206.0
150.52993205209827	203.0
150.5399327119476	203.0
150.54993337179693	199.0
150.55993403164626	194.0
150.5699346914956	190.0
150.57993535134491	185.0
150.58993601119425	181.0
150.59993667104357	181.0
150.6099373308929	181.0
150.61993799074224	185.0
150.62993865059155	194.0
150.6399393104409	203.0
150.64993997029023	213.0
150.65994063013954	223.0
150.66994128998888	228.0
150.67994194983822	234.0
150.68994260968753	234.0
150.69994326953687	234.0
150.70994392938618	234.0
150.71994458923552	231.0
150.72994524908486	228.0
150.73994590893417	226.0
150.7499465687835	226.0
150.75994722863285	226.0
150.76994788848216	226.0
150.7799485483315	226.0
150.78994920818081	228.0
150.79994986803015	228.0
150.8099505278795	228.0
150.8199511877288	231.0
150.82995184757814	231.0
150.83995250742748	231.0
150.8499531672768	234.0
150.85995382712613	234.0
150.86995448697544	231.0
150.87995514682478	228.0
150.88995580667412	223.0
150.89995646652343	215.0
150.90995712637277	208.0
150.9199577862221	201.0
150.92995844607142	196.0
150.93995910592076	194.0
150.9499597657701	194.0
150.9599604256194	194.0
150.96996108546875	196.0
150.97996174531806	199.0
150.9899624051674	201.0
150.99996306501674	203.0
151.00996372486605	203.0
151.0199643847154	203.0
151.02996504456473	203.0
151.03996570441404	203.0
151.04996636426338	203.0
151.0599670241127	203.0
151.06996768396203	203.0
151.07996834381137	203.0
151.08996900366068	203.0
151.09996966351002	201.0
151.10997032335936	201.0
151.11997098320867	201.0
151.129971643058	201.0
151.13997230290732	201.0
151.14997296275666	201.0
151.159973622606	201.0
151.1699742824553	201.0
151.17997494230465	201.0
151.189975602154	201.0
151.1999762620033	201.0
151.20997692185264	201.0
151.21997758170198	201.0
151.2299782415513	201.0
151.23997890140063	201.0
151.24997956124994	201.0
151.25998022109928	201.0
151.26998088094862	201.0
151.27998154079793	203.0
151.28998220064727	203.0
151.2999828604966	203.0
151.30998352034592	203.0
151.31998418019526	203.0
151.32998484004457	203.0
151.3399854998939	203.0
151.34998615974325	201.0
151.35998681959256	201.0
151.3699874794419	201.0
151.37998813929124	201.0
151.38998879914055	201.0
151.3999894589899	201.0
151.40999011883923	201.0
151.41999077868854	201.0
151.42999143853788	201.0
151.4399920983872	201.0
151.44999275823653	201.0
151.45999341808587	201.0
151.46999407793518	199.0
151.47999473778452	196.0
151.48999539763386	194.0
151.49999605748317	192.0
151.5099967173325	190.0
151.51999737718182	185.0
151.52999803703116	183.0
151.5399986968805	177.0
151.5499993567298	169.0
151.56000001657915	165.0
151.5700006764285	158.0
151.5800013362778	156.0
151.59000199612714	156.0
151.60000265597645	158.0
151.6100033158258	159.0
151.62000397567513	163.0
151.63000463552444	171.0
151.64000529537378	183.0
151.65000595522312	190.0
151.66000661507243	196.0
151.67000727492177	203.0
151.6800079347711	206.0
151.69000859462042	208.0
151.70000925446976	208.0
151.71000991431907	208.0
151.7200105741684	208.0
151.73001123401775	206.0
151.74001189386706	203.0
151.7500125537164	201.0
151.76001321356574	196.0
151.77001387341505	192.0
151.7800145332644	187.0
151.7900151931137	183.0
151.80001585296304	181.0
151.81001651281238	177.0
151.8200171726617	175.0
151.83001783251103	173.0
151.84001849236037	171.0
151.85001915220968	171.0
151.86001981205902	169.0
151.87002047190833	169.0
151.88002113175767	169.0
151.890021791607	169.0
151.90002245145632	167.0
151.91002311130566	167.0
151.920023771155	167.0
151.9300244310043	167.0
151.94002509085365	167.0
151.950025750703	169.0
151.9600264105523	171.0
151.97002707040164	175.0
151.98002773025095	177.0
151.9900283901003	181.0
152.00002904994963	183.0
152.01002970979894	185.0
152.02003036964828	185.0
152.03003102949762	185.0
152.04003168934693	183.0
152.05003234919627	181.0
152.06003300904558	177.0
152.07003366889492	173.0
152.08003432874426	169.0
152.09003498859357	163.0
152.1000356484429	159.0
152.11003630829225	156.0
152.12003696814156	150.0
152.1300376279909	144.0
152.1400382878402	139.0
152.15003894768955	136.0
152.1600396075389	137.0
152.1700402673882	139.0
152.18004092723754	142.0
152.19004158708688	0.0
152.2000422469362	0.0
152.21004290678553	0.0
152.22004356663487	0.0
152.23004422648418	0.0
152.24004488633352	0.0
152.25004554618283	0.0
152.26004620603217	0.0
152.2700468658815	0.0
152.28004752573082	0.0
152.29004818558016	0.0
152.3000488454295	0.0
152.3100495052788	0.0
152.32005016512815	0.0
152.33005082497746	0.0
152.3400514848268	0.0
152.35005214467614	0.0
152.36005280452545	169.0
152.3700534643748	173.0
152.38005412422413	175.0
152.39005478407344	175.0
152.40005544392278	175.0
152.4100561037721	175.0
152.42005676362143	173.0
152.43005742347077	169.0
152.44005808332008	167.0
152.45005874316942	163.0
152.46005940301876	161.0
152.47006006286807	159.0
152.4800607227174	159.0
152.49006138256675	161.0
152.50006204241606	163.0
152.5100627022654	165.0
152.5200633621147	167.0
152.53006402196405	169.0
152.5400646818134	169.0
152.5500653416627	171.0
152.56006600151204	171.0
152.57006666136138	171.0
152.5800673212107	169.0
152.59006798106003	165.0
152.60006864090934	163.0
152.61006930075868	163.0
152.62006996060802	163.0
152.63007062045733	165.0
152.64007128030667	167.0
152.650071940156	171.0
152.66007260000532	173.0
152.67007325985466	173.0
152.68007391970397	169.0
152.6900745795533	165.0
152.70007523940265	0.0
152.71007589925196	0.0
152.7200765591013	0.0
152.73007721895064	0.0
152.74007787879995	0.0
152.7500785386493	0.0
152.76007919849863	0.0
152.77007985834794	0.0
152.78008051819728	0.0
152.7900811780466	0.0
152.80008183789593	0.0
152.81008249774527	0.0
152.82008315759458	0.0
152.83008381744392	0.0
152.84008447729326	0.0
152.85008513714257	0.0
152.8600857969919	0.0
152.87008645684122	0.0
152.88008711669056	0.0
152.8900877765399	0.0
152.9000884363892	0.0
152.91008909623855	0.0
152.9200897560879	0.0
152.9300904159372	0.0
152.94009107578654	0.0
152.95009173563585	0.0
152.9600923954852	0.0
152.97009305533453	0.0
152.98009371518384	0.0
152.99009437503318	0.0
153.00009503488252	0.0
153.01009569473183	0.0
153.02009635458117	0.0
153.0300970144305	0.0
153.04009767427982	0.0
153.05009833412916	0.0
153.06009899397847	192.0
153.0700996538278	192.0
153.08010031367715	187.0
153.09010097352646	183.0
153.1001016333758	179.0
153.11010229322514	175.0
153.12010295307445	173.0
153.1301036129238	171.0
153.1401042727731	169.0
153.15010493262244	169.0
153.16010559247178	169.0
153.1701062523211	169.0
153.18010691217043	171.0
153.19010757201977	173.0
153.20010823186908	175.0
153.21010889171842	177.0
153.22010955156773	181.0
153.23011021141707	181.0
153.2401108712664	183.0
153.25011153111572	183.0
153.26011219096506	181.0
153.2701128508144	179.0
153.2801135106637	177.0
153.29011417051305	173.0
153.3001148303624	167.0
153.3101154902117	159.0
153.32011615006104	150.0
153.33011680991035	140.0
153.3401174697597	139.0
153.35011812960903	139.0
153.36011878945834	139.0
153.37011944930768	142.0
153.38012010915702	142.0
153.39012076900633	144.0
153.40012142885567	147.0
153.41012208870498	149.0
153.42012274855432	152.0
153.43012340840366	156.0
153.44012406825297	158.0
153.4501247281023	159.0
153.46012538795165	161.0
153.47012604780096	163.0
153.4801267076503	165.0
153.49012736749964	167.0
153.50012802734895	169.0
153.5101286871983	169.0
153.5201293470476	169.0
153.53013000689694	169.0
153.54013066674628	169.0
153.5501313265956	169.0
153.56013198644493	169.0
153.57013264629427	169.0
153.58013330614358	167.0
153.59013396599292	167.0
153.60013462584223	167.0
153.61013528569157	167.0
153.6201359455409	167.0
153.63013660539022	167.0
153.64013726523956	165.0
153.6501379250889	163.0
153.6601385849382	161.0
153.67013924478755	159.0
153.68013990463686	159.0
153.6901405644862	159.0
153.70014122433554	161.0
153.71014188418485	161.0
153.7201425440342	163.0
153.73014320388353	167.0
153.74014386373284	175.0
153.75014452358218	192.0
153.76014518343152	203.0
153.77014584328083	208.0
153.78014650313017	210.0
153.79014716297948	210.0
153.80014782282882	208.0
153.81014848267816	208.0
153.82014914252747	206.0
153.8301498023768	206.0
153.84015046222615	203.0
153.85015112207546	203.0
153.8601517819248	201.0
153.8701524417741	201.0
153.88015310162345	201.0
153.8901537614728	199.0
153.9001544213221	199.0
153.91015508117144	199.0
153.92015574102078	199.0
153.9301564008701	201.0
153.94015706071943	201.0
153.95015772056874	203.0
153.96015838041808	203.0
153.97015904026742	206.0
153.98015970011673	206.0
153.99016035996607	206.0
154.0001610198154	206.0
154.01016167966472	206.0
154.02016233951406	203.0
154.0301629993634	203.0
154.0401636592127	203.0
154.05016431906205	203.0
154.06016497891136	203.0
154.0701656387607	203.0
154.08016629861004	203.0
154.09016695845935	201.0
154.1001676183087	201.0
154.11016827815803	201.0
154.12016893800734	199.0
154.13016959785668	199.0
154.140170257706	199.0
154.15017091755533	199.0
154.16017157740467	199.0
154.17017223725398	199.0
154.18017289710332	199.0
154.19017355695266	199.0
154.20017421680197	199.0
154.2101748766513	199.0
154.22017553650062	199.0
154.23017619634996	199.0
154.2401768561993	201.0
154.2501775160486	201.0
154.26017817589795	201.0
154.2701788357473	201.0
154.2801794955966	201.0
154.29018015544594	201.0
154.30018081529528	201.0
154.3101814751446	201.0
154.32018213499393	201.0
154.33018279484324	201.0
154.34018345469258	201.0
154.35018411454192	201.0
154.36018477439123	201.0
154.37018543424057	201.0
154.3801860940899	201.0
154.39018675393922	199.0
154.40018741378856	199.0
154.41018807363787	199.0
154.4201887334872	199.0
154.43018939333655	199.0
154.44019005318586	199.0
154.4501907130352	196.0
154.46019137288454	194.0
154.47019203273385	192.0
154.4801926925832	190.0
154.4901933524325	185.0
154.50019401228184	183.0
154.51019467213118	181.0
154.5201953319805	177.0
154.53019599182983	175.0
154.54019665167917	171.0
154.55019731152848	167.0
154.56019797137782	165.0
154.57019863122716	165.0
154.58019929107647	163.0
154.5901999509258	163.0
154.60020061077512	163.0
154.61020127062446	163.0
154.6202019304738	163.0
154.6302025903231	165.0
154.64020325017245	167.0
154.6502039100218	169.0
154.6602045698711	171.0
154.67020522972044	171.0
154.68020588956975	173.0
154.6902065494191	173.0
154.70020720926843	171.0
154.71020786911774	169.0
154.72020852896708	169.0
154.73020918881642	171.0
154.74020984866573	175.0
154.75021050851507	179.0
154.76021116836438	181.0
154.77021182821372	185.0
154.78021248806306	187.0
154.79021314791237	192.0
154.8002138077617	196.0
154.81021446761105	199.0
154.82021512746036	201.0
154.8302157873097	203.0
154.84021644715904	203.0
154.85021710700835	203.0
154.8602177668577	203.0
154.870218426707	203.0
154.88021908655634	203.0
154.89021974640568	203.0
154.900220406255	203.0
154.91022106610433	203.0
154.92022172595367	203.0
154.93022238580298	203.0
154.94022304565232	203.0
154.95022370550163	201.0
154.96022436535097	201.0
154.9702250252003	201.0
154.98022568504962	201.0
154.99022634489896	203.0
155.0002270047483	203.0
155.0102276645976	203.0
155.02022832444695	203.0
155.03022898429626	203.0
155.0402296441456	201.0
155.05023030399494	201.0
155.06023096384425	201.0
155.0702316236936	201.0
155.08023228354293	201.0
155.09023294339224	201.0
155.10023360324158	203.0
155.11023426309092	203.0
155.12023492294023	206.0
155.13023558278957	206.0
155.14023624263888	206.0
155.15023690248822	206.0
155.16023756233756	206.0
155.17023822218687	206.0
155.1802388820362	206.0
155.19023954188555	206.0
155.20024020173486	206.0
155.2102408615842	206.0
155.2202415214335	206.0
155.23024218128285	206.0
155.2402428411322	206.0
155.2502435009815	206.0
155.26024416083084	206.0
155.27024482068018	203.0
155.2802454805295	203.0
155.29024614037883	201.0
155.30024680022817	196.0
155.31024746007748	194.0
155.32024811992682	190.0
155.33024877977613	187.0
155.34024943962547	185.0
155.3502500994748	183.0
155.36025075932412	181.0
155.37025141917346	177.0
155.3802520790228	173.0
155.3902527388721	165.0
155.40025339872145	161.0
155.41025405857076	159.0
155.4202547184201	159.0
155.43025537826944	161.0
155.44025603811875	165.0
155.4502566979681	171.0
155.46025735781743	179.0
155.47025801766674	185.0
155.48025867751608	194.0
155.4902593373654	203.0
155.50025999721473	206.0
155.51026065706407	206.0
155.52026131691338	208.0
155.53026197676272	206.0
155.54026263661206	206.0
155.55026329646137	206.0
155.5602639563107	206.0
155.57026461616005	203.0
155.58026527600936	203.0
155.5902659358587	203.0
155.600266595708	203.0
155.61026725555735	203.0
155.62026791540669	203.0
155.630268575256	203.0
155.64026923510534	203.0
155.65026989495468	203.0
155.660270554804	206.0
155.67027121465333	206.0
155.68027187450264	206.0
155.69027253435198	206.0
155.70027319420132	203.0
155.71027385405063	201.0
155.72027451389997	199.0
155.7302751737493	196.0
155.74027583359862	192.0
155.75027649344796	190.0
155.76027715329727	190.0
155.7702778131466	192.0
155.78027847299595	194.0
155.79027913284526	199.0
155.8002797926946	203.0
155.81028045254394	206.0
155.82028111239325	210.0
155.83028177224259	213.0
155.84028243209193	215.0
155.85028309194124	220.0
155.86028375179058	223.0
155.8702844116399	226.0
155.88028507148923	228.0
155.89028573133857	228.0
155.90028639118788	228.0
155.91028705103722	228.0
155.92028771088656	226.0
155.93028837073587	226.0
155.9402890305852	226.0
155.95028969043452	223.0
155.96029035028386	223.0
155.9702910101332	223.0
155.9802916699825	223.0
155.99029232983185	223.0
156.00029298968118	223.0
156.0102936495305	223.0
156.02029430937984	226.0
156.03029496922915	226.0
156.04029562907849	226.0
156.05029628892783	228.0
156.06029694877714	228.0
156.07029760862648	228.0
156.08029826847581	228.0
156.09029892832513	228.0
156.10029958817447	228.0
156.1103002480238	231.0
156.12030090787312	228.0
156.13030156772246	228.0
156.14030222757177	228.0
156.1503028874211	228.0
156.16030354727044	226.0
156.17030420711976	226.0
156.1803048669691	226.0
156.19030552681843	223.0
156.20030618666775	223.0
156.21030684651708	220.0
156.2203075063664	220.0
156.23030816621574	223.0
156.24030882606507	228.0
156.25030948591439	231.0
156.26031014576373	236.0
156.27031080561306	245.0
156.28031146546238	253.0
156.29031212531171	262.0
156.30031278516103	268.0
156.31031344501037	275.0
156.3203141048597	278.0
156.33031476470902	278.0
156.34031542455836	275.0
156.3503160844077	272.0
156.360316744257	268.0
156.37031740410634	265.0
156.38031806395568	262.0
156.390318723805	259.0
156.40031938365433	253.0
156.41032004350365	248.0
156.42032070335298	242.0
156.43032136320232	236.0
156.44032202305164	231.0
156.45032268290097	228.0
156.4603233427503	226.0
156.47032400259963	223.0
156.48032466244896	220.0
156.49032532229828	220.0
156.50032598214761	223.0
156.51032664199695	228.0
156.52032730184627	234.0
156.5303279616956	245.0
156.54032862154494	253.0
156.55032928139426	262.0
156.5603299412436	268.0
156.5703306010929	275.0
156.58033126094224	278.0
156.59033192079158	278.0
156.6003325806409	275.0
156.61033324049023	268.0
156.62033390033957	262.0
156.63033456018889	256.0
156.64033522003822	250.0
156.65033587988756	242.0
156.66033653973687	223.0
156.6703371995862	0.0
156.68033785943553	0.0
156.69033851928486	0.0
156.7003391791342	0.0
156.71033983898351	0.0
156.72034049883285	0.0
156.7303411586822	0.0
156.7403418185315	0.0
156.75034247838084	0.0
156.76034313823016	0.0
156.7703437980795	0.0
156.78034445792883	0.0
156.79034511777814	0.0
156.80034577762748	0.0
156.81034643747682	0.0
156.82034709732613	0.0
156.83034775717547	0.0
156.84034841702479	0.0
156.85034907687412	0.0
156.86034973672346	0.0
156.87035039657277	0.0
156.8803510564221	0.0
156.89035171627145	0.0
156.90035237612076	0.0
156.9103530359701	0.0
156.92035369581944	0.0
156.93035435566875	0.0
156.9403550155181	0.0
156.9503556753674	0.0
156.96035633521674	0.0
156.97035699506608	0.0
156.9803576549154	0.0
156.99035831476473	0.0
157.00035897461407	0.0
157.01035963446338	0.0
157.02036029431272	0.0
157.03036095416203	0.0
157.04036161401137	0.0
157.0503622738607	0.0
157.06036293371002	0.0
157.07036359355936	0.0
157.0803642534087	0.0
157.09036491325801	259.0
157.10036557310735	259.0
157.1103662329567	259.0
157.120366892806	256.0
157.13036755265534	259.0
157.14036821250465	259.0
157.150368872354	262.0
157.16036953220333	268.0
157.17037019205264	272.0
157.18037085190198	272.0
157.19037151175132	268.0
157.20037217160063	268.0
157.21037283144997	268.0
157.22037349129928	268.0
157.23037415114862	268.0
157.24037481099796	272.0
157.25037547084727	272.0
157.2603761306966	272.0
157.27037679054595	272.0
157.28037745039526	272.0
157.2903781102446	272.0
157.30037877009391	272.0
157.31037942994325	272.0
157.3203800897926	268.0
157.3303807496419	268.0
157.34038140949124	268.0
157.35038206934058	268.0
157.3603827291899	268.0
157.37038338903923	268.0
157.38038404888857	268.0
157.39038470873788	268.0
157.40038536858722	268.0
157.41038602843653	268.0
157.42038668828587	268.0
157.4303873481352	272.0
157.44038800798452	272.0
157.45038866783386	268.0
157.4603893276832	268.0
157.4703899875325	268.0
157.48039064738185	272.0
157.49039130723116	272.0
157.5003919670805	272.0
157.51039262692984	272.0
157.52039328677915	272.0
157.5303939466285	272.0
157.54039460647783	272.0
157.55039526632714	272.0
157.56039592617648	268.0
157.5703965860258	268.0
157.58039724587513	265.0
157.59039790572447	265.0
157.60039856557378	262.0
157.61039922542312	259.0
157.62039988527246	256.0
157.63040054512177	250.0
157.6404012049711	248.0
157.65040186482045	242.0
157.66040252466976	239.0
157.6704031845191	234.0
157.6804038443684	231.0
157.69040450421775	228.0
157.7004051640671	226.0
157.7104058239164	223.0
157.72040648376574	226.0
157.73040714361508	228.0
157.7404078034644	231.0
157.75040846331373	236.0
157.76040912316304	248.0
157.77040978301238	256.0
157.78041044286172	272.0
157.79041110271103	288.0
157.80041176256037	298.0
157.8104124224097	301.0
157.82041308225902	305.0
157.83041374210836	298.0
157.84041440195767	288.0
157.850415061807	265.0
157.86041572165635	253.0
157.87041638150566	239.0
157.880417041355	218.0
157.89041770120434	210.0
157.90041836105365	206.0
157.910419020903	203.0
157.92041968075233	203.0
157.93042034060164	206.0
157.94042100045098	208.0
157.9504216603003	215.0
157.96042232014963	220.0
157.97042297999897	231.0
157.98042363984828	236.0
157.99042429969762	242.0
158.00042495954696	245.0
158.01042561939627	245.0
158.0204262792456	245.0
158.03042693909492	242.0
158.04042759894426	239.0
158.0504282587936	234.0
158.0604289186429	231.0
158.07042957849225	226.0
158.0804302383416	223.0
158.0904308981909	223.0
158.10043155804024	223.0
158.11043221788955	226.0
158.1204328777389	231.0
158.13043353758823	234.0
158.14043419743754	236.0
158.15043485728688	239.0
158.16043551713622	239.0
158.17043617698553	239.0
158.18043683683487	239.0
158.1904374966842	236.0
158.20043815653352	231.0
158.21043881638286	228.0
158.22043947623217	223.0
158.2304401360815	220.0
158.24044079593085	220.0
158.25044145578016	220.0
158.2604421156295	223.0
158.27044277547884	228.0
158.28044343532815	231.0
158.2904440951775	234.0
158.3004447550268	236.0
158.31044541487614	236.0
158.32044607472548	239.0
158.3304467345748	242.0
158.34044739442413	242.0
158.35044805427347	242.0
158.36044871412278	239.0
158.37044937397212	236.0
158.38045003382143	231.0
158.39045069367077	228.0
158.4004513535201	223.0
158.41045201336942	218.0
158.42045267321876	213.0
158.4304533330681	208.0
158.4404539929174	203.0
158.45045465276675	201.0
158.4604553126161	196.0
158.4704559724654	196.0
158.48045663231474	196.0
158.49045729216405	199.0
158.5004579520134	203.0
158.51045861186273	210.0
158.52045927171204	215.0
158.53045993156138	223.0
158.54046059141072	231.0
158.55046125126003	236.0
158.56046191110937	242.0
158.57046257095868	245.0
158.58046323080802	245.0
158.59046389065736	245.0
158.60046455050667	239.0
158.610465210356	234.0
158.62046587020535	228.0
158.63046653005466	223.0
158.640467189904	220.0
158.6504678497533	220.0
158.66046850960265	220.0
158.670469169452	223.0
158.6804698293013	226.0
158.69047048915064	231.0
158.70047114899998	239.0
158.7104718088493	248.0
158.72047246869863	253.0
158.73047312854797	262.0
158.74047378839728	275.0
158.75047444824662	281.0
158.76047510809593	281.0
158.77047576794527	278.0
158.7804764277946	272.0
158.79047708764392	262.0
158.80047774749326	256.0
158.8104784073426	250.0
158.8204790671919	245.0
158.83047972704125	236.0
158.84048038689056	228.0
158.8504810467399	223.0
158.86048170658924	220.0
158.87048236643855	218.0
158.8804830262879	215.0
158.89048368613723	218.0
158.90048434598654	223.0
158.91048500583588	228.0
158.9204856656852	236.0
158.93048632553453	245.0
158.94048698538387	256.0
158.95048764523318	265.0
158.96048830508252	275.0
158.97048896493186	278.0
158.98048962478117	281.0
158.9904902846305	278.0
159.00049094447985	272.0
159.01049160432916	262.0
159.0204922641785	256.0
159.0304929240278	250.0
159.04049358387715	239.0
159.0504942437265	228.0
159.0604949035758	223.0
159.07049556342514	220.0
159.08049622327448	220.0
159.0904968831238	223.0
159.10049754297313	226.0
159.11049820282244	228.0
159.12049886267178	228.0
159.13049952252112	228.0
159.14050018237043	228.0
159.15050084221977	228.0
159.1605015020691	228.0
159.17050216191842	228.0
159.18050282176776	228.0
159.1905034816171	228.0
159.2005041414664	228.0
159.21050480131575	226.0
159.22050546116506	226.0
159.2305061210144	226.0
159.24050678086374	226.0
159.25050744071305	226.0
159.2605081005624	226.0
159.27050876041173	226.0
159.28050942026104	226.0
159.29051008011038	228.0
159.3005107399597	228.0
159.31051139980903	231.0
159.32051205965837	231.0
159.33051271950768	234.0
159.34051337935702	236.0
159.35051403920636	239.0
159.36051469905567	239.0
159.370515358905	239.0
159.38051601875432	239.0
159.39051667860366	236.0
159.400517338453	236.0
159.4105179983023	234.0
159.42051865815165	231.0
159.430519318001	228.0
159.4405199778503	226.0
159.45052063769964	226.0
159.46052129754898	226.0
159.4705219573983	226.0
159.48052261724763	226.0
159.49052327709694	226.0
159.50052393694628	226.0
159.51052459679562	226.0
159.52052525664493	226.0
159.53052591649427	226.0
159.5405265763436	226.0
159.55052723619292	226.0
159.56052789604226	228.0
159.57052855589157	228.0
159.5805292157409	228.0
159.59052987559025	228.0
159.60053053543956	228.0
159.6105311952889	228.0
159.62053185513824	228.0
159.63053251498755	228.0
159.6405331748369	228.0
159.6505338346862	228.0
159.66053449453554	231.0
159.67053515438488	234.0
159.6805358142342	236.0
159.69053647408353	236.0
159.70053713393287	239.0
159.71053779378218	239.0
159.72053845363152	239.0
159.73053911348086	239.0
159.74053977333017	236.0
159.7505404331795	234.0
159.76054109302882	228.0
159.77054175287816	228.0
159.7805424127275	226.0
159.7905430725768	226.0
159.80054373242615	226.0
159.8105443922755	226.0
159.8205450521248	226.0
159.83054571197414	226.0
159.84054637182345	228.0
159.8505470316728	228.0
159.86054769152213	228.0
159.87054835137144	226.0
159.88054901122078	226.0
159.89054967107012	226.0
159.90055033091943	226.0
159.91055099076877	226.0
159.92055165061808	226.0
159.93055231046742	226.0
159.94055297031676	226.0
159.95055363016607	226.0
159.9605542900154	226.0
159.97055494986475	228.0
159.98055560971406	228.0
159.9905562695634	231.0
160.00055692941274	236.0
160.01055758926205	239.0
160.0205582491114	239.0
160.0305589089607	242.0
160.04055956881004	242.0
160.05056022865938	239.0
160.0605608885087	236.0
160.07056154835803	234.0
160.08056220820737	231.0
160.09056286805668	228.0
160.10056352790602	228.0
160.11056418775533	226.0
160.12056484760467	226.0
160.130565507454	226.0
160.14056616730332	226.0
160.15056682715266	226.0
160.160567487002	226.0
160.1705681468513	226.0
160.18056880670065	226.0
160.19056946654996	226.0
160.2005701263993	226.0
160.21057078624864	226.0
160.22057144609795	226.0
160.2305721059473	226.0
160.24057276579663	228.0
160.25057342564594	228.0
160.26057408549528	231.0
160.27057474534462	231.0
160.28057540519393	234.0
160.29057606504327	236.0
160.30057672489258	239.0
160.31057738474192	239.0
160.32057804459126	239.0
160.33057870444057	239.0
160.3405793642899	236.0
160.35058002413925	234.0
160.36058068398856	231.0
160.3705813438379	228.0
160.3805820036872	226.0
160.39058266353655	226.0
160.4005833233859	226.0
160.4105839832352	226.0
160.42058464308454	226.0
160.43058530293388	226.0
160.4405859627832	226.0
160.45058662263253	226.0
160.46058728248184	226.0
160.47058794233118	226.0
160.48058860218052	226.0
160.49058926202983	226.0
160.50058992187917	228.0
160.5105905817285	228.0
160.52059124157782	231.0
160.53059190142716	234.0
160.5405925612765	236.0
160.5505932211258	242.0
160.56059388097515	242.0
160.57059454082446	242.0
160.5805952006738	242.0
160.59059586052314	239.0
160.60059652037245	236.0
160.6105971802218	231.0
160.62059784007113	228.0
160.63059849992044	226.0
160.64059915976978	220.0
160.6505998196191	215.0
160.66060047946843	210.0
160.67060113931777	206.0
160.68060179916708	206.0
160.69060245901642	208.0
160.70060311886576	0.0
160.71060377871507	0.0
160.7206044385644	0.0
160.73060509841372	0.0
160.74060575826306	0.0
160.7506064181124	0.0
160.7606070779617	0.0
160.77060773781105	0.0
160.7806083976604	0.0
160.7906090575097	0.0
160.80060971735904	0.0
160.81061037720838	0.0
160.8206110370577	0.0
160.83061169690703	0.0
160.84061235675634	0.0
160.85061301660568	0.0
160.86061367645502	0.0
160.87061433630433	0.0
160.88061499615367	0.0
160.890615656003	0.0
160.90061631585232	0.0
160.91061697570166	0.0
160.92061763555097	0.0
160.9306182954003	0.0
160.94061895524965	0.0
160.95061961509896	0.0
160.9606202749483	0.0
160.97062093479764	0.0
160.98062159464695	0.0
160.9906222544963	0.0
161.00062291434563	0.0
161.01062357419494	0.0
161.02062423404428	0.0
161.0306248938936	0.0
161.04062555374293	0.0
161.05062621359227	0.0
161.06062687344158	0.0
161.07062753329092	0.0
161.08062819314026	0.0
161.09062885298957	0.0
161.1006295128389	0.0
161.11063017268822	0.0
161.12063083253756	0.0
161.1306314923869	0.0
161.1406321522362	0.0
161.15063281208555	0.0
161.1606334719349	0.0
161.1706341317842	0.0
161.18063479163354	0.0
161.19063545148285	0.0
161.2006361113322	0.0
161.21063677118153	0.0
161.22063743103084	0.0
161.23063809088018	0.0
161.24063875072952	0.0
161.25063941057883	0.0
161.26064007042817	0.0
161.2706407302775	0.0
161.28064139012682	0.0
161.29064204997616	0.0
161.30064270982547	0.0
161.3106433696748	0.0
161.32064402952415	0.0
161.33064468937346	0.0
161.3406453492228	0.0
161.35064600907214	0.0
161.36064666892145	0.0
161.3706473287708	0.0
161.3806479886201	0.0
161.39064864846944	0.0
161.40064930831878	0.0
161.4106499681681	0.0
161.42065062801743	0.0
161.43065128786677	0.0
161.44065194771608	0.0
161.45065260756542	0.0
161.46065326741473	0.0
161.47065392726407	0.0
161.4806545871134	0.0
161.49065524696272	0.0
161.50065590681206	0.0
161.5106565666614	0.0
161.5206572265107	0.0
161.53065788636005	0.0
161.5406585462094	0.0
161.5506592060587	0.0
161.56065986590804	0.0
161.57066052575735	0.0
161.5806611856067	0.0
161.59066184545603	0.0
161.60066250530534	0.0
161.61066316515468	0.0
161.62066382500402	0.0
161.63066448485333	0.0
161.64066514470267	0.0
161.65066580455198	0.0
161.66066646440132	0.0
161.67066712425066	0.0
161.68066778409997	0.0
161.6906684439493	0.0
161.70066910379865	0.0
161.71066976364796	0.0
161.7206704234973	0.0
161.7306710833466	0.0
161.74067174319595	0.0
161.7506724030453	0.0
161.7606730628946	0.0
161.77067372274394	0.0
161.78067438259328	0.0
161.7906750424426	0.0
161.80067570229193	0.0
161.81067636214127	0.0
161.82067702199058	0.0
161.83067768183992	0.0
161.84067834168923	0.0
161.85067900153857	0.0
161.8606796613879	0.0
161.87068032123722	0.0
161.88068098108656	0.0
161.8906816409359	0.0
161.9006823007852	0.0
161.91068296063455	0.0
161.92068362048386	0.0
161.9306842803332	0.0
161.94068494018254	0.0
161.95068560003185	0.0
161.9606862598812	0.0
161.97068691973053	0.0
161.98068757957984	0.0
161.99068823942918	0.0
162.0006888992785	0.0
162.01068955912783	0.0
162.02069021897717	0.0
162.03069087882648	0.0
162.04069153867582	0.0
162.05069219852516	0.0
162.06069285837447	0.0
162.0706935182238	0.0
162.08069417807314	0.0
162.09069483792246	0.0
162.1006954977718	0.0
162.1106961576211	0.0
162.12069681747045	0.0
162.13069747731979	0.0
162.1406981371691	0.0
162.15069879701844	0.0
162.16069945686777	0.0
162.1707001167171	0.0
162.18070077656643	0.0
162.19070143641574	0.0
162.20070209626508	0.0
162.21070275611442	0.0
162.22070341596373	0.0
162.23070407581307	0.0
162.2407047356624	0.0
162.25070539551172	0.0
162.26070605536106	0.0
162.27070671521037	0.0
162.2807073750597	0.0
162.29070803490904	0.0
162.30070869475836	0.0
162.3107093546077	0.0
162.32071001445703	0.0
162.33071067430635	0.0
162.34071133415569	0.0
162.35071199400502	0.0
162.36071265385434	0.0
162.37071331370367	0.0
162.380713973553	0.0
162.39071463340233	0.0
162.40071529325166	0.0
162.41071595310098	0.0
162.42071661295032	0.0
162.43071727279965	0.0
162.44071793264897	0.0
162.4507185924983	0.0
162.46071925234762	0.0
162.47071991219696	0.0
162.4807205720463	0.0
162.4907212318956	0.0
162.50072189174494	0.0
162.51072255159428	0.0
162.5207232114436	0.0
162.53072387129293	0.0
162.54072453114225	0.0
162.55072519099159	0.0
162.56072585084092	0.0
162.57072651069024	0.0
162.58072717053957	0.0
162.59072783038891	0.0
162.60072849023823	0.0
162.61072915008756	0.0
162.6207298099369	0.0
162.63073046978622	0.0
162.64073112963555	0.0
162.65073178948487	239.0
162.6607324493342	242.0
162.67073310918354	245.0
162.68073376903286	245.0
162.6907344288822	242.0
162.70073508873153	242.0
162.71073574858084	239.0
162.72073640843018	236.0
162.7307370682795	234.0
162.74073772812883	231.0
162.75073838797817	231.0
162.76073904782749	228.0
162.77073970767682	226.0
162.78074036752616	223.0
162.79074102737547	223.0
162.80074168722481	223.0
162.81074234707413	226.0
162.82074300692346	228.0
162.8307436667728	231.0
162.84074432662212	236.0
162.85074498647145	239.0
162.8607456463208	245.0
162.8707463061701	248.0
162.88074696601944	250.0
162.89074762586878	250.0
162.9007482857181	250.0
162.91074894556743	248.0
162.92074960541674	242.0
162.93075026526608	236.0
162.94075092511542	231.0
162.95075158496473	226.0
162.96075224481407	223.0
162.9707529046634	223.0
162.98075356451272	226.0
162.99075422436206	228.0
163.00075488421137	234.0
163.01075554406071	239.0
163.02075620391005	242.0
163.03075686375936	245.0
163.0407575236087	248.0
163.05075818345804	250.0
163.06075884330735	248.0
163.0707595031567	248.0
163.08076016300603	242.0
163.09076082285534	239.0
163.10076148270468	231.0
163.110762142554	226.0
163.12076280240333	215.0
163.13076346225267	208.0
163.14076412210198	203.0
163.15076478195132	203.0
163.16076544180066	203.0
163.17076610164997	203.0
163.1807667614993	203.0
163.19076742134862	206.0
163.20076808119796	206.0
163.2107687410473	206.0
163.22076940089661	203.0
163.23077006074595	201.0
163.2407707205953	201.0
163.2507713804446	201.0
163.26077204029394	203.0
163.27077270014325	213.0
163.2807733599926	226.0
163.29077401984193	245.0
163.30077467969124	259.0
163.31077533954058	275.0
163.32077599938992	284.0
163.33077665923923	291.0
163.34077731908857	294.0
163.3507779789379	288.0
163.36077863878722	278.0
163.37077929863656	259.0
163.38077995848587	245.0
163.3907806183352	223.0
163.40078127818455	213.0
163.41078193803386	210.0
163.4207825978832	213.0
163.43078325773254	215.0
163.44078391758185	223.0
163.4507845774312	231.0
163.4607852372805	239.0
163.47078589712984	245.0
163.48078655697918	248.0
163.4907872168285	248.0
163.50078787667783	248.0
163.51078853652717	242.0
163.52078919637648	234.0
163.53078985622582	223.0
163.54079051607513	213.0
163.55079117592447	203.0
163.5607918357738	201.0
163.57079249562312	199.0
163.58079315547246	201.0
163.5907938153218	201.0
163.6007944751711	203.0
163.61079513502045	203.0
163.6207957948698	203.0
163.6307964547191	203.0
163.64079711456844	203.0
163.65079777441775	203.0
163.6607984342671	203.0
163.67079909411643	201.0
163.68079975396574	201.0
163.69080041381508	199.0
163.70080107366442	199.0
163.71080173351373	196.0
163.72080239336307	194.0
163.73080305321238	194.0
163.74080371306172	192.0
163.75080437291106	192.0
163.76080503276037	190.0
163.7708056926097	190.0
163.78080635245905	187.0
163.79080701230836	187.0
163.8008076721577	185.0
163.810808332007	183.0
163.82080899185635	183.0
163.8308096517057	181.0
163.840810311555	179.0
163.85081097140434	177.0
163.86081163125368	175.0
163.870812291103	173.0
163.88081295095233	171.0
163.89081361080167	171.0
163.90081427065098	169.0
163.91081493050032	169.0
163.92081559034963	169.0
163.93081625019897	167.0
163.9408169100483	167.0
163.95081756989762	167.0
163.96081822974696	167.0
163.9708188895963	167.0
163.9808195494456	167.0
163.99082020929495	167.0
164.00082086914426	167.0
164.0108215289936	167.0
164.02082218884294	167.0
164.03082284869225	167.0
164.0408235085416	167.0
164.05082416839093	165.0
164.06082482824024	165.0
164.07082548808958	165.0
164.0808261479389	163.0
164.09082680778823	163.0
164.10082746763757	163.0
164.11082812748688	163.0
164.12082878733622	165.0
164.13082944718556	165.0
164.14083010703487	165.0
164.1508307668842	167.0
164.16083142673355	169.0
164.17083208658286	175.0
164.1808327464322	179.0
164.1908334062815	181.0
164.20083406613085	183.0
164.2108347259802	183.0
164.2208353858295	183.0
164.23083604567884	181.0
164.24083670552818	179.0
164.2508373653775	175.0
164.26083802522683	173.0
164.27083868507614	171.0
164.28083934492548	169.0
164.29084000477482	169.0
164.30084066462413	167.0
164.31084132447347	167.0
164.3208419843228	167.0
164.33084264417212	167.0
164.34084330402146	167.0
164.35084396387077	167.0
164.3608446237201	167.0
164.37084528356945	167.0
164.38084594341876	167.0
164.3908466032681	167.0
164.40084726311744	167.0
164.41084792296675	167.0
164.4208485828161	169.0
164.43084924266543	169.0
164.44084990251474	171.0
164.45085056236408	175.0
164.4608512222134	177.0
164.47085188206273	181.0
164.48085254191207	183.0
164.49085320176138	185.0
164.50085386161072	185.0
164.51085452146006	185.0
164.52085518130937	183.0
164.5308558411587	181.0
164.54085650100802	179.0
164.55085716085736	177.0
164.5608578207067	177.0
164.570858480556	175.0
164.58085914040535	175.0
164.5908598002547	173.0
164.600860460104	173.0
164.61086111995334	173.0
164.62086177980265	173.0
164.630862439652	171.0
164.64086309950133	171.0
164.65086375935064	169.0
164.66086441919998	167.0
164.67086507904932	165.0
164.68086573889863	165.0
164.69086639874797	163.0
164.7008670585973	165.0
164.71086771844662	165.0
164.72086837829596	165.0
164.73086903814527	167.0
164.7408696979946	165.0
164.75087035784395	163.0
164.76087101769326	161.0
164.7708716775426	0.0
164.78087233739194	0.0
164.79087299724125	0.0
164.8008736570906	0.0
164.8108743169399	0.0
164.82087497678924	0.0
164.83087563663858	0.0
164.8408762964879	0.0
164.85087695633723	0.0
164.86087761618657	0.0
164.87087827603588	0.0
164.88087893588522	0.0
164.89087959573456	0.0
164.90088025558387	0.0
164.9108809154332	0.0
164.92088157528252	0.0
164.93088223513186	0.0
164.9408828949812	0.0
164.9508835548305	0.0
164.96088421467985	0.0
164.9708848745292	0.0
164.9808855343785	0.0
164.99088619422784	0.0
165.00088685407715	0.0
165.0108875139265	0.0
165.02088817377583	0.0
165.03088883362514	0.0
165.04088949347448	0.0
165.05089015332382	0.0
165.06089081317313	0.0
165.07089147302247	0.0
165.08089213287178	0.0
165.09089279272112	0.0
165.10089345257046	0.0
165.11089411241977	0.0
165.1208947722691	0.0
165.13089543211845	0.0
165.14089609196776	0.0
165.1508967518171	0.0
165.16089741166644	0.0
165.17089807151575	0.0
165.1808987313651	0.0
165.1908993912144	0.0
165.20090005106374	0.0
165.21090071091308	0.0
165.2209013707624	250.0
165.23090203061173	250.0
165.24090269046107	248.0
165.25090335031038	245.0
165.26090401015972	242.0
165.27090467000903	239.0
165.28090532985837	236.0
165.2909059897077	231.0
165.30090664955702	228.0
165.31090730940636	226.0
165.3209079692557	223.0
165.330908629105	220.0
165.34090928895435	220.0
165.35090994880366	223.0
165.360910608653	226.0
165.37091126850234	228.0
165.38091192835165	231.0
165.390912588201	234.0
165.40091324805033	239.0
165.41091390789964	242.0
165.42091456774898	245.0
165.43091522759832	245.0
165.44091588744763	242.0
165.45091654729697	236.0
165.46091720714628	234.0
165.47091786699562	228.0
165.48091852684496	226.0
165.49091918669427	220.0
165.5009198465436	215.0
165.51092050639295	213.0
165.52092116624226	208.0
165.5309218260916	206.0
165.5409224859409	203.0
165.55092314579025	199.0
165.5609238056396	196.0
165.5709244654889	194.0
165.58092512533824	192.0
165.59092578518758	190.0
165.6009264450369	190.0
165.61092710488623	187.0
165.62092776473554	187.0
165.63092842458488	185.0
165.64092908443422	183.0
165.65092974428353	181.0
165.66093040413287	179.0
165.6709310639822	177.0
165.68093172383152	175.0
165.69093238368086	173.0
165.7009330435302	171.0
165.7109337033795	171.0
165.72093436322885	169.0
165.73093502307816	167.0
165.7409356829275	165.0
165.75093634277684	165.0
165.76093700262615	165.0
165.7709376624755	167.0
165.78093832232483	167.0
165.79093898217414	169.0
165.80093964202348	169.0
165.8109403018728	169.0
165.82094096172213	169.0
165.83094162157147	169.0
165.84094228142078	171.0
165.85094294127012	171.0
165.86094360111946	173.0
165.87094426096877	175.0
165.8809449208181	175.0
165.89094558066742	177.0
165.90094624051676	179.0
165.9109469003661	181.0
165.9209475602154	181.0
165.93094822006475	181.0
165.9409488799141	181.0
165.9509495397634	179.0
165.96095019961274	177.0
165.97095085946208	175.0
165.9809515193114	173.0
165.99095217916073	171.0
166.00095283901004	171.0
166.01095349885938	169.0
166.02095415870872	169.0
166.03095481855803	169.0
166.04095547840737	169.0
166.0509561382567	169.0
166.06095679810602	169.0
166.07095745795536	169.0
166.08095811780467	169.0
166.090958777654	167.0
166.10095943750335	167.0
166.11096009735266	167.0
166.120960757202	169.0
166.13096141705134	169.0
166.14096207690065	173.0
166.15096273675	175.0
166.1609633965993	179.0
166.17096405644864	183.0
166.18096471629798	187.0
166.1909653761473	190.0
166.20096603599663	192.0
166.21096669584597	192.0
166.22096735569528	192.0
166.23096801554462	192.0
166.24096867539396	192.0
166.25096933524327	192.0
166.2609699950926	194.0
166.27097065494192	194.0
166.28097131479126	194.0
166.2909719746406	194.0
166.3009726344899	194.0
166.31097329433925	194.0
166.3209739541886	194.0
166.3309746140379	194.0
166.34097527388724	194.0
166.35097593373655	196.0
166.3609765935859	196.0
166.37097725343523	199.0
166.38097791328454	201.0
166.39097857313388	201.0
166.40097923298322	201.0
166.41097989283253	201.0
166.42098055268187	201.0
166.43098121253118	201.0
166.44098187238052	201.0
166.45098253222986	201.0
166.46098319207917	201.0
166.4709838519285	201.0
166.48098451177785	201.0
166.49098517162716	203.0
166.5009858314765	203.0
166.51098649132584	201.0
166.52098715117515	201.0
166.5309878110245	201.0
166.5409884708738	201.0
166.55098913072314	201.0
166.56098979057248	201.0
166.5709904504218	201.0
166.58099111027113	201.0
166.59099177012047	201.0
166.60099242996978	201.0
166.61099308981912	201.0
166.62099374966843	201.0
166.63099440951777	201.0
166.6409950693671	201.0
166.65099572921642	201.0
166.66099638906576	201.0
166.6709970489151	201.0
166.6809977087644	201.0
166.69099836861375	201.0
166.70099902846306	201.0
166.7109996883124	201.0
166.72100034816174	201.0
166.73100100801105	201.0
166.7410016678604	203.0
166.75100232770973	203.0
166.76100298755904	201.0
166.77100364740838	201.0
166.78100430725772	201.0
166.79100496710703	201.0
166.80100562695637	201.0
166.81100628680568	201.0
166.82100694665502	201.0
166.83100760650436	201.0
166.84100826635367	201.0
166.851008926203	201.0
166.86100958605235	201.0
166.87101024590166	201.0
166.881010905751	201.0
166.8910115656003	201.0
166.90101222544965	201.0
166.911012885299	201.0
166.9210135451483	201.0
166.93101420499764	201.0
166.94101486484698	201.0
166.9510155246963	201.0
166.96101618454563	201.0
166.97101684439497	201.0
166.98101750424428	201.0
166.99101816409362	201.0
167.00101882394293	201.0
167.01101948379227	201.0
167.0210201436416	201.0
167.03102080349092	201.0
167.04102146334026	201.0
167.0510221231896	201.0
167.0610227830389	201.0
167.07102344288825	201.0
167.08102410273756	201.0
167.0910247625869	201.0
167.10102542243624	201.0
167.11102608228555	201.0
167.1210267421349	201.0
167.13102740198423	201.0
167.14102806183354	201.0
167.15102872168288	201.0
167.1610293815322	201.0
167.17103004138153	201.0
167.18103070123087	201.0
167.19103136108018	201.0
167.20103202092952	201.0
167.21103268077886	201.0
167.22103334062817	201.0
167.2310340004775	201.0
167.24103466032685	201.0
167.25103532017616	201.0
167.2610359800255	199.0
167.2710366398748	199.0
167.28103729972415	199.0
167.2910379595735	199.0
167.3010386194228	201.0
167.31103927927214	201.0
167.32103993912148	201.0
167.3310405989708	201.0
167.34104125882013	201.0
167.35104191866944	201.0
167.36104257851878	201.0
167.37104323836812	201.0
167.38104389821743	201.0
167.39104455806677	201.0
167.4010452179161	201.0
167.41104587776542	201.0
167.42104653761476	201.0
167.43104719746407	201.0
167.4410478573134	201.0
167.45104851716275	201.0
167.46104917701206	201.0
167.4710498368614	201.0
167.48105049671074	201.0
167.49105115656005	201.0
167.5010518164094	201.0
167.51105247625873	201.0
167.52105313610804	201.0
167.53105379595738	201.0
167.5410544558067	201.0
167.55105511565603	201.0
167.56105577550537	201.0
167.57105643535468	201.0
167.58105709520402	201.0
167.59105775505336	201.0
167.60105841490267	201.0
167.611059074752	201.0
167.62105973460132	201.0
167.63106039445066	201.0
167.6410610543	201.0
167.6510617141493	201.0
167.66106237399865	201.0
167.671063033848	201.0
167.6810636936973	201.0
167.69106435354664	201.0
167.70106501339595	201.0
167.7110656732453	201.0
167.72106633309463	201.0
167.73106699294394	201.0
167.74106765279328	201.0
167.75106831264262	201.0
167.76106897249193	201.0
167.77106963234127	201.0
167.7810702921906	201.0
167.79107095203992	201.0
167.80107161188926	203.0
167.81107227173857	203.0
167.8210729315879	203.0
167.83107359143725	203.0
167.84107425128656	203.0
167.8510749111359	203.0
167.86107557098524	203.0
167.87107623083455	203.0
167.8810768906839	203.0
167.8910775505332	203.0
167.90107821038254	203.0
167.91107887023188	203.0
167.9210795300812	203.0
167.93108018993053	203.0
167.94108084977987	203.0
167.95108150962918	203.0
167.96108216947852	203.0
167.97108282932783	203.0
167.98108348917717	203.0
167.9910841490265	203.0
168.00108480887582	203.0
168.01108546872516	203.0
168.0210861285745	203.0
168.0310867884238	203.0
168.04108744827315	203.0
168.05108810812249	203.0
168.0610887679718	203.0
168.07108942782114	203.0
168.08109008767045	201.0
168.0910907475198	201.0
168.10109140736913	201.0
168.11109206721844	201.0
168.12109272706778	201.0
168.13109338691712	201.0
168.14109404676643	201.0
168.15109470661577	203.0
168.16109536646508	203.0
168.17109602631442	203.0
168.18109668616376	203.0
168.19109734601307	203.0
168.2010980058624	203.0
168.21109866571175	203.0
168.22109932556106	203.0
168.2310999854104	203.0
168.2411006452597	201.0
168.25110130510905	201.0
168.26110196495839	201.0
168.2711026248077	201.0
168.28110328465704	201.0
168.29110394450638	201.0
168.3011046043557	201.0
168.31110526420503	201.0
168.32110592405436	201.0
168.33110658390368	201.0
168.34110724375302	201.0
168.35110790360233	201.0
168.36110856345167	201.0
168.371109223301	201.0
168.38110988315032	201.0
168.39111054299966	201.0
168.401111202849	201.0
168.4111118626983	201.0
168.42111252254765	203.0
168.43111318239696	203.0
168.4411138422463	203.0
168.45111450209563	203.0
168.46111516194495	203.0
168.47111582179429	203.0
168.48111648164362	203.0
168.49111714149294	203.0
168.50111780134228	203.0
168.5111184611916	203.0
168.52111912104093	203.0
168.53111978089026	201.0
168.54112044073958	199.0
168.55112110058892	194.0
168.56112176043825	187.0
168.57112242028757	179.0
168.5811230801369	0.0
168.59112373998624	0.0
168.60112439983556	0.0
168.6111250596849	0.0
168.6211257195342	0.0
168.63112637938355	0.0
168.64112703923288	0.0
168.6511276990822	0.0
168.66112835893153	0.0
168.67112901878087	0.0
168.68112967863019	0.0
168.69113033847952	0.0
168.70113099832884	0.0
168.71113165817818	0.0
168.72113231802751	0.0
168.73113297787683	0.0
168.74113363772616	0.0
168.7511342975755	0.0
168.76113495742482	0.0
168.77113561727415	0.0
168.7811362771235	0.0
168.7911369369728	0.0
168.80113759682214	0.0
168.81113825667146	0.0
168.8211389165208	0.0
168.83113957637013	0.0
168.84114023621945	0.0
168.85114089606878	0.0
168.86114155591812	0.0
168.87114221576743	0.0
168.88114287561677	0.0
168.89114353546609	0.0
168.90114419531542	0.0
168.91114485516476	0.0
168.92114551501408	0.0
168.93114617486341	0.0
168.94114683471275	0.0
168.95114749456206	0.0
168.9611481544114	0.0
168.97114881426072	0.0
168.98114947411005	0.0
168.9911501339594	0.0
169.0011507938087	0.0
169.01115145365804	0.0
169.02115211350738	0.0
169.0311527733567	0.0
169.04115343320603	0.0
169.05115409305537	0.0
169.06115475290468	0.0
169.07115541275402	0.0
169.08115607260333	0.0
169.09115673245267	0.0
169.101157392302	0.0
169.11115805215132	0.0
169.12115871200066	0.0
169.13115937185	0.0
169.14116003169931	0.0
169.15116069154865	0.0
169.16116135139796	0.0
169.1711620112473	0.0
169.18116267109664	0.0
169.19116333094595	0.0
169.2011639907953	0.0
169.21116465064463	0.0
169.22116531049394	0.0
169.23116597034328	0.0
169.2411666301926	0.0
169.25116729004193	0.0
169.26116794989127	0.0
169.27116860974058	0.0
169.28116926958992	272.0
169.29116992943926	275.0
169.30117058928857	275.0
169.3111712491379	278.0
169.32117190898725	278.0
169.33117256883656	278.0
169.3411732286859	278.0
169.35117388853521	278.0
169.36117454838455	278.0
169.3711752082339	275.0
169.3811758680832	275.0
169.39117652793254	275.0
169.40117718778188	278.0
169.4111778476312	281.0
169.42117850748053	284.0
169.43117916732984	288.0
169.44117982717918	291.0
169.45118048702852	288.0
169.46118114687783	288.0
169.47118180672717	284.0
169.4811824665765	284.0
169.49118312642582	281.0
169.50118378627516	281.0
169.51118444612447	281.0
169.5211851059738	278.0
169.53118576582315	278.0
169.54118642567246	275.0
169.5511870855218	272.0
169.56118774537114	268.0
169.57118840522045	268.0
169.5811890650698	265.0
169.59118972491913	265.0
169.60119038476844	265.0
169.61119104461778	262.0
169.6211917044671	262.0
169.63119236431643	262.0
169.64119302416577	262.0
169.65119368401508	262.0
169.66119434386442	265.0
169.67119500371376	268.0
169.68119566356307	272.0
169.6911963234124	272.0
169.70119698326172	275.0
169.71119764311106	275.0
169.7211983029604	275.0
169.7311989628097	275.0
169.74119962265905	272.0
169.7512002825084	272.0
169.7612009423577	268.0
169.77120160220704	268.0
169.78120226205635	268.0
169.7912029219057	268.0
169.80120358175503	268.0
169.81120424160434	272.0
169.82120490145368	272.0
169.83120556130302	275.0
169.84120622115233	275.0
169.85120688100167	272.0
169.861207540851	272.0
169.87120820070032	268.0
169.88120886054966	268.0
169.89120952039897	265.0
169.9012101802483	262.0
169.91121084009765	256.0
169.92121149994696	250.0
169.9312121597963	245.0
169.94121281964564	236.0
169.95121347949495	231.0
169.9612141393443	231.0
169.9712147991936	234.0
169.98121545904294	242.0
169.99121611889228	250.0
170.0012167787416	265.0
170.01121743859093	308.0
170.02121809844027	334.0
170.03121875828958	354.0
170.04121941813892	367.0
170.05122007798823	371.0
170.06122073783757	371.0
170.0712213976869	371.0
170.08122205753622	371.0
170.09122271738556	363.0
170.1012233772349	358.0
170.1112240370842	350.0
170.12122469693355	342.0
170.1312253567829	338.0
170.1412260166322	338.0
170.15122667648154	334.0
170.16122733633085	338.0
170.1712279961802	338.0
170.18122865602953	338.0
170.19122931587884	338.0
170.20122997572818	338.0
170.21123063557752	338.0
170.22123129542683	338.0
170.23123195527617	338.0
170.24123261512548	338.0
170.25123327497482	338.0
170.26123393482416	338.0
170.27123459467347	338.0
170.2812352545228	342.0
170.29123591437215	346.0
170.30123657422146	354.0
170.3112372340708	363.0
170.3212378939201	367.0
170.33123855376945	371.0
170.3412392136188	375.0
170.3512398734681	380.0
170.36124053331744	380.0
170.37124119316678	375.0
170.3812418530161	371.0
170.39124251286543	363.0
170.40124317271477	350.0
170.41124383256408	342.0
170.42124449241342	331.0
170.43124515226273	316.0
170.44124581211207	305.0
170.4512464719614	294.0
170.46124713181072	284.0
170.47124779166006	275.0
170.4812484515094	268.0
170.4912491113587	265.0
170.50124977120805	265.0
170.51125043105736	265.0
170.5212510909067	265.0
170.53125175075604	265.0
170.54125241060535	262.0
170.5512530704547	259.0
170.56125373030403	253.0
170.57125439015334	248.0
170.58125505000268	239.0
170.591255709852	231.0
170.60125636970133	228.0
170.61125702955067	226.0
170.62125768939998	226.0
170.63125834924932	226.0
170.64125900909866	228.0
170.65125966894797	234.0
170.6612603287973	248.0
170.67126098864665	256.0
170.68126164849596	259.0
170.6912623083453	259.0
170.7012629681946	259.0
170.71126362804395	259.0
170.7212642878933	259.0
170.7312649477426	259.0
170.74126560759194	259.0
170.75126626744128	262.0
170.7612669272906	262.0
170.77126758713993	262.0
170.78126824698924	262.0
170.79126890683858	262.0
170.80126956668792	265.0
170.81127022653723	265.0
170.82127088638657	265.0
170.8312715462359	265.0
170.84127220608522	265.0
170.85127286593456	265.0
170.8612735257839	265.0
170.8712741856332	265.0
170.88127484548255	265.0
170.89127550533186	265.0
170.9012761651812	265.0
170.91127682503054	265.0
170.92127748487985	265.0
170.9312781447292	265.0
170.94127880457853	265.0
170.95127946442784	265.0
170.96128012427718	265.0
170.9712807841265	268.0
170.98128144397583	268.0
170.99128210382517	268.0
171.00128276367448	272.0
171.01128342352382	272.0
171.02128408337316	272.0
171.03128474322247	268.0
171.0412854030718	268.0
171.05128606292112	268.0
171.06128672277046	268.0
171.0712873826198	265.0
171.0812880424691	265.0
171.09128870231845	262.0
171.1012893621678	262.0
171.1112900220171	265.0
171.12129068186644	268.0
171.13129134171578	275.0
171.1412920015651	288.0
171.15129266141443	308.0
171.16129332126374	319.0
171.17129398111308	334.0
171.18129464096242	358.0
171.19129530081173	380.0
171.20129596066107	398.0
171.2112966205104	407.0
171.22129728035972	412.0
171.23129794020906	412.0
171.24129860005837	412.0
171.2512992599077	402.0
171.26129991975705	389.0
171.27130057960636	375.0
171.2813012394557	367.0
171.29130189930504	363.0
171.30130255915435	358.0
171.3113032190037	354.0
171.321303878853	350.0
171.33130453870234	342.0
171.34130519855168	338.0
171.351305858401	338.0
171.36130651825033	334.0
171.37130717809967	334.0
171.38130783794898	334.0
171.39130849779832	334.0
171.40130915764766	334.0
171.41130981749697	334.0
171.4213104773463	334.0
171.43131113719562	334.0
171.44131179704496	334.0
171.4513124568943	334.0
171.4613131167436	334.0
171.47131377659295	334.0
171.4813144364423	334.0
171.4913150962916	334.0
171.50131575614094	334.0
171.51131641599025	334.0
171.5213170758396	334.0
171.53131773568893	334.0
171.54131839553824	334.0
171.55131905538758	334.0
171.56131971523692	331.0
171.57132037508623	331.0
171.58132103493557	331.0
171.59132169478488	331.0
171.60132235463422	331.0
171.61132301448356	331.0
171.62132367433287	331.0
171.6313243341822	331.0
171.64132499403155	334.0
171.65132565388086	338.0
171.6613263137302	342.0
171.67132697357954	350.0
171.68132763342885	354.0
171.6913282932782	358.0
171.7013289531275	363.0
171.71132961297684	363.0
171.72133027282618	363.0
171.7313309326755	363.0
171.74133159252483	358.0
171.75133225237417	350.0
171.76133291222348	346.0
171.77133357207282	342.0
171.78133423192213	338.0
171.79133489177147	338.0
171.8013355516208	338.0
171.81133621147012	338.0
171.82133687131946	338.0
171.8313375311688	338.0
171.8413381910181	338.0
171.85133885086745	338.0
171.86133951071676	338.0
171.8713401705661	338.0
171.88134083041544	338.0
171.89134149026475	338.0
171.9013421501141	338.0
171.91134280996343	338.0
171.92134346981274	338.0
171.93134412966208	338.0
171.94134478951142	338.0
171.95134544936073	338.0
171.96134610921007	338.0
171.97134676905938	342.0
171.98134742890872	346.0
171.99134808875806	354.0
172.00134874860737	358.0
172.0113494084567	363.0
172.02135006830605	367.0
172.03135072815536	367.0
172.0413513880047	367.0
172.051352047854	363.0
172.06135270770335	358.0
172.0713533675527	354.0
172.081354027402	354.0
172.09135468725134	350.0
172.10135534710068	346.0
172.11135600695	346.0
172.12135666679933	346.0
172.13135732664864	342.0
172.14135798649798	342.0
172.15135864634732	342.0
172.16135930619663	342.0
172.17135996604597	342.0
172.1813606258953	342.0
172.19136128574462	342.0
172.20136194559396	338.0
172.2113626054433	338.0
172.2213632652926	338.0
172.23136392514195	338.0
172.24136458499126	338.0
172.2513652448406	338.0
172.26136590468994	338.0
172.27136656453925	342.0
172.2813672243886	346.0
172.29136788423793	346.0
172.30136854408724	350.0
172.31136920393658	358.0
172.3213698637859	363.0
172.33137052363523	363.0
172.34137118348457	367.0
172.35137184333388	371.0
172.36137250318322	371.0
172.37137316303256	367.0
172.38137382288187	363.0
172.3913744827312	358.0
172.40137514258052	354.0
172.41137580242986	350.0
172.4213764622792	350.0
172.4313771221285	346.0
172.44137778197785	342.0
172.4513784418272	342.0
172.4613791016765	342.0
172.47137976152584	338.0
172.48138042137518	338.0
172.4913810812245	338.0
172.50138174107383	338.0
172.51138240092314	338.0
172.52138306077248	338.0
172.53138372062182	334.0
172.54138438047113	334.0
172.55138504032047	334.0
172.5613857001698	338.0
172.57138636001912	338.0
172.58138701986846	342.0
172.59138767971777	350.0
172.6013883395671	354.0
172.61138899941645	358.0
172.62138965926576	371.0
172.6313903191151	384.0
172.64139097896444	402.0
172.65139163881375	412.0
172.6613922986631	417.0
172.67139295851243	417.0
172.68139361836174	412.0
172.69139427821108	407.0
172.7013949380604	393.0
172.71139559790973	384.0
172.72139625775907	375.0
172.73139691760838	371.0
172.74139757745772	363.0
172.75139823730706	358.0
172.76139889715637	350.0
172.7713995570057	346.0
172.78140021685502	342.0
172.79140087670436	342.0
172.8014015365537	338.0
172.811402196403	338.0
172.82140285625235	338.0
172.8314035161017	338.0
172.841404175951	338.0
172.85140483580034	338.0
172.86140549564965	338.0
172.871406155499	338.0
172.88140681534833	338.0
172.89140747519764	342.0
172.90140813504698	342.0
172.91140879489632	346.0
172.92140945474563	350.0
172.93141011459497	358.0
172.9414107744443	363.0
172.95141143429362	367.0
172.96141209414296	371.0
172.97141275399227	371.0
172.9814134138416	371.0
172.99141407369095	371.0
173.00141473354026	367.0
173.0114153933896	363.0
173.02141605323894	358.0
173.03141671308825	350.0
173.0414173729376	346.0
173.0514180327869	338.0
173.06141869263624	331.0
173.07141935248558	327.0
173.0814200123349	319.0
173.09142067218423	312.0
173.10142133203357	308.0
173.11142199188288	301.0
173.12142265173222	294.0
173.13142331158153	288.0
173.14142397143087	284.0
173.1514246312802	281.0
173.16142529112952	281.0
173.17142595097886	278.0
173.1814266108282	275.0
173.1914272706775	275.0
173.20142793052685	272.0
173.2114285903762	272.0
173.2214292502255	268.0
173.23142991007484	268.0
173.24143056992415	268.0
173.2514312297735	268.0
173.26143188962283	268.0
173.27143254947214	265.0
173.28143320932148	265.0
173.29143386917082	259.0
173.30143452902013	253.0
173.31143518886947	250.0
173.32143584871878	248.0
173.33143650856812	248.0
173.34143716841746	253.0
173.35143782826677	265.0
173.3614384881161	298.0
173.37143914796545	327.0
173.38143980781476	346.0
173.3914404676641	354.0
173.4014411275134	358.0
173.41144178736275	358.0
173.4214424472121	358.0
173.4314431070614	354.0
173.44144376691074	350.0
173.45144442676008	346.0
173.4614450866094	342.0
173.47144574645873	338.0
173.48144640630807	338.0
173.49144706615738	338.0
173.50144772600672	338.0
173.51144838585603	338.0
173.52144904570537	338.0
173.5314497055547	338.0
173.54145036540402	334.0
173.55145102525336	334.0
173.5614516851027	334.0
173.571452344952	338.0
173.58145300480135	342.0
173.59145366465066	346.0
173.6014543245	354.0
173.61145498434934	358.0
173.62145564419865	367.0
173.631456304048	371.0
173.64145696389733	375.0
173.65145762374664	375.0
173.66145828359598	375.0
173.6714589434453	367.0
173.68145960329463	358.0
173.69146026314397	342.0
173.70146092299328	323.0
173.71146158284262	298.0
173.72146224269196	272.0
173.73146290254127	262.0
173.7414635623906	259.0
173.75146422223995	262.0
173.76146488208926	268.0
173.7714655419386	284.0
173.7814662017879	301.0
173.79146686163725	316.0
173.8014675214866	327.0
173.8114681813359	342.0
173.82146884118524	354.0
173.83146950103458	358.0
173.8414701608839	358.0
173.85147082073323	358.0
173.86147148058254	358.0
173.87147214043188	354.0
173.88147280028122	350.0
173.89147346013053	350.0
173.90147411997987	346.0
173.9114747798292	346.0
173.92147543967852	342.0
173.93147609952786	342.0
173.94147675937717	338.0
173.9514774192265	338.0
173.96147807907585	334.0
173.97147873892516	327.0
173.9814793987745	323.0
173.99148005862384	323.0
174.00148071847315	319.0
174.0114813783225	319.0
174.02148203817183	323.0
174.03148269802114	331.0
174.04148335787048	338.0
174.0514840177198	354.0
174.06148467756913	371.0
174.07148533741847	389.0
174.08148599726778	402.0
174.09148665711712	407.0
174.10148731696646	412.0
174.11148797681577	412.0
174.1214886366651	417.0
174.13148929651442	417.0
174.14148995636376	417.0
174.1514906162131	417.0
174.1614912760624	417.0
174.17149193591175	412.0
174.18149259576109	412.0
174.1914932556104	412.0
174.20149391545974	412.0
174.21149457530905	412.0
174.2214952351584	412.0
174.23149589500773	407.0
174.24149655485704	407.0
174.25149721470638	407.0
174.26149787455572	407.0
174.27149853440503	407.0
174.28149919425437	407.0
174.2914998541037	407.0
174.30150051395302	407.0
174.31150117380236	407.0
174.32150183365167	407.0
174.331502493501	407.0
174.34150315335035	407.0
174.35150381319966	407.0
174.361504473049	407.0
174.37150513289833	407.0
174.38150579274765	412.0
174.39150645259699	412.0
174.4015071124463	412.0
174.41150777229564	412.0
174.42150843214498	412.0
174.4315090919943	412.0
174.44150975184363	412.0
174.45151041169296	412.0
174.46151107154228	412.0
174.47151173139162	412.0
174.48151239124095	407.0
174.49151305109027	407.0
174.5015137109396	407.0
174.51151437078892	407.0
174.52151503063826	407.0
174.5315156904876	407.0
174.5415163503369	402.0
174.55151701018625	398.0
174.56151767003558	393.0
174.5715183298849	375.0
174.58151898973423	0.0
174.59151964958355	0.0
174.60152030943289	0.0
174.61152096928222	0.0
174.62152162913154	0.0
174.63152228898088	0.0
174.64152294883021	0.0
174.65152360867953	0.0
174.66152426852886	380.0
174.67152492837818	380.0
174.68152558822752	371.0
174.69152624807685	367.0
174.70152690792617	363.0
174.7115275677755	358.0
174.72152822762484	354.0
174.73152888747416	350.0
174.7415295473235	346.0
174.75153020717283	338.0
174.76153086702215	334.0
174.77153152687148	334.0
174.7815321867208	331.0
174.79153284657014	331.0
174.80153350641947	331.0
174.81153416626879	334.0
174.82153482611812	334.0
174.83153548596746	338.0
174.84153614581678	342.0
174.85153680566611	350.0
174.86153746551543	358.0
174.87153812536476	363.0
174.8815387852141	371.0
174.89153944506342	371.0
174.90154010491275	375.0
174.9115407647621	371.0
174.9215414246114	367.0
174.93154208446074	358.0
174.94154274431006	354.0
174.9515434041594	350.0
174.96154406400873	346.0
174.97154472385805	346.0
174.98154538370738	338.0
174.99154604355672	338.0
175.00154670340604	334.0
175.01154736325537	334.0
175.0215480231047	338.0
175.03154868295402	338.0
175.04154934280336	342.0
175.05155000265268	350.0
175.06155066250201	358.0
175.07155132235135	367.0
175.08155198220066	380.0
175.09155264205	393.0
175.10155330189934	402.0
175.11155396174865	407.0
175.121554621598	407.0
175.1315552814473	412.0
175.14155594129664	412.0
175.15155660114598	412.0
175.1615572609953	407.0
175.17155792084463	407.0
175.18155858069397	407.0
175.19155924054328	407.0
175.20155990039262	407.0
175.21156056024194	407.0
175.22156122009127	407.0
175.2315618799406	407.0
175.24156253978992	412.0
175.25156319963926	412.0
175.2615638594886	412.0
175.27156451933791	412.0
175.28156517918725	412.0
175.2915658390366	412.0
175.3015664988859	412.0
175.31156715873524	407.0
175.32156781858455	407.0
175.3315684784339	407.0
175.34156913828323	407.0
175.35156979813254	407.0
175.36157045798188	407.0
175.37157111783122	407.0
175.38157177768053	407.0
175.39157243752987	407.0
175.40157309737918	407.0
175.41157375722852	407.0
175.42157441707786	407.0
175.43157507692717	407.0
175.4415757367765	407.0
175.45157639662585	407.0
175.46157705647516	407.0
175.4715777163245	407.0
175.48157837617381	402.0
175.49157903602315	402.0
175.5015796958725	398.0
175.5115803557218	393.0
175.52158101557114	389.0
175.53158167542048	384.0
175.5415823352698	380.0
175.55158299511913	371.0
175.56158365496847	354.0
175.57158431481778	346.0
175.58158497466712	338.0
175.59158563451643	331.0
175.60158629436577	327.0
175.6115869542151	327.0
175.62158761406442	334.0
175.63158827391376	342.0
175.6415889337631	350.0
175.6515895936124	363.0
175.66159025346175	375.0
175.67159091331106	393.0
175.6815915731604	402.0
175.69159223300974	407.0
175.70159289285905	412.0
175.7115935527084	412.0
175.72159421255773	417.0
175.73159487240704	412.0
175.74159553225638	412.0
175.7515961921057	402.0
175.76159685195503	393.0
175.77159751180437	384.0
175.78159817165368	375.0
175.79159883150302	371.0
175.80159949135236	363.0
175.81160015120167	358.0
175.821600811051	354.0
175.83160147090035	354.0
175.84160213074966	350.0
175.851602790599	346.0
175.8616034504483	346.0
175.87160411029765	346.0
175.881604770147	342.0
175.8916054299963	342.0
175.90160608984564	342.0
175.91160674969498	346.0
175.9216074095443	346.0
175.93160806939363	350.0
175.94160872924294	354.0
175.95160938909228	358.0
175.96161004894162	363.0
175.97161070879093	371.0
175.98161136864027	375.0
175.9916120284896	380.0
176.00161268833892	380.0
176.01161334818826	380.0
176.02161400803757	367.0
176.0316146678869	327.0
176.04161532773625	319.0
176.05161598758556	301.0
176.0616166474349	256.0
176.07161730728424	242.0
176.08161796713355	234.0
176.0916186269829	231.0
176.10161928683223	236.0
176.11161994668154	245.0
176.12162060653088	253.0
176.1316212663802	262.0
176.14162192622953	265.0
176.15162258607887	268.0
176.16162324592818	272.0
176.17162390577752	272.0
176.18162456562686	272.0
176.19162522547617	272.0
176.2016258853255	272.0
176.21162654517482	272.0
176.22162720502416	272.0
176.2316278648735	272.0
176.2416285247228	272.0
176.25162918457215	272.0
176.2616298444215	272.0
176.2716305042708	272.0
176.28163116412014	272.0
176.29163182396945	272.0
176.3016324838188	272.0
176.31163314366813	272.0
176.32163380351744	272.0
176.33163446336678	272.0
176.34163512321612	272.0
176.35163578306543	272.0
176.36163644291477	272.0
176.3716371027641	272.0
176.38163776261342	272.0
176.39163842246276	272.0
176.40163908231207	272.0
176.4116397421614	272.0
176.42164040201075	272.0
176.43164106186006	272.0
176.4416417217094	272.0
176.45164238155874	272.0
176.46164304140805	268.0
176.4716437012574	268.0
176.4816443611067	268.0
176.49164502095604	268.0
176.50164568080538	268.0
176.5116463406547	268.0
176.52164700050403	268.0
176.53164766035337	268.0
176.54164832020268	272.0
176.55164898005202	272.0
176.56164963990136	272.0
176.57165029975067	272.0
176.5816509596	275.0
176.59165161944932	275.0
176.60165227929866	275.0
176.611652939148	275.0
176.6216535989973	272.0
176.63165425884665	272.0
176.641654918696	272.0
176.6516555785453	272.0
176.66165623839464	268.0
176.67165689824395	268.0
176.6816575580933	262.0
176.69165821794263	239.0
176.70165887779194	228.0
176.71165953764128	226.0
176.72166019749062	226.0
176.73166085733993	228.0
176.74166151718927	236.0
176.75166217703858	245.0
176.76166283688792	256.0
176.77166349673726	265.0
176.78166415658657	268.0
176.7916648164359	272.0
176.80166547628525	272.0
176.81166613613456	272.0
176.8216667959839	272.0
176.83166745583324	272.0
176.84166811568255	272.0
176.8516687755319	268.0
176.8616694353812	268.0
176.87167009523054	268.0
176.88167075507988	268.0
176.8916714149292	268.0
176.90167207477853	268.0
176.91167273462787	272.0
176.92167339447718	272.0
176.93167405432652	272.0
176.94167471417583	272.0
176.95167537402517	272.0
176.9616760338745	272.0
176.97167669372382	272.0
176.98167735357316	272.0
176.9916780134225	268.0
177.0016786732718	265.0
177.01167933312115	262.0
177.02167999297046	256.0
177.0316806528198	248.0
177.04168131266914	239.0
177.05168197251845	231.0
177.0616826323678	220.0
177.07168329221713	215.0
177.08168395206644	213.0
177.09168461191578	213.0
177.10168527176512	215.0
177.11168593161443	223.0
177.12168659146377	231.0
177.13168725131308	239.0
177.14168791116242	248.0
177.15168857101176	256.0
177.16168923086107	262.0
177.1716898907104	268.0
177.18169055055975	272.0
177.19169121040906	275.0
177.2016918702584	275.0
177.2116925301077	272.0
177.22169318995705	268.0
177.2316938498064	265.0
177.2416945096557	262.0
177.25169516950504	256.0
177.26169582935438	250.0
177.2716964892037	245.0
177.28169714905303	239.0
177.29169780890234	231.0
177.30169846875168	228.0
177.31169912860102	226.0
177.32169978845033	228.0
177.33170044829967	236.0
177.341701108149	245.0
177.35170176799832	256.0
177.36170242784766	272.0
177.371703087697	284.0
177.3817037475463	294.0
177.39170440739565	298.0
177.40170506724496	294.0
177.4117057270943	291.0
177.42170638694364	284.0
177.43170704679295	275.0
177.4417077066423	265.0
177.45170836649163	253.0
177.46170902634094	239.0
177.47170968619028	226.0
177.4817103460396	218.0
177.49171100588893	215.0
177.50171166573827	215.0
177.51171232558758	215.0
177.52171298543692	220.0
177.53171364528626	223.0
177.54171430513557	226.0
177.5517149649849	228.0
177.56171562483422	234.0
177.57171628468356	234.0
177.5817169445329	236.0
177.5917176043822	236.0
177.60171826423155	239.0
177.6117189240809	239.0
177.6217195839302	239.0
177.63172024377954	239.0
177.64172090362888	239.0
177.6517215634782	239.0
177.66172222332753	239.0
177.67172288317684	239.0
177.68172354302618	239.0
177.69172420287552	242.0
177.70172486272483	245.0
177.71172552257417	245.0
177.7217261824235	245.0
177.73172684227282	245.0
177.74172750212216	242.0
177.75172816197147	239.0
177.7617288218208	236.0
177.77172948167015	234.0
177.78173014151946	228.0
177.7917308013688	223.0
177.80173146121814	220.0
177.81173212106745	220.0
177.8217327809168	220.0
177.8317334407661	220.0
177.84173410061544	223.0
177.85173476046478	223.0
177.8617354203141	223.0
177.87173608016343	223.0
177.88173674001277	223.0
177.89173739986208	226.0
177.90173805971142	226.0
177.91173871956076	226.0
177.92173937941007	226.0
177.9317400392594	226.0
177.94174069910872	226.0
177.95174135895806	226.0
177.9617420188074	226.0
177.9717426786567	228.0
177.98174333850605	228.0
177.9917439983554	231.0
178.0017446582047	236.0
178.01174531805404	236.0
178.02174597790335	239.0
178.0317466377527	239.0
178.04174729760203	239.0
178.05174795745134	236.0
178.06174861730068	234.0
178.07174927715002	226.0
178.08174993699933	218.0
178.09175059684867	210.0
178.10175125669798	203.0
178.11175191654732	199.0
178.12175257639666	194.0
178.13175323624597	194.0
178.1417538960953	196.0
178.15175455594465	199.0
178.16175521579396	201.0
178.1717558756433	203.0
178.18175653549264	206.0
178.19175719534195	208.0
178.2017578551913	0.0
178.2117585150406	0.0
178.22175917488994	0.0
178.23175983473928	0.0
178.2417604945886	0.0
178.25176115443793	0.0
178.26176181428727	0.0
178.27176247413658	0.0
178.28176313398592	0.0
178.29176379383523	0.0
178.30176445368457	0.0
178.3117651135339	0.0
178.32176577338322	0.0
178.33176643323256	0.0
178.3417670930819	0.0
178.3517677529312	0.0
178.36176841278055	0.0
178.3717690726299	0.0
178.3817697324792	0.0
178.39177039232854	0.0
178.40177105217785	0.0
178.4117717120272	0.0
178.42177237187653	0.0
178.43177303172584	0.0
178.44177369157518	0.0
178.45177435142452	0.0
178.46177501127383	0.0
178.47177567112317	0.0
178.48177633097248	0.0
178.49177699082182	0.0
178.50177765067116	0.0
178.51177831052047	0.0
178.5217789703698	0.0
178.53177963021915	223.0
178.54178029006846	223.0
178.5517809499178	223.0
178.5617816097671	226.0
178.57178226961645	226.0
178.5817829294658	228.0
178.5917835893151	228.0
178.60178424916444	231.0
178.61178490901378	231.0
178.6217855688631	231.0
178.63178622871243	231.0
178.64178688856177	228.0
178.65178754841108	228.0
178.66178820826042	228.0
178.67178886810973	228.0
178.68178952795907	228.0
178.6917901878084	228.0
178.70179084765772	226.0
178.71179150750706	226.0
178.7217921673564	226.0
178.7317928272057	226.0
178.74179348705505	226.0
178.75179414690436	228.0
178.7617948067537	228.0
178.77179546660304	228.0
178.78179612645235	228.0
178.7917967863017	228.0
178.80179744615103	228.0
178.81179810600034	228.0
178.82179876584968	228.0
178.831799425699	228.0
178.84180008554833	228.0
178.85180074539767	228.0
178.86180140524698	228.0
178.87180206509632	228.0
178.88180272494566	231.0
178.89180338479497	234.0
178.9018040446443	236.0
178.91180470449365	242.0
178.92180536434296	245.0
178.9318060241923	248.0
178.9418066840416	248.0
178.95180734389095	250.0
178.9618080037403	248.0
178.9718086635896	248.0
178.98180932343894	245.0
178.99180998328828	239.0
179.0018106431376	234.0
179.01181130298693	231.0
179.02181196283624	228.0
179.03181262268558	226.0
179.04181328253492	226.0
179.05181394238423	226.0
179.06181460223357	226.0
179.0718152620829	226.0
179.08181592193222	228.0
179.09181658178156	228.0
179.10181724163087	228.0
179.1118179014802	226.0
179.12181856132955	226.0
179.13181922117886	226.0
179.1418198810282	223.0
179.15182054087754	220.0
179.16182120072685	215.0
179.1718218605762	210.0
179.18182252042553	210.0
179.19182318027484	210.0
179.20182384012418	213.0
179.2118244999735	226.0
179.22182515982283	234.0
179.23182581967217	236.0
179.24182647952148	239.0
179.25182713937082	242.0
179.26182779922016	242.0
179.27182845906947	245.0
179.2818291189188	245.0
179.29182977876812	245.0
179.30183043861746	245.0
179.3118310984668	245.0
179.3218317583161	245.0
179.33183241816545	245.0
179.3418330780148	245.0
179.3518337378641	245.0
179.36183439771344	245.0
179.37183505756275	242.0
179.3818357174121	242.0
179.39183637726143	242.0
179.40183703711074	239.0
179.41183769696008	236.0
179.42183835680942	234.0
179.43183901665873	231.0
179.44183967650807	226.0
179.4518403363574	223.0
179.46184099620672	220.0
179.47184165605606	215.0
179.48184231590537	210.0
179.4918429757547	206.0
179.50184363560405	203.0
179.51184429545336	199.0
179.5218449553027	196.0
179.53184561515204	194.0
179.54184627500135	194.0
179.5518469348507	194.0
179.5618475947	196.0
179.57184825454934	199.0
179.58184891439868	203.0
179.591849574248	208.0
179.60185023409733	210.0
179.61185089394667	215.0
179.62185155379598	223.0
179.63185221364532	226.0
179.64185287349463	231.0
179.65185353334397	231.0
179.6618541931933	231.0
179.67185485304262	228.0
179.68185551289196	228.0
179.6918561727413	228.0
179.7018568325906	228.0
179.71185749243995	226.0
179.7218581522893	226.0
179.7318588121386	226.0
179.74185947198794	226.0
179.75186013183725	226.0
179.7618607916866	226.0
179.77186145153593	226.0
179.78186211138524	226.0
179.79186277123458	226.0
179.80186343108392	226.0
179.81186409093323	223.0
179.82186475078257	223.0
179.83186541063188	223.0
179.84186607048122	220.0
179.85186673033056	223.0
179.86186739017987	223.0
179.8718680500292	223.0
179.88186870987855	223.0
179.89186936972786	226.0
179.9018700295772	226.0
179.9118706894265	226.0
179.92187134927585	226.0
179.9318720091252	226.0
179.9418726689745	226.0
179.95187332882384	228.0
179.96187398867318	228.0
179.9718746485225	228.0
179.98187530837183	228.0
179.99187596822117	228.0
180.00187662807048	228.0
180.01187728791982	226.0
180.02187794776913	226.0
180.03187860761847	226.0
180.0418792674678	223.0
180.05187992731712	220.0
180.06188058716646	220.0
180.0718812470158	218.0
180.0818819068651	218.0
180.09188256671445	220.0
180.10188322656376	223.0
180.1118838864131	228.0
180.12188454626244	236.0
180.13188520611175	242.0
180.1418858659611	248.0
180.15188652581043	256.0
180.16188718565974	262.0
180.17188784550908	265.0
180.1818885053584	265.0
180.19188916520773	265.0
180.20188982505707	268.0
180.21189048490638	275.0
180.22189114475572	281.0
180.23189180460506	284.0
180.24189246445437	278.0
180.2518931243037	268.0
180.26189378415305	262.0
180.27189444400236	259.0
180.2818951038517	253.0
180.291895763701	248.0
180.30189642355035	239.0
180.31189708339969	234.0
180.321897743249	228.0
180.33189840309834	223.0
180.34189906294768	220.0
180.351899722797	215.0
180.36190038264633	215.0
180.37190104249564	218.0
180.38190170234498	220.0
180.39190236219432	226.0
180.40190302204363	234.0
180.41190368189297	239.0
180.4219043417423	248.0
180.43190500159162	256.0
180.44190566144096	265.0
180.4519063212903	268.0
180.4619069811396	275.0
180.47190764098895	275.0
180.48190830083826	275.0
180.4919089606876	275.0
180.50190962053694	275.0
180.51191028038625	275.0
180.52191094023559	272.0
180.53191160008492	272.0
180.54191225993424	272.0
180.55191291978358	272.0
180.5619135796329	268.0
180.57191423948223	268.0
180.58191489933157	268.0
180.59191555918088	268.0
180.60191621903022	268.0
180.61191687887955	268.0
180.62191753872887	268.0
180.6319181985782	268.0
180.64191885842752	272.0
180.65191951827686	272.0
180.6619201781262	272.0
180.6719208379755	272.0
180.68192149782485	272.0
180.69192215767418	272.0
180.7019228175235	272.0
180.71192347737284	272.0
180.72192413722217	268.0
180.73192479707149	268.0
180.74192545692082	265.0
180.75192611677014	265.0
180.76192677661948	265.0
180.77192743646881	265.0
180.78192809631813	265.0
180.79192875616747	268.0
180.8019294160168	272.0
180.81193007586612	272.0
180.82193073571545	272.0
180.83193139556477	272.0
180.8419320554141	272.0
180.85193271526344	272.0
180.86193337511276	272.0
180.8719340349621	268.0
180.88193469481143	268.0
180.89193535466075	265.0
180.90193601451008	262.0
180.9119366743594	262.0
180.92193733420874	259.0
180.93193799405807	259.0
180.94193865390739	262.0
180.95193931375672	268.0
180.96193997360606	275.0
180.97194063345538	291.0
180.98194129330471	319.0
180.99194195315405	354.0
181.00194261300337	367.0
181.0119432728527	375.0
181.02194393270202	375.0
181.03194459255135	380.0
181.0419452524007	375.0
181.05194591225	371.0
181.06194657209934	363.0
181.07194723194868	354.0
181.081947891798	350.0
181.09194855164733	342.0
181.10194921149665	338.0
181.11194987134598	338.0
181.12195053119532	334.0
181.13195119104464	334.0
181.14195185089397	334.0
181.1519525107433	338.0
181.16195317059262	338.0
181.17195383044196	338.0
181.18195449029128	338.0
181.19195515014061	338.0
181.20195580998995	338.0
181.21195646983927	338.0
181.2219571296886	338.0
181.23195778953794	338.0
181.24195844938725	342.0
181.2519591092366	346.0
181.26195976908593	350.0
181.27196042893524	358.0
181.28196108878458	367.0
181.2919617486339	371.0
181.30196240848323	375.0
181.31196306833257	375.0
181.32196372818188	375.0
181.33196438803122	375.0
181.34196504788056	371.0
181.35196570772987	367.0
181.3619663675792	358.0
181.37196702742852	350.0
181.38196768727786	338.0
181.3919683471272	327.0
181.40196900697651	319.0
181.41196966682585	308.0
181.4219703266752	301.0
181.4319709865245	294.0
181.44197164637384	291.0
181.45197230622315	288.0
181.4619729660725	281.0
181.47197362592183	281.0
181.48197428577114	275.0
181.49197494562048	275.0
181.50197560546982	272.0
181.51197626531913	272.0
181.52197692516847	272.0
181.5319775850178	272.0
181.54197824486712	268.0
181.55197890471646	268.0
181.56197956456577	262.0
181.5719802244151	256.0
181.58198088426445	245.0
181.59198154411376	239.0
181.6019822039631	239.0
181.61198286381244	236.0
181.62198352366175	236.0
181.6319841835111	245.0
181.6419848433604	259.0
181.65198550320974	268.0
181.66198616305908	272.0
181.6719868229084	272.0
181.68198748275773	272.0
181.69198814260707	272.0
181.70198880245638	272.0
181.71198946230572	268.0
181.72199012215503	268.0
181.73199078200437	268.0
181.7419914418537	268.0
181.75199210170302	268.0
181.76199276155236	268.0
181.7719934214017	268.0
181.781994081251	268.0
181.79199474110035	268.0
181.8019954009497	268.0
181.811996060799	268.0
181.82199672064834	268.0
181.83199738049765	268.0
181.841998040347	268.0
181.85199870019633	268.0
181.86199936004564	272.0
181.87200001989498	272.0
181.88200067974432	272.0
181.89200133959363	272.0
181.90200199944297	272.0
181.91200265929228	272.0
181.92200331914162	272.0
181.93200397899096	272.0
181.94200463884027	272.0
181.9520052986896	272.0
181.96200595853895	272.0
181.97200661838826	272.0
181.9820072782376	272.0
181.9920079380869	272.0
182.00200859793625	272.0
182.0120092577856	272.0
182.0220099176349	272.0
182.03201057748424	272.0
182.04201123733358	272.0
182.0520118971829	275.0
182.06201255703223	275.0
182.07201321688157	275.0
182.08201387673088	275.0
182.09201453658022	272.0
182.10201519642953	272.0
182.11201585627887	272.0
182.1220165161282	272.0
182.13201717597752	268.0
182.14201783582686	268.0
182.1520184956762	268.0
182.1620191555255	272.0
182.17201981537485	281.0
182.18202047522416	291.0
182.1920211350735	305.0
182.20202179492284	316.0
182.21202245477215	331.0
182.2220231146215	350.0
182.23202377447083	371.0
182.24202443432014	384.0
182.25202509416948	393.0
182.26202575401882	398.0
182.27202641386813	398.0
182.28202707371747	393.0
182.29202773356678	389.0
182.30202839341612	380.0
182.31202905326546	371.0
182.32202971311477	367.0
182.3320303729641	363.0
182.34203103281345	354.0
182.35203169266276	350.0
182.3620323525121	346.0
182.3720330123614	338.0
182.38203367221075	338.0
182.3920343320601	334.0
182.4020349919094	334.0
182.41203565175874	334.0
182.42203631160808	334.0
182.4320369714574	334.0
182.44203763130673	334.0
182.45203829115604	334.0
182.46203895100538	334.0
182.47203961085472	338.0
182.48204027070403	338.0
182.49204093055337	342.0
182.5020415904027	346.0
182.51204225025202	350.0
182.52204291010136	354.0
182.5320435699507	363.0
182.5420442298	367.0
182.55204488964935	371.0
182.56204554949866	375.0
182.572046209348	375.0
182.58204686919734	371.0
182.59204752904665	367.0
182.602048188896	358.0
182.61204884874533	354.0
182.62204950859464	346.0
182.63205016844398	342.0
182.6420508282933	338.0
182.65205148814263	334.0
182.66205214799197	334.0
182.67205280784128	338.0
182.68205346769062	338.0
182.69205412753996	342.0
182.70205478738927	342.0
182.7120554472386	342.0
182.72205610708792	338.0
182.73205676693726	331.0
182.7420574267866	327.0
182.7520580866359	319.0
182.76205874648525	0.0
182.7720594063346	0.0
182.7820600661839	0.0
182.79206072603324	0.0
182.80206138588258	0.0
182.8120620457319	0.0
182.82206270558123	0.0
182.83206336543054	0.0
182.84206402527988	0.0
182.85206468512922	0.0
182.86206534497853	0.0
182.87206600482787	0.0
182.8820666646772	0.0
182.89206732452652	0.0
182.90206798437586	0.0
182.91206864422517	0.0
182.9220693040745	0.0
182.93206996392385	0.0
182.94207062377316	0.0
182.9520712836225	0.0
182.96207194347184	0.0
182.97207260332115	0.0
182.9820732631705	0.0
182.9920739230198	0.0
183.00207458286914	0.0
183.01207524271848	0.0
183.0220759025678	0.0
183.03207656241713	0.0
183.04207722226647	0.0
183.05207788211578	0.0
183.06207854196512	0.0
183.07207920181446	0.0
183.08207986166377	226.0
183.0920805215131	228.0
183.10208118136242	231.0
183.11208184121176	236.0
183.1220825010611	239.0
183.1320831609104	245.0
183.14208382075975	248.0
183.1520844806091	250.0
183.1620851404584	253.0
183.17208580030774	256.0
183.18208646015705	259.0
183.1920871200064	265.0
183.20208777985573	272.0
183.21208843970504	281.0
183.22208909955438	294.0
183.23208975940372	308.0
183.24209041925303	323.0
183.25209107910237	338.0
183.26209173895168	346.0
183.27209239880102	358.0
183.28209305865036	367.0
183.29209371849967	371.0
183.302094378349	371.0
183.31209503819835	371.0
183.32209569804766	367.0
183.332096357897	363.0
183.34209701774634	358.0
183.35209767759565	354.0
183.362098337445	350.0
183.3720989972943	346.0
183.38209965714364	346.0
183.39210031699298	342.0
183.4021009768423	342.0
183.41210163669163	342.0
183.42210229654097	338.0
183.43210295639028	338.0
183.44210361623962	338.0
183.45210427608893	338.0
183.46210493593827	338.0
183.4721055957876	338.0
183.48210625563692	338.0
183.49210691548626	338.0
183.5021075753356	338.0
183.5121082351849	346.0
183.52210889503425	350.0
183.53210955488356	358.0
183.5421102147329	363.0
183.55211087458224	363.0
183.56211153443155	367.0
183.5721121942809	363.0
183.58211285413023	363.0
183.59211351397954	358.0
183.60211417382888	354.0
183.61211483367822	350.0
183.62211549352753	346.0
183.63211615337687	342.0
183.64211681322618	338.0
183.65211747307552	338.0
183.66211813292486	338.0
183.67211879277417	338.0
183.6821194526235	338.0
183.69212011247285	334.0
183.70212077232216	334.0
183.7121214321715	338.0
183.7221220920208	338.0
183.73212275187015	342.0
183.7421234117195	350.0
183.7521240715688	358.0
183.76212473141814	367.0
183.77212539126748	380.0
183.7821260511168	393.0
183.79212671096613	407.0
183.80212737081544	417.0
183.81212803066478	421.0
183.82212869051412	426.0
183.83212935036343	421.0
183.84213001021277	417.0
183.8521306700621	407.0
183.86213132991142	393.0
183.87213198976076	380.0
183.8821326496101	371.0
183.8921333094594	363.0
183.90213396930875	358.0
183.91213462915806	354.0
183.9221352890074	350.0
183.93213594885674	346.0
183.94213660870605	346.0
183.9521372685554	342.0
183.96213792840473	342.0
183.97213858825404	342.0
183.98213924810338	342.0
183.9921399079527	338.0
184.00214056780203	338.0
184.01214122765137	338.0
184.02214188750068	338.0
184.03214254735002	338.0
184.04214320719936	338.0
184.05214386704867	342.0
184.062144526898	346.0
184.07214518674732	350.0
184.08214584659666	358.0
184.092146506446	363.0
184.1021471662953	371.0
184.11214782614465	375.0
184.122148485994	380.0
184.1321491458433	380.0
184.14214980569264	380.0
184.15215046554198	375.0
184.1621511253913	371.0
184.17215178524063	367.0
184.18215244508994	363.0
184.19215310493928	354.0
184.20215376478862	346.0
184.21215442463793	338.0
184.22215508448727	331.0
184.2321557443366	323.0
184.24215640418592	316.0
184.25215706403526	305.0
184.26215772388457	298.0
184.2721583837339	291.0
184.28215904358325	284.0
184.29215970343256	281.0
184.3021603632819	278.0
184.31216102313124	275.0
184.32216168298055	275.0
184.3321623428299	275.0
184.34216300267923	275.0
184.35216366252854	275.0
184.36216432237788	275.0
184.3721649822272	275.0
184.38216564207653	272.0
184.39216630192587	272.0
184.40216696177518	268.0
184.41216762162452	265.0
184.42216828147386	265.0
184.43216894132317	262.0
184.4421696011725	259.0
184.45217026102182	256.0
184.46217092087116	256.0
184.4721715807205	256.0
184.4821722405698	256.0
184.49217290041915	262.0
184.5021735602685	272.0
184.5121742201178	288.0
184.52217487996714	312.0
184.53217553981645	334.0
184.5421761996658	350.0
184.55217685951513	358.0
184.56217751936444	367.0
184.57217817921378	367.0
184.58217883906312	367.0
184.59217949891243	367.0
184.60218015876177	363.0
184.6121808186111	358.0
184.62218147846042	354.0
184.63218213830976	350.0
184.64218279815907	346.0
184.6521834580084	342.0
184.66218411785775	342.0
184.67218477770706	342.0
184.6821854375564	342.0
184.69218609740574	346.0
184.70218675725505	346.0
184.7121874171044	346.0
184.7221880769537	346.0
184.73218873680304	346.0
184.74218939665238	350.0
184.7521900565017	354.0
184.76219071635103	358.0
184.77219137620037	363.0
184.78219203604968	371.0
184.79219269589902	380.0
184.80219335574833	384.0
184.81219401559767	384.0
184.822194675447	384.0
184.83219533529632	380.0
184.84219599514566	371.0
184.852196654995	363.0
184.8621973148443	346.0
184.87219797469365	327.0
184.882198634543	301.0
184.8921992943923	275.0
184.90219995424164	265.0
184.91220061409095	259.0
184.9222012739403	259.0
184.93220193378963	262.0
184.94220259363894	268.0
184.95220325348828	281.0
184.96220391333762	298.0
184.97220457318693	319.0
184.98220523303627	334.0
184.99220589288558	342.0
185.00220655273492	350.0
185.01220721258426	354.0
185.02220787243357	354.0
185.0322085322829	354.0
185.04220919213225	354.0
185.05220985198156	350.0
185.0622105118309	350.0
185.0722111716802	350.0
185.08221183152955	350.0
185.0922124913789	350.0
185.1022131512282	346.0
185.11221381107754	346.0
185.12221447092688	346.0
185.1322151307762	342.0
185.14221579062553	338.0
185.15221645047487	334.0
185.16221711032418	331.0
185.17221777017352	327.0
185.18221843002283	323.0
185.19221908987217	319.0
185.2022197497215	319.0
185.21222040957082	327.0
185.22222106942016	334.0
185.2322217292695	342.0
185.2422223891188	354.0
185.25222304896815	367.0
185.26222370881746	375.0
185.2722243686668	384.0
185.28222502851614	393.0
185.29222568836545	398.0
185.3022263482148	402.0
185.31222700806413	407.0
185.32222766791344	407.0
185.33222832776278	407.0
185.3422289876121	407.0
185.35222964746143	412.0
185.36223030731077	412.0
185.37223096716008	412.0
185.38223162700942	412.0
185.39223228685876	412.0
185.40223294670807	412.0
185.4122336065574	412.0
185.42223426640675	407.0
185.43223492625606	407.0
185.4422355861054	407.0
185.4522362459547	402.0
185.46223690580405	402.0
185.4722375656534	402.0
185.4822382255027	402.0
185.49223888535204	402.0
185.50223954520138	402.0
185.5122402050507	402.0
185.52224086490003	407.0
185.53224152474934	407.0
185.54224218459868	407.0
185.55224284444802	407.0
185.56224350429733	407.0
185.57224416414667	407.0
185.582244823996	407.0
185.59224548384532	407.0
185.60224614369466	407.0
185.61224680354397	407.0
185.6222474633933	407.0
185.63224812324265	407.0
185.64224878309196	407.0
185.6522494429413	407.0
185.66225010279064	402.0
185.67225076263995	402.0
185.6822514224893	402.0
185.69225208233863	402.0
185.70225274218794	402.0
185.71225340203728	402.0
185.7222540618866	402.0
185.73225472173593	402.0
185.74225538158527	402.0
185.75225604143458	402.0
185.76225670128392	398.0
185.77225736113326	389.0
185.78225802098257	367.0
185.7922586808319	323.0
185.80225934068122	0.0
185.81226000053056	0.0
185.8222606603799	0.0
185.8322613202292	0.0
185.84226198007855	0.0
185.8522626399279	0.0
185.8622632997772	0.0
185.87226395962654	371.0
185.88226461947585	371.0
185.8922652793252	367.0
185.90226593917453	367.0
185.91226659902384	363.0
185.92226725887318	358.0
185.93226791872252	354.0
185.94226857857183	350.0
185.95226923842117	346.0
185.9622698982705	342.0
185.97227055811982	338.0
185.98227121796916	338.0
185.99227187781847	334.0
186.0022725376678	334.0
186.01227319751715	331.0
186.02227385736646	331.0
186.0322745172158	331.0
186.04227517706514	331.0
186.05227583691445	331.0
186.0622764967638	334.0
186.0722771566131	338.0
186.08227781646244	346.0
186.09227847631178	354.0
186.1022791361611	358.0
186.11227979601043	367.0
186.12228045585977	371.0
186.13228111570908	371.0
186.14228177555842	367.0
186.15228243540776	363.0
186.16228309525707	358.0
186.1722837551064	354.0
186.18228441495572	350.0
186.19228507480506	346.0
186.2022857346544	338.0
186.2122863945037	334.0
186.22228705435305	334.0
186.23228771420239	331.0
186.2422883740517	331.0
186.25228903390104	331.0
186.26228969375035	331.0
186.2722903535997	331.0
186.28229101344903	334.0
186.29229167329834	342.0
186.30229233314768	354.0
186.31229299299702	363.0
186.32229365284633	375.0
186.33229431269567	389.0
186.34229497254498	398.0
186.35229563239432	402.0
186.36229629224366	407.0
186.37229695209297	407.0
186.3822976119423	407.0
186.39229827179165	402.0
186.40229893164096	402.0
186.4122995914903	402.0
186.42230025133964	402.0
186.43230091118895	402.0
186.44230157103829	402.0
186.4523022308876	402.0
186.46230289073694	407.0
186.47230355058628	407.0
186.4823042104356	407.0
186.49230487028493	407.0
186.50230553013427	407.0
186.51230618998358	407.0
186.52230684983292	407.0
186.53230750968223	407.0
186.54230816953157	407.0
186.5523088293809	407.0
186.56230948923022	407.0
186.57231014907956	407.0
186.5823108089289	407.0
186.5923114687782	407.0
186.60231212862755	407.0
186.61231278847686	407.0
186.6223134483262	407.0
186.63231410817554	402.0
186.64231476802485	402.0
186.65231542787419	402.0
186.66231608772353	402.0
186.67231674757284	402.0
186.68231740742218	402.0
186.69231806727151	402.0
186.70231872712083	402.0
186.71231938697017	402.0
186.72232004681948	402.0
186.73232070666882	398.0
186.74232136651815	393.0
186.75232202636747	389.0
186.7623226862168	384.0
186.77232334606614	375.0
186.78232400591546	363.0
186.7923246657648	354.0
186.8023253256141	342.0
186.81232598546345	327.0
186.82232664531278	319.0
186.8323273051621	312.0
186.84232796501144	312.0
186.85232862486077	316.0
186.86232928471009	327.0
186.87232994455943	338.0
186.88233060440874	354.0
186.89233126425808	367.0
186.90233192410741	375.0
186.91233258395673	384.0
186.92233324380607	398.0
186.9323339036554	407.0
186.94233456350472	412.0
186.95233522335405	412.0
186.9623358832034	412.0
186.9723365430527	407.0
186.98233720290204	402.0
186.99233786275136	393.0
187.0023385226007	384.0
187.01233918245003	371.0
187.02233984229935	367.0
187.03234050214868	358.0
187.04234116199802	354.0
187.05234182184734	350.0
187.06234248169667	342.0
187.07234314154599	338.0
187.08234380139533	334.0
187.09234446124466	334.0
187.10234512109398	334.0
187.11234578094331	334.0
187.12234644079265	334.0
187.13234710064197	338.0
187.1423477604913	338.0
187.15234842034062	342.0
187.16234908018995	346.0
187.1723497400393	354.0
187.1823503998886	358.0
187.19235105973794	367.0
187.20235171958728	375.0
187.2123523794366	380.0
187.22235303928593	384.0
187.23235369913527	380.0
187.24235435898458	380.0
187.25235501883392	358.0
187.26235567868324	331.0
187.27235633853257	319.0
187.2823569983819	288.0
187.29235765823123	256.0
187.30235831808056	245.0
187.3123589779299	236.0
187.32235963777921	236.0
187.33236029762855	239.0
187.34236095747787	248.0
187.3523616173272	253.0
187.36236227717654	262.0
187.37236293702585	268.0
187.3823635968752	272.0
187.39236425672453	272.0
187.40236491657384	272.0
187.41236557642318	272.0
187.4223662362725	272.0
187.43236689612183	272.0
187.44236755597117	272.0
187.45236821582048	272.0
187.46236887566982	268.0
187.47236953551916	268.0
187.48237019536847	268.0
187.4923708552178	268.0
187.50237151506715	268.0
187.51237217491646	268.0
187.5223728347658	268.0
187.53237349461511	268.0
187.54237415446445	268.0
187.5523748143138	272.0
187.5623754741631	272.0
187.57237613401244	272.0
187.58237679386178	272.0
187.5923774537111	272.0
187.60237811356043	272.0
187.61237877340974	272.0
187.62237943325908	272.0
187.63238009310842	272.0
187.64238075295773	272.0
187.65238141280707	272.0
187.6623820726564	272.0
187.67238273250572	272.0
187.68238339235506	272.0
187.69238405220437	272.0
187.7023847120537	272.0
187.71238537190305	272.0
187.72238603175236	272.0
187.7323866916017	272.0
187.74238735145104	272.0
187.75238801130035	272.0
187.7623886711497	272.0
187.77238933099903	272.0
187.78238999084834	272.0
187.79239065069768	272.0
187.802391310547	272.0
187.81239197039633	272.0
187.82239263024567	272.0
187.83239329009498	272.0
187.84239394994432	268.0
187.85239460979366	265.0
187.86239526964297	256.0
187.8723959294923	239.0
187.88239658934162	231.0
187.89239724919096	228.0
187.9023979090403	231.0
187.9123985688896	236.0
187.92239922873895	248.0
187.9323998885883	259.0
187.9424005484376	262.0
187.95240120828694	268.0
187.96240186813628	268.0
187.9724025279856	268.0
187.98240318783493	268.0
187.99240384768424	268.0
188.00240450753358	268.0
188.01240516738292	268.0
188.02240582723223	268.0
188.03240648708157	268.0
188.0424071469309	268.0
188.05240780678022	268.0
188.06240846662956	268.0
188.07240912647887	268.0
188.0824097863282	268.0
188.09241044617755	268.0
188.10241110602686	268.0
188.1124117658762	268.0
188.12241242572554	265.0
188.13241308557485	265.0
188.1424137454242	262.0
188.1524144052735	259.0
188.16241506512284	256.0
188.17241572497218	248.0
188.1824163848215	242.0
188.19241704467083	226.0
188.20241770452017	218.0
188.21241836436948	213.0
188.22241902421882	210.0
188.23241968406816	210.0
188.24242034391747	218.0
188.2524210037668	226.0
188.26242166361612	236.0
188.27242232346546	242.0
188.2824229833148	250.0
188.2924236431641	259.0
188.30242430301345	272.0
188.3124249628628	278.0
188.3224256227121	281.0
188.33242628256144	281.0
188.34242694241075	278.0
188.3524276022601	272.0
188.36242826210943	265.0
188.37242892195874	259.0
188.38242958180808	253.0
188.39243024165742	245.0
188.40243090150673	239.0
188.41243156135607	231.0
188.42243222120538	226.0
188.43243288105472	220.0
188.44243354090406	218.0
188.45243420075337	218.0
188.4624348606027	220.0
188.47243552045205	228.0
188.48243618030136	236.0
188.4924368401507	248.0
188.50243750000004	262.0
188.51243815984935	288.0
188.5224388196987	294.0
188.532439479548	298.0
188.54244013939734	301.0
188.55244079924668	301.0
188.562441459096	298.0
188.57244211894533	288.0
188.58244277879467	278.0
188.59244343864398	259.0
188.60244409849332	245.0
188.61244475834263	234.0
188.62244541819197	220.0
188.6324460780413	218.0
188.64244673789062	215.0
188.65244739773996	215.0
188.6624480575893	215.0
188.6724487174386	218.0
188.68244937728795	220.0
188.69245003713726	223.0
188.7024506969866	226.0
188.71245135683594	226.0
188.72245201668525	228.0
188.7324526765346	231.0
188.74245333638393	231.0
188.75245399623324	234.0
188.76245465608258	234.0
188.77245531593192	236.0
188.78245597578123	239.0
188.79245663563057	239.0
188.80245729547988	239.0
188.81245795532922	239.0
188.82245861517856	239.0
188.83245927502787	242.0
188.8424599348772	242.0
188.85246059472655	245.0
188.86246125457586	245.0
188.8724619144252	248.0
188.8824625742745	248.0
188.89246323412385	248.0
188.9024638939732	245.0
188.9124645538225	242.0
188.92246521367184	239.0
188.93246587352118	236.0
188.9424665333705	231.0
188.95246719321983	228.0
188.96246785306914	226.0
188.97246851291848	226.0
188.98246917276782	226.0
188.99246983261713	226.0
189.00247049246647	226.0
189.0124711523158	226.0
189.02247181216512	228.0
189.03247247201446	228.0
189.0424731318638	228.0
189.0524737917131	228.0
189.06247445156245	228.0
189.07247511141176	228.0
189.0824757712611	228.0
189.09247643111044	228.0
189.10247709095975	228.0
189.1124777508091	228.0
189.12247841065843	228.0
189.13247907050774	234.0
189.14247973035708	236.0
189.1524803902064	242.0
189.16248105005573	245.0
189.17248170990507	248.0
189.18248236975438	248.0
189.19248302960372	248.0
189.20248368945306	245.0
189.21248434930237	239.0
189.2224850091517	231.0
189.23248566900102	220.0
189.24248632885036	210.0
189.2524869886997	203.0
189.262487648549	201.0
189.27248830839835	201.0
189.2824889682477	201.0
189.292489628097	201.0
189.30249028794634	201.0
189.31249094779568	201.0
189.322491607645	201.0
189.33249226749433	199.0
189.34249292734364	194.0
189.35249358719298	0.0
189.36249424704232	0.0
189.37249490689163	0.0
189.38249556674097	0.0
189.3924962265903	0.0
189.40249688643962	0.0
189.41249754628896	0.0
189.42249820613827	0.0
189.4324988659876	0.0
189.44249952583695	0.0
189.45250018568626	0.0
189.4625008455356	0.0
189.47250150538494	0.0
189.48250216523425	0.0
189.4925028250836	0.0
189.5025034849329	0.0
189.51250414478224	0.0
189.52250480463158	0.0
189.5325054644809	0.0
189.54250612433023	0.0
189.55250678417957	0.0
189.56250744402888	0.0
189.57250810387822	0.0
189.58250876372756	0.0
189.59250942357687	0.0
189.6025100834262	0.0
189.61251074327552	0.0
189.62251140312486	0.0
189.6325120629742	0.0
189.6425127228235	0.0
189.65251338267285	226.0
189.6625140425222	223.0
189.6725147023715	220.0
189.68251536222084	220.0
189.69251602207015	220.0
189.7025166819195	220.0
189.71251734176883	220.0
189.72251800161814	223.0
189.73251866146748	223.0
189.74251932131682	223.0
189.75251998116613	223.0
189.76252064101547	223.0
189.77252130086478	220.0
189.78252196071412	220.0
189.79252262056346	223.0
189.80252328041277	223.0
189.8125239402621	223.0
189.82252460011145	226.0
189.83252525996076	226.0
189.8425259198101	226.0
189.85252657965944	226.0
189.86252723950875	226.0
189.8725278993581	226.0
189.8825285592074	226.0
189.89252921905674	226.0
189.90252987890608	226.0
189.9125305387554	223.0
189.92253119860473	223.0
189.93253185845407	223.0
189.94253251830338	220.0
189.95253317815272	220.0
189.96253383800203	220.0
189.97253449785137	220.0
189.9825351577007	223.0
189.99253581755002	228.0
190.00253647739936	234.0
190.0125371372487	236.0
190.022537797098	242.0
190.03253845694735	248.0
190.0425391167967	250.0
190.052539776646	250.0
190.06254043649534	248.0
190.07254109634465	245.0
190.082541756194	239.0
190.09254241604333	236.0
190.10254307589264	234.0
190.11254373574198	231.0
190.12254439559132	228.0
190.13254505544063	228.0
190.14254571528997	228.0
190.15254637513928	228.0
190.16254703498862	228.0
190.17254769483796	228.0
190.18254835468727	228.0
190.1925490145366	228.0
190.20254967438595	228.0
190.21255033423526	228.0
190.2225509940846	226.0
190.2325516539339	226.0
190.24255231378325	223.0
190.2525529736326	220.0
190.2625536334819	218.0
190.27255429333124	213.0
190.28255495318058	210.0
190.2925556130299	213.0
190.30255627287923	218.0
190.31255693272857	223.0
190.32255759257788	228.0
190.33255825242722	231.0
190.34255891227653	234.0
190.35255957212587	236.0
190.3625602319752	239.0
190.37256089182452	242.0
190.38256155167386	242.0
190.3925622115232	245.0
190.4025628713725	245.0
190.41256353122185	245.0
190.42256419107116	245.0
190.4325648509205	245.0
190.44256551076984	245.0
190.45256617061915	245.0
190.4625668304685	245.0
190.47256749031783	245.0
190.48256815016714	245.0
190.49256881001648	245.0
190.5025694698658	242.0
190.51257012971513	242.0
190.52257078956447	242.0
190.53257144941378	239.0
190.54257210926312	239.0
190.55257276911246	236.0
190.56257342896177	234.0
190.5725740888111	228.0
190.58257474866045	226.0
190.59257540850976	220.0
190.6025760683591	215.0
190.6125767282084	208.0
190.62257738805775	201.0
190.6325780479071	196.0
190.6425787077564	192.0
190.65257936760574	192.0
190.66258002745508	194.0
190.6725806873044	196.0
190.68258134715373	199.0
190.69258200700304	201.0
190.70258266685238	206.0
190.71258332670172	210.0
190.72258398655103	215.0
190.73258464640037	220.0
190.7425853062497	226.0
190.75258596609902	228.0
190.76258662594836	228.0
190.77258728579767	228.0
190.782587945647	231.0
190.79258860549635	228.0
190.80258926534566	228.0
190.812589925195	228.0
190.82259058504434	228.0
190.83259124489365	228.0
190.842591904743	228.0
190.85259256459233	226.0
190.86259322444164	226.0
190.87259388429098	226.0
190.8825945441403	226.0
190.89259520398963	226.0
190.90259586383897	226.0
190.91259652368828	226.0
190.92259718353762	226.0
190.93259784338696	223.0
190.94259850323627	223.0
190.9525991630856	223.0
190.96259982293492	223.0
190.97260048278426	223.0
190.9826011426336	223.0
190.9926018024829	223.0
191.00260246233225	226.0
191.0126031221816	226.0
191.0226037820309	226.0
191.03260444188024	226.0
191.04260510172955	228.0
191.0526057615789	228.0
191.06260642142823	228.0
191.07260708127754	228.0
191.08260774112688	228.0
191.09260840097622	228.0
191.10260906082553	228.0
191.11260972067487	228.0
191.1226103805242	228.0
191.13261104037352	228.0
191.14261170022286	228.0
191.15261236007217	228.0
191.1626130199215	228.0
191.17261367977085	228.0
191.18261433962016	226.0
191.1926149994695	226.0
191.20261565931884	223.0
191.21261631916815	220.0
191.2226169790175	220.0
191.2326176388668	218.0
191.24261829871614	220.0
191.25261895856548	223.0
191.2626196184148	228.0
191.27262027826413	236.0
191.28262093811347	242.0
191.29262159796278	248.0
191.30262225781212	256.0
191.31262291766143	259.0
191.32262357751077	259.0
191.3326242373601	259.0
191.34262489720942	259.0
191.35262555705876	268.0
191.3626262169081	268.0
191.3726268767574	268.0
191.38262753660675	268.0
191.3926281964561	265.0
191.4026288563054	262.0
191.41262951615474	256.0
191.42263017600405	253.0
191.4326308358534	250.0
191.44263149570273	245.0
191.45263215555204	242.0
191.46263281540138	239.0
191.47263347525072	234.0
191.48263413510003	231.0
191.49263479494937	226.0
191.50263545479868	223.0
191.51263611464802	220.0
191.52263677449736	218.0
191.53263743434667	218.0
191.542638094196	220.0
191.55263875404535	223.0
191.56263941389466	226.0
191.572640073744	228.0
191.5826407335933	234.0
191.59264139344265	239.0
191.602642053292	245.0
191.6126427131413	250.0
191.62264337299064	256.0
191.63264403283998	262.0
191.6426446926893	265.0
191.65264535253863	268.0
191.66264601238797	272.0
191.67264667223728	272.0
191.68264733208662	272.0
191.69264799193593	272.0
191.70264865178527	272.0
191.7126493116346	272.0
191.72264997148392	272.0
191.73265063133326	272.0
191.7426512911826	272.0
191.7526519510319	272.0
191.76265261088125	272.0
191.77265327073056	268.0
191.7826539305799	268.0
191.79265459042924	268.0
191.80265525027855	268.0
191.8126559101279	268.0
191.82265656997723	272.0
191.83265722982654	272.0
191.84265788967588	272.0
191.85265854952522	275.0
191.86265920937453	275.0
191.87265986922387	275.0
191.88266052907318	275.0
191.89266118892252	275.0
191.90266184877186	272.0
191.91266250862117	272.0
191.9226631684705	272.0
191.93266382831985	272.0
191.94266448816916	272.0
191.9526651480185	272.0
191.9626658078678	272.0
191.97266646771715	272.0
191.9826671275665	268.0
191.9926677874158	268.0
192.00266844726514	268.0
192.01266910711448	268.0
192.0226697669638	268.0
192.03267042681313	268.0
192.04267108666244	268.0
192.05267174651178	268.0
192.06267240636112	268.0
192.07267306621043	272.0
192.08267372605977	272.0
192.0926743859091	272.0
192.10267504575842	272.0
192.11267570560776	272.0
192.1226763654571	272.0
192.1326770253064	272.0
192.14267768515575	272.0
192.15267834500506	272.0
192.1626790048544	272.0
192.17267966470374	272.0
192.18268032455305	272.0
192.1926809844024	272.0
192.20268164425173	272.0
192.21268230410104	272.0
192.22268296395038	272.0
192.2326836237997	272.0
192.24268428364903	272.0
192.25268494349837	272.0
192.26268560334768	272.0
192.27268626319702	272.0
192.28268692304636	272.0
192.29268758289567	272.0
192.302688242745	272.0
192.31268890259432	272.0
192.32268956244366	272.0
192.332690222293	272.0
192.3426908821423	272.0
192.35269154199165	272.0
192.36269220184099	272.0
192.3726928616903	272.0
192.38269352153964	272.0
192.39269418138898	272.0
192.4026948412383	272.0
192.41269550108763	272.0
192.42269616093694	268.0
192.43269682078628	268.0
192.44269748063562	268.0
192.45269814048493	268.0
192.46269880033427	268.0
192.4726994601836	268.0
192.48270012003292	268.0
192.49270077988226	268.0
192.50270143973157	268.0
192.5127020995809	268.0
192.52270275943025	268.0
192.53270341927956	272.0
192.5427040791289	272.0
192.55270473897824	275.0
192.56270539882755	275.0
192.57270605867689	275.0
192.5827067185262	272.0
192.59270737837554	272.0
192.60270803822488	268.0
192.6127086980742	268.0
192.62270935792353	265.0
192.63271001777287	265.0
192.64271067762218	262.0
192.65271133747152	265.0
192.66271199732086	265.0
192.67271265717017	268.0
192.6827133170195	272.0
192.69271397686882	275.0
192.70271463671816	275.0
192.7127152965675	272.0
192.7227159564168	265.0
192.73271661626615	259.0
192.74271727611548	256.0
192.7527179359648	0.0
192.76271859581414	0.0
192.77271925566345	0.0
192.78271991551279	0.0
192.79272057536213	0.0
192.80272123521144	0.0
192.81272189506078	0.0
192.82272255491011	0.0
192.83272321475943	0.0
192.84272387460877	0.0
192.85272453445808	0.0
192.86272519430742	0.0
192.87272585415676	0.0
192.88272651400607	0.0
192.8927271738554	0.0
192.90272783370474	0.0
192.91272849355406	0.0
192.9227291534034	0.0
192.93272981325273	0.0
192.94273047310205	0.0
192.95273113295139	0.0
192.9627317928007	0.0
192.97273245265004	0.0
192.98273311249937	0.0
192.99273377234869	0.0
193.00273443219803	0.0
193.01273509204736	0.0
193.02273575189668	0.0
193.03273641174601	0.0
193.04273707159533	0.0
193.05273773144467	0.0
193.062738391294	0.0
193.07273905114332	0.0
193.08273971099266	0.0
193.092740370842	0.0
193.1027410306913	0.0
193.11274169054064	0.0
193.12274235038996	0.0
193.1327430102393	0.0
193.14274367008863	0.0
193.15274432993795	0.0
193.16274498978729	0.0
193.17274564963662	0.0
193.18274630948594	0.0
193.19274696933527	0.0
193.2027476291846	0.0
193.21274828903393	0.0
193.22274894888326	0.0
193.23274960873258	0.0
193.24275026858191	0.0
193.25275092843125	0.0
193.26275158828057	0.0
193.2727522481299	0.0
193.28275290797924	0.0
193.29275356782856	294.0
193.3027542276779	298.0
193.3127548875272	298.0
193.32275554737654	294.0
193.33275620722588	294.0
193.3427568670752	288.0
193.35275752692453	284.0
193.36275818677387	281.0
193.37275884662319	350.0
193.38275950647252	350.0
193.39276016632184	350.0
193.40276082617117	346.0
193.41276148602051	342.0
193.42276214586983	338.0
193.43276280571916	338.0
193.4427634655685	334.0
193.45276412541781	334.0
193.46276478526715	331.0
193.4727654451165	331.0
193.4827661049658	331.0
193.49276676481514	331.0
193.50276742466446	331.0
193.5127680845138	331.0
193.52276874436313	331.0
193.53276940421244	334.0
193.54277006406178	334.0
193.55277072391112	334.0
193.56277138376043	338.0
193.57277204360977	338.0
193.58277270345909	338.0
193.59277336330842	338.0
193.60277402315776	338.0
193.61277468300707	338.0
193.62277534285641	338.0
193.63277600270575	338.0
193.64277666255506	338.0
193.6527773224044	338.0
193.66277798225371	342.0
193.67277864210305	346.0
193.6827793019524	350.0
193.6927799618017	350.0
193.70278062165104	354.0
193.71278128150038	354.0
193.7227819413497	350.0
193.73278260119903	350.0
193.74278326104837	346.0
193.75278392089768	342.0
193.76278458074702	338.0
193.77278524059633	338.0
193.78278590044567	338.0
193.792786560295	338.0
193.80278722014432	338.0
193.81278787999366	338.0
193.822788539843	338.0
193.83278919969231	338.0
193.84278985954165	338.0
193.85279051939096	338.0
193.8627911792403	334.0
193.87279183908964	331.0
193.88279249893895	323.0
193.8927931587883	316.0
193.90279381863763	316.0
193.91279447848694	316.0
193.92279513833628	319.0
193.93279579818562	323.0
193.94279645803493	323.0
193.95279711788427	331.0
193.96279777773358	338.0
193.97279843758292	354.0
193.98279909743226	367.0
193.99279975728157	371.0
194.0028004171309	367.0
194.01280107698025	367.0
194.02280173682956	363.0
194.0328023966789	363.0
194.04280305652821	358.0
194.05280371637755	354.0
194.0628043762269	354.0
194.0728050360762	350.0
194.08280569592554	346.0
194.09280635577488	342.0
194.1028070156242	338.0
194.11280767547353	338.0
194.12280833532284	334.0
194.13280899517218	334.0
194.14280965502152	334.0
194.15281031487083	334.0
194.16281097472017	334.0
194.1728116345695	334.0
194.18281229441882	334.0
194.19281295426816	334.0
194.2028136141175	338.0
194.2128142739668	342.0
194.22281493381615	342.0
194.23281559366546	350.0
194.2428162535148	354.0
194.25281691336414	358.0
194.26281757321345	358.0
194.2728182330628	363.0
194.28281889291213	358.0
194.29281955276144	358.0
194.30282021261078	358.0
194.3128208724601	354.0
194.32282153230943	350.0
194.33282219215877	346.0
194.34282285200808	342.0
194.35282351185742	338.0
194.36282417170676	331.0
194.37282483155607	327.0
194.3828254914054	323.0
194.39282615125472	319.0
194.40282681110406	316.0
194.4128274709534	308.0
194.4228281308027	305.0
194.43282879065205	301.0
194.4428294505014	298.0
194.4528301103507	291.0
194.46283077020004	288.0
194.47283143004938	284.0
194.4828320898987	281.0
194.49283274974803	278.0
194.50283340959734	275.0
194.51283406944668	272.0
194.52283472929602	272.0
194.53283538914533	268.0
194.54283604899467	265.0
194.552836708844	262.0
194.56283736869332	259.0
194.57283802854266	259.0
194.58283868839197	256.0
194.5928393482413	248.0
194.60284000809065	236.0
194.61284066793996	228.0
194.6228413277893	223.0
194.63284198763864	223.0
194.64284264748795	223.0
194.6528433073373	226.0
194.6628439671866	231.0
194.67284462703594	248.0
194.68284528688528	256.0
194.6928459467346	259.0
194.70284660658393	259.0
194.71284726643327	262.0
194.72284792628258	262.0
194.73284858613192	262.0
194.74284924598126	262.0
194.75284990583057	265.0
194.7628505656799	265.0
194.77285122552922	265.0
194.78285188537856	265.0
194.7928525452279	265.0
194.8028532050772	265.0
194.81285386492655	265.0
194.8228545247759	265.0
194.8328551846252	262.0
194.84285584447454	262.0
194.85285650432385	262.0
194.8628571641732	262.0
194.87285782402253	262.0
194.88285848387184	265.0
194.89285914372118	275.0
194.90285980357052	291.0
194.91286046341983	312.0
194.92286112326917	327.0
194.93286178311848	346.0
194.94286244296782	363.0
194.95286310281716	384.0
194.96286376266647	402.0
194.9728644225158	407.0
194.98286508236515	412.0
194.99286574221446	407.0
195.0028664020638	402.0
195.01286706191314	393.0
195.02286772176245	384.0
195.0328683816118	375.0
195.0428690414611	367.0
195.05286970131044	363.0
195.06287036115978	358.0
195.0728710210091	354.0
195.08287168085843	350.0
195.09287234070777	350.0
195.10287300055708	346.0
195.11287366040642	342.0
195.12287432025573	342.0
195.13287498010507	342.0
195.1428756399544	338.0
195.15287629980372	338.0
195.16287695965306	338.0
195.1728776195024	338.0
195.1828782793517	338.0
195.19287893920105	338.0
195.20287959905036	338.0
195.2128802588997	338.0
195.22288091874904	342.0
195.23288157859835	346.0
195.2428822384477	354.0
195.25288289829703	358.0
195.26288355814634	363.0
195.27288421799568	363.0
195.28288487784502	363.0
195.29288553769433	363.0
195.30288619754367	358.0
195.31288685739298	358.0
195.32288751724232	354.0
195.33288817709166	350.0
195.34288883694097	346.0
195.3528894967903	342.0
195.36289015663965	342.0
195.37289081648896	338.0
195.3828914763383	338.0
195.3928921361876	338.0
195.40289279603695	338.0
195.4128934558863	338.0
195.4228941157356	338.0
195.43289477558494	338.0
195.44289543543428	338.0
195.4528960952836	338.0
195.46289675513293	342.0
195.47289741498224	342.0
195.48289807483158	346.0
195.49289873468092	350.0
195.50289939453023	354.0
195.51290005437957	354.0
195.5229007142289	354.0
195.53290137407822	350.0
195.54290203392756	346.0
195.5529026937769	342.0
195.5629033536262	338.0
195.57290401347555	338.0
195.58290467332486	334.0
195.5929053331742	331.0
195.60290599302354	327.0
195.61290665287285	323.0
195.6229073127222	316.0
195.63290797257153	0.0
195.64290863242084	0.0
195.65290929227018	0.0
195.6629099521195	0.0
195.67291061196883	0.0
195.68291127181817	0.0
195.69291193166748	0.0
195.70291259151682	0.0
195.71291325136616	0.0
195.72291391121547	0.0
195.7329145710648	0.0
195.74291523091415	0.0
195.75291589076346	0.0
195.7629165506128	0.0
195.7729172104621	0.0
195.78291787031145	0.0
195.7929185301608	0.0
195.8029191900101	0.0
195.81291984985944	0.0
195.82292050970878	0.0
195.8329211695581	0.0
195.84292182940743	0.0
195.85292248925674	0.0
195.86292314910608	0.0
195.87292380895542	0.0
195.88292446880473	0.0
195.89292512865407	0.0
195.9029257885034	0.0
195.91292644835272	0.0
195.92292710820206	0.0
195.93292776805137	0.0
195.9429284279007	0.0
195.95292908775005	0.0
195.96292974759936	0.0
195.9729304074487	0.0
195.98293106729804	0.0
195.99293172714735	0.0
196.0029323869967	0.0
196.01293304684603	308.0
196.02293370669534	308.0
196.03293436654468	308.0
196.042935026394	305.0
196.05293568624333	301.0
196.06293634609267	301.0
196.07293700594198	301.0
196.08293766579132	305.0
196.09293832564066	305.0
196.10293898548997	312.0
196.1129396453393	316.0
196.12294030518862	319.0
196.13294096503796	323.0
196.1429416248873	327.0
196.1529422847366	331.0
196.16294294458595	338.0
196.1729436044353	342.0
196.1829442642846	346.0
196.19294492413394	350.0
196.20294558398325	358.0
196.2129462438326	363.0
196.22294690368193	367.0
196.23294756353124	371.0
196.24294822338058	375.0
196.25294888322992	380.0
196.26294954307923	384.0
196.27295020292857	389.0
196.2829508627779	389.0
196.29295152262722	393.0
196.30295218247656	393.0
196.31295284232587	398.0
196.3229535021752	398.0
196.33295416202455	398.0
196.34295482187386	402.0
196.3529554817232	402.0
196.36295614157254	407.0
196.37295680142185	407.0
196.3829574612712	402.0
196.3929581211205	402.0
196.40295878096984	402.0
196.41295944081918	402.0
196.4229601006685	402.0
196.43296076051783	402.0
196.44296142036717	402.0
196.45296208021648	402.0
196.46296274006582	402.0
196.47296339991513	402.0
196.48296405976447	402.0
196.4929647196138	398.0
196.50296537946312	398.0
196.51296603931246	398.0
196.5229666991618	398.0
196.5329673590111	398.0
196.54296801886045	398.0
196.5529686787098	402.0
196.5629693385591	402.0
196.57296999840844	402.0
196.58297065825775	407.0
196.5929713181071	407.0
196.60297197795643	407.0
196.61297263780574	402.0
196.62297329765508	398.0
196.63297395750442	380.0
196.64297461735373	367.0
196.65297527720307	363.0
196.66297593705238	354.0
196.67297659690172	346.0
196.68297725675106	334.0
196.69297791660037	327.0
196.7029785764497	398.0
196.71297923629905	402.0
196.72297989614836	402.0
196.7329805559977	402.0
196.742981215847	402.0
196.75298187569635	402.0
196.7629825355457	402.0
196.772983195395	402.0
196.78298385524434	402.0
196.79298451509368	402.0
196.802985174943	402.0
196.81298583479233	402.0
196.82298649464167	402.0
196.83298715449098	402.0
196.84298781434032	402.0
196.85298847418963	402.0
196.86298913403897	407.0
196.8729897938883	407.0
196.88299045373762	407.0
196.89299111358696	407.0
196.9029917734363	407.0
196.9129924332856	407.0
196.92299309313495	407.0
196.93299375298426	407.0
196.9429944128336	407.0
196.95299507268294	407.0
196.96299573253225	402.0
196.9729963923816	402.0
196.98299705223093	402.0
196.99299771208024	402.0
197.00299837192958	402.0
197.0129990317789	402.0
197.02299969162823	398.0
197.03300035147757	398.0
197.04300101132688	393.0
197.05300167117622	389.0
197.06300233102556	389.0
197.07300299087487	384.0
197.0830036507242	380.0
197.09300431057355	375.0
197.10300497042286	367.0
197.1130056302722	363.0
197.1230062901215	354.0
197.13300694997085	350.0
197.1430076098202	346.0
197.1530082696695	342.0
197.16300892951884	338.0
197.17300958936818	334.0
197.1830102492175	331.0
197.19301090906683	323.0
197.20301156891614	316.0
197.21301222876548	312.0
197.22301288861482	312.0
197.23301354846413	312.0
197.24301420831347	312.0
197.2530148681628	312.0
197.26301552801212	312.0
197.27301618786146	316.0
197.28301684771077	319.0
197.2930175075601	327.0
197.30301816740945	342.0
197.31301882725876	358.0
197.3230194871081	384.0
197.33302014695744	393.0
197.34302080680675	402.0
197.3530214666561	407.0
197.36302212650543	407.0
197.37302278635474	407.0
197.38302344620408	407.0
197.3930241060534	402.0
197.40302476590273	398.0
197.41302542575207	389.0
197.42302608560138	384.0
197.43302674545072	375.0
197.44302740530006	371.0
197.45302806514937	367.0
197.4630287249987	363.0
197.47302938484802	358.0
197.48303004469736	354.0
197.4930307045467	350.0
197.503031364396	346.0
197.51303202424535	342.0
197.5230326840947	338.0
197.533033343944	338.0
197.54303400379334	338.0
197.55303466364265	334.0
197.563035323492	334.0
197.57303598334133	334.0
197.58303664319064	334.0
197.59303730303998	334.0
197.60303796288932	334.0
197.61303862273863	334.0
197.62303928258797	334.0
197.6330399424373	334.0
197.64304060228662	334.0
197.65304126213596	334.0
197.66304192198527	334.0
197.6730425818346	338.0
197.68304324168395	342.0
197.69304390153326	346.0
197.7030445613826	350.0
197.71304522123194	354.0
197.72304588108125	358.0
197.7330465409306	358.0
197.7430472007799	363.0
197.75304786062924	363.0
197.76304852047858	363.0
197.7730491803279	363.0
197.78304984017723	358.0
197.79305050002657	354.0
197.80305115987588	354.0
197.81305181972522	350.0
197.82305247957456	346.0
197.83305313942387	342.0
197.8430537992732	338.0
197.85305445912252	334.0
197.86305511897186	331.0
197.8730557788212	327.0
197.8830564386705	323.0
197.89305709851985	319.0
197.9030577583692	316.0
197.9130584182185	312.0
197.92305907806784	308.0
197.93305973791715	305.0
197.9430603977665	301.0
197.95306105761583	298.0
197.96306171746514	298.0
197.97306237731448	294.0
197.98306303716382	288.0
197.99306369701313	284.0
198.00306435686247	281.0
198.01306501671178	281.0
198.02306567656112	278.0
198.03306633641046	278.0
198.04306699625977	275.0
198.0530676561091	272.0
198.06306831595845	272.0
198.07306897580776	268.0
198.0830696356571	268.0
198.09307029550644	268.0
198.10307095535575	268.0
198.1130716152051	268.0
198.1230722750544	268.0
198.13307293490374	268.0
198.14307359475308	268.0
198.1530742546024	268.0
198.16307491445173	268.0
198.17307557430107	268.0
198.18307623415038	268.0
198.19307689399972	268.0
198.20307755384903	268.0
198.21307821369837	268.0
198.2230788735477	268.0
198.23307953339702	268.0
198.24308019324636	268.0
198.2530808530957	268.0
198.263081512945	268.0
198.27308217279435	268.0
198.28308283264366	268.0
198.293083492493	268.0
198.30308415234234	268.0
198.31308481219165	268.0
198.323085472041	268.0
198.33308613189033	268.0
198.34308679173964	268.0
198.35308745158898	268.0
198.36308811143832	268.0
198.37308877128763	268.0
198.38308943113697	272.0
198.39309009098628	272.0
198.40309075083562	272.0
198.41309141068496	275.0
198.42309207053427	272.0
198.4330927303836	272.0
198.44309339023295	272.0
198.45309405008226	272.0
198.4630947099316	268.0
198.4730953697809	268.0
198.48309602963025	265.0
198.4930966894796	265.0
198.5030973493289	265.0
198.51309800917824	265.0
198.52309866902758	268.0
198.5330993288769	268.0
198.54309998872623	272.0
198.55310064857554	272.0
198.56310130842488	272.0
198.57310196827422	272.0
198.58310262812353	272.0
198.59310328797287	272.0
198.6031039478222	268.0
198.61310460767152	268.0
198.62310526752086	265.0
198.6331059273702	262.0
198.6431065872195	259.0
198.65310724706885	253.0
198.66310790691816	245.0
198.6731085667675	239.0
198.68310922661684	236.0
198.69310988646615	234.0
198.7031105463155	234.0
198.71311120616483	236.0
198.72311186601414	245.0
198.73311252586348	256.0
198.7431131857128	262.0
198.75311384556213	262.0
198.76311450541147	265.0
198.77311516526078	265.0
198.78311582511012	265.0
198.79311648495946	265.0
198.80311714480877	265.0
198.8131178046581	265.0
198.82311846450742	265.0
198.83311912435676	265.0
198.8431197842061	265.0
198.8531204440554	265.0
198.86312110390475	265.0
198.87312176375409	265.0
198.8831224236034	265.0
198.89312308345274	265.0
198.90312374330207	265.0
198.9131244031514	265.0
198.92312506300073	262.0
198.93312572285004	262.0
198.94312638269938	259.0
198.95312704254872	253.0
198.96312770239803	250.0
198.97312836224737	245.0
198.9831290220967	242.0
198.99312968194602	239.0
199.00313034179536	236.0
199.01313100164467	236.0
199.023131661494	234.0
199.03313232134334	234.0
199.04313298119266	236.0
199.053133641042	236.0
199.06313430089133	236.0
199.07313496074065	236.0
199.08313562058999	236.0
199.0931362804393	236.0
199.10313694028864	236.0
199.11313760013797	234.0
199.1231382599873	234.0
199.13313891983663	231.0
199.14313957968596	231.0
199.15314023953528	234.0
199.16314089938462	236.0
199.17314155923395	245.0
199.18314221908327	256.0
199.1931428789326	278.0
199.20314353878192	298.0
199.21314419863126	308.0
199.2231448584806	316.0
199.2331455183299	316.0
199.24314617817924	316.0
199.25314683802858	308.0
199.2631474978779	298.0
199.27314815772723	256.0
199.28314881757655	242.0
199.29314947742589	213.0
199.30315013727522	199.0
199.31315079712454	194.0
199.32315145697387	196.0
199.33315211682321	199.0
199.34315277667253	203.0
199.35315343652186	206.0
199.36315409637118	208.0
199.37315475622052	213.0
199.38315541606985	215.0
199.39315607591917	218.0
199.4031567357685	223.0
199.41315739561784	226.0
199.42315805546716	226.0
199.4331587153165	226.0
199.44315937516583	226.0
199.45316003501515	226.0
199.46316069486448	226.0
199.4731613547138	226.0
199.48316201456313	226.0
199.49316267441247	226.0
199.50316333426179	226.0
199.51316399411112	226.0
199.52316465396046	226.0
199.53316531380977	226.0
199.54316597365911	226.0
199.55316663350843	226.0
199.56316729335776	226.0
199.5731679532071	226.0
199.58316861305642	226.0
199.59316927290575	226.0
199.6031699327551	226.0
199.6131705926044	228.0
199.62317125245374	228.0
199.63317191230308	228.0
199.6431725721524	228.0
199.65317323200173	228.0
199.66317389185105	228.0
199.67317455170038	228.0
199.68317521154972	228.0
199.69317587139903	226.0
199.70317653124837	226.0
199.7131771910977	226.0
199.72317785094702	226.0
199.73317851079636	223.0
199.74317917064567	223.0
199.75317983049501	223.0
199.76318049034435	223.0
199.77318115019366	223.0
199.783181810043	223.0
199.79318246989234	223.0
199.80318312974165	223.0
199.813183789591	223.0
199.8231844494403	226.0
199.83318510928964	226.0
199.84318576913898	226.0
199.8531864289883	226.0
199.86318708883763	226.0
199.87318774868697	226.0
199.88318840853628	226.0
199.89318906838562	223.0
199.90318972823496	223.0
199.91319038808427	210.0
199.9231910479336	201.0
199.93319170778292	0.0
199.94319236763226	0.0
199.9531930274816	0.0
199.96319368733091	0.0
199.97319434718025	0.0
199.9831950070296	0.0
199.9931956668789	234.0
200.00319632672824	242.0
200.01319698657755	248.0
200.0231976464269	245.0
200.03319830627623	242.0
200.04319896612554	239.0
200.05319962597488	236.0
200.06320028582422	234.0
200.07320094567353	231.0
200.08320160552287	228.0
200.09320226537218	228.0
200.10320292522152	226.0
200.11320358507086	223.0
200.12320424492017	220.0
200.1332049047695	220.0
200.14320556461885	220.0
200.15320622446816	220.0
200.1632068843175	220.0
200.17320754416684	223.0
200.18320820401615	226.0
200.1932088638655	228.0
200.2032095237148	234.0
200.21321018356414	239.0
200.22321084341348	242.0
200.2332115032628	245.0
200.24321216311213	248.0
200.25321282296147	248.0
200.26321348281078	248.0
200.27321414266012	248.0
200.28321480250943	245.0
200.29321546235877	242.0
200.3032161222081	239.0
200.31321678205742	236.0
200.32321744190676	234.0
200.3332181017561	231.0
200.3432187616054	228.0
200.35321942145475	226.0
200.36322008130406	223.0
200.3732207411534	220.0
200.38322140100274	218.0
200.39322206085205	215.0
200.4032227207014	213.0
200.41322338055073	210.0
200.42322404040004	208.0
200.43322470024938	206.0
200.44322536009872	203.0
200.45322601994803	203.0
200.46322667979737	201.0
200.47322733964668	201.0
200.48322799949602	201.0
200.49322865934536	201.0
200.50322931919467	199.0
200.513229979044	199.0
200.52323063889335	201.0
200.53323129874266	201.0
200.543231958592	201.0
200.5532326184413	201.0
200.56323327829065	201.0
200.57323393814	199.0
200.5832345979893	196.0
200.59323525783864	192.0
200.60323591768798	190.0
200.6132365775373	187.0
200.62323723738663	187.0
200.63323789723594	187.0
200.64323855708528	187.0
200.65323921693462	187.0
200.66323987678393	187.0
200.67324053663327	190.0
200.6832411964826	192.0
200.69324185633192	196.0
200.70324251618126	206.0
200.7132431760306	213.0
200.7232438358799	220.0
200.73324449572925	228.0
200.74324515557856	231.0
200.7532458154279	231.0
200.76324647527724	231.0
200.77324713512655	231.0
200.7832477949759	231.0
200.79324845482523	231.0
200.80324911467454	231.0
200.81324977452388	228.0
200.8232504343732	228.0
200.83325109422253	228.0
200.84325175407187	228.0
200.85325241392118	228.0
200.86325307377052	228.0
200.87325373361986	228.0
200.88325439346917	228.0
200.8932550533185	228.0
200.90325571316782	226.0
200.91325637301716	226.0
200.9232570328665	226.0
200.9332576927158	226.0
200.94325835256515	226.0
200.9532590124145	226.0
200.9632596722638	226.0
200.97326033211314	226.0
200.98326099196248	226.0
200.9932616518118	226.0
201.00326231166113	226.0
201.01326297151044	228.0
201.02326363135978	228.0
201.03326429120912	228.0
201.04326495105843	228.0
201.05326561090777	226.0
201.0632662707571	226.0
201.07326693060642	226.0
201.08326759045576	226.0
201.09326825030507	226.0
201.1032689101544	226.0
201.11326957000375	226.0
201.12327022985306	226.0
201.1332708897024	226.0
201.14327154955174	226.0
201.15327220940105	226.0
201.1632728692504	226.0
201.1732735290997	226.0
201.18327418894904	226.0
201.19327484879838	226.0
201.2032755086477	226.0
201.21327616849703	226.0
201.22327682834637	228.0
201.23327748819568	228.0
201.24327814804502	228.0
201.25327880789436	228.0
201.26327946774367	228.0
201.273280127593	228.0
201.28328078744232	228.0
201.29328144729166	231.0
201.303282107141	231.0
201.3132827669903	231.0
201.32328342683965	228.0
201.333284086689	226.0
201.3432847465383	223.0
201.35328540638764	215.0
201.36328606623695	208.0
201.3732867260863	206.0
201.38328738593563	206.0
201.39328804578494	208.0
201.40328870563428	215.0
201.41328936548362	223.0
201.42329002533293	226.0
201.43329068518227	228.0
201.4432913450316	228.0
201.45329200488092	228.0
201.46329266473026	226.0
201.47329332457957	226.0
201.4832939844289	226.0
201.49329464427825	226.0
201.50329530412756	228.0
201.5132959639769	228.0
201.52329662382624	228.0
201.53329728367555	226.0
201.5432979435249	223.0
201.5532986033742	223.0
201.56329926322354	223.0
201.57329992307288	226.0
201.5833005829222	228.0
201.59330124277153	234.0
201.60330190262087	239.0
201.61330256247018	245.0
201.62330322231952	248.0
201.63330388216883	253.0
201.64330454201817	259.0
201.6533052018675	259.0
201.66330586171682	259.0
201.67330652156616	256.0
201.6833071814155	253.0
201.6933078412648	250.0
201.70330850111415	248.0
201.7133091609635	242.0
201.7233098208128	239.0
201.73331048066214	234.0
201.74331114051145	231.0
201.7533118003608	231.0
201.76331246021013	228.0
201.77331312005944	226.0
201.78331377990878	226.0
201.79331443975812	226.0
201.80331509960743	226.0
201.81331575945677	228.0
201.82331641930608	231.0
201.83331707915542	236.0
201.84331773900476	242.0
201.85331839885407	250.0
201.8633190587034	256.0
201.87331971855275	262.0
201.88332037840206	268.0
201.8933210382514	272.0
201.9033216981007	272.0
201.91332235795005	272.0
201.9233230177994	272.0
201.9333236776487	268.0
201.94332433749804	265.0
201.95332499734738	262.0
201.9633256571967	259.0
201.97332631704603	253.0
201.98332697689537	242.0
201.99332763674468	234.0
202.00332829659402	226.0
202.01332895644333	218.0
202.02332961629267	213.0
202.033330276142	208.0
202.04333093599132	206.0
202.05333159584066	206.0
202.06333225569	206.0
202.0733329155393	210.0
202.08333357538865	215.0
202.09333423523796	223.0
202.1033348950873	231.0
202.11333555493664	242.0
202.12333621478595	250.0
202.1333368746353	253.0
202.14333753448463	259.0
202.15333819433394	262.0
202.16333885418328	265.0
202.1733395140326	265.0
202.18334017388193	265.0
202.19334083373127	265.0
202.20334149358058	265.0
202.21334215342992	265.0
202.22334281327926	265.0
202.23334347312857	265.0
202.2433441329779	265.0
202.25334479282725	265.0
202.26334545267656	265.0
202.2733461125259	262.0
202.2833467723752	262.0
202.29334743222455	262.0
202.3033480920739	262.0
202.3133487519232	262.0
202.32334941177254	262.0
202.33335007162188	262.0
202.3433507314712	265.0
202.35335139132053	265.0
202.36335205116984	262.0
202.37335271101918	262.0
202.38335337086852	256.0
202.39335403071783	250.0
202.40335469056717	245.0
202.4133553504165	242.0
202.42335601026582	248.0
202.43335667011516	253.0
202.44335732996447	262.0
202.4533579898138	265.0
202.46335864966315	268.0
202.47335930951246	268.0
202.4833599693618	268.0
202.49336062921114	272.0
202.50336128906045	275.0
202.5133619489098	281.0
202.52336260875913	291.0
202.53336326860844	316.0
202.54336392845778	338.0
202.5533645883071	354.0
202.56336524815643	358.0
202.57336590800577	354.0
202.58336656785508	346.0
202.59336722770442	327.0
202.60336788755376	308.0
202.61336854740307	291.0
202.6233692072524	272.0
202.63336986710172	262.0
202.64337052695106	256.0
202.6533711868004	256.0
202.6633718466497	256.0
202.67337250649905	259.0
202.6833731663484	262.0
202.6933738261977	259.0
202.70337448604704	256.0
202.71337514589635	250.0
202.7233758057457	242.0
202.73337646559503	239.0
202.74337712544434	242.0
202.75337778529368	272.0
202.76337844514302	275.0
202.77337910499233	275.0
202.78337976484167	272.0
202.793380424691	268.0
202.80338108454032	268.0
202.81338174438966	272.0
202.82338240423897	275.0
202.8333830640883	281.0
202.84338372393765	291.0
202.85338438378696	301.0
202.8633850436363	312.0
202.87338570348564	331.0
202.88338636333495	346.0
202.8933870231843	363.0
202.9033876830336	375.0
202.91338834288294	402.0
202.92338900273228	417.0
202.9333896625816	421.0
202.94339032243093	421.0
202.95339098228027	417.0
202.96339164212958	402.0
202.97339230197892	389.0
202.98339296182823	371.0
202.99339362167757	363.0
203.0033942815269	350.0
203.01339494137622	338.0
203.02339560122556	331.0
203.0333962610749	327.0
203.0433969209242	327.0
203.05339758077355	327.0
203.0633982406229	331.0
203.0733989004722	338.0
203.08339956032154	346.0
203.09340022017085	358.0
203.1034008800202	363.0
203.11340153986953	367.0
203.12340219971884	367.0
203.13340285956818	363.0
203.14340351941752	350.0
203.15340417926683	327.0
203.16340483911617	0.0
203.17340549896548	0.0
203.18340615881482	0.0
203.19340681866416	0.0
203.20340747851347	0.0
203.2134081383628	0.0
203.22340879821215	0.0
203.23340945806146	0.0
203.2434101179108	0.0
203.2534107777601	0.0
203.26341143760945	0.0
203.2734120974588	0.0
203.2834127573081	0.0
203.29341341715744	0.0
203.30341407700678	0.0
203.3134147368561	0.0
203.32341539670543	0.0
203.33341605655477	0.0
203.34341671640408	0.0
203.35341737625342	0.0
203.36341803610273	0.0
203.37341869595207	0.0
203.3834193558014	0.0
203.39342001565072	0.0
203.40342067550006	0.0
203.4134213353494	0.0
203.4234219951987	0.0
203.43342265504805	316.0
203.44342331489736	312.0
203.4534239747467	312.0
203.46342463459604	308.0
203.47342529444535	312.0
203.4834259542947	312.0
203.49342661414403	316.0
203.50342727399334	323.0
203.51342793384268	327.0
203.52342859369202	334.0
203.53342925354133	346.0
203.54342991339067	363.0
203.55343057323998	371.0
203.56343123308932	380.0
203.57343189293866	380.0
203.58343255278797	380.0
203.5934332126373	363.0
203.60343387248665	346.0
203.61343453233596	334.0
203.6234351921853	323.0
203.6334358520346	319.0
203.64343651188395	319.0
203.6534371717333	327.0
203.6634378315826	338.0
203.67343849143194	354.0
203.68343915128128	367.0
203.6934398111306	393.0
203.70344047097993	407.0
203.71344113082924	421.0
203.72344179067858	421.0
203.73344245052792	417.0
203.74344311037723	402.0
203.75344377022657	384.0
203.7634444300759	358.0
203.77344508992522	334.0
203.78344574977456	327.0
203.7934464096239	327.0
203.8034470694732	331.0
203.81344772932255	338.0
203.82344838917186	346.0
203.8334490490212	358.0
203.84344970887054	367.0
203.85345036871985	375.0
203.8634510285692	375.0
203.87345168841853	371.0
203.88345234826784	367.0
203.89345300811718	346.0
203.9034536679665	308.0
203.91345432781583	259.0
203.92345498766517	242.0
203.93345564751448	231.0
203.94345630736382	231.0
203.95345696721316	231.0
203.96345762706247	236.0
203.9734582869118	248.0
203.98345894676112	259.0
203.99345960661046	268.0
204.0034602664598	275.0
204.0134609263091	275.0
204.02346158615845	275.0
204.0334622460078	272.0
204.0434629058571	265.0
204.05346356570644	259.0
204.06346422555578	256.0
204.0734648854051	250.0
204.08346554525443	245.0
204.09346620510374	239.0
204.10346686495308	239.0
204.11346752480242	248.0
204.12346818465173	259.0
204.13346884450107	288.0
204.1434695043504	308.0
204.15347016419972	319.0
204.16347082404906	334.0
204.17347148389837	346.0
204.1834721437477	354.0
204.19347280359705	354.0
204.20347346344636	350.0
204.2134741232957	334.0
204.22347478314504	312.0
204.23347544299435	291.0
204.2434761028437	275.0
204.253476762693	268.0
204.26347742254234	265.0
204.27347808239168	272.0
204.283478742241	291.0
204.29347940209033	305.0
204.30348006193967	316.0
204.31348072178898	327.0
204.32348138163832	338.0
204.33348204148766	342.0
204.34348270133697	346.0
204.3534833611863	346.0
204.36348402103562	346.0
204.37348468088496	338.0
204.3834853407343	331.0
204.3934860005836	323.0
204.40348666043295	316.0
204.4134873202823	308.0
204.4234879801316	308.0
204.43348863998094	312.0
204.44348929983025	319.0
204.4534899596796	327.0
204.46349061952893	338.0
204.47349127937824	354.0
204.48349193922758	367.0
204.49349259907692	384.0
204.50349325892623	393.0
204.51349391877557	407.0
204.52349457862488	412.0
204.53349523847422	412.0
204.54349589832356	412.0
204.55349655817287	412.0
204.5634972180222	412.0
204.57349787787155	407.0
204.58349853772086	407.0
204.5934991975702	407.0
204.60349985741954	407.0
204.61350051726885	407.0
204.6235011771182	407.0
204.6335018369675	407.0
204.64350249681684	407.0
204.65350315666618	407.0
204.6635038165155	402.0
204.67350447636483	393.0
204.68350513621417	375.0
204.69350579606348	363.0
204.70350645591282	363.0
204.71350711576213	0.0
204.72350777561147	0.0
204.7335084354608	0.0
204.74350909531012	0.0
204.75350975515946	342.0
204.7635104150088	338.0
204.7735110748581	331.0
204.78351173470745	327.0
204.79351239455676	323.0
204.8035130544061	323.0
204.81351371425544	331.0
204.82351437410475	334.0
204.8335150339541	342.0
204.84351569380343	350.0
204.85351635365274	354.0
204.86351701350208	358.0
204.87351767335142	363.0
204.88351833320073	363.0
204.89351899305007	358.0
204.90351965289938	350.0
204.91352031274872	338.0
204.92352097259806	334.0
204.93352163244737	331.0
204.9435222922967	334.0
204.95352295214605	350.0
204.96352361199536	367.0
204.9735242718447	398.0
204.983524931694	417.0
204.99352559154335	426.0
205.00352625139269	431.0
205.013526911242	431.0
205.02352757109134	426.0
205.03352823094068	412.0
205.04352889079	389.0
205.05352955063933	367.0
205.06353021048864	346.0
205.07353087033798	323.0
205.08353153018732	316.0
205.09353219003663	316.0
205.10353284988597	316.0
205.1135335097353	323.0
205.12353416958462	334.0
205.13353482943396	346.0
205.1435354892833	350.0
205.1535361491326	350.0
205.16353680898195	350.0
205.17353746883126	338.0
205.1835381286806	323.0
205.19353878852993	308.0
205.20353944837925	281.0
205.21354010822859	265.0
205.22354076807792	262.0
205.23354142792724	262.0
205.24354208777658	275.0
205.2535427476259	305.0
205.26354340747523	319.0
205.27354406732456	334.0
205.28354472717388	354.0
205.29354538702322	371.0
205.30354604687255	380.0
205.31354670672187	380.0
205.3235473665712	380.0
205.33354802642054	371.0
205.34354868626986	308.0
205.3535493461192	298.0
205.3635500059685	256.0
205.37355066581785	245.0
205.38355132566718	236.0
205.3935519855165	236.0
205.40355264536583	250.0
205.41355330521517	256.0
205.42355396506449	259.0
205.43355462491382	259.0
205.44355528476314	262.0
205.45355594461248	262.0
205.46355660446181	262.0
205.47355726431113	265.0
205.48355792416046	265.0
205.4935585840098	268.0
205.50355924385912	268.0
205.51355990370845	268.0
205.52356056355777	268.0
205.5335612234071	268.0
205.54356188325644	268.0
205.55356254310576	268.0
205.5635632029551	268.0
205.57356386280443	268.0
205.58356452265375	268.0
205.59356518250308	268.0
205.60356584235242	268.0
205.61356650220173	272.0
205.62356716205107	272.0
205.63356782190039	272.0
205.64356848174972	272.0
205.65356914159906	268.0
205.66356980144838	268.0
205.67357046129771	265.0
205.68357112114705	259.0
205.69357178099636	245.0
205.7035724408457	234.0
205.71357310069502	231.0
205.72357376054435	228.0
205.7335744203937	226.0
205.743575080243	220.0
205.75357574009234	213.0
205.76357639994168	208.0
205.773577059791	206.0
205.78357771964033	208.0
205.79357837948965	210.0
205.80357903933898	218.0
205.81357969918832	231.0
205.82358035903763	242.0
205.83358101888697	250.0
205.8435816787363	259.0
205.85358233858562	262.0
205.86358299843496	259.0
205.8735836582843	253.0
205.88358431813361	239.0
205.89358497798295	223.0
205.90358563783226	215.0
205.9135862976816	215.0
205.92358695753094	220.0
205.93358761738025	231.0
205.9435882772296	248.0
205.95358893707893	259.0
205.96358959692824	275.0
205.97359025677758	288.0
205.9835909166269	288.0
205.99359157647623	288.0
206.00359223632557	284.0
206.01359289617488	272.0
206.02359355602422	259.0
206.03359421587356	239.0
206.04359487572287	223.0
206.0535955355722	208.0
206.06359619542152	201.0
206.07359685527086	196.0
206.0835975151202	196.0
206.09359817496951	199.0
206.10359883481885	203.0
206.1135994946682	208.0
206.1236001545175	215.0
206.13360081436684	228.0
206.14360147421618	239.0
206.1536021340655	245.0
206.16360279391483	248.0
206.17360345376414	248.0
206.18360411361348	245.0
206.19360477346282	239.0
206.20360543331213	228.0
206.21360609316147	223.0
206.2236067530108	218.0
206.23360741286012	218.0
206.24360807270946	223.0
206.25360873255877	231.0
206.2636093924081	236.0
206.27361005225745	245.0
206.28361071210676	250.0
206.2936113719561	256.0
206.30361203180544	253.0
206.31361269165475	245.0
206.3236133515041	228.0
206.3336140113534	215.0
206.34361467120274	203.0
206.35361533105208	194.0
206.3636159909014	190.0
206.37361665075073	190.0
206.38361731060007	192.0
206.39361797044938	196.0
206.40361863029872	199.0
206.41361929014806	203.0
206.42361994999737	203.0
206.4336206098467	203.0
206.44362126969602	203.0
206.45362192954536	201.0
206.4636225893947	199.0
206.473623249244	194.0
206.48362390909335	192.0
206.4936245689427	190.0
206.503625228792	190.0
206.51362588864134	192.0
206.52362654849065	196.0
206.53362720834	201.0
206.54362786818933	206.0
206.55362852803864	210.0
206.56362918788798	215.0
206.57362984773732	223.0
206.58363050758663	228.0
206.59363116743597	234.0
206.60363182728528	234.0
206.61363248713462	234.0
206.62363314698396	231.0
206.63363380683327	228.0
206.6436344666826	223.0
206.65363512653195	218.0
206.66363578638126	210.0
206.6736364462306	208.0
206.68363710607994	208.0
206.69363776592925	213.0
206.7036384257786	223.0
206.7136390856279	236.0
206.72363974547724	248.0
206.73364040532658	253.0
206.7436410651759	259.0
206.75364172502523	259.0
206.76364238487457	256.0
206.77364304472388	250.0
206.78364370457322	242.0
206.79364436442253	215.0
206.80364502427187	203.0
206.8136456841212	196.0
206.82364634397052	192.0
206.83364700381986	192.0
206.8436476636692	192.0
206.8536483235185	196.0
206.86364898336785	199.0
206.87364964321716	203.0
206.8836503030665	206.0
206.89365096291584	210.0
206.90365162276515	210.0
206.9136522826145	210.0
206.92365294246383	210.0
206.93365360231314	208.0
206.94365426216248	206.0
206.95365492201182	203.0
206.96365558186113	201.0
206.97365624171047	199.0
206.98365690155978	196.0
206.99365756140912	194.0
207.00365822125846	196.0
207.01365888110777	201.0
207.0236595409571	208.0
207.03366020080645	215.0
207.04366086065576	223.0
207.0536615205051	228.0
207.0636621803544	234.0
207.07366284020375	236.0
207.0836635000531	239.0
207.0936641599024	239.0
207.10366481975174	236.0
207.11366547960108	228.0
207.1236661394504	223.0
207.13366679929973	215.0
207.14366745914904	210.0
207.15366811899838	208.0
207.16366877884772	208.0
207.17366943869703	208.0
207.18367009854637	215.0
207.1936707583957	231.0
207.20367141824502	242.0
207.21367207809436	248.0
207.2236727379437	253.0
207.233673397793	256.0
207.24367405764235	259.0
207.25367471749166	268.0
207.263675377341	278.0
207.27367603719034	294.0
207.28367669703965	291.0
207.293677356889	284.0
207.30367801673833	275.0
207.31367867658764	262.0
207.32367933643698	256.0
207.3336799962863	250.0
207.34368065613563	245.0
207.35368131598497	242.0
207.36368197583428	234.0
207.37368263568362	226.0
207.38368329553296	220.0
207.39368395538227	215.0
207.4036846152316	213.0
207.41368527508095	213.0
207.42368593493026	213.0
207.4336865947796	220.0
207.4436872546289	231.0
207.45368791447825	239.0
207.4636885743276	248.0
207.4736892341769	256.0
207.48368989402624	265.0
207.49369055387558	272.0
207.5036912137249	275.0
207.51369187357423	278.0
207.52369253342354	278.0
207.53369319327288	275.0
207.54369385312222	275.0
207.55369451297153	272.0
207.56369517282087	272.0
207.5736958326702	272.0
207.58369649251952	272.0
207.59369715236886	268.0
207.60369781221817	268.0
207.6136984720675	268.0
207.62369913191685	268.0
207.63369979176616	268.0
207.6437004516155	268.0
207.65370111146484	268.0
207.66370177131415	272.0
207.6737024311635	272.0
207.68370309101283	272.0
207.69370375086214	272.0
207.70370441071148	268.0
207.7137050705608	265.0
207.72370573041013	259.0
207.73370639025947	259.0
207.74370705010878	265.0
207.75370770995812	0.0
207.76370836980746	0.0
207.77370902965677	0.0
207.7837096895061	0.0
207.79371034935542	0.0
207.80371100920476	0.0
207.8137116690541	0.0
207.8237123289034	0.0
207.83371298875275	0.0
207.8437136486021	0.0
207.8537143084514	0.0
207.86371496830074	0.0
207.87371562815005	0.0
207.8837162879994	0.0
207.89371694784873	0.0
207.90371760769804	0.0
207.91371826754738	0.0
207.92371892739672	0.0
207.93371958724603	0.0
207.94372024709537	0.0
207.9537209069447	0.0
207.96372156679402	0.0
207.97372222664336	0.0
207.98372288649267	0.0
207.993723546342	0.0
208.00372420619135	0.0
208.01372486604066	0.0
208.02372552589	0.0
208.03372618573934	0.0
208.04372684558865	0.0
208.053727505438	0.0
208.0637281652873	0.0
208.07372882513664	0.0
208.08372948498598	0.0
208.0937301448353	0.0
208.10373080468463	0.0
208.11373146453397	0.0
208.12373212438328	0.0
208.13373278423262	0.0
208.14373344408193	0.0
208.15373410393127	0.0
208.1637347637806	0.0
208.17373542362992	0.0
208.18373608347926	0.0
208.1937367433286	0.0
208.2037374031779	0.0
208.21373806302725	0.0
208.2237387228766	0.0
208.2337393827259	0.0
208.24374004257524	0.0
208.25374070242455	0.0
208.2637413622739	0.0
208.27374202212323	0.0
208.28374268197254	316.0
208.29374334182188	316.0
208.30374400167122	319.0
208.31374466152053	327.0
208.32374532136987	363.0
208.33374598121918	371.0
208.34374664106852	371.0
208.35374730091786	367.0
208.36374796076717	358.0
208.3737486206165	354.0
208.38374928046585	350.0
208.39374994031516	346.0
208.4037506001645	342.0
208.4137512600138	342.0
208.42375191986315	342.0
208.4337525797125	338.0
208.4437532395618	338.0
208.45375389941114	338.0
208.46375455926048	338.0
208.4737552191098	342.0
208.48375587895913	342.0
208.49375653880847	342.0
208.50375719865778	338.0
208.51375785850712	334.0
208.52375851835643	327.0
208.53375917820577	323.0
208.5437598380551	327.0
208.55376049790442	331.0
208.56376115775376	334.0
208.5737618176031	334.0
208.5837624774524	338.0
208.59376313730175	338.0
208.60376379715106	342.0
208.6137644570004	342.0
208.62376511684974	350.0
208.63376577669905	358.0
208.6437664365484	367.0
208.65376709639773	367.0
208.66376775624704	371.0
208.67376841609638	371.0
208.6837690759457	371.0
208.69376973579503	371.0
208.70377039564437	371.0
208.71377105549368	367.0
208.72377171534302	363.0
208.73377237519236	354.0
208.74377303504167	350.0
208.753773694891	338.0
208.76377435474035	331.0
208.77377501458966	319.0
208.783775674439	308.0
208.7937763342883	301.0
208.80377699413765	291.0
208.813777653987	284.0
208.8237783138363	281.0
208.83377897368564	275.0
208.84377963353498	272.0
208.8537802933843	272.0
208.86378095323363	268.0
208.87378161308294	262.0
208.88378227293228	259.0
208.89378293278162	253.0
208.90378359263093	245.0
208.91378425248027	239.0
208.9237849123296	234.0
208.93378557217892	231.0
208.94378623202826	234.0
208.95378689187757	253.0
208.9637875517269	259.0
208.97378821157625	265.0
208.98378887142556	265.0
208.9937895312749	268.0
209.00379019112424	268.0
209.01379085097355	268.0
209.0237915108229	268.0
209.03379217067223	268.0
209.04379283052154	268.0
209.05379349037088	272.0
209.0637941502202	275.0
209.07379481006953	288.0
209.08379546991887	301.0
209.09379612976818	319.0
209.10379678961752	334.0
209.11379744946686	346.0
209.12379810931617	367.0
209.1337987691655	389.0
209.14379942901482	402.0
209.15380008886416	402.0
209.1638007487135	402.0
209.1738014085628	393.0
209.18380206841215	389.0
209.1938027282615	380.0
209.2038033881108	371.0
209.21380404796014	363.0
209.22380470780948	354.0
209.2338053676588	346.0
209.24380602750813	338.0
209.25380668735744	334.0
209.26380734720678	334.0
209.27380800705612	331.0
209.28380866690543	331.0
209.29380932675477	331.0
209.3038099866041	331.0
209.31381064645342	331.0
209.32381130630276	334.0
209.33381196615207	338.0
209.3438126260014	346.0
209.35381328585075	354.0
209.36381394570006	363.0
209.3738146055494	367.0
209.38381526539874	371.0
209.39381592524805	375.0
209.4038165850974	375.0
209.4138172449467	371.0
209.42381790479604	367.0
209.43381856464538	363.0
209.4438192244947	354.0
209.45381988434403	342.0
209.46382054419337	338.0
209.47382120404268	334.0
209.48382186389202	334.0
209.49382252374136	331.0
209.50382318359067	331.0
209.51382384344	331.0
209.52382450328932	331.0
209.53382516313866	323.0
209.543825822988	312.0
209.5538264828373	0.0
209.56382714268665	0.0
209.573827802536	0.0
209.5838284623853	0.0
209.59382912223464	0.0
209.60382978208395	0.0
209.6138304419333	0.0
209.62383110178263	0.0
209.63383176163194	0.0
209.64383242148128	0.0
209.65383308133062	402.0
209.66383374117993	407.0
209.67383440102927	407.0
209.68383506087858	407.0
209.69383572072792	402.0
209.70383638057726	402.0
209.71383704042657	402.0
209.7238377002759	402.0
209.73383836012525	398.0
209.74383901997456	398.0
209.7538396798239	398.0
209.76384033967324	398.0
209.77384099952255	402.0
209.7838416593719	402.0
209.7938423192212	402.0
209.80384297907054	402.0
209.81384363891988	402.0
209.8238442987692	402.0
209.83384495861853	402.0
209.84384561846787	407.0
209.85384627831718	407.0
209.86384693816652	407.0
209.87384759801583	407.0
209.88384825786517	402.0
209.8938489177145	402.0
209.90384957756382	393.0
209.91385023741316	371.0
209.9238508972625	367.0
209.9338515571118	363.0
209.94385221696115	363.0
209.95385287681046	380.0
209.9638535366598	398.0
209.97385419650914	407.0
209.98385485635845	407.0
209.9938555162078	407.0
210.00385617605713	407.0
210.01385683590644	412.0
210.02385749575578	412.0
210.03385815560512	412.0
210.04385881545443	412.0
210.05385947530377	412.0
210.06386013515308	412.0
210.07386079500242	412.0
210.08386145485176	412.0
210.09386211470107	412.0
210.1038627745504	412.0
210.11386343439975	407.0
210.12386409424906	407.0
210.1338647540984	402.0
210.1438654139477	402.0
210.15386607379705	393.0
210.1638667336464	389.0
210.1738673934957	380.0
210.18386805334504	371.0
210.19386871319438	358.0
210.2038693730437	308.0
210.21387003289303	298.0
210.22387069274234	298.0
210.23387135259168	298.0
210.24387201244102	305.0
210.25387267229033	316.0
210.26387333213967	331.0
210.273873991989	346.0
210.28387465183832	358.0
210.29387531168766	371.0
210.303875971537	402.0
210.3138766313863	412.0
210.32387729123565	417.0
210.33387795108496	417.0
210.3438786109343	412.0
210.35387927078364	412.0
210.36387993063295	407.0
210.3738805904823	398.0
210.38388125033163	384.0
210.39388191018094	375.0
210.40388257003028	367.0
210.4138832298796	363.0
210.42388388972893	354.0
210.43388454957827	350.0
210.44388520942758	342.0
210.45388586927692	342.0
210.46388652912626	338.0
210.47388718897557	338.0
210.4838878488249	338.0
210.49388850867422	338.0
210.50388916852356	338.0
210.5138898283729	338.0
210.5238904882222	338.0
210.53389114807155	338.0
210.5438918079209	338.0
210.5538924677702	338.0
210.56389312761954	338.0
210.57389378746888	338.0
210.5838944473182	342.0
210.59389510716753	350.0
210.60389576701684	358.0
210.61389642686618	363.0
210.62389708671552	363.0
210.63389774656483	363.0
210.64389840641417	363.0
210.6538990662635	354.0
210.66389972611282	346.0
210.67390038596216	334.0
210.68390104581147	319.0
210.6939017056608	301.0
210.70390236551015	281.0
210.71390302535946	272.0
210.7239036852088	268.0
210.73390434505814	268.0
210.74390500490745	268.0
210.7539056647568	268.0
210.7639063246061	272.0
210.77390698445544	272.0
210.78390764430478	272.0
210.7939083041541	272.0
210.80390896400343	272.0
210.81390962385277	272.0
210.82391028370208	272.0
210.83391094355142	272.0
210.84391160340076	272.0
210.85391226325007	272.0
210.8639129230994	268.0
210.87391358294872	265.0
210.88391424279806	262.0
210.8939149026474	256.0
210.9039155624967	245.0
210.91391622234605	236.0
210.92391688219539	236.0
210.9339175420447	236.0
210.94391820189404	239.0
210.95391886174335	253.0
210.9639195215927	265.0
210.97392018144203	268.0
210.98392084129134	272.0
210.99392150114068	272.0
211.00392216099002	272.0
211.01392282083933	272.0
211.02392348068867	272.0
211.03392414053798	272.0
211.04392480038732	272.0
211.05392546023666	268.0
211.06392612008597	262.0
211.0739267799353	259.0
211.08392743978465	253.0
211.09392809963396	248.0
211.1039287594833	239.0
211.11392941933264	236.0
211.12393007918195	234.0
211.13393073903129	234.0
211.1439313988806	239.0
211.15393205872994	248.0
211.16393271857928	265.0
211.1739333784286	288.0
211.18393403827793	298.0
211.19393469812726	308.0
211.20393535797658	316.0
211.21393601782592	312.0
211.22393667767523	312.0
211.23393733752457	312.0
211.2439379973739	248.0
211.25393865722322	226.0
211.26393931707256	220.0
211.2739399769219	206.0
211.2839406367712	206.0
211.29394129662055	208.0
211.30394195646988	215.0
211.3139426163192	226.0
211.32394327616854	228.0
211.33394393601785	231.0
211.34394459586719	231.0
211.35394525571652	231.0
211.36394591556584	231.0
211.37394657541518	231.0
211.38394723526451	231.0
211.39394789511383	228.0
211.40394855496316	228.0
211.41394921481248	228.0
211.42394987466182	226.0
211.43395053451115	226.0
211.44395119436047	226.0
211.4539518542098	226.0
211.46395251405914	228.0
211.47395317390846	228.0
211.4839538337578	228.0
211.4939544936071	226.0
211.50395515345645	223.0
211.51395581330578	220.0
211.5239564731551	206.0
211.53395713300444	201.0
211.54395779285377	0.0
211.55395845270309	0.0
211.56395911255242	0.0
211.57395977240176	0.0
211.58396043225108	0.0
211.59396109210041	228.0
211.60396175194973	228.0
211.61396241179906	226.0
211.6239630716484	226.0
211.63396373149772	228.0
211.64396439134705	231.0
211.6539650511964	236.0
211.6639657110457	242.0
211.67396637089504	250.0
211.68396703074436	253.0
211.6939676905937	253.0
211.70396835044303	253.0
211.71396901029235	248.0
211.72396967014168	242.0
211.73397032999102	234.0
211.74397098984034	223.0
211.75397164968967	215.0
211.76397230953899	208.0
211.77397296938832	203.0
211.78397362923766	201.0
211.79397428908698	201.0
211.80397494893631	201.0
211.81397560878565	201.0
211.82397626863496	199.0
211.8339769284843	199.0
211.84397758833364	196.0
211.85397824818295	194.0
211.8639789080323	190.0
211.8739795678816	187.0
211.88398022773094	185.0
211.89398088758028	183.0
211.9039815474296	185.0
211.91398220727893	185.0
211.92398286712827	190.0
211.93398352697758	194.0
211.94398418682692	199.0
211.95398484667624	206.0
211.96398550652557	213.0
211.9739861663749	220.0
211.98398682622422	226.0
211.99398748607356	231.0
212.0039881459229	231.0
212.01398880577221	231.0
212.02398946562155	231.0
212.03399012547086	228.0
212.0439907853202	228.0
212.05399144516954	228.0
212.06399210501885	226.0
212.0739927648682	226.0
212.08399342471753	223.0
212.09399408456684	223.0
212.10399474441618	223.0
212.11399540426552	223.0
212.12399606411483	223.0
212.13399672396417	223.0
212.14399738381348	223.0
212.15399804366282	223.0
212.16399870351216	223.0
212.17399936336147	215.0
212.1840000232108	208.0
212.19400068306015	206.0
212.20400134290946	206.0
212.2140020027588	206.0
212.22400266260811	206.0
212.23400332245745	203.0
212.2440039823068	203.0
212.2540046421561	203.0
212.26400530200544	203.0
212.27400596185478	203.0
212.2840066217041	208.0
212.29400728155343	210.0
212.30400794140274	215.0
212.31400860125208	220.0
212.32400926110142	223.0
212.33400992095073	226.0
212.34401058080007	226.0
212.3540112406494	226.0
212.36401190049872	226.0
212.37401256034806	228.0
212.3840132201974	228.0
212.3940138800467	228.0
212.40401453989605	228.0
212.41401519974536	228.0
212.4240158595947	226.0
212.43401651944404	226.0
212.44401717929335	223.0
212.4540178391427	218.0
212.46401849899203	215.0
212.47401915884134	210.0
212.48401981869068	208.0
212.49402047854	210.0
212.50402113838933	218.0
212.51402179823867	234.0
212.52402245808798	239.0
212.53402311793732	248.0
212.54402377778666	256.0
212.55402443763597	262.0
212.5640250974853	268.0
212.57402575733462	275.0
212.58402641718396	284.0
212.5940270770333	294.0
212.6040277368826	298.0
212.61402839673195	288.0
212.6240290565813	278.0
212.6340297164306	265.0
212.64403037627994	253.0
212.65403103612928	242.0
212.6640316959786	226.0
212.67403235582793	218.0
212.68403301567724	213.0
212.69403367552658	208.0
212.70403433537592	208.0
212.71403499522523	208.0
212.72403565507457	210.0
212.7340363149239	215.0
212.74403697477322	220.0
212.75403763462256	231.0
212.76403829447187	239.0
212.7740389543212	248.0
212.78403961417055	253.0
212.79404027401986	262.0
212.8040409338692	265.0
212.81404159371854	272.0
212.82404225356785	272.0
212.8340429134172	272.0
212.8440435732665	272.0
212.85404423311584	272.0
212.86404489296518	268.0
212.8740455528145	268.0
212.88404621266383	268.0
212.89404687251317	268.0
212.90404753236248	272.0
212.91404819221182	272.0
212.92404885206116	275.0
212.93404951191047	275.0
212.9440501717598	275.0
212.95405083160912	275.0
212.96405149145846	275.0
212.9740521513078	275.0
212.9840528111571	272.0
212.99405347100645	272.0
213.0040541308558	272.0
213.0140547907051	272.0
213.02405545055444	268.0
213.03405611040375	268.0
213.0440567702531	268.0
213.05405743010243	268.0
213.06405808995174	272.0
213.07405874980108	275.0
213.08405940965042	278.0
213.09406006949973	281.0
213.10406072934907	284.0
213.1140613891984	284.0
213.12406204904772	281.0
213.13406270889706	278.0
213.14406336874637	275.0
213.1540640285957	268.0
213.16406468844505	265.0
213.17406534829436	265.0
213.1840660081437	265.0
213.19406666799304	265.0
213.20406732784235	265.0
213.2140679876917	262.0
213.224068647541	259.0
213.23406930739034	253.0
213.24406996723968	248.0
213.254070627089	242.0
213.26407128693833	239.0
213.27407194678767	239.0
213.28407260663698	245.0
213.29407326648632	253.0
213.30407392633563	268.0
213.31407458618497	288.0
213.3240752460343	312.0
213.33407590588362	342.0
213.34407656573296	354.0
213.3540772255823	363.0
213.3640778854316	363.0
213.37407854528095	358.0
213.3840792051303	354.0
213.3940798649796	350.0
213.40408052482894	342.0
213.41408118467825	338.0
213.4240818445276	334.0
213.43408250437693	334.0
213.44408316422624	331.0
213.45408382407558	331.0
213.46408448392492	331.0
213.47408514377423	331.0
213.48408580362357	331.0
213.49408646347288	331.0
213.50408712332222	331.0
213.51408778317156	331.0
213.52408844302087	331.0
213.5340891028702	331.0
213.54408976271955	331.0
213.55409042256886	331.0
213.5640910824182	331.0
213.5740917422675	334.0
213.58409240211685	338.0
213.5940930619662	346.0
213.6040937218155	354.0
213.61409438166484	363.0
213.62409504151418	371.0
213.6340957013635	375.0
213.64409636121283	380.0
213.65409702106217	380.0
213.66409768091148	380.0
213.67409834076082	375.0
213.68409900061013	371.0
213.69409966045947	367.0
213.7041003203088	363.0
213.71410098015812	358.0
213.72410164000746	350.0
213.7341022998568	342.0
213.7441029597061	334.0
213.75410361955545	323.0
213.76410427940476	316.0
213.7741049392541	312.0
213.78410559910344	305.0
213.79410625895275	298.0
213.8041069188021	288.0
213.81410757865143	284.0
213.82410823850074	281.0
213.83410889835008	278.0
213.8441095581994	275.0
213.85411021804873	272.0
213.86411087789807	268.0
213.87411153774738	265.0
213.88411219759672	262.0
213.89411285744606	256.0
213.90411351729537	245.0
213.9141141771447	234.0
213.92411483699405	231.0
213.93411549684336	231.0
213.9441161566927	236.0
213.954116816542	248.0
213.96411747639135	256.0
213.9741181362407	262.0
213.98411879609	265.0
213.99411945593934	265.0
214.00412011578868	268.0
214.014120775638	268.0
214.02412143548733	268.0
214.03412209533664	268.0
214.04412275518598	268.0
214.05412341503532	268.0
214.06412407488463	268.0
214.07412473473397	265.0
214.0841253945833	265.0
214.09412605443262	265.0
214.10412671428196	265.0
214.11412737413127	265.0
214.1241280339806	265.0
214.13412869382995	265.0
214.14412935367926	265.0
214.1541300135286	265.0
214.16413067337794	265.0
214.17413133322725	265.0
214.1841319930766	268.0
214.19413265292593	268.0
214.20413331277524	268.0
214.21413397262458	268.0
214.2241346324739	268.0
214.23413529232323	268.0
214.24413595217257	268.0
214.25413661202188	268.0
214.26413727187122	268.0
214.27413793172056	268.0
214.28413859156987	268.0
214.2941392514192	268.0
214.30413991126852	268.0
214.31414057111786	268.0
214.3241412309672	268.0
214.3341418908165	268.0
214.34414255066585	268.0
214.3541432105152	268.0
214.3641438703645	268.0
214.37414453021384	268.0
214.38414519006315	268.0
214.3941458499125	268.0
214.40414650976183	268.0
214.41414716961114	268.0
214.42414782946048	265.0
214.43414848930982	265.0
214.44414914915913	262.0
214.45414980900847	262.0
214.4641504688578	262.0
214.47415112870712	268.0
214.48415178855646	278.0
214.49415244840577	294.0
214.5041531082551	312.0
214.51415376810445	323.0
214.52415442795376	342.0
214.5341550878031	363.0
214.54415574765244	380.0
214.55415640750175	398.0
214.5641570673511	402.0
214.5741577272004	407.0
214.58415838704974	402.0
214.59415904689908	398.0
214.6041597067484	384.0
214.61416036659773	375.0
214.62416102644707	371.0
214.63416168629638	363.0
214.64416234614572	358.0
214.65416300599503	354.0
214.66416366584437	350.0
214.6741643256937	346.0
214.68416498554302	346.0
214.69416564539236	342.0
214.7041663052417	338.0
214.714166965091	338.0
214.72416762494035	334.0
214.7341682847897	334.0
214.744168944639	334.0
214.75416960448834	334.0
214.76417026433765	334.0
214.774170924187	334.0
214.78417158403633	334.0
214.79417224388564	338.0
214.80417290373498	346.0
214.81417356358432	354.0
214.82417422343363	358.0
214.83417488328297	363.0
214.84417554313228	367.0
214.85417620298162	371.0
214.86417686283096	371.0
214.87417752268027	367.0
214.8841781825296	363.0
214.89417884237895	358.0
214.90417950222826	354.0
214.9141801620776	346.0
214.9241808219269	342.0
214.93418148177625	334.0
214.9441821416256	334.0
214.9541828014749	331.0
214.96418346132424	331.0
214.97418412117358	331.0
214.9841847810229	331.0
214.99418544087223	334.0
215.00418610072157	338.0
215.01418676057088	342.0
215.02418742042022	350.0
215.03418808026953	354.0
215.04418874011887	358.0
215.0541893999682	358.0
215.06419005981752	358.0
215.07419071966686	350.0
215.0841913795162	323.0
215.0941920393655	0.0
215.10419269921485	0.0
215.11419335906416	0.0
215.1241940189135	0.0
215.13419467876284	0.0
215.14419533861215	0.0
215.1541959984615	0.0
215.16419665831083	0.0
215.17419731816014	0.0
215.18419797800948	0.0
215.19419863785882	0.0
215.20419929770813	0.0
215.21419995755747	0.0
215.22420061740678	0.0
215.23420127725612	0.0
215.24420193710546	0.0
215.25420259695477	0.0
215.2642032568041	0.0
215.27420391665345	0.0
215.28420457650276	0.0
215.2942052363521	0.0
215.3042058962014	0.0
215.31420655605075	0.0
215.3242072159001	0.0
215.3342078757494	0.0
215.34420853559874	0.0
215.35420919544808	0.0
215.3642098552974	0.0
215.37421051514673	0.0
215.38421117499604	0.0
215.39421183484538	0.0
215.40421249469472	0.0
215.41421315454403	0.0
215.42421381439337	0.0
215.4342144742427	218.0
215.44421513409202	215.0
215.45421579394136	215.0
215.4642164537907	218.0
215.47421711364	220.0
215.48421777348935	226.0
215.49421843333866	231.0
215.504219093188	234.0
215.51421975303734	239.0
215.52422041288665	245.0
215.534221072736	250.0
215.54422173258533	259.0
215.55422239243464	272.0
215.56422305228398	284.0
215.5742237121333	301.0
215.58422437198263	316.0
215.59422503183197	327.0
215.60422569168128	338.0
215.61422635153062	350.0
215.62422701137996	358.0
215.63422767122927	363.0
215.6442283310786	363.0
215.65422899092792	363.0
215.66422965077726	358.0
215.6742303106266	354.0
215.6842309704759	350.0
215.69423163032525	346.0
215.7042322901746	338.0
215.7142329500239	338.0
215.72423360987324	338.0
215.73423426972258	338.0
215.7442349295719	338.0
215.75423558942123	338.0
215.76423624927054	338.0
215.77423690911988	338.0
215.78423756896922	338.0
215.79423822881853	338.0
215.80423888866787	334.0
215.8142395485172	334.0
215.82424020836652	334.0
215.83424086821586	334.0
215.84424152806517	334.0
215.8542421879145	338.0
215.86424284776385	342.0
215.87424350761316	346.0
215.8842441674625	354.0
215.89424482731184	358.0
215.90424548716115	363.0
215.9142461470105	367.0
215.9242468068598	367.0
215.93424746670914	367.0
215.94424812655848	363.0
215.9542487864078	358.0
215.96424944625713	354.0
215.97425010610647	350.0
215.98425076595578	346.0
215.99425142580512	342.0
216.00425208565446	338.0
216.01425274550377	338.0
216.0242534053531	338.0
216.03425406520242	334.0
216.04425472505176	334.0
216.0542553849011	334.0
216.0642560447504	334.0
216.07425670459975	334.0
216.0842573644491	338.0
216.0942580242984	338.0
216.10425868414774	346.0
216.11425934399705	358.0
216.1242600038464	367.0
216.13426066369573	380.0
216.14426132354504	393.0
216.15426198339438	402.0
216.16426264324372	412.0
216.17426330309303	412.0
216.18426396294237	412.0
216.19426462279168	407.0
216.20426528264102	398.0
216.21426594249036	384.0
216.22426660233967	375.0
216.234267262189	371.0
216.24426792203835	363.0
216.25426858188766	358.0
216.264269241737	354.0
216.27426990158634	350.0
216.28427056143565	346.0
216.294271221285	346.0
216.3042718811343	342.0
216.31427254098364	338.0
216.32427320083298	338.0
216.3342738606823	338.0
216.34427452053163	338.0
216.35427518038097	334.0
216.36427584023028	334.0
216.37427650007962	334.0
216.38427715992893	334.0
216.39427781977827	334.0
216.4042784796276	334.0
216.41427913947692	338.0
216.42427979932626	338.0
216.4342804591756	346.0
216.4442811190249	350.0
216.45428177887425	358.0
216.46428243872356	363.0
216.4742830985729	367.0
216.48428375842224	367.0
216.49428441827155	371.0
216.5042850781209	371.0
216.51428573797023	367.0
216.52428639781954	367.0
216.53428705766888	363.0
216.54428771751822	358.0
216.55428837736753	354.0
216.56428903721687	346.0
216.57428969706618	342.0
216.58429035691552	331.0
216.59429101676486	323.0
216.60429167661417	316.0
216.6142923364635	308.0
216.62429299631285	301.0
216.63429365616216	294.0
216.6442943160115	288.0
216.6542949758608	281.0
216.66429563571015	278.0
216.6742962955595	275.0
216.6842969554088	272.0
216.69429761525814	272.0
216.70429827510748	272.0
216.7142989349568	272.0
216.72429959480613	268.0
216.73430025465544	268.0
216.74430091450478	268.0
216.75430157435412	268.0
216.76430223420343	265.0
216.77430289405277	262.0
216.7843035539021	259.0
216.79430421375142	256.0
216.80430487360076	253.0
216.8143055334501	250.0
216.8243061932994	248.0
216.83430685314875	250.0
216.84430751299806	253.0
216.8543081728474	262.0
216.86430883269674	312.0
216.87430949254605	323.0
216.8843101523954	342.0
216.89431081224473	354.0
216.90431147209404	363.0
216.91431213194338	363.0
216.9243127917927	363.0
216.93431345164203	358.0
216.94431411149137	354.0
216.95431477134068	346.0
216.96431543119002	338.0
216.97431609103936	334.0
216.98431675088867	334.0
216.994317410738	334.0
217.00431807058735	334.0
217.01431873043666	334.0
217.024319390286	334.0
217.0343200501353	334.0
217.04432070998465	334.0
217.05432136983399	338.0
217.0643220296833	338.0
217.07432268953264	338.0
217.08432334938198	338.0
217.0943240092313	338.0
217.10432466908063	338.0
217.11432532892994	338.0
217.12432598877928	338.0
217.13432664862862	342.0
217.14432730847793	346.0
217.15432796832727	354.0
217.1643286281766	358.0
217.17432928802592	363.0
217.18432994787526	367.0
217.19433060772457	371.0
217.2043312675739	371.0
217.21433192742325	371.0
217.22433258727256	367.0
217.2343332471219	358.0
217.24433390697124	346.0
217.25433456682055	331.0
217.26433522666989	316.0
217.27433588651922	301.0
217.28433654636854	291.0
217.29433720621788	284.0
217.3043378660672	288.0
217.31433852591653	291.0
217.32433918576587	298.0
217.33433984561518	308.0
217.34434050546452	323.0
217.35434116531385	331.0
217.36434182516317	342.0
217.3743424850125	350.0
217.38434314486182	354.0
217.39434380471116	358.0
217.4043444645605	354.0
217.4143451244098	350.0
217.42434578425915	346.0
217.43434644410848	342.0
217.4443471039578	342.0
217.45434776380714	342.0
217.46434842365645	342.0
217.47434908350579	342.0
217.48434974335512	342.0
217.49435040320444	342.0
217.50435106305378	342.0
217.51435172290311	338.0
217.52435238275243	334.0
217.53435304260177	327.0
217.5443537024511	319.0
217.55435436230042	316.0
217.56435502214975	312.0
217.57435568199907	316.0
217.5843563418484	319.0
217.59435700169774	327.0
217.60435766154706	334.0
217.6143583213964	354.0
217.62435898124573	371.0
217.63435964109505	384.0
217.64436030094438	393.0
217.6543609607937	402.0
217.66436162064304	407.0
217.67436228049237	407.0
217.68436294034169	407.0
217.69436360019102	407.0
217.70436426004036	407.0
217.71436491988968	407.0
217.72436557973901	407.0
217.73436623958833	407.0
217.74436689943767	407.0
217.754367559287	407.0
217.76436821913632	407.0
217.77436887898565	407.0
217.784369538835	402.0
217.7943701986843	402.0
217.80437085853364	402.0
217.81437151838298	402.0
217.8243721782323	402.0
217.83437283808163	402.0
217.84437349793095	402.0
217.85437415778028	402.0
217.86437481762962	402.0
217.87437547747894	402.0
217.88437613732827	402.0
217.8943767971776	402.0
217.90437745702692	402.0
217.91437811687626	402.0
217.92437877672558	402.0
217.93437943657491	402.0
217.94438009642425	402.0
217.95438075627357	402.0
217.9643814161229	402.0
217.97438207597224	407.0
217.98438273582155	407.0
217.9943833956709	407.0
218.0043840555202	407.0
218.01438471536954	407.0
218.02438537521888	407.0
218.0343860350682	407.0
218.04438669491753	407.0
218.05438735476687	407.0
218.06438801461618	402.0
218.07438867446552	402.0
218.08438933431486	402.0
218.09438999416417	402.0
218.1043906540135	402.0
218.11439131386282	402.0
218.12439197371216	407.0
218.1343926335615	407.0
218.14439329341081	407.0
218.15439395326015	412.0
218.1643946131095	412.0
218.1743952729588	412.0
218.18439593280814	412.0
218.19439659265745	350.0
218.2043972525068	323.0
218.21439791235613	0.0
218.22439857220544	0.0
218.23439923205478	0.0
218.24439989190412	0.0
218.25440055175343	0.0
218.26440121160277	393.0
218.27440187145208	393.0
218.28440253130142	389.0
218.29440319115076	384.0
218.30440385100007	380.0
218.3144045108494	375.0
218.32440517069875	367.0
218.33440583054806	363.0
218.3444064903974	358.0
218.35440715024674	350.0
218.36440781009605	346.0
218.3744084699454	338.0
218.3844091297947	334.0
218.39440978964404	334.0
218.40441044949338	331.0
218.4144111093427	331.0
218.42441176919203	334.0
218.43441242904137	334.0
218.44441308889068	334.0
218.45441374874002	338.0
218.46441440858933	338.0
218.47441506843867	342.0
218.484415728288	350.0
218.49441638813732	354.0
218.50441704798666	363.0
218.514417707836	367.0
218.5244183676853	371.0
218.53441902753465	371.0
218.54441968738396	367.0
218.5544203472333	363.0
218.56442100708264	358.0
218.57442166693195	350.0
218.5844223267813	342.0
218.59442298663063	338.0
218.60442364647994	334.0
218.61442430632928	331.0
218.62442496617862	327.0
218.63442562602793	327.0
218.64442628587727	327.0
218.65442694572658	331.0
218.66442760557592	338.0
218.67442826542526	346.0
218.68442892527457	354.0
218.6944295851239	363.0
218.70443024497325	375.0
218.71443090482256	389.0
218.7244315646719	398.0
218.7344322245212	407.0
218.74443288437055	412.0
218.7544335442199	412.0
218.7644342040692	412.0
218.77443486391854	412.0
218.78443552376788	412.0
218.7944361836172	407.0
218.80443684346653	407.0
218.81443750331587	402.0
218.82443816316518	402.0
218.83443882301452	402.0
218.84443948286383	402.0
218.85444014271317	402.0
218.8644408025625	402.0
218.87444146241182	402.0
218.88444212226116	402.0
218.8944427821105	402.0
218.9044434419598	402.0
218.91444410180915	402.0
218.92444476165846	407.0
218.9344454215078	407.0
218.94444608135714	407.0
218.95444674120645	407.0
218.9644474010558	407.0
218.97444806090513	407.0
218.98444872075444	407.0
218.99444938060378	407.0
219.0044500404531	407.0
219.01445070030243	407.0
219.02445136015177	407.0
219.03445202000108	407.0
219.04445267985042	407.0
219.05445333969976	407.0
219.06445399954907	407.0
219.0744546593984	407.0
219.08445531924775	407.0
219.09445597909706	407.0
219.1044566389464	407.0
219.1144572987957	412.0
219.12445795864505	412.0
219.1344586184944	412.0
219.1444592783437	412.0
219.15445993819304	412.0
219.16446059804238	412.0
219.1744612578917	412.0
219.18446191774103	412.0
219.19446257759034	407.0
219.20446323743968	402.0
219.21446389728902	393.0
219.22446455713833	384.0
219.23446521698767	375.0
219.244465876837	367.0
219.25446653668632	354.0
219.26446719653566	342.0
219.27446785638497	331.0
219.2844685162343	319.0
219.29446917608365	316.0
219.30446983593296	319.0
219.3144704957823	327.0
219.32447115563164	338.0
219.33447181548095	350.0
219.3444724753303	363.0
219.35447313517963	375.0
219.36447379502894	389.0
219.37447445487828	402.0
219.3844751147276	407.0
219.39447577457693	412.0
219.40447643442627	412.0
219.41447709427558	412.0
219.42447775412492	412.0
219.43447841397426	407.0
219.44447907382357	402.0
219.4544797336729	398.0
219.46448039352222	389.0
219.47448105337156	380.0
219.4844817132209	371.0
219.4944823730702	363.0
219.50448303291955	354.0
219.5144836927689	350.0
219.5244843526182	342.0
219.53448501246754	338.0
219.54448567231685	338.0
219.5544863321662	334.0
219.56448699201553	334.0
219.57448765186484	334.0
219.58448831171418	334.0
219.59448897156352	338.0
219.60448963141283	338.0
219.61449029126217	342.0
219.6244909511115	346.0
219.63449161096082	354.0
219.64449227081016	358.0
219.65449293065947	367.0
219.6644935905088	375.0
219.67449425035815	389.0
219.68449491020746	393.0
219.6944955700568	393.0
219.70449622990614	389.0
219.71449688975545	375.0
219.7244975496048	346.0
219.7344982094541	331.0
219.74449886930344	312.0
219.75449952915278	256.0
219.7645001890021	245.0
219.77450084885143	236.0
219.78450150870077	234.0
219.79450216855008	234.0
219.80450282839942	239.0
219.81450348824873	248.0
219.82450414809807	259.0
219.8345048079474	265.0
219.84450546779672	268.0
219.85450612764606	268.0
219.8645067874954	268.0
219.8745074473447	268.0
219.88450810719405	268.0
219.8945087670434	272.0
219.9045094268927	272.0
219.91451008674204	272.0
219.92451074659135	272.0
219.9345114064407	268.0
219.94451206629003	268.0
219.95451272613934	268.0
219.96451338598868	268.0
219.97451404583802	268.0
219.98451470568733	268.0
219.99451536553667	268.0
220.00451602538598	268.0
220.01451668523532	268.0
220.02451734508466	268.0
220.03451800493397	268.0
220.0445186647833	268.0
220.05451932463265	268.0
220.06451998448196	268.0
220.0745206443313	265.0
220.0845213041806	262.0
220.09452196402995	259.0
220.1045226238793	250.0
220.1145232837286	0.0
220.12452394357794	0.0
220.13452460342728	0.0
220.1445252632766	0.0
220.15452592312593	0.0
220.16452658297527	0.0
220.17452724282458	0.0
220.18452790267392	0.0
220.19452856252323	0.0
220.20452922237257	0.0
220.2145298822219	0.0
220.22453054207122	0.0
220.23453120192056	0.0
220.2445318617699	0.0
220.2545325216192	0.0
220.26453318146855	0.0
220.27453384131786	0.0
220.2845345011672	0.0
220.29453516101654	0.0
220.30453582086585	0.0
220.3145364807152	0.0
220.32453714056453	0.0
220.33453780041384	0.0
220.34453846026318	0.0
220.3545391201125	0.0
220.36453977996183	0.0
220.37454043981117	0.0
220.38454109966048	0.0
220.39454175950982	0.0
220.40454241935916	0.0
220.41454307920847	0.0
220.4245437390578	0.0
220.43454439890715	248.0
220.44454505875646	242.0
220.4545457186058	242.0
220.4645463784551	245.0
220.47454703830445	250.0
220.4845476981538	256.0
220.4945483580031	265.0
220.50454901785244	268.0
220.51454967770178	272.0
220.5245503375511	272.0
220.53455099740043	272.0
220.54455165724974	268.0
220.55455231709908	268.0
220.56455297694842	272.0
220.57455363679773	272.0
220.58455429664707	272.0
220.5945549564964	272.0
220.60455561634572	272.0
220.61455627619506	272.0
220.62455693604437	272.0
220.6345575958937	272.0
220.64455825574305	272.0
220.65455891559236	272.0
220.6645595754417	272.0
220.67456023529104	268.0
220.68456089514035	268.0
220.6945615549897	265.0
220.70456221483903	262.0
220.71456287468834	256.0
220.72456353453768	248.0
220.734564194387	239.0
220.74456485423633	228.0
220.75456551408567	220.0
220.76456617393498	213.0
220.77456683378432	210.0
220.78456749363366	208.0
220.79456815348297	210.0
220.8045688133323	213.0
220.81456947318162	220.0
220.82457013303096	228.0
220.8345707928803	239.0
220.8445714527296	250.0
220.85457211257895	259.0
220.8645727724283	268.0
220.8745734322776	275.0
220.88457409212694	281.0
220.89457475197628	281.0
220.9045754118256	281.0
220.91457607167493	275.0
220.92457673152424	268.0
220.93457739137358	259.0
220.94457805122292	253.0
220.95457871107223	248.0
220.96457937092157	236.0
220.9745800307709	228.0
220.98458069062022	220.0
220.99458135046956	215.0
221.00458201031887	213.0
221.0145826701682	215.0
221.02458333001755	220.0
221.03458398986686	231.0
221.0445846497162	242.0
221.05458530956554	250.0
221.06458596941485	259.0
221.0745866292642	294.0
221.0845872891135	301.0
221.09458794896284	301.0
221.10458860881218	301.0
221.1145892686615	294.0
221.12458992851083	284.0
221.13459058836017	272.0
221.14459124820948	256.0
221.15459190805882	242.0
221.16459256790816	226.0
221.17459322775747	213.0
221.1845938876068	206.0
221.19459454745612	203.0
221.20459520730546	206.0
221.2145958671548	206.0
221.2245965270041	210.0
221.23459718685345	213.0
221.2445978467028	218.0
221.2545985065521	220.0
221.26459916640144	226.0
221.27459982625075	231.0
221.2846004861001	234.0
221.29460114594943	234.0
221.30460180579874	236.0
221.31460246564808	236.0
221.32460312549742	236.0
221.33460378534673	236.0
221.34460444519607	236.0
221.35460510504538	236.0
221.36460576489472	236.0
221.37460642474406	239.0
221.38460708459337	239.0
221.3946077444427	239.0
221.40460840429205	239.0
221.41460906414136	239.0
221.4246097239907	239.0
221.43461038384004	239.0
221.44461104368935	239.0
221.4546117035387	239.0
221.464612363388	236.0
221.47461302323734	234.0
221.48461368308668	231.0
221.494614342936	228.0
221.50461500278533	226.0
221.51461566263467	226.0
221.52461632248398	226.0
221.53461698233332	226.0
221.54461764218263	226.0
221.55461830203197	226.0
221.5646189618813	228.0
221.57461962173062	228.0
221.58462028157996	228.0
221.5946209414293	228.0
221.6046216012786	226.0
221.61462226112795	226.0
221.62462292097726	226.0
221.6346235808266	226.0
221.64462424067594	226.0
221.65462490052525	226.0
221.6646255603746	223.0
221.67462622022393	223.0
221.68462688007324	223.0
221.69462753992258	223.0
221.70462819977192	223.0
221.71462885962123	223.0
221.72462951947057	223.0
221.73463017931988	223.0
221.74463083916922	223.0
221.75463149901856	223.0
221.76463215886787	220.0
221.7746328187172	220.0
221.78463347856655	220.0
221.79463413841586	223.0
221.8046347982652	223.0
221.8146354581145	226.0
221.82463611796385	228.0
221.8346367778132	231.0
221.8446374376625	234.0
221.85463809751184	236.0
221.86463875736118	239.0
221.8746394172105	242.0
221.88464007705983	242.0
221.89464073690914	242.0
221.90464139675848	242.0
221.91464205660782	239.0
221.92464271645713	239.0
221.93464337630647	236.0
221.9446440361558	234.0
221.95464469600512	231.0
221.96464535585446	228.0
221.9746460157038	226.0
221.9846466755531	223.0
221.99464733540245	220.0
222.00464799525176	215.0
222.0146486551011	213.0
222.02464931495044	208.0
222.03464997479975	208.0
222.0446506346491	206.0
222.05465129449843	203.0
222.06465195434774	201.0
222.07465261419708	201.0
222.0846532740464	199.0
222.09465393389573	199.0
222.10465459374507	199.0
222.11465525359438	201.0
222.12465591344372	201.0
222.13465657329306	203.0
222.14465723314237	203.0
222.1546578929917	206.0
222.16465855284102	206.0
222.17465921269036	206.0
222.1846598725397	203.0
222.194660532389	203.0
222.20466119223835	203.0
222.2146618520877	206.0
222.224662511937	206.0
222.23466317178634	208.0
222.24466383163568	210.0
222.254664491485	213.0
222.26466515133433	218.0
222.27466581118364	223.0
222.28466647103298	226.0
222.29466713088232	228.0
222.30466779073163	228.0
222.31466845058097	228.0
222.3246691104303	228.0
222.33466977027962	228.0
222.34467043012896	226.0
222.35467108997827	226.0
222.3646717498276	226.0
222.37467240967695	226.0
222.38467306952626	228.0
222.3946737293756	228.0
222.40467438922494	228.0
222.41467504907425	228.0
222.4246757089236	228.0
222.4346763687729	228.0
222.44467702862224	228.0
222.45467768847158	228.0
222.4646783483209	228.0
222.47467900817023	228.0
222.48467966801957	228.0
222.49468032786888	228.0
222.50468098771822	228.0
222.51468164756756	228.0
222.52468230741687	228.0
222.5346829672662	228.0
222.54468362711552	228.0
222.55468428696486	228.0
222.5646849468142	231.0
222.5746856066635	234.0
222.58468626651285	239.0
222.5946869263622	242.0
222.6046875862115	245.0
222.61468824606084	245.0
222.62468890591015	248.0
222.6346895657595	245.0
222.64469022560883	245.0
222.65469088545814	242.0
222.66469154530748	239.0
222.67469220515682	236.0
222.68469286500613	234.0
222.69469352485547	231.0
222.7046941847048	228.0
222.71469484455412	228.0
222.72469550440346	228.0
222.73469616425277	228.0
222.7446968241021	228.0
222.75469748395145	228.0
222.76469814380076	228.0
222.7746988036501	228.0
222.78469946349944	228.0
222.79470012334875	228.0
222.8047007831981	228.0
222.8147014430474	228.0
222.82470210289674	228.0
222.83470276274608	228.0
222.8447034225954	228.0
222.85470408244473	228.0
222.86470474229407	226.0
222.87470540214338	226.0
222.88470606199272	223.0
222.89470672184203	218.0
222.90470738169137	215.0
222.9147080415407	215.0
222.92470870139002	226.0
222.93470936123936	234.0
222.9447100210887	236.0
222.954710680938	239.0
222.96471134078735	239.0
222.97471200063669	239.0
222.984712660486	242.0
222.99471332033534	242.0
223.00471398018465	242.0
223.014714640034	245.0
223.02471529988333	245.0
223.03471595973264	245.0
223.04471661958198	245.0
223.05471727943132	242.0
223.06471793928063	242.0
223.07471859912997	242.0
223.08471925897928	239.0
223.09471991882862	239.0
223.10472057867796	236.0
223.11472123852727	236.0
223.1247218983766	234.0
223.13472255822595	231.0
223.14472321807526	228.0
223.1547238779246	223.0
223.1647245377739	220.0
223.17472519762325	218.0
223.18472585747259	213.0
223.1947265173219	208.0
223.20472717717124	206.0
223.21472783702058	203.0
223.2247284968699	201.0
223.23472915671923	196.0
223.24472981656857	194.0
223.25473047641788	194.0
223.26473113626722	194.0
223.27473179611653	196.0
223.28473245596587	199.0
223.2947331158152	203.0
223.30473377566452	208.0
223.31473443551386	213.0
223.3247350953632	218.0
223.3347357552125	223.0
223.34473641506185	228.0
223.35473707491116	231.0
223.3647377347605	231.0
223.37473839460984	231.0
223.38473905445915	231.0
223.39473971430849	231.0
223.40474037415783	228.0
223.41474103400714	228.0
223.42474169385648	228.0
223.4347423537058	226.0
223.44474301355513	226.0
223.45474367340447	226.0
223.46474433325378	226.0
223.47474499310312	223.0
223.48474565295245	223.0
223.49474631280177	223.0
223.5047469726511	223.0
223.51474763250044	223.0
223.52474829234976	226.0
223.5347489521991	226.0
223.5447496120484	226.0
223.55475027189775	226.0
223.56475093174708	223.0
223.5747515915964	223.0
223.58475225144574	223.0
223.59475291129507	223.0
223.60475357114439	223.0
223.61475423099373	226.0
223.62475489084304	226.0
223.63475555069238	226.0
223.64475621054171	226.0
223.65475687039103	223.0
223.66475753024037	223.0
223.6747581900897	223.0
223.68475884993902	220.0
223.69475950978835	223.0
223.70476016963767	223.0
223.714760829487	228.0
223.72476148933634	236.0
223.73476214918566	245.0
223.744762809035	259.0
223.75476346888433	278.0
223.76476412873365	291.0
223.77476478858298	291.0
223.78476544843232	288.0
223.79476610828164	281.0
223.80476676813097	275.0
223.81476742798029	262.0
223.82476808782963	250.0
223.83476874767896	239.0
223.84476940752828	223.0
223.85477006737761	213.0
223.86477072722695	206.0
223.87477138707627	201.0
223.8847720469256	201.0
223.89477270677492	201.0
223.90477336662426	203.0
223.9147740264736	208.0
223.9247746863229	213.0
223.93477534617224	220.0
223.94477600602158	228.0
223.9547766658709	239.0
223.96477732572023	248.0
223.97477798556955	256.0
223.98477864541888	262.0
223.99477930526822	265.0
224.00477996511754	268.0
224.01478062496687	268.0
224.0247812848162	268.0
224.03478194466553	268.0
224.04478260451486	268.0
224.0547832643642	268.0
224.06478392421351	268.0
224.07478458406285	268.0
224.08478524391217	268.0
224.0947859037615	268.0
224.10478656361084	268.0
224.11478722346016	268.0
224.1247878833095	268.0
224.13478854315883	268.0
224.14478920300814	268.0
224.15478986285748	272.0
224.1647905227068	272.0
224.17479118255613	272.0
224.18479184240547	268.0
224.19479250225478	268.0
224.20479316210412	262.0
224.21479382195346	256.0
224.22479448180277	250.0
224.2347951416521	245.0
224.24479580150143	242.0
224.25479646135076	242.0
224.2647971212001	245.0
224.27479778104941	250.0
224.28479844089875	338.0
224.2947991007481	342.0
224.3047997605974	342.0
224.31480042044674	338.0
224.32480108029608	338.0
224.3348017401454	334.0
224.34480239999473	338.0
224.35480305984404	338.0
224.36480371969338	342.0
224.37480437954272	346.0
224.38480503939203	350.0
224.39480569924137	350.0
224.4048063590907	350.0
224.41480701894002	350.0
224.42480767878936	346.0
224.43480833863867	342.0
224.444808998488	338.0
224.45480965833735	334.0
224.46481031818666	331.0
224.474810978036	327.0
224.48481163788534	327.0
224.49481229773465	327.0
224.504812957584	327.0
224.5148136174333	327.0
224.52481427728264	327.0
224.53481493713198	323.0
224.5448155969813	305.0
224.55481625683063	0.0
224.56481691667997	0.0
224.57481757652928	0.0
224.58481823637862	0.0
224.59481889622796	0.0
224.60481955607727	0.0
224.6148202159266	0.0
224.62482087577592	0.0
224.63482153562526	402.0
224.6448221954746	402.0
224.6548228553239	407.0
224.66482351517325	407.0
224.6748241750226	407.0
224.6848248348719	402.0
224.69482549472124	402.0
224.70482615457055	402.0
224.7148268144199	398.0
224.72482747426923	398.0
224.73482813411854	398.0
224.74482879396788	398.0
224.75482945381722	398.0
224.76483011366653	398.0
224.77483077351587	402.0
224.7848314333652	402.0
224.79483209321452	402.0
224.80483275306386	402.0
224.81483341291317	402.0
224.8248340727625	402.0
224.83483473261185	402.0
224.84483539246116	402.0
224.8548360523105	402.0
224.86483671215984	398.0
224.87483737200915	389.0
224.8848380318585	371.0
224.8948386917078	363.0
224.90483935155714	363.0
224.91484001140648	358.0
224.9248406712558	358.0
224.93484133110513	380.0
224.94484199095447	402.0
224.95484265080378	407.0
224.96484331065312	407.0
224.97484397050243	407.0
224.98484463035177	407.0
224.9948452902011	407.0
225.00484595005042	407.0
225.01484660989976	407.0
225.0248472697491	407.0
225.0348479295984	402.0
225.04484858944775	402.0
225.0548492492971	402.0
225.0648499091464	402.0
225.07485056899574	402.0
225.08485122884505	402.0
225.0948518886944	402.0
225.10485254854373	402.0
225.11485320839304	402.0
225.12485386824238	402.0
225.13485452809172	398.0
225.14485518794103	393.0
225.15485584779037	389.0
225.16485650763968	384.0
225.17485716748902	380.0
225.18485782733836	371.0
225.19485848718767	363.0
225.204859147037	350.0
225.21485980688635	338.0
225.22486046673566	331.0
225.234861126585	323.0
225.2448617864343	323.0
225.25486244628365	323.0
225.264863106133	331.0
225.2748637659823	338.0
225.28486442583164	350.0
225.29486508568098	358.0
225.3048657455303	371.0
225.31486640537963	380.0
225.32486706522897	393.0
225.33486772507828	402.0
225.34486838492762	412.0
225.35486904477693	412.0
225.36486970462627	417.0
225.3748703644756	412.0
225.38487102432492	407.0
225.39487168417426	398.0
225.4048723440236	389.0
225.4148730038729	384.0
225.42487366372225	375.0
225.43487432357156	367.0
225.4448749834209	363.0
225.45487564327024	354.0
225.46487630311955	346.0
225.4748769629689	338.0
225.48487762281823	334.0
225.49487828266754	334.0
225.50487894251688	334.0
225.5148796023662	334.0
225.52488026221553	338.0
225.53488092206487	342.0
225.54488158191418	350.0
225.55488224176352	354.0
225.56488290161286	367.0
225.57488356146217	371.0
225.5848842213115	380.0
225.59488488116085	380.0
225.60488554101016	380.0
225.6148862008595	371.0
225.6248868607088	354.0
225.63488752055815	338.0
225.6448881804075	327.0
225.6548888402568	262.0
225.66488950010614	250.0
225.67489015995548	245.0
225.6848908198048	242.0
225.69489147965413	242.0
225.70489213950344	245.0
225.71489279935278	250.0
225.72489345920212	256.0
225.73489411905143	259.0
225.74489477890077	262.0
225.7548954387501	262.0
225.76489609859942	265.0
225.77489675844876	265.0
225.78489741829807	268.0
225.7948980781474	268.0
225.80489873799675	268.0
225.81489939784606	268.0
225.8249000576954	268.0
225.83490071754474	268.0
225.84490137739405	268.0
225.8549020372434	272.0
225.86490269709273	272.0
225.87490335694204	268.0
225.88490401679138	268.0
225.8949046766407	268.0
225.90490533649003	268.0
225.91490599633937	265.0
225.92490665618868	262.0
225.93490731603802	259.0
225.94490797588736	256.0
225.95490863573667	250.0
225.964909295586	245.0
225.97490995543532	245.0
225.98491061528466	242.0
225.994911275134	242.0
226.0049119349833	245.0
226.01491259483265	248.0
226.024913254682	327.0
226.0349139145313	334.0
226.04491457438064	334.0
226.05491523422995	334.0
226.0649158940793	334.0
226.07491655392863	334.0
226.08491721377794	331.0
226.09491787362728	331.0
226.10491853347662	331.0
226.11491919332593	331.0
226.12491985317527	334.0
226.1349205130246	334.0
226.14492117287392	338.0
226.15492183272326	338.0
226.16492249257257	342.0
226.1749231524219	342.0
226.18492381227125	346.0
226.19492447212056	346.0
226.2049251319699	350.0
226.21492579181924	346.0
226.22492645166855	346.0
226.2349271115179	334.0
226.2449277713672	323.0
226.25492843121654	312.0
226.26492909106588	298.0
226.2749297509152	275.0
226.28493041076453	250.0
226.29493107061387	239.0
226.30493173046318	234.0
226.31493239031252	234.0
226.32493305016183	239.0
226.33493371001117	245.0
226.3449343698605	250.0
226.35493502970982	256.0
226.36493568955916	259.0
226.3749363494085	265.0
226.3849370092578	268.0
226.39493766910715	272.0
226.4049383289565	275.0
226.4149389888058	275.0
226.42493964865514	275.0
226.43494030850445	272.0
226.4449409683538	272.0
226.45494162820313	272.0
226.46494228805244	272.0
226.47494294790178	272.0
226.48494360775112	272.0
226.49494426760043	272.0
226.50494492744977	272.0
226.51494558729908	268.0
226.52494624714842	268.0
226.53494690699776	268.0
226.54494756684707	262.0
226.5549482266964	259.0
226.56494888654575	248.0
226.57494954639506	239.0
226.5849502062444	239.0
226.59495086609374	242.0
226.60495152594305	248.0
226.6149521857924	259.0
226.6249528456417	262.0
226.63495350549104	265.0
226.64495416534038	268.0
226.6549548251897	268.0
226.66495548503903	272.0
226.67495614488837	272.0
226.68495680473768	272.0
226.69495746458702	272.0
226.70495812443633	268.0
226.71495878428567	268.0
226.724959444135	265.0
226.73496010398432	265.0
226.74496076383366	262.0
226.754961423683	256.0
226.7649620835323	253.0
226.77496274338165	248.0
226.78496340323096	242.0
226.7949640630803	236.0
226.80496472292964	234.0
226.81496538277895	231.0
226.8249660426283	231.0
226.83496670247763	234.0
226.84496736232694	236.0
226.85496802217628	242.0
226.86496868202562	248.0
226.87496934187493	259.0
226.88497000172427	284.0
226.89497066157358	294.0
226.90497132142292	301.0
226.91497198127226	305.0
226.92497264112157	308.0
226.9349733009709	308.0
226.94497396082025	308.0
226.95497462066956	305.0
226.9649752805189	250.0
226.9749759403682	239.0
226.98497660021755	223.0
226.9949772600669	215.0
227.0049779199162	208.0
227.01497857976554	208.0
227.02497923961488	213.0
227.0349798994642	218.0
227.04498055931353	223.0
227.05498121916284	226.0
227.06498187901218	228.0
227.07498253886152	228.0
227.08498319871083	228.0
227.09498385856017	226.0
227.1049845184095	226.0
227.11498517825882	226.0
227.12498583810816	226.0
227.1349864979575	226.0
227.1449871578068	226.0
227.15498781765615	226.0
227.16498847750546	226.0
227.1749891373548	226.0
227.18498979720414	226.0
227.19499045705345	226.0
227.2049911169028	226.0
227.21499177675213	226.0
227.22499243660144	226.0
227.23499309645078	228.0
227.2449937563001	228.0
227.25499441614943	228.0
227.26499507599877	231.0
227.27499573584808	228.0
227.28499639569742	228.0
227.29499705554676	0.0
227.30499771539607	0.0
227.3149983752454	0.0
227.32499903509472	0.0
227.33499969494406	0.0
227.3450003547934	0.0
227.3550010146427	0.0
227.36500167449205	0.0
227.3750023343414	0.0
227.3850029941907	0.0
227.39500365404004	0.0
227.40500431388938	0.0
227.4150049737387	0.0
227.42500563358803	0.0
227.43500629343734	0.0
227.44500695328668	0.0
227.45500761313602	0.0
227.46500827298533	0.0
227.47500893283467	0.0
227.485009592684	0.0
227.49501025253332	0.0
227.50501091238266	0.0
227.51501157223197	0.0
227.5250122320813	0.0
227.53501289193065	0.0
227.54501355177996	0.0
227.5550142116293	0.0
227.56501487147864	0.0
227.57501553132795	0.0
227.5850161911773	0.0
227.5950168510266	0.0
227.60501751087594	0.0
227.61501817072528	223.0
227.6250188305746	223.0
227.63501949042393	226.0
227.64502015027327	228.0
227.65502081012258	228.0
227.66502146997192	228.0
227.67502212982126	228.0
227.68502278967057	228.0
227.6950234495199	228.0
227.70502410936922	228.0
227.71502476921856	228.0
227.7250254290679	228.0
227.7350260889172	228.0
227.74502674876655	228.0
227.7550274086159	228.0
227.7650280684652	226.0
227.77502872831454	226.0
227.78502938816385	226.0
227.7950300480132	231.0
227.80503070786253	236.0
227.81503136771184	242.0
227.82503202756118	248.0
227.83503268741052	250.0
227.84503334725983	253.0
227.85503400710917	256.0
227.86503466695848	253.0
227.87503532680782	253.0
227.88503598665716	248.0
227.89503664650647	242.0
227.9050373063558	236.0
227.91503796620515	231.0
227.92503862605446	228.0
227.9350392859038	223.0
227.94503994575314	220.0
227.95504060560245	218.0
227.9650412654518	215.0
227.9750419253011	215.0
227.98504258515044	218.0
227.99504324499978	223.0
228.0050439048491	231.0
228.01504456469843	236.0
228.02504522454777	242.0
228.03504588439708	250.0
228.04504654424642	259.0
228.05504720409573	262.0
228.06504786394507	265.0
228.0750485237944	265.0
228.08504918364372	265.0
228.09504984349306	262.0
228.1050505033424	259.0
228.1150511631917	256.0
228.12505182304105	250.0
228.13505248289036	248.0
228.1450531427397	245.0
228.15505380258904	242.0
228.16505446243835	236.0
228.1750551222877	234.0
228.18505578213703	231.0
228.19505644198634	228.0
228.20505710183568	226.0
228.21505776168502	226.0
228.22505842153433	228.0
228.23505908138367	234.0
228.24505974123298	242.0
228.25506040108232	250.0
228.26506106093166	259.0
228.27506172078097	272.0
228.2850623806303	284.0
228.29506304047965	291.0
228.30506370032896	294.0
228.3150643601783	284.0
228.3250650200276	253.0
228.33506567987695	242.0
228.3450663397263	228.0
228.3550669995756	220.0
228.36506765942494	213.0
228.37506831927428	208.0
228.3850689791236	210.0
228.39506963897293	213.0
228.40507029882224	215.0
228.41507095867158	218.0
228.42507161852092	220.0
228.43507227837023	226.0
228.44507293821957	228.0
228.4550735980689	231.0
228.46507425791822	231.0
228.47507491776756	234.0
228.4850755776169	236.0
228.4950762374662	236.0
228.50507689731555	239.0
228.51507755716486	242.0
228.5250782170142	242.0
228.53507887686354	242.0
228.54507953671285	242.0
228.5550801965622	242.0
228.56508085641153	239.0
228.57508151626084	239.0
228.58508217611018	236.0
228.5950828359595	234.0
228.60508349580883	228.0
228.61508415565817	220.0
228.62508481550748	210.0
228.63508547535682	206.0
228.64508613520616	201.0
228.65508679505547	199.0
228.6650874549048	196.0
228.67508811475415	196.0
228.68508877460346	199.0
228.6950894344528	201.0
228.7050900943021	206.0
228.71509075415145	213.0
228.7250914140008	215.0
228.7350920738501	220.0
228.74509273369944	223.0
228.75509339354878	226.0
228.7650940533981	226.0
228.77509471324743	226.0
228.78509537309674	226.0
228.79509603294608	226.0
228.80509669279542	226.0
228.81509735264473	226.0
228.82509801249407	226.0
228.8350986723434	226.0
228.84509933219272	226.0
228.85509999204206	226.0
228.86510065189137	226.0
228.8751013117407	228.0
228.88510197159005	228.0
228.89510263143936	231.0
228.9051032912887	234.0
228.91510395113804	236.0
228.92510461098735	234.0
228.9351052708367	231.0
228.94510593068603	226.0
228.95510659053534	220.0
228.96510725038468	0.0
228.975107910234	0.0
228.98510857008333	0.0
228.99510922993267	0.0
229.00510988978198	0.0
229.01511054963132	0.0
229.02511120948066	0.0
229.03511186932997	0.0
229.0451125291793	203.0
229.05511318902862	201.0
229.06511384887796	201.0
229.0751145087273	199.0
229.0851151685766	199.0
229.09511582842595	201.0
229.10511648827529	201.0
229.1151171481246	201.0
229.12511780797394	203.0
229.13511846782325	203.0
229.1451191276726	203.0
229.15511978752193	203.0
229.16512044737124	203.0
229.17512110722058	206.0
229.18512176706992	206.0
229.19512242691923	206.0
229.20512308676857	206.0
229.2151237466179	203.0
229.22512440646722	203.0
229.23512506631656	203.0
229.24512572616587	203.0
229.2551263860152	201.0
229.26512704586455	201.0
229.27512770571386	199.0
229.2851283655632	199.0
229.29512902541254	196.0
229.30512968526185	192.0
229.31513034511119	190.0
229.3251310049605	187.0
229.33513166480984	190.0
229.34513232465918	192.0
229.3551329845085	196.0
229.36513364435783	201.0
229.37513430420717	201.0
229.38513496405648	201.0
229.39513562390582	201.0
229.40513628375513	201.0
229.41513694360447	201.0
229.4251376034538	201.0
229.43513826330312	201.0
229.44513892315246	201.0
229.4551395830018	199.0
229.4651402428511	199.0
229.47514090270045	199.0
229.48514156254979	196.0
229.4951422223991	194.0
229.50514288224844	192.0
229.51514354209775	192.0
229.52514420194709	190.0
229.53514486179643	190.0
229.54514552164574	187.0
229.55514618149508	187.0
229.56514684134441	185.0
229.57514750119373	181.0
229.58514816104307	175.0
229.59514882089238	165.0
229.60514948074172	158.0
229.61515014059106	156.0
229.62515080044037	156.0
229.6351514602897	158.0
229.64515212013904	159.0
229.65515277998836	0.0
229.6651534398377	0.0
229.675154099687	0.0
229.68515475953635	0.0
229.69515541938569	0.0
229.705156079235	0.0
229.71515673908434	0.0
229.72515739893367	0.0
229.735158058783	0.0
229.74515871863233	208.0
229.75515937848166	203.0
229.76516003833098	201.0
229.77516069818031	201.0
229.78516135802963	199.0
229.79516201787897	199.0
229.8051626777283	199.0
229.81516333757762	199.0
229.82516399742696	199.0
229.8351646572763	199.0
229.8451653171256	201.0
229.85516597697494	201.0
229.86516663682426	201.0
229.8751672966736	201.0
229.88516795652293	201.0
229.89516861637225	201.0
229.90516927622159	201.0
229.91516993607092	201.0
229.92517059592024	201.0
229.93517125576957	201.0
229.9451719156189	201.0
229.95517257546823	201.0
229.96517323531756	201.0
229.97517389516688	201.0
229.98517455501621	199.0
229.99517521486555	201.0
230.00517587471487	201.0
230.0151765345642	201.0
230.02517719441354	201.0
230.03517785426286	203.0
230.0451785141122	203.0
230.0551791739615	206.0
230.06517983381084	206.0
230.07518049366018	0.0
230.0851811535095	0.0
230.09518181335883	0.0
230.10518247320817	0.0
230.11518313305749	0.0
230.12518379290682	0.0
230.13518445275614	0.0
230.14518511260547	0.0
230.15518577245481	0.0
230.16518643230413	0.0
230.17518709215346	0.0
230.1851877520028	0.0
230.19518841185211	0.0
230.20518907170145	0.0
230.21518973155077	0.0
230.2251903914001	0.0
230.23519105124944	0.0
230.24519171109876	0.0
230.2551923709481	0.0
230.26519303079743	0.0
230.27519369064674	0.0
230.28519435049608	0.0
230.29519501034542	0.0
230.30519567019473	0.0
230.31519633004407	0.0
230.32519698989339	0.0
230.33519764974272	0.0
230.34519830959206	0.0
230.35519896944137	0.0
230.36519962929071	0.0
230.37520028914005	0.0
230.38520094898936	0.0
230.3952016088387	231.0
230.40520226868802	223.0
230.41520292853735	215.0
230.4252035883867	215.0
230.435204248236	220.0
230.44520490808534	226.0
230.45520556793468	228.0
230.465206227784	231.0
230.47520688763333	231.0
230.48520754748267	231.0
230.49520820733198	231.0
230.50520886718132	231.0
230.51520952703063	231.0
230.52521018687997	228.0
230.5352108467293	228.0
230.54521150657862	226.0
230.55521216642796	226.0
230.5652128262773	223.0
230.57521348612661	223.0
230.58521414597595	223.0
230.59521480582526	223.0
230.6052154656746	223.0
230.61521612552394	223.0
230.62521678537325	223.0
230.6352174452226	223.0
230.64521810507193	218.0
230.65521876492124	210.0
230.66521942477058	206.0
230.6752200846199	203.0
230.68522074446923	206.0
230.69522140431857	208.0
230.70522206416788	215.0
230.71522272401722	220.0
230.72522338386656	226.0
230.73522404371587	226.0
230.7452247035652	228.0
230.75522536341455	226.0
230.76522602326386	226.0
230.7752266831132	226.0
230.78522734296251	226.0
230.79522800281185	226.0
230.8052286626612	228.0
230.8152293225105	228.0
230.82522998235984	228.0
230.83523064220918	228.0
230.8452313020585	226.0
230.85523196190783	220.0
230.86523262175714	218.0
230.87523328160648	213.0
230.88523394145582	213.0
230.89523460130513	215.0
230.90523526115447	223.0
230.9152359210038	236.0
230.92523658085312	248.0
230.93523724070246	268.0
230.94523790055177	291.0
230.9552385604011	301.0
230.96523922025045	301.0
230.97523988009976	291.0
230.9852405399491	278.0
230.99524119979844	265.0
231.00524185964775	256.0
231.0152425194971	245.0
231.02524317934643	226.0
231.03524383919574	208.0
231.04524449904508	201.0
231.0552451588944	201.0
231.06524581874373	201.0
231.07524647859307	203.0
231.08524713844238	206.0
231.09524779829172	213.0
231.10524845814106	220.0
231.11524911799037	236.0
231.1252497778397	248.0
231.13525043768902	259.0
231.14525109753836	265.0
231.1552517573877	275.0
231.165252417237	278.0
231.17525307708635	281.0
231.1852537369357	284.0
231.195254396785	281.0
231.20525505663434	278.0
231.21525571648365	275.0
231.225256376333	275.0
231.23525703618233	272.0
231.24525769603164	272.0
231.25525835588098	268.0
231.26525901573032	268.0
231.27525967557963	265.0
231.28526033542897	265.0
231.2952609952783	259.0
231.30526165512762	250.0
231.31526231497696	245.0
231.32526297482627	245.0
231.3352636346756	245.0
231.34526429452495	248.0
231.35526495437426	248.0
231.3652656142236	253.0
231.37526627407294	346.0
231.38526693392225	342.0
231.3952675937716	338.0
231.4052682536209	334.0
231.41526891347024	331.0
231.42526957331958	331.0
231.4352702331689	331.0
231.44527089301823	334.0
231.45527155286757	342.0
231.46527221271688	346.0
231.47527287256622	350.0
231.48527353241553	354.0
231.49527419226487	358.0
231.5052748521142	358.0
231.51527551196352	358.0
231.52527617181286	354.0
231.5352768316622	346.0
231.5452774915115	342.0
231.55527815136085	338.0
231.5652788112102	334.0
231.5752794710595	334.0
231.58528013090884	334.0
231.59528079075815	334.0
231.6052814506075	334.0
231.61528211045683	327.0
231.62528277030614	308.0
231.63528343015548	0.0
231.64528409000482	0.0
231.65528474985413	0.0
231.66528540970347	0.0
231.67528606955278	0.0
231.68528672940212	0.0
231.69528738925146	0.0
231.70528804910077	0.0
231.7152887089501	0.0
231.72528936879945	0.0
231.73529002864876	0.0
231.7452906884981	407.0
231.7552913483474	417.0
231.76529200819675	417.0
231.7752926680461	417.0
231.7852933278954	412.0
231.79529398774474	412.0
231.80529464759408	412.0
231.8152953074434	412.0
231.82529596729273	407.0
231.83529662714207	407.0
231.84529728699138	407.0
231.85529794684072	407.0
231.86529860669003	407.0
231.87529926653937	407.0
231.8852999263887	407.0
231.89530058623802	407.0
231.90530124608736	407.0
231.9153019059367	407.0
231.925302565786	407.0
231.93530322563535	407.0
231.94530388548466	407.0
231.955304545334	402.0
231.96530520518334	402.0
231.97530586503265	402.0
231.985306524882	402.0
231.99530718473133	402.0
232.00530784458064	402.0
232.01530850442998	402.0
232.0253091642793	402.0
232.03530982412863	402.0
232.04531048397797	402.0
232.05531114382728	402.0
232.06531180367662	402.0
232.07531246352596	402.0
232.08531312337527	402.0
232.0953137832246	402.0
232.10531444307395	402.0
232.11531510292326	402.0
232.1253157627726	402.0
232.1353164226219	402.0
232.14531708247125	407.0
232.1553177423206	407.0
232.1653184021699	407.0
232.17531906201924	407.0
232.18531972186858	407.0
232.1953203817179	407.0
232.20532104156723	407.0
232.21532170141654	407.0
232.22532236126588	407.0
232.23532302111522	407.0
232.24532368096453	407.0
232.25532434081387	407.0
232.2653250006632	407.0
232.27532566051252	407.0
232.28532632036186	407.0
232.2953269802112	402.0
232.3053276400605	389.0
232.31532829990985	358.0
232.32532895975916	346.0
232.3353296196085	334.0
232.34533027945784	323.0
232.35533093930715	312.0
232.3653315991565	301.0
232.37533225900583	350.0
232.38533291885514	354.0
232.39533357870448	350.0
232.4053342385538	346.0
232.41533489840313	338.0
232.42533555825247	338.0
232.43533621810178	334.0
232.44533687795112	334.0
232.45533753780046	338.0
232.46533819764977	338.0
232.4753388574991	338.0
232.48533951734842	338.0
232.49534017719776	342.0
232.5053408370471	346.0
232.5153414968964	350.0
232.52534215674575	354.0
232.5353428165951	363.0
232.5453434764444	367.0
232.55534413629374	375.0
232.56534479614308	380.0
232.5753454559924	380.0
232.58534611584173	375.0
232.59534677569104	371.0
232.60534743554038	363.0
232.61534809538972	350.0
232.62534875523903	288.0
232.63534941508837	265.0
232.6453500749377	253.0
232.65535073478702	245.0
232.66535139463636	242.0
232.67535205448567	245.0
232.685352714335	250.0
232.69535337418435	256.0
232.70535403403366	262.0
232.715354693883	265.0
232.72535535373234	268.0
232.73535601358165	272.0
232.745356673431	272.0
232.7553573332803	272.0
232.76535799312964	272.0
232.77535865297898	272.0
232.7853593128283	272.0
232.79535997267763	272.0
232.80536063252697	272.0
232.81536129237628	272.0
232.82536195222562	272.0
232.83536261207496	272.0
232.84536327192427	272.0
232.8553639317736	272.0
232.86536459162292	275.0
232.87536525147226	275.0
232.8853659113216	275.0
232.8953665711709	275.0
232.90536723102025	275.0
232.9153678908696	272.0
232.9253685507189	272.0
232.93536921056824	268.0
232.94536987041755	259.0
232.9553705302669	248.0
232.96537119011623	242.0
232.97537184996554	239.0
232.98537250981488	245.0
232.99537316966422	250.0
233.00537382951353	259.0
233.01537448936287	265.0
233.02537514921218	268.0
233.03537580906152	268.0
233.04537646891086	272.0
233.05537712876017	272.0
233.0653777886095	272.0
233.07537844845885	272.0
233.08537910830816	268.0
233.0953797681575	268.0
233.10538042800684	265.0
233.11538108785615	262.0
233.1253817477055	256.0
233.1353824075548	250.0
233.14538306740414	245.0
233.15538372725348	239.0
233.1653843871028	234.0
233.17538504695213	234.0
233.18538570680147	234.0
233.19538636665078	236.0
233.20538702650012	242.0
233.21538768634943	250.0
233.22538834619877	262.0
233.2353890060481	284.0
233.24538966589742	294.0
233.25539032574676	298.0
233.2653909855961	298.0
233.2753916454454	291.0
233.28539230529475	284.0
233.29539296514406	265.0
233.3053936249934	239.0
233.31539428484274	223.0
233.32539494469205	218.0
233.3353956045414	215.0
233.34539626439073	218.0
233.35539692424004	220.0
233.36539758408938	223.0
233.37539824393872	226.0
233.38539890378803	226.0
233.39539956363737	226.0
233.40540022348668	226.0
233.41540088333602	223.0
233.42540154318536	223.0
233.43540220303467	223.0
233.445402862884	223.0
233.45540352273335	223.0
233.46540418258266	220.0
233.475404842432	220.0
233.4854055022813	223.0
233.49540616213065	223.0
233.50540682198	223.0
233.5154074818293	223.0
233.52540814167864	223.0
233.53540880152798	223.0
233.5454094613773	226.0
233.55541012122663	226.0
233.56541078107594	226.0
233.57541144092528	223.0
233.58541210077462	218.0
233.59541276062393	208.0
233.60541342047327	203.0
233.6154140803226	206.0
233.62541474017192	206.0
233.63541540002126	0.0
233.6454160598706	0.0
233.6554167197199	0.0
233.66541737956925	239.0
233.67541803941856	239.0
233.6854186992679	236.0
233.69541935911724	234.0
233.70542001896655	234.0
233.7154206788159	236.0
233.72542133866523	239.0
233.73542199851454	242.0
233.74542265836388	245.0
233.7554233182132	245.0
233.76542397806253	245.0
233.77542463791187	242.0
233.78542529776118	242.0
233.79542595761052	236.0
233.80542661745986	231.0
233.81542727730917	226.0
233.8254279371585	218.0
233.83542859700782	208.0
233.84542925685716	203.0
233.8554299167065	201.0
233.8654305765558	196.0
233.87543123640515	196.0
233.8854318962545	194.0
233.8954325561038	194.0
233.90543321595314	196.0
233.91543387580248	199.0
233.9254345356518	199.0
233.93543519550113	199.0
233.94543585535044	196.0
233.95543651519978	192.0
233.96543717504912	185.0
233.97543783489843	185.0
233.98543849474777	187.0
233.9954391545971	190.0
234.00543981444642	196.0
234.01544047429576	201.0
234.02544113414507	208.0
234.0354417939944	215.0
234.04544245384375	223.0
234.05544311369306	228.0
234.0654437735424	234.0
234.07544443339174	234.0
234.08544509324105	234.0
234.0954457530904	234.0
234.1054464129397	231.0
234.11544707278904	231.0
234.12544773263838	231.0
234.1354483924877	228.0
234.14544905233703	228.0
234.15544971218637	228.0
234.16545037203568	228.0
234.17545103188502	228.0
234.18545169173436	228.0
234.19545235158367	228.0
234.205453011433	228.0
234.21545367128232	226.0
234.22545433113166	223.0
234.235454990981	215.0
234.2454556508303	210.0
234.25545631067965	208.0
234.265456970529	206.0
234.2754576303783	203.0
234.28545829022764	201.0
234.29545895007695	201.0
234.3054596099263	201.0
234.31546026977563	203.0
234.32546092962494	206.0
234.33546158947428	210.0
234.34546224932362	215.0
234.35546290917293	218.0
234.36546356902227	220.0
234.3754642288716	220.0
234.38546488872092	223.0
234.39546554857026	223.0
234.40546620841957	223.0
234.4154668682689	226.0
234.42546752811825	226.0
234.43546818796756	226.0
234.4454688478169	223.0
234.45546950766624	223.0
234.46547016751555	220.0
234.4754708273649	218.0
234.4854714872142	218.0
234.49547214706354	220.0
234.50547280691288	226.0
234.5154734667622	236.0
234.52547412661153	248.0
234.53547478646087	278.0
234.54547544631018	294.0
234.55547610615952	301.0
234.56547676600883	305.0
234.57547742585817	305.0
234.5854780857075	301.0
234.59547874555682	294.0
234.60547940540616	239.0
234.6154800652555	226.0
234.6254807251048	213.0
234.63548138495415	201.0
234.6454820448035	196.0
234.6554827046528	196.0
234.66548336450214	196.0
234.67548402435145	201.0
234.6854846842008	208.0
234.69548534405013	218.0
234.70548600389944	226.0
234.71548666374878	234.0
234.72548732359812	242.0
234.73548798344743	250.0
234.74548864329677	259.0
234.75548930314608	268.0
234.76548996299542	275.0
234.77549062284476	275.0
234.78549128269407	278.0
234.7954919425434	275.0
234.80549260239275	275.0
234.81549326224206	275.0
234.8254939220914	275.0
234.8354945819407	275.0
234.84549524179005	272.0
234.8554959016394	272.0
234.8654965614887	272.0
234.87549722133804	272.0
234.88549788118738	272.0
234.8954985410367	272.0
234.90549920088603	272.0
234.91549986073537	272.0
234.92550052058468	272.0
234.93550118043402	272.0
234.94550184028333	275.0
234.95550250013267	272.0
234.965503159982	272.0
234.97550381983132	268.0
234.98550447968066	262.0
234.99550513953	253.0
235.0055057993793	250.0
235.01550645922865	250.0
235.02550711907796	253.0
235.0355077789273	256.0
235.04550843877664	259.0
235.05550909862595	259.0
235.0655097584753	262.0
235.07551041832463	262.0
235.08551107817394	265.0
235.09551173802328	275.0
235.1055123978726	288.0
235.11551305772193	316.0
235.12551371757127	346.0
235.13551437742058	363.0
235.14551503726992	375.0
235.15551569711926	384.0
235.16551635696857	384.0
235.1755170168179	371.0
235.18551767666725	354.0
235.19551833651656	331.0
235.2055189963659	312.0
235.2155196562152	294.0
235.22552031606455	272.0
235.2355209759139	265.0
235.2455216357632	265.0
235.25552229561254	265.0
235.26552295546188	268.0
235.2755236153112	272.0
235.28552427516053	272.0
235.29552493500984	268.0
235.30552559485918	259.0
235.31552625470852	248.0
235.32552691455783	245.0
235.33552757440717	250.0
235.3455282342565	275.0
235.35552889410582	281.0
235.36552955395516	281.0
235.37553021380447	275.0
235.3855308736538	272.0
235.39553153350315	272.0
235.40553219335246	272.0
235.4155328532018	272.0
235.42553351305114	278.0
235.43553417290045	291.0
235.4455348327498	305.0
235.45553549259913	319.0
235.46553615244844	338.0
235.47553681229778	358.0
235.4855374721471	380.0
235.49553813199643	402.0
235.50553879184577	417.0
235.51553945169508	417.0
235.52554011154442	421.0
235.53554077139376	421.0
235.54554143124307	417.0
235.5555420910924	402.0
235.56554275094172	384.0
235.57554341079106	371.0
235.5855440706404	358.0
235.5955447304897	346.0
235.60554539033905	338.0
235.61554605018839	331.0
235.6255467100377	327.0
235.63554736988704	323.0
235.64554802973635	323.0
235.6555486895857	327.0
235.66554934943503	334.0
235.67555000928434	346.0
235.68555066913368	354.0
235.69555132898302	367.0
235.70555198883233	371.0
235.71555264868167	371.0
235.725553308531	367.0
235.73555396838032	354.0
235.74555462822966	346.0
235.75555528807897	0.0
235.7655559479283	0.0
235.77555660777765	0.0
235.78555726762696	0.0
235.7955579274763	0.0
235.80555858732563	0.0
235.81555924717495	0.0
235.82555990702429	0.0
235.8355605668736	0.0
235.84556122672294	0.0
235.85556188657227	0.0
235.8655625464216	0.0
235.87556320627093	0.0
235.88556386612026	0.0
235.89556452596958	0.0
235.90556518581892	0.0
235.91556584566823	0.0
235.92556650551757	0.0
235.9355671653669	0.0
235.94556782521622	0.0
235.95556848506556	0.0
235.9655691449149	0.0
235.9755698047642	0.0
235.98557046461355	0.0
235.99557112446288	0.0
236.0055717843122	0.0
236.01557244416153	0.0
236.02557310401085	0.0
236.03557376386019	248.0
236.04557442370952	245.0
236.05557508355884	245.0
236.06557574340817	248.0
236.07557640325751	250.0
236.08557706310683	253.0
236.09557772295616	259.0
236.10557838280548	268.0
236.11557904265482	291.0
236.12557970250415	305.0
236.13558036235347	316.0
236.1455810222028	331.0
236.15558168205214	342.0
236.16558234190146	354.0
236.1755830017508	358.0
236.18558366160013	354.0
236.19558432144945	346.0
236.20558498129878	319.0
236.2155856411481	312.0
236.22558630099743	305.0
236.23558696084677	305.0
236.24558762069609	305.0
236.25558828054542	316.0
236.26558894039476	334.0
236.27558960024407	354.0
236.28559026009341	371.0
236.29559091994273	389.0
236.30559157979206	412.0
236.3155922396414	421.0
236.32559289949072	426.0
236.33559355934005	421.0
236.3455942191894	402.0
236.3555948790387	380.0
236.36559553888804	354.0
236.37559619873736	331.0
236.3855968585867	316.0
236.39559751843603	312.0
236.40559817828535	316.0
236.41559883813468	327.0
236.42559949798402	342.0
236.43560015783333	358.0
236.44560081768267	367.0
236.455601477532	367.0
236.46560213738132	367.0
236.47560279723066	363.0
236.48560345707997	354.0
236.49560411692931	334.0
236.50560477677865	305.0
236.51560543662796	248.0
236.5256060964773	239.0
236.53560675632664	231.0
236.54560741617595	228.0
236.5556080760253	231.0
236.5656087358746	236.0
236.57560939572394	248.0
236.58561005557328	259.0
236.5956107154226	272.0
236.60561137527193	278.0
236.61561203512127	281.0
236.62561269497058	281.0
236.63561335481992	278.0
236.64561401466923	268.0
236.65561467451857	262.0
236.6656153343679	256.0
236.67561599421722	248.0
236.68561665406656	245.0
236.6956173139159	245.0
236.70561797376521	262.0
236.71561863361455	278.0
236.7256192934639	291.0
236.7356199533132	308.0
236.74562061316254	319.0
236.75562127301185	334.0
236.7656219328612	350.0
236.77562259271053	358.0
236.78562325255984	363.0
236.79562391240918	363.0
236.80562457225852	358.0
236.81562523210783	334.0
236.82562589195717	316.0
236.83562655180648	308.0
236.84562721165582	294.0
236.85562787150516	281.0
236.86562853135447	281.0
236.8756291912038	288.0
236.88562985105315	298.0
236.89563051090246	312.0
236.9056311707518	323.0
236.91563183060111	338.0
236.92563249045045	346.0
236.9356331502998	354.0
236.9456338101491	358.0
236.95563446999844	363.0
236.96563512984778	358.0
236.9756357896971	346.0
236.98563644954643	334.0
236.99563710939577	323.0
237.00563776924508	308.0
237.01563842909442	298.0
237.02563908894373	291.0
237.03563974879307	288.0
237.0456404086424	294.0
237.05564106849172	305.0
237.06564172834106	316.0
237.0756423881904	338.0
237.0856430480397	358.0
237.09564370788905	380.0
237.10564436773836	393.0
237.1156450275877	402.0
237.12564568743704	412.0
237.13564634728635	412.0
237.1456470071357	412.0
237.15564766698503	412.0
237.16564832683434	407.0
237.17564898668368	407.0
237.185649646533	402.0
237.19565030638233	402.0
237.20565096623167	402.0
237.21565162608098	407.0
237.22565228593032	407.0
237.23565294577966	407.0
237.24565360562897	412.0
237.2556542654783	412.0
237.26565492532765	412.0
237.27565558517696	402.0
237.2856562450263	363.0
237.2956569048756	358.0
237.30565756472495	0.0
237.3156582245743	0.0
237.3256588844236	0.0
237.33565954427294	0.0
237.34566020412228	0.0
237.3556608639716	0.0
237.36566152382093	354.0
237.37566218367024	342.0
237.38566284351958	334.0
237.39566350336892	331.0
237.40566416321823	327.0
237.41566482306757	327.0
237.4256654829169	331.0
237.43566614276622	334.0
237.44566680261556	342.0
237.45566746246487	350.0
237.4656681223142	358.0
237.47566878216355	367.0
237.48566944201286	371.0
237.4956701018622	375.0
237.50567076171154	375.0
237.51567142156085	371.0
237.5256720814102	363.0
237.53567274125953	354.0
237.54567340110884	338.0
237.55567406095818	331.0
237.5656747208075	331.0
237.57567538065683	338.0
237.58567604050617	354.0
237.59567670035548	375.0
237.60567736020482	393.0
237.61567802005416	417.0
237.62567867990347	431.0
237.6356793397528	436.0
237.64567999960212	441.0
237.65568065945146	431.0
237.6656813193008	417.0
237.6756819791501	398.0
237.68568263899945	375.0
237.6956832988488	354.0
237.7056839586981	334.0
237.71568461854744	323.0
237.72568527839675	319.0
237.7356859382461	323.0
237.74568659809543	331.0
237.75568725794474	338.0
237.76568791779408	354.0
237.77568857764342	363.0
237.78568923749273	367.0
237.79568989734207	367.0
237.8056905571914	363.0
237.81569121704072	350.0
237.82569187689006	319.0
237.83569253673937	284.0
237.8456931965887	268.0
237.85569385643805	256.0
237.86569451628736	253.0
237.8756951761367	256.0
237.88569583598604	268.0
237.89569649583535	305.0
237.9056971556847	342.0
237.915697815534	371.0
237.92569847538334	393.0
237.93569913523268	407.0
237.945699795082	407.0
237.95570045493133	402.0
237.96570111478067	389.0
237.97570177462998	367.0
237.98570243447932	346.0
237.99570309432863	288.0
238.00570375417797	259.0
238.0157044140273	253.0
238.02570507387662	253.0
238.03570573372596	256.0
238.0457063935753	259.0
238.0557070534246	262.0
238.06570771327395	265.0
238.0757083731233	268.0
238.0857090329726	272.0
238.09570969282194	272.0
238.10571035267125	275.0
238.1157110125206	278.0
238.12571167236993	278.0
238.13571233221924	281.0
238.14571299206858	281.0
238.15571365191792	278.0
238.16571431176723	278.0
238.17571497161657	275.0
238.18571563146588	275.0
238.19571629131522	272.0
238.20571695116456	272.0
238.21571761101387	272.0
238.2257182708632	272.0
238.23571893071255	272.0
238.24571959056186	275.0
238.2557202504112	278.0
238.26572091026054	281.0
238.27572157010985	284.0
238.2857222299592	284.0
238.2957228898085	284.0
238.30572354965784	262.0
238.31572420950718	253.0
238.3257248693565	253.0
238.33572552920583	250.0
238.34572618905517	248.0
238.35572684890448	236.0
238.36572750875382	226.0
238.37572816860313	213.0
238.38572882845247	208.0
238.3957294883018	203.0
238.40573014815112	203.0
238.41573080800046	206.0
238.4257314678498	213.0
238.4357321276991	220.0
238.44573278754845	231.0
238.45573344739776	245.0
238.4657341072471	253.0
238.47573476709644	256.0
238.48573542694575	256.0
238.4957360867951	253.0
238.50573674664443	248.0
238.51573740649374	236.0
238.52573806634308	223.0
238.53573872619242	215.0
238.54573938604173	213.0
238.55574004589107	213.0
238.56574070574038	223.0
238.57574136558972	234.0
238.58574202543906	245.0
238.59574268528837	259.0
238.6057433451377	278.0
238.61574400498705	288.0
238.62574466483636	291.0
238.6357453246857	284.0
238.645745984535	275.0
238.65574664438435	262.0
238.6657473042337	245.0
238.675747964083	226.0
238.68574862393234	208.0
238.69574928378168	203.0
238.705749943631	203.0
238.71575060348033	203.0
238.72575126332964	208.0
238.73575192317898	215.0
238.74575258302832	223.0
238.75575324287763	231.0
238.76575390272697	239.0
238.7757545625763	248.0
238.78575522242562	253.0
238.79575588227496	256.0
238.8057565421243	253.0
238.8157572019736	248.0
238.82575786182295	242.0
238.83575852167226	234.0
238.8457591815216	226.0
238.85575984137094	223.0
238.86576050122025	223.0
238.8757611610696	226.0
238.88576182091893	234.0
238.89576248076824	242.0
238.90576314061758	250.0
238.9157638004669	256.0
238.92576446031623	259.0
238.93576512016557	259.0
238.94576578001488	256.0
238.95576643986422	248.0
238.96576709971356	231.0
238.97576775956287	215.0
238.9857684194122	203.0
238.99576907926152	196.0
239.00576973911086	194.0
239.0157703989602	194.0
239.0257710588095	196.0
239.03577171865885	199.0
239.0457723785082	201.0
239.0557730383575	203.0
239.06577369820684	206.0
239.07577435805618	206.0
239.0857750179055	203.0
239.09577567775483	201.0
239.10577633760414	196.0
239.11577699745348	194.0
239.12577765730282	190.0
239.13577831715213	190.0
239.14577897700147	190.0
239.1557796368508	192.0
239.16578029670012	194.0
239.17578095654946	199.0
239.18578161639877	206.0
239.1957822762481	213.0
239.20578293609745	218.0
239.21578359594676	226.0
239.2257842557961	234.0
239.23578491564544	236.0
239.24578557549475	239.0
239.2557862353441	242.0
239.2657868951934	242.0
239.27578755504274	239.0
239.28578821489208	234.0
239.2957888747414	228.0
239.30578953459073	220.0
239.31579019444007	218.0
239.32579085428938	218.0
239.33579151413872	220.0
239.34579217398806	228.0
239.35579283383737	236.0
239.3657934936867	245.0
239.37579415353602	253.0
239.38579481338536	259.0
239.3957954732347	259.0
239.405796133084	259.0
239.41579679293335	253.0
239.4257974527827	245.0
239.435798112632	231.0
239.44579877248134	206.0
239.45579943233065	196.0
239.46580009218	192.0
239.47580075202933	190.0
239.48580141187864	190.0
239.49580207172798	190.0
239.50580273157732	194.0
239.51580339142663	196.0
239.52580405127597	199.0
239.53580471112528	201.0
239.54580537097462	203.0
239.55580603082396	203.0
239.56580669067327	203.0
239.5758073505226	203.0
239.58580801037195	201.0
239.59580867022126	199.0
239.6058093300706	196.0
239.61580998991994	194.0
239.62581064976925	194.0
239.6358113096186	196.0
239.6458119694679	201.0
239.65581262931724	208.0
239.66581328916658	213.0
239.6758139490159	220.0
239.68581460886523	226.0
239.69581526871457	231.0
239.70581592856388	234.0
239.71581658841322	234.0
239.72581724826253	234.0
239.73581790811187	234.0
239.7458185679612	228.0
239.75581922781052	223.0
239.76581988765986	218.0
239.7758205475092	215.0
239.7858212073585	215.0
239.79582186720785	220.0
239.80582252705716	234.0
239.8158231869065	248.0
239.82582384675584	259.0
239.83582450660515	284.0
239.8458251664545	294.0
239.85582582630383	298.0
239.86582648615314	301.0
239.87582714600248	294.0
239.88582780585182	262.0
239.89582846570113	245.0
239.90582912555047	228.0
239.91582978539978	218.0
239.92583044524912	213.0
239.93583110509846	218.0
239.94583176494777	226.0
239.9558324247971	234.0
239.96583308464645	242.0
239.97583374449576	250.0
239.9858344043451	259.0
239.9958350641944	268.0
240.00583572404375	275.0
240.0158363838931	278.0
240.0258370437424	281.0
240.03583770359174	284.0
240.04583836344108	284.0
240.0558390232904	281.0
240.06583968313973	259.0
240.07584034298907	250.0
240.08584100283838	248.0
240.09584166268772	248.0
240.10584232253703	281.0
240.11584298238637	334.0
240.1258436422357	338.0
240.13584430208502	342.0
240.14584496193436	342.0
240.1558456217837	342.0
240.165846281633	342.0
240.17584694148235	342.0
240.18584760133166	338.0
240.195848261181	334.0
240.20584892103034	331.0
240.21584958087965	323.0
240.225850240729	312.0
240.23585090057833	305.0
240.24585156042764	0.0
240.25585222027698	0.0
240.2658528801263	0.0
240.27585353997563	0.0
240.28585419982497	0.0
240.29585485967428	0.0
240.30585551952362	412.0
240.31585617937296	412.0
240.32585683922227	412.0
240.3358574990716	412.0
240.34585815892095	412.0
240.35585881877026	412.0
240.3658594786196	412.0
240.3758601384689	407.0
240.38586079831825	407.0
240.3958614581676	407.0
240.4058621180169	402.0
240.41586277786624	371.0
240.42586343771558	371.0
240.4358640975649	371.0
240.44586475741423	371.0
240.45586541726354	358.0
240.46586607711288	342.0
240.47586673696222	323.0
240.48586739681153	312.0
240.49586805666087	312.0
240.5058687165102	319.0
240.51586937635952	334.0
240.52587003620886	354.0
240.53587069605817	380.0
240.5458713559075	412.0
240.55587201575685	426.0
240.56587267560616	426.0
240.5758733354555	421.0
240.58587399530484	407.0
240.59587465515415	389.0
240.6058753150035	363.0
240.61587597485283	331.0
240.62587663470214	316.0
240.63587729455148	316.0
240.6458779544008	312.0
240.65587861425013	323.0
240.66587927409947	331.0
240.67587993394878	354.0
240.68588059379812	358.0
240.69588125364746	358.0
240.70588191349677	354.0
240.7158825733461	342.0
240.72588323319542	331.0
240.73588389304476	316.0
240.7458845528941	268.0
240.7558852127434	262.0
240.76588587259275	259.0
240.7758865324421	259.0
240.7858871922914	259.0
240.79588785214074	262.0
240.80588851199005	262.0
240.8158891718394	265.0
240.82588983168873	272.0
240.83589049153804	272.0
240.84589115138738	275.0
240.85589181123672	275.0
240.86589247108603	275.0
240.87589313093537	272.0
240.8858937907847	268.0
240.89589445063402	262.0
240.90589511048336	256.0
240.91589577033267	259.0
240.925896430182	265.0
240.93589709003135	272.0
240.94589774988066	278.0
240.95589840973	288.0
240.96589906957934	305.0
240.97589972942865	323.0
240.985900389278	338.0
240.9959010491273	350.0
241.00590170897664	354.0
241.01590236882598	354.0
241.0259030286753	346.0
241.03590368852463	331.0
241.04590434837397	288.0
241.05590500822328	268.0
241.06590566807262	262.0
241.07590632792193	259.0
241.08590698777127	256.0
241.0959076476206	259.0
241.10590830746992	262.0
241.11590896731926	265.0
241.1259096271686	272.0
241.1359102870179	275.0
241.14591094686725	275.0
241.1559116067166	275.0
241.1659122665659	272.0
241.17591292641524	268.0
241.18591358626455	262.0
241.1959142461139	253.0
241.20591490596323	234.0
241.21591556581254	218.0
241.22591622566188	203.0
241.23591688551122	199.0
241.24591754536053	194.0
241.25591820520987	194.0
241.26591886505918	196.0
241.27591952490852	203.0
241.28592018475786	210.0
241.29592084460717	220.0
241.3059215044565	228.0
241.31592216430585	239.0
241.32592282415516	245.0
241.3359234840045	250.0
241.3459241438538	250.0
241.35592480370315	250.0
241.3659254635525	245.0
241.3759261234018	239.0
241.38592678325114	215.0
241.39592744310048	206.0
241.4059281029498	206.0
241.41592876279913	208.0
241.42592942264847	215.0
241.43593008249778	220.0
241.44593074234712	228.0
241.45593140219643	234.0
241.46593206204577	234.0
241.4759327218951	0.0
241.48593338174442	0.0
241.49593404159376	0.0
241.5059347014431	0.0
241.5159353612924	0.0
241.52593602114175	0.0
241.53593668099106	0.0
241.5459373408404	0.0
241.55593800068974	0.0
241.56593866053905	0.0
241.5759393203884	0.0
241.58593998023773	0.0
241.59594064008704	0.0
241.60594129993638	0.0
241.6159419597857	0.0
241.62594261963503	0.0
241.63594327948437	0.0
241.64594393933368	0.0
241.65594459918302	0.0
241.66594525903236	0.0
241.67594591888167	0.0
241.685946578731	0.0
241.69594723858035	0.0
241.70594789842966	0.0
241.715948558279	0.0
241.7259492181283	0.0
241.73594987797765	0.0
241.74595053782699	220.0
241.7559511976763	215.0
241.76595185752564	213.0
241.77595251737498	213.0
241.7859531772243	213.0
241.79595383707363	218.0
241.80595449692294	223.0
241.81595515677228	231.0
241.82595581662162	239.0
241.83595647647093	248.0
241.84595713632027	256.0
241.8559577961696	256.0
241.86595845601892	250.0
241.87595911586826	242.0
241.88595977571757	236.0
241.8959604355669	228.0
241.90596109541625	226.0
241.91596175526556	223.0
241.9259624151149	223.0
241.93596307496423	223.0
241.94596373481355	226.0
241.95596439466289	236.0
241.96596505451222	248.0
241.97596571436154	262.0
241.98596637421088	275.0
241.9959670340602	284.0
242.00596769390953	288.0
242.01596835375886	281.0
242.02596901360818	265.0
242.03596967345752	256.0
242.04597033330685	248.0
242.05597099315617	234.0
242.0659716530055	226.0
242.07597231285482	220.0
242.08597297270416	218.0
242.0959736325535	220.0
242.1059742924028	223.0
242.11597495225215	228.0
242.12597561210148	234.0
242.1359762719508	242.0
242.14597693180013	248.0
242.15597759164947	250.0
242.16597825149879	250.0
242.17597891134812	248.0
242.18597957119744	239.0
242.19598023104678	234.0
242.20598089089611	228.0
242.21598155074543	223.0
242.22598221059476	223.0
242.2359828704441	223.0
242.24598353029342	226.0
242.25598419014275	231.0
242.26598484999207	236.0
242.2759855098414	242.0
242.28598616969074	248.0
242.29598682954006	250.0
242.3059874893894	250.0
242.31598814923873	245.0
242.32598880908805	231.0
242.33598946893738	215.0
242.3459901287867	206.0
242.35599078863603	199.0
242.36599144848537	196.0
242.37599210833469	196.0
242.38599276818402	196.0
242.39599342803336	199.0
242.40599408788268	199.0
242.41599474773201	201.0
242.42599540758135	201.0
242.43599606743066	201.0
242.44599672728	201.0
242.45599738712932	201.0
242.46599804697865	201.0
242.475998706828	201.0
242.4859993666773	201.0
242.49600002652664	201.0
242.50600068637598	199.0
242.5160013462253	201.0
242.52600200607463	203.0
242.53600266592395	206.0
242.54600332577328	208.0
242.55600398562262	208.0
242.56600464547193	203.0
242.57600530532127	196.0
242.5860059651706	192.0
242.59600662501992	187.0
242.60600728486926	183.0
242.61600794471858	179.0
242.62600860456791	175.0
242.63600926441725	169.0
242.64600992426656	161.0
242.6560105841159	158.0
242.66601124396524	156.0
242.67601190381455	158.0
242.6860125636639	158.0
242.69601322351323	0.0
242.70601388336254	210.0
242.71601454321188	210.0
242.7260152030612	208.0
242.73601586291053	203.0
242.74601652275987	199.0
242.75601718260918	196.0
242.76601784245852	194.0
242.77601850230786	190.0
242.78601916215717	177.0
242.7960198220065	0.0
242.80602048185582	0.0
242.81602114170516	0.0
242.8260218015545	0.0
242.83602246140381	0.0
242.84602312125315	0.0
242.8560237811025	0.0
242.8660244409518	0.0
242.87602510080114	0.0
242.88602576065045	0.0
242.8960264204998	0.0
242.90602708034913	0.0
242.91602774019844	0.0
242.92602840004778	0.0
242.93602905989712	0.0
242.94602971974643	0.0
242.95603037959577	0.0
242.9660310394451	0.0
242.97603169929442	0.0
242.98603235914376	0.0
242.99603301899307	0.0
243.0060336788424	0.0
243.01603433869175	213.0
243.02603499854106	215.0
243.0360356583904	218.0
243.04603631823974	220.0
243.05603697808905	226.0
243.0660376379384	228.0
243.0760382977877	231.0
243.08603895763704	231.0
243.09603961748638	231.0
243.1060402773357	231.0
243.11604093718503	228.0
243.12604159703437	226.0
243.13604225688368	223.0
243.14604291673302	210.0
243.15604357658233	203.0
243.16604423643167	203.0
243.176044896281	206.0
243.18604555613032	234.0
243.19604621597966	242.0
243.206046875829	248.0
243.2160475356783	253.0
243.22604819552765	253.0
243.236048855377	253.0
243.2460495152263	250.0
243.25605017507564	245.0
243.26605083492495	223.0
243.2760514947743	213.0
243.28605215462363	203.0
243.29605281447294	201.0
243.30605347432228	201.0
243.31605413417162	206.0
243.32605479402093	215.0
243.33605545387027	231.0
243.34605611371958	245.0
243.35605677356892	262.0
243.36605743341826	278.0
243.37605809326757	291.0
243.3860587531169	294.0
243.39605941296625	294.0
243.40606007281556	291.0
243.4160607326649	284.0
243.4260613925142	278.0
243.43606205236355	272.0
243.4460627122129	265.0
243.4560633720622	262.0
243.46606403191154	262.0
243.47606469176088	272.0
243.4860653516102	291.0
243.49606601145953	316.0
243.50606667130887	327.0
243.51606733115818	338.0
243.52606799100752	350.0
243.53606865085683	358.0
243.54606931070617	363.0
243.5560699705555	363.0
243.56607063040482	354.0
243.57607129025416	350.0
243.5860719501035	338.0
243.5960726099528	331.0
243.60607326980215	323.0
243.61607392965146	316.0
243.6260745895008	305.0
243.63607524935014	0.0
243.64607590919945	0.0
243.6560765690488	0.0
243.66607722889813	0.0
243.67607788874744	0.0
243.68607854859678	0.0
243.6960792084461	0.0
243.70607986829543	0.0
243.71608052814477	407.0
243.72608118799408	412.0
243.73608184784342	417.0
243.74608250769276	417.0
243.75608316754207	417.0
243.7660838273914	417.0
243.77608448724075	412.0
243.78608514709006	412.0
243.7960858069394	412.0
243.8060864667887	412.0
243.81608712663805	407.0
243.8260877864874	407.0
243.8360884463367	407.0
243.84608910618604	412.0
243.85608976603538	412.0
243.8660904258847	412.0
243.87609108573403	412.0
243.88609174558334	412.0
243.89609240543268	412.0
243.90609306528202	417.0
243.91609372513133	417.0
243.92609438498067	417.0
243.93609504483	412.0
243.94609570467932	412.0
243.95609636452866	402.0
243.966097024378	354.0
243.9760976842273	334.0
243.98609834407665	316.0
243.99609900392596	305.0
244.0060996637753	305.0
244.01610032362464	312.0
244.02610098347395	319.0
244.0361016433233	327.0
244.04610230317263	342.0
244.05610296302194	354.0
244.06610362287128	367.0
244.0761042827206	371.0
244.08610494256993	375.0
244.09610560241927	375.0
244.10610626226858	371.0
244.11610692211792	363.0
244.12610758196726	350.0
244.13610824181657	305.0
244.1461089016659	281.0
244.15610956151522	265.0
244.16611022136456	256.0
244.1761108812139	256.0
244.1861115410632	256.0
244.19611220091255	259.0
244.2061128607619	262.0
244.2161135206112	265.0
244.22611418046054	272.0
244.23611484030988	275.0
244.2461155001592	275.0
244.25611616000853	275.0
244.26611681985784	272.0
244.27611747970718	265.0
244.28611813955652	262.0
244.29611879940583	253.0
244.30611945925517	242.0
244.3161201191045	223.0
244.32612077895382	213.0
244.33612143880316	206.0
244.34612209865247	203.0
244.3561227585018	203.0
244.36612341835115	206.0
244.37612407820046	210.0
244.3861247380498	215.0
244.39612539789914	228.0
244.40612605774845	236.0
244.4161267175978	250.0
244.4261273774471	256.0
244.43612803729644	256.0
244.44612869714578	253.0
244.4561293569951	248.0
244.46613001684443	236.0
244.47613067669377	220.0
244.48613133654308	218.0
244.49613199639242	226.0
244.50613265624176	231.0
244.51613331609107	239.0
244.5261339759404	245.0
244.53613463578972	253.0
244.54613529563906	256.0
244.5561359554884	259.0
244.5661366153377	256.0
244.57613727518705	253.0
244.5861379350364	245.0
244.5961385948857	223.0
244.60613925473504	199.0
244.61613991458435	179.0
244.6261405744337	173.0
244.63614123428303	173.0
244.64614189413234	179.0
244.65614255398168	192.0
244.66614321383102	196.0
244.67614387368033	199.0
244.68614453352967	203.0
244.69614519337898	206.0
244.70614585322832	208.0
244.71614651307766	208.0
244.72614717292697	208.0
244.7361478327763	206.0
244.74614849262565	203.0
244.75614915247496	199.0
244.7661498123243	194.0
244.77615047217364	192.0
244.78615113202295	192.0
244.7961517918723	196.0
244.8061524517216	203.0
244.81615311157094	213.0
244.82615377142028	218.0
244.8361544312696	223.0
244.84615509111893	226.0
244.85615575096827	228.0
244.86615641081758	228.0
244.87615707066692	228.0
244.88615773051623	228.0
244.89615839036557	228.0
244.9061590502149	228.0
244.91615971006422	226.0
244.92616036991356	226.0
244.9361610297629	220.0
244.9461616896122	215.0
244.95616234946155	213.0
244.96616300931086	213.0
244.9761636691602	210.0
244.98616432900954	210.0
244.99616498885885	210.0
245.0061656487082	213.0
245.01616630855753	218.0
245.02616696840684	236.0
245.03616762825618	248.0
245.04616828810552	262.0
245.05616894795483	268.0
245.06616960780417	272.0
245.07617026765348	275.0
245.08617092750282	278.0
245.09617158735216	288.0
245.10617224720147	291.0
245.1161729070508	262.0
245.12617356690015	253.0
245.13617422674946	245.0
245.1461748865988	228.0
245.1561755464481	215.0
245.16617620629745	208.0
245.1761768661468	201.0
245.1861775259961	201.0
245.19617818584544	201.0
245.20617884569478	203.0
245.2161795055441	210.0
245.22618016539343	220.0
245.23618082524274	234.0
245.24618148509208	248.0
245.25618214494142	256.0
245.26618280479073	265.0
245.27618346464007	272.0
245.2861841244894	278.0
245.29618478433872	278.0
245.30618544418806	278.0
245.3161861040374	275.0
245.3261867638867	275.0
245.33618742373605	272.0
245.34618808358536	272.0
245.3561887434347	272.0
245.36618940328404	272.0
245.37619006313335	272.0
245.3861907229827	272.0
245.39619138283203	268.0
245.40619204268134	265.0
245.41619270253068	259.0
245.42619336238	253.0
245.43619402222933	0.0
245.44619468207867	0.0
245.45619534192798	0.0
245.46619600177732	0.0
245.47619666162666	0.0
245.48619732147597	0.0
245.4961979813253	0.0
245.50619864117462	0.0
245.51619930102396	0.0
245.5261999608733	0.0
245.5362006207226	0.0
245.54620128057195	0.0
245.5562019404213	0.0
245.5662026002706	0.0
245.57620326011994	0.0
245.58620391996928	0.0
245.5962045798186	0.0
245.60620523966793	0.0
245.61620589951724	0.0
245.62620655936658	0.0
245.63620721921592	0.0
245.64620787906523	0.0
245.65620853891457	0.0
245.6662091987639	0.0
245.67620985861322	0.0
245.68621051846256	0.0
245.69621117831187	0.0
245.7062118381612	0.0
245.71621249801055	0.0
245.72621315785986	0.0
245.7362138177092	0.0
245.74621447755854	0.0
245.75621513740785	0.0
245.7662157972572	0.0
245.7762164571065	0.0
245.78621711695584	0.0
245.79621777680518	0.0
245.8062184366545	0.0
245.81621909650383	0.0
245.82621975635317	0.0
245.83622041620248	342.0
245.84622107605182	342.0
245.85622173590116	358.0
245.86622239575047	371.0
245.8762230555998	367.0
245.88622371544912	367.0
245.89622437529846	363.0
245.9062250351478	354.0
245.9162256949971	350.0
245.92622635484645	346.0
245.9362270146958	346.0
245.9462276745451	342.0
245.95622833439444	342.0
245.96622899424375	342.0
245.9762296540931	342.0
245.98623031394243	342.0
245.99623097379174	342.0
246.00623163364108	342.0
246.01623229349042	342.0
246.02623295333973	342.0
246.03623361318907	342.0
246.0462342730384	338.0
246.05623493288772	338.0
246.06623559273706	338.0
246.07623625258637	338.0
246.0862369124357	338.0
246.09623757228505	342.0
246.10623823213436	342.0
246.1162388919837	350.0
246.12623955183304	354.0
246.13624021168235	363.0
246.1462408715317	367.0
246.156241531381	371.0
246.16624219123034	371.0
246.17624285107968	375.0
246.186243510929	375.0
246.19624417077833	371.0
246.20624483062767	367.0
246.21624549047698	363.0
246.22624615032632	358.0
246.23624681017563	350.0
246.24624747002497	342.0
246.2562481298743	334.0
246.26624878972362	323.0
246.27624944957296	316.0
246.2862501094223	308.0
246.2962507692716	301.0
246.30625142912095	294.0
246.3162520889703	291.0
246.3262527488196	284.0
246.33625340866894	281.0
246.34625406851825	281.0
246.3562547283676	278.0
246.36625538821693	278.0
246.37625604806624	275.0
246.38625670791558	272.0
246.39625736776492	272.0
246.40625802761423	268.0
246.41625868746357	262.0
246.42625934731288	248.0
246.43626000716222	231.0
246.44626066701156	223.0
246.45626132686087	220.0
246.4662619867102	220.0
246.47626264655955	220.0
246.48626330640886	228.0
246.4962639662582	250.0
246.5062646261075	259.0
246.51626528595685	262.0
246.5262659458062	262.0
246.5362666056555	265.0
246.54626726550484	265.0
246.55626792535418	265.0
246.5662685852035	265.0
246.57626924505283	265.0
246.58626990490217	265.0
246.59627056475148	265.0
246.60627122460082	265.0
246.61627188445013	265.0
246.62627254429947	265.0
246.6362732041488	265.0
246.64627386399812	265.0
246.65627452384746	265.0
246.6662751836968	265.0
246.6762758435461	265.0
246.68627650339545	265.0
246.69627716324476	268.0
246.7062778230941	268.0
246.71627848294344	268.0
246.72627914279275	268.0
246.7362798026421	268.0
246.74628046249143	268.0
246.75628112234074	272.0
246.76628178219008	272.0
246.7762824420394	272.0
246.78628310188873	272.0
246.79628376173807	272.0
246.80628442158738	272.0
246.81628508143672	272.0
246.82628574128606	272.0
246.83628640113537	272.0
246.8462870609847	272.0
246.85628772083405	272.0
246.86628838068336	272.0
246.8762890405327	272.0
246.886289700382	272.0
246.89629036023135	272.0
246.9062910200807	272.0
246.91629167993	272.0
246.92629233977934	275.0
246.93629299962868	275.0
246.946293659478	275.0
246.95629431932733	275.0
246.96629497917664	272.0
246.97629563902598	268.0
246.98629629887532	268.0
246.99629695872463	268.0
247.00629761857397	268.0
247.0162982784233	275.0
247.02629893827262	288.0
247.03629959812196	312.0
247.04630025797127	327.0
247.0563009178206	346.0
247.06630157766995	367.0
247.07630223751926	375.0
247.0863028973686	393.0
247.09630355721794	402.0
247.10630421706725	407.0
247.1163048769166	407.0
247.12630553676593	407.0
247.13630619661524	402.0
247.14630685646458	393.0
247.1563075163139	389.0
247.16630817616323	380.0
247.17630883601257	371.0
247.18630949586188	363.0
247.19631015571122	358.0
247.20631081556056	350.0
247.21631147540987	346.0
247.2263121352592	342.0
247.23631279510852	342.0
247.24631345495786	338.0
247.2563141148072	338.0
247.2663147746565	338.0
247.27631543450585	338.0
247.2863160943552	334.0
247.2963167542045	334.0
247.30631741405384	334.0
247.31631807390315	334.0
247.3263187337525	334.0
247.33631939360183	334.0
247.34632005345114	334.0
247.35632071330048	334.0
247.36632137314982	338.0
247.37632203299913	342.0
247.38632269284847	346.0
247.3963233526978	354.0
247.40632401254712	358.0
247.41632467239646	363.0
247.42632533224577	367.0
247.4363259920951	367.0
247.44632665194445	367.0
247.45632731179376	363.0
247.4663279716431	358.0
247.47632863149244	354.0
247.48632929134175	350.0
247.4963299511911	346.0
247.5063306110404	342.0
247.51633127088974	338.0
247.52633193073908	338.0
247.5363325905884	338.0
247.54633325043773	338.0
247.55633391028707	338.0
247.56633457013638	334.0
247.57633522998572	334.0
247.58633588983503	334.0
247.59633654968437	334.0
247.6063372095337	334.0
247.61633786938302	338.0
247.62633852923236	338.0
247.6363391890817	338.0
247.646339848931	342.0
247.65634050878035	350.0
247.66634116862969	354.0
247.676341828479	358.0
247.68634248832834	363.0
247.69634314817765	363.0
247.706343808027	363.0
247.71634446787633	363.0
247.72634512772564	358.0
247.73634578757498	354.0
247.74634644742432	350.0
247.75634710727363	342.0
247.76634776712297	338.0
247.77634842697228	338.0
247.78634908682162	334.0
247.79634974667096	334.0
247.80635040652027	331.0
247.8163510663696	331.0
247.82635172621895	331.0
247.83635238606826	331.0
247.8463530459176	331.0
247.85635370576694	331.0
247.86635436561625	334.0
247.87635502546559	342.0
247.8863556853149	346.0
247.89635634516424	354.0
247.90635700501358	363.0
247.9163576648629	367.0
247.92635832471223	371.0
247.93635898456156	375.0
247.94635964441088	375.0
247.95636030426022	371.0
247.96636096410953	371.0
247.97636162395887	367.0
247.9863622838082	363.0
247.99636294365752	363.0
248.00636360350686	358.0
248.0163642633562	358.0
248.0263649232055	354.0
248.03636558305485	354.0
248.04636624290416	350.0
248.0563669027535	346.0
248.06636756260284	346.0
248.07636822245215	342.0
248.08636888230149	342.0
248.09636954215082	342.0
248.10637020200014	342.0
248.11637086184948	342.0
248.12637152169881	338.0
248.13637218154813	338.0
248.14637284139746	338.0
248.15637350124678	338.0
248.16637416109612	338.0
248.17637482094545	338.0
248.18637548079477	338.0
248.1963761406441	338.0
248.20637680049344	338.0
248.21637746034276	338.0
248.2263781201921	342.0
248.2363787800414	346.0
248.24637943989075	350.0
248.25638009974008	354.0
248.2663807595894	358.0
248.27638141943874	363.0
248.28638207928807	363.0
248.29638273913739	367.0
248.30638339898672	363.0
248.31638405883604	363.0
248.32638471868538	363.0
248.33638537853471	358.0
248.34638603838403	354.0
248.35638669823336	354.0
248.3663873580827	350.0
248.37638801793202	346.0
248.38638867778135	342.0
248.3963893376307	342.0
248.40638999748	342.0
248.41639065732934	338.0
248.42639131717866	338.0
248.436391977028	338.0
248.44639263687733	338.0
248.45639329672665	338.0
248.46639395657598	338.0
248.47639461642532	338.0
248.48639527627464	338.0
248.49639593612397	338.0
248.50639659597329	338.0
248.51639725582262	346.0
248.52639791567196	354.0
248.53639857552128	363.0
248.54639923537061	375.0
248.55639989521995	393.0
248.56640055506927	407.0
248.5764012149186	412.0
248.58640187476792	417.0
248.59640253461725	417.0
248.6064031944666	417.0
248.6164038543159	407.0
248.62640451416524	398.0
248.63640517401458	389.0
248.6464058338639	380.0
248.65640649371323	375.0
248.66640715356257	371.0
248.67640781341188	363.0
248.68640847326122	358.0
248.69640913311054	354.0
248.70640979295987	350.0
248.7164104528092	346.0
248.72641111265852	342.0
248.73641177250786	342.0
248.7464124323572	342.0
248.75641309220651	338.0
248.76641375205585	338.0
248.77641441190517	338.0
248.7864150717545	338.0
248.79641573160384	338.0
248.80641639145315	338.0
248.8164170513025	334.0
248.82641771115183	334.0
248.83641837100114	334.0
248.84641903085048	338.0
248.8564196906998	342.0
248.86642035054913	346.0
248.87642101039847	350.0
248.88642167024778	354.0
248.89642233009712	358.0
248.90642298994646	363.0
248.91642364979577	367.0
248.9264243096451	367.0
248.93642496949445	367.0
248.94642562934376	363.0
248.9564262891931	363.0
248.96642694904241	358.0
248.97642760889175	354.0
248.9864282687411	350.0
248.9964289285904	342.0
249.00642958843974	338.0
249.01643024828908	331.0
249.0264309081384	323.0
249.03643156798773	316.0
249.04643222783704	308.0
249.05643288768638	298.0
249.06643354753572	291.0
249.07643420738503	288.0
249.08643486723437	281.0
249.0964355270837	278.0
249.10643618693302	278.0
249.11643684678236	275.0
249.12643750663167	275.0
249.136438166481	272.0
249.14643882633035	272.0
249.15643948617966	272.0
249.166440146029	272.0
249.17644080587834	272.0
249.18644146572765	272.0
249.196442125577	272.0
249.20644278542633	272.0
249.21644344527564	268.0
249.22644410512498	265.0
249.2364447649743	262.0
249.24644542482363	262.0
249.25644608467297	265.0
249.26644674452228	268.0
249.27644740437162	275.0
249.28644806422096	291.0
249.29644872407027	323.0
249.3064493839196	350.0
249.31645004376892	363.0
249.32645070361826	367.0
249.3364513634676	367.0
249.3464520233169	367.0
249.35645268316625	363.0
249.3664533430156	358.0
249.3764540028649	354.0
249.38645466271424	350.0
249.39645532256355	346.0
249.4064559824129	342.0
249.41645664226223	338.0
249.42645730211154	338.0
249.43645796196088	338.0
249.44645862181022	338.0
249.45645928165953	338.0
249.46645994150887	338.0
249.4764606013582	338.0
249.48646126120752	338.0
249.49646192105686	338.0
249.50646258090617	338.0
249.5164632407555	338.0
249.52646390060485	338.0
249.53646456045416	342.0
249.5464652203035	346.0
249.55646588015284	354.0
249.56646654000215	363.0
249.5764671998515	367.0
249.5864678597008	371.0
249.59646851955014	371.0
249.60646917939948	371.0
249.6164698392488	371.0
249.62647049909813	363.0
249.63647115894747	354.0
249.64647181879678	338.0
249.65647247864612	323.0
249.66647313849546	305.0
249.67647379834477	281.0
249.6864744581941	268.0
249.69647511804342	259.0
249.70647577789276	259.0
249.7164764377421	262.0
249.7264770975914	272.0
249.73647775744075	288.0
249.7464784172901	305.0
249.7564790771394	316.0
249.76647973698874	331.0
249.77648039683805	338.0
249.7864810566874	346.0
249.79648171653673	350.0
249.80648237638604	350.0
249.81648303623538	350.0
249.82648369608472	346.0
249.83648435593403	346.0
249.84648501578337	342.0
249.85648567563268	342.0
249.86648633548202	342.0
249.87648699533136	342.0
249.88648765518067	342.0
249.89648831503	342.0
249.90648897487935	338.0
249.91648963472866	338.0
249.926490294578	334.0
249.93649095442734	331.0
249.94649161427665	323.0
249.956492274126	319.0
249.9664929339753	312.0
249.97649359382464	312.0
249.98649425367398	312.0
249.9964949135233	316.0
250.00649557337263	319.0
250.01649623322197	327.0
250.02649689307128	342.0
250.03649755292062	358.0
250.04649821276993	375.0
250.05649887261927	384.0
250.0664995324686	398.0
250.07650019231792	402.0
250.08650085216726	402.0
250.0965015120166	402.0
250.1065021718659	402.0
250.11650283171525	402.0
250.12650349156456	402.0
250.1365041514139	402.0
250.14650481126324	402.0
250.15650547111255	402.0
250.1665061309619	402.0
250.17650679081123	402.0
250.18650745066054	402.0
250.19650811050988	402.0
250.20650877035922	402.0
250.21650943020853	402.0
250.22651009005787	402.0
250.23651074990718	402.0
250.24651140975652	402.0
250.25651206960586	402.0
250.26651272945517	402.0
250.2765133893045	402.0
250.28651404915385	407.0
250.29651470900316	407.0
250.3065153688525	407.0
250.3165160287018	407.0
250.32651668855115	407.0
250.3365173484005	407.0
250.3465180082498	402.0
250.35651866809914	389.0
250.36651932794848	367.0
250.3765199877978	346.0
250.38652064764713	0.0
250.39652130749644	0.0
250.40652196734578	0.0
250.41652262719512	0.0
250.42652328704443	0.0
250.43652394689377	0.0
250.4465246067431	0.0
250.45652526659242	0.0
250.46652592644176	0.0
250.4765265862911	0.0
250.4865272461404	0.0
250.49652790598975	0.0
250.50652856583906	0.0
250.5165292256884	0.0
250.52652988553774	0.0
250.53653054538705	0.0
250.5465312052364	0.0
250.55653186508573	0.0
250.56653252493504	0.0
250.57653318478438	0.0
250.5865338446337	0.0
250.59653450448303	0.0
250.60653516433237	0.0
250.61653582418168	0.0
250.62653648403102	0.0
250.63653714388036	0.0
250.64653780372967	0.0
250.656538463579	0.0
250.66653912342832	0.0
250.67653978327766	0.0
250.686540443127	0.0
250.6965411029763	0.0
250.70654176282565	0.0
250.716542422675	0.0
250.7265430825243	0.0
250.73654374237364	363.0
250.74654440222298	367.0
250.7565450620723	367.0
250.76654572192163	367.0
250.77654638177094	363.0
250.78654704162028	358.0
250.79654770146962	354.0
250.80654836131893	350.0
250.81654902116827	346.0
250.8265496810176	338.0
250.83655034086692	334.0
250.84655100071626	327.0
250.85655166056557	327.0
250.8665523204149	327.0
250.87655298026425	327.0
250.88655364011356	327.0
250.8965542999629	331.0
250.90655495981224	334.0
250.91655561966155	342.0
250.9265562795109	350.0
250.9365569393602	358.0
250.94655759920954	371.0
250.95655825905888	375.0
250.9665589189082	384.0
250.97655957875753	389.0
250.98656023860687	389.0
250.99656089845618	389.0
251.00656155830552	384.0
251.01656221815486	380.0
251.02656287800417	375.0
251.0365635378535	367.0
251.04656419770282	363.0
251.05656485755216	358.0
251.0665655174015	350.0
251.0765661772508	346.0
251.08656683710015	342.0
251.0965674969495	338.0
251.1065681567988	338.0
251.11656881664814	338.0
251.12656947649745	342.0
251.1365701363468	346.0
251.14657079619613	350.0
251.15657145604544	358.0
251.16657211589478	367.0
251.17657277574412	375.0
251.18657343559343	384.0
251.19657409544277	393.0
251.20657475529208	402.0
251.21657541514142	407.0
251.22657607499076	407.0
251.23657673484007	412.0
251.2465773946894	412.0
251.25657805453875	412.0
251.26657871438806	412.0
251.2765793742374	412.0
251.28658003408674	412.0
251.29658069393605	412.0
251.3065813537854	412.0
251.3165820136347	412.0
251.32658267348404	412.0
251.33658333333338	407.0
251.3465839931827	407.0
251.35658465303203	407.0
251.36658531288137	407.0
251.37658597273068	407.0
251.38658663258002	407.0
251.39658729242933	407.0
251.40658795227867	407.0
251.416588612128	407.0
251.42658927197732	407.0
251.43658993182666	407.0
251.446590591676	407.0
251.4565912515253	407.0
251.46659191137465	407.0
251.47659257122396	407.0
251.4865932310733	407.0
251.49659389092264	407.0
251.50659455077195	407.0
251.5165952106213	407.0
251.52659587047063	407.0
251.53659653031994	407.0
251.54659719016928	407.0
251.55659785001862	407.0
251.56659850986793	407.0
251.57659916971727	407.0
251.58659982956658	407.0
251.59660048941592	407.0
251.60660114926526	407.0
251.61660180911457	407.0
251.6266024689639	407.0
251.63660312881325	407.0
251.64660378866256	407.0
251.6566044485119	407.0
251.6666051083612	402.0
251.67660576821055	398.0
251.6866064280599	389.0
251.6966070879092	384.0
251.70660774775854	371.0
251.71660840760788	363.0
251.7266090674572	354.0
251.73660972730653	346.0
251.74661038715587	338.0
251.75661104700518	331.0
251.76661170685452	331.0
251.77661236670383	331.0
251.78661302655317	331.0
251.7966136864025	334.0
251.80661434625182	338.0
251.81661500610116	346.0
251.8266156659505	358.0
251.8366163257998	371.0
251.84661698564915	384.0
251.85661764549846	393.0
251.8666183053478	407.0
251.87661896519714	412.0
251.88661962504645	412.0
251.8966202848958	412.0
251.90662094474513	412.0
251.91662160459444	412.0
251.92662226444378	412.0
251.9366229242931	402.0
251.94662358414243	398.0
251.95662424399177	384.0
251.96662490384108	375.0
251.97662556369042	367.0
251.98662622353976	363.0
251.99662688338907	358.0
252.0066275432384	350.0
252.01662820308775	346.0
252.02662886293706	342.0
252.0366295227864	338.0
252.0466301826357	338.0
252.05663084248505	338.0
252.0666315023344	338.0
252.0766321621837	338.0
252.08663282203304	338.0
252.09663348188238	338.0
252.1066341417317	338.0
252.11663480158103	338.0
252.12663546143034	338.0
252.13663612127968	342.0
252.14663678112902	346.0
252.15663744097833	350.0
252.16663810082767	354.0
252.176638760677	358.0
252.18663942052632	363.0
252.19664008037566	375.0
252.20664074022497	380.0
252.2166414000743	380.0
252.22664205992365	380.0
252.23664271977296	371.0
252.2466433796223	327.0
252.25664403947164	323.0
252.26664469932095	312.0
252.2766453591703	256.0
252.28664601901963	245.0
252.29664667886894	234.0
252.30664733871828	231.0
252.3166479985676	234.0
252.32664865841693	236.0
252.33664931826627	245.0
252.34664997811558	253.0
252.35665063796492	259.0
252.36665129781426	262.0
252.37665195766357	265.0
252.3866526175129	268.0
252.39665327736222	268.0
252.40665393721156	268.0
252.4166545970609	268.0
252.4266552569102	272.0
252.43665591675955	272.0
252.4466565766089	272.0
252.4566572364582	272.0
252.46665789630754	272.0
252.47665855615685	272.0
252.4866592160062	272.0
252.49665987585553	272.0
252.50666053570484	272.0
252.51666119555418	272.0
252.52666185540352	272.0
252.53666251525283	272.0
252.54666317510217	272.0
252.5566638349515	272.0
252.56666449480082	272.0
252.57666515465016	272.0
252.58666581449947	272.0
252.5966664743488	272.0
252.60666713419815	272.0
252.61666779404746	272.0
252.6266684538968	272.0
252.63666911374614	272.0
252.64666977359545	272.0
252.6566704334448	272.0
252.6666710932941	272.0
252.67667175314344	268.0
252.68667241299278	265.0
252.6966730728421	259.0
252.70667373269143	239.0
252.71667439254077	228.0
252.72667505239008	226.0
252.73667571223942	228.0
252.74667637208873	236.0
252.75667703193807	245.0
252.7666776917874	256.0
252.77667835163672	265.0
252.78667901148606	272.0
252.7966796713354	272.0
252.8066803311847	272.0
252.81668099103405	272.0
252.8266816508834	272.0
252.8366823107327	272.0
252.84668297058204	272.0
252.85668363043135	272.0
252.8666842902807	272.0
252.87668495013003	272.0
252.88668560997934	272.0
252.89668626982868	272.0
252.90668692967802	272.0
252.91668758952733	272.0
252.92668824937667	272.0
252.93668890922598	272.0
252.94668956907532	268.0
252.95669022892466	268.0
252.96669088877397	268.0
252.9766915486233	265.0
252.98669220847265	265.0
252.99669286832196	259.0
253.0066935281713	256.0
253.0166941880206	248.0
253.02669484786995	242.0
253.0366955077193	231.0
253.0466961675686	223.0
253.05669682741794	218.0
253.06669748726728	215.0
253.0766981471166	213.0
253.08669880696593	215.0
253.09669946681527	223.0
253.10670012666458	231.0
253.11670078651392	239.0
253.12670144636323	248.0
253.13670210621257	256.0
253.1467027660619	265.0
253.15670342591122	272.0
253.16670408576056	275.0
253.1767047456099	278.0
253.1867054054592	278.0
253.19670606530855	278.0
253.20670672515786	275.0
253.2167073850072	272.0
253.22670804485654	268.0
253.23670870470585	265.0
253.2467093645552	262.0
253.25671002440453	259.0
253.26671068425384	253.0
253.27671134410318	248.0
253.2867120039525	242.0
253.29671266380183	239.0
253.30671332365117	234.0
253.31671398350048	228.0
253.32671464334982	223.0
253.33671530319916	223.0
253.34671596304847	223.0
253.3567166228978	226.0
253.36671728274715	234.0
253.37671794259646	242.0
253.3867186024458	253.0
253.3967192622951	265.0
253.40671992214445	288.0
253.4167205819938	294.0
253.4267212418431	298.0
253.43672190169244	298.0
253.44672256154178	294.0
253.4567232213911	291.0
253.46672388124043	281.0
253.47672454108974	268.0
253.48672520093908	253.0
253.49672586078842	242.0
253.50672652063773	226.0
253.51672718048707	218.0
253.5267278403364	213.0
253.53672850018572	210.0
253.54672916003506	210.0
253.5567298198844	213.0
253.5667304797337	220.0
253.57673113958305	223.0
253.58673179943236	228.0
253.5967324592817	231.0
253.60673311913104	234.0
253.61673377898035	236.0
253.6267344388297	236.0
253.63673509867903	239.0
253.64673575852834	239.0
253.65673641837768	239.0
253.666737078227	242.0
253.67673773807633	239.0
253.68673839792567	239.0
253.69673905777498	239.0
253.70673971762432	239.0
253.71674037747366	239.0
253.72674103732297	239.0
253.7367416971723	239.0
253.74674235702162	239.0
253.75674301687096	236.0
253.7667436767203	236.0
253.7767443365696	236.0
253.78674499641895	236.0
253.79674565626829	234.0
253.8067463161176	234.0
253.81674697596694	231.0
253.82674763581628	228.0
253.8367482956656	226.0
253.84674895551493	223.0
253.85674961536424	220.0
253.86675027521358	220.0
253.87675093506292	218.0
253.88675159491223	220.0
253.89675225476157	223.0
253.9067529146109	223.0
253.91675357446022	226.0
253.92675423430956	228.0
253.93675489415887	228.0
253.9467555540082	228.0
253.95675621385755	228.0
253.96675687370686	228.0
253.9767575335562	228.0
253.98675819340554	228.0
253.99675885325485	228.0
254.00675951310419	228.0
254.0167601729535	228.0
254.02676083280284	228.0
254.03676149265218	228.0
254.0467621525015	226.0
254.05676281235083	226.0
254.06676347220017	226.0
254.07676413204948	226.0
254.08676479189882	223.0
254.09676545174815	223.0
254.10676611159747	223.0
254.1167667714468	223.0
254.12676743129612	226.0
254.13676809114546	226.0
254.1467687509948	228.0
254.1567694108441	231.0
254.16677007069345	234.0
254.17677073054278	236.0
254.1867713903921	239.0
254.19677205024144	242.0
254.20677271009075	245.0
254.21677336994009	245.0
254.22677402978942	245.0
254.23677468963874	245.0
254.24677534948808	245.0
254.25677600933741	242.0
254.26677666918673	242.0
254.27677732903607	239.0
254.28677798888538	236.0
254.29677864873472	236.0
254.30677930858405	234.0
254.31677996843337	231.0
254.3267806282827	228.0
254.33678128813204	226.0
254.34678194798136	226.0
254.3567826078307	223.0
254.36678326768003	220.0
254.37678392752935	218.0
254.38678458737868	213.0
254.396785247228	210.0
254.40678590707734	210.0
254.41678656692667	208.0
254.42678722677599	208.0
254.43678788662532	206.0
254.44678854647466	206.0
254.45678920632398	203.0
254.46678986617331	203.0
254.47679052602263	203.0
254.48679118587197	203.0
254.4967918457213	203.0
254.50679250557062	203.0
254.51679316541995	203.0
254.5267938252693	203.0
254.5367944851186	203.0
254.54679514496794	203.0
254.55679580481726	206.0
254.5667964646666	208.0
254.57679712451593	210.0
254.58679778436525	213.0
254.59679844421458	218.0
254.60679910406392	226.0
254.61679976391324	228.0
254.62680042376257	231.0
254.6368010836119	234.0
254.64680174346122	234.0
254.65680240331056	234.0
254.66680306315988	234.0
254.67680372300921	234.0
254.68680438285855	231.0
254.69680504270787	231.0
254.7068057025572	228.0
254.71680636240654	228.0
254.72680702225585	228.0
254.7368076821052	228.0
254.7468083419545	228.0
254.75680900180384	228.0
254.76680966165318	228.0
254.7768103215025	228.0
254.78681098135183	228.0
254.79681164120117	228.0
254.80681230105048	228.0
254.81681296089982	228.0
254.82681362074914	228.0
254.83681428059847	228.0
254.8468149404478	228.0
254.85681560029713	228.0
254.86681626014646	228.0
254.8768169199958	228.0
254.88681757984511	228.0
254.89681823969445	228.0
254.9068188995438	231.0
254.9168195593931	234.0
254.92682021924244	239.0
254.93682087909175	242.0
254.9468215389411	245.0
254.95682219879043	248.0
254.96682285863974	248.0
254.97682351848908	248.0
254.98682417833842	245.0
254.99682483818773	245.0
255.00682549803707	242.0
255.01682615788638	239.0
255.02682681773572	236.0
255.03682747758506	234.0
255.04682813743437	231.0
255.0568287972837	228.0
255.06682945713305	228.0
255.07683011698236	228.0
255.0868307768317	228.0
255.09683143668101	228.0
255.10683209653035	228.0
255.1168327563797	228.0
255.126833416229	228.0
255.13683407607834	228.0
255.14683473592768	228.0
255.156835395777	228.0
255.16683605562633	226.0
255.17683671547567	226.0
255.18683737532498	226.0
255.19683803517432	223.0
255.20683869502363	220.0
255.21683935487297	218.0
255.2268400147223	220.0
255.23684067457162	226.0
255.24684133442096	231.0
255.2568419942703	234.0
255.2668426541196	236.0
255.27684331396895	236.0
255.28684397381826	239.0
255.2968446336676	242.0
255.30684529351694	242.0
255.31684595336625	242.0
255.3268466132156	245.0
255.33684727306493	245.0
255.34684793291424	245.0
255.35684859276358	245.0
255.3668492526129	245.0
255.37684991246223	245.0
255.38685057231157	245.0
255.39685123216088	245.0
255.40685189201022	242.0
255.41685255185956	242.0
255.42685321170887	239.0
255.4368538715582	236.0
255.44685453140755	234.0
255.45685519125686	228.0
255.4668558511062	223.0
255.4768565109555	220.0
255.48685717080485	215.0
255.4968578306542	213.0
255.5068584905035	208.0
255.51685915035284	206.0
255.52685981020218	203.0
255.5368604700515	201.0
255.54686112990083	196.0
255.55686178975014	194.0
255.56686244959948	194.0
255.57686310944882	194.0
255.58686376929813	196.0
255.59686442914747	201.0
255.6068650889968	206.0
255.61686574884612	213.0
255.62686640869546	218.0
255.6368670685448	223.0
255.6468677283941	228.0
255.65686838824345	231.0
255.66686904809276	231.0
255.6768697079421	231.0
255.68687036779144	231.0
255.69687102764075	231.0
255.7068716874901	228.0
255.71687234733943	228.0
255.72687300718874	228.0
255.73687366703808	228.0
255.7468743268874	226.0
255.75687498673673	226.0
255.76687564658607	226.0
255.77687630643538	226.0
255.78687696628472	226.0
255.79687762613406	226.0
255.80687828598337	223.0
255.8168789458327	223.0
255.82687960568202	220.0
255.83688026553136	218.0
255.8468809253807	218.0
255.85688158523	218.0
255.86688224507935	220.0
255.8768829049287	223.0
255.886883564778	228.0
255.89688422462734	236.0
255.90688488447668	242.0
255.916885544326	248.0
255.92688620417533	250.0
255.93688686402464	253.0
255.94688752387398	250.0
255.95688818372332	248.0
255.96688884357263	239.0
255.97688950342197	0.0
255.9868901632713	0.0
255.99689082312062	0.0
256.00689148296993	0.0
256.0168921428193	0.0
256.0268928026686	0.0
256.0368934625179	0.0
256.0468941223673	0.0
256.0568947822166	0.0
256.0668954420659	0.0
256.0768961019153	0.0
256.0868967617646	0.0
256.0968974216139	0.0
256.10689808146327	0.0
256.1168987413126	0.0
256.1268994011619	0.0
256.1369000610112	0.0
256.1469007208606	0.0
256.1569013807099	0.0
256.1669020405592	0.0
256.17690270040856	0.0
256.1869033602579	0.0
256.1969040201072	0.0
256.20690467995655	0.0
256.21690533980586	0.0
256.2269059996552	0.0
256.23690665950454	0.0
256.24690731935385	0.0
256.25690797920316	0.0
256.26690863905253	0.0
256.27690929890184	0.0
256.28690995875115	301.0
256.2969106186005	298.0
256.30691127844983	301.0
256.31691193829914	308.0
256.32691259814845	342.0
256.3369132579978	350.0
256.34691391784713	350.0
256.35691457769644	354.0
256.3669152375458	350.0
256.3769158973951	346.0
256.38691655724443	342.0
256.3969172170938	338.0
256.4069178769431	338.0
256.4169185367924	334.0
256.4269191966418	334.0
256.4369198564911	334.0
256.4469205163404	334.0
256.4569211761898	334.0
256.4669218360391	334.0
256.4769224958884	334.0
256.48692315573777	338.0
256.4969238155871	338.0
256.5069244754364	338.0
256.5169251352857	338.0
256.52692579513507	342.0
256.5369264549844	338.0
256.5469271148337	334.0
256.55692777468306	323.0
256.5669284345324	288.0
256.5769290943817	268.0
256.58692975423105	0.0
256.59693041408036	0.0
256.6069310739297	0.0
256.61693173377904	0.0
256.62693239362835	358.0
256.63693305347766	371.0
256.64693371332703	375.0
256.65693437317634	375.0
256.66693503302565	371.0
256.676935692875	371.0
256.68693635272433	371.0
256.69693701257364	367.0
256.70693767242295	363.0
256.7169383322723	363.0
256.72693899212163	358.0
256.73693965197094	354.0
256.7469403118203	354.0
256.7569409716696	350.0
256.76694163151893	346.0
256.7769422913683	346.0
256.7869429512176	342.0
256.7969436110669	338.0
256.8069442709163	334.0
256.8169449307656	334.0
256.8269455906149	334.0
256.8369462504643	334.0
256.8469469103136	334.0
256.8569475701629	338.0
256.8669482300122	342.0
256.8769488898616	354.0
256.8869495497109	363.0
256.8969502095602	375.0
256.90695086940957	384.0
256.9169515292589	389.0
256.9269521891082	393.0
256.93695284895756	393.0
256.94695350880687	417.0
256.9569541686562	417.0
256.96695482850555	431.0
256.97695548835486	426.0
256.9869561482042	421.0
256.99695680805354	417.0
257.00695746790285	407.0
257.01695812775216	402.0
257.02695878760153	389.0
257.03695944745084	380.0
257.04696010730015	371.0
257.05696076714946	363.0
257.06696142699883	358.0
257.07696208684814	354.0
257.08696274669745	350.0
257.0969634065468	346.0
257.10696406639613	342.0
257.11696472624544	338.0
257.1269653860948	338.0
257.1369660459441	338.0
257.14696670579343	338.0
257.1569673656428	342.0
257.1669680254921	350.0
257.1769686853414	354.0
257.1869693451908	363.0
257.1969700050401	371.0
257.2069706648894	380.0
257.2169713247388	389.0
257.2269719845881	389.0
257.2369726444374	389.0
257.2469733042867	384.0
257.2569739641361	323.0
257.2669746239854	308.0
257.2769752838347	262.0
257.28697594368407	253.0
257.2969766035334	250.0
257.3069772633827	248.0
257.31697792323206	248.0
257.32697858308137	250.0
257.3369792429307	259.0
257.34697990278005	265.0
257.35698056262936	272.0
257.36698122247867	272.0
257.37698188232804	275.0
257.38698254217735	275.0
257.39698320202666	275.0
257.406983861876	275.0
257.41698452172534	272.0
257.42698518157465	272.0
257.43698584142396	272.0
257.44698650127333	272.0
257.45698716112264	272.0
257.46698782097195	275.0
257.4769884808213	275.0
257.48698914067063	275.0
257.49698980051994	275.0
257.5069904603693	275.0
257.5169911202186	275.0
257.52699178006793	275.0
257.5369924399173	275.0
257.5469930997666	272.0
257.5569937596159	268.0
257.5669944194653	262.0
257.5769950793146	253.0
257.5869957391639	250.0
257.5969963990132	250.0
257.6069970588626	256.0
257.6169977187119	265.0
257.6269983785612	268.0
257.6369990384106	268.0
257.6469996982599	272.0
257.6570003581092	272.0
257.66700101795857	272.0
257.6770016778079	272.0
257.6870023376572	272.0
257.69700299750656	272.0
257.70700365735587	268.0
257.7170043172052	268.0
257.72700497705455	265.0
257.73700563690386	262.0
257.74700629675317	259.0
257.75700695660254	256.0
257.76700761645185	250.0
257.77700827630116	245.0
257.78700893615047	242.0
257.79700959599984	239.0
257.80701025584915	236.0
257.81701091569846	239.0
257.82701157554783	239.0
257.83701223539714	245.0
257.84701289524645	250.0
257.8570135550958	256.0
257.86701421494513	268.0
257.87701487479444	278.0
257.8870155346438	288.0
257.8970161944931	291.0
257.90701685434243	294.0
257.9170175141918	294.0
257.9270181740411	294.0
257.9370188338904	288.0
257.94701949373973	256.0
257.9570201535891	231.0
257.9670208134384	223.0
257.9770214732877	220.0
257.9870221331371	223.0
257.9970227929864	226.0
258.0070234528357	228.0
258.0170241126851	231.0
258.0270247725344	234.0
258.0370254323837	234.0
258.04702609223307	236.0
258.0570267520824	236.0
258.0670274119317	236.0
258.07702807178106	234.0
258.08702873163037	234.0
258.0970293914797	234.0
258.10703005132905	231.0
258.11703071117836	231.0
258.12703137102767	231.0
258.137032030877	228.0
258.14703269072635	228.0
258.15703335057566	228.0
258.16703401042497	228.0
258.17703467027434	228.0
258.18703533012365	228.0
258.19703598997296	228.0
258.2070366498223	228.0
258.21703730967164	228.0
258.22703796952095	228.0
258.2370386293703	228.0
258.24703928921963	228.0
258.25703994906894	228.0
258.2670406089183	226.0
258.2770412687676	220.0
258.28704192861693	213.0
258.2970425884663	210.0
258.3070432483156	210.0
258.3170439081649	215.0
258.32704456801423	226.0
258.3370452278636	228.0
258.3470458877129	228.0
258.3570465475622	228.0
258.3670472074116	228.0
258.3770478672609	228.0
258.3870485271102	228.0
258.3970491869596	228.0
258.4070498468089	228.0
258.4170505066582	228.0
258.42705116650757	228.0
258.4370518263569	228.0
258.4470524862062	228.0
258.45705314605556	228.0
258.46705380590487	228.0
258.4770544657542	228.0
258.48705512560355	228.0
258.49705578545286	228.0
258.50705644530217	226.0
258.5170571051515	226.0
258.52705776500085	223.0
258.53705842485016	223.0
258.54705908469947	226.0
258.55705974454884	228.0
258.56706040439815	236.0
258.57706106424746	245.0
258.5870617240968	253.0
258.59706238394614	259.0
258.60706304379545	259.0
258.6170637036448	262.0
258.6270643634941	265.0
258.63706502334344	275.0
258.6470656831928	288.0
258.6570663430421	294.0
258.66706700289143	288.0
258.67706766274074	281.0
258.6870683225901	275.0
258.6970689824394	265.0
258.70706964228873	259.0
258.7170703021381	256.0
258.7270709619874	250.0
258.7370716218367	245.0
258.7470722816861	239.0
258.7570729415354	234.0
258.7670736013847	231.0
258.7770742612341	226.0
258.7870749210834	223.0
258.7970755809327	218.0
258.80707624078207	215.0
258.8170769006314	213.0
258.8270775604807	210.0
258.83707822033006	210.0
258.84707888017937	210.0
258.8570795400287	215.0
258.867080199878	220.0
258.87708085972736	231.0
258.88708151957667	239.0
258.897082179426	248.0
258.90708283927535	256.0
258.91708349912466	265.0
258.92708415897397	268.0
258.93708481882334	268.0
258.94708547867265	262.0
258.95708613852196	245.0
258.9670867983713	236.0
258.97708745822064	236.0
258.98708811806995	245.0
258.9970887779193	253.0
259.0070894377686	262.0
259.01709009761794	259.0
259.0270907574673	259.0
259.0370914173166	256.0
259.0470920771659	256.0
259.05709273701524	259.0
259.0670933968646	262.0
259.0770940567139	262.0
259.08709471656323	265.0
259.0970953764126	268.0
259.1070960362619	268.0
259.1170966961112	268.0
259.1270973559606	268.0
259.1370980158099	265.0
259.1470986756592	265.0
259.1570993355086	262.0
259.1670999953579	262.0
259.1771006552072	265.0
259.18710131505657	275.0
259.1971019749059	288.0
259.2071026347552	305.0
259.2171032946045	316.0
259.22710395445387	331.0
259.2371046143032	342.0
259.2471052741525	354.0
259.25710593400186	358.0
259.26710659385117	358.0
259.2771072537005	354.0
259.28710791354985	342.0
259.29710857339916	305.0
259.30710923324847	272.0
259.31710989309784	259.0
259.32711055294715	250.0
259.33711121279646	248.0
259.3471118726458	250.0
259.35711253249514	256.0
259.36711319234445	259.0
259.3771138521938	265.0
259.3871145120431	268.0
259.39711517189244	272.0
259.40711583174175	272.0
259.4171164915911	272.0
259.4271171514404	275.0
259.43711781128974	275.0
259.4471184711391	275.0
259.4571191309884	275.0
259.4671197908377	275.0
259.4771204506871	275.0
259.4871211105364	275.0
259.4971217703857	275.0
259.5071224302351	272.0
259.5171230900844	272.0
259.5271237499337	272.0
259.5371244097831	272.0
259.5471250696324	272.0
259.5571257294817	272.0
259.56712638933107	272.0
259.5771270491804	268.0
259.5871277090297	268.0
259.597128368879	265.0
259.60712902872837	262.0
259.6171296885777	256.0
259.627130348427	250.0
259.63713100827636	248.0
259.64713166812567	250.0
259.657132327975	256.0
259.66713298782435	262.0
259.67713364767366	265.0
259.68713430752297	265.0
259.69713496737234	265.0
259.70713562722165	265.0
259.71713628707096	265.0
259.7271369469203	265.0
259.73713760676964	262.0
259.74713826661895	259.0
259.75713892646826	256.0
259.7671395863176	253.0
259.77714024616694	250.0
259.78714090601625	248.0
259.7971415658656	245.0
259.8071422257149	242.0
259.81714288556424	239.0
259.8271435454136	236.0
259.8371442052629	236.0
259.8471448651122	236.0
259.8571455249616	236.0
259.8671461848109	239.0
259.8771468446602	242.0
259.8871475045096	248.0
259.8971481643589	253.0
259.9071488242082	262.0
259.9171494840576	268.0
259.9271501439069	275.0
259.9371508037562	278.0
259.9471514636055	275.0
259.9571521234549	268.0
259.9671527833042	262.0
259.9771534431535	248.0
259.98715410300287	226.0
259.9971547628522	218.0
260.0071554227015	218.0
260.01715608255085	215.0
260.02715674240017	215.0
260.0371574022495	218.0
260.04715806209884	218.0
260.05715872194816	220.0
260.06715938179747	220.0
260.07716004164683	223.0
260.08716070149615	223.0
260.09716136134546	223.0
260.1071620211948	223.0
260.11716268104414	223.0
260.12716334089345	223.0
260.13716400074276	223.0
260.1471646605921	223.0
260.15716532044144	223.0
260.16716598029075	223.0
260.1771666401401	223.0
260.1871672999894	226.0
260.19716795983874	226.0
260.2071686196881	226.0
260.2171692795374	226.0
260.2271699393867	226.0
260.2371705992361	226.0
260.2471712590854	226.0
260.2571719189347	223.0
260.2671725787841	223.0
260.2771732386334	220.0
260.2871738984827	215.0
260.2971745583321	210.0
260.3071752181814	206.0
260.3171758780307	206.0
260.32717653788	210.0
260.3371771977294	218.0
260.3471778575787	236.0
260.357178517428	245.0
260.36717917727736	248.0
260.3771798371267	250.0
260.387180496976	250.0
260.39718115682535	250.0
260.40718181667467	250.0
260.417182476524	248.0
260.42718313637334	248.0
260.43718379622266	245.0
260.44718445607197	242.0
260.45718511592133	239.0
260.46718577577064	236.0
260.47718643561996	236.0
260.48718709546927	234.0
260.49718775531863	234.0
260.50718841516795	231.0
260.51718907501726	231.0
260.5271897348666	231.0
260.53719039471594	231.0
260.54719105456525	231.0
260.5571917144146	231.0
260.5671923742639	231.0
260.57719303411324	231.0
260.5871936939626	231.0
260.5971943538119	228.0
260.6071950136612	226.0
260.6171956735106	218.0
260.6271963333599	208.0
260.6371969932092	203.0
260.6471976530586	203.0
260.6571983129079	206.0
260.6671989727572	208.0
260.6771996326065	0.0
260.6872002924559	245.0
260.6972009523052	250.0
260.7072016121545	250.0
260.7172022720039	253.0
260.7272029318532	253.0
260.7372035917025	250.0
260.74720425155186	250.0
260.7572049114012	250.0
260.7672055712505	250.0
260.77720623109985	248.0
260.78720689094916	248.0
260.7972075507985	245.0
260.80720821064784	242.0
260.81720887049715	239.0
260.82720953034647	234.0
260.83721019019583	228.0
260.84721085004514	223.0
260.85721150989446	218.0
260.86721216974377	213.0
260.87721282959313	210.0
260.88721348944244	208.0
260.89721414929176	208.0
260.9072148091411	206.0
260.91721546899043	206.0
260.92721612883975	203.0
260.9372167886891	203.0
260.9472174485384	201.0
260.95721810838774	201.0
260.9672187682371	196.0
260.9772194280864	187.0
260.9872200879357	187.0
260.9972207477851	196.0
261.0072214076344	206.0
261.0172220674837	213.0
261.027222727333	226.0
261.0372233871824	234.0
261.0472240470317	242.0
261.057224706881	245.0
261.0672253667304	245.0
261.0772260265797	242.0
261.087226686429	239.0
261.0972273462784	236.0
261.1072280061277	234.0
261.117228665977	231.0
261.12722932582636	228.0
261.1372299856757	228.0
261.147230645525	228.0
261.15723130537435	226.0
261.16723196522366	226.0
261.177232625073	226.0
261.18723328492234	223.0
261.19723394477165	223.0
261.20723460462096	223.0
261.2172352644703	223.0
261.22723592431964	220.0
261.23723658416895	220.0
261.24723724401827	218.0
261.25723790386763	213.0
261.26723856371694	208.0
261.27723922356626	206.0
261.2872398834156	203.0
261.29724054326493	203.0
261.30724120311424	206.0
261.3172418629636	213.0
261.3272425228129	226.0
261.33724318266223	239.0
261.3472438425116	248.0
261.3572445023609	250.0
261.3672451622102	250.0
261.3772458220596	250.0
261.3872464819089	248.0
261.3972471417582	248.0
261.4072478016075	245.0
261.4172484614569	245.0
261.4272491213062	242.0
261.4372497811555	239.0
261.4472504410049	236.0
261.4572511008542	234.0
261.4672517607035	228.0
261.4772524205529	223.0
261.4872530804022	218.0
261.4972537402515	210.0
261.50725440010086	208.0
261.5172550599502	206.0
261.5272557197995	203.0
261.53725637964885	201.0
261.54725703949816	201.0
261.5572576993475	199.0
261.5672583591968	199.0
261.57725901904615	199.0
261.58725967889546	201.0
261.5972603387448	201.0
261.60726099859414	201.0
261.61726165844345	199.0
261.62726231829276	196.0
261.63726297814213	190.0
261.64726363799144	187.0
261.65726429784075	185.0
261.6672649576901	187.0
261.67726561753943	190.0
261.68726627738874	194.0
261.6972669372381	199.0
261.7072675970874	206.0
261.71726825693673	210.0
261.7272689167861	215.0
261.7372695766354	220.0
261.7472702364847	226.0
261.75727089633403	226.0
261.7672715561834	226.0
261.7772722160327	226.0
261.787272875882	226.0
261.7972735357314	223.0
261.8072741955807	223.0
261.81727485543	223.0
261.8272755152794	223.0
261.8372761751287	223.0
261.847276834978	223.0
261.8572774948274	223.0
261.8672781546767	223.0
261.877278814526	223.0
261.88727947437536	223.0
261.8972801342247	223.0
261.907280794074	226.0
261.91728145392335	223.0
261.92728211377266	223.0
261.937282773622	215.0
261.9472834334713	210.0
261.95728409332065	206.0
261.96728475316996	206.0
261.9772854130193	206.0
261.98728607286864	208.0
261.99728673271795	213.0
262.00728739256726	218.0
262.01728805241663	226.0
262.02728871226594	228.0
262.03728937211525	228.0
262.0472900319646	228.0
262.05729069181393	226.0
262.06729135166324	226.0
262.0772920115126	223.0
262.0872926713619	226.0
262.09729333121123	228.0
262.10729399106054	231.0
262.1172946509099	236.0
262.1272953107592	242.0
262.13729597060853	245.0
262.1472966304579	250.0
262.1572972903072	253.0
262.1672979501565	256.0
262.1772986100059	256.0
262.1872992698552	253.0
262.1972999297045	250.0
262.2073005895539	245.0
262.2173012494032	239.0
262.2273019092525	228.0
262.23730256910187	220.0
262.2473032289512	213.0
262.2573038888005	208.0
262.26730454864986	203.0
262.2773052084992	203.0
262.2873058683485	203.0
262.2973065281978	206.0
262.30730718804716	208.0
262.3173078478965	213.0
262.3273085077458	218.0
262.33730916759515	228.0
262.34730982744446	239.0
262.3573104872938	250.0
262.36731114714314	259.0
262.37731180699245	262.0
262.38731246684176	265.0
262.39731312669113	268.0
262.40731378654044	272.0
262.41731444638975	272.0
262.4273151062391	272.0
262.43731576608843	272.0
262.44731642593774	268.0
262.4573170857871	268.0
262.4673177456364	265.0
262.47731840548573	265.0
262.48731906533504	265.0
262.4973197251844	265.0
262.5073203850337	265.0
262.51732104488303	265.0
262.5273217047324	265.0
262.5373223645817	265.0
262.547323024431	262.0
262.5573236842804	262.0
262.5673243441297	259.0
262.577325003979	256.0
262.5873256638284	253.0
262.5973263236777	250.0
262.607326983527	248.0
262.61732764337637	248.0
262.6273283032257	248.0
262.637328963075	250.0
262.64732962292436	256.0
262.65733028277367	265.0
262.667330942623	334.0
262.6773316024723	342.0
262.68733226232166	342.0
262.697332922171	342.0
262.7073335820203	342.0
262.71733424186965	342.0
262.72733490171896	342.0
262.7373355615683	342.0
262.74733622141764	342.0
262.75733688126695	342.0
262.76733754111626	342.0
262.77733820096563	342.0
262.78733886081494	342.0
262.79733952066425	342.0
262.8073401805136	342.0
262.81734084036293	342.0
262.82734150021224	342.0
262.83734216006155	342.0
262.8473428199109	342.0
262.85734347976023	338.0
262.86734413960954	338.0
262.8773447994589	338.0
262.8873454593082	334.0
262.89734611915753	327.0
262.9073467790069	316.0
262.9173474388562	298.0
262.9273480987055	0.0
262.9373487585549	0.0
262.9473494184042	0.0
262.9573500782535	0.0
262.9673507381029	0.0
262.9773513979522	0.0
262.9873520578015	0.0
262.99735271765087	0.0
263.0073533775002	402.0
263.0173540373495	407.0
263.0273546971988	407.0
263.03735535704817	407.0
263.0473560168975	402.0
263.0573566767468	402.0
263.06735733659616	402.0
263.07735799644547	398.0
263.0873586562948	402.0
263.09735931614415	402.0
263.10735997599346	402.0
263.1173606358428	402.0
263.12736129569214	402.0
263.13736195554145	407.0
263.14736261539076	407.0
263.15736327524013	407.0
263.16736393508944	407.0
263.17736459493875	407.0
263.1873652547881	407.0
263.19736591463743	407.0
263.20736657448674	412.0
263.21736723433605	412.0
263.2273678941854	407.0
263.23736855403473	407.0
263.24736921388404	398.0
263.2573698737334	367.0
263.2673705335827	358.0
263.27737119343203	358.0
263.2873718532814	358.0
263.2973725131307	363.0
263.30737317298	371.0
263.3173738328294	393.0
263.3273744926787	412.0
263.337375152528	421.0
263.3473758123774	431.0
263.3573764722267	441.0
263.367377132076	447.0
263.3773777919253	447.0
263.3873784517747	447.0
263.397379111624	447.0
263.4073797714733	447.0
263.41738043132267	447.0
263.427381091172	447.0
263.4373817510213	452.0
263.44738241087066	452.0
263.45738307071997	452.0
263.4673837305693	452.0
263.47738439041865	452.0
263.48738505026796	452.0
263.49738571011727	452.0
263.50738636996664	457.0
263.51738702981595	457.0
263.52738768966526	457.0
263.53738834951463	457.0
263.54738900936394	462.0
263.55738966921325	457.0
263.56739032906256	457.0
263.57739098891193	457.0
263.58739164876124	452.0
263.59739230861055	447.0
263.6073929684599	436.0
263.61739362830923	417.0
263.62739428815854	441.0
263.6373949480079	452.0
263.6473956078572	462.0
263.65739626770653	473.0
263.6673969275559	473.0
263.6773975874052	473.0
263.6873982472545	473.0
263.6973989071039	473.0
263.7073995669532	473.0
263.7174002268025	473.0
263.7274008866519	468.0
263.7374015465012	468.0
263.7474022063505	468.0
263.7574028661998	462.0
263.7674035260492	462.0
263.7774041858985	462.0
263.7874048457478	462.0
263.79740550559717	462.0
263.8074061654465	462.0
263.8174068252958	457.0
263.82740748514516	457.0
263.83740814499447	457.0
263.8474088048438	457.0
263.85740946469315	457.0
263.86741012454246	462.0
263.87741078439177	468.0
263.88741144424114	468.0
263.89741210409045	473.0
263.90741276393976	484.0
263.91741342378907	496.0
263.92741408363844	507.0
263.93741474348775	513.0
263.94741540333706	519.0
263.95741606318643	519.0
263.96741672303574	513.0
263.97741738288505	501.0
263.9874180427344	484.0
263.99741870258373	447.0
264.00741936243304	441.0
264.0174200222824	436.0
264.0274206821317	436.0
264.03742134198103	447.0
264.0474220018304	457.0
264.0574226616797	462.0
264.067423321529	462.0
264.0774239813784	462.0
264.0874246412277	462.0
264.097425301077	462.0
264.1074259609263	457.0
264.1174266207757	457.0
264.127427280625	457.0
264.1374279404743	457.0
264.1474286003237	462.0
264.157429260173	462.0
264.1674299200223	462.0
264.17743057987167	462.0
264.187431239721	468.0
264.1974318995703	468.0
264.20743255941966	473.0
264.21743321926897	479.0
264.2274338791183	484.0
264.23743453896765	484.0
264.24743519881696	484.0
264.25743585866627	479.0
264.26743651851564	462.0
264.27743717836495	436.0
264.28743783821426	412.0
264.29743849806357	398.0
264.30743915791294	389.0
264.31743981776225	384.0
264.32744047761156	380.0
264.3374411374609	380.0
264.34744179731024	393.0
264.35744245715955	398.0
264.3674431170089	402.0
264.37744377685823	407.0
264.38744443670754	407.0
264.3974450965569	407.0
264.4074457564062	402.0
264.41744641625553	402.0
264.4274470761049	402.0
264.4374477359542	402.0
264.4474483958035	402.0
264.4574490556529	402.0
264.4674497155022	398.0
264.4774503753515	398.0
264.4874510352008	398.0
264.4974516950502	398.0
264.5074523548995	398.0
264.5174530147488	398.0
264.5274536745982	398.0
264.5374543344475	402.0
264.5474549942968	402.0
264.55745565414617	402.0
264.5674563139955	402.0
264.5774569738448	402.0
264.58745763369416	402.0
264.59745829354347	402.0
264.6074589533928	398.0
264.61745961324215	393.0
264.62746027309146	363.0
264.63746093294077	358.0
264.6474615927901	363.0
264.65746225263945	407.0
264.66746291248876	417.0
264.67746357233807	417.0
264.68746423218744	412.0
264.69746489203675	412.0
264.70746555188606	412.0
264.7174662117354	412.0
264.72746687158474	407.0
264.73746753143405	407.0
264.7474681912834	402.0
264.7574688511327	398.0
264.76746951098204	389.0
264.7774701708314	384.0
264.7874708306807	375.0
264.79747149053003	367.0
264.8074721503794	358.0
264.8174728102287	354.0
264.827473470078	346.0
264.83747412992733	342.0
264.8474747897767	338.0
264.857475449626	338.0
264.8674761094753	334.0
264.8774767693247	334.0
264.887477429174	334.0
264.8974780890233	338.0
264.9074787488727	342.0
264.917479408722	346.0
264.9274800685713	350.0
264.93748072842067	358.0
264.94748138827	367.0
264.9574820481193	371.0
264.96748270796866	375.0
264.97748336781797	375.0
264.9874840276673	375.0
264.99748468751665	371.0
265.00748534736596	358.0
265.01748600721527	334.0
265.0274866670646	288.0
265.03748732691395	275.0
265.04748798676326	265.0
265.05748864661257	262.0
265.06748930646194	265.0
265.07748996631125	265.0
265.08749062616056	268.0
265.0974912860099	268.0
265.10749194585924	272.0
265.11749260570855	272.0
265.1274932655579	272.0
265.1374939254072	272.0
265.14749458525654	272.0
265.1574952451059	275.0
265.1674959049552	275.0
265.1774965648045	275.0
265.18749722465384	272.0
265.1974978845032	272.0
265.2074985443525	272.0
265.21749920420183	272.0
265.2274998640512	268.0
265.2375005239005	268.0
265.2475011837498	268.0
265.2575018435992	268.0
265.2675025034485	268.0
265.2775031632978	268.0
265.2875038231472	265.0
265.2975044829965	259.0
265.3075051428458	253.0
265.31750580269517	250.0
265.3275064625445	250.0
265.3375071223938	259.0
265.34750778224316	272.0
265.35750844209247	272.0
265.3675091019418	272.0
265.3775097617911	272.0
265.38751042164046	272.0
265.39751108148977	272.0
265.4075117413391	272.0
265.41751240118845	268.0
265.42751306103776	268.0
265.43751372088707	265.0
265.44751438073644	262.0
265.45751504058575	259.0
265.46751570043506	256.0
265.4775163602844	250.0
265.48751702013374	248.0
265.49751767998305	245.0
265.5075183398324	242.0
265.5175189996817	239.0
265.52751965953104	236.0
265.5375203193804	236.0
265.5475209792297	236.0
265.557521639079	239.0
265.56752229892834	242.0
265.5775229587777	248.0
265.587523618627	256.0
265.5975242784763	265.0
265.6075249383257	281.0
265.617525598175	298.0
265.6275262580243	305.0
265.6375269178737	308.0
265.647527577723	312.0
265.6575282375723	308.0
265.6675288974217	301.0
265.677529557271	278.0
265.6875302171203	253.0
265.69753087696967	236.0
265.707531536819	226.0
265.7175321966683	220.0
265.7275328565176	220.0
265.73753351636697	223.0
265.7475341762163	226.0
265.7575348360656	226.0
265.76753549591496	226.0
265.77753615576427	228.0
265.7875368156136	226.0
265.79753747546295	226.0
265.80753813531226	226.0
265.81753879516157	226.0
265.82753945501094	226.0
265.83754011486025	226.0
265.84754077470956	226.0
265.8575414345589	226.0
265.86754209440824	226.0
265.87754275425755	226.0
265.8875434141069	226.0
265.8975440739562	226.0
265.90754473380554	226.0
265.91754539365485	228.0
265.9275460535042	228.0
265.9375467133535	228.0
265.94754737320284	226.0
265.9575480330522	223.0
265.9675486929015	215.0
265.9775493527508	208.0
265.9875500126002	203.0
265.9975506724495	203.0
266.0075513322988	203.0
266.0175519921482	206.0
266.0275526519975	208.0
266.0375533118468	213.0
266.0475539716962	231.0
266.0575546315455	236.0
266.0675552913948	242.0
266.07755595124416	248.0
266.0875566110935	250.0
266.0975572709428	253.0
266.1075579307921	253.0
266.11755859064147	253.0
266.1275592504908	253.0
266.1375599103401	248.0
266.14756057018946	245.0
266.15756123003877	239.0
266.1675618898881	231.0
266.17756254973744	226.0
266.18756320958676	218.0
266.19756386943607	213.0
266.20756452928543	208.0
266.21756518913475	206.0
266.22756584898406	203.0
266.2375665088334	203.0
266.24756716868274	203.0
266.25756782853205	203.0
266.2675684883814	203.0
266.2775691482307	203.0
266.28756980808004	201.0
266.29757046792935	199.0
266.3075711277787	190.0
266.317571787628	185.0
266.32757244747734	181.0
266.3375731073267	181.0
266.347573767176	185.0
266.3575744270253	192.0
266.3675750868747	199.0
266.377575746724	206.0
266.3875764065733	210.0
266.3975770664227	218.0
266.407577726272	226.0
266.4175783861213	228.0
266.4275790459707	231.0
266.43757970582	231.0
266.4475803656693	234.0
266.4575810255186	234.0
266.467581685368	234.0
266.4775823452173	234.0
266.4875830050666	231.0
266.49758366491596	231.0
266.5075843247653	228.0
266.5175849846146	228.0
266.52758564446395	228.0
266.53758630431327	226.0
266.5475869641626	226.0
266.55758762401194	223.0
266.56758828386126	220.0
266.57758894371057	215.0
266.58758960355993	206.0
266.59759026340924	201.0
266.60759092325856	201.0
266.6175915831079	199.0
266.62759224295723	199.0
266.63759290280655	199.0
266.64759356265586	201.0
266.6575942225052	201.0
266.66759488235454	206.0
266.67759554220385	210.0
266.6875962020532	215.0
266.6975968619025	220.0
266.70759752175184	226.0
266.7175981816012	226.0
266.7275988414505	228.0
266.7375995012998	228.0
266.7476001611492	226.0
266.7576008209985	226.0
266.7676014808478	226.0
266.7776021406972	226.0
266.7876028005465	226.0
266.7976034603958	226.0
266.8076041202452	228.0
266.8176047800945	234.0
266.8276054399438	239.0
266.8376060997931	250.0
266.8476067596425	272.0
266.8576074194918	288.0
266.8676080793411	298.0
266.87760873919046	305.0
266.8876093990398	305.0
266.8976100588891	294.0
266.90761071873845	278.0
266.91761137858776	250.0
266.9276120384371	213.0
266.93761269828644	196.0
266.94761335813575	185.0
266.95761401798507	183.0
266.96761467783443	185.0
266.97761533768374	190.0
266.98761599753306	196.0
266.99761665738237	203.0
267.00761731723173	208.0
267.01761797708104	223.0
267.02761863693036	236.0
267.0376192967797	245.0
267.04761995662903	253.0
267.05762061647835	259.0
267.0676212763277	262.0
267.077621936177	265.0
267.08762259602634	268.0
267.0976232558757	272.0
267.107623915725	272.0
267.1176245755743	272.0
267.1276252354237	268.0
267.137625895273	268.0
267.1476265551223	268.0
267.1576272149717	268.0
267.167627874821	268.0
267.1776285346703	268.0
267.1876291945196	272.0
267.197629854369	275.0
267.2076305142183	275.0
267.2176311740676	278.0
267.227631833917	278.0
267.2376324937663	278.0
267.2476331536156	275.0
267.25763381346496	275.0
267.2676344733143	268.0
267.2776351331636	265.0
267.28763579301295	259.0
267.29763645286226	253.0
267.3076371127116	250.0
267.31763777256094	253.0
267.32763843241025	259.0
267.33763909225956	265.0
267.34763975210893	268.0
267.35764041195824	275.0
267.36764107180755	284.0
267.37764173165687	298.0
267.38764239150623	312.0
267.39764305135554	334.0
267.40764371120486	358.0
267.4176443710542	371.0
267.42764503090353	380.0
267.43764569075284	380.0
267.4476463506022	375.0
267.4576470104515	358.0
267.46764767030083	323.0
267.4776483301502	305.0
267.4876489899995	284.0
267.4976496498488	272.0
267.5076503096982	262.0
267.5176509695475	259.0
267.5276516293968	259.0
267.5376522892461	265.0
267.5476529490955	265.0
267.5576536089448	265.0
267.5676542687941	265.0
267.5776549286435	262.0
267.5876555884928	259.0
267.5976562483421	253.0
267.6076569081915	245.0
267.6176575680408	239.0
267.6276582278901	242.0
267.63765888773946	275.0
267.6476595475888	275.0
267.6576602074381	268.0
267.66766086728745	268.0
267.67766152713676	268.0
267.6876621869861	268.0
267.69766284683544	278.0
267.70766350668475	291.0
267.71766416653406	308.0
267.7276648263834	319.0
267.73766548623274	334.0
267.74766614608205	354.0
267.75766680593136	375.0
267.76766746578073	389.0
267.77766812563004	398.0
267.78766878547935	402.0
267.7976694453287	402.0
267.80767010517803	393.0
267.81767076502734	384.0
267.8276714248767	371.0
267.837672084726	363.0
267.84767274457533	354.0
267.8576734044247	350.0
267.867674064274	342.0
267.8776747241233	334.0
267.8876753839727	331.0
267.897676043822	331.0
267.9076767036713	334.0
267.9176773635206	338.0
267.92767802337	338.0
267.9376786832193	342.0
267.9476793430686	327.0
267.957680002918	0.0
267.9676806627673	0.0
267.9776813226166	0.0
267.987681982466	0.0
267.9976826423153	0.0
268.0076833021646	0.0
268.01768396201396	0.0
268.0276846218633	0.0
268.0376852817126	0.0
268.04768594156195	0.0
268.05768660141126	0.0
268.0676872612606	0.0
268.07768792110994	0.0
268.08768858095925	0.0
268.09768924080856	0.0
268.1076899006579	0.0
268.11769056050724	0.0
268.12769122035655	0.0
268.13769188020586	0.0
268.14769254005523	0.0
268.15769319990454	0.0
268.16769385975385	0.0
268.1776945196032	0.0
268.18769517945253	0.0
268.19769583930184	0.0
268.2076964991512	0.0
268.2176971590005	0.0
268.22769781884983	0.0
268.2376984786992	0.0
268.2476991385485	0.0
268.2576997983978	0.0
268.26770045824713	0.0
268.2777011180965	0.0
268.2877017779458	0.0
268.2977024377951	0.0
268.3077030976445	0.0
268.3177037574938	0.0
268.3277044173431	0.0
268.3377050771925	0.0
268.3477057370418	0.0
268.3577063968911	0.0
268.36770705674047	334.0
268.3777077165898	334.0
268.3877083764391	331.0
268.39770903628846	331.0
268.4077096961378	331.0
268.4177103559871	327.0
268.42771101583645	327.0
268.43771167568576	331.0
268.4477123355351	334.0
268.4577129953844	346.0
268.46771365523375	354.0
268.47771431508306	367.0
268.4877149749324	375.0
268.49771563478174	380.0
268.50771629463105	380.0
268.51771695448036	380.0
268.52771761432973	371.0
268.53771827417904	363.0
268.54771893402835	342.0
268.5577195938777	331.0
268.56772025372703	331.0
268.57772091357634	331.0
268.5877215734257	338.0
268.597722233275	354.0
268.60772289312433	367.0
268.6177235529737	389.0
268.627724212823	412.0
268.6377248726723	426.0
268.64772553252163	436.0
268.657726192371	436.0
268.6677268522203	431.0
268.6777275120696	412.0
268.687728171919	380.0
268.6977288317683	363.0
268.7077294916176	346.0
268.717730151467	334.0
268.7277308113163	331.0
268.7377314711656	334.0
268.74773213101497	342.0
268.7577327908643	350.0
268.7677334507136	358.0
268.77773411056296	358.0
268.78773477041227	358.0
268.7977354302616	354.0
268.8077360901109	354.0
268.81773674996026	316.0
268.8277374098096	305.0
268.8377380696589	248.0
268.84773872950825	234.0
268.85773938935756	231.0
268.8677400492069	231.0
268.87774070905624	236.0
268.88774136890555	242.0
268.89774202875486	253.0
268.90774268860423	265.0
268.91774334845354	278.0
268.92774400830285	288.0
268.9377446681522	288.0
268.94774532800153	288.0
268.95774598785084	281.0
268.9677466477002	272.0
268.9777473075495	262.0
268.98774796739883	259.0
268.99774862724814	253.0
269.0077492870975	250.0
269.0177499469468	250.0
269.02775060679613	278.0
269.0377512666455	291.0
269.0477519264948	301.0
269.0577525863441	316.0
269.0677532461935	334.0
269.0777539060428	346.0
269.0877545658921	354.0
269.0977552257415	363.0
269.1077558855908	363.0
269.1177565454401	358.0
269.12775720528947	350.0
269.1377578651388	334.0
269.1477585249881	316.0
269.15775918483746	305.0
269.16775984468677	298.0
269.1777605045361	294.0
269.1877611643854	298.0
269.19776182423476	305.0
269.20776248408407	312.0
269.2177631439334	319.0
269.22776380378275	331.0
269.23776446363206	338.0
269.2477651234814	346.0
269.25776578333074	350.0
269.26776644318005	350.0
269.27776710302936	350.0
269.28776776287873	346.0
269.29776842272804	338.0
269.30776908257735	331.0
269.3177697424267	327.0
269.32777040227603	323.0
269.33777106212534	323.0
269.34777172197465	327.0
269.357772381824	334.0
269.36777304167333	346.0
269.37777370152264	363.0
269.387774361372	393.0
269.3977750212213	407.0
269.40777568107063	417.0
269.41777634092	421.0
269.4277770007693	421.0
269.4377776606186	417.0
269.447778320468	407.0
269.4577789803173	0.0
269.4677796401666	0.0
269.477780300016	0.0
269.4877809598653	0.0
269.4977816197146	0.0
269.50778227956397	0.0
269.5177829394133	0.0
269.5277835992626	0.0
269.5377842591119	0.0
269.54778491896127	0.0
269.5577855788106	0.0
269.5677862386599	0.0
269.57778689850926	0.0
269.58778755835857	0.0
269.5977882182079	0.0
269.60778887805725	0.0
269.61778953790656	0.0
269.62779019775587	0.0
269.63779085760524	0.0
269.64779151745455	0.0
269.65779217730386	0.0
269.66779283715323	0.0
269.67779349700254	0.0
269.68779415685185	0.0
269.6977948167012	0.0
269.70779547655053	0.0
269.71779613639984	319.0
269.72779679624915	316.0
269.7377974560985	312.0
269.74779811594783	308.0
269.75779877579714	305.0
269.7677994356465	305.0
269.7778000954958	308.0
269.78780075534513	316.0
269.7978014151945	327.0
269.8078020750438	342.0
269.8178027348931	358.0
269.8278033947425	371.0
269.8378040545918	384.0
269.8478047144411	393.0
269.8578053742905	398.0
269.8678060341398	398.0
269.8778066939891	389.0
269.88780735383847	380.0
269.8978080136878	371.0
269.9078086735371	363.0
269.9178093333864	358.0
269.92780999323577	358.0
269.9378106530851	367.0
269.9478113129344	384.0
269.95781197278376	407.0
269.96781263263307	421.0
269.9778132924824	426.0
269.98781395233175	431.0
269.99781461218106	426.0
270.00781527203037	417.0
270.01781593187974	402.0
270.02781659172905	371.0
270.03781725157836	342.0
270.0478179114277	319.0
270.05781857127704	312.0
270.06781923112635	312.0
270.07781989097566	312.0
270.08782055082503	319.0
270.09782121067434	323.0
270.10782187052365	327.0
270.117822530373	338.0
270.12782319022233	338.0
270.13782385007164	338.0
270.147824509921	334.0
270.1578251697703	323.0
270.16782582961963	316.0
270.177826489469	298.0
270.1878271493183	291.0
270.1978278091676	288.0
270.207828469017	294.0
270.2178291288663	312.0
270.2278297887156	331.0
270.237830448565	350.0
270.2478311084143	367.0
270.2578317682636	384.0
270.2678324281129	389.0
270.2778330879623	384.0
270.2878337478116	380.0
270.2978344076609	367.0
270.30783506751027	308.0
270.3178357273596	291.0
270.3278363872089	268.0
270.33783704705826	239.0
270.34783770690757	234.0
270.3578383667569	256.0
270.36783902660625	262.0
270.37783968645556	265.0
270.38784034630487	265.0
270.39784100615424	268.0
270.40784166600355	268.0
270.41784232585286	272.0
270.4278429857022	272.0
270.43784364555154	272.0
270.44784430540085	272.0
270.45784496525016	272.0
270.4678456250995	272.0
270.47784628494884	272.0
270.48784694479815	272.0
270.4978476046475	268.0
270.50784826449683	268.0
270.51784892434614	268.0
270.5278495841955	268.0
270.5378502440448	272.0
270.54785090389413	272.0
270.5578515637435	272.0
270.5678522235928	272.0
270.5778528834421	275.0
270.5878535432915	275.0
270.5978542031408	272.0
270.6078548629901	268.0
270.6178555228394	259.0
270.6278561826888	250.0
270.6378568425381	226.0
270.6478575023874	223.0
270.6578581622368	220.0
270.6678588220861	218.0
270.6778594819354	215.0
270.68786014178477	213.0
270.6978608016341	210.0
270.7078614614834	208.0
270.71786212133276	208.0
270.72786278118207	208.0
270.7378634410314	210.0
270.74786410088075	218.0
270.75786476073006	228.0
270.76786542057937	239.0
270.77786608042874	250.0
270.78786674027805	253.0
270.79786740012736	253.0
270.80786805997667	250.0
270.81786871982604	242.0
270.82786937967535	226.0
270.83787003952466	218.0
270.847870699374	210.0
270.85787135922334	208.0
270.86787201907265	210.0
270.877872678922	218.0
270.8878733387713	234.0
270.89787399862064	248.0
270.90787465847	259.0
270.9178753183193	275.0
270.92787597816863	278.0
270.937876638018	275.0
270.9478772978673	272.0
270.9578779577166	262.0
270.967878617566	250.0
270.9778792774153	236.0
270.9878799372646	215.0
270.9978805971139	206.0
271.0078812569633	201.0
271.0178819168126	199.0
271.0278825766619	201.0
271.0378832365113	206.0
271.0478838963606	213.0
271.0578845562099	223.0
271.06788521605927	231.0
271.0778858759086	239.0
271.0878865357579	245.0
271.09788719560726	248.0
271.10788785545657	250.0
271.1178885153059	248.0
271.12788917515525	245.0
271.13788983500456	236.0
271.14789049485387	228.0
271.1578911547032	220.0
271.16789181455255	218.0
271.17789247440186	215.0
271.18789313425117	218.0
271.19789379410054	226.0
271.20789445394985	231.0
271.21789511379916	236.0
271.2278957736485	242.0
271.23789643349784	248.0
271.24789709334715	248.0
271.2578977531965	245.0
271.2678984130458	242.0
271.27789907289514	231.0
271.2878997327445	218.0
271.2979003925938	201.0
271.3079010524431	192.0
271.3179017122925	187.0
271.3279023721418	185.0
271.3379030319911	190.0
271.34790369184043	194.0
271.3579043516898	199.0
271.3679050115391	201.0
271.3779056713884	203.0
271.3879063312378	203.0
271.3979069910871	203.0
271.4079076509364	201.0
271.4179083107858	199.0
271.4279089706351	196.0
271.4379096304844	194.0
271.44791029033377	192.0
271.4579109501831	192.0
271.4679116100324	194.0
271.47791226988176	199.0
271.48791292973107	203.0
271.4979135895804	208.0
271.50791424942975	215.0
271.51791490927906	223.0
271.52791556912837	231.0
271.5379162289777	236.0
271.54791688882705	239.0
271.55791754867636	239.0
271.56791820852567	239.0
271.57791886837504	236.0
271.58791952822435	231.0
271.59792018807366	226.0
271.607920847923	218.0
271.61792150777234	213.0
271.62792216762165	208.0
271.637922827471	206.0
271.6479234873203	206.0
271.65792414716964	208.0
271.667924807019	213.0
271.6779254668683	223.0
271.6879261267176	236.0
271.69792678656694	248.0
271.7079274464163	253.0
271.7179281062656	253.0
271.7279287661149	250.0
271.7379294259643	245.0
271.7479300858136	236.0
271.7579307456629	215.0
271.7679314055123	196.0
271.7779320653616	187.0
271.7879327252109	181.0
271.7979333850603	183.0
271.8079340449096	185.0
271.8179347047589	190.0
271.82793536460827	196.0
271.8379360244576	201.0
271.8479366843069	206.0
271.85793734415626	208.0
271.86793800400557	208.0
271.8779386638549	208.0
271.8879393237042	206.0
271.89793998355356	206.0
271.90794064340287	203.0
271.9179413032522	199.0
271.92794196310155	196.0
271.93794262295086	194.0
271.94794328280017	194.0
271.95794394264954	196.0
271.96794460249885	201.0
271.97794526234816	206.0
271.9879459221975	213.0
271.99794658204684	220.0
272.00794724189615	226.0
272.0179479017455	231.0
272.0279485615948	234.0
272.03794922144414	231.0
272.0479498812935	228.0
272.0579505411428	223.0
272.0679512009921	218.0
272.07795186084144	218.0
272.0879525206908	220.0
272.0979531805401	226.0
272.1079538403894	228.0
272.1179545002388	234.0
272.1279551600881	236.0
272.1379558199374	242.0
272.1479564797868	242.0
272.1579571396361	242.0
272.1679577994854	239.0
272.1779584593348	0.0
272.1879591191841	0.0
272.1979597790334	0.0
272.20796043888276	0.0
272.2179610987321	0.0
272.2279617585814	0.0
272.23796241843075	0.0
272.24796307828007	0.0
272.2579637381294	0.0
272.2679643979787	0.0
272.27796505782806	0.0
272.28796571767737	0.0
272.2979663775267	0.0
272.30796703737605	0.0
272.31796769722536	0.0
272.32796835707467	0.0
272.33796901692403	0.0
272.34796967677335	0.0
272.35797033662266	346.0
272.367970996472	346.0
272.37797165632134	346.0
272.38797231617065	346.0
272.39797297602	346.0
272.4079736358693	342.0
272.41797429571864	342.0
272.42797495556795	338.0
272.4379756154173	334.0
272.4479762752666	334.0
272.45797693511594	331.0
272.4679775949653	327.0
272.4779782548146	312.0
272.4879789146639	294.0
272.4979795745133	291.0
272.5079802343626	0.0
272.5179808942119	342.0
272.5279815540613	342.0
272.5379822139106	338.0
272.5479828737599	338.0
272.5579835336093	338.0
272.5679841934586	367.0
272.5779848533079	384.0
272.58798551315726	402.0
272.5979861730066	426.0
272.6079868328559	441.0
272.6179874927052	452.0
272.62798815255456	452.0
272.6379888124039	380.0
272.6479894722532	375.0
272.65799013210255	398.0
272.66799079195187	375.0
272.6779914518012	367.0
272.68799211165054	338.0
272.69799277149986	316.0
272.70799343134917	316.0
272.71799409119853	319.0
272.72799475104785	334.0
272.73799541089716	350.0
272.7479960707465	354.0
272.75799673059583	354.0
272.76799739044515	350.0
272.7779980502945	342.0
272.7879987101438	331.0
272.79799936999314	301.0
272.80800002984245	262.0
272.8180006896918	256.0
272.8280013495411	250.0
272.83800200939044	248.0
272.8480026692398	250.0
272.8580033290891	253.0
272.8680039889384	256.0
272.8780046487878	262.0
272.8880053086371	268.0
272.8980059684864	275.0
272.9080066283358	278.0
272.9180072881851	278.0
272.9280079480344	275.0
272.9380086078838	268.0
272.9480092677331	262.0
272.9580099275824	256.0
272.9680105874317	245.0
272.9780112472811	231.0
272.9880119071304	213.0
272.9980125669797	206.0
273.00801322682906	201.0
273.0180138866784	199.0
273.0280145465277	199.0
273.03801520637705	201.0
273.04801586622636	206.0
273.0580165260757	210.0
273.06801718592504	220.0
273.07801784577435	231.0
273.08801850562367	248.0
273.09801916547303	256.0
273.10801982532234	259.0
273.11802048517166	259.0
273.128021145021	253.0
273.13802180487033	234.0
273.14802246471965	223.0
273.15802312456896	220.0
273.1680237844183	220.0
273.17802444426763	220.0
273.18802510411695	220.0
273.1980257639663	220.0
273.2080264238156	223.0
273.21802708366494	223.0
273.2280277435143	228.0
273.2380284033636	231.0
273.2480290632129	234.0
273.2580297230623	236.0
273.2680303829116	239.0
273.2780310427609	239.0
273.2880317026103	234.0
273.2980323624596	223.0
273.3080330223089	218.0
273.3180336821583	215.0
273.3280343420076	213.0
273.3380350018569	213.0
273.3480356617062	215.0
273.3580363215556	220.0
273.3680369814049	228.0
273.3780376412542	245.0
273.38803830110356	256.0
273.3980389609529	275.0
273.4080396208022	288.0
273.41804028065155	298.0
273.42804094050086	298.0
273.4380416003502	265.0
273.44804226019954	250.0
273.45804292004885	239.0
273.46804357989816	220.0
273.47804423974753	208.0
273.48804489959684	203.0
273.49804555944615	201.0
273.50804621929547	203.0
273.51804687914483	208.0
273.52804753899414	218.0
273.53804819884346	228.0
273.5480488586928	239.0
273.55804951854213	250.0
273.56805017839145	259.0
273.5780508382408	265.0
273.5880514980901	265.0
273.59805215793943	259.0
273.6080528177888	250.0
273.6180534776381	248.0
273.6280541374874	248.0
273.6380547973368	253.0
273.6480554571861	259.0
273.6580561170354	275.0
273.6680567768848	291.0
273.6780574367341	308.0
273.6880580965834	327.0
273.6980587564327	338.0
273.7080594162821	350.0
273.7180600761314	354.0
273.7280607359807	354.0
273.7380613958301	312.0
273.7480620556794	294.0
273.7580627155287	268.0
273.76806337537806	256.0
273.7780640352274	248.0
273.7880646950767	245.0
273.79806535492605	245.0
273.80806601477536	248.0
273.8180666746247	253.0
273.82806733447404	259.0
273.83806799432335	265.0
273.84806865417266	268.0
273.85806931402203	272.0
273.86806997387134	272.0
273.87807063372065	268.0
273.88807129356996	265.0
273.89807195341933	253.0
273.90807261326864	234.0
273.91807327311795	215.0
273.9280739329673	208.0
273.93807459281663	206.0
273.94807525266594	203.0
273.9580759125153	203.0
273.9680765723646	203.0
273.97807723221393	206.0
273.9880778920633	210.0
273.9980785519126	218.0
274.0080792117619	226.0
274.0180798716113	234.0
274.0280805314606	245.0
274.0380811913099	250.0
274.0480818511593	253.0
274.0580825110086	253.0
274.0680831708579	248.0
274.0780838307072	228.0
274.0880844905566	226.0
274.0980851504059	223.0
274.1080858102552	223.0
274.1180864701046	223.0
274.1280871299539	223.0
274.1380877898032	226.0
274.14808844965256	226.0
274.1580891095019	228.0
274.1680897693512	231.0
274.17809042920055	234.0
274.18809108904986	236.0
274.1980917488992	236.0
274.20809240874854	231.0
274.21809306859785	215.0
274.22809372844716	208.0
274.2380943882965	210.0
274.24809504814584	215.0
274.25809570799515	220.0
274.26809636784446	223.0
274.27809702769383	228.0
274.28809768754314	234.0
274.29809834739245	239.0
274.3080990072418	245.0
274.31809966709113	250.0
274.32810032694044	253.0
274.3381009867898	256.0
274.3481016466391	253.0
274.35810230648843	245.0
274.3681029663378	218.0
274.3781036261871	196.0
274.3881042860364	194.0
274.3981049458858	194.0
274.4081056057351	196.0
274.4181062655844	199.0
274.4281069254337	201.0
274.4381075852831	203.0
274.4481082451324	206.0
274.4581089049817	208.0
274.4681095648311	210.0
274.4781102246804	210.0
274.4881108845297	213.0
274.49811154437907	210.0
274.5081122042284	208.0
274.5181128640777	206.0
274.52811352392706	201.0
274.5381141837764	194.0
274.5481148436257	194.0
274.55811550347505	196.0
274.56811616332436	203.0
274.5781168231737	213.0
274.58811748302304	220.0
274.59811814287235	228.0
274.60811880272166	236.0
274.618119462571	242.0
274.62812012242034	245.0
274.63812078226965	245.0
274.64812144211896	239.0
274.65812210196833	228.0
274.66812276181764	218.0
274.67812342166695	208.0
274.6881240815163	208.0
274.69812474136563	203.0
274.70812540121494	203.0
274.7181260610643	201.0
274.7281267209136	201.0
274.73812738076293	201.0
274.7481280406123	203.0
274.7581287004616	203.0
274.7681293603109	206.0
274.77813002016023	208.0
274.7881306800096	208.0
274.7981313398589	208.0
274.8081319997082	206.0
274.8181326595576	203.0
274.8281333194069	201.0
274.8381339792562	199.0
274.8481346391056	199.0
274.8581352989549	201.0
274.8681359588042	206.0
274.87813661865357	213.0
274.8881372785029	220.0
274.8981379383522	228.0
274.90813859820156	231.0
274.91813925805087	234.0
274.9281399179002	234.0
274.93814057774955	234.0
274.94814123759886	234.0
274.9581418974482	234.0
274.9681425572975	234.0
274.97814321714685	226.0
274.98814387699616	206.0
274.9981445368455	206.0
275.00814519669484	210.0
275.01814585654415	220.0
275.02814651639346	226.0
275.03814717624283	231.0
275.04814783609214	236.0
275.05814849594145	236.0
275.0681491557908	236.0
275.07814981564013	236.0
275.08815047548944	234.0
275.0981511353388	228.0
275.1081517951881	223.0
275.11815245503743	218.0
275.1281531148868	213.0
275.1381537747361	210.0
275.1481544345854	215.0
275.15815509443473	226.0
275.1681557542841	239.0
275.1781564141334	250.0
275.1881570739827	262.0
275.1981577338321	272.0
275.2081583936814	281.0
275.2181590535307	288.0
275.2281597133801	288.0
275.2381603732294	284.0
275.2481610330787	284.0
275.25816169292807	281.0
275.2681623527774	278.0
275.2781630126267	272.0
275.28816367247606	262.0
275.29816433232537	259.0
275.3081649921747	272.0
275.318165652024	291.0
275.32816631187336	305.0
275.33816697172267	312.0
275.348167631572	323.0
275.35816829142135	331.0
275.36816895127066	338.0
275.37816961112	342.0
275.38817027096934	342.0
275.39817093081865	334.0
275.40817159066796	327.0
275.41817225051733	316.0
275.42817291036664	305.0
275.43817357021595	298.0
275.4481742300653	298.0
275.45817488991463	312.0
275.46817554976394	346.0
275.4781762096133	358.0
275.4881768694626	380.0
275.49817752931193	402.0
275.50817818916124	412.0
275.5181788490106	421.0
275.5281795088599	421.0
275.53818016870923	421.0
275.5481808285586	417.0
275.5581814884079	417.0
275.5681821482572	407.0
275.5781828081066	398.0
275.5881834679559	389.0
275.5981841278052	375.0
275.6081847876546	363.0
275.6181854475039	402.0
275.6281861073532	417.0
275.63818676720257	426.0
275.6481874270519	441.0
275.6581880869012	457.0
275.66818874675056	468.0
275.67818940659987	473.0
275.6881900664492	473.0
275.6981907262985	479.0
275.70819138614786	473.0
275.71819204599717	473.0
275.7281927058465	468.0
275.73819336569585	436.0
275.74819402554516	436.0
275.75819468539447	441.0
275.76819534524384	452.0
275.77819600509315	457.0
275.78819666494246	457.0
275.79819732479183	462.0
275.80819798464114	462.0
275.81819864449045	468.0
275.8281993043398	479.0
275.83819996418913	496.0
275.84820062403844	507.0
275.8582012838878	507.0
275.8682019437371	507.0
275.87820260358643	501.0
275.88820326343574	490.0
275.8982039232851	479.0
275.9082045831344	426.0
275.91820524298373	421.0
275.9282059028331	417.0
275.9382065626824	412.0
275.9482072225317	417.0
275.9582078823811	431.0
275.9682085422304	452.0
275.9782092020797	473.0
275.9882098619291	490.0
275.9982105217784	501.0
276.0082111816277	507.0
276.01821184147707	496.0
276.0282125013264	484.0
276.0382131611757	431.0
276.048213821025	398.0
276.05821448087437	384.0
276.0682151407237	0.0
276.078215800573	0.0
276.08821646042236	0.0
276.09821712027167	389.0
276.108217780121	389.0
276.11821843997035	393.0
276.12821909981966	398.0
276.13821975966897	402.0
276.14822041951834	407.0
276.15822107936765	412.0
276.16822173921696	412.0
276.1782223990663	412.0
276.18822305891564	412.0
276.19822371876495	407.0
276.2082243786143	407.0
276.21822503846363	367.0
276.22822569831294	354.0
276.23822635816225	350.0
276.2482270180116	342.0
276.25822767786093	331.0
276.26822833771024	319.0
276.2782289975596	319.0
276.2882296574089	327.0
276.29823031725823	346.0
276.3082309771076	363.0
276.3182316369569	371.0
276.3282322968062	371.0
276.3382329566556	367.0
276.3482336165049	358.0
276.3582342763542	323.0
276.3682349362036	301.0
276.3782355960529	284.0
276.3882362559022	268.0
276.39823691575157	259.0
276.4082375756009	259.0
276.4182382354502	262.0
276.4282388952995	265.0
276.43823955514887	268.0
276.4482402149982	268.0
276.4582408748475	272.0
276.46824153469686	272.0
276.47824219454617	275.0
276.4882428543955	275.0
276.49824351424485	272.0
276.50824417409416	268.0
276.51824483394347	265.0
276.52824549379284	256.0
276.53824615364215	228.0
276.54824681349146	203.0
276.5582474733408	194.0
276.56824813319014	190.0
276.57824879303945	190.0
276.58824945288876	194.0
276.5982501127381	201.0
276.60825077258744	206.0
276.61825143243675	218.0
276.6282520922861	228.0
276.63825275213543	239.0
276.64825341198474	245.0
276.6582540718341	248.0
276.6682547316834	250.0
276.67825539153273	248.0
276.6882560513821	239.0
276.6982567112314	223.0
276.7082573710807	213.0
276.7182580309301	213.0
276.7282586907794	213.0
276.7382593506287	215.0
276.7482600104781	223.0
276.7582606703274	228.0
276.7682613301767	236.0
276.778261990026	245.0
276.7882626498754	248.0
276.7982633097247	248.0
276.808263969574	248.0
276.81826462942337	242.0
276.8282652892727	231.0
276.838265949122	213.0
276.84826660897136	203.0
276.85826726882067	208.0
276.86826792867	208.0
276.87826858851935	213.0
276.88826924836866	210.0
276.89826990821797	208.0
276.90827056806734	206.0
276.91827122791665	208.0
276.92827188776596	208.0
276.9382725476153	208.0
276.94827320746464	208.0
276.95827386731395	208.0
276.96827452716326	208.0
276.9782751870126	206.0
276.98827584686194	203.0
276.99827650671125	201.0
277.0082771665606	199.0
277.0182778264099	196.0
277.02827848625924	196.0
277.0382791461086	201.0
277.0482798059579	206.0
277.05828046580723	213.0
277.0682811256566	218.0
277.0782817855059	223.0
277.0882824453552	228.0
277.0982831052046	228.0
277.1082837650539	231.0
277.1182844249032	231.0
277.1282850847525	228.0
277.1382857446019	226.0
277.1482864044512	220.0
277.1582870643005	213.0
277.1682877241499	210.0
277.1782883839992	210.0
277.1882890438485	208.0
277.19828970369787	208.0
277.2082903635472	208.0
277.2182910233965	210.0
277.22829168324586	213.0
277.23829234309517	220.0
277.2482930029445	234.0
277.25829366279385	245.0
277.26829432264316	259.0
277.27829498249247	272.0
277.28829564234184	281.0
277.29829630219115	288.0
277.30829696204046	294.0
277.31829762188977	298.0
277.32829828173914	294.0
277.33829894158845	284.0
277.34829960143776	275.0
277.3583002612871	259.0
277.36830092113644	245.0
277.37830158098575	226.0
277.3883022408351	213.0
277.3983029006844	206.0
277.40830356053374	206.0
277.4183042203831	206.0
277.4283048802324	210.0
277.4383055400817	218.0
277.4483061999311	228.0
277.4583068597804	245.0
277.4683075196297	253.0
277.4783081794791	262.0
277.4883088393284	268.0
277.4983094991777	275.0
277.508310159027	275.0
277.5183108188764	275.0
277.5283114787257	272.0
277.538312138575	268.0
277.5483127984244	265.0
277.5583134582737	262.0
277.568314118123	259.0
277.57831477797237	0.0
277.5883154378217	0.0
277.598316097671	0.0
277.60831675752036	0.0
277.61831741736967	0.0
277.628318077219	0.0
277.63831873706835	0.0
277.64831939691766	0.0
277.65832005676697	0.0
277.66832071661634	0.0
277.67832137646565	0.0
277.68832203631496	0.0
277.69832269616427	0.0
277.70832335601364	0.0
277.71832401586295	0.0
277.72832467571226	0.0
277.7383253355616	0.0
277.74832599541094	0.0
277.75832665526025	0.0
277.7683273151096	0.0
277.7783279749589	0.0
277.78832863480824	0.0
277.7983292946576	0.0
277.8083299545069	0.0
277.8183306143562	0.0
277.8283312742056	0.0
277.8383319340549	0.0
277.8483325939042	0.0
277.85833325375353	0.0
277.8683339136029	0.0
277.8783345734522	0.0
277.8883352333015	0.0
277.8983358931509	0.0
277.9083365530002	0.0
277.9183372128495	0.0
277.9283378726989	0.0
277.9383385325482	0.0
277.9483391923975	0.0
277.95833985224687	0.0
277.9683405120962	0.0
277.9783411719455	0.0
277.98834183179486	0.0
277.99834249164417	0.0
278.0083431514935	0.0
278.01834381134285	350.0
278.02834447119216	367.0
278.03834513104147	380.0
278.0483457908908	375.0
278.05834645074015	375.0
278.06834711058946	371.0
278.07834777043877	367.0
278.08834843028814	363.0
278.09834909013745	358.0
278.10834974998676	354.0
278.1183504098361	350.0
278.12835106968544	346.0
278.13835172953475	342.0
278.1483523893841	338.0
278.1583530492334	334.0
278.16835370908274	334.0
278.1783543689321	334.0
278.1883550287814	334.0
278.1983556886307	334.0
278.2083563484801	334.0
278.2183570083294	334.0
278.2283576681787	334.0
278.238358328028	334.0
278.2483589878774	334.0
278.2583596477267	334.0
278.268360307576	338.0
278.2783609674254	342.0
278.2883616272747	350.0
278.298362287124	358.0
278.3083629469734	367.0
278.3183636068227	371.0
278.328364266672	375.0
278.33836492652136	375.0
278.3483655863707	375.0
278.35836624622	375.0
278.36836690606935	371.0
278.37836756591867	367.0
278.388368225768	363.0
278.3983688856173	354.0
278.40836954546666	350.0
278.41837020531597	342.0
278.4283708651653	334.0
278.43837152501465	327.0
278.44837218486396	319.0
278.45837284471327	312.0
278.46837350456263	305.0
278.47837416441195	301.0
278.48837482426126	294.0
278.4983754841106	291.0
278.50837614395994	288.0
278.51837680380925	284.0
278.5283774636586	284.0
278.5383781235079	281.0
278.54837878335724	281.0
278.5583794432066	278.0
278.5683801030559	275.0
278.5783807629052	272.0
278.58838142275454	262.0
278.5983820826039	253.0
278.6083827424532	242.0
278.6183834023025	228.0
278.6283840621519	223.0
278.6383847220012	223.0
278.6483853818505	226.0
278.6583860416999	236.0
278.6683867015492	245.0
278.6783873613985	256.0
278.6883880212479	262.0
278.6983886810972	265.0
278.7083893409465	268.0
278.71839000079586	268.0
278.7283906606452	268.0
278.7383913204945	272.0
278.74839198034385	272.0
278.75839264019316	272.0
278.7683933000425	272.0
278.7783939598918	272.0
278.78839461974115	272.0
278.79839527959047	272.0
278.8083959394398	272.0
278.81839659928914	272.0
278.82839725913846	272.0
278.83839791898777	272.0
278.84839857883713	272.0
278.85839923868645	272.0
278.86839989853576	272.0
278.8784005583851	272.0
278.88840121823443	272.0
278.89840187808375	272.0
278.9084025379331	272.0
278.9184031977824	272.0
278.92840385763174	272.0
278.93840451748105	272.0
278.9484051773304	272.0
278.9584058371797	272.0
278.96840649702904	272.0
278.9784071568784	272.0
278.9884078167277	272.0
278.998408476577	272.0
279.0084091364264	272.0
279.0184097962757	272.0
279.028410456125	272.0
279.0384111159744	272.0
279.0484117758237	272.0
279.058412435673	268.0
279.0684130955224	268.0
279.0784137553717	268.0
279.088414415221	268.0
279.09841507507036	268.0
279.1084157349197	268.0
279.118416394769	268.0
279.1284170546183	268.0
279.13841771446766	268.0
279.148418374317	265.0
279.1584190341663	265.0
279.16841969401565	262.0
279.17842035386496	265.0
279.1884210137143	268.0
279.19842167356364	278.0
279.20842233341295	291.0
279.21842299326227	308.0
279.22842365311163	323.0
279.23842431296094	342.0
279.24842497281026	363.0
279.2584256326596	380.0
279.26842629250893	398.0
279.27842695235825	407.0
279.2884276122076	412.0
279.2984282720569	412.0
279.30842893190623	407.0
279.31842959175555	402.0
279.3284302516049	393.0
279.3384309114542	384.0
279.34843157130354	375.0
279.3584322311529	367.0
279.3684328910022	363.0
279.3784335508515	358.0
279.3884342107009	358.0
279.3984348705502	354.0
279.4084355303995	354.0
279.4184361902489	350.0
279.4284368500982	350.0
279.4384375099475	346.0
279.4484381697969	342.0
279.4584388296462	338.0
279.4684394894955	338.0
279.4784401493448	334.0
279.4884408091942	334.0
279.4984414690435	334.0
279.5084421288928	334.0
279.51844278874216	334.0
279.5284434485915	338.0
279.5384441084408	342.0
279.54844476829015	346.0
279.55844542813946	350.0
279.5684460879888	354.0
279.57844674783814	358.0
279.58844740768745	363.0
279.59844806753676	363.0
279.60844872738613	363.0
279.61844938723544	363.0
279.62845004708475	358.0
279.6384507069341	354.0
279.64845136678343	346.0
279.65845202663274	342.0
279.66845268648206	338.0
279.6784533463314	334.0
279.68845400618073	331.0
279.69845466603005	323.0
279.7084553258794	308.0
279.7184559857287	294.0
279.72845664557804	278.0
279.7384573054274	0.0
279.7484579652767	0.0
279.758458625126	0.0
279.7684592849754	0.0
279.7784599448247	0.0
279.788460604674	0.0
279.7984612645234	0.0
279.8084619243727	0.0
279.818462584222	0.0
279.8284632440714	0.0
279.8384639039207	0.0
279.84846456377	0.0
279.8584652236193	0.0
279.8684658834687	0.0
279.878466543318	0.0
279.8884672031673	0.0
279.89846786301666	0.0
279.908468522866	0.0
279.9184691827153	0.0
279.92846984256465	0.0
279.93847050241396	0.0
279.9484711622633	0.0
279.95847182211264	0.0
279.96847248196195	0.0
279.97847314181126	0.0
279.98847380166063	0.0
279.99847446150994	0.0
280.00847512135925	0.0
280.0184757812086	0.0
280.02847644105793	0.0
280.03847710090724	0.0
280.04847776075655	0.0
280.0584784206059	0.0
280.06847908045523	0.0
280.07847974030454	0.0
280.0884804001539	0.0
280.0984810600032	236.0
280.10848171985253	236.0
280.1184823797019	236.0
280.1284830395512	236.0
280.1384836994005	236.0
280.1484843592499	239.0
280.1584850190992	245.0
280.1684856789485	248.0
280.1784863387979	253.0
280.1884869986472	256.0
280.1984876584965	262.0
280.2084883183458	268.0
280.2184889781952	278.0
280.2284896380445	291.0
280.2384902978938	301.0
280.2484909577432	312.0
280.2584916175925	323.0
280.2684922774418	334.0
280.27849293729116	342.0
280.2884935971405	350.0
280.2984942569898	354.0
280.30849491683915	354.0
280.31849557668846	354.0
280.3284962365378	354.0
280.33849689638714	342.0
280.34849755623645	338.0
280.35849821608576	334.0
280.36849887593513	331.0
280.37849953578444	327.0
280.38850019563375	327.0
280.39850085548306	327.0
280.40850151533243	327.0
280.41850217518174	327.0
280.42850283503105	331.0
280.4385034948804	331.0
280.44850415472973	331.0
280.45850481457904	331.0
280.4685054744284	331.0
280.4785061342777	331.0
280.48850679412703	331.0
280.4985074539764	331.0
280.5085081138257	331.0
280.518508773675	334.0
280.5285094335244	342.0
280.5385100933737	350.0
280.548510753223	358.0
280.5585114130724	363.0
280.5685120729217	367.0
280.578512732771	371.0
280.5885133926203	371.0
280.5985140524697	371.0
280.608514712319	367.0
280.6185153721683	363.0
280.62851603201767	358.0
280.638516691867	354.0
280.6485173517163	350.0
280.65851801156566	346.0
280.668518671415	342.0
280.6785193312643	338.0
280.68851999111365	338.0
280.69852065096296	338.0
280.7085213108123	338.0
280.71852197066164	338.0
280.72852263051095	334.0
280.73852329036026	334.0
280.7485239502096	334.0
280.75852461005894	334.0
280.76852526990825	334.0
280.77852592975756	338.0
280.78852658960693	342.0
280.79852724945624	346.0
280.80852790930555	358.0
280.8185285691549	371.0
280.82852922900423	380.0
280.83852988885354	389.0
280.8485305487029	398.0
280.8585312085522	407.0
280.86853186840153	417.0
280.8785325282509	417.0
280.8885331881002	417.0
280.8985338479495	412.0
280.9085345077989	407.0
280.9185351676482	398.0
280.9285358274975	389.0
280.9385364873468	380.0
280.9485371471962	371.0
280.9585378070455	363.0
280.9685384668948	358.0
280.9785391267442	354.0
280.9885397865935	350.0
280.9985404464428	346.0
281.00854110629217	346.0
281.0185417661415	342.0
281.0285424259908	342.0
281.03854308584016	338.0
281.04854374568947	338.0
281.0585444055388	338.0
281.06854506538815	338.0
281.07854572523746	338.0
281.0885463850868	338.0
281.09854704493614	338.0
281.10854770478545	338.0
281.11854836463476	342.0
281.1285490244841	346.0
281.13854968433344	350.0
281.14855034418275	354.0
281.15855100403206	363.0
281.16855166388143	367.0
281.17855232373074	371.0
281.18855298358005	375.0
281.1985536434294	375.0
281.20855430327873	375.0
281.21855496312804	375.0
281.2285556229774	371.0
281.2385562828267	367.0
281.24855694267603	363.0
281.2585576025254	358.0
281.2685582623747	354.0
281.278558922224	346.0
281.28855958207333	338.0
281.2985602419227	327.0
281.308560901772	319.0
281.3185615616213	312.0
281.3285622214707	301.0
281.33856288132	294.0
281.3485635411693	288.0
281.3585642010187	281.0
281.368564860868	278.0
281.3785655207173	278.0
281.38856618056667	275.0
281.398566840416	275.0
281.4085675002653	275.0
281.41856816011466	272.0
281.42856881996397	272.0
281.4385694798133	272.0
281.44857013966265	272.0
281.45857079951196	268.0
281.46857145936127	268.0
281.4785721192106	265.0
281.48857277905995	262.0
281.49857343890926	259.0
281.5085740987586	253.0
281.51857475860794	250.0
281.52857541845725	253.0
281.53857607830656	262.0
281.54857673815593	291.0
281.55857739800524	316.0
281.56857805785455	338.0
281.5785787177039	358.0
281.58857937755323	367.0
281.59858003740254	367.0
281.6085806972519	371.0
281.6185813571012	367.0
281.62858201695053	367.0
281.6385826767999	363.0
281.6485833366492	358.0
281.6585839964985	354.0
281.66858465634783	350.0
281.6785853161972	346.0
281.6885859760465	346.0
281.6985866358958	342.0
281.7085872957452	342.0
281.7185879555945	338.0
281.7285886154438	338.0
281.7385892752932	338.0
281.7485899351425	338.0
281.7585905949918	338.0
281.76859125484117	338.0
281.7785919146905	338.0
281.7885925745398	342.0
281.79859323438916	346.0
281.80859389423847	354.0
281.8185945540878	358.0
281.82859521393715	363.0
281.83859587378646	367.0
281.84859653363577	371.0
281.8585971934851	367.0
281.86859785333445	367.0
281.87859851318376	358.0
281.88859917303307	354.0
281.89859983288244	342.0
281.90860049273175	327.0
281.91860115258106	305.0
281.92860181243043	284.0
281.93860247227974	275.0
281.94860313212905	272.0
281.9586037919784	268.0
281.96860445182773	275.0
281.97860511167704	284.0
281.9886057715264	298.0
281.9986064313757	308.0
282.00860709122503	323.0
282.01860775107434	334.0
282.0286084109237	342.0
282.038609070773	350.0
282.04860973062233	354.0
282.0586103904717	354.0
282.068611050321	354.0
282.0786117101703	354.0
282.0886123700197	350.0
282.098613029869	350.0
282.1086136897183	346.0
282.1186143495677	346.0
282.128615009417	342.0
282.1386156692663	342.0
282.14861632911567	342.0
282.158616988965	342.0
282.1686176488143	338.0
282.17861830866366	334.0
282.18861896851297	331.0
282.1986196283623	323.0
282.2086202882116	316.0
282.21862094806096	308.0
282.22862160791027	301.0
282.2386222677596	301.0
282.24862292760895	308.0
282.25862358745826	316.0
282.26862424730757	327.0
282.27862490715694	338.0
282.28862556700625	354.0
282.29862622685556	367.0
282.30862688670493	375.0
282.31862754655424	389.0
282.32862820640355	393.0
282.3386288662529	398.0
282.34862952610223	402.0
282.35863018595154	402.0
282.3686308458009	402.0
282.3786315056502	402.0
282.38863216549953	402.0
282.39863282534884	402.0
282.4086334851982	402.0
282.4186341450475	402.0
282.42863480489683	407.0
282.4386354647462	407.0
282.4486361245955	412.0
282.4586367844448	412.0
282.4686374442942	412.0
282.4786381041435	412.0
282.4886387639928	412.0
282.4986394238422	412.0
282.5086400836915	412.0
282.5186407435408	412.0
282.52864140339017	412.0
282.5386420632395	407.0
282.5486427230888	407.0
282.5586433829381	407.0
282.56864404278747	402.0
282.5786447026368	402.0
282.5886453624861	402.0
282.59864602233546	402.0
282.60864668218477	402.0
282.6186473420341	407.0
282.62864800188345	407.0
282.63864866173276	407.0
282.64864932158207	407.0
282.65864998143144	407.0
282.66865064128075	407.0
282.67865130113006	407.0
282.6886519609794	407.0
282.69865262082874	407.0
282.70865328067805	407.0
282.7186539405274	407.0
282.72865460037673	407.0
282.73865526022604	412.0
282.74865592007535	412.0
282.7586565799247	412.0
282.76865723977403	412.0
282.77865789962334	407.0
282.7886585594727	402.0
282.798659219322	393.0
282.80865987917133	371.0
282.8186605390207	327.0
282.82866119887	319.0
282.8386618587193	0.0
282.8486625185687	0.0
282.858663178418	0.0
282.8686638382673	0.0
282.8786644981167	0.0
282.888665157966	375.0
282.8986658178153	389.0
282.90866647766467	375.0
282.918667137514	371.0
282.9286677973633	367.0
282.9386684572126	363.0
282.94866911706197	358.0
282.9586697769113	354.0
282.9686704367606	346.0
282.97867109660996	338.0
282.98867175645927	334.0
282.9986724163086	331.0
283.00867307615795	331.0
283.01867373600726	327.0
283.02867439585657	327.0
283.03867505570594	331.0
283.04867571555525	331.0
283.05867637540456	334.0
283.0686770352539	338.0
283.07867769510324	346.0
283.08867835495255	354.0
283.09867901480186	358.0
283.1086796746512	367.0
283.11868033450054	371.0
283.12868099434985	371.0
283.1386816541992	375.0
283.14868231404853	375.0
283.15868297389784	371.0
283.1686836337472	367.0
283.1786842935965	358.0
283.18868495344583	350.0
283.1986856132952	346.0
283.2086862731445	338.0
283.2186869329938	334.0
283.2286875928432	331.0
283.2386882526925	331.0
283.2486889125418	331.0
283.2586895723912	331.0
283.2686902322405	331.0
283.2786908920898	334.0
283.2886915519391	334.0
283.2986922117885	338.0
283.3086928716378	342.0
283.3186935314871	350.0
283.32869419133647	363.0
283.3386948511858	375.0
283.3486955110351	384.0
283.35869617088446	398.0
283.36869683073377	402.0
283.3786974905831	407.0
283.38869815043245	407.0
283.39869881028176	407.0
283.40869947013107	407.0
283.41870012998044	402.0
283.42870078982975	402.0
283.43870144967906	402.0
283.4487021095284	402.0
283.45870276937774	402.0
283.46870342922705	402.0
283.47870408907636	402.0
283.4887047489257	402.0
283.49870540877504	402.0
283.50870606862435	402.0
283.5187067284737	402.0
283.528707388323	402.0
283.53870804817234	402.0
283.5487087080217	407.0
283.558709367871	407.0
283.56871002772033	407.0
283.5787106875697	407.0
283.588711347419	407.0
283.5987120072683	407.0
283.6087126671177	407.0
283.618713326967	407.0
283.6287139868163	402.0
283.6387146466657	402.0
283.648715306515	402.0
283.6587159663643	402.0
283.6687166262136	402.0
283.678717286063	407.0
283.6887179459123	407.0
283.6987186057616	407.0
283.70871926561097	407.0
283.7187199254603	407.0
283.7287205853096	407.0
283.73872124515896	407.0
283.74872190500827	407.0
283.7587225648576	402.0
283.76872322470695	402.0
283.77872388455626	402.0
283.78872454440557	402.0
283.79872520425494	402.0
283.80872586410425	398.0
283.81872652395356	398.0
283.82872718380287	389.0
283.83872784365224	380.0
283.84872850350155	363.0
283.85872916335086	350.0
283.8687298232002	334.0
283.87873048304954	323.0
283.88873114289885	316.0
283.8987318027482	312.0
283.9087324625975	308.0
283.91873312244684	312.0
283.9287337822962	319.0
283.9387344421455	327.0
283.9487351019948	338.0
283.9587357618442	354.0
283.9687364216935	371.0
283.9787370815428	389.0
283.9887377413922	402.0
283.9987384012415	412.0
284.0087390610908	417.0
284.0187397209401	417.0
284.0287403807895	417.0
284.0387410406388	417.0
284.0487417004881	412.0
284.0587423603375	407.0
284.0687430201868	398.0
284.0787436800361	389.0
284.08874433988547	380.0
284.0987449997348	371.0
284.1087456595841	363.0
284.11874631943346	354.0
284.12874697928277	346.0
284.1387476391321	338.0
284.14874829898145	334.0
284.15874895883076	334.0
284.16874961868007	331.0
284.17875027852944	331.0
284.18875093837875	331.0
284.19875159822806	331.0
284.20875225807737	331.0
284.21875291792674	331.0
284.22875357777605	334.0
284.23875423762536	338.0
284.2487548974747	342.0
284.25875555732404	350.0
284.26875621717335	358.0
284.2787568770227	371.0
284.288757536872	384.0
284.29875819672134	389.0
284.3087588565707	389.0
284.31875951642	384.0
284.3287601762693	363.0
284.3387608361187	346.0
284.348761495968	334.0
284.3587621558173	323.0
284.3687628156666	275.0
284.378763475516	256.0
284.3887641353653	248.0
284.3987647952146	242.0
284.408765455064	242.0
284.4187661149133	248.0
284.4287667747626	265.0
284.438767434612	275.0
284.4487680944613	281.0
284.4587687543106	281.0
284.46876941415996	281.0
284.4787700740093	281.0
284.4887707338586	278.0
284.49877139370795	278.0
284.50877205355727	275.0
284.5187727134066	272.0
284.52877337325594	272.0
284.53877403310526	268.0
284.54877469295457	268.0
284.5587753528039	268.0
284.56877601265325	268.0
284.57877667250256	268.0
284.58877733235187	268.0
284.59877799220124	268.0
284.60877865205055	272.0
284.61877931189986	272.0
284.6287799717492	272.0
284.63878063159854	268.0
284.64878129144785	265.0
284.6587819512972	259.0
284.6687826111465	253.0
284.67878327099584	0.0
284.6887839308452	0.0
284.6987845906945	0.0
284.7087852505438	0.0
284.7187859103932	0.0
284.7287865702425	0.0
284.7387872300918	0.0
284.7487878899411	0.0
284.7587885497905	0.0
284.7687892096398	0.0
284.7787898694891	0.0
284.7887905293385	0.0
284.7987911891878	0.0
284.8087918490371	0.0
284.8187925088865	0.0
284.8287931687358	0.0
284.8387938285851	0.0
284.84879448843446	0.0
284.8587951482838	0.0
284.8687958081331	0.0
284.87879646798245	0.0
284.88879712783177	0.0
284.8987977876811	0.0
284.9087984475304	0.0
284.91879910737975	0.0
284.92879976722907	0.0
284.9388004270784	0.0
284.94880108692774	0.0
284.95880174677706	0.0
284.96880240662637	0.0
284.97880306647573	0.0
284.98880372632505	0.0
284.99880438617436	0.0
285.0088050460237	0.0
285.01880570587304	253.0
285.02880636572235	250.0
285.0388070255717	250.0
285.048807685421	250.0
285.05880834527034	250.0
285.0688090051197	256.0
285.078809664969	268.0
285.0888103248183	275.0
285.09881098466764	278.0
285.108811644517	278.0
285.1188123043663	275.0
285.1288129642156	275.0
285.138813624065	275.0
285.1488142839143	275.0
285.1588149437636	272.0
285.168815603613	272.0
285.1788162634623	272.0
285.1888169233116	272.0
285.198817583161	272.0
285.2088182430103	272.0
285.2188189028596	272.0
285.22881956270896	272.0
285.2388202225583	272.0
285.2488208824076	272.0
285.25882154225695	272.0
285.26882220210626	272.0
285.2788228619556	272.0
285.2888235218049	272.0
285.29882418165425	268.0
285.30882484150357	268.0
285.3188255013529	265.0
285.32882616120224	262.0
285.33882682105155	259.0
285.34882748090087	256.0
285.35882814075023	250.0
285.36882880059954	245.0
285.37882946044886	242.0
285.3888301202982	236.0
285.39883078014753	228.0
285.40883143999685	223.0
285.4188320998462	218.0
285.4288327596955	218.0
285.43883341954484	215.0
285.4488340793942	215.0
285.4588347392435	218.0
285.4688353990928	220.0
285.47883605894214	226.0
285.4888367187915	231.0
285.4988373786408	239.0
285.5088380384901	245.0
285.5188386983395	253.0
285.5288393581888	265.0
285.5388400180381	275.0
285.5488406778875	281.0
285.5588413377368	284.0
285.5688419975861	284.0
285.5788426574355	284.0
285.5888433172848	278.0
285.5988439771341	272.0
285.60884463698346	265.0
285.6188452968328	259.0
285.6288459566821	253.0
285.6388466165314	248.0
285.64884727638076	242.0
285.6588479362301	236.0
285.6688485960794	231.0
285.67884925592875	228.0
285.68884991577806	226.0
285.6988505756274	223.0
285.70885123547674	220.0
285.71885189532605	218.0
285.72885255517537	220.0
285.73885321502473	223.0
285.74885387487404	228.0
285.75885453472335	236.0
285.7688551945727	242.0
285.77885585442203	259.0
285.78885651427134	284.0
285.7988571741207	294.0
285.80885783397	301.0
285.81885849381933	305.0
285.82885915366865	301.0
285.838859813518	298.0
285.8488604733673	288.0
285.85886113321664	272.0
285.868861793066	253.0
285.8788624529153	242.0
285.8888631127646	228.0
285.898863772614	215.0
285.9088644324633	201.0
285.9188650923126	201.0
285.928865752162	201.0
285.9388664120113	203.0
285.9488670718606	208.0
285.95886773171	210.0
285.9688683915593	215.0
285.9788690514086	218.0
285.98886971125796	223.0
285.9988703711073	228.0
286.0088710309566	231.0
286.0188716908059	234.0
286.02887235065526	236.0
286.0388730105046	236.0
286.0488736703539	239.0
286.05887433020325	239.0
286.06887499005256	239.0
286.0788756499019	239.0
286.08887630975124	239.0
286.09887696960055	239.0
286.10887762944986	239.0
286.11887828929923	242.0
286.12887894914854	242.0
286.13887960899785	245.0
286.1488802688472	248.0
286.15888092869653	250.0
286.16888158854584	250.0
286.17888224839515	250.0
286.1888829082445	248.0
286.19888356809383	245.0
286.20888422794314	239.0
286.2188848877925	236.0
286.2288855476418	231.0
286.23888620749113	226.0
286.2488868673405	223.0
286.2588875271898	223.0
286.2688881870391	223.0
286.2788888468885	223.0
286.2888895067378	226.0
286.2988901665871	226.0
286.3088908264365	226.0
286.3188914862858	226.0
286.3288921461351	226.0
286.3388928059845	226.0
286.3488934658338	226.0
286.3588941256831	226.0
286.3688947855324	228.0
286.3788954453818	228.0
286.3888961052311	228.0
286.3988967650804	226.0
286.40889742492976	226.0
286.4188980847791	226.0
286.4288987446284	223.0
286.43889940447775	223.0
286.44890006432706	223.0
286.4589007241764	223.0
286.46890138402574	226.0
286.47890204387505	226.0
286.48890270372436	228.0
286.49890336357373	231.0
286.50890402342304	234.0
286.51890468327235	236.0
286.5289053431217	239.0
286.53890600297103	239.0
286.54890666282034	242.0
286.55890732266965	242.0
286.568907982519	242.0
286.57890864236833	242.0
286.58890930221764	239.0
286.598909962067	236.0
286.6089106219163	236.0
286.61891128176563	234.0
286.628911941615	231.0
286.6389126014643	226.0
286.6489132613136	223.0
286.658913921163	218.0
286.6689145810123	215.0
286.6789152408616	213.0
286.688915900711	208.0
286.6989165605603	208.0
286.7089172204096	206.0
286.7189178802589	203.0
286.7289185401083	203.0
286.7389191999576	201.0
286.7489198598069	199.0
286.7589205196563	199.0
286.7689211795056	196.0
286.7789218393549	196.0
286.78892249920426	196.0
286.7989231590536	196.0
286.8089238189029	199.0
286.81892447875225	199.0
286.82892513860156	201.0
286.8389257984509	201.0
286.84892645830024	203.0
286.85892711814955	206.0
286.86892777799886	210.0
286.87892843784823	215.0
286.88892909769754	223.0
286.89892975754685	226.0
286.90893041739616	231.0
286.91893107724553	234.0
286.92893173709484	234.0
286.93893239694415	234.0
286.9489330567935	234.0
286.95893371664283	234.0
286.96893437649214	231.0
286.9789350363415	231.0
286.9889356961908	228.0
286.99893635604013	228.0
287.0089370158895	226.0
287.0189376757388	226.0
287.0289383355881	226.0
287.0389389954375	226.0
287.0489396552868	226.0
287.0589403151361	226.0
287.0689409749855	226.0
287.0789416348348	226.0
287.0889422946841	226.0
287.0989429545334	226.0
287.1089436143828	226.0
287.1189442742321	226.0
287.1289449340814	226.0
287.13894559393077	226.0
287.1489462537801	226.0
287.1589469136294	226.0
287.16894757347876	226.0
287.1789482333281	228.0
287.1889488931774	228.0
287.19894955302675	231.0
287.20895021287606	236.0
287.2189508727254	239.0
287.22895153257474	242.0
287.23895219242405	245.0
287.24895285227336	245.0
287.25895351212273	248.0
287.26895417197204	245.0
287.27895483182135	245.0
287.28895549167066	242.0
287.29895615152003	239.0
287.30895681136934	236.0
287.31895747121865	234.0
287.328958131068	231.0
287.33895879091733	228.0
287.34895945076664	228.0
287.358960110616	228.0
287.3689607704653	226.0
287.37896143031463	226.0
287.388962090164	226.0
287.3989627500133	226.0
287.4089634098626	226.0
287.418964069712	226.0
287.4289647295613	226.0
287.4389653894106	226.0
287.4489660492599	226.0
287.4589667091093	226.0
287.4689673689586	223.0
287.4789680288079	220.0
287.4889686886573	215.0
287.4989693485066	213.0
287.5089700083559	213.0
287.51897066820527	220.0
287.5289713280546	234.0
287.5389719879039	236.0
287.54897264775326	239.0
287.55897330760257	242.0
287.5689739674519	242.0
287.57897462730125	245.0
287.58897528715056	245.0
287.5989759469999	248.0
287.60897660684924	248.0
287.61897726669855	248.0
287.62897792654786	248.0
287.6389785863972	248.0
287.64897924624654	248.0
287.65897990609585	248.0
287.66898056594516	245.0
287.67898122579453	245.0
287.68898188564384	242.0
287.69898254549315	239.0
287.7089832053425	236.0
287.71898386519183	234.0
287.72898452504114	231.0
287.7389851848905	228.0
287.7489858447398	223.0
287.75898650458913	220.0
287.7689871644385	218.0
287.7789878242878	213.0
287.7889884841371	210.0
287.7989891439865	208.0
287.8089898038358	206.0
287.8189904636851	206.0
287.8289911235344	203.0
287.8389917833838	203.0
287.8489924432331	201.0
287.8589931030824	199.0
287.8689937629318	199.0
287.8789944227811	199.0
287.8889950826304	199.0
287.89899574247977	201.0
287.9089964023291	203.0
287.9189970621784	208.0
287.92899772202776	213.0
287.93899838187707	218.0
287.9489990417264	223.0
287.95899970157575	228.0
287.96900036142506	231.0
287.97900102127437	234.0
287.9890016811237	231.0
287.99900234097305	231.0
288.00900300082236	231.0
288.0190036606717	231.0
288.02900432052104	228.0
288.03900498037035	228.0
288.04900564021966	228.0
288.05900630006903	228.0
288.06900695991834	228.0
288.07900761976765	228.0
288.089008279617	228.0
288.09900893946633	228.0
288.10900959931564	226.0
288.119010259165	226.0
288.1290109190143	226.0
288.13901157886363	226.0
288.149012238713	226.0
288.1590128985623	223.0
288.1690135584116	223.0
288.17901421826093	223.0
288.1890148781103	223.0
288.1990155379596	223.0
288.2090161978089	226.0
288.2190168576583	228.0
288.2290175175076	231.0
288.2390181773569	234.0
288.2490188372063	236.0
288.2590194970556	236.0
288.2690201569049	239.0
288.27902081675427	239.0
288.2890214766036	242.0
288.2990221364529	239.0
288.30902279630226	239.0
288.31902345615157	236.0
288.3290241160009	231.0
288.33902477585025	228.0
288.34902543569956	226.0
288.35902609554887	226.0
288.3690267553982	226.0
288.37902741524755	223.0
288.38902807509686	223.0
288.39902873494617	223.0
288.40902939479554	223.0
288.41903005464485	220.0
288.42903071449416	218.0
288.43903137434353	213.0
288.44903203419284	206.0
288.45903269404215	203.0
288.4690333538915	206.0
288.47903401374083	210.0
288.48903467359014	0.0
288.4990353334395	0.0
288.5090359932888	0.0
288.51903665313813	0.0
288.52903731298744	248.0
288.5390379728368	256.0
288.5490386326861	256.0
288.55903929253543	256.0
288.5690399523848	253.0
288.5790406122341	250.0
288.5890412720834	248.0
288.5990419319328	248.0
288.6090425917821	245.0
288.6190432516314	239.0
288.6290439114808	236.0
288.6390445713301	234.0
288.6490452311794	231.0
288.65904589102877	231.0
288.6690465508781	228.0
288.6790472107274	228.0
288.68904787057676	226.0
288.69904853042607	226.0
288.7090491902754	223.0
288.7190498501247	223.0
288.72905050997406	223.0
288.73905116982337	223.0
288.7490518296727	223.0
288.75905248952205	226.0
288.76905314937136	226.0
288.77905380922067	228.0
288.78905446907004	231.0
288.79905512891935	236.0
288.80905578876866	239.0
288.819056448618	242.0
288.82905710846734	245.0
288.83905776831665	248.0
288.849058428166	245.0
288.85905908801533	242.0
288.86905974786464	239.0
288.879060407714	234.0
288.8890610675633	234.0
288.89906172741263	231.0
288.90906238726194	228.0
288.9190630471113	226.0
288.9290637069606	223.0
288.93906436680993	223.0
288.9490650266593	220.0
288.9590656865086	218.0
288.9690663463579	218.0
288.9790670062073	215.0
288.9890676660566	215.0
288.9990683259059	213.0
289.0090689857553	210.0
289.0190696456046	210.0
289.0290703054539	208.0
289.03907096530327	208.0
289.0490716251526	208.0
289.0590722850019	206.0
289.0690729448512	206.0
289.07907360470057	203.0
289.0890742645499	203.0
289.0990749243992	203.0
289.10907558424856	203.0
289.11907624409787	203.0
289.1290769039472	203.0
289.13907756379655	203.0
289.14907822364586	206.0
289.15907888349517	206.0
289.16907954334454	208.0
289.17908020319385	208.0
289.18908086304316	0.0
289.1990815228925	0.0
289.20908218274184	0.0
289.21908284259115	0.0
289.2290835024405	0.0
289.2390841622898	0.0
289.24908482213914	0.0
289.25908548198845	0.0
289.2690861418378	0.0
289.27908680168713	0.0
289.28908746153644	0.0
289.2990881213858	0.0
289.3090887812351	0.0
289.31908944108443	0.0
289.3290901009338	0.0
289.3390907607831	0.0
289.3490914206324	0.0
289.3590920804818	0.0
289.3690927403311	0.0
289.3790934001804	0.0
289.3890940600298	0.0
289.3990947198791	0.0
289.4090953797284	0.0
289.41909603957777	0.0
289.4290966994271	0.0
289.4390973592764	0.0
289.4490980191257	0.0
289.45909867897507	0.0
289.4690993388244	0.0
289.4790999986737	0.0
289.48910065852306	0.0
289.49910131837237	0.0
289.5091019782217	0.0
289.51910263807105	0.0
289.52910329792036	0.0
289.53910395776967	0.0
289.54910461761904	0.0
289.55910527746835	0.0
289.56910593731766	0.0
289.579106597167	0.0
289.58910725701634	350.0
289.59910791686565	346.0
289.609108576715	346.0
289.6191092365643	342.0
289.62910989641364	342.0
289.63911055626295	338.0
289.6491112161123	338.0
289.6591118759616	338.0
289.66911253581094	338.0
289.6791131956603	342.0
289.6891138555096	342.0
289.69911451535893	342.0
289.7091151752083	342.0
289.7191158350576	342.0
289.7291164949069	342.0
289.7391171547563	346.0
289.7491178146056	346.0
289.7591184744549	350.0
289.7691191343043	354.0
289.7791197941536	358.0
289.7891204540029	363.0
289.7991211138522	367.0
289.8091217737016	375.0
289.8191224335509	380.0
289.8291230934002	389.0
289.83912375324957	389.0
289.8491244130989	393.0
289.8591250729482	393.0
289.86912573279756	398.0
289.87912639264687	398.0
289.8891270524962	398.0
289.89912771234555	398.0
289.90912837219486	398.0
289.91912903204417	402.0
289.92912969189354	402.0
289.93913035174285	402.0
289.94913101159216	402.0
289.9591316714415	402.0
289.96913233129084	402.0
289.97913299114015	402.0
289.98913365098946	402.0
289.9991343108388	402.0
290.00913497068814	402.0
290.01913563053745	402.0
290.0291362903868	402.0
290.0391369502361	402.0
290.04913761008544	402.0
290.0591382699348	402.0
290.0691389297841	402.0
290.0791395896334	402.0
290.0891402494828	402.0
290.0991409093321	402.0
290.1091415691814	402.0
290.1191422290308	407.0
290.1291428888801	407.0
290.1391435487294	407.0
290.1491442085788	407.0
290.1591448684281	402.0
290.1691455282774	402.0
290.1791461881267	398.0
290.1891468479761	389.0
290.1991475078254	375.0
290.2091481676747	354.0
290.21914882752407	327.0
290.2291494873734	0.0
290.2391501472227	0.0
290.24915080707206	0.0
290.25915146692137	0.0
290.2691521267707	0.0
290.27915278662005	0.0
290.28915344646936	407.0
290.29915410631867	412.0
290.30915476616804	417.0
290.31915542601735	417.0
290.32915608586666	412.0
290.33915674571597	412.0
290.34915740556534	412.0
290.35915806541465	412.0
290.36915872526396	412.0
290.3791593851133	412.0
290.38916004496264	412.0
290.39916070481195	412.0
290.4091613646613	412.0
290.4191620245106	407.0
290.42916268435994	407.0
290.4391633442093	407.0
290.4491640040586	407.0
290.4591646639079	407.0
290.4691653237573	407.0
290.4791659836066	407.0
290.4891666434559	407.0
290.4991673033053	407.0
290.5091679631546	407.0
290.5191686230039	407.0
290.5291692828532	407.0
290.5391699427026	402.0
290.5491706025519	398.0
290.5591712624012	393.0
290.5691719222506	389.0
290.5791725820999	380.0
290.5891732419492	375.0
290.59917390179857	371.0
290.6091745616479	367.0
290.6191752214972	363.0
290.62917588134655	0.0
290.63917654119587	412.0
290.6491772010452	421.0
290.65917786089454	431.0
290.66917852074386	441.0
290.67917918059317	452.0
290.68917984044253	457.0
290.69918050029185	457.0
290.70918116014116	457.0
290.71918181999047	457.0
290.72918247983984	457.0
290.73918313968915	457.0
290.74918379953846	452.0
290.7591844593878	452.0
290.76918511923714	452.0
290.77918577908645	452.0
290.7891864389358	452.0
290.7991870987851	452.0
290.80918775863444	452.0
290.8191884184838	452.0
290.8291890783331	452.0
290.8391897381824	452.0
290.8491903980318	452.0
290.8591910578811	452.0
290.8691917177304	452.0
290.8791923775797	447.0
290.8891930374291	447.0
290.8991936972784	441.0
290.9091943571277	421.0
290.9191950169771	389.0
290.9291956768264	375.0
290.9391963366757	457.0
290.9491969965251	468.0
290.9591976563744	473.0
290.9691983162237	479.0
290.97919897607306	479.0
290.9891996359224	479.0
290.9992002957717	484.0
291.00920095562105	484.0
291.01920161547037	484.0
291.0292022753197	484.0
291.03920293516904	479.0
291.04920359501835	479.0
291.05920425486767	473.0
291.069204914717	468.0
291.07920557456634	462.0
291.08920623441566	457.0
291.09920689426497	457.0
291.10920755411433	452.0
291.11920821396365	452.0
291.12920887381296	452.0
291.1392095336623	452.0
291.14921019351164	452.0
291.15921085336095	452.0
291.1692115132103	452.0
291.1792121730596	452.0
291.18921283290894	447.0
291.1992134927583	447.0
291.2092141526076	441.0
291.2192148124569	431.0
291.2292154723063	402.0
291.2392161321556	384.0
291.2492167920049	380.0
291.2592174518542	0.0
291.2692181117036	0.0
291.2792187715529	0.0
291.2892194314022	0.0
291.2992200912516	462.0
291.3092207511009	473.0
291.3192214109502	479.0
291.3292220707996	484.0
291.3392227306489	484.0
291.3492233904982	490.0
291.35922405034756	490.0
291.3692247101969	490.0
291.3792253700462	490.0
291.38922602989555	484.0
291.39922668974486	484.0
291.4092273495942	484.0
291.41922800944354	479.0
291.42922866929285	479.0
291.43922932914217	473.0
291.4492299889915	462.0
291.45923064884084	452.0
291.46923130869015	441.0
291.47923196853947	426.0
291.48923262838883	412.0
291.49923328823814	398.0
291.50923394808746	393.0
291.5192346079368	389.0
291.52923526778613	389.0
291.53923592763545	393.0
291.5492365874848	393.0
291.5592372473341	398.0
291.56923790718344	402.0
291.5792385670328	402.0
291.5892392268821	407.0
291.5992398867314	407.0
291.60924054658074	407.0
291.6192412064301	407.0
291.6292418662794	393.0
291.6392425261287	375.0
291.6492431859781	371.0
291.6592438458274	367.0
291.6692445056767	363.0
291.6792451655261	367.0
291.6892458253754	371.0
291.6992464852247	384.0
291.7092471450741	407.0
291.7192478049234	426.0
291.7292484647727	431.0
291.73924912462206	441.0
291.7492497844714	452.0
291.7592504443207	457.0
291.76925110417005	462.0
291.77925176401936	462.0
291.7892524238687	457.0
291.799253083718	457.0
291.80925374356735	457.0
291.81925440341666	457.0
291.829255063266	452.0
291.83925572311534	452.0
291.84925638296465	452.0
291.85925704281397	452.0
291.86925770266333	452.0
291.87925836251264	452.0
291.88925902236195	452.0
291.8992596822113	452.0
291.90926034206063	452.0
291.91926100190994	452.0
291.9292616617593	452.0
291.9392623216086	452.0
291.94926298145793	457.0
291.9592636413073	457.0
291.9692643011566	457.0
291.9792649610059	462.0
291.98926562085524	457.0
291.9992662807046	452.0
292.0092669405539	426.0
292.0192676004032	417.0
292.0292682602526	412.0
292.0392689201019	0.0
292.0492695799512	0.0
292.0592702398006	0.0
292.0692708996499	0.0
292.0792715594992	0.0
292.0892722193486	0.0
292.0992728791979	0.0
292.1092735390472	0.0
292.11927419889656	0.0
292.1292748587459	0.0
292.1392755185952	0.0
292.1492761784445	0.0
292.15927683829386	0.0
292.1692774981432	0.0
292.1792781579925	0.0
292.18927881784185	0.0
292.19927947769116	0.0
292.2092801375405	0.0
292.21928079738984	0.0
292.22928145723915	0.0
292.23928211708846	0.0
292.24928277693783	0.0
292.25928343678714	0.0
292.26928409663645	0.0
292.2792847564858	0.0
292.28928541633513	272.0
292.29928607618444	268.0
292.3092867360338	268.0
292.3192873958831	268.0
292.32928805573243	278.0
292.33928871558174	298.0
292.3492893754311	305.0
292.3592900352804	312.0
292.36929069512973	316.0
292.3792913549791	323.0
292.3892920148284	327.0
292.3992926746777	331.0
292.4092933345271	334.0
292.4192939943764	338.0
292.4292946542257	346.0
292.4392953140751	350.0
292.4492959739244	354.0
292.4592966337737	363.0
292.4692972936231	371.0
292.4792979534724	380.0
292.4892986133217	393.0
292.49929927317106	407.0
292.5092999330204	421.0
292.5193005928697	431.0
292.529301252719	447.0
292.53930191256836	462.0
292.5493025724177	473.0
292.559303232267	479.0
292.56930389211635	484.0
292.57930455196566	484.0
292.589305211815	479.0
292.59930587166434	468.0
292.60930653151365	447.0
292.61930719136296	0.0
292.62930785121233	0.0
292.63930851106164	0.0
292.64930917091095	0.0
292.6593098307603	0.0
292.66931049060963	0.0
292.67931115045894	0.0
292.68931181030825	0.0
292.6993124701576	398.0
292.70931313000693	398.0
292.71931378985624	398.0
292.7293144497056	402.0
292.7393151095549	402.0
292.74931576940423	402.0
292.7593164292536	407.0
292.7693170891029	407.0
292.7793177489522	407.0
292.7893184088016	407.0
292.7993190686509	402.0
292.8093197285002	402.0
292.8193203883496	402.0
292.8293210481989	402.0
292.8393217080482	402.0
292.84932236789757	402.0
292.8593230277469	402.0
292.8693236875962	402.0
292.8793243474455	402.0
292.8893250072949	402.0
292.8993256671442	402.0
292.9093263269935	402.0
292.91932698684286	402.0
292.9293276466922	402.0
292.9393283065415	398.0
292.94932896639085	389.0
292.95932962624016	358.0
292.9693302860895	346.0
292.97933094593884	342.0
292.98933160578815	389.0
292.99933226563746	398.0
293.00933292548683	402.0
293.01933358533614	402.0
293.02933424518545	402.0
293.0393349050348	402.0
293.04933556488413	407.0
293.05933622473344	407.0
293.06933688458275	407.0
293.0793375444321	407.0
293.08933820428143	407.0
293.09933886413074	407.0
293.1093395239801	407.0
293.1193401838294	407.0
293.12934084367873	402.0
293.1393415035281	398.0
293.1493421633774	389.0
293.1593428232267	384.0
293.1693434830761	375.0
293.1793441429254	367.0
293.1893448027747	363.0
293.1993454626241	354.0
293.2093461224734	346.0
293.2193467823227	342.0
293.22934744217207	338.0
293.2393481020214	338.0
293.2493487618707	338.0
293.25934942172	338.0
293.26935008156937	338.0
293.2793507414187	334.0
293.289351401268	331.0
293.29935206111736	327.0
293.3093527209667	323.0
293.319353380816	327.0
293.32935404066535	334.0
293.33935470051466	346.0
293.349355360364	354.0
293.35935602021334	367.0
293.36935668006265	371.0
293.37935733991196	371.0
293.38935799976133	371.0
293.39935865961064	367.0
293.40935931945995	367.0
293.41935997930926	363.0
293.42936063915863	358.0
293.43936129900794	354.0
293.44936195885725	350.0
293.4593626187066	346.0
293.46936327855593	338.0
293.47936393840524	331.0
293.4893645982546	323.0
293.4993652581039	316.0
293.50936591795323	305.0
293.5193665778026	298.0
293.5293672376519	291.0
293.5393678975012	284.0
293.5493685573506	281.0
293.5593692171999	278.0
293.5693698770492	275.0
293.5793705368986	275.0
293.5893711967479	272.0
293.5993718565972	272.0
293.6093725164465	272.0
293.6193731762959	272.0
293.6293738361452	268.0
293.6393744959945	268.0
293.64937515584387	265.0
293.6593758156932	259.0
293.6693764755425	253.0
293.67937713539186	253.0
293.68937779524117	253.0
293.6993784550905	256.0
293.70937911493985	259.0
293.71937977478916	272.0
293.7293804346385	363.0
293.73938109448784	367.0
293.74938175433715	367.0
293.75938241418646	363.0
293.76938307403583	354.0
293.77938373388514	346.0
293.78938439373445	338.0
293.79938505358376	334.0
293.80938571343313	331.0
293.81938637328244	331.0
293.82938703313175	331.0
293.8393876929811	331.0
293.84938835283043	338.0
293.85938901267974	342.0
293.8693896725291	346.0
293.8793903323784	350.0
293.88939099222773	354.0
293.8993916520771	354.0
293.9093923119264	350.0
293.9193929717757	342.0
293.9293936316251	338.0
293.9393942914744	334.0
293.9493949513237	331.0
293.959395611173	331.0
293.9693962710224	327.0
293.9793969308717	327.0
293.989397590721	323.0
293.9993982505704	312.0
294.0093989104197	301.0
294.019399570269	0.0
294.02940023011837	0.0
294.0394008899677	0.0
294.049401549817	0.0
294.05940220966636	0.0
294.06940286951567	0.0
294.079403529365	0.0
294.08940418921435	0.0
294.09940484906366	0.0
294.10940550891297	0.0
294.11940616876234	0.0
294.12940682861165	402.0
294.13940748846096	407.0
294.1494081483103	407.0
294.15940880815964	407.0
294.16940946800895	407.0
294.17941012785826	407.0
294.18941078770763	407.0
294.19941144755694	407.0
294.20941210740625	407.0
294.2194127672556	407.0
294.22941342710493	407.0
294.23941408695424	407.0
294.2494147468036	407.0
294.2594154066529	407.0
294.26941606650223	407.0
294.2794167263516	407.0
294.2894173862009	407.0
294.2994180460502	407.0
294.3094187058996	407.0
294.3194193657489	407.0
294.3294200255982	407.0
294.3394206854475	407.0
294.3494213452969	407.0
294.3594220051462	407.0
294.3694226649955	407.0
294.3794233248449	407.0
294.3894239846942	407.0
294.3994246445435	407.0
294.40942530439287	402.0
294.4194259642422	402.0
294.4294266240915	402.0
294.43942728394086	402.0
294.44942794379017	402.0
294.4594286036395	402.0
294.46942926348885	402.0
294.47942992333816	402.0
294.48943058318747	402.0
294.4994312430368	402.0
294.50943190288615	402.0
294.51943256273546	402.0
294.52943322258477	402.0
294.53943388243414	402.0
294.54943454228345	402.0
294.55943520213276	402.0
294.56943586198213	402.0
294.57943652183144	402.0
294.58943718168075	402.0
294.5994378415301	402.0
294.60943850137943	407.0
294.61943916122874	407.0
294.6294398210781	407.0
294.6394404809274	407.0
294.64944114077673	407.0
294.6594418006261	407.0
294.6694424604754	407.0
294.6794431203247	407.0
294.68944378017403	407.0
294.6994444400234	402.0
294.7094450998727	393.0
294.719445759722	380.0
294.7294464195714	367.0
294.7394470794207	342.0
294.74944773927	0.0
294.7594483991194	0.0
294.7694490589687	0.0
294.779449718818	0.0
294.78945037866737	0.0
294.7994510385167	0.0
294.809451698366	402.0
294.81945235821536	402.0
294.82945301806467	402.0
294.839453677914	402.0
294.84945433776335	402.0
294.85945499761266	407.0
294.86945565746197	407.0
294.8794563173113	407.0
294.88945697716065	407.0
294.89945763700996	407.0
294.90945829685927	407.0
294.91945895670864	407.0
294.92945961655795	407.0
294.93946027640726	407.0
294.9494609362566	407.0
294.95946159610594	407.0
294.96946225595525	407.0
294.9794629158046	407.0
294.98946357565393	407.0
294.99946423550324	407.0
295.0094648953526	407.0
295.0194655552019	407.0
295.02946621505123	407.0
295.0394668749006	407.0
295.0494675347499	407.0
295.0594681945992	407.0
295.06946885444853	402.0
295.0794695142979	398.0
295.0894701741472	389.0
295.0994708339965	363.0
295.1094714938459	358.0
295.1194721536952	358.0
295.1294728135445	384.0
295.1394734733939	398.0
295.1494741332432	402.0
295.1594747930925	402.0
295.16947545294187	402.0
295.1794761127912	402.0
295.1894767726405	402.0
295.19947743248986	402.0
295.20947809233917	402.0
295.2194787521885	402.0
295.2294794120378	407.0
295.23948007188716	407.0
295.24948073173647	407.0
295.2594813915858	407.0
295.26948205143515	407.0
295.27948271128446	407.0
295.28948337113377	407.0
295.29948403098314	402.0
295.30948469083245	398.0
295.31948535068176	393.0
295.3294860105311	380.0
295.33948667038044	371.0
295.34948733022975	363.0
295.3594879900791	350.0
295.3694886499284	331.0
295.37948930977774	316.0
295.3894899696271	308.0
295.3994906294764	308.0
295.40949128932573	312.0
295.41949194917504	319.0
295.4294926090244	331.0
295.4394932688737	338.0
295.44949392872303	350.0
295.4594945885724	363.0
295.4694952484217	398.0
295.479495908271	402.0
295.4894965681204	407.0
295.4994972279697	407.0
295.509497887819	407.0
295.5194985476684	402.0
295.5294992075177	402.0
295.539499867367	402.0
295.54950052721637	398.0
295.5595011870657	393.0
295.569501846915	389.0
295.57950250676436	384.0
295.58950316661367	380.0
295.599503826463	375.0
295.6095044863123	371.0
295.61950514616166	363.0
295.62950580601097	358.0
295.6395064658603	350.0
295.64950712570965	342.0
295.65950778555896	338.0
295.66950844540827	338.0
295.67950910525764	338.0
295.68950976510695	338.0
295.69951042495626	342.0
295.7095110848056	363.0
295.71951174465494	389.0
295.72951240450425	417.0
295.7395130643536	436.0
295.7495137242029	462.0
295.75951438405224	484.0
295.76951504390155	507.0
295.7795157037509	525.0
295.7895163636002	531.0
295.79951702344954	525.0
295.8095176832989	519.0
295.8195183431482	468.0
295.82951900299753	468.0
295.8395196628469	0.0
295.8495203226962	0.0
295.8595209825455	0.0
295.8695216423949	0.0
295.8795223022442	0.0
295.8895229620935	0.0
295.8995236219429	0.0
295.9095242817922	393.0
295.9195249416415	393.0
295.92952560149087	393.0
295.9395262613402	398.0
295.9495269211895	402.0
295.9595275810388	402.0
295.96952824088817	407.0
295.9795289007375	407.0
295.9895295605868	407.0
295.99953022043616	407.0
296.00953088028547	412.0
296.0195315401348	412.0
296.02953219998415	412.0
296.03953285983346	412.0
296.04953351968277	412.0
296.05953417953214	412.0
296.06953483938145	412.0
296.07953549923076	412.0
296.0895361590801	412.0
296.09953681892944	407.0
296.10953747877875	402.0
296.1195381386281	389.0
296.1295387984774	338.0
296.13953945832674	331.0
296.14954011817605	327.0
296.1595407780254	327.0
296.1695414378747	334.0
296.17954209772404	342.0
296.1895427575734	350.0
296.1995434174227	354.0
296.209544077272	350.0
296.2195447371214	346.0
296.2295453969707	346.0
296.23954605682	342.0
296.2495467166694	342.0
296.2595473765187	342.0
296.269548036368	338.0
296.2795486962174	338.0
296.2895493560667	338.0
296.299550015916	334.0
296.3095506757653	334.0
296.3195513356147	334.0
296.329551995464	334.0
296.3395526553133	334.0
296.34955331516267	338.0
296.359553975012	342.0
296.3695546348613	350.0
296.37955529471066	354.0
296.38955595455997	358.0
296.3995566144093	358.0
296.40955727425865	363.0
296.41955793410796	363.0
296.42955859395727	358.0
296.43955925380664	354.0
296.44955991365595	350.0
296.45956057350526	346.0
296.4695612333546	342.0
296.47956189320394	338.0
296.48956255305325	334.0
296.49956321290256	334.0
296.5095638727519	334.0
296.51956453260124	334.0
296.52956519245055	334.0
296.5395658522999	331.0
296.5495665121492	331.0
296.55956717199854	331.0
296.5695678318479	334.0
296.5795684916972	338.0
296.5895691515465	346.0
296.5995698113959	354.0
296.6095704712452	358.0
296.6195711310945	363.0
296.6295717909439	367.0
296.6395724507932	371.0
296.6495731106425	371.0
296.6595737704919	367.0
296.6695744303412	367.0
296.6795750901905	358.0
296.6895757500398	354.0
296.6995764098892	346.0
296.7095770697385	342.0
296.7195777295878	338.0
296.72957838943717	334.0
296.7395790492865	334.0
296.7495797091358	334.0
296.75958036898516	334.0
296.76958102883447	334.0
296.7795816886838	334.0
296.78958234853314	327.0
296.79958300838246	294.0
296.80958366823177	0.0
296.81958432808113	0.0
296.82958498793045	0.0
296.83958564777976	0.0
296.84958630762907	0.0
296.85958696747844	0.0
296.86958762732775	407.0
296.87958828717706	407.0
296.8895889470264	412.0
296.89958960687574	412.0
296.90959026672505	412.0
296.9195909265744	412.0
296.9295915864237	412.0
296.93959224627304	407.0
296.9495929061224	398.0
296.9595935659717	389.0
296.969594225821	384.0
296.9795948856704	375.0
296.9895955455197	371.0
296.999596205369	367.0
297.0095968652184	363.0
297.0195975250677	358.0
297.029598184917	350.0
297.0395988447663	346.0
297.0495995046157	338.0
297.059600164465	334.0
297.0696008243143	331.0
297.0796014841637	331.0
297.089602144013	327.0
297.0996028038623	327.0
297.10960346371166	331.0
297.119604123561	338.0
297.1296047834103	346.0
297.13960544325965	358.0
297.14960610310897	371.0
297.1596067629583	380.0
297.16960742280764	389.0
297.17960808265696	398.0
297.18960874250627	407.0
297.19960940235563	417.0
297.20961006220494	426.0
297.21961072205426	426.0
297.22961138190357	426.0
297.23961204175293	426.0
297.24961270160225	421.0
297.25961336145156	412.0
297.2696140213009	407.0
297.27961468115024	393.0
297.28961534099955	384.0
297.2996160008489	375.0
297.3096166606982	371.0
297.31961732054754	363.0
297.3296179803969	363.0
297.3396186402462	358.0
297.3496193000955	354.0
297.3596199599449	350.0
297.3696206197942	346.0
297.3796212796435	346.0
297.3896219394929	342.0
297.3996225993422	342.0
297.4096232591915	342.0
297.4196239190408	342.0
297.4296245788902	342.0
297.4396252387395	342.0
297.4496258985888	342.0
297.4596265584382	342.0
297.4696272182875	346.0
297.4796278781368	346.0
297.48962853798616	350.0
297.4996291978355	358.0
297.5096298576848	363.0
297.51963051753415	367.0
297.52963117738346	367.0
297.5396318372328	371.0
297.54963249708214	371.0
297.55963315693145	371.0
297.56963381678077	367.0
297.5796344766301	358.0
297.58963513647944	338.0
297.59963579632876	298.0
297.60963645617807	281.0
297.61963711602743	268.0
297.62963777587674	262.0
297.63963843572606	259.0
297.6496390955754	256.0
297.65963975542473	256.0
297.66964041527405	256.0
297.6796410751234	259.0
297.6896417349727	268.0
297.69964239482204	272.0
297.7096430546714	272.0
297.7196437145207	275.0
297.72964437437	275.0
297.7396450342194	275.0
297.7496456940687	275.0
297.759646353918	275.0
297.7696470137673	278.0
297.7796476736167	278.0
297.789648333466	281.0
297.7996489933153	281.0
297.8096496531647	281.0
297.819650313014	281.0
297.8296509728633	281.0
297.8396516327127	281.0
297.849652292562	278.0
297.8596529524113	275.0
297.86965361226066	275.0
297.87965427211	275.0
297.8896549319593	272.0
297.89965559180865	272.0
297.90965625165796	272.0
297.9196569115073	272.0
297.92965757135664	272.0
297.93965823120595	272.0
297.94965889105526	272.0
297.9596595509046	272.0
297.96966021075394	268.0
297.97966087060325	268.0
297.98966153045257	268.0
297.99966219030193	268.0
298.00966285015124	268.0
298.01966351000056	268.0
298.0296641698499	268.0
298.03966482969923	268.0
298.04966548954854	272.0
298.0596661493979	272.0
298.0696668092472	272.0
298.07966746909653	272.0
298.0896681289459	272.0
298.0996687887952	272.0
298.1096694486445	268.0
298.11967010849384	265.0
298.1296707683432	253.0
298.1396714281925	242.0
298.1496720880418	242.0
298.1596727478912	242.0
298.1696734077405	248.0
298.1796740675898	265.0
298.1896747274392	272.0
298.1996753872885	275.0
298.2096760471378	275.0
298.2196767069872	272.0
298.2296773668365	272.0
298.2396780266858	272.0
298.24967868653516	272.0
298.2596793463845	272.0
298.2696800062338	272.0
298.27968066608315	268.0
298.28968132593246	265.0
298.2996819857818	262.0
298.3096826456311	259.0
298.31968330548045	253.0
298.32968396532976	250.0
298.3396846251791	245.0
298.34968528502844	242.0
298.35968594487775	239.0
298.36968660472706	236.0
298.37968726457643	236.0
298.38968792442574	239.0
298.39968858427505	245.0
298.4096892441244	253.0
298.41968990397373	268.0
298.42969056382304	281.0
298.4396912236724	294.0
298.4496918835217	301.0
298.45969254337103	305.0
298.4696932032204	305.0
298.4796938630697	301.0
298.489694522919	294.0
298.49969518276833	272.0
298.5096958426177	253.0
298.519696502467	226.0
298.5296971623163	213.0
298.5396978221657	206.0
298.549698482015	206.0
298.5596991418643	215.0
298.5696998017137	220.0
298.579700461563	226.0
298.5897011214123	226.0
298.5997017812617	226.0
298.609702441111	226.0
298.6197031009603	223.0
298.62970376080966	223.0
298.639704420659	223.0
298.6497050805083	220.0
298.6597057403576	223.0
298.66970640020696	223.0
298.6797070600563	223.0
298.6897077199056	226.0
298.69970837975495	226.0
298.70970903960426	226.0
298.7197096994536	226.0
298.72971035930294	226.0
298.73971101915225	228.0
298.74971167900156	228.0
298.75971233885093	228.0
298.76971299870024	228.0
298.77971365854955	228.0
298.7897143183989	226.0
298.79971497824823	218.0
298.80971563809754	208.0
298.8197162979469	206.0
298.8297169577962	0.0
298.83971761764553	0.0
298.84971827749484	0.0
298.8597189373442	0.0
298.8697195971935	234.0
298.87972025704283	236.0
298.8897209168922	239.0
298.8997215767415	239.0
298.9097222365908	236.0
298.9197228964402	234.0
298.9297235562895	231.0
298.9397242161388	231.0
298.9497248759882	231.0
298.9597255358375	228.0
298.9697261956868	228.0
298.97972685553617	228.0
298.9897275153855	228.0
298.9997281752348	228.0
299.00972883508416	231.0
299.0197294949335	231.0
299.0297301547828	231.0
299.0397308146321	234.0
299.04973147448146	239.0
299.0597321343308	242.0
299.0697327941801	248.0
299.07973345402945	250.0
299.08973411387876	253.0
299.0997347737281	256.0
299.10973543357744	253.0
299.11973609342675	250.0
299.12973675327606	245.0
299.13973741312543	236.0
299.14973807297474	231.0
299.15973873282405	223.0
299.1697393926734	215.0
299.17974005252273	210.0
299.18974071237204	206.0
299.1997413722214	206.0
299.2097420320707	206.0
299.21974269192003	206.0
299.22974335176934	208.0
299.2397440116187	208.0
299.249744671468	210.0
299.25974533131733	208.0
299.2697459911667	208.0
299.279746651016	0.0
299.2897473108653	0.0
299.2997479707147	0.0
299.309748630564	0.0
299.3197492904133	0.0
299.3297499502627	0.0
299.339750610112	0.0
299.3497512699613	0.0
299.35975192981067	0.0
299.36975258966	0.0
299.3797532495093	0.0
299.3897539093586	0.0
299.39975456920797	0.0
299.4097552290573	0.0
299.4197558889066	0.0
299.42975654875596	0.0
299.4397572086053	0.0
299.4497578684546	0.0
299.45975852830395	0.0
299.46975918815326	0.0
299.4797598480026	0.0
299.48976050785194	0.0
299.49976116770125	0.0
299.50976182755056	0.0
299.51976248739993	0.0
299.52976314724924	0.0
299.53976380709855	0.0
299.5497644669479	0.0
299.55976512679723	0.0
299.56976578664654	0.0
299.57976644649585	0.0
299.5897671063452	0.0
299.59976776619453	0.0
299.60976842604384	0.0
299.6197690858932	226.0
299.6297697457425	220.0
299.63977040559183	220.0
299.6497710654412	220.0
299.6597717252905	223.0
299.6697723851398	223.0
299.6797730449892	226.0
299.6897737048385	226.0
299.6997743646878	226.0
299.7097750245372	228.0
299.7197756843865	228.0
299.7297763442358	228.0
299.73977700408517	228.0
299.7497776639345	228.0
299.7597783237838	228.0
299.7697789836331	226.0
299.77977964348247	226.0
299.7897803033318	226.0
299.7997809631811	223.0
299.80978162303046	223.0
299.81978228287977	220.0
299.8297829427291	220.0
299.83978360257845	218.0
299.84978426242776	218.0
299.8597849222771	215.0
299.86978558212644	213.0
299.87978624197575	208.0
299.88978690182506	206.0
299.89978756167443	206.0
299.90978822152374	210.0
299.91978888137305	213.0
299.92978954122236	218.0
299.93979020107173	220.0
299.94979086092104	223.0
299.95979152077035	226.0
299.9697921806197	228.0
299.97979284046903	0.0
299.98979350031834	0.0
299.9997941601677	0.0
300.009794820017	226.0
300.01979547986633	223.0
300.0297961397157	226.0
300.039796799565	226.0
300.0497974594143	226.0
300.0597981192637	226.0
300.069798779113	226.0
300.0797994389623	223.0
300.0898000988117	220.0
300.099800758661	218.0
300.1098014185103	215.0
300.1198020783596	213.0
300.129802738209	210.0
300.1398033980583	208.0
300.1498040579076	210.0
300.15980471775697	218.0
300.1698053776063	228.0
300.1798060374556	242.0
300.18980669730496	253.0
300.19980735715427	268.0
300.2098080170036	281.0
300.21980867685295	291.0
300.22980933670226	301.0
300.23980999655157	308.0
300.24981065640094	305.0
300.25981131625025	298.0
300.26981197609956	284.0
300.27981263594893	272.0
300.28981329579824	259.0
300.29981395564755	245.0
300.30981461549686	231.0
300.31981527534623	220.0
300.32981593519554	213.0
300.33981659504485	210.0
300.3498172548942	210.0
300.35981791474353	210.0
300.36981857459284	213.0
300.3798192344422	220.0
300.3898198942915	228.0
300.39982055414083	239.0
300.4098212139902	248.0
300.4198218738395	256.0
300.4298225336888	262.0
300.4398231935382	268.0
300.4498238533875	268.0
300.4598245132368	272.0
300.4698251730861	272.0
300.4798258329355	268.0
300.4898264927848	268.0
300.4998271526341	268.0
300.5098278124835	272.0
300.5198284723328	272.0
300.5298291321821	272.0
300.53982979203147	272.0
300.5498304518808	268.0
300.5598311117301	265.0
300.56983177157946	259.0
300.57983243142877	259.0
300.5898330912781	265.0
300.59983375112745	272.0
300.60983441097676	275.0
300.61983507082607	278.0
300.62983573067544	278.0
300.63983639052475	278.0
300.64983705037406	278.0
300.65983771022337	278.0
300.66983837007274	281.0
300.67983902992205	281.0
300.68983968977136	281.0
300.69984034962073	281.0
300.70984100947004	281.0
300.71984166931935	281.0
300.7298423291687	288.0
300.73984298901803	298.0
300.74984364886734	312.0
300.7598443087167	331.0
300.769844968566	354.0
300.77984562841533	375.0
300.7898462882647	402.0
300.799846948114	421.0
300.8098476079633	431.0
300.8198482678127	436.0
300.829848927662	441.0
300.8398495875113	441.0
300.8498502473606	431.0
300.85985090721	421.0
300.8698515670593	412.0
300.8798522269086	398.0
300.889852886758	384.0
300.8998535466073	375.0
300.9098542064566	367.0
300.91985486630597	358.0
300.9298555261553	350.0
300.9398561860046	346.0
300.94985684585396	342.0
300.95985750570327	342.0
300.9698581655526	338.0
300.97985882540195	338.0
300.98985948525126	342.0
300.99986014510057	342.0
301.00986080494994	350.0
301.01986146479925	354.0
301.02986212464856	358.0
301.03986278449787	358.0
301.04986344434724	358.0
301.05986410419655	358.0
301.06986476404586	354.0
301.0798654238952	338.0
301.08986608374454	319.0
301.09986674359385	0.0
301.1098674034432	0.0
301.11986806329253	0.0
301.12986872314184	0.0
301.1398693829912	0.0
301.1498700428405	0.0
301.15987070268983	0.0
301.1698713625392	0.0
301.1798720223885	0.0
301.1898726822378	0.0
301.19987334208713	0.0
301.2098740019365	0.0
301.2198746617858	0.0
301.2298753216351	0.0
301.2398759814845	0.0
301.2498766413338	0.0
301.2598773011831	0.0
301.2698779610325	0.0
301.2798786208818	0.0
301.2898792807311	0.0
301.29987994058047	0.0
301.3098806004298	0.0
301.3198812602791	0.0
301.32988192012846	0.0
301.33988257997777	0.0
301.3498832398271	0.0
301.35988389967645	0.0
301.36988455952576	0.0
301.37988521937507	407.0
301.3898858792244	407.0
301.39988653907375	407.0
301.40988719892306	407.0
301.41988785877237	402.0
301.42988851862174	402.0
301.43988917847105	402.0
301.44988983832036	407.0
301.4598904981697	407.0
301.46989115801904	407.0
301.47989181786835	407.0
301.4898924777177	407.0
301.499893137567	407.0
301.50989379741634	407.0
301.5198944572657	407.0
301.529895117115	407.0
301.53989577696433	407.0
301.5498964368137	407.0
301.559897096663	407.0
301.5698977565123	407.0
301.57989841636163	407.0
301.589899076211	402.0
301.5998997360603	402.0
301.6099003959096	398.0
301.619901055759	389.0
301.6299017156083	384.0
301.6399023754576	380.0
301.649903035307	375.0
301.6599036951563	375.0
301.6699043550056	380.0
301.67990501485497	393.0
301.6899056747043	421.0
301.6999063345536	436.0
301.70990699440296	441.0
301.71990765425227	452.0
301.7299083141016	462.0
301.7399089739509	468.0
301.74990963380026	468.0
301.75991029364957	468.0
301.7699109534989	468.0
301.77991161334825	462.0
301.78991227319756	462.0
301.79991293304687	462.0
301.80991359289624	457.0
301.81991425274555	457.0
301.82991491259486	457.0
301.8399155724442	457.0
301.84991623229354	452.0
301.85991689214285	447.0
301.8699175519922	447.0
301.8799182118415	447.0
301.88991887169084	447.0
301.8999195315402	447.0
301.9099201913895	452.0
301.9199208512388	452.0
301.92992151108814	452.0
301.9399221709375	447.0
301.9499228307868	441.0
301.95992349063613	426.0
301.9699241504855	380.0
301.9799248103348	380.0
301.9899254701841	0.0
301.9999261300335	0.0
302.0099267898828	484.0
302.0199274497321	496.0
302.0299281095815	501.0
302.0399287694308	501.0
302.0499294292801	501.0
302.05993008912947	501.0
302.0699307489788	501.0
302.0799314088281	501.0
302.08993206867746	496.0
302.09993272852677	490.0
302.1099333883761	479.0
302.1199340482254	468.0
302.12993470807476	462.0
302.13993536792407	457.0
302.1499360277734	452.0
302.15993668762275	452.0
302.16993734747206	452.0
302.17993800732137	452.0
302.18993866717074	452.0
302.19993932702005	452.0
302.20993998686936	452.0
302.2199406467187	452.0
302.22994130656804	452.0
302.23994196641735	452.0
302.2499426262667	452.0
302.259943286116	447.0
302.26994394596534	441.0
302.27994460581465	447.0
302.289945265664	462.0
302.2999459255133	468.0
302.30994658536264	473.0
302.319947245212	531.0
302.3299479050613	531.0
302.3399485649106	531.0
302.34994922476	531.0
302.3599498846093	531.0
302.3699505444586	537.0
302.379951204308	537.0
302.3899518641573	537.0
302.3999525240066	537.0
302.409953183856	537.0
302.4199538437053	531.0
302.4299545035546	531.0
302.43995516340397	525.0
302.4499558232533	0.0
302.4599564831026	0.0
302.4699571429519	0.0
302.47995780280127	0.0
302.4899584626506	484.0
302.4999591224999	484.0
302.50995978234926	484.0
302.51996044219857	479.0
302.5299611020479	479.0
302.53996176189725	473.0
302.54996242174656	473.0
302.55996308159587	473.0
302.56996374144524	468.0
302.57996440129455	468.0
302.58996506114386	468.0
302.5999657209932	468.0
302.60996638084254	468.0
302.61996704069185	473.0
302.6299677005412	479.0
302.6399683603905	490.0
302.64996902023984	501.0
302.65996968008915	513.0
302.6699703399385	525.0
302.6799709997878	531.0
302.68997165963714	537.0
302.6999723194865	544.0
302.7099729793358	550.0
302.7199736391851	550.0
302.7299742990345	550.0
302.7399749588838	544.0
302.7499756187331	531.0
302.7599762785825	0.0
302.7699769384318	0.0
302.7799775982811	0.0
302.7899782581305	0.0
302.7999789179798	0.0
302.8099795778291	421.0
302.81998023767846	421.0
302.8299808975278	426.0
302.8399815573771	431.0
302.8499822172264	447.0
302.85998287707577	457.0
302.8699835369251	462.0
302.8799841967744	462.0
302.88998485662376	462.0
302.89998551647307	462.0
302.9099861763224	462.0
302.91998683617174	457.0
302.92998749602106	457.0
302.93998815587037	452.0
302.94998881571973	452.0
302.95998947556905	447.0
302.96999013541836	447.0
302.9799907952677	447.0
302.98999145511704	447.0
302.99999211496635	447.0
303.00999277481566	447.0
303.019993434665	447.0
303.02999409451434	447.0
303.03999475436365	452.0
303.049995414213	452.0
303.0599960740623	452.0
303.06999673391164	452.0
303.079997393761	457.0
303.0899980536103	457.0
303.0999987134596	457.0
303.109999373309	457.0
303.1200000331583	457.0
303.1300006930076	457.0
303.140001352857	457.0
303.1500020127063	457.0
303.1600026725556	457.0
303.170003332405	457.0
303.1800039922543	457.0
303.1900046521036	457.0
303.2000053119529	457.0
303.2100059718023	457.0
303.2200066316516	457.0
303.2300072915009	457.0
303.24000795135026	457.0
303.2500086111996	457.0
303.2600092710489	457.0
303.27000993089825	457.0
303.28001059074757	457.0
303.2900112505969	452.0
303.30001191044624	452.0
303.31001257029556	436.0
303.32001323014487	426.0
303.33001388999423	426.0
303.34001454984354	431.0
303.35001520969286	479.0
303.3600158695422	484.0
303.37001652939153	484.0
303.38001718924085	484.0
303.39001784909016	484.0
303.4000185089395	479.0
303.41001916878884	479.0
303.42001982863815	479.0
303.4300204884875	473.0
303.4400211483368	468.0
303.45002180818614	462.0
303.4600224680355	457.0
303.4700231278848	457.0
303.4800237877341	452.0
303.4900244475835	452.0
303.5000251074328	447.0
303.5100257672821	447.0
303.5200264271315	447.0
303.5300270869808	447.0
303.5400277468301	452.0
303.5500284066794	452.0
303.5600290665288	457.0
303.5700297263781	462.0
303.5800303862274	473.0
303.5900310460768	484.0
303.6000317059261	501.0
303.6100323657754	507.0
303.62003302562476	513.0
303.6300336854741	519.0
303.6400343453234	519.0
303.65003500517275	519.0
303.66003566502206	513.0
303.6700363248714	484.0
303.68003698472074	462.0
303.69003764457005	436.0
303.70003830441937	426.0
303.71003896426873	426.0
303.72003962411804	426.0
303.73004028396736	431.0
303.74004094381667	447.0
303.75004160366603	457.0
303.76004226351534	457.0
303.77004292336466	462.0
303.780043583214	462.0
303.79004424306333	462.0
303.80004490291265	462.0
303.810045562762	468.0
303.8200462226113	468.0
303.83004688246064	468.0
303.84004754231	468.0
303.8500482021593	462.0
303.8600488620086	462.0
303.870049521858	462.0
303.8800501817073	462.0
303.8900508415566	462.0
303.900051501406	462.0
303.9100521612553	462.0
303.9200528211046	462.0
303.9300534809539	462.0
303.9400541408033	462.0
303.9500548006526	457.0
303.9600554605019	447.0
303.9700561203513	421.0
303.9800567802006	398.0
303.9900574400499	375.0
304.00005809989926	0.0
304.0100587597486	0.0
304.0200594195979	0.0
304.03006007944725	0.0
304.04006073929656	0.0
304.0500613991459	0.0
304.06006205899524	398.0
304.07006271884455	398.0
304.08006337869386	402.0
304.0900640385432	402.0
304.10006469839254	402.0
304.11006535824185	402.0
304.12006601809117	407.0
304.13006667794053	407.0
304.14006733778984	407.0
304.15006799763916	407.0
304.1600686574885	412.0
304.17006931733783	412.0
304.18006997718715	412.0
304.1900706370365	412.0
304.2000712968858	412.0
304.21007195673513	412.0
304.2200726165845	412.0
304.2300732764338	412.0
304.2400739362831	412.0
304.2500745961325	412.0
304.2600752559818	412.0
304.2700759158311	412.0
304.2800765756804	412.0
304.2900772355298	412.0
304.3000778953791	407.0
304.3100785552284	389.0
304.3200792150778	358.0
304.3300798749271	350.0
304.3400805347764	358.0
304.3500811946258	384.0
304.3600818544751	393.0
304.3700825143244	398.0
304.38008317417376	402.0
304.3900838340231	402.0
304.4000844938724	407.0
304.41008515372175	407.0
304.42008581357106	407.0
304.4300864734204	412.0
304.44008713326974	412.0
304.45008779311905	412.0
304.46008845296836	412.0
304.4700891128177	412.0
304.48008977266704	412.0
304.49009043251635	407.0
304.50009109236566	402.0
304.51009175221503	393.0
304.52009241206434	384.0
304.53009307191365	375.0
304.540093731763	371.0
304.55009439161233	363.0
304.56009505146164	354.0
304.570095711311	346.0
304.5800963711603	338.0
304.59009703100963	338.0
304.600097690859	338.0
304.6100983507083	338.0
304.6200990105576	338.0
304.630099670407	342.0
304.6401003302563	334.0
304.6501009901056	294.0
304.6601016499549	0.0
304.6701023098043	0.0
304.6801029696536	0.0
304.6901036295029	0.0
304.7001042893523	0.0
304.7101049492016	0.0
304.7201056090509	0.0
304.7301062689003	0.0
304.7401069287496	402.0
304.7501075885989	402.0
304.76010824844826	402.0
304.7701089082976	402.0
304.7801095681469	402.0
304.79011022799625	402.0
304.80011088784556	402.0
304.8101115476949	402.0
304.8201122075442	407.0
304.83011286739355	407.0
304.84011352724286	407.0
304.8501141870922	407.0
304.86011484694154	407.0
304.87011550679085	407.0
304.88011616664016	412.0
304.89011682648953	412.0
304.90011748633884	412.0
304.91011814618815	412.0
304.9201188060375	407.0
304.93011946588683	407.0
304.94012012573614	402.0
304.9501207855855	398.0
304.9601214454348	380.0
304.97012210528413	367.0
304.9801227651335	363.0
304.9901234249828	358.0
305.0001240848321	354.0
305.01012474468143	358.0
305.0201254045308	363.0
305.0301260643801	367.0
305.0401267242294	0.0
305.0501273840788	421.0
305.0601280439281	431.0
305.0701287037774	441.0
305.0801293636268	452.0
305.0901300234761	457.0
305.1001306833254	457.0
305.11013134317477	457.0
305.1201320030241	457.0
305.1301326628734	452.0
305.14013332272276	452.0
305.1501339825721	452.0
305.1601346424214	452.0
305.17013530227075	452.0
305.18013596212006	457.0
305.1901366219694	457.0
305.2001372818187	457.0
305.21013794166805	457.0
305.22013860151736	462.0
305.2301392613667	462.0
305.24013992121604	462.0
305.25014058106535	457.0
305.26014124091466	447.0
305.27014190076403	431.0
305.28014256061334	412.0
305.29014322046265	393.0
305.300143880312	0.0
305.31014454016133	0.0
305.32014520001064	0.0
305.33014585986	0.0
305.3401465197093	0.0
305.35014717955863	0.0
305.36014783940794	0.0
305.3701484992573	0.0
305.3801491591066	0.0
305.39014981895593	0.0
305.4001504788053	0.0
305.4101511386546	393.0
305.4201517985039	398.0
305.4301524583533	398.0
305.4401531182026	398.0
305.4501537780519	402.0
305.4601544379013	402.0
305.4701550977506	402.0
305.4801557575999	402.0
305.49015641744927	402.0
305.5001570772986	402.0
305.5101577371479	402.0
305.52015839699726	402.0
305.53015905684657	402.0
305.5401597166959	402.0
305.5501603765452	402.0
305.56016103639456	402.0
305.5701616962439	402.0
305.5801623560932	402.0
305.59016301594255	402.0
305.60016367579186	402.0
305.6101643356412	407.0
305.62016499549054	407.0
305.63016565533985	407.0
305.64016631518916	407.0
305.65016697503853	407.0
305.66016763488784	402.0
305.67016829473715	402.0
305.6801689545865	402.0
305.69016961443583	407.0
305.70017027428514	407.0
305.7101709341345	407.0
305.7201715939838	407.0
305.73017225383313	407.0
305.74017291368244	407.0
305.7501735735318	407.0
305.7601742333811	407.0
305.77017489323043	407.0
305.7801755530798	402.0
305.7901762129291	402.0
305.8001768727784	402.0
305.8101775326278	402.0
305.8201781924771	402.0
305.8301788523264	402.0
305.8401795121758	402.0
305.8501801720251	402.0
305.8601808318744	402.0
305.87018149172377	402.0
305.8801821515731	402.0
305.8901828114224	402.0
305.9001834712717	407.0
305.91018413112107	407.0
305.9201847909704	412.0
305.9301854508197	417.0
305.94018611066906	417.0
305.95018677051837	417.0
305.9601874303677	412.0
305.97018809021705	407.0
305.98018875006636	389.0
305.9901894099157	371.0
306.00019006976504	367.0
306.01019072961435	367.0
306.02019138946366	380.0
306.03019204931303	398.0
306.04019270916234	407.0
306.05019336901165	407.0
306.060194028861	407.0
306.07019468871033	412.0
306.08019534855964	412.0
306.09019600840895	417.0
306.1001966682583	417.0
306.11019732810763	417.0
306.12019798795694	417.0
306.1301986478063	417.0
306.1401993076556	417.0
306.15019996750493	412.0
306.1602006273543	402.0
306.1702012872036	393.0
306.1802019470529	384.0
306.1902026069023	371.0
306.2002032667516	358.0
306.2102039266009	350.0
306.2202045864503	338.0
306.2302052462996	334.0
306.2402059061489	334.0
306.25020656599827	334.0
306.2602072258476	334.0
306.2702078856969	334.0
306.2802085455462	334.0
306.29020920539557	331.0
306.3002098652449	327.0
306.3102105250942	327.0
306.32021118494356	331.0
306.33021184479287	342.0
306.3402125046422	350.0
306.35021316449155	358.0
306.36021382434086	363.0
306.37021448419017	367.0
306.38021514403954	363.0
306.39021580388885	363.0
306.40021646373816	358.0
306.41021712358753	358.0
306.42021778343684	358.0
306.43021844328615	354.0
306.44021910313546	350.0
306.45021976298483	342.0
306.46022042283414	331.0
306.47022108268345	323.0
306.4802217425328	312.0
306.49022240238213	301.0
306.50022306223144	291.0
306.5102237220808	284.0
306.5202243819301	278.0
306.53022504177943	275.0
306.5402257016288	272.0
306.5502263614781	272.0
306.5602270213274	268.0
306.5702276811768	268.0
306.5802283410261	268.0
306.5902290008754	265.0
306.6002296607248	262.0
306.6102303205741	250.0
306.6202309804234	239.0
306.6302316402727	236.0
306.6402323001221	239.0
306.6502329599714	239.0
306.6602336198207	0.0
306.67023427967007	350.0
306.6802349395194	354.0
306.6902355993687	350.0
306.70023625921806	346.0
306.71023691906737	342.0
306.7202375789167	334.0
306.73023823876605	327.0
306.74023889861536	327.0
306.75023955846467	327.0
306.76024021831404	331.0
306.77024087816335	338.0
306.78024153801266	346.0
306.790242197862	350.0
306.80024285771134	354.0
306.81024351756065	354.0
306.82024417740996	350.0
306.83024483725933	346.0
306.84024549710864	342.0
306.85024615695795	338.0
306.8602468168073	331.0
306.87024747665663	327.0
306.88024813650594	319.0
306.8902487963553	316.0
306.9002494562046	312.0
306.91025011605393	316.0
306.9202507759033	319.0
306.9302514357526	331.0
306.9402520956019	342.0
306.9502527554513	346.0
306.9602534153006	342.0
306.9702540751499	331.0
306.9802547349993	0.0
306.9902553948486	0.0
307.0002560546979	0.0
307.0102567145472	0.0
307.0202573743966	0.0
307.0302580342459	407.0
307.0402586940952	407.0
307.05025935394457	407.0
307.0602600137939	402.0
307.0702606736432	398.0
307.08026133349256	393.0
307.09026199334187	384.0
307.1002626531912	380.0
307.11026331304055	371.0
307.12026397288986	367.0
307.13026463273917	358.0
307.14026529258854	354.0
307.15026595243785	346.0
307.16026661228716	338.0
307.17026727213647	331.0
307.18026793198584	327.0
307.19026859183515	323.0
307.20026925168446	319.0
307.2102699115338	319.0
307.22027057138314	319.0
307.23027123123245	331.0
307.2402718910818	338.0
307.25027255093113	346.0
307.26027321078044	358.0
307.2702738706298	371.0
307.2802745304791	384.0
307.29027519032843	398.0
307.3002758501778	402.0
307.3102765100271	0.0
307.3202771698764	0.0
307.3302778297258	402.0
307.3402784895751	412.0
307.3502791494244	412.0
307.3602798092737	407.0
307.3702804691231	402.0
307.3802811289724	393.0
307.3902817888217	384.0
307.4002824486711	371.0
307.4102831085204	363.0
307.4202837683697	350.0
307.43028442821907	342.0
307.4402850880684	334.0
307.4502857479177	331.0
307.46028640776706	327.0
307.47028706761637	323.0
307.4802877274657	323.0
307.49028838731505	323.0
307.50028904716436	327.0
307.51028970701367	338.0
307.52029036686304	346.0
307.53029102671235	354.0
307.54029168656166	367.0
307.55029234641097	375.0
307.56029300626034	389.0
307.57029366610965	398.0
307.58029432595896	407.0
307.5902949858083	412.0
307.60029564565764	412.0
307.61029630550695	412.0
307.6202969653563	407.0
307.6302976252056	398.0
307.64029828505494	393.0
307.6502989449043	384.0
307.6602996047536	380.0
307.67030026460293	375.0
307.6803009244523	371.0
307.6903015843016	367.0
307.7003022441509	363.0
307.71030290400023	358.0
307.7203035638496	354.0
307.7303042236989	350.0
307.7403048835482	350.0
307.7503055433976	346.0
307.7603062032469	342.0
307.7703068630962	342.0
307.7803075229456	338.0
307.7903081827949	338.0
307.8003088426442	338.0
307.81030950249357	334.0
307.8203101623429	334.0
307.8303108221922	334.0
307.84031148204156	338.0
307.85031214189087	342.0
307.8603128017402	346.0
307.87031346158955	354.0
307.88031412143886	367.0
307.89031478128817	375.0
307.9003154411375	384.0
307.91031610098685	384.0
307.92031676083616	384.0
307.93031742068547	380.0
307.94031808053484	371.0
307.95031874038415	346.0
307.96031940023346	316.0
307.9703200600828	272.0
307.98032071993214	262.0
307.99032137978145	253.0
308.0003220396308	250.0
308.0103226994801	248.0
308.02032335932944	250.0
308.0303240191788	250.0
308.0403246790281	256.0
308.0503253388774	259.0
308.0603259987268	262.0
308.0703266585761	262.0
308.0803273184254	265.0
308.09032797827473	265.0
308.1003286381241	265.0
308.1103292979734	265.0
308.1203299578227	268.0
308.1303306176721	268.0
308.1403312775214	268.0
308.1503319373707	268.0
308.1603325972201	268.0
308.1703332570694	268.0
308.1803339169187	268.0
308.19033457676807	268.0
308.2003352366174	268.0
308.2103358964667	268.0
308.22033655631606	268.0
308.23033721616537	268.0
308.2403378760147	268.0
308.250338535864	265.0
308.26033919571336	259.0
308.27033985556267	245.0
308.280340515412	242.0
308.29034117526135	248.0
308.30034183511066	268.0
308.31034249495997	272.0
308.32034315480934	272.0
308.33034381465865	272.0
308.34034447450796	272.0
308.3503451343573	272.0
308.36034579420664	272.0
308.37034645405595	272.0
308.3803471139053	268.0
308.3903477737546	268.0
308.40034843360394	268.0
308.4103490934533	265.0
308.4203497533026	262.0
308.4303504131519	256.0
308.44035107300124	253.0
308.4503517328506	248.0
308.4603523926999	245.0
308.4703530525492	242.0
308.4803537123986	239.0
308.4903543722479	236.0
308.5003550320972	234.0
308.5103556919466	234.0
308.5203563517959	236.0
308.5303570116452	242.0
308.5403576714946	250.0
308.5503583313439	262.0
308.5603589911932	291.0
308.57035965104257	301.0
308.5803603108919	305.0
308.5903609707412	305.0
308.60036163059056	305.0
308.61036229043987	294.0
308.6203629502892	281.0
308.6303636101385	262.0
308.64036426998786	223.0
308.65036492983717	213.0
308.6603655896865	210.0
308.67036624953585	213.0
308.68036690938516	218.0
308.69036756923447	223.0
308.70036822908384	228.0
308.71036888893315	228.0
308.72036954878246	228.0
308.7303702086318	226.0
308.74037086848114	223.0
308.75037152833045	220.0
308.7603721881798	220.0
308.7703728480291	223.0
308.78037350787844	223.0
308.7903741677278	223.0
308.8003748275771	223.0
308.8103754874264	223.0
308.82037614727574	223.0
308.8303768071251	223.0
308.8403774669744	220.0
308.8503781268237	223.0
308.8603787866731	223.0
308.8703794465224	226.0
308.8803801063717	226.0
308.8903807662211	226.0
308.9003814260704	223.0
308.9103820859197	218.0
308.9203827457691	210.0
308.9303834056184	206.0
308.9403840654677	206.0
308.95038472531706	0.0
308.9603853851664	0.0
308.9703860450157	0.0
308.980386704865	0.0
308.99038736471437	0.0
309.0003880245637	259.0
309.010388684413	259.0
309.02038934426236	253.0
309.03039000411167	250.0
309.040390663961	245.0
309.05039132381035	239.0
309.06039198365966	234.0
309.07039264350897	231.0
309.08039330335833	226.0
309.09039396320765	223.0
309.10039462305696	223.0
309.1103952829063	223.0
309.12039594275564	223.0
309.13039660260495	228.0
309.1403972624543	231.0
309.1503979223036	234.0
309.16039858215294	239.0
309.17039924200225	242.0
309.1803999018516	242.0
309.1904005617009	245.0
309.20040122155024	242.0
309.2104018813996	236.0
309.2204025412489	228.0
309.2304032010982	218.0
309.2404038609476	208.0
309.2504045207969	203.0
309.2604051806462	201.0
309.2704058404956	199.0
309.2804065003449	201.0
309.2904071601942	203.0
309.3004078200436	206.0
309.3104084798929	208.0
309.3204091397422	208.0
309.33040979959156	0.0
309.3404104594409	0.0
309.3504111192902	0.0
309.3604117791395	0.0
309.37041243898886	0.0
309.3804130988382	0.0
309.3904137586875	0.0
309.40041441853685	0.0
309.41041507838617	0.0
309.4204157382355	0.0
309.43041639808484	0.0
309.44041705793416	0.0
309.45041771778347	0.0
309.46041837763283	0.0
309.47041903748215	0.0
309.48041969733146	0.0
309.4904203571808	0.0
309.50042101703013	0.0
309.51042167687945	0.0
309.52042233672876	0.0
309.5304229965781	0.0
309.54042365642744	0.0
309.55042431627675	0.0
309.5604249761261	0.0
309.5704256359754	0.0
309.58042629582474	0.0
309.5904269556741	0.0
309.6004276155234	0.0
309.6104282753727	0.0
309.6204289352221	0.0
309.6304295950714	0.0
309.6404302549207	0.0
309.6504309147701	0.0
309.6604315746194	0.0
309.6704322344687	0.0
309.6804328943181	0.0
309.6904335541674	0.0
309.7004342140167	0.0
309.710434873866	0.0
309.7204355337154	0.0
309.7304361935647	0.0
309.740436853414	0.0
309.75043751326336	226.0
309.7604381731127	223.0
309.770438832962	215.0
309.78043949281135	210.0
309.79044015266066	210.0
309.80044081251	215.0
309.81044147235934	223.0
309.82044213220865	228.0
309.83044279205797	231.0
309.84044345190733	234.0
309.85044411175664	234.0
309.86044477160596	234.0
309.8704454314553	236.0
309.88044609130463	236.0
309.89044675115395	236.0
309.90044741100326	239.0
309.9104480708526	239.0
309.92044873070193	239.0
309.93044939055125	236.0
309.9404500504006	236.0
309.9504507102499	231.0
309.96045137009924	223.0
309.9704520299486	213.0
309.9804526897979	203.0
309.9904533496472	199.0
310.0004540094966	187.0
310.0104546693459	185.0
310.0204553291952	187.0
310.0304559890446	192.0
310.0404566488939	201.0
310.0504573087432	206.0
310.0604579685925	206.0
310.0704586284419	208.0
310.0804592882912	210.0
310.0904599481405	210.0
310.1004606079899	213.0
310.1104612678392	213.0
310.1204619276885	215.0
310.13046258753786	215.0
310.1404632473872	218.0
310.1504639072365	218.0
310.16046456708585	218.0
310.17046522693516	215.0
310.1804658867845	213.0
310.19046654663384	210.0
310.20046720648315	210.0
310.21046786633246	210.0
310.22046852618183	215.0
310.23046918603114	231.0
310.24046984588045	236.0
310.25047050572977	308.0
310.26047116557913	305.0
310.27047182542844	305.0
310.28047248527776	298.0
310.2904731451271	278.0
310.30047380497643	256.0
310.31047446482575	210.0
310.3204751246751	203.0
310.3304757845244	194.0
310.34047644437373	187.0
310.3504771042231	190.0
310.3604777640724	194.0
310.3704784239217	199.0
310.3804790837711	203.0
310.3904797436204	208.0
310.4004804034697	213.0
310.4104810633191	223.0
310.4204817231684	234.0
310.4304823830177	245.0
310.440483042867	253.0
310.4504837027164	265.0
310.4604843625657	272.0
310.470485022415	275.0
310.4804856822644	278.0
310.4904863421137	278.0
310.500487001963	278.0
310.51048766181236	275.0
310.5204883216617	275.0
310.530488981511	272.0
310.54048964136035	272.0
310.55049030120966	272.0
310.560490961059	272.0
310.57049162090834	272.0
310.58049228075765	272.0
310.59049294060696	272.0
310.60049360045633	272.0
310.61049426030564	272.0
310.62049492015495	268.0
310.63049558000426	265.0
310.64049623985363	259.0
310.65049689970294	253.0
310.66049755955225	245.0
310.6704982194016	236.0
310.68049887925093	234.0
310.69049953910024	236.0
310.7005001989496	245.0
310.7105008587989	272.0
310.72050151864823	275.0
310.7305021784976	275.0
310.7405028383469	275.0
310.7505034981962	272.0
310.7605041580456	268.0
310.7705048178949	268.0
310.7805054777442	272.0
310.7905061375935	288.0
310.8005067974429	305.0
310.8105074572922	331.0
310.8205081171415	350.0
310.8305087769909	367.0
310.8405094368402	367.0
310.8505100966895	358.0
310.8605107565389	342.0
310.8705114163882	323.0
310.8805120762375	298.0
310.89051273608686	275.0
310.9005133959362	265.0
310.9105140557855	265.0
310.92051471563485	265.0
310.93051537548416	265.0
310.9405160353335	268.0
310.95051669518284	268.0
310.96051735503215	268.0
310.97051801488146	265.0
310.9805186747308	259.0
310.99051933458014	245.0
311.00051999442945	239.0
311.01052065427876	239.0
311.02052131412813	239.0
311.03052197397744	275.0
311.04052263382675	275.0
311.0505232936761	272.0
311.06052395352543	265.0
311.07052461337474	265.0
311.0805252732241	265.0
311.0905259330734	268.0
311.10052659292273	278.0
311.1105272527721	291.0
311.1205279126214	312.0
311.1305285724707	331.0
311.1405292323201	354.0
311.1505298921694	380.0
311.1605305520187	402.0
311.170531211868	417.0
311.1805318717174	421.0
311.1905325315667	421.0
311.200533191416	417.0
311.2105338512654	407.0
311.2205345111147	389.0
311.230535170964	371.0
311.24053583081337	358.0
311.2505364906627	346.0
311.260537150512	338.0
311.27053781036136	334.0
311.2805384702107	334.0
311.29053913006	331.0
311.30053978990935	334.0
311.31054044975866	334.0
311.320541109608	342.0
311.3305417694573	350.0
311.34054242930665	363.0
311.35054308915596	367.0
311.3605437490053	371.0
311.37054440885464	367.0
311.38054506870395	363.0
311.39054572855326	350.0
311.40054638840263	0.0
311.41054704825194	0.0
311.42054770810125	0.0
311.4305483679506	0.0
311.44054902779993	0.0
311.45054968764924	0.0
311.4605503474986	0.0
311.4705510073479	0.0
311.48055166719723	0.0
311.4905523270466	0.0
311.5005529868959	0.0
311.5105536467452	0.0
311.52055430659453	0.0
311.5305549664439	0.0
311.5405556262932	0.0
311.5505562861425	0.0
311.5605569459919	0.0
311.5705576058412	0.0
311.5805582656905	0.0
311.5905589255399	0.0
311.6005595853892	0.0
311.6105602452385	0.0
311.62056090508787	0.0
311.6305615649372	0.0
311.6405622247865	0.0
311.65056288463586	0.0
311.66056354448517	0.0
311.6705642043345	0.0
311.68056486418385	0.0
311.69056552403316	0.0
311.7005661838825	253.0
311.7105668437318	250.0
311.72056750358115	248.0
311.73056816343046	250.0
311.7405688232798	250.0
311.75056948312914	253.0
311.76057014297845	256.0
311.77057080282776	262.0
311.78057146267713	278.0
311.79057212252644	301.0
311.80057278237575	319.0
311.8105734422251	331.0
311.82057410207443	342.0
311.83057476192374	350.0
311.8405754217731	350.0
311.8505760816224	350.0
311.86057674147173	342.0
311.87057740132104	323.0
311.8805780611704	312.0
311.8905787210197	308.0
311.90057938086903	308.0
311.9105800407184	319.0
311.9205807005677	338.0
311.930581360417	363.0
311.9405820202664	375.0
311.9505826801157	398.0
311.960583339965	417.0
311.9705839998144	421.0
311.9805846596637	421.0
311.990585319513	417.0
312.00058597936237	393.0
312.0105866392117	371.0
312.020587299061	346.0
312.03058795891036	331.0
312.04058861875967	319.0
312.050589278609	323.0
312.0605899384583	327.0
312.07059059830766	338.0
312.08059125815697	358.0
312.0905919180063	371.0
312.10059257785565	375.0
312.11059323770496	375.0
312.1205938975543	371.0
312.13059455740364	363.0
312.14059521725295	346.0
312.15059587710226	319.0
312.16059653695163	275.0
312.17059719680094	253.0
312.18059785665025	242.0
312.1905985164996	234.0
312.20059917634893	234.0
312.21059983619824	236.0
312.2206004960476	245.0
312.2306011558969	253.0
312.24060181574623	259.0
312.25060247559554	265.0
312.2606031354449	265.0
312.2706037952942	265.0
312.28060445514353	262.0
312.2906051149929	259.0
312.3006057748422	253.0
312.3106064346915	250.0
312.3206070945409	245.0
312.3306077543902	239.0
312.3406084142395	242.0
312.3506090740889	253.0
312.3606097339382	272.0
312.3706103937875	288.0
312.38061105363687	301.0
312.3906117134862	312.0
312.4006123733355	323.0
312.41061303318486	334.0
312.42061369303417	338.0
312.4306143528835	338.0
312.4406150127328	334.0
312.45061567258216	323.0
312.46061633243147	305.0
312.4706169922808	291.0
312.48061765213015	278.0
312.49061831197946	272.0
312.50061897182877	268.0
312.51061963167814	275.0
312.52062029152745	284.0
312.53062095137676	294.0
312.54062161122613	305.0
312.55062227107544	319.0
312.56062293092475	327.0
312.5706235907741	334.0
312.58062425062343	338.0
312.59062491047274	338.0
312.60062557032205	334.0
312.6106262301714	327.0
312.62062689002073	316.0
312.63062754987004	308.0
312.6406282097194	298.0
312.6506288695687	288.0
312.66062952941803	284.0
312.6706301892674	288.0
312.6806308491167	291.0
312.690631508966	301.0
312.7006321688154	319.0
312.7106328286647	338.0
312.720633488514	354.0
312.7306341483634	371.0
312.7406348082127	389.0
312.750635468062	402.0
312.76063612791137	412.0
312.7706367877607	412.0
312.78063744761	412.0
312.7906381074593	412.0
312.80063876730867	412.0
312.810639427158	407.0
312.8206400870073	407.0
312.83064074685666	402.0
312.84064140670597	402.0
312.8506420665553	402.0
312.86064272640465	398.0
312.87064338625396	398.0
312.88064404610327	398.0
312.89064470595264	398.0
312.90064536580195	398.0
312.91064602565126	389.0
312.9206466855006	367.0
312.93064734534994	350.0
312.94064800519925	0.0
312.9506486650486	0.0
312.96064932489793	0.0
312.97064998474724	0.0
312.98065064459655	0.0
312.9906513044459	0.0
313.00065196429523	350.0
313.01065262414454	338.0
313.0206532839939	327.0
313.0306539438432	316.0
313.04065460369253	312.0
313.0506552635419	308.0
313.0606559233912	312.0
313.0706565832405	316.0
313.0806572430899	327.0
313.0906579029392	338.0
313.1006585627885	354.0
313.1106592226379	367.0
313.1206598824872	375.0
313.1306605423365	380.0
313.1406612021858	380.0
313.1506618620352	371.0
313.1606625218845	358.0
313.1706631817338	346.0
313.18066384158317	331.0
313.1906645014325	319.0
313.2006651612818	316.0
313.21066582113116	319.0
313.22066648098047	331.0
313.2306671408298	380.0
313.24066780067915	402.0
313.25066846052846	417.0
313.26066912037777	431.0
313.27066978022714	431.0
313.28067044007645	431.0
313.29067109992576	421.0
313.3006717597751	407.0
313.31067241962444	389.0
313.32067307947375	367.0
313.33067373932306	346.0
313.3406743991724	327.0
313.35067505902174	319.0
313.36067571887105	316.0
313.3706763787204	316.0
313.38067703856973	319.0
313.39067769841904	331.0
313.4006783582684	338.0
313.4106790181177	342.0
313.42067967796703	346.0
313.4306803378164	342.0
313.4406809976657	334.0
313.450681657515	323.0
313.4606823173644	308.0
313.4706829772137	272.0
313.480683637063	262.0
313.4906842969124	259.0
313.5006849567617	262.0
313.510685616611	272.0
313.5206862764603	301.0
313.5306869363097	338.0
313.540687596159	358.0
313.5506882560083	371.0
313.56068891585767	380.0
313.570689575707	380.0
313.5806902355563	375.0
313.59069089540566	367.0
313.60069155525497	298.0
313.6106922151043	268.0
313.62069287495365	256.0
313.63069353480296	245.0
313.64069419465227	236.0
313.65069485450164	236.0
313.66069551435095	275.0
313.67069617420026	275.0
313.68069683404957	275.0
313.69069749389894	275.0
313.70069815374825	275.0
313.71069881359756	272.0
313.7206994734469	268.0
313.73070013329624	265.0
313.74070079314555	262.0
313.7507014529949	259.0
313.7607021128442	253.0
313.77070277269354	0.0
313.7807034325429	0.0
313.7907040923922	0.0
313.80070475224153	0.0
313.8107054120909	0.0
313.8207060719402	0.0
313.8307067317895	0.0
313.8407073916389	0.0
313.8507080514882	0.0
313.8607087113375	0.0
313.8707093711868	0.0
313.8807100310362	0.0
313.8907106908855	0.0
313.9007113507348	0.0
313.9107120105842	0.0
313.9207126704335	0.0
313.9307133302828	0.0
313.94071399013217	0.0
313.9507146499815	0.0
313.9607153098308	0.0
313.97071596968016	0.0
313.98071662952947	0.0
313.9907172893788	213.0
314.00071794922815	213.0
314.01071860907746	210.0
314.02071926892677	208.0
314.03071992877614	208.0
314.04072058862545	208.0
314.05072124847476	208.0
314.06072190832407	208.0
314.07072256817344	210.0
314.08072322802275	215.0
314.09072388787206	262.0
314.1007245477214	268.0
314.11072520757074	268.0
314.12072586742005	268.0
314.1307265272694	259.0
314.1407271871187	242.0
314.15072784696804	226.0
314.1607285068174	213.0
314.1707291666667	203.0
314.18072982651603	201.0
314.1907304863654	203.0
314.2007311462147	210.0
314.210731806064	231.0
314.2207324659134	253.0
314.2307331257627	278.0
314.240733785612	291.0
314.2507344454613	294.0
314.2607351053107	291.0
314.27073576516	281.0
314.2807364250093	265.0
314.2907370848587	250.0
314.300737744708	234.0
314.3107384045573	218.0
314.32073906440667	206.0
314.330739724256	201.0
314.3407403841053	201.0
314.35074104395466	201.0
314.36074170380397	206.0
314.3707423636533	210.0
314.38074302350265	215.0
314.39074368335196	223.0
314.40074434320127	231.0
314.4107450030506	236.0
314.42074566289995	239.0
314.43074632274926	239.0
314.44074698259857	236.0
314.45074764244794	231.0
314.46074830229725	223.0
314.47074896214656	218.0
314.4807496219959	215.0
314.49075028184524	215.0
314.50075094169455	218.0
314.5107516015439	226.0
314.5207522613932	231.0
314.53075292124254	236.0
314.5407535810919	242.0
314.5507542409412	245.0
314.5607549007905	245.0
314.5707555606399	239.0
314.5807562204892	228.0
314.5907568803385	218.0
314.60075754018783	206.0
314.6107582000372	194.0
314.6207588598865	185.0
314.6307595197358	183.0
314.6407601795852	187.0
314.6507608394345	196.0
314.6607614992838	201.0
314.6707621591332	206.0
314.6807628189825	208.0
314.6907634788318	210.0
314.70076413868117	210.0
314.7107647985305	210.0
314.7207654583798	208.0
314.73076611822916	208.0
314.74076677807847	203.0
314.7507674379278	199.0
314.76076809777715	194.0
314.77076875762646	192.0
314.78076941747577	192.0
314.7907700773251	196.0
314.80077073717445	201.0
314.81077139702376	208.0
314.82077205687307	213.0
314.83077271672244	220.0
314.84077337657175	231.0
314.85077403642106	239.0
314.8607746962704	245.0
314.87077535611974	248.0
314.88077601596905	248.0
314.8907766758184	248.0
314.9007773356677	242.0
314.91077799551704	236.0
314.9207786553664	228.0
314.9307793152157	223.0
314.940779975065	218.0
314.95078063491434	215.0
314.9607812947637	215.0
314.970781954613	223.0
314.9807826144623	231.0
314.9907832743117	239.0
315.000783934161	248.0
315.0107845940103	253.0
315.0207852538597	256.0
315.030785913709	253.0
315.0407865735583	245.0
315.0507872334077	236.0
315.060787893257	223.0
315.0707885531063	208.0
315.08078921295566	194.0
315.090789872805	185.0
315.1007905326543	185.0
315.11079119250365	190.0
315.12079185235297	192.0
315.1307925122023	196.0
315.1407931720516	201.0
315.15079383190096	203.0
315.16079449175027	206.0
315.1707951515996	208.0
315.18079581144895	208.0
315.19079647129826	208.0
315.20079713114757	208.0
315.21079779099693	206.0
315.22079845084625	203.0
315.23079911069556	201.0
315.2407997705449	196.0
315.25080043039424	196.0
315.26080109024355	196.0
315.2708017500929	199.0
315.2808024099422	203.0
315.29080306979154	210.0
315.3008037296409	215.0
315.3108043894902	228.0
315.3208050493395	234.0
315.33080570918884	239.0
315.3408063690382	239.0
315.3508070288875	236.0
315.3608076887368	234.0
315.3708083485862	228.0
315.3808090084355	223.0
315.3908096682848	218.0
315.4008103281342	218.0
315.4108109879835	218.0
315.4208116478328	223.0
315.4308123076822	236.0
315.4408129675315	253.0
315.4508136273808	275.0
315.46081428723016	305.0
315.4708149470795	312.0
315.4808156069288	316.0
315.4908162667781	316.0
315.50081692662746	308.0
315.5108175864768	265.0
315.5208182463261	248.0
315.53081890617545	234.0
315.54081956602477	220.0
315.5508202258741	218.0
315.56082088572344	215.0
315.57082154557276	215.0
315.58082220542207	213.0
315.59082286527143	215.0
315.60082352512075	218.0
315.61082418497006	226.0
315.6208248448194	236.0
315.63082550466873	245.0
315.64082616451805	253.0
315.6508268243674	262.0
315.6608274842167	268.0
315.67082814406604	272.0
315.68082880391535	275.0
315.6908294637647	278.0
315.700830123614	278.0
315.71083078346334	278.0
315.7208314433127	278.0
315.730832103162	278.0
315.7408327630113	275.0
315.7508334228607	275.0
315.76083408271	272.0
315.7708347425593	275.0
315.7808354024087	275.0
315.790836062258	278.0
315.8008367221073	278.0
315.8108373819567	278.0
315.820838041806	278.0
315.8308387016553	278.0
315.84083936150466	281.0
315.850840021354	281.0
315.8608406812033	272.0
315.8708413410526	265.0
315.88084200090196	262.0
315.8908426607513	259.0
315.9008433206006	259.0
315.91084398044995	256.0
315.92084464029926	259.0
315.9308453001486	265.0
315.94084595999794	278.0
315.95084661984725	294.0
315.96084727969657	319.0
315.97084793954593	342.0
315.98084859939524	358.0
315.99084925924456	371.0
316.0008499190939	371.0
316.01085057894323	371.0
316.02085123879255	363.0
316.03085189864186	354.0
316.0408525584912	331.0
316.05085321834054	308.0
316.06085387818985	291.0
316.0708545380392	278.0
316.0808551978885	272.0
316.09085585773784	268.0
316.1008565175872	268.0
316.1108571774365	265.0
316.1208578372858	265.0
316.1308584971352	259.0
316.1408591569845	250.0
316.1508598168338	239.0
316.1608604766832	239.0
316.1708611365325	242.0
316.1808617963818	268.0
316.1908624562312	272.0
316.2008631160805	272.0
316.2108637759298	268.0
316.2208644357791	268.0
316.2308650956285	265.0
316.2408657554778	268.0
316.2508664153271	272.0
316.26086707517646	284.0
316.2708677350258	301.0
316.2808683948751	319.0
316.29086905472445	338.0
316.30086971457376	363.0
316.3108703744231	389.0
316.32087103427244	412.0
316.33087169412175	426.0
316.34087235397106	431.0
316.35087301382043	431.0
316.36087367366974	426.0
316.37087433351905	412.0
316.3808749933684	398.0
316.39087565321773	375.0
316.40087631306704	358.0
316.41087697291636	342.0
316.4208776327657	331.0
316.43087829261503	323.0
316.44087895246435	316.0
316.4508796123137	256.0
316.460880272163	253.0
316.47088093201234	0.0
316.4808815918617	0.0
316.490882251711	0.0
316.5008829115603	0.0
316.5108835714097	0.0
316.520884231259	0.0
316.5308848911083	0.0
316.5408855509577	0.0
316.550886210807	0.0
316.5608868706563	0.0
316.5708875305057	0.0
316.580888190355	0.0
316.5908888502043	0.0
316.6008895100536	0.0
316.610890169903	0.0
316.6208908297523	0.0
316.6308914896016	0.0
316.64089214945096	0.0
316.6508928093003	0.0
316.6608934691496	0.0
316.67089412899895	0.0
316.68089478884826	0.0
316.6908954486976	0.0
316.70089610854694	0.0
316.71089676839625	0.0
316.72089742824556	0.0
316.73089808809493	0.0
316.74089874794424	0.0
316.75089940779355	0.0
316.76090006764286	0.0
316.77090072749223	0.0
316.78090138734154	0.0
316.79090204719085	0.0
316.8009027070402	0.0
316.81090336688953	0.0
316.82090402673884	0.0
316.8309046865882	0.0
316.8409053464375	0.0
316.85090600628683	0.0
316.8609066661362	0.0
316.8709073259855	0.0
316.8809079858348	0.0
316.8909086456842	0.0
316.9009093055335	0.0
316.9109099653828	0.0
316.9209106252322	0.0
316.9309112850815	0.0
316.9409119449308	0.0
316.9509126047801	0.0
316.9609132646295	0.0
316.9709139244788	0.0
316.9809145843281	0.0
316.9909152441775	0.0
317.0009159040268	0.0
317.0109165638761	0.0
317.02091722372546	0.0
317.0309178835748	0.0
317.0409185434241	0.0
317.05091920327345	0.0
317.06091986312276	0.0
317.0709205229721	0.0
317.08092118282144	0.0
317.09092184267075	0.0
317.10092250252006	0.0
317.11092316236943	0.0
317.12092382221874	0.0
317.13092448206805	0.0
317.14092514191736	0.0
317.15092580176673	0.0
317.16092646161604	0.0
317.17092712146535	288.0
317.1809277813147	284.0
317.19092844116403	284.0
317.20092910101334	278.0
317.2109297608627	272.0
317.220930420712	265.0
317.23093108056133	262.0
317.2409317404107	262.0
317.25093240026	265.0
317.2609330601093	275.0
317.2709337199587	288.0
317.280934379808	305.0
317.2909350396573	323.0
317.3009356995066	334.0
317.310936359356	350.0
317.3209370192053	363.0
317.3309376790546	367.0
317.340938338904	367.0
317.3509389987533	363.0
317.3609396586026	350.0
317.37094031845197	338.0
317.3809409783013	331.0
317.3909416381506	327.0
317.40094229799996	331.0
317.4109429578493	338.0
317.4209436176986	350.0
317.43094427754795	363.0
317.44094493739726	375.0
317.4509455972466	389.0
317.46094625709594	402.0
317.47094691694525	402.0
317.48094757679456	398.0
317.4909482366439	384.0
317.50094889649324	371.0
317.51094955634255	350.0
317.52095021619186	338.0
317.53095087604123	327.0
317.54095153589054	319.0
317.55095219573985	316.0
317.5609528555892	319.0
317.57095351543853	331.0
317.58095417528784	338.0
317.5909548351372	350.0
317.6009554949865	354.0
317.61095615483583	354.0
317.6209568146852	354.0
317.6309574745345	350.0
317.6409581343838	342.0
317.6509587942332	331.0
317.6609594540825	268.0
317.6709601139318	262.0
317.6809607737811	250.0
317.6909614336305	242.0
317.7009620934798	242.0
317.7109627533291	245.0
317.7209634131785	253.0
317.7309640730278	262.0
317.7409647328771	268.0
317.75096539272647	272.0
317.7609660525758	272.0
317.7709667124251	272.0
317.78096737227446	268.0
317.79096803212377	265.0
317.8009686919731	262.0
317.81096935182245	259.0
317.82097001167176	250.0
317.8309706715211	245.0
317.8409713313704	245.0
317.85097199121975	259.0
317.86097265106906	278.0
317.8709733109184	294.0
317.88097397076774	312.0
317.89097463061705	327.0
317.90097529046636	342.0
317.91097595031573	350.0
317.92097661016504	354.0
317.93097727001435	358.0
317.9409779298637	354.0
317.95097858971303	342.0
317.96097924956234	327.0
317.9709799094117	316.0
317.980980569261	305.0
317.99098122911033	298.0
318.0009818889597	298.0
318.010982548809	305.0
318.0209832086583	316.0
318.03098386850763	327.0
318.040984528357	342.0
318.0509851882063	350.0
318.0609858480556	363.0
318.070986507905	367.0
318.0809871677543	367.0
318.0909878276036	363.0
318.100988487453	354.0
318.1109891473023	342.0
318.1209898071516	331.0
318.13099046700097	323.0
318.1409911268503	316.0
318.1509917866996	308.0
318.16099244654896	308.0
318.17099310639827	312.0
318.1809937662476	319.0
318.19099442609695	331.0
318.20099508594626	350.0
318.21099574579557	371.0
318.2209964056449	393.0
318.23099706549425	402.0
318.24099772534356	412.0
318.2509983851929	412.0
318.26099904504224	412.0
318.27099970489155	412.0
318.28100036474086	407.0
318.29100102459023	402.0
318.30100168443954	402.0
318.31100234428885	398.0
318.3210030041382	398.0
318.33100366398753	398.0
318.34100432383684	402.0
318.3510049836862	402.0
318.3610056435355	407.0
318.37100630338483	407.0
318.3810069632342	412.0
318.3910076230835	412.0
318.4010082829328	407.0
318.41100894278213	407.0
318.4210096026315	0.0
318.4310102624808	0.0
318.4410109223301	0.0
318.4510115821795	0.0
318.4610122420288	0.0
318.4710129018781	0.0
318.4810135617275	384.0
318.4910142215768	371.0
318.5010148814261	358.0
318.51101554127547	338.0
318.5210162011248	323.0
318.5310168609741	316.0
318.54101752082346	312.0
318.55101818067277	316.0
318.5610188405221	327.0
318.5710195003714	338.0
318.58102016022076	346.0
318.59102082007007	354.0
318.6010214799194	354.0
318.61102213976875	354.0
318.62102279961806	346.0
318.6310234594674	338.0
318.64102411931674	327.0
318.65102477916605	316.0
318.66102543901536	312.0
318.67102609886473	312.0
318.68102675871404	316.0
318.69102741856335	331.0
318.7010280784127	350.0
318.71102873826203	380.0
318.72102939811134	412.0
318.7310300579607	426.0
318.74103071781	441.0
318.75103137765933	447.0
318.76103203750864	447.0
318.771032697358	436.0
318.7810333572073	417.0
318.79103401705663	398.0
318.801034676906	371.0
318.8110353367553	350.0
318.8210359966046	338.0
318.831036656454	331.0
318.8410373163033	331.0
318.8510379761526	334.0
318.861038636002	342.0
318.8710392958513	346.0
318.8810399557006	350.0
318.89104061554997	350.0
318.9010412753993	346.0
318.9110419352486	334.0
318.92104259509796	323.0
318.93104325494727	305.0
318.9410439147966	275.0
318.9510445746459	265.0
318.96104523449526	259.0
318.97104589434457	262.0
318.9810465541939	288.0
318.99104721404325	305.0
319.00104787389256	316.0
319.01104853374187	334.0
319.02104919359124	350.0
319.03104985344055	363.0
319.04105051328986	367.0
319.05105117313923	367.0
319.06105183298854	358.0
319.07105249283785	354.0
319.0810531526872	294.0
319.09105381253653	259.0
319.10105447238584	256.0
319.11105513223515	248.0
319.1210557920845	259.0
319.13105645193383	272.0
319.14105711178314	275.0
319.1510577716325	272.0
319.1610584314818	268.0
319.17105909133113	265.0
319.1810597511805	265.0
319.1910604110298	262.0
319.2010610708791	262.0
319.2110617307285	268.0
319.2210623905778	268.0
319.2310630504271	268.0
319.2410637102765	268.0
319.2510643701258	268.0
319.2610650299751	268.0
319.27106568982447	268.0
319.2810663496738	268.0
319.2910670095231	268.0
319.3010676693724	272.0
319.31106832922177	272.0
319.3210689890711	272.0
319.3310696489204	272.0
319.34107030876976	275.0
319.35107096861907	275.0
319.3610716284684	275.0
319.37107228831775	278.0
319.38107294816706	275.0
319.39107360801637	265.0
319.40107426786574	256.0
319.41107492771505	250.0
319.42107558756436	245.0
319.4310762474137	242.0
319.44107690726304	239.0
319.45107756711235	234.0
319.4610782269617	226.0
319.47107888681103	218.0
319.48107954666034	213.0
319.49108020650965	208.0
319.501080866359	208.0
319.51108152620833	208.0
319.52108218605764	218.0
319.531082845907	234.0
319.5410835057563	248.0
319.55108416560563	259.0
319.561084825455	272.0
319.5710854853043	278.0
319.5810861451536	278.0
319.591086805003	268.0
319.6010874648523	253.0
319.6110881247016	239.0
319.621088784551	223.0
319.6310894444003	210.0
319.6410901042496	210.0
319.6510907640989	213.0
319.6610914239483	226.0
319.6710920837976	239.0
319.6810927436469	253.0
319.69109340349627	268.0
319.7010940633456	278.0
319.7110947231949	284.0
319.72109538304426	281.0
319.73109604289357	272.0
319.7410967027429	262.0
319.75109736259225	248.0
319.76109802244156	236.0
319.77109868229087	218.0
319.78109934214024	213.0
319.79110000198955	210.0
319.80110066183886	210.0
319.8111013216882	213.0
319.82110198153754	218.0
319.83110264138685	226.0
319.84110330123616	234.0
319.8511039610855	242.0
319.86110462093484	248.0
319.87110528078415	253.0
319.8811059406335	256.0
319.89110660048283	256.0
319.90110726033214	253.0
319.9111079201815	248.0
319.9211085800308	239.0
319.93110923988013	231.0
319.9411098997295	223.0
319.9511105595788	220.0
319.9611112194281	220.0
319.9711118792775	226.0
319.9811125391268	234.0
319.9911131989761	242.0
320.0011138588255	250.0
320.0111145186748	253.0
320.0211151785241	256.0
320.0311158383734	253.0
320.0411164982228	248.0
320.0511171580721	236.0
320.0611178179214	220.0
320.07111847777077	206.0
320.0811191376201	199.0
320.0911197974694	196.0
320.10112045731876	199.0
320.11112111716807	201.0
320.1211217770174	203.0
320.13112243686675	206.0
320.14112309671606	206.0
320.15112375656537	208.0
320.16112441641474	208.0
320.17112507626405	206.0
320.18112573611336	203.0
320.1911263959627	201.0
320.20112705581204	199.0
320.21112771566135	199.0
320.22112837551066	201.0
320.23112903536	201.0
320.24112969520934	203.0
320.25113035505865	208.0
320.261131014908	213.0
320.2711316747573	218.0
320.28113233460664	226.0
320.291132994456	234.0
320.3011336543053	239.0
320.31113431415463	242.0
320.321134974004	245.0
320.3311356338533	245.0
320.3411362937026	242.0
320.351136953552	236.0
320.3611376134013	231.0
320.3711382732506	226.0
320.3811389330999	220.0
320.3911395929493	218.0
320.4011402527986	218.0
320.4111409126479	220.0
320.4211415724973	226.0
320.4311422323466	234.0
320.4411428921959	242.0
320.45114355204527	245.0
320.4611442118946	248.0
320.4711448717439	248.0
320.48114553159326	245.0
320.49114619144257	234.0
320.5011468512919	218.0
320.51114751114125	203.0
320.52114817099056	187.0
320.53114883083987	183.0
320.54114949068924	183.0
320.55115015053855	187.0
320.56115081038786	192.0
320.57115147023717	199.0
320.58115213008654	201.0
320.59115278993585	206.0
320.60115344978516	208.0
320.6111541096345	210.0
320.62115476948384	210.0
320.63115542933315	208.0
320.6411560891825	206.0
320.6511567490318	203.0
320.66115740888114	199.0
320.6711580687305	196.0
320.6811587285798	196.0
320.6911593884291	196.0
320.7011600482785	199.0
320.7111607081278	203.0
320.7211613679771	208.0
320.7311620278265	215.0
320.7411626876758	220.0
320.7511633475251	228.0
320.7611640073744	231.0
320.7711646672238	234.0
320.7811653270731	231.0
320.7911659869224	231.0
320.8011666467718	226.0
320.8111673066211	223.0
320.8211679664704	220.0
320.83116862631977	215.0
320.8411692861691	215.0
320.8511699460184	213.0
320.86117060586776	215.0
320.87117126571707	218.0
320.8811719255664	226.0
320.89117258541575	231.0
320.90117324526506	242.0
320.91117390511437	250.0
320.9211745649637	256.0
320.93117522481305	259.0
320.94117588466236	250.0
320.95117654451167	245.0
320.96117720436104	236.0
320.97117786421035	236.0
320.98117852405966	239.0
320.991179183909	245.0
321.00117984375834	248.0
321.01118050360765	223.0
321.021181163457	210.0
321.0311818233063	206.0
321.04118248315564	206.0
321.051183143005	208.0
321.0611838028543	215.0
321.0711844627036	223.0
321.081185122553	236.0
321.0911857824023	245.0
321.1011864422516	248.0
321.1111871021009	248.0
321.1211877619503	248.0
321.1311884217996	239.0
321.1411890816489	231.0
321.1511897414983	218.0
321.1611904013476	210.0
321.1711910611969	203.0
321.1811917210463	201.0
321.1911923808956	199.0
321.2011930407449	0.0
321.21119370059427	0.0
321.2211943604436	0.0
321.2311950202929	0.0
321.24119568014225	0.0
321.25119633999157	0.0
321.2611969998409	0.0
321.27119765969024	0.0
321.28119831953956	0.0
321.29119897938887	0.0
321.3011996392382	0.0
321.31120029908755	0.0
321.32120095893686	0.0
321.33120161878617	0.0
321.34120227863554	0.0
321.35120293848485	0.0
321.36120359833416	0.0
321.3712042581835	0.0
321.38120491803284	0.0
321.39120557788215	0.0
321.4012062377315	0.0
321.4112068975808	0.0
321.42120755743014	0.0
321.4312082172795	0.0
321.4412088771288	0.0
321.4512095369781	0.0
321.46121019682744	0.0
321.4712108566768	0.0
321.4812115165261	0.0
321.4912121763754	0.0
321.5012128362248	0.0
321.5112134960741	0.0
321.5212141559234	0.0
321.5312148157728	0.0
321.5412154756221	316.0
321.5512161354714	312.0
321.5612167953208	308.0
321.5712174551701	305.0
321.5812181150194	301.0
321.59121877486876	301.0
321.6012194347181	301.0
321.6112200945674	308.0
321.62122075441675	316.0
321.63122141426607	323.0
321.6412220741154	334.0
321.6512227339647	342.0
321.66122339381405	350.0
321.67122405366337	363.0
321.6812247135127	371.0
321.69122537336204	380.0
321.70122603321136	389.0
321.71122669306067	393.0
321.72122735291003	398.0
321.73122801275935	402.0
321.74122867260866	402.0
321.751229332458	402.0
321.76122999230734	402.0
321.77123065215665	398.0
321.781231312006	402.0
321.7912319718553	402.0
321.80123263170464	398.0
321.811233291554	398.0
321.8212339514033	393.0
321.8312346112526	380.0
321.84123527110194	358.0
321.8512359309513	342.0
321.8612365908006	338.0
321.8712372506499	375.0
321.8812379104993	389.0
321.8912385703486	402.0
321.9012392301979	407.0
321.9112398900473	407.0
321.9212405498966	407.0
321.9312412097459	407.0
321.9412418695953	407.0
321.9512425294446	407.0
321.9612431892939	407.0
321.97124384914326	407.0
321.9812445089926	402.0
321.9912451688419	398.0
322.00124582869125	389.0
322.01124648854056	371.0
322.0212471483899	375.0
322.0312478082392	389.0
322.04124846808855	398.0
322.05124912793787	407.0
322.0612497877872	421.0
322.07125044763654	441.0
322.08125110748585	452.0
322.09125176733517	457.0
322.10125242718453	462.0
322.11125308703384	457.0
322.12125374688316	457.0
322.1312544067325	452.0
322.14125506658183	441.0
322.15125572643115	431.0
322.1612563862805	421.0
322.1712570461298	375.0
322.18125770597914	367.0
322.19125836582845	452.0
322.2012590256778	462.0
322.2112596855271	468.0
322.22126034537644	473.0
322.2312610052258	479.0
322.2412616650751	490.0
322.2512623249244	496.0
322.2612629847738	496.0
322.2712636446231	490.0
322.2812643044724	479.0
322.2912649643218	468.0
322.3012656241711	457.0
322.3112662840204	436.0
322.3212669438698	358.0
322.3312676037191	334.0
322.3412682635684	342.0
322.35126892341776	375.0
322.3612695832671	384.0
322.3712702431164	389.0
322.3812709029657	398.0
322.39127156281506	402.0
322.4012722226644	402.0
322.4112728825137	407.0
322.42127354236305	407.0
322.43127420221236	412.0
322.4412748620617	407.0
322.45127552191104	407.0
322.46127618176035	402.0
322.47127684160967	393.0
322.48127750145903	389.0
322.49127816130834	384.0
322.50127882115765	363.0
322.511279481007	334.0
322.52128014085633	338.0
322.53128080070564	412.0
322.541281460555	417.0
322.5512821204043	426.0
322.56128278025363	436.0
322.57128344010295	441.0
322.5812840999523	447.0
322.5912847598016	447.0
322.60128541965094	447.0
322.6112860795003	441.0
322.6212867393496	441.0
322.6312873991989	441.0
322.6412880590483	436.0
322.6512887188976	436.0
322.6612893787469	441.0
322.6712900385963	441.0
322.6812906984456	441.0
322.6912913582949	447.0
322.7012920181443	447.0
322.7112926779936	447.0
322.7212933378429	452.0
322.7312939976922	452.0
322.7412946575416	452.0
322.7512953173909	452.0
322.7612959772402	452.0
322.77129663708956	452.0
322.7812972969389	447.0
322.7912979567882	447.0
322.80129861663755	431.0
322.81129927648686	407.0
322.8212999363362	389.0
322.83130059618554	389.0
322.84130125603485	389.0
322.85130191588416	398.0
322.86130257573353	421.0
322.87130323558284	457.0
322.88130389543215	479.0
322.8913045552815	507.0
322.90130521513083	525.0
322.91130587498014	531.0
322.92130653482945	531.0
322.9313071946788	525.0
322.94130785452813	519.0
322.95130851437744	0.0
322.9613091742268	0.0
322.9713098340761	0.0
322.98131049392543	0.0
322.9913111537748	375.0
323.0013118136241	375.0
323.0113124734734	380.0
323.0213131333228	389.0
323.0313137931721	398.0
323.0413144530214	407.0
323.0513151128708	421.0
323.0613157727201	426.0
323.0713164325694	426.0
323.0813170924188	426.0
323.0913177522681	421.0
323.1013184121174	417.0
323.1113190719667	389.0
323.1213197318161	358.0
323.1313203916654	334.0
323.1413210515147	327.0
323.15132171136406	327.0
323.1613223712134	323.0
323.1713230310627	327.0
323.18132369091205	334.0
323.19132435076136	346.0
323.2013250106107	358.0
323.21132567046004	371.0
323.22132633030935	375.0
323.23132699015866	375.0
323.24132765000803	371.0
323.25132830985734	358.0
323.26132896970665	323.0
323.27132962955596	301.0
323.28133028940533	262.0
323.29133094925464	259.0
323.30133160910395	256.0
323.3113322689533	256.0
323.32133292880263	253.0
323.33133358865194	250.0
323.3413342485013	250.0
323.3513349083506	253.0
323.36133556819993	259.0
323.3713362280493	262.0
323.3813368878986	265.0
323.3913375477479	268.0
323.4013382075973	268.0
323.4113388674466	268.0
323.4213395272959	268.0
323.4313401871453	265.0
323.4413408469946	259.0
323.4513415068439	259.0
323.4613421666932	334.0
323.4713428265426	342.0
323.4813434863919	350.0
323.4913441462412	350.0
323.5013448060906	350.0
323.5113454659399	346.0
323.5213461257892	338.0
323.53134678563856	331.0
323.5413474454879	327.0
323.5513481053372	323.0
323.56134876518655	319.0
323.57134942503586	312.0
323.5813500848852	305.0
323.59135074473454	0.0
323.60135140458385	0.0
323.61135206443316	0.0
323.62135272428253	0.0
323.63135338413184	0.0
323.64135404398115	402.0
323.65135470383046	412.0
323.66135536367983	417.0
323.67135602352914	417.0
323.68135668337845	417.0
323.6913573432278	412.0
323.70135800307713	412.0
323.71135866292644	407.0
323.7213593227758	375.0
323.7313599826251	363.0
323.74136064247443	0.0
323.7513613023238	0.0
323.7613619621731	0.0
323.7713626220224	0.0
323.7813632818718	0.0
323.7913639417211	0.0
323.8013646015704	0.0
323.8113652614197	0.0
323.8213659212691	0.0
323.8313665811184	0.0
323.8413672409677	0.0
323.8513679008171	0.0
323.8613685606664	0.0
323.8713692205157	0.0
323.88136988036507	0.0
323.8913705402144	0.0
323.9013712000637	0.0
323.91137185991306	0.0
323.9213725197624	0.0
323.9313731796117	0.0
323.94137383946105	0.0
323.95137449931036	0.0
323.9613751591597	0.0
323.97137581900904	0.0
323.98137647885835	0.0
323.99137713870766	407.0
324.001377798557	402.0
324.01137845840634	402.0
324.02137911825565	402.0
324.03137977810496	402.0
324.04138043795433	402.0
324.05138109780364	402.0
324.06138175765295	402.0
324.0713824175023	402.0
324.08138307735163	402.0
324.09138373720094	402.0
324.1013843970503	398.0
324.1113850568996	389.0
324.12138571674893	319.0
324.1313863765983	323.0
324.1413870364476	323.0
324.1513876962969	316.0
324.1613883561463	308.0
324.1713890159956	308.0
324.1813896758449	312.0
324.1913903356942	323.0
324.2013909955436	331.0
324.2113916553929	371.0
324.2213923152422	380.0
324.2313929750916	380.0
324.2413936349409	375.0
324.2513942947902	367.0
324.26139495463957	358.0
324.2713956144889	350.0
324.2813962743382	316.0
324.29139693418756	319.0
324.30139759403687	323.0
324.3113982538862	384.0
324.32139891373555	393.0
324.33139957358486	412.0
324.3414002334342	431.0
324.35140089328354	457.0
324.36140155313285	507.0
324.37140221298216	525.0
324.3814028728315	537.0
324.39140353268084	537.0
324.40140419253015	537.0
324.41140485237946	525.0
324.42140551222883	507.0
324.43140617207814	431.0
324.44140683192745	412.0
324.4514074917768	393.0
324.46140815162613	389.0
324.47140881147544	384.0
324.4814094713248	389.0
324.4914101311741	393.0
324.50141079102343	398.0
324.5114114508728	402.0
324.5214121107221	402.0
324.5314127705714	402.0
324.54141343042073	402.0
324.5514140902701	402.0
324.5614147501194	398.0
324.5714154099687	393.0
324.5814160698181	384.0
324.5914167296674	380.0
324.6014173895167	375.0
324.6114180493661	371.0
324.6214187092154	367.0
324.6314193690647	358.0
324.64142002891407	334.0
324.6514206887634	323.0
324.6614213486127	316.0
324.67142200846206	316.0
324.68142266831137	319.0
324.6914233281607	327.0
324.70142398801005	334.0
324.71142464785936	346.0
324.72142530770867	354.0
324.731425967558	358.0
324.74142662740735	363.0
324.75142728725666	363.0
324.761427947106	358.0
324.77142860695534	350.0
324.78142926680465	338.0
324.79142992665396	327.0
324.80143058650333	327.0
324.81143124635264	327.0
324.82143190620195	331.0
324.8314325660513	342.0
324.84143322590063	354.0
324.85143388574994	367.0
324.8614345455993	375.0
324.8714352054486	375.0
324.88143586529793	375.0
324.8914365251473	363.0
324.9014371849966	354.0
324.9114378448459	346.0
324.92143850469523	342.0
324.9314391645446	338.0
324.9414398243939	334.0
324.9514404842432	331.0
324.9614411440926	327.0
324.9714418039419	327.0
324.9814424637912	334.0
324.9914431236406	346.0
325.0014437834899	367.0
325.0114444433392	398.0
325.02144510318857	417.0
325.0314457630379	426.0
325.0414464228872	431.0
325.05144708273656	426.0
325.06144774258587	421.0
325.0714484024352	412.0
325.0814490622845	350.0
325.09144972213386	350.0
325.10145038198317	342.0
325.1114510418325	334.0
325.12145170168185	331.0
325.13145236153116	331.0
325.14145302138047	338.0
325.15145368122984	346.0
325.16145434107915	358.0
325.17145500092846	367.0
325.18145566077783	371.0
325.19145632062714	371.0
325.20145698047645	363.0
325.2114576403258	354.0
325.22145830017513	346.0
325.23145896002444	323.0
325.2414596198738	268.0
325.2514602797231	259.0
325.26146093957243	262.0
325.27146159942174	268.0
325.2814622592711	272.0
325.2914629191204	272.0
325.30146357896973	272.0
325.3114642388191	272.0
325.3214648986684	272.0
325.3314655585177	272.0
325.3414662183671	272.0
325.3514668782164	272.0
325.3614675380657	272.0
325.3714681979151	268.0
325.3814688577644	268.0
325.3914695176137	268.0
325.40147017746307	268.0
325.4114708373124	268.0
325.4214714971617	268.0
325.43147215701106	272.0
325.44147281686037	275.0
325.4514734767097	278.0
325.461474136559	278.0
325.47147479640836	278.0
325.48147545625767	278.0
325.491476116107	278.0
325.50147677595635	281.0
325.51147743580566	281.0
325.52147809565497	245.0
325.53147875550434	234.0
325.54147941535365	226.0
325.55148007520296	220.0
325.5614807350523	215.0
325.57148139490164	210.0
325.58148205475095	208.0
325.5914827146003	206.0
325.60148337444963	206.0
325.61148403429894	210.0
325.62148469414825	218.0
325.6314853539976	234.0
325.64148601384693	242.0
325.65148667369624	248.0
325.6614873335456	250.0
325.6714879933949	253.0
325.68148865324423	250.0
325.6914893130936	236.0
325.7014899729429	226.0
325.7114906327922	215.0
325.7214912926416	210.0
325.7314919524909	210.0
325.7414926123402	210.0
325.7514932721896	213.0
325.7614939320389	223.0
325.7714945918882	239.0
325.78149525173757	245.0
325.7914959115869	250.0
325.8014965714362	256.0
325.8114972312855	256.0
325.82149789113487	253.0
325.8314985509842	248.0
325.8414992108335	239.0
325.85149987068286	218.0
325.86150053053217	0.0
325.8715011903815	0.0
325.88150185023085	0.0
325.89150251008016	0.0
325.90150316992947	208.0
325.91150382977884	208.0
325.92150448962815	206.0
325.93150514947746	203.0
325.9415058093268	201.0
325.95150646917614	201.0
325.96150712902545	201.0
325.9715077888748	201.0
325.9815084487241	203.0
325.99150910857344	203.0
326.00150976842275	203.0
326.0115104282721	203.0
326.02151108812143	203.0
326.03151174797074	206.0
326.0415124078201	206.0
326.0515130676694	206.0
326.06151372751873	206.0
326.0715143873681	206.0
326.0815150472174	206.0
326.0915157070667	203.0
326.1015163669161	203.0
326.1115170267654	201.0
326.1215176866147	201.0
326.1315183464641	199.0
326.1415190063134	199.0
326.1515196661627	196.0
326.16152032601207	192.0
326.1715209858614	190.0
326.1815216457107	190.0
326.19152230556	190.0
326.20152296540937	196.0
326.2115236252587	203.0
326.221524285108	210.0
326.23152494495736	218.0
326.24152560480667	226.0
326.251526264656	231.0
326.26152692450535	234.0
326.27152758435466	234.0
326.28152824420397	234.0
326.29152890405334	234.0
326.30152956390265	234.0
326.31153022375196	234.0
326.3215308836013	231.0
326.33153154345064	226.0
326.34153220329995	215.0
326.35153286314926	208.0
326.3615335229986	206.0
326.37153418284794	206.0
326.38153484269725	208.0
326.3915355025466	213.0
326.4015361623959	223.0
326.41153682224524	234.0
326.4215374820946	250.0
326.4315381419439	275.0
326.44153880179323	291.0
326.4515394616426	298.0
326.4615401214919	298.0
326.4715407813412	294.0
326.4815414411906	259.0
326.4915421010399	239.0
326.5015427608892	223.0
326.5115434207386	215.0
326.5215440805879	215.0
326.5315447404372	220.0
326.5415454002865	226.0
326.5515460601359	234.0
326.5615467199852	239.0
326.5715473798345	248.0
326.58154803968387	253.0
326.5915486995332	262.0
326.6015493593825	268.0
326.61155001923186	272.0
326.62155067908117	272.0
326.6315513389305	268.0
326.64155199877985	262.0
326.65155265862916	250.0
326.66155331847847	242.0
326.67155397832784	239.0
326.68155463817715	248.0
326.69155529802646	272.0
326.7015559578758	268.0
326.71155661772514	268.0
326.72155727757445	268.0
326.73155793742376	272.0
326.7415585972731	301.0
326.75155925712244	312.0
326.76155991697175	327.0
326.7715605768211	354.0
326.7815612366704	380.0
326.79156189651974	407.0
326.8015625563691	421.0
326.8115632162184	436.0
326.8215638760677	436.0
326.8315645359171	436.0
326.8415651957664	421.0
326.8515658556157	402.0
326.8615665154651	375.0
326.8715671753144	354.0
326.8815678351637	350.0
326.891568495013	346.0
326.9015691548624	346.0
326.9115698147117	346.0
326.921570474561	342.0
326.9315711344104	342.0
326.9415717942597	342.0
326.951572454109	338.0
326.96157311395837	327.0
326.9715737738077	308.0
326.981574433657	308.0
326.99157509350636	319.0
327.00157575335567	338.0
327.011576413205	350.0
327.02157707305435	375.0
327.03157773290366	393.0
327.04157839275297	398.0
327.05157905260234	402.0
327.06157971245165	402.0
327.07158037230096	402.0
327.08158103215027	402.0
327.09158169199964	402.0
327.10158235184895	402.0
327.11158301169826	402.0
327.1215836715476	402.0
327.13158433139694	393.0
327.14158499124625	389.0
327.1515856510956	407.0
327.1615863109449	417.0
327.17158697079424	426.0
327.1815876306436	431.0
327.1915882904929	447.0
327.2015889503422	457.0
327.2115896101916	462.0
327.2215902700409	462.0
327.2315909298902	462.0
327.2415915897396	457.0
327.2515922495889	452.0
327.2615929094382	441.0
327.2715935692875	436.0
327.2815942291369	426.0
327.2915948889862	417.0
327.3015955488355	412.0
327.3115962086849	452.0
327.3215968685342	452.0
327.3315975283835	452.0
327.34159818823287	452.0
327.3515988480822	452.0
327.3615995079315	452.0
327.37160016778085	457.0
327.38160082763017	462.0
327.3916014874795	468.0
327.40160214732884	479.0
327.41160280717816	479.0
327.42160346702747	479.0
327.4316041268768	473.0
327.44160478672615	468.0
327.45160544657546	441.0
327.46160610642477	436.0
327.47160676627414	441.0
327.48160742612345	441.0
327.49160808597276	452.0
327.5016087458221	462.0
327.51160940567144	490.0
327.52161006552075	519.0
327.5316107253701	544.0
327.5416113852194	563.0
327.55161204506874	576.0
327.5616127049181	583.0
327.5716133647674	576.0
327.5816140246167	563.0
327.5916146844661	537.0
327.6016153443154	531.0
327.6116160041647	431.0
327.621616664014	417.0
327.6316173238634	412.0
327.6416179837127	412.0
327.651618643562	421.0
327.6616193034114	441.0
327.6716199632607	457.0
327.68162062311	468.0
327.6916212829594	468.0
327.7016219428087	468.0
327.711622602658	468.0
327.72162326250736	0.0
327.7316239223567	0.0
327.741624582206	0.0
327.75162524205535	0.0
327.76162590190467	0.0
327.771626561754	0.0
327.78162722160334	0.0
327.79162788145265	0.0
327.80162854130197	0.0
327.8116292011513	0.0
327.82162986100064	0.0
327.83163052084996	0.0
327.84163118069927	0.0
327.85163184054863	0.0
327.86163250039795	0.0
327.87163316024726	0.0
327.8816338200966	0.0
327.89163447994594	0.0
327.90163513979525	0.0
327.9116357996446	0.0
327.9216364594939	0.0
327.93163711934324	0.0
327.9416377791926	0.0
327.9516384390419	0.0
327.9616390988912	288.0
327.9716397587406	291.0
327.9816404185899	298.0
327.9916410784392	308.0
328.0016417382885	323.0
328.0116423981379	350.0
328.0216430579872	380.0
328.0316437178365	426.0
328.0416443776859	452.0
328.0516450375352	468.0
328.0616456973845	484.0
328.0716463572339	496.0
328.0816470170832	496.0
328.0916476769325	479.0
328.10164833678186	452.0
328.1116489966312	421.0
328.1216496564805	421.0
328.13165031632985	426.0
328.14165097617916	431.0
328.1516516360285	484.0
328.1616522958778	507.0
328.17165295572715	473.0
328.18165361557647	496.0
328.1916542754258	531.0
328.20165493527514	537.0
328.21165559512445	537.0
328.22165625497377	525.0
328.23165691482313	441.0
328.24165757467244	417.0
328.25165823452176	371.0
328.2616588943711	346.0
328.27165955422043	342.0
328.28166021406975	354.0
328.2916608739191	375.0
328.3016615337684	384.0
328.31166219361774	393.0
328.3216628534671	402.0
328.3316635133164	412.0
328.3416641731657	412.0
328.35166483301504	412.0
328.3616654928644	412.0
328.3716661527137	407.0
328.381666812563	398.0
328.3916674724124	375.0
328.4016681322617	331.0
328.411668792111	323.0
328.4216694519604	316.0
328.4316701118097	312.0
328.441670771659	312.0
328.4516714315084	316.0
328.4616720913577	327.0
328.471672751207	334.0
328.48167341105636	346.0
328.4916740709057	354.0
328.501674730755	350.0
328.51167539060435	346.0
328.52167605045366	338.0
328.531676710303	327.0
328.5416773701523	319.0
328.55167803000165	312.0
328.56167868985096	305.0
328.5716793497003	294.0
328.58168000954964	288.0
328.59168066939895	288.0
328.60168132924827	301.0
328.61168198909763	319.0
328.62168264894694	338.0
328.63168330879626	380.0
328.6416839686456	393.0
328.65168462849493	407.0
328.66168528834424	412.0
328.6716859481936	412.0
328.6816866080429	412.0
328.69168726789223	407.0
328.70168792774155	407.0
328.7116885875909	402.0
328.7216892474402	398.0
328.73168990728954	389.0
328.7416905671389	389.0
328.7516912269882	407.0
328.7616918868375	421.0
328.7716925466869	431.0
328.7816932065362	441.0
328.7916938663855	457.0
328.8016945262349	462.0
328.8116951860842	473.0
328.8216958459335	473.0
328.8316965057829	473.0
328.8416971656322	462.0
328.8516978254815	457.0
328.86169848533086	447.0
328.8716991451802	426.0
328.8816998050295	417.0
328.8917004648788	0.0
328.90170112472816	0.0
328.9117017845775	0.0
328.9217024444268	0.0
328.93170310427615	412.0
328.94170376412546	417.0
328.9517044239748	431.0
328.96170508382414	457.0
328.97170574367345	496.0
328.98170640352276	525.0
328.99170706337213	537.0
329.00170772322144	537.0
329.01170838307075	525.0
329.0217090429201	0.0
329.03170970276943	421.0
329.04171036261874	417.0
329.0517110224681	407.0
329.0617116823174	398.0
329.07171234216673	389.0
329.08171300201604	384.0
329.0917136618654	384.0
329.1017143217147	389.0
329.11171498156403	393.0
329.1217156414134	402.0
329.1317163012627	407.0
329.141716961112	412.0
329.1517176209614	412.0
329.1617182808107	412.0
329.17171894066	412.0
329.1817196005094	412.0
329.1917202603587	0.0
329.201720920208	0.0
329.2117215800574	0.0
329.2217222399067	334.0
329.231722899756	331.0
329.2417235596053	323.0
329.2517242194547	319.0
329.261724879304	323.0
329.2717255391533	0.0
329.28172619900266	0.0
329.291726858852	0.0
329.3017275187013	0.0
329.31172817855065	0.0
329.32172883839996	0.0
329.3317294982493	0.0
329.34173015809864	248.0
329.35173081794795	242.0
329.36173147779726	234.0
329.37173213764663	234.0
329.38173279749594	236.0
329.39173345734525	239.0
329.4017341171946	245.0
329.41173477704393	250.0
329.42173543689324	256.0
329.43173609674255	262.0
329.4417367565919	262.0
329.45173741644123	268.0
329.46173807629054	265.0
329.4717387361399	265.0
329.4817393959892	265.0
329.49174005583853	265.0
329.5017407156879	262.0
329.5117413755372	268.0
329.5217420353865	288.0
329.5317426952359	319.0
329.5417433550852	334.0
329.5517440149345	342.0
329.5617446747839	346.0
329.5717453346332	350.0
329.5817459944825	350.0
329.59174665433187	350.0
329.6017473141812	346.0
329.6117479740305	338.0
329.6217486338798	331.0
329.6317492937292	323.0
329.6417499535785	0.0
329.6517506134278	0.0
329.66175127327716	0.0
329.6717519331265	0.0
329.6817525929758	0.0
329.69175325282515	0.0
329.70175391267446	0.0
329.7117545725238	398.0
329.72175523237314	393.0
329.73175589222245	0.0
329.74175655207176	0.0
329.75175721192113	0.0
329.76175787177044	0.0
329.77175853161975	0.0
329.7817591914691	0.0
329.79175985131843	0.0
329.80176051116774	0.0
329.81176117101705	0.0
329.8217618308664	0.0
329.83176249071573	0.0
329.84176315056504	0.0
329.8517638104144	342.0
329.8617644702637	338.0
329.87176513011303	331.0
329.8817657899624	327.0
329.8917664498117	0.0
329.901767109661	0.0
329.9117677695104	0.0
329.9217684293597	0.0
329.931769089209	0.0
329.9417697490584	0.0
329.9517704089077	0.0
329.961771068757	0.0
329.9717717286063	0.0
329.9817723884557	0.0
329.991773048305	0.0
330.0017737081543	0.0
330.01177436800367	0.0
330.021775027853	0.0
330.0317756877023	0.0
330.04177634755166	0.0
330.051777007401	0.0
330.0617776672503	0.0
330.07177832709965	0.0
330.08177898694896	0.0
330.0917796467983	0.0
330.10178030664764	0.0
330.11178096649695	0.0
330.12178162634626	0.0
330.13178228619563	250.0
330.14178294604494	250.0
330.15178360589425	250.0
330.16178426574356	253.0
330.17178492559293	256.0
330.18178558544224	259.0
330.19178624529155	262.0
330.2017869051409	262.0
330.21178756499023	262.0
330.22178822483954	262.0
330.2317888846889	262.0
330.2417895445382	259.0
330.25179020438753	253.0
330.2617908642369	245.0
330.2717915240862	236.0
330.2817921839355	223.0
330.2917928437849	208.0
330.3017935036342	203.0
330.3117941634835	201.0
330.3217948233329	201.0
330.3317954831822	201.0
330.3417961430315	203.0
330.3517968028808	208.0
330.3617974627302	213.0
330.3717981225795	223.0
330.3817987824288	234.0
330.39179944227817	242.0
330.4018001021275	248.0
330.4118007619768	250.0
330.42180142182616	250.0
330.43180208167547	245.0
330.4418027415248	236.0
330.45180340137415	231.0
330.46180406122346	228.0
330.4718047210728	226.0
330.48180538092214	226.0
330.49180604077145	228.0
330.50180670062076	228.0
330.5118073604701	231.0
330.52180802031944	231.0
330.53180868016875	234.0
330.54180934001806	231.0
330.55180999986743	231.0
330.56181065971674	226.0
330.57181131956605	223.0
330.5818119794154	0.0
330.59181263926473	0.0
330.60181329911404	0.0
330.6118139589634	228.0
330.6218146188127	228.0
330.63181527866203	223.0
330.6418159385114	218.0
330.6518165983607	213.0
330.66181725821	213.0
330.6718179180594	218.0
330.6818185779087	231.0
330.691819237758	242.0
330.7018198976073	248.0
330.7118205574567	253.0
330.721821217306	256.0
330.7318218771553	256.0
330.7418225370047	256.0
330.751823196854	250.0
330.7618238567033	236.0
330.77182451655267	223.0
330.781825176402	213.0
330.7918258362513	206.0
330.80182649610066	203.0
330.81182715594997	201.0
330.8218278157993	199.0
330.83182847564865	199.0
330.84182913549796	199.0
330.85182979534727	199.0
330.86183045519664	199.0
330.87183111504595	199.0
330.88183177489526	196.0
330.8918324347446	192.0
330.90183309459394	190.0
330.91183375444325	190.0
330.92183441429256	192.0
330.93183507414193	199.0
330.94183573399124	206.0
330.95183639384055	213.0
330.9618370536899	218.0
330.97183771353923	223.0
330.98183837338854	226.0
330.9918390332379	228.0
331.0018396930872	228.0
331.01184035293653	228.0
331.0218410127859	228.0
331.0318416726352	228.0
331.0418423324845	228.0
331.05184299233383	226.0
331.0618436521832	223.0
331.0718443120325	220.0
331.0818449718818	218.0
331.0918456317312	215.0
331.1018462915805	213.0
331.1118469514298	210.0
331.1218476112792	208.0
331.1318482711285	208.0
331.1418489309778	210.0
331.15184959082717	220.0
331.1618502506765	236.0
331.1718509105258	250.0
331.18185157037516	265.0
331.19185223022447	281.0
331.2018528900738	291.0
331.21185354992315	294.0
331.22185420977246	298.0
331.23185486962177	294.0
331.2418555294711	291.0
331.25185618932045	281.0
331.26185684916976	265.0
331.27185750901907	253.0
331.28185816886844	239.0
331.29185882871775	215.0
331.30185948856706	208.0
331.31186014841643	203.0
331.32186080826574	201.0
331.33186146811505	203.0
331.3418621279644	203.0
331.35186278781373	208.0
331.36186344766304	215.0
331.3718641075124	236.0
331.3818647673617	248.0
331.39186542721103	256.0
331.4018660870604	265.0
331.4118667469097	272.0
331.421867406759	272.0
331.43186806660833	272.0
331.4418687264577	272.0
331.451869386307	268.0
331.4618700461563	268.0
331.4718707060057	265.0
331.481871365855	265.0
331.4918720257043	265.0
331.5018726855537	265.0
331.511873345403	265.0
331.5218740052523	265.0
331.53187466510167	265.0
331.541875324951	265.0
331.5518759848003	265.0
331.56187664464966	265.0
331.57187730449897	268.0
331.5818779643483	268.0
331.59187862419765	268.0
331.60187928404696	268.0
331.61187994389627	268.0
331.6218806037456	268.0
331.63188126359495	268.0
331.64188192344426	272.0
331.65188258329357	272.0
331.66188324314294	272.0
331.67188390299225	272.0
331.68188456284156	272.0
331.6918852226909	272.0
331.70188588254024	272.0
331.71188654238955	272.0
331.7218872022389	272.0
331.73188786208823	272.0
331.74188852193754	272.0
331.7518891817869	272.0
331.7618898416362	272.0
331.77189050148553	272.0
331.78189116133484	272.0
331.7918918211842	272.0
331.8018924810335	268.0
331.81189314088283	265.0
331.8218938007322	262.0
331.8318944605815	253.0
331.8418951204308	248.0
331.8518957802802	239.0
331.8618964401295	236.0
331.8718970999788	231.0
331.8818977598282	228.0
331.8918984196775	0.0
331.9018990795268	0.0
331.91189973937617	0.0
331.9219003992255	0.0
331.9319010590748	0.0
331.94190171892416	0.0
331.95190237877347	0.0
331.9619030386228	371.0
331.9719036984721	371.0
331.98190435832146	367.0
331.99190501817077	367.0
332.0019056780201	363.0
332.01190633786945	358.0
332.02190699771876	354.0
332.03190765756807	350.0
332.04190831741744	346.0
332.05190897726675	342.0
332.06190963711606	342.0
332.0719102969654	338.0
332.08191095681474	338.0
332.09191161666405	338.0
332.1019122765134	338.0
332.1119129363627	338.0
332.12191359621204	338.0
332.1319142560614	338.0
332.1419149159107	334.0
332.15191557576003	334.0
332.16191623560934	334.0
332.1719168954587	331.0
332.181917555308	331.0
332.19191821515733	334.0
332.2019188750067	338.0
332.211919534856	342.0
332.2219201947053	350.0
332.2319208545547	358.0
332.241921514404	367.0
332.2519221742533	371.0
332.2619228341027	371.0
332.271923493952	375.0
332.2819241538013	375.0
332.29192481365067	371.0
332.3019254735	367.0
332.3119261333493	363.0
332.3219267931986	358.0
332.33192745304797	350.0
332.3419281128973	342.0
332.3519287727466	334.0
332.36192943259596	327.0
332.37193009244527	319.0
332.3819307522946	312.0
332.39193141214395	308.0
332.40193207199326	301.0
332.41193273184257	294.0
332.42193339169194	288.0
332.43193405154125	284.0
332.44193471139056	278.0
332.4519353712399	275.0
332.46193603108924	272.0
332.47193669093855	268.0
332.4819373507879	268.0
332.4919380106372	268.0
332.50193867048654	268.0
332.51193933033585	268.0
332.5219399901852	265.0
332.5319406500345	259.0
332.54194130988384	245.0
332.5519419697332	231.0
332.5619426295825	226.0
332.57194328943183	223.0
332.5819439492812	223.0
332.5919446091305	226.0
332.6019452689798	231.0
332.6119459288292	242.0
332.6219465886785	265.0
332.6319472485278	268.0
332.6419479083772	268.0
332.6519485682265	268.0
332.6619492280758	268.0
332.67194988792517	268.0
332.6819505477745	268.0
332.6919512076238	268.0
332.7019518674731	268.0
332.71195252732247	268.0
332.7219531871718	268.0
332.7319538470211	268.0
332.74195450687046	268.0
332.75195516671977	268.0
332.7619558265691	268.0
332.77195648641845	268.0
332.78195714626776	268.0
332.79195780611707	268.0
332.80195846596644	268.0
332.81195912581575	268.0
332.82195978566506	272.0
332.8319604455144	272.0
332.84196110536374	272.0
332.85196176521305	272.0
332.86196242506236	272.0
332.8719630849117	272.0
332.88196374476104	272.0
332.89196440461035	272.0
332.9019650644597	272.0
332.911965724309	272.0
332.92196638415834	272.0
332.9319670440077	268.0
332.941967703857	268.0
332.9519683637063	268.0
332.9619690235557	268.0
332.971969683405	268.0
332.9819703432543	268.0
332.9919710031037	268.0
333.001971662953	268.0
333.0119723228023	268.0
333.0219729826517	268.0
333.031973642501	268.0
333.0419743023503	268.0
333.0519749621996	268.0
333.061975622049	268.0
333.0719762818983	272.0
333.0819769417476	278.0
333.09197760159697	288.0
333.1019782614463	298.0
333.1119789212956	308.0
333.12197958114496	319.0
333.13198024099427	338.0
333.1419809008436	358.0
333.15198156069295	380.0
333.16198222054226	398.0
333.17198288039157	407.0
333.18198354024094	412.0
333.19198420009025	417.0
333.20198485993956	417.0
333.2119855197889	412.0
333.22198617963824	402.0
333.23198683948755	393.0
333.24198749933686	380.0
333.2519881591862	375.0
333.26198881903554	367.0
333.27198947888485	363.0
333.2819901387342	354.0
333.2919907985835	350.0
333.30199145843284	346.0
333.3119921182822	342.0
333.3219927781315	342.0
333.3319934379808	342.0
333.3419940978302	342.0
333.3519947576795	338.0
333.3619954175288	338.0
333.3719960773782	338.0
333.3819967372275	338.0
333.3919973970768	342.0
333.4019980569261	346.0
333.4119987167755	354.0
333.4219993766248	363.0
333.4320000364741	367.0
333.4420006963235	375.0
333.4520013561728	380.0
333.4620020160221	380.0
333.47200267587147	375.0
333.4820033357208	371.0
333.4920039955701	363.0
333.50200465541946	358.0
333.51200531526877	350.0
333.5220059751181	338.0
333.53200663496744	323.0
333.54200729481676	308.0
333.55200795466607	294.0
333.56200861451543	0.0
333.57200927436475	0.0
333.58200993421406	0.0
333.59201059406337	0.0
333.60201125391274	0.0
333.61201191376205	0.0
333.62201257361136	0.0
333.6320132334607	0.0
333.64201389331004	0.0
333.65201455315935	0.0
333.6620152130087	0.0
333.672015872858	0.0
333.68201653270734	0.0
333.6920171925567	0.0
333.702017852406	0.0
333.7120185122553	0.0
333.7220191721047	0.0
333.732019831954	0.0
333.7420204918033	0.0
333.7520211516527	0.0
333.762021811502	0.0
333.7720224713513	0.0
333.7820231312006	0.0
333.79202379105	0.0
333.8020244508993	0.0
333.8120251107486	0.0
333.822025770598	0.0
333.8320264304473	0.0
333.8420270902966	0.0
333.85202775014596	0.0
333.8620284099953	0.0
333.8720290698446	0.0
333.88202972969395	0.0
333.89203038954327	0.0
333.9020310493926	0.0
333.91203170924194	0.0
333.92203236909126	0.0
333.93203302894057	0.0
333.94203368878993	0.0
333.95203434863924	0.0
333.96203500848856	0.0
333.97203566833787	0.0
333.98203632818723	0.0
333.99203698803655	0.0
334.00203764788586	0.0
334.0120383077352	0.0
334.02203896758454	0.0
334.03203962743385	0.0
334.0420402872832	0.0
334.0520409471325	0.0
334.06204160698184	0.0
334.0720422668312	215.0
334.0820429266805	208.0
334.0920435865298	206.0
334.1020442463792	206.0
334.1120449062285	208.0
334.1220455660778	213.0
334.1320462259271	218.0
334.1420468857765	220.0
334.1520475456258	226.0
334.1620482054751	231.0
334.1720488653245	239.0
334.1820495251738	245.0
334.1920501850231	256.0
334.2020508448725	275.0
334.2120515047218	308.0
334.2220521645711	323.0
334.23205282442046	334.0
334.2420534842698	346.0
334.2520541441191	358.0
334.26205480396845	363.0
334.27205546381776	367.0
334.2820561236671	371.0
334.29205678351644	371.0
334.30205744336575	371.0
334.31205810321507	367.0
334.3220587630644	363.0
334.33205942291374	358.0
334.34206008276306	354.0
334.35206074261237	354.0
334.36206140246173	350.0
334.37206206231104	350.0
334.38206272216036	346.0
334.3920633820097	346.0
334.40206404185903	346.0
334.41206470170835	346.0
334.4220653615577	342.0
334.432066021407	342.0
334.44206668125634	342.0
334.4520673411057	338.0
334.462068000955	338.0
334.4720686608043	334.0
334.4820693206537	334.0
334.492069980503	334.0
334.5020706403523	338.0
334.5120713002016	342.0
334.522071960051	346.0
334.5320726199003	354.0
334.5420732797496	358.0
334.552073939599	363.0
334.5620745994483	367.0
334.5720752592976	367.0
334.582075919147	367.0
334.5920765789963	367.0
334.6020772388456	367.0
334.61207789869496	367.0
334.6220785585443	363.0
334.6320792183936	358.0
334.64207987824295	354.0
334.65208053809226	350.0
334.6620811979416	346.0
334.6720818577909	342.0
334.68208251764025	338.0
334.69208317748956	334.0
334.7020838373389	334.0
334.71208449718824	331.0
334.72208515703755	327.0
334.73208581688687	327.0
334.74208647673623	327.0
334.75208713658554	327.0
334.76208779643486	334.0
334.7720884562842	342.0
334.78208911613353	354.0
334.79208977598284	363.0
334.8020904358322	380.0
334.8120910956815	398.0
334.82209175553083	412.0
334.8320924153802	421.0
334.8420930752295	421.0
334.8520937350788	421.0
334.86209439492814	421.0
334.8720950547775	417.0
334.8820957146268	412.0
334.8920963744761	398.0
334.9020970343255	389.0
334.9120976941748	380.0
334.9220983540241	371.0
334.9320990138735	367.0
334.9420996737228	363.0
334.9521003335721	358.0
334.9621009934215	354.0
334.9721016532708	350.0
334.9821023131201	350.0
334.99210297296946	350.0
335.0021036328188	346.0
335.0121042926681	346.0
335.02210495251745	346.0
335.03210561236676	346.0
335.0421062722161	346.0
335.0521069320654	342.0
335.06210759191475	342.0
335.07210825176406	342.0
335.0821089116134	342.0
335.09210957146274	346.0
335.10211023131205	350.0
335.11211089116136	354.0
335.12211155101073	358.0
335.13211221086004	367.0
335.14211287070935	371.0
335.1521135305587	375.0
335.16211419040803	375.0
335.17211485025734	375.0
335.1821155101067	375.0
335.192116169956	371.0
335.20211682980533	367.0
335.21211748965464	363.0
335.222118149504	354.0
335.2321188093533	350.0
335.24211946920263	342.0
335.252120129052	334.0
335.2621207889013	323.0
335.2721214487506	316.0
335.2821221086	308.0
335.2921227684493	301.0
335.3021234282986	294.0
335.312124088148	291.0
335.3221247479973	284.0
335.3321254078466	281.0
335.342126067696	278.0
335.3521267275453	278.0
335.3621273873946	275.0
335.37212804724396	275.0
335.3821287070933	272.0
335.3921293669426	272.0
335.4021300267919	268.0
335.41213068664126	268.0
335.4221313464906	265.0
335.4321320063399	259.0
335.44213266618925	256.0
335.45213332603856	250.0
335.4621339858879	248.0
335.47213464573724	248.0
335.48213530558655	250.0
335.49213596543586	256.0
335.50213662528523	268.0
335.51213728513454	319.0
335.52213794498385	342.0
335.5321386048332	358.0
335.54213926468253	367.0
335.55213992453184	371.0
335.5621405843812	371.0
335.5721412442305	371.0
335.58214190407983	367.0
335.59214256392914	363.0
335.6021432237785	358.0
335.6121438836278	358.0
335.62214454347713	354.0
335.6321452033265	350.0
335.6421458631758	350.0
335.6521465230251	350.0
335.6621471828745	346.0
335.6721478427238	346.0
335.6821485025731	342.0
335.6921491624225	342.0
335.7021498222718	338.0
335.7121504821211	338.0
335.72215114197047	338.0
335.7321518018198	338.0
335.7421524616691	338.0
335.75215312151846	342.0
335.7621537813678	346.0
335.7721544412171	354.0
335.7821551010664	358.0
335.79215576091576	363.0
335.8021564207651	363.0
335.8121570806144	363.0
335.82215774046375	363.0
335.83215840031306	363.0
335.8421590601624	358.0
335.85215972001174	338.0
335.86216037986105	323.0
335.87216103971036	308.0
335.88216169955973	284.0
335.89216235940904	272.0
335.90216301925835	262.0
335.9121636791077	262.0
335.92216433895703	265.0
335.93216499880634	281.0
335.94216565865565	298.0
335.952166318505	308.0
335.96216697835433	323.0
335.97216763820364	334.0
335.982168298053	346.0
335.9921689579023	350.0
336.00216961775163	354.0
336.012170277601	354.0
336.0221709374503	350.0
336.0321715972996	346.0
336.042172257149	346.0
336.0521729169983	346.0
336.0621735768476	342.0
336.072174236697	342.0
336.0821748965463	346.0
336.0921755563956	346.0
336.10217621624497	346.0
336.1121768760943	342.0
336.1221775359436	342.0
336.1321781957929	338.0
336.14217885564227	331.0
336.1521795154916	327.0
336.1621801753409	319.0
336.17218083519026	312.0
336.1821814950396	305.0
336.1921821548889	301.0
336.20218281473825	305.0
336.21218347458756	312.0
336.2221841344369	323.0
336.23218479428624	342.0
336.24218545413555	363.0
336.25218611398486	375.0
336.26218677383423	389.0
336.27218743368354	398.0
336.28218809353285	402.0
336.2921887533822	407.0
336.30218941323153	407.0
336.31219007308084	407.0
336.32219073293015	402.0
336.3321913927795	402.0
336.34219205262883	402.0
336.35219271247814	402.0
336.3621933723275	402.0
336.3721940321768	402.0
336.38219469202613	407.0
336.3921953518755	407.0
336.4021960117248	407.0
336.4121966715741	407.0
336.4221973314235	407.0
336.4321979912728	407.0
336.4421986511221	407.0
336.4521993109715	407.0
336.4621999708208	407.0
336.4722006306701	407.0
336.4822012905194	407.0
336.4922019503688	407.0
336.5022026102181	407.0
336.5122032700674	407.0
336.52220392991677	402.0
336.5322045897661	402.0
336.5422052496154	402.0
336.55220590946476	402.0
336.56220656931407	398.0
336.5722072291634	398.0
336.58220788901275	398.0
336.59220854886206	402.0
336.6022092087114	402.0
336.61220986856074	402.0
336.62221052841005	402.0
336.63221118825936	402.0
336.64221184810873	407.0
336.65221250795804	407.0
336.66221316780735	407.0
336.67221382765666	407.0
336.68221448750603	407.0
336.69221514735534	407.0
336.70221580720465	402.0
336.712216467054	402.0
336.72221712690333	402.0
336.73221778675264	398.0
336.742218446602	398.0
336.7522191064513	398.0
336.76221976630063	398.0
336.77222042615	398.0
336.7822210859993	384.0
336.7922217458486	354.0
336.802222405698	0.0
336.8122230655473	0.0
336.8222237253966	0.0
336.832224385246	0.0
336.8422250450953	0.0
336.8522257049446	0.0
336.8622263647939	0.0
336.8722270246433	389.0
336.8822276844926	384.0
336.8922283443419	380.0
336.90222900419127	375.0
336.9122296640406	371.0
336.9222303238899	367.0
336.93223098373926	363.0
336.94223164358857	354.0
336.9522323034379	350.0
336.96223296328725	342.0
336.97223362313656	338.0
336.98223428298587	331.0
336.99223494283524	327.0
337.00223560268455	327.0
337.01223626253386	327.0
337.0222369223832	327.0
337.03223758223254	327.0
337.04223824208185	331.0
337.05223890193116	334.0
337.06223956178053	342.0
337.07224022162984	346.0
337.08224088147915	354.0
337.0922415413285	363.0
337.10224220117783	367.0
337.11224286102714	371.0
337.1222435208765	371.0
337.1322441807258	371.0
337.14224484057513	367.0
337.1522455004245	367.0
337.1622461602738	363.0
337.1722468201231	358.0
337.1822474799725	354.0
337.1922481398218	346.0
337.2022487996711	342.0
337.2122494595204	338.0
337.2222501193698	338.0
337.2322507792191	338.0
337.2422514390684	334.0
337.2522520989178	334.0
337.2622527587671	338.0
337.2722534186164	338.0
337.28225407846577	346.0
337.2922547383151	354.0
337.3022553981644	363.0
337.31225605801376	375.0
337.32225671786307	384.0
337.3322573777124	393.0
337.34225803756175	398.0
337.35225869741106	402.0
337.36225935726037	402.0
337.37226001710974	402.0
337.38226067695905	402.0
337.39226133680836	402.0
337.40226199665767	402.0
337.41226265650704	402.0
337.42226331635635	402.0
337.43226397620566	402.0
337.44226463605503	402.0
337.45226529590434	402.0
337.46226595575365	402.0
337.472266615603	402.0
337.48226727545233	402.0
337.49226793530164	402.0
337.502268595151	402.0
337.5122692550003	402.0
337.52226991484963	402.0
337.532270574699	402.0
337.5422712345483	402.0
337.5522718943976	402.0
337.562272554247	402.0
337.5722732140963	402.0
337.5822738739456	402.0
337.5922745337949	402.0
337.6022751936443	402.0
337.6122758534936	402.0
337.6222765133429	402.0
337.6322771731923	402.0
337.6422778330416	402.0
337.6522784928909	402.0
337.66227915274027	407.0
337.6722798125896	407.0
337.6822804724389	407.0
337.69228113228826	407.0
337.70228179213757	402.0
337.7122824519869	402.0
337.72228311183625	402.0
337.73228377168556	402.0
337.74228443153487	402.0
337.7522850913842	402.0
337.76228575123355	402.0
337.77228641108286	402.0
337.78228707093217	402.0
337.79228773078154	402.0
337.80228839063085	402.0
337.81228905048016	398.0
337.8222897103295	393.0
337.83229037017884	384.0
337.84229103002815	367.0
337.8522916898775	346.0
337.86229234972683	331.0
337.87229300957614	319.0
337.8822936694255	312.0
337.8922943292748	308.0
337.90229498912413	312.0
337.9122956489735	316.0
337.9222963088228	327.0
337.9322969686721	338.0
337.94229762852143	354.0
337.9522982883708	367.0
337.9622989482201	380.0
337.9722996080694	389.0
337.9823002679188	398.0
337.9923009277681	407.0
338.0023015876174	412.0
338.0123022474668	412.0
338.0223029073161	412.0
338.0323035671654	407.0
338.04230422701477	407.0
338.0523048868641	402.0
338.0623055467134	398.0
338.07230620656276	393.0
338.08230686641207	389.0
338.0923075262614	380.0
338.10230818611075	375.0
338.11230884596006	371.0
338.12230950580937	363.0
338.1323101656587	358.0
338.14231082550805	354.0
338.15231148535736	350.0
338.16231214520667	346.0
338.17231280505604	342.0
338.18231346490535	342.0
338.19231412475466	342.0
338.202314784604	342.0
338.21231544445334	342.0
338.22231610430265	342.0
338.232316764152	342.0
338.2423174240013	342.0
338.25231808385064	346.0
338.2623187437	350.0
338.2723194035493	354.0
338.28232006339863	358.0
338.29232072324794	367.0
338.3023213830973	375.0
338.3123220429466	384.0
338.32232270279593	384.0
338.3323233626453	384.0
338.3423240224946	375.0
338.3523246823439	338.0
338.3623253421933	323.0
338.3723260020426	316.0
338.3823266618919	268.0
338.3923273217413	253.0
338.4023279815906	248.0
338.4123286414399	245.0
338.42232930128927	245.0
338.4323299611386	248.0
338.4423306209879	253.0
338.45233128083726	259.0
338.46233194068657	262.0
338.4723326005359	265.0
338.4823332603852	268.0
338.49233392023456	268.0
338.50233458008387	268.0
338.5123352399332	268.0
338.52233589978255	268.0
338.53233655963186	268.0
338.54233721948117	268.0
338.55233787933054	268.0
338.56233853917985	268.0
338.57233919902916	272.0
338.5823398588785	272.0
338.59234051872784	272.0
338.60234117857715	272.0
338.6123418384265	268.0
338.6223424982758	265.0
338.63234315812514	262.0
338.6423438179745	259.0
338.6523444778238	0.0
338.6623451376731	0.0
338.67234579752244	0.0
338.6823464573718	0.0
338.6923471172211	0.0
338.70234777707043	0.0
338.7123484369198	0.0
338.7223490967691	0.0
338.7323497566184	0.0
338.7423504164678	0.0
338.7523510763171	0.0
338.7623517361664	0.0
338.7723523960158	0.0
338.7823530558651	0.0
338.7923537157144	0.0
338.80235437556377	0.0
338.8123550354131	0.0
338.8223556952624	0.0
338.8323563551117	0.0
338.84235701496107	0.0
338.8523576748104	0.0
338.8623583346597	0.0
338.87235899450906	0.0
338.88235965435837	0.0
338.8923603142077	0.0
338.90236097405705	0.0
338.91236163390636	0.0
338.92236229375567	0.0
338.93236295360504	0.0
338.94236361345435	0.0
338.95236427330366	0.0
338.962364933153	0.0
338.97236559300234	0.0
338.98236625285165	0.0
338.992366912701	0.0
339.0023675725503	201.0
339.01236823239964	196.0
339.02236889224895	196.0
339.0323695520983	196.0
339.0423702119476	199.0
339.05237087179694	201.0
339.0623715316463	203.0
339.0723721914956	206.0
339.0823728513449	206.0
339.0923735111943	206.0
339.1023741710436	206.0
339.1123748308929	206.0
339.1223754907423	206.0
339.1323761505916	208.0
339.1423768104409	210.0
339.1523774702903	215.0
339.1623781301396	226.0
339.1723787899889	239.0
339.18237944983827	253.0
339.1923801096876	268.0
339.2023807695369	278.0
339.2123814293862	284.0
339.22238208923557	288.0
339.2323827490849	284.0
339.2423834089342	281.0
339.25238406878356	278.0
339.26238472863287	272.0
339.2723853884822	265.0
339.28238604833155	259.0
339.29238670818086	253.0
339.30238736803017	250.0
339.31238802787954	245.0
339.32238868772885	239.0
339.33238934757816	234.0
339.3423900074275	228.0
339.35239066727684	223.0
339.36239132712615	220.0
339.3723919869755	218.0
339.3823926468248	215.0
339.39239330667414	213.0
339.40239396652345	215.0
339.4123946263728	218.0
339.4223952862221	226.0
339.43239594607144	231.0
339.4423966059208	239.0
339.4523972657701	248.0
339.4623979256194	256.0
339.4723985854688	262.0
339.4823992453181	265.0
339.4923999051674	265.0
339.5024005650168	265.0
339.5124012248661	265.0
339.5224018847154	262.0
339.5324025445648	259.0
339.5424032044141	253.0
339.5524038642634	250.0
339.5624045241127	245.0
339.5724051839621	242.0
339.5824058438114	236.0
339.5924065036607	234.0
339.60240716351007	231.0
339.6124078233594	228.0
339.6224084832087	226.0
339.63240914305806	223.0
339.64240980290737	220.0
339.6524104627567	220.0
339.66241112260604	220.0
339.67241178245536	223.0
339.68241244230467	228.0
339.69241310215403	239.0
339.70241376200335	248.0
339.71241442185266	259.0
339.722415081702	278.0
339.73241574155134	288.0
339.74241640140065	294.0
339.75241706124996	298.0
339.7624177210993	294.0
339.77241838094864	291.0
339.78241904079795	281.0
339.7924197006473	272.0
339.8024203604966	259.0
339.81242102034594	248.0
339.8224216801953	234.0
339.8324223400446	223.0
339.8424229998939	215.0
339.8524236597433	213.0
339.8624243195926	213.0
339.8724249794419	213.0
339.8824256392913	218.0
339.8924262991406	220.0
339.9024269589899	226.0
339.9124276188393	228.0
339.9224282786886	228.0
339.9324289385379	231.0
339.9424295983872	234.0
339.9524302582366	236.0
339.9624309180859	239.0
339.9724315779352	242.0
339.98243223778456	242.0
339.9924328976339	245.0
340.0024335574832	245.0
340.01243421733255	245.0
340.02243487718187	248.0
340.0324355370312	248.0
340.04243619688054	248.0
340.05243685672986	248.0
340.06243751657917	248.0
340.07243817642853	248.0
340.08243883627784	245.0
340.09243949612716	242.0
340.10244015597647	239.0
340.11244081582583	236.0
340.12244147567515	234.0
340.13244213552446	231.0
340.1424427953738	228.0
340.15244345522314	226.0
340.16244411507245	226.0
340.1724447749218	226.0
340.1824454347711	226.0
340.19244609462044	226.0
340.2024467544698	226.0
340.2124474143191	228.0
340.2224480741684	228.0
340.2324487340178	228.0
340.2424493938671	228.0
340.2524500537164	228.0
340.2624507135658	228.0
340.2724513734151	228.0
340.2824520332644	228.0
340.2924526931137	228.0
340.3024533529631	228.0
340.3124540128124	228.0
340.3224546726617	228.0
340.3324553325111	228.0
340.3424559923604	228.0
340.3524566522097	228.0
340.36245731205906	228.0
340.3724579719084	228.0
340.3824586317577	231.0
340.39245929160705	234.0
340.40245995145636	236.0
340.4124606113057	239.0
340.42246127115504	242.0
340.43246193100435	245.0
340.44246259085367	248.0
340.45246325070303	248.0
340.46246391055234	248.0
340.47246457040166	245.0
340.48246523025097	245.0
340.49246589010033	245.0
340.50246654994965	242.0
340.51246720979896	242.0
340.5224678696483	239.0
340.53246852949763	236.0
340.54246918934695	234.0
340.5524698491963	231.0
340.5624705090456	228.0
340.57247116889494	223.0
340.5824718287443	220.0
340.5924724885936	215.0
340.6024731484429	213.0
340.6124738082923	213.0
340.6224744681416	210.0
340.6324751279909	208.0
340.6424757878402	208.0
340.6524764476896	206.0
340.6624771075389	206.0
340.6724777673882	206.0
340.6824784272376	206.0
340.6924790870869	206.0
340.7024797469362	206.0
340.7124804067856	206.0
340.7224810666349	203.0
340.7324817264842	203.0
340.74248238633356	203.0
340.7524830461829	201.0
340.7624837060322	201.0
340.77248436588155	201.0
340.78248502573086	203.0
340.7924856855802	206.0
340.80248634542954	210.0
340.81248700527885	213.0
340.82248766512816	220.0
340.8324883249775	226.0
340.84248898482684	231.0
340.85248964467615	236.0
340.86249030452547	236.0
340.87249096437483	239.0
340.88249162422414	239.0
340.89249228407346	242.0
340.9024929439228	239.0
340.91249360377213	239.0
340.92249426362145	236.0
340.9324949234708	236.0
340.9424955833201	234.0
340.95249624316943	234.0
340.9624969030188	231.0
340.9724975628681	231.0
340.9824982227174	228.0
340.9924988825668	228.0
341.0024995424161	228.0
341.0125002022654	228.0
341.0225008621147	228.0
341.0325015219641	228.0
341.0425021818134	228.0
341.0525028416627	228.0
341.0625035015121	228.0
341.0725041613614	228.0
341.0825048212107	228.0
341.0925054810601	228.0
341.1025061409094	228.0
341.1125068007587	228.0
341.12250746060806	226.0
341.1325081204574	226.0
341.1425087803067	226.0
341.15250944015605	226.0
341.16251010000536	228.0
341.1725107598547	231.0
341.182511419704	234.0
341.19251207955335	239.0
341.20251273940266	242.0
341.212513399252	245.0
341.22251405910134	245.0
341.23251471895065	245.0
341.24251537879996	242.0
341.25251603864933	239.0
341.26251669849864	236.0
341.27251735834795	234.0
341.2825180181973	231.0
341.29251867804663	228.0
341.30251933789594	226.0
341.3125199977453	226.0
341.3225206575946	223.0
341.33252131744393	226.0
341.3425219772933	226.0
341.3525226371426	226.0
341.3625232969919	226.0
341.37252395684123	226.0
341.3825246166906	226.0
341.3925252765399	226.0
341.4025259363892	226.0
341.4125265962386	226.0
341.4225272560879	226.0
341.4325279159372	226.0
341.4425285757866	223.0
341.4525292356359	223.0
341.4625298954852	223.0
341.4725305553346	223.0
341.4825312151839	226.0
341.4925318750332	231.0
341.50253253488256	236.0
341.5125331947319	242.0
341.5225338545812	245.0
341.53253451443055	248.0
341.54253517427986	248.0
341.5525358341292	248.0
341.5625364939785	248.0
341.57253715382785	248.0
341.58253781367716	248.0
341.5925384735265	248.0
341.60253913337584	248.0
341.61253979322515	248.0
341.62254045307446	248.0
341.63254111292383	248.0
341.64254177277314	248.0
341.65254243262245	248.0
341.6625430924718	245.0
341.67254375232113	245.0
341.68254441217044	245.0
341.6925450720198	242.0
341.7025457318691	239.0
341.71254639171843	236.0
341.7225470515678	236.0
341.7325477114171	231.0
341.7425483712664	228.0
341.75254903111573	226.0
341.7625496909651	223.0
341.7725503508144	218.0
341.7825510106637	215.0
341.7925516705131	213.0
341.8025523303624	208.0
341.8125529902117	206.0
341.8225536500611	206.0
341.8325543099104	203.0
341.8425549697597	201.0
341.85255562960907	201.0
341.8625562894584	199.0
341.8725569493077	199.0
341.88255760915706	199.0
341.8925582690064	201.0
341.9025589288557	203.0
341.912559588705	206.0
341.92256024855436	210.0
341.9325609084037	215.0
341.942561568253	223.0
341.95256222810235	228.0
341.96256288795166	231.0
341.972563547801	234.0
341.98256420765034	234.0
341.99256486749965	231.0
342.00256552734896	231.0
342.01256618719833	231.0
342.02256684704764	231.0
342.03256750689695	228.0
342.0425681667463	228.0
342.05256882659563	228.0
342.06256948644494	228.0
342.0725701462943	226.0
342.0825708061436	226.0
342.09257146599293	223.0
342.10257212584224	223.0
342.1125727856916	223.0
342.1225734455409	223.0
342.13257410539023	223.0
342.1425747652396	223.0
342.1525754250889	223.0
342.1625760849382	223.0
342.1725767447876	223.0
342.1825774046369	226.0
342.1925780644862	226.0
342.2025787243356	228.0
342.2125793841849	228.0
342.2225800440342	228.0
342.23258070388357	228.0
342.2425813637329	228.0
342.2525820235822	228.0
342.26258268343156	228.0
342.27258334328087	228.0
342.2825840031302	228.0
342.2925846629795	228.0
342.30258532282886	228.0
342.3125859826782	228.0
342.3225866425275	228.0
342.33258730237685	228.0
342.34258796222616	228.0
342.3525886220755	226.0
342.36258928192484	226.0
342.37258994177415	223.0
342.38259060162346	223.0
342.39259126147283	220.0
342.40259192132214	220.0
342.41259258117145	220.0
342.4225932410208	223.0
342.43259390087013	228.0
342.44259456071944	236.0
342.45259522056875	242.0
342.4625958804181	248.0
342.47259654026743	256.0
342.48259720011674	262.0
342.4925978599661	265.0
342.5025985198154	268.0
342.51259917966473	272.0
342.5225998395141	278.0
342.5326004993634	284.0
342.5426011592127	284.0
342.5526018190621	284.0
342.5626024789114	278.0
342.5726031387607	272.0
342.5826037986101	265.0
342.5926044584594	262.0
342.6026051183087	259.0
342.61260577815807	256.0
342.6226064380074	250.0
342.6326070978567	245.0
342.642607757706	234.0
342.65260841755537	226.0
342.6626090774047	220.0
342.672609737254	215.0
342.68261039710336	213.0
342.69261105695267	213.0
342.702611716802	213.0
342.71261237665135	215.0
342.72261303650066	220.0
342.73261369635	226.0
342.74261435619934	236.0
342.75261501604865	245.0
342.76261567589796	250.0
342.77261633574733	256.0
342.78261699559664	262.0
342.79261765544595	268.0
342.8026183152953	272.0
342.81261897514463	272.0
342.82261963499394	272.0
342.83262029484325	272.0
342.8426209546926	272.0
342.85262161454193	272.0
342.86262227439124	268.0
342.8726229342406	272.0
342.8826235940899	272.0
342.89262425393923	272.0
342.9026249137886	272.0
342.9126255736379	272.0
342.9226262334872	272.0
342.9326268933366	272.0
342.9426275531859	272.0
342.9526282130352	272.0
342.9626288728846	272.0
342.9726295327339	272.0
342.9826301925832	272.0
342.9926308524325	272.0
343.0026315122819	272.0
343.0126321721312	272.0
343.0226328319805	272.0
343.03263349182987	268.0
343.0426341516792	268.0
343.0526348115285	268.0
343.06263547137786	272.0
343.07263613122717	272.0
343.0826367910765	272.0
343.09263745092585	272.0
343.10263811077516	272.0
343.11263877062447	268.0
343.12263943047384	268.0
343.13264009032315	268.0
343.14264075017246	268.0
343.15264141002183	268.0
343.16264206987114	268.0
343.17264272972045	265.0
343.18264338956976	265.0
343.19264404941913	265.0
343.20264470926844	262.0
343.21264536911775	259.0
343.2226460289671	256.0
343.23264668881643	253.0
343.24264734866574	250.0
343.2526480085151	248.0
343.2626486683644	248.0
343.27264932821373	250.0
343.2826499880631	256.0
343.2926506479124	294.0
343.3026513077617	312.0
343.3126519676111	342.0
343.3226526274604	354.0
343.3326532873097	363.0
343.3426539471591	367.0
343.3526546070084	367.0
343.3626552668577	363.0
343.372655926707	358.0
343.3826565865564	354.0
343.3926572464057	350.0
343.402657906255	346.0
343.41265856610437	342.0
343.4226592259537	338.0
343.432659885803	338.0
343.44266054565236	342.0
343.45266120550167	342.0
343.462661865351	342.0
343.47266252520035	342.0
343.48266318504966	342.0
343.49266384489897	342.0
343.50266450474834	338.0
343.51266516459765	338.0
343.52266582444696	338.0
343.5326664842963	338.0
343.54266714414564	338.0
343.55266780399495	338.0
343.56266846384426	342.0
343.57266912369363	350.0
343.58266978354294	358.0
343.59267044339225	363.0
343.6026711032416	367.0
343.61267176309093	371.0
343.62267242294024	375.0
343.6326730827896	375.0
343.6426737426389	371.0
343.65267440248823	367.0
343.6626750623376	363.0
343.6726757221869	358.0
343.6826763820362	350.0
343.6926770418856	342.0
343.7026777017349	334.0
343.7126783615842	331.0
343.7226790214335	323.0
343.7326796812829	316.0
343.7426803411322	308.0
343.7526810009815	301.0
343.7626816608309	298.0
343.7726823206802	294.0
343.7826829805295	291.0
343.79268364037887	284.0
343.8026843002282	281.0
343.8126849600775	278.0
343.82268561992686	275.0
343.83268627977617	272.0
343.8426869396255	268.0
343.85268759947485	265.0
343.86268825932416	259.0
343.87268891917347	250.0
343.88268957902284	239.0
343.89269023887215	234.0
343.90269089872146	231.0
343.91269155857077	228.0
343.92269221842014	228.0
343.93269287826945	234.0
343.94269353811876	239.0
343.9526941979681	253.0
343.96269485781744	262.0
343.97269551766675	265.0
343.9826961775161	268.0
343.99269683736543	268.0
344.00269749721474	268.0
344.0126981570641	268.0
344.0226988169134	268.0
344.03269947676273	268.0
344.0427001366121	268.0
344.0527007964614	268.0
344.0627014563107	268.0
344.0727021161601	268.0
344.0827027760094	268.0
344.0927034358587	268.0
344.102704095708	268.0
344.1127047555574	268.0
344.1227054154067	268.0
344.132706075256	268.0
344.1427067351054	268.0
344.1527073949547	268.0
344.162708054804	268.0
344.17270871465337	268.0
344.1827093745027	268.0
344.192710034352	268.0
344.20271069420136	268.0
344.21271135405067	268.0
344.2227120139	268.0
344.23271267374935	268.0
344.24271333359866	268.0
344.25271399344797	268.0
344.2627146532973	268.0
344.27271531314665	268.0
344.28271597299596	268.0
344.29271663284527	268.0
344.30271729269464	268.0
344.31271795254395	268.0
344.32271861239326	268.0
344.3327192722426	268.0
344.34271993209194	268.0
344.35272059194125	265.0
344.3627212517906	265.0
344.3727219116399	265.0
344.38272257148924	265.0
344.3927232313386	265.0
344.4027238911879	268.0
344.41272455103723	268.0
344.4227252108866	268.0
344.4327258707359	268.0
344.4427265305852	268.0
344.45272719043453	268.0
344.4627278502839	268.0
344.4727285101332	268.0
344.4827291699825	265.0
344.4927298298319	265.0
344.5027304896812	262.0
344.5127311495305	262.0
344.5227318093799	259.0
344.5327324692292	262.0
344.5427331290785	268.0
344.55273378892787	288.0
344.5627344487772	305.0
344.5727351086265	323.0
344.58273576847586	342.0
344.59273642832517	363.0
344.6027370881745	380.0
344.61273774802385	393.0
344.62273840787316	407.0
344.63273906772247	412.0
344.6427397275718	412.0
344.65274038742115	402.0
344.66274104727046	393.0
344.67274170711977	384.0
344.68274236696914	375.0
344.69274302681845	367.0
344.70274368666776	363.0
344.7127443465171	363.0
344.72274500636644	358.0
344.73274566621575	354.0
344.7427463260651	350.0
344.7527469859144	346.0
344.76274764576374	342.0
344.7727483056131	338.0
344.7827489654624	338.0
344.7927496253117	334.0
344.80275028516104	334.0
344.8127509450104	334.0
344.8227516048597	334.0
344.83275226470903	331.0
344.8427529245584	334.0
344.8527535844077	334.0
344.862754244257	334.0
344.8727549041064	338.0
344.8827555639557	342.0
344.892756223805	346.0
344.9027568836544	350.0
344.9127575435037	358.0
344.922758203353	363.0
344.93275886320237	363.0
344.9427595230517	367.0
344.952760182901	367.0
344.96276084275036	367.0
344.97276150259967	367.0
344.982762162449	363.0
344.9927628222983	363.0
345.00276348214766	358.0
345.01276414199697	354.0
345.0227648018463	350.0
345.03276546169565	350.0
345.04276612154496	346.0
345.05276678139427	342.0
345.06276744124364	342.0
345.07276810109295	338.0
345.08276876094226	338.0
345.0927694207916	338.0
345.10277008064094	334.0
345.11277074049025	334.0
345.1227714003396	334.0
345.1327720601889	334.0
345.14277272003824	334.0
345.1527733798876	334.0
345.1627740397369	334.0
345.1727746995862	334.0
345.18277535943554	334.0
345.1927760192849	334.0
345.2027766791342	331.0
345.2127773389835	331.0
345.2227779988329	331.0
345.2327786586822	331.0
345.2427793185315	331.0
345.2527799783809	331.0
345.2627806382302	334.0
345.2727812980795	338.0
345.2827819579289	342.0
345.2927826177782	350.0
345.3027832776275	354.0
345.31278393747687	363.0
345.3227845973262	367.0
345.3327852571755	367.0
345.34278591702486	367.0
345.35278657687417	363.0
345.3627872367235	363.0
345.3727878965728	358.0
345.38278855642216	354.0
345.39278921627147	354.0
345.4027898761208	350.0
345.41279053597015	350.0
345.42279119581946	346.0
345.43279185566877	342.0
345.44279251551814	342.0
345.45279317536745	342.0
345.46279383521676	342.0
345.4727944950661	342.0
345.48279515491544	342.0
345.49279581476475	342.0
345.5027964746141	342.0
345.5127971344634	342.0
345.52279779431274	342.0
345.53279845416205	342.0
345.5427991140114	338.0
345.5527997738607	338.0
345.56280043371004	338.0
345.5728010935594	338.0
345.5828017534087	338.0
345.592802413258	338.0
345.6028030731074	338.0
345.6128037329567	338.0
345.622804392806	338.0
345.6328050526554	342.0
345.6428057125047	346.0
345.652806372354	354.0
345.6628070322034	358.0
345.6728076920527	358.0
345.682808351902	363.0
345.69280901175136	363.0
345.7028096716007	363.0
345.71281033145	363.0
345.7228109912993	358.0
345.73281165114867	354.0
345.742812310998	354.0
345.7528129708473	350.0
345.76281363069666	346.0
345.77281429054597	342.0
345.7828149503953	342.0
345.79281561024465	338.0
345.80281627009396	338.0
345.81281692994327	338.0
345.82281758979263	338.0
345.83281824964195	338.0
345.84281890949126	338.0
345.8528195693406	338.0
345.86282022918994	338.0
345.87282088903925	338.0
345.8828215488886	338.0
345.8928222087379	334.0
345.90282286858724	334.0
345.91282352843655	338.0
345.9228241882859	338.0
345.9328248481352	346.0
345.94282550798454	354.0
345.9528261678339	363.0
345.9628268276832	375.0
345.9728274875325	393.0
345.9828281473819	402.0
345.9928288072312	407.0
346.0028294670805	412.0
346.0128301269299	407.0
346.0228307867792	402.0
346.0328314466285	398.0
346.0428321064779	389.0
346.0528327663272	384.0
346.0628334261765	380.0
346.0728340860258	375.0
346.0828347458752	371.0
346.0928354057245	358.0
346.1028360655738	354.0
346.11283672542316	350.0
346.1228373852725	346.0
346.1328380451218	342.0
346.14283870497115	342.0
346.15283936482047	342.0
346.1628400246698	338.0
346.17284068451914	338.0
346.18284134436846	338.0
346.19284200421777	338.0
346.20284266406713	338.0
346.21284332391645	338.0
346.22284398376576	338.0
346.2328446436151	338.0
346.24284530346443	338.0
346.25284596331375	338.0
346.26284662316306	342.0
346.2728472830124	346.0
346.28284794286174	354.0
346.29284860271105	358.0
346.3028492625604	363.0
346.3128499224097	363.0
346.32285058225904	367.0
346.3328512421084	367.0
346.3428519019577	367.0
346.352852561807	367.0
346.3628532216564	363.0
346.3728538815057	363.0
346.382854541355	358.0
346.3928552012044	354.0
346.4028558610537	350.0
346.412856520903	346.0
346.4228571807524	338.0
346.4328578406017	331.0
346.442858500451	323.0
346.4528591603003	312.0
346.4628598201497	308.0
346.472860479999	301.0
346.4828611398483	294.0
346.49286179969766	288.0
346.502862459547	281.0
346.5128631193963	278.0
346.52286377924565	275.0
346.53286443909496	272.0
346.5428650989443	272.0
346.55286575879364	268.0
346.56286641864295	272.0
346.57286707849227	272.0
346.58286773834163	272.0
346.59286839819094	272.0
346.60286905804026	272.0
346.61286971788957	268.0
346.62287037773893	268.0
346.63287103758825	268.0
346.64287169743756	265.0
346.6528723572869	262.0
346.66287301713623	259.0
346.67287367698555	259.0
346.6828743368349	259.0
346.6928749966842	259.0
346.70287565653354	265.0
346.7128763163829	268.0
346.7228769762322	275.0
346.7328776360815	284.0
346.7428782959309	312.0
346.7528789557802	338.0
346.7628796156295	350.0
346.7728802754789	354.0
346.7828809353282	354.0
346.7928815951775	350.0
346.8028822550268	346.0
346.8128829148762	342.0
346.8228835747255	338.0
346.8328842345748	338.0
346.8428848944242	338.0
346.8528855542735	338.0
346.8628862141228	338.0
346.87288687397216	338.0
346.8828875338215	338.0
346.8928881936708	338.0
346.90288885352015	342.0
346.91288951336946	342.0
346.9228901732188	338.0
346.93289083306814	338.0
346.94289149291745	338.0
346.95289215276676	338.0
346.96289281261613	338.0
346.97289347246544	338.0
346.98289413231475	342.0
346.99289479216407	346.0
347.00289545201343	354.0
347.01289611186274	358.0
347.02289677171206	363.0
347.0328974315614	363.0
347.04289809141073	363.0
347.05289875126005	358.0
347.0628994111094	350.0
347.0729000709587	334.0
347.08290073080803	319.0
347.0929013906574	281.0
347.1029020505067	262.0
347.112902710356	250.0
347.1229033702054	239.0
347.1329040300547	242.0
347.142904689904	248.0
347.1529053497534	262.0
347.1629060096027	278.0
347.172906669452	298.0
347.1829073293013	308.0
347.1929079891507	319.0
347.202908649	327.0
347.2129093088493	334.0
347.2229099686987	338.0
347.232910628548	342.0
347.2429112883973	342.0
347.25291194824666	342.0
347.262912608096	338.0
347.2729132679453	338.0
347.28291392779465	338.0
347.29291458764396	342.0
347.3029152474933	342.0
347.31291590734264	346.0
347.32291656719195	346.0
347.33291722704126	346.0
347.3429178868906	346.0
347.35291854673994	346.0
347.36291920658925	342.0
347.37291986643856	342.0
347.38292052628793	338.0
347.39292118613724	334.0
347.40292184598655	327.0
347.4129225058359	323.0
347.42292316568523	319.0
347.43292382553454	319.0
347.4429244853839	319.0
347.4529251452332	323.0
347.46292580508253	331.0
347.4729264649319	350.0
347.4829271247812	371.0
347.4929277846305	384.0
347.5029284444799	398.0
347.5129291043292	407.0
347.5229297641785	412.0
347.5329304240278	417.0
347.5429310838772	417.0
347.5529317437265	412.0
347.5629324035758	412.0
347.5729330634252	407.0
347.5829337232745	407.0
347.5929343831238	402.0
347.6029350429732	402.0
347.6129357028225	402.0
347.6229363626718	402.0
347.63293702252116	407.0
347.6429376823705	407.0
347.6529383422198	407.0
347.66293900206915	407.0
347.67293966191846	407.0
347.6829403217678	407.0
347.69294098161714	407.0
347.70294164146645	412.0
347.71294230131576	412.0
347.7229429611651	412.0
347.73294362101444	407.0
347.74294428086375	402.0
347.75294494071306	398.0
347.76294560056243	393.0
347.77294626041174	389.0
347.78294692026105	389.0
347.7929475801104	0.0
347.80294823995973	0.0
347.81294889980904	0.0
347.8229495596584	0.0
347.8329502195077	0.0
347.84295087935703	0.0
347.8529515392064	0.0
347.8629521990557	0.0
347.872952858905	0.0
347.88295351875433	0.0
347.8929541786037	0.0
347.902954838453	0.0
347.9129554983023	0.0
347.9229561581517	0.0
347.932956818001	0.0
347.9429574778503	0.0
347.9529581376997	0.0
347.962958797549	0.0
347.9729594573983	0.0
347.98296011724767	0.0
347.992960777097	0.0
348.0029614369463	0.0
348.01296209679566	0.0
348.022962756645	0.0
348.0329634164943	0.0
348.04296407634365	0.0
348.05296473619296	0.0
348.0629653960423	0.0
348.0729660558916	0.0
348.08296671574095	0.0
348.09296737559026	0.0
348.1029680354396	0.0
348.11296869528894	0.0
348.12296935513825	0.0
348.13297001498756	0.0
348.14297067483693	0.0
348.15297133468624	0.0
348.16297199453555	0.0
348.1729726543849	0.0
348.18297331423423	0.0
348.19297397408354	0.0
348.2029746339329	0.0
348.2129752937822	0.0
348.22297595363153	0.0
348.2329766134809	0.0
348.2429772733302	0.0
348.2529779331795	0.0
348.26297859302883	0.0
348.2729792528782	0.0
348.2829799127275	0.0
348.2929805725768	0.0
348.3029812324262	0.0
348.3129818922755	380.0
348.3229825521248	380.0
348.3329832119742	375.0
348.3429838718235	371.0
348.3529845316728	367.0
348.36298519152217	363.0
348.3729858513715	354.0
348.3829865112208	350.0
348.39298717107016	342.0
348.40298783091947	338.0
348.4129884907688	334.0
348.4229891506181	331.0
348.43298981046746	331.0
348.4429904703168	331.0
348.4529911301661	334.0
348.46299179001545	338.0
348.47299244986476	342.0
348.4829931097141	350.0
348.49299376956344	358.0
348.50299442941275	367.0
348.51299508926206	375.0
348.52299574911143	380.0
348.53299640896074	384.0
348.54299706881005	384.0
348.5529977286594	380.0
348.56299838850873	380.0
348.57299904835804	375.0
348.5829997082074	367.0
348.5930003680567	358.0
348.60300102790603	350.0
348.61300168775534	346.0
348.6230023476047	338.0
348.633003007454	334.0
348.64300366730333	334.0
348.6530043271527	334.0
348.663004987002	338.0
348.6730056468513	338.0
348.6830063067007	342.0
348.69300696655	346.0
348.7030076263993	358.0
348.7130082862487	371.0
348.723008946098	380.0
348.7330096059473	389.0
348.74301026579667	398.0
348.753010925646	407.0
348.7630115854953	412.0
348.77301224534466	412.0
348.78301290519397	417.0
348.7930135650433	417.0
348.8030142248926	417.0
348.81301488474196	412.0
348.82301554459127	412.0
348.8330162044406	412.0
348.84301686428995	407.0
348.85301752413926	407.0
348.8630181839886	407.0
348.87301884383794	407.0
348.88301950368725	407.0
348.89302016353656	407.0
348.90302082338593	407.0
348.91302148323524	407.0
348.92302214308455	407.0
348.9330228029339	407.0
348.94302346278323	407.0
348.95302412263254	407.0
348.9630247824819	407.0
348.9730254423312	407.0
348.98302610218053	407.0
348.99302676202984	407.0
349.0030274218792	407.0
349.0130280817285	407.0
349.02302874157783	407.0
349.0330294014272	407.0
349.0430300612765	407.0
349.0530307211258	407.0
349.0630313809752	407.0
349.0730320408245	407.0
349.0830327006738	402.0
349.0930333605232	402.0
349.1030340203725	402.0
349.1130346802218	402.0
349.12303534007117	407.0
349.1330359999205	407.0
349.1430366597698	407.0
349.1530373196191	407.0
349.16303797946847	407.0
349.1730386393178	402.0
349.1830392991671	402.0
349.19303995901646	398.0
349.20304061886577	393.0
349.2130412787151	384.0
349.22304193856445	375.0
349.23304259841376	367.0
349.24304325826307	354.0
349.25304391811244	342.0
349.26304457796175	327.0
349.27304523781106	319.0
349.28304589766043	312.0
349.29304655750974	312.0
349.30304721735905	312.0
349.3130478772084	319.0
349.32304853705773	331.0
349.33304919690704	346.0
349.34304985675635	363.0
349.3530505166057	375.0
349.36305117645503	389.0
349.37305183630434	398.0
349.3830524961537	412.0
349.393053156003	417.0
349.40305381585233	417.0
349.4130544757017	417.0
349.423055135551	412.0
349.4330557954003	407.0
349.4430564552497	402.0
349.453057115099	393.0
349.4630577749483	384.0
349.4730584347977	375.0
349.483059094647	371.0
349.4930597544963	363.0
349.50306041434567	358.0
349.513061074195	354.0
349.5230617340443	350.0
349.5330623938936	342.0
349.54306305374297	342.0
349.5530637135923	338.0
349.5630643734416	338.0
349.57306503329096	338.0
349.58306569314027	338.0
349.5930663529896	338.0
349.60306701283895	334.0
349.61306767268826	334.0
349.62306833253757	338.0
349.63306899238694	338.0
349.64306965223625	342.0
349.65307031208556	346.0
349.6630709719349	350.0
349.67307163178424	358.0
349.68307229163355	367.0
349.69307295148286	375.0
349.70307361133223	384.0
349.71307427118154	389.0
349.72307493103085	389.0
349.7330755908802	380.0
349.74307625072953	346.0
349.75307691057884	334.0
349.7630775704282	323.0
349.7730782302775	265.0
349.78307889012683	256.0
349.7930795499762	245.0
349.8030802098255	236.0
349.8130808696748	234.0
349.8230815295242	234.0
349.8330821893735	239.0
349.8430828492228	245.0
349.8530835090722	250.0
349.8630841689215	259.0
349.8730848287708	262.0
349.8830854886201	265.0
349.8930861484695	268.0
349.9030868083188	268.0
349.9130874681681	268.0
349.92308812801747	272.0
349.9330887878668	272.0
349.9430894477161	272.0
349.95309010756546	272.0
349.96309076741477	272.0
349.9730914272641	272.0
349.98309208711345	272.0
349.99309274696276	268.0
350.00309340681207	268.0
350.01309406666144	268.0
350.02309472651075	268.0
350.03309538636006	268.0
350.0430960462094	268.0
350.05309670605874	268.0
350.06309736590805	268.0
350.07309802575736	272.0
350.0830986856067	272.0
350.09309934545604	272.0
350.10310000530535	272.0
350.1131006651547	272.0
350.12310132500403	272.0
350.13310198485334	272.0
350.1431026447027	272.0
350.153103304552	268.0
350.16310396440133	268.0
350.1731046242507	268.0
350.1831052841	268.0
350.1931059439493	268.0
350.2031066037987	268.0
350.213107263648	268.0
350.2231079234973	268.0
350.2331085833466	268.0
350.243109243196	268.0
350.2531099030453	268.0
350.2631105628946	262.0
350.273111222744	259.0
350.2831118825933	248.0
350.2931125424426	236.0
350.30311320229197	234.0
350.3131138621413	234.0
350.3231145219906	239.0
350.33311518183996	245.0
350.34311584168927	256.0
350.3531165015386	265.0
350.36311716138795	272.0
350.37311782123726	275.0
350.38311848108657	275.0
350.39311914093594	275.0
350.40311980078525	272.0
350.41312046063456	272.0
350.42312112048387	272.0
350.43312178033324	272.0
350.44312244018255	272.0
350.45312310003186	272.0
350.4631237598812	272.0
350.47312441973054	272.0
350.48312507957985	272.0
350.4931257394292	272.0
350.50312639927853	272.0
350.51312705912784	272.0
350.5231277189772	272.0
350.5331283788265	272.0
350.54312903867583	272.0
350.5531296985252	272.0
350.5631303583745	272.0
350.5731310182238	272.0
350.5831316780732	268.0
350.5931323379225	268.0
350.6031329977718	265.0
350.6131336576211	262.0
350.6231343174705	256.0
350.6331349773198	248.0
350.6431356371691	239.0
350.6531362970185	226.0
350.6631369568678	218.0
350.6731376167171	213.0
350.68313827656647	213.0
350.6931389364158	213.0
350.7031395962651	215.0
350.71314025611446	220.0
350.72314091596377	226.0
350.7331415758131	234.0
350.74314223566245	242.0
350.75314289551176	250.0
350.76314355536107	259.0
350.7731442152104	268.0
350.78314487505975	275.0
350.79314553490906	275.0
350.80314619475837	275.0
350.81314685460774	275.0
350.82314751445705	272.0
350.83314817430636	268.0
350.8431488341557	265.0
350.85314949400504	262.0
350.86315015385435	259.0
350.8731508137037	256.0
350.883151473553	250.0
350.89315213340234	248.0
350.9031527932517	242.0
350.913153453101	239.0
350.92315411295033	236.0
350.9331547727997	234.0
350.943155432649	231.0
350.9531560924983	231.0
350.96315675234763	228.0
350.973157412197	228.0
350.9831580720463	228.0
350.9931587318956	228.0
351.003159391745	234.0
351.0131600515943	242.0
351.0231607114436	250.0
351.033161371293	259.0
351.0431620311423	275.0
351.0531626909916	284.0
351.06316335084097	291.0
351.0731640106903	291.0
351.0831646705396	291.0
351.09316533038896	284.0
351.10316599023827	278.0
351.1131666500876	265.0
351.12316730993695	253.0
351.13316796978626	242.0
351.14316862963557	223.0
351.1531692894849	215.0
351.16316994933425	210.0
351.17317060918356	208.0
351.18317126903287	208.0
351.19317192888224	210.0
351.20317258873155	213.0
351.21317324858086	215.0
351.2231739084302	218.0
351.23317456827954	223.0
351.24317522812885	226.0
351.2531758879782	228.0
351.2631765478275	231.0
351.27317720767684	234.0
351.2831778675262	234.0
351.2931785273755	236.0
351.3031791872248	236.0
351.3131798470742	239.0
351.3231805069235	239.0
351.3331811667728	239.0
351.34318182662213	239.0
351.3531824864715	239.0
351.3631831463208	239.0
351.3731838061701	239.0
351.3831844660195	242.0
351.3931851258688	242.0
351.4031857857181	242.0
351.4131864455675	242.0
351.4231871054168	239.0
351.4331877652661	239.0
351.44318842511547	234.0
351.4531890849648	231.0
351.4631897448141	226.0
351.47319040466346	223.0
351.48319106451277	218.0
351.4931917243621	218.0
351.5031923842114	218.0
351.51319304406076	220.0
351.52319370391007	220.0
351.5331943637594	223.0
351.54319502360875	223.0
351.55319568345806	223.0
351.56319634330737	223.0
351.57319700315674	223.0
351.58319766300605	223.0
351.59319832285536	223.0
351.6031989827047	223.0
351.61319964255404	223.0
351.62320030240335	223.0
351.6332009622527	223.0
351.643201622102	223.0
351.65320228195134	223.0
351.6632029418007	223.0
351.67320360165	223.0
351.6832042614993	223.0
351.69320492134864	226.0
351.703205581198	228.0
351.7132062410473	228.0
351.7232069008966	231.0
351.733207560746	234.0
351.7432082205953	236.0
351.7532088804446	236.0
351.763209540294	236.0
351.7732102001433	236.0
351.7832108599926	236.0
351.793211519842	236.0
351.8032121796913	234.0
351.8132128395406	234.0
351.82321349938996	234.0
351.8332141592393	231.0
351.8432148190886	234.0
351.85321547893795	234.0
351.86321613878727	234.0
351.8732167986366	234.0
351.8832174584859	234.0
351.89321811833526	231.0
351.90321877818457	228.0
351.9132194380339	226.0
351.92322009788325	223.0
351.93322075773256	218.0
351.94322141758187	213.0
351.95322207743123	210.0
351.96322273728055	206.0
351.97322339712986	206.0
351.9832240569792	203.0
351.99322471682854	203.0
352.00322537667785	201.0
352.0132260365272	201.0
352.0232266963765	201.0
352.03322735622584	201.0
352.04322801607515	201.0
352.0532286759245	203.0
352.0632293357738	203.0
352.07322999562314	203.0
352.0832306554725	203.0
352.0932313153218	203.0
352.1032319751711	203.0
352.1132326350205	201.0
352.1232332948698	201.0
352.1332339547191	201.0
352.1432346145685	199.0
352.1532352744178	199.0
352.1632359342671	199.0
352.1732365941165	196.0
352.1832372539658	196.0
352.1932379138151	196.0
352.20323857366446	196.0
352.2132392335138	196.0
352.2232398933631	199.0
352.2332405532124	201.0
352.24324121306176	206.0
352.2532418729111	208.0
352.2632425327604	210.0
352.27324319260975	215.0
352.28324385245907	220.0
352.2932445123084	226.0
352.30324517215774	228.0
352.31324583200706	231.0
352.32324649185637	234.0
352.33324715170573	234.0
352.34324781155505	236.0
352.35324847140436	236.0
352.3632491312537	236.0
352.37324979110304	236.0
352.38325045095235	234.0
352.3932511108017	234.0
352.403251770651	234.0
352.41325243050034	234.0
352.42325309034965	231.0
352.433253750199	231.0
352.4432544100483	231.0
352.45325506989764	231.0
352.463255729747	228.0
352.4732563895963	228.0
352.4832570494456	228.0
352.493257709295	231.0
352.5032583691443	236.0
352.5132590289936	242.0
352.523259688843	250.0
352.5332603486923	256.0
352.5432610085416	265.0
352.553261668391	272.0
352.5632623282403	275.0
352.5732629880896	278.0
352.5832636479389	278.0
352.5932643077883	275.0
352.6032649676376	268.0
352.6132656274869	265.0
352.62326628733626	259.0
352.6332669471856	253.0
352.6432676070349	245.0
352.65326826688425	236.0
352.66326892673356	231.0
352.6732695865829	226.0
352.68327024643224	223.0
352.69327090628155	220.0
352.70327156613087	220.0
352.71327222598023	220.0
352.72327288582954	226.0
352.73327354567886	228.0
352.7432742055282	236.0
352.75327486537753	242.0
352.76327552522685	250.0
352.77327618507616	265.0
352.7832768449255	278.0
352.79327750477484	291.0
352.80327816462415	298.0
352.8132788244735	301.0
352.8232794843228	301.0
352.83328014417214	301.0
352.8432808040215	298.0
352.8532814638708	291.0
352.8632821237201	281.0
352.8732827835695	268.0
352.8832834434188	259.0
352.8932841032681	242.0
352.9032847631175	218.0
352.9132854229668	213.0
352.9232860828161	210.0
352.9332867426655	210.0
352.9432874025148	210.0
352.9532880623641	213.0
352.9632887222134	215.0
352.9732893820628	218.0
352.9832900419121	223.0
352.9932907017614	226.0
353.00329136161076	226.0
353.0132920214601	228.0
353.0232926813094	228.0
353.03329334115875	228.0
353.04329400100806	228.0
353.0532946608574	226.0
353.06329532070674	226.0
353.07329598055605	226.0
353.08329664040536	226.0
353.09329730025473	226.0
353.10329796010404	226.0
353.11329861995335	228.0
353.1232992798027	228.0
353.13329993965203	228.0
353.14330059950134	228.0
353.15330125935066	228.0
353.1633019192	228.0
353.17330257904933	228.0
353.18330323889865	228.0
353.193303898748	228.0
353.2033045585973	228.0
353.21330521844664	228.0
353.223305878296	228.0
353.2333065381453	231.0
353.2433071979946	231.0
353.253307857844	234.0
353.2633085176933	236.0
353.2733091775426	239.0
353.283309837392	239.0
353.2933104972413	242.0
353.3033111570906	245.0
353.3133118169399	245.0
353.3233124767893	245.0
353.3333131366386	245.0
353.3433137964879	242.0
353.3533144563373	242.0
353.3633151161866	239.0
353.3733157760359	236.0
353.38331643588526	234.0
353.3933170957346	234.0
353.4033177555839	231.0
353.41331841543325	231.0
353.42331907528256	231.0
353.4333197351319	231.0
353.44332039498124	231.0
353.45332105483055	231.0
353.46332171467986	231.0
353.47332237452923	231.0
353.48332303437854	228.0
353.49332369422785	228.0
353.50332435407717	228.0
353.51332501392653	228.0
353.52332567377584	228.0
353.53332633362515	228.0
353.5433269934745	228.0
353.55332765332383	228.0
353.56332831317314	228.0
353.5733289730225	228.0
353.5833296328718	228.0
353.59333029272113	228.0
353.6033309525705	228.0
353.6133316124198	226.0
353.6233322722691	226.0
353.6333329321185	226.0
353.6433335919678	226.0
353.6533342518171	228.0
353.6633349116665	231.0
353.6733355715158	234.0
353.6833362313651	236.0
353.6933368912144	239.0
353.7033375510638	242.0
353.7133382109131	245.0
353.7233388707624	248.0
353.7333395306118	250.0
353.7433401904611	250.0
353.7533408503104	250.0
353.76334151015976	248.0
353.7733421700091	245.0
353.7833428298584	239.0
353.79334348970775	236.0
353.80334414955706	234.0
353.8133448094064	231.0
353.82334546925574	231.0
353.83334612910505	228.0
353.84334678895436	228.0
353.8533474488037	228.0
353.86334810865304	228.0
353.87334876850235	228.0
353.88334942835166	228.0
353.89335008820103	228.0
353.90335074805034	226.0
353.91335140789965	226.0
353.923352067749	226.0
353.93335272759833	226.0
353.94335338744764	226.0
353.953354047297	226.0
353.9633547071463	226.0
353.97335536699563	226.0
353.983356026845	226.0
353.9933566866943	228.0
354.0033573465436	231.0
354.013358006393	236.0
354.0233586662423	239.0
354.0333593260916	242.0
354.0433599859409	245.0
354.0533606457903	248.0
354.0633613056396	248.0
354.0733619654889	248.0
354.0833626253383	245.0
354.0933632851876	242.0
354.1033639450369	239.0
354.11336460488627	236.0
354.1233652647356	234.0
354.1333659245849	231.0
354.14336658443426	228.0
354.1533672442836	228.0
354.1633679041329	228.0
354.17336856398225	228.0
354.18336922383156	226.0
354.1933698836809	226.0
354.20337054353024	226.0
354.21337120337955	226.0
354.22337186322886	226.0
354.2333725230782	226.0
354.24337318292754	226.0
354.25337384277685	226.0
354.26337450262616	226.0
354.27337516247553	226.0
354.28337582232484	228.0
354.29337648217415	234.0
354.3033771420235	239.0
354.31337780187283	242.0
354.32337846172214	245.0
354.3333791215715	248.0
354.3433797814208	250.0
354.35338044127013	248.0
354.3633811011195	248.0
354.3733817609688	245.0
354.3833824208181	242.0
354.39338308066743	239.0
354.4033837405168	236.0
354.4133844003661	234.0
354.4233850602154	234.0
354.4333857200648	231.0
354.4433863799141	231.0
354.4533870397634	228.0
354.4633876996128	228.0
354.4733883594621	226.0
354.4833890193114	223.0
354.49338967916077	220.0
354.5033903390101	215.0
354.5133909988594	213.0
354.52339165870876	210.0
354.53339231855807	210.0
354.5433929784074	0.0
354.55339363825675	0.0
354.56339429810606	0.0
354.5733949579554	0.0
354.5833956178047	0.0
354.59339627765405	0.0
354.60339693750336	0.0
354.6133975973527	0.0
354.62339825720204	0.0
354.63339891705135	0.0
354.64339957690066	0.0
354.65340023675003	0.0
354.66340089659934	0.0
354.67340155644865	0.0
354.683402216298	0.0
354.69340287614733	0.0
354.70340353599664	0.0
354.713404195846	0.0
354.7234048556953	0.0
354.73340551554463	0.0
354.743406175394	0.0
354.7534068352433	0.0
354.7634074950926	0.0
354.77340815494193	0.0
354.7834088147913	0.0
354.7934094746406	0.0
354.8034101344899	0.0
354.8134107943393	0.0
354.8234114541886	0.0
354.8334121140379	0.0
354.8434127738873	0.0
354.8534134337366	0.0
354.8634140935859	0.0
354.87341475343527	0.0
354.8834154132846	0.0
354.8934160731339	0.0
354.90341673298326	0.0
354.91341739283257	0.0
354.9234180526819	0.0
354.93341871253125	0.0
354.94341937238056	0.0
354.9534200322299	0.0
354.9634206920792	0.0
354.97342135192855	0.0
354.98342201177786	0.0
354.9934226716272	0.0
355.00342333147654	0.0
355.01342399132585	0.0
355.02342465117516	0.0
355.03342531102453	0.0
355.04342597087384	0.0
355.05342663072315	0.0
355.0634272905725	0.0
355.07342795042183	0.0
355.08342861027114	0.0
355.0934292701205	0.0
355.1034299299698	0.0
355.11343058981913	0.0
355.12343124966844	0.0
355.1334319095178	0.0
355.1434325693671	0.0
355.15343322921643	0.0
355.1634338890658	0.0
355.1734345489151	0.0
355.1834352087644	0.0
355.1934358686138	0.0
355.2034365284631	0.0
355.2134371883124	0.0
355.2234378481618	0.0
355.2334385080111	0.0
355.2434391678604	0.0
355.25343982770977	0.0
355.2634404875591	0.0
355.2734411474084	0.0
355.28344180725776	0.0
355.29344246710707	0.0
355.3034431269564	0.0
355.3134437868057	0.0
355.32344444665506	0.0
355.33344510650437	0.0
355.3434457663537	0.0
355.35344642620305	0.0
355.36344708605236	0.0
355.3734477459017	0.0
355.38344840575104	0.0
355.39344906560035	0.0
355.40344972544966	0.0
355.41345038529903	0.0
355.42345104514834	0.0
355.43345170499765	0.0
355.443452364847	0.0
355.45345302469633	0.0
355.46345368454564	0.0
355.473454344395	0.0
355.4834550042443	0.0
355.49345566409363	0.0
355.50345632394294	0.0
355.5134569837923	0.0
355.5234576436416	0.0
355.53345830349093	0.0
355.5434589633403	0.0
355.5534596231896	0.0
355.5634602830389	0.0
355.5734609428883	0.0
355.5834616027376	0.0
355.5934622625869	0.0
355.6034629224363	0.0
355.6134635822856	0.0
355.6234642421349	0.0
355.63346490198427	0.0
355.6434655618336	0.0
355.6534662216829	0.0
355.6634668815322	0.0
355.67346754138157	0.0
355.6834682012309	0.0
355.6934688610802	0.0
355.70346952092956	0.0
355.71347018077887	0.0
355.7234708406282	0.0
355.73347150047755	0.0
355.74347216032686	0.0
355.75347282017617	0.0
355.76347348002554	0.0
355.77347413987485	0.0
355.78347479972416	0.0
355.79347545957353	0.0
355.80347611942284	0.0
355.81347677927215	0.0
355.8234774391215	0.0
355.83347809897083	0.0
355.84347875882014	0.0
355.85347941866945	0.0
355.8634800785188	0.0
355.87348073836813	0.0
355.88348139821744	0.0
355.8934820580668	0.0
355.9034827179161	0.0
355.91348337776543	0.0
355.9234840376148	0.0
355.9334846974641	0.0
355.9434853573134	0.0
355.9534860171628	0.0
355.9634866770121	0.0
355.9734873368614	0.0
355.9834879967108	0.0
355.9934886565601	0.0
356.0034893164094	0.0
356.01348997625877	0.0
356.0234906361081	0.0
356.0334912959574	0.0
356.0434919558067	0.0
356.05349261565607	0.0
356.0634932755054	0.0
356.0734939353547	0.0
356.08349459520406	0.0
356.09349525505337	0.0
356.1034959149027	0.0
356.11349657475205	0.0
356.12349723460136	0.0
356.13349789445067	0.0
356.14349855430004	0.0
356.15349921414935	0.0
356.16349987399866	0.0
356.173500533848	0.0
356.18350119369734	0.0
356.19350185354665	0.0
356.20350251339596	0.0
356.21350317324533	0.0
356.22350383309464	0.0
356.23350449294395	0.0
356.2435051527933	0.0
356.25350581264263	0.0
356.26350647249194	0.0
356.2735071323413	0.0
356.2835077921906	242.0
356.29350845203993	239.0
356.3035091118893	239.0
356.3135097717386	239.0
356.3235104315879	239.0
356.3335110914373	236.0
356.3435117512866	236.0
356.3535124111359	239.0
356.3635130709853	239.0
356.3735137308346	239.0
356.3835143906839	239.0
356.3935150505332	239.0
356.4035157103826	239.0
356.4135163702319	236.0
356.4235170300812	236.0
356.43351768993057	234.0
356.4435183497799	231.0
356.4535190096292	231.0
356.46351966947856	231.0
356.47352032932787	231.0
356.4835209891772	228.0
356.49352164902655	228.0
356.50352230887586	228.0
356.51352296872517	228.0
356.52352362857454	228.0
356.53352428842385	228.0
356.54352494827316	226.0
356.5535256081225	226.0
356.56352626797184	226.0
356.57352692782115	226.0
356.58352758767046	226.0
356.5935282475198	226.0
356.60352890736914	226.0
356.61352956721845	226.0
356.6235302270678	226.0
356.63353088691713	226.0
356.64353154676644	226.0
356.6535322066158	226.0
356.6635328664651	226.0
356.67353352631443	226.0
356.6835341861638	226.0
356.6935348460131	226.0
356.7035355058624	226.0
356.7135361657118	226.0
356.7235368255611	226.0
356.7335374854104	226.0
356.7435381452598	226.0
356.7535388051091	226.0
356.7635394649584	228.0
356.7735401248077	228.0
356.7835407846571	228.0
356.7935414445064	231.0
356.8035421043557	231.0
356.81354276420507	231.0
356.8235434240544	231.0
356.8335440839037	228.0
356.84354474375306	228.0
356.85354540360237	228.0
356.8635460634517	228.0
356.87354672330105	228.0
356.88354738315036	228.0
356.89354804299967	228.0
356.90354870284904	226.0
356.91354936269835	226.0
356.92355002254766	226.0
356.93355068239697	226.0
356.94355134224634	228.0
356.95355200209565	228.0
356.96355266194496	228.0
356.9735533217943	228.0
356.98355398164364	228.0
356.99355464149295	228.0
357.0035553013423	228.0
357.0135559611916	228.0
357.02355662104094	226.0
357.0335572808903	226.0
357.0435579407396	226.0
357.05355860058893	226.0
357.0635592604383	226.0
357.0735599202876	226.0
357.0835605801369	226.0
357.0935612399863	226.0
357.1035618998356	226.0
357.1135625596849	223.0
357.1235632195342	223.0
357.1335638793836	223.0
357.1435645392329	223.0
357.1535651990822	223.0
357.1635658589316	223.0
357.1735665187809	223.0
357.1835671786302	223.0
357.19356783847957	223.0
357.2035684983289	226.0
357.2135691581782	228.0
357.22356981802756	234.0
357.23357047787687	239.0
357.2435711377262	248.0
357.25357179757555	256.0
357.26357245742486	259.0
357.27357311727417	259.0
357.28357377712354	256.0
357.29357443697285	250.0
357.30357509682216	242.0
357.31357575667147	231.0
357.32357641652084	223.0
357.33357707637015	218.0
357.34357773621946	215.0
357.3535783960688	218.0
357.36357905591814	228.0
357.37357971576745	239.0
357.3835803756168	250.0
357.3935810354661	265.0
357.40358169531544	281.0
357.4135823551648	288.0
357.4235830150141	294.0
357.4335836748634	294.0
357.4435843347128	291.0
357.4535849945621	288.0
357.4635856544114	278.0
357.47358631426073	265.0
357.4835869741101	253.0
357.4935876339594	239.0
357.5035882938087	226.0
357.5135889536581	218.0
357.5235896135074	213.0
357.5335902733567	215.0
357.5435909332061	220.0
357.5535915930554	228.0
357.5635922529047	236.0
357.57359291275407	242.0
357.5835935726034	248.0
357.5935942324527	250.0
357.60359489230206	253.0
357.61359555215137	256.0
357.6235962120007	253.0
357.63359687185005	253.0
357.64359753169936	248.0
357.65359819154867	242.0
357.663598851398	234.0
357.67359951124735	226.0
357.68360017109666	220.0
357.69360083094597	218.0
357.70360149079534	218.0
357.71360215064465	218.0
357.72360281049396	223.0
357.7336034703433	228.0
357.74360413019264	234.0
357.75360479004195	242.0
357.7636054498913	245.0
357.7736061097406	250.0
357.78360676958994	250.0
357.7936074294393	248.0
357.8036080892886	242.0
357.8136087491379	234.0
357.8236094089873	226.0
357.8336100688366	218.0
357.8436107286859	213.0
357.8536113885352	210.0
357.8636120483846	210.0
357.8736127082339	210.0
357.8836133680832	210.0
357.8936140279326	210.0
357.9036146877819	210.0
357.9136153476312	210.0
357.9236160074806	210.0
357.9336166673299	210.0
357.9436173271792	210.0
357.95361798702857	208.0
357.9636186468779	206.0
357.9736193067272	203.0
357.98361996657655	203.0
357.99362062642587	206.0
358.0036212862752	210.0
358.0136219461245	223.0
358.02362260597386	236.0
358.03362326582317	253.0
358.0436239256725	281.0
358.05362458552185	294.0
358.06362524537116	301.0
358.07362590522047	305.0
358.08362656506984	305.0
358.09362722491915	298.0
358.10362788476846	291.0
358.1136285446178	268.0
358.12362920446714	256.0
358.13362986431645	245.0
358.1436305241658	234.0
358.1536311840151	223.0
358.16363184386444	218.0
358.1736325037138	218.0
358.1836331635631	218.0
358.1936338234124	223.0
358.20363448326174	228.0
358.2136351431111	234.0
358.2236358029604	239.0
358.2336364628097	245.0
358.2436371226591	250.0
358.2536377825084	253.0
358.2636384423577	253.0
358.2736391022071	250.0
358.2836397620564	245.0
358.2936404219057	236.0
358.3036410817551	228.0
358.3136417416044	215.0
358.3236424014537	208.0
358.33364306130306	203.0
358.3436437211524	201.0
358.3536443810017	201.0
358.36364504085105	201.0
358.37364570070037	201.0
358.3836463605497	201.0
358.393647020399	203.0
358.40364768024835	203.0
358.41364834009767	203.0
358.423648999947	206.0
358.43364965979634	206.0
358.44365031964566	208.0
358.45365097949497	208.0
358.46365163934433	208.0
358.47365229919365	208.0
358.48365295904296	208.0
358.4936536188923	208.0
358.50365427874164	208.0
358.51365493859095	206.0
358.5236555984403	206.0
358.5336562582896	206.0
358.54365691813894	203.0
358.5536575779883	201.0
358.5636582378376	199.0
358.5736588976869	196.0
358.58365955753624	194.0
358.5936602173856	190.0
358.6036608772349	187.0
358.6136615370842	185.0
358.6236621969336	183.0
358.6336628567829	183.0
358.6436635166322	183.0
358.6536641764816	181.0
358.6636648363309	181.0
358.6736654961802	181.0
358.6836661560296	179.0
358.6936668158789	179.0
358.7036674757282	177.0
358.71366813557756	175.0
358.7236687954269	173.0
358.7336694552762	173.0
358.7436701151255	171.0
358.75367077497486	171.0
358.7636714348242	171.0
358.7736720946735	171.0
358.78367275452285	169.0
358.79367341437217	169.0
358.8036740742215	167.0
358.81367473407084	167.0
358.82367539392015	167.0
358.83367605376947	167.0
358.84367671361883	167.0
358.85367737346814	167.0
358.86367803331746	167.0
358.8736786931668	169.0
358.88367935301613	173.0
358.89368001286545	177.0
358.9036806727148	181.0
358.9136813325641	183.0
358.92368199241344	185.0
358.93368265226275	185.0
358.9436833121121	185.0
358.9536839719614	183.0
358.96368463181074	181.0
358.9736852916601	181.0
358.9836859515094	179.0
358.9936866113587	175.0
359.0036872712081	173.0
359.0136879310574	173.0
359.0236885909067	171.0
359.0336892507561	171.0
359.0436899106054	171.0
359.0536905704547	171.0
359.0636912303041	173.0
359.0736918901534	171.0
359.0836925500027	171.0
359.09369320985206	171.0
359.1036938697014	171.0
359.1136945295507	169.0
359.1236951894	171.0
359.13369584924936	173.0
359.1436965090987	175.0
359.153697168948	179.0
359.16369782879735	183.0
359.17369848864666	185.0
359.183699148496	185.0
359.19369980834534	185.0
359.20370046819465	181.0
359.21370112804397	179.0
359.22370178789333	175.0
359.23370244774264	173.0
359.24370310759195	169.0
359.2537037674413	167.0
359.26370442729063	167.0
359.27370508713994	167.0
359.28370574698926	169.0
359.2937064068386	171.0
359.30370706668793	173.0
359.31370772653725	175.0
359.3237083863866	177.0
359.3337090462359	177.0
359.34370970608524	177.0
359.3537103659346	177.0
359.3637110257839	173.0
359.3737116856332	169.0
359.3837123454826	165.0
359.3937130053319	0.0
359.4037136651812	0.0
359.4137143250306	0.0
359.4237149848799	0.0
359.4337156447292	0.0
359.4437163045786	0.0
359.4537169644279	0.0
359.4637176242772	0.0
359.4737182841265	0.0
359.4837189439759	0.0
359.4937196038252	0.0
359.5037202636745	0.0
359.51372092352386	0.0
359.5237215833732	0.0
359.5337222432225	0.0
359.54372290307185	0.0
359.55372356292116	0.0
359.5637242227705	0.0
359.57372488261984	0.0
359.58372554246915	0.0
359.59372620231846	0.0
359.60372686216783	0.0
359.61372752201714	0.0
359.62372818186645	0.0
359.6337288417158	0.0
359.64372950156513	0.0
359.65373016141444	0.0
359.66373082126375	0.0
359.6737314811131	0.0
359.68373214096243	0.0
359.69373280081174	0.0
359.7037334606611	0.0
359.7137341205104	0.0
359.72373478035973	0.0
359.7337354402091	0.0
359.7437361000584	0.0
359.7537367599077	0.0
359.7637374197571	0.0
359.7737380796064	0.0
359.7837387394557	256.0
359.7937393993051	253.0
359.8037400591544	253.0
359.8137407190037	250.0
359.823741378853	250.0
359.8337420387024	250.0
359.8437426985517	248.0
359.853743358401	248.0
359.8637440182504	245.0
359.8737446780997	239.0
359.883745337949	236.0
359.89374599779836	234.0
359.9037466576477	231.0
359.913747317497	231.0
359.92374797734635	228.0
359.93374863719566	228.0
359.943749297045	228.0
359.95374995689434	228.0
359.96375061674365	231.0
359.97375127659296	234.0
359.98375193644233	236.0
359.99375259629164	239.0
360.00375325614095	242.0
360.01375391599026	245.0
360.02375457583963	248.0
360.03375523568894	248.0
360.04375589553825	248.0
360.0537565553876	248.0
360.06375721523693	245.0
360.07375787508624	242.0
360.0837585349356	236.0
360.0937591947849	234.0
360.10375985463423	228.0
360.1137605144836	226.0
360.1237611743329	223.0
360.1337618341822	218.0
360.1437624940316	215.0
360.1537631538809	213.0
360.1637638137302	208.0
360.1737644735796	210.0
360.1837651334289	208.0
360.1937657932782	208.0
360.2037664531275	206.0
360.2137671129769	203.0
360.2237677728262	203.0
360.2337684326755	201.0
360.2437690925249	199.0
360.2537697523742	196.0
360.2637704122235	194.0
360.27377107207286	190.0
360.2837717319222	190.0
360.2937723917715	187.0
360.30377305162085	185.0
360.31377371147016	183.0
360.3237743713195	181.0
360.33377503116884	179.0
360.34377569101815	177.0
360.35377635086746	177.0
360.3637770107168	177.0
360.37377767056614	175.0
360.38377833041545	175.0
360.39377899026476	175.0
360.40377965011413	175.0
360.41378030996344	175.0
360.42378096981275	175.0
360.4337816296621	175.0
360.44378228951143	175.0
360.45378294936074	175.0
360.4637836092101	175.0
360.4737842690594	175.0
360.48378492890873	175.0
360.4937855887581	175.0
360.5037862486074	175.0
360.5137869084567	177.0
360.5237875683061	177.0
360.5337882281554	179.0
360.5437888880047	181.0
360.553789547854	183.0
360.5637902077034	183.0
360.5737908675527	183.0
360.583791527402	183.0
360.5937921872514	183.0
360.6037928471007	181.0
360.61379350695	181.0
360.62379416679937	179.0
360.6337948266487	177.0
360.643795486498	175.0
360.65379614634736	173.0
360.6637968061967	173.0
360.673797466046	171.0
360.68379812589535	171.0
360.69379878574466	171.0
360.703799445594	173.0
360.71380010544334	173.0
360.72380076529265	173.0
360.73380142514196	175.0
360.7438020849913	175.0
360.75380274484064	175.0
360.76380340468995	177.0
360.77380406453926	177.0
360.78380472438863	179.0
360.79380538423794	181.0
360.80380604408725	183.0
360.8138067039366	185.0
360.82380736378593	190.0
360.83380802363524	192.0
360.8438086834846	196.0
360.8538093433339	199.0
360.86381000318323	199.0
360.8738106630326	201.0
360.8838113228819	201.0
360.8938119827312	201.0
360.9038126425806	201.0
360.9138133024299	203.0
360.9238139622792	203.0
360.9338146221285	203.0
360.9438152819779	203.0
360.9538159418272	203.0
360.9638166016765	206.0
360.9738172615259	206.0
360.9838179213752	206.0
360.9938185812245	206.0
361.00381924107387	203.0
361.0138199009232	203.0
361.0238205607725	203.0
361.03382122062186	203.0
361.04382188047117	203.0
361.0538225403205	203.0
361.06382320016985	203.0
361.07382386001916	203.0
361.0838245198685	203.0
361.0938251797178	203.0
361.10382583956715	203.0
361.11382649941646	203.0
361.1238271592658	203.0
361.13382781911514	201.0
361.14382847896445	201.0
361.15382913881376	201.0
361.16382979866313	201.0
361.17383045851244	201.0
361.18383111836175	203.0
361.1938317782111	203.0
361.20383243806043	203.0
361.21383309790974	203.0
361.2238337577591	201.0
361.2338344176084	201.0
361.24383507745773	201.0
361.2538357373071	201.0
361.2638363971564	201.0
361.2738370570057	201.0
361.28383771685503	201.0
361.2938383767044	201.0
361.3038390365537	201.0
361.313839696403	201.0
361.3238403562524	201.0
361.3338410161017	201.0
361.343841675951	201.0
361.3538423358004	201.0
361.3638429956497	201.0
361.373843655499	201.0
361.38384431534837	0.0
361.3938449751977	0.0
361.403845635047	0.0
361.41384629489636	0.0
361.42384695474567	0.0
361.433847614595	0.0
361.44384827444435	0.0
361.45384893429366	0.0
361.46384959414297	0.0
361.4738502539923	0.0
361.48385091384165	0.0
361.49385157369096	0.0
361.5038522335403	0.0
361.51385289338964	0.0
361.52385355323895	0.0
361.53385421308826	0.0
361.54385487293763	0.0
361.55385553278694	0.0
361.56385619263625	0.0
361.5738568524856	0.0
361.58385751233493	0.0
361.59385817218424	0.0
361.6038588320336	0.0
361.6138594918829	0.0
361.62386015173223	0.0
361.63386081158154	0.0
361.6438614714309	0.0
361.6538621312802	0.0
361.66386279112953	0.0
361.6738634509789	0.0
361.6838641108282	0.0
361.6938647706775	0.0
361.7038654305269	0.0
361.7138660903762	0.0
361.7238667502255	0.0
361.7338674100749	0.0
361.7438680699242	0.0
361.7538687297735	0.0
361.76386938962287	0.0
361.7738700494722	0.0
361.7838707093215	0.0
361.79387136917086	0.0
361.80387202902017	0.0
361.8138726888695	0.0
361.8238733487188	0.0
361.83387400856816	0.0
361.84387466841747	0.0
361.8538753282668	0.0
361.86387598811615	0.0
361.87387664796546	0.0
361.88387730781477	0.0
361.89387796766414	0.0
361.90387862751345	0.0
361.91387928736276	0.0
361.92387994721213	0.0
361.93388060706144	0.0
361.94388126691075	0.0
361.9538819267601	0.0
361.96388258660943	0.0
361.97388324645874	0.0
361.9838839063081	0.0
361.9938845661574	0.0
362.00388522600673	0.0
362.01388588585604	0.0
362.0238865457054	0.0
362.0338872055547	0.0
362.04388786540403	0.0
362.0538885252534	0.0
362.0638891851027	0.0
362.073889844952	0.0
362.0838905048014	0.0
362.0938911646507	0.0
362.1038918245	0.0
362.1138924843494	0.0
362.1238931441987	0.0
362.133893804048	0.0
362.14389446389737	0.0
362.1538951237467	0.0
362.163895783596	0.0
362.1738964434453	0.0
362.18389710329467	0.0
362.193897763144	0.0
362.2038984229933	0.0
362.21389908284266	0.0
362.22389974269197	0.0
362.2339004025413	0.0
362.24390106239065	0.0
362.25390172223996	0.0
362.26390238208927	0.0
362.27390304193864	0.0
362.28390370178795	0.0
362.29390436163726	0.0
362.3039050214866	0.0
362.31390568133594	0.0
362.32390634118525	0.0
362.3339070010346	0.0
362.34390766088393	0.0
362.35390832073324	0.0
362.36390898058255	0.0
362.3739096404319	0.0
362.38391030028123	0.0
362.39391096013054	0.0
362.4039116199799	0.0
362.4139122798292	0.0
362.42391293967853	0.0
362.4339135995279	0.0
362.4439142593772	0.0
362.4539149192265	0.0
362.4639155790759	0.0
362.4739162389252	0.0
362.4839168987745	0.0
362.4939175586239	0.0
362.5039182184732	0.0
362.5139188783225	0.0
362.52391953817187	0.0
362.5339201980212	0.0
362.5439208578705	0.0
362.5539215177198	0.0
362.56392217756917	0.0
362.5739228374185	0.0
362.5839234972678	0.0
362.59392415711716	0.0
362.60392481696647	0.0
362.6139254768158	0.0
362.62392613666515	0.0
362.63392679651446	0.0
362.64392745636377	0.0
362.65392811621314	0.0
362.66392877606245	0.0
362.67392943591176	0.0
362.6839300957611	0.0
362.69393075561044	0.0
362.70393141545975	0.0
362.7139320753091	0.0
362.7239327351584	0.0
362.73393339500774	0.0
362.74393405485705	0.0
362.7539347147064	0.0
362.76393537455573	0.0
362.77393603440504	0.0
362.7839366942544	0.0
362.7939373541037	0.0
362.80393801395303	0.0
362.8139386738024	0.0
362.8239393336517	0.0
362.833939993501	0.0
362.8439406533504	0.0
362.8539413131997	0.0
362.863941973049	0.0
362.8739426328984	0.0
362.8839432927477	0.0
362.893943952597	0.0
362.9039446124463	0.0
362.9139452722957	0.0
362.923945932145	0.0
362.9339465919943	0.0
362.94394725184367	0.0
362.953947911693	0.0
362.9639485715423	0.0
362.97394923139166	0.0
362.98394989124097	0.0
362.9939505510903	0.0
363.00395121093965	0.0
363.01395187078896	0.0
363.02395253063827	0.0
363.03395319048764	0.0
363.04395385033695	0.0
363.05395451018626	0.0
363.0639551700356	0.0
363.07395582988494	0.0
363.08395648973425	0.0
363.09395714958356	0.0
363.1039578094329	0.0
363.11395846928224	0.0
363.12395912913155	0.0
363.1339597889809	0.0
363.1439604488302	0.0
363.15396110867954	0.0
363.1639617685289	0.0
363.1739624283782	0.0
363.18396308822753	0.0
363.1939637480769	0.0
363.2039644079262	0.0
363.2139650677755	0.0
363.2239657276249	0.0
363.2339663874742	0.0
363.2439670473235	0.0
363.2539677071729	0.0
363.2639683670222	0.0
363.2739690268715	0.0
363.2839696867208	0.0
363.2939703465702	0.0
363.3039710064195	0.0
363.3139716662688	0.0
363.32397232611817	0.0
363.3339729859675	0.0
363.3439736458168	0.0
363.35397430566616	0.0
363.36397496551547	0.0
363.3739756253648	0.0
363.38397628521415	0.0
363.39397694506346	0.0
363.40397760491277	0.0
363.41397826476214	0.0
363.42397892461145	0.0
363.43397958446076	0.0
363.44398024431007	0.0
363.45398090415944	0.0
363.46398156400875	0.0
363.47398222385806	0.0
363.4839828837074	0.0
363.49398354355674	0.0
363.50398420340605	0.0
363.5139848632554	0.0
363.5239855231047	0.0
363.53398618295404	0.0
363.5439868428034	0.0
363.5539875026527	0.0
363.563988162502	0.0
363.5739888223514	0.0
363.5839894822007	0.0
363.59399014205	0.0
363.6039908018994	0.0
363.6139914617487	0.0
363.623992121598	0.0
363.6339927814473	0.0
363.6439934412967	0.0
363.653994101146	0.0
363.6639947609953	0.0
363.6739954208447	0.0
363.683996080694	0.0
363.6939967405433	0.0
363.70399740039267	0.0
363.713998060242	0.0
363.7239987200913	0.0
363.73399937994066	0.0
363.74400003978997	0.0
363.7540006996393	0.0
363.76400135948865	0.0
363.77400201933796	0.0
363.78400267918727	0.0
363.79400333903664	0.0
363.80400399888595	0.0
363.81400465873526	0.0
363.82400531858457	0.0
363.83400597843394	0.0
363.84400663828325	0.0
363.85400729813256	0.0
363.8640079579819	0.0
363.87400861783124	0.0
363.88400927768055	0.0
363.8940099375299	0.0
363.9040105973792	0.0
363.91401125722854	0.0
363.9240119170779	0.0
363.9340125769272	0.0
363.9440132367765	0.0
363.9540138966259	0.0
363.9640145564752	0.0
363.9740152163245	0.0
363.9840158761738	0.0
363.9940165360232	0.0
364.0040171958725	0.0
364.0140178557218	0.0
364.0240185155712	0.0
364.0340191754205	0.0
364.0440198352698	0.0
364.0540204951192	0.0
364.0640211549685	0.0
364.0740218148178	0.0
364.08402247466717	0.0
364.0940231345165	0.0
364.1040237943658	0.0
364.11402445421515	0.0
364.12402511406447	0.0
364.1340257739138	0.0
364.14402643376314	0.0
364.15402709361246	0.0
364.16402775346177	0.0
364.1740284133111	0.0
364.18402907316045	0.0
364.19402973300976	0.0
364.20403039285907	0.0
364.21403105270844	0.0
364.22403171255775	0.0
364.23403237240706	0.0
364.2440330322564	0.0
364.25403369210574	0.0
364.26403435195505	0.0
364.2740350118044	0.0
364.2840356716537	0.0
364.29403633150304	0.0
364.3040369913524	0.0
364.3140376512017	0.0
364.324038311051	0.0
364.3340389709004	0.0
364.3440396307497	0.0
364.354040290599	0.0
364.3640409504483	0.0
364.3740416102977	0.0
364.384042270147	0.0
364.3940429299963	0.0
364.4040435898457	0.0
364.414044249695	0.0
364.4240449095443	0.0
364.4340455693937	0.0
364.444046229243	0.0
364.4540468890923	0.0
364.46404754894166	0.0
364.474048208791	0.0
364.4840488686403	0.0
364.49404952848965	0.0
364.50405018833897	0.0
364.5140508481883	0.0
364.52405150803764	0.0
364.53405216788695	0.0
364.54405282773627	0.0
364.5540534875856	0.0
364.56405414743494	0.0
364.57405480728426	0.0
364.58405546713357	0.0
364.59405612698293	0.0
364.60405678683225	0.0
364.61405744668156	0.0
364.6240581065309	0.0
364.63405876638024	0.0
364.64405942622955	0.0
364.6540600860789	0.0
364.6640607459282	0.0
364.67406140577754	0.0
364.6840620656269	0.0
364.6940627254762	0.0
364.7040633853255	0.0
364.71406404517484	0.0
364.7240647050242	0.0
364.7340653648735	0.0
364.7440660247228	0.0
364.7540666845722	0.0
364.7640673444215	0.0
364.7740680042708	0.0
364.7840686641202	0.0
364.7940693239695	0.0
364.8040699838188	0.0
364.8140706436682	0.0
364.8240713035175	0.0
364.8340719633668	0.0
364.84407262321616	0.0
364.8540732830655	0.0
364.8640739429148	0.0
364.87407460276415	0.0
364.88407526261346	0.0
364.8940759224628	0.0
364.9040765823121	0.0
364.91407724216145	0.0
364.92407790201077	0.0
364.9340785618601	0.0
364.94407922170944	0.0
364.95407988155876	0.0
364.96408054140807	0.0
364.97408120125743	0.0
364.98408186110674	0.0
364.99408252095606	0.0
365.0040831808054	0.0
365.01408384065473	0.0
365.02408450050405	0.0
365.0340851603534	0.0
365.0440858202027	0.0
365.05408648005204	0.0
365.0640871399014	0.0
365.0740877997507	0.0
365.0840884596	0.0
365.09408911944934	0.0
365.1040897792987	0.0
365.114090439148	0.0
365.1240910989973	0.0
365.1340917588467	0.0
365.144092418696	0.0
365.1540930785453	0.0
365.1640937383947	0.0
365.174094398244	0.0
365.1840950580933	0.0
365.1940957179427	0.0
365.204096377792	0.0
365.2140970376413	0.0
365.22409769749066	0.0
365.23409835734	0.0
365.2440990171893	0.0
365.2540996770386	0.0
365.26410033688796	0.0
365.2741009967373	0.0
365.2841016565866	0.0
365.29410231643595	0.0
365.30410297628526	0.0
365.3141036361346	0.0
365.32410429598394	0.0
365.33410495583325	0.0
365.34410561568257	0.0
365.35410627553193	0.0
365.36410693538124	0.0
365.37410759523056	0.0
365.3841082550799	0.0
365.39410891492923	0.0
365.40410957477854	0.0
365.4141102346279	0.0
365.4241108944772	0.0
365.43411155432653	0.0
365.44411221417585	0.0
365.4541128740252	0.0
365.4641135338745	0.0
365.47411419372384	0.0
365.4841148535732	0.0
365.4941155134225	0.0
365.5041161732718	0.0
365.5141168331212	0.0
365.5241174929705	0.0
365.5341181528198	0.0
365.5441188126692	0.0
365.5541194725185	0.0
365.5641201323678	0.0
365.5741207922172	0.0
365.5841214520665	0.0
365.5941221119158	0.0
365.60412277176516	0.0
365.6141234316145	0.0
365.6241240914638	0.0
365.6341247513131	0.0
365.64412541116246	0.0
365.6541260710118	0.0
365.6641267308611	0.0
365.67412739071045	0.0
365.68412805055976	0.0
365.6941287104091	0.0
365.70412937025844	0.0
365.71413003010775	0.0
365.72413068995706	0.0
365.73413134980643	0.0
365.74413200965574	0.0
365.75413266950505	0.0
365.7641333293544	0.0
365.77413398920373	0.0
365.78413464905304	0.0
365.79413530890236	0.0
365.8041359687517	0.0
365.81413662860103	0.0
365.82413728845034	0.0
365.8341379482997	0.0
365.844138608149	0.0
365.85413926799833	0.0
365.8641399278477	0.0
365.874140587697	0.0
365.8841412475463	0.0
365.8941419073957	0.0
365.904142567245	0.0
365.9141432270943	0.0
365.9241438869437	0.0
365.934144546793	0.0
365.9441452066423	0.0
365.9541458664917	0.0
365.964146526341	0.0
365.9741471861903	0.0
365.9841478460396	0.0
365.994148505889	0.0
366.0041491657383	0.0
366.0141498255876	0.0
366.02415048543696	0.0
366.0341511452863	0.0
366.0441518051356	0.0
366.05415246498495	0.0
366.06415312483426	0.0
366.0741537846836	0.0
366.08415444453294	0.0
366.09415510438225	0.0
366.10415576423156	0.0
366.11415642408093	0.0
366.12415708393024	0.0
366.13415774377955	0.0
366.1441584036289	0.0
366.15415906347823	0.0
366.16415972332754	0.0
366.17416038317685	0.0
366.1841610430262	0.0
366.19416170287553	0.0
366.20416236272484	0.0
366.2141630225742	0.0
366.2241636824235	0.0
366.23416434227283	0.0
366.2441650021222	0.0
366.2541656619715	0.0
366.2641663218208	0.0
366.2741669816702	0.0
366.2841676415195	0.0
366.2941683013688	0.0
366.3041689612182	0.0
366.3141696210675	0.0
366.3241702809168	0.0
366.33417094076617	0.0
366.3441716006155	0.0
366.3541722604648	0.0
366.3641729203141	0.0
366.3741735801635	0.0
366.3841742400128	0.0
366.3941748998621	0.0
366.40417555971146	0.0
366.4141762195608	0.0
366.4241768794101	0.0
366.43417753925945	0.0
366.44417819910876	0.0
366.4541788589581	0.0
366.46417951880744	0.0
366.47418017865675	0.0
366.48418083850606	0.0
366.49418149835543	0.0
366.50418215820474	0.0
366.51418281805405	0.0
366.52418347790336	0.0
366.53418413775273	0.0
366.54418479760204	0.0
366.55418545745135	0.0
366.5641861173007	0.0
366.57418677715003	0.0
366.58418743699934	0.0
366.5941880968487	0.0
366.604188756698	0.0
366.61418941654733	0.0
366.6241900763967	0.0
366.634190736246	0.0
366.6441913960953	0.0
366.6541920559447	0.0
366.664192715794	0.0
366.6741933756433	0.0
366.6841940354927	0.0
366.694194695342	0.0
366.7041953551913	0.0
366.7141960150406	0.0
366.72419667489	0.0
366.7341973347393	0.0
366.7441979945886	0.0
366.75419865443797	0.0
366.7641993142873	0.0
366.7741999741366	0.0
366.78420063398596	0.0
366.7942012938353	0.0
366.8042019536846	0.0
366.81420261353395	0.0
366.82420327338326	0.0
366.8342039332326	0.0
366.84420459308194	0.0
366.85420525293125	0.0
366.86420591278056	0.0
366.87420657262993	0.0
366.88420723247924	0.0
366.89420789232855	0.0
366.90420855217786	0.0
366.91420921202723	0.0
366.92420987187654	0.0
366.93421053172585	0.0
366.9442111915752	0.0
366.95421185142453	0.0
366.96421251127384	0.0
366.9742131711232	0.0
366.9842138309725	0.0
366.99421449082183	0.0
367.0042151506712	0.0
367.0142158105205	0.0
367.0242164703698	0.0
367.0342171302192	0.0
367.0442177900685	0.0
367.0542184499178	0.0
367.0642191097671	0.0
367.0742197696165	0.0
367.0842204294658	0.0
367.0942210893151	0.0
367.1042217491645	0.0
367.1142224090138	0.0
367.1242230688631	0.0
367.13422372871247	0.0
367.1442243885618	0.0
367.1542250484111	0.0
367.16422570826046	0.0
367.17422636810977	0.0
367.1842270279591	0.0
367.19422768780845	0.0
367.20422834765776	0.0
367.2142290075071	0.0
367.22422966735644	0.0
367.23423032720575	0.0
367.24423098705506	0.0
367.2542316469044	0.0
367.26423230675374	0.0
367.27423296660305	0.0
367.28423362645236	0.0
367.29423428630173	0.0
367.30423494615104	0.0
367.31423560600035	0.0
367.3242362658497	0.0
367.33423692569903	0.0
367.34423758554834	0.0
367.3542382453977	0.0
367.364238905247	0.0
367.37423956509633	0.0
367.3842402249457	0.0
367.394240884795	0.0
367.4042415446443	0.0
367.4142422044937	0.0
367.424242864343	0.0
367.4342435241923	0.0
367.4442441840416	0.0
367.454244843891	0.0
367.4642455037403	0.0
367.4742461635896	0.0
367.484246823439	0.0
367.4942474832883	0.0
367.5042481431376	0.0
367.51424880298697	0.0
367.5242494628363	0.0
367.5342501226856	0.0
367.54425078253496	0.0
367.55425144238427	0.0
367.5642521022336	0.0
367.57425276208295	0.0
367.58425342193226	0.0
367.59425408178157	0.0
367.6042547416309	0.0
367.61425540148025	0.0
367.62425606132956	0.0
367.6342567211789	0.0
367.64425738102824	0.0
367.65425804087755	0.0
367.66425870072686	0.0
367.67425936057623	0.0
367.68426002042554	0.0
367.69426068027485	0.0
367.7042613401242	0.0
367.71426199997353	0.0
367.72426265982284	0.0
367.7342633196722	0.0
367.7442639795215	0.0
367.75426463937083	0.0
367.7642652992202	0.0
367.7742659590695	0.0
367.7842666189188	0.0
367.79426727876813	0.0
367.8042679386175	0.0
367.8142685984668	0.0
367.8242692583161	0.0
367.8342699181655	0.0
367.8442705780148	0.0
367.8542712378641	0.0
367.8642718977135	0.0
367.8742725575628	0.0
367.8842732174121	0.0
367.89427387726147	0.0
367.9042745371108	0.0
367.9142751969601	0.0
367.92427585680946	0.0
367.93427651665877	0.0
367.9442771765081	0.0
367.95427783635745	0.0
367.96427849620676	0.0
367.97427915605607	0.0
367.9842798159054	0.0
367.99428047575475	0.0
368.00428113560406	0.0
368.01428179545337	0.0
368.02428245530274	0.0
368.03428311515205	0.0
368.04428377500136	0.0
368.05428443485073	0.0
368.06428509470004	0.0
368.07428575454935	0.0
368.0842864143987	0.0
368.09428707424803	0.0
368.10428773409734	0.0
368.1142883939467	0.0
368.124289053796	0.0
368.13428971364533	0.0
368.14429037349464	0.0
368.154291033344	0.0
368.1642916931933	0.0
368.17429235304263	0.0
368.184293012892	0.0
368.1942936727413	0.0
368.2042943325906	0.0
368.21429499244	0.0
368.2242956522893	0.0
368.2342963121386	0.0
368.244296971988	0.0
368.2542976318373	0.0
368.2642982916866	0.0
368.27429895153597	0.0
368.2842996113853	0.0
368.2943002712346	0.0
368.30430093108396	0.0
368.31430159093327	0.0
368.3243022507826	0.0
368.3343029106319	0.0
368.34430357048126	0.0
368.35430423033057	0.0
368.3643048901799	0.0
368.37430555002925	0.0
368.38430620987856	0.0
368.39430686972787	0.0
368.40430752957724	0.0
368.41430818942655	0.0
368.42430884927586	0.0
368.4343095091252	0.0
368.44431016897454	0.0
368.45431082882385	0.0
368.4643114886732	0.0
368.47431214852253	0.0
368.48431280837184	0.0
368.4943134682212	0.0
368.5043141280705	0.0
368.51431478791983	0.0
368.52431544776914	0.0
368.5343161076185	0.0
368.5443167674678	0.0
368.55431742731713	0.0
368.5643180871665	0.0
368.5743187470158	0.0
368.5843194068651	0.0
368.5943200667145	0.0
368.6043207265638	0.0
368.6143213864131	0.0
368.6243220462625	0.0
368.6343227061118	0.0
368.6443233659611	0.0
368.65432402581047	0.0
368.6643246856598	0.0
368.6743253455091	0.0
368.68432600535846	0.0
368.69432666520777	0.0
368.7043273250571	0.0
368.7143279849064	0.0
368.72432864475576	0.0
368.73432930460507	0.0
368.7443299644544	0.0
368.75433062430375	0.0
368.76433128415306	0.0
368.77433194400237	0.0
368.78433260385174	0.0
368.79433326370105	0.0
368.80433392355036	0.0
368.8143345833997	0.0
368.82433524324904	0.0
368.83433590309835	0.0
368.8443365629477	0.0
368.854337222797	0.0
368.86433788264634	0.0
368.87433854249565	0.0
368.884339202345	0.0
368.89433986219433	0.0
368.90434052204364	0.0
368.914341181893	0.0
368.9243418417423	0.0
368.93434250159163	0.0
368.944343161441	0.0
368.9543438212903	0.0
368.9643444811396	0.0
368.974345140989	0.0
368.9843458008383	0.0
368.9943464606876	0.0
369.004347120537	0.0
369.0143477803863	0.0
369.0243484402356	0.0
369.03434910008497	0.0
369.0443497599343	0.0
369.0543504197836	0.0
369.0643510796329	0.0
369.07435173948227	0.0
369.0843523993316	0.0
369.0943530591809	0.0
369.10435371903026	0.0
369.11435437887957	0.0
369.1243550387289	0.0
369.13435569857825	0.0
369.14435635842756	0.0
369.15435701827687	0.0
369.16435767812624	0.0
369.17435833797555	0.0
369.18435899782486	0.0
369.1943596576742	0.0
369.20436031752354	0.0
369.21436097737285	0.0
369.2243616372222	0.0
369.2343622970715	0.0
369.24436295692084	0.0
369.25436361677015	0.0
369.2643642766195	0.0
369.2743649364688	0.0
369.28436559631814	0.0
369.2943662561675	0.0
369.3043669160168	0.0
369.31436757586613	0.0
369.3243682357155	0.0
369.3343688955648	0.0
369.3443695554141	0.0
369.3543702152635	0.0
369.3643708751128	0.0
369.3743715349621	0.0
369.3843721948115	0.0
369.3943728546608	0.0
369.4043735145101	0.0
369.4143741743594	0.0
369.4243748342088	0.0
369.4343754940581	0.0
369.4443761539074	0.0
369.45437681375677	0.0
369.4643774736061	0.0
369.4743781334554	0.0
369.48437879330476	0.0
369.49437945315407	0.0
369.5043801130034	0.0
369.51438077285275	0.0
369.52438143270206	0.0
369.53438209255137	0.0
369.54438275240074	0.0
369.55438341225005	0.0
369.56438407209936	0.0
369.5743847319487	0.0
369.58438539179804	0.0
369.59438605164735	0.0
369.60438671149666	0.0
369.614387371346	0.0
369.62438803119534	0.0
369.63438869104465	0.0
369.644389350894	0.0
369.6543900107433	0.0
369.66439067059264	0.0
369.674391330442	0.0
369.6843919902913	0.0
369.6943926501406	0.0
369.70439330999	0.0
369.7143939698393	0.0
369.7243946296886	0.0
369.734395289538	0.0
369.7443959493873	0.0
369.7543966092366	0.0
369.764397269086	0.0
369.7743979289353	0.0
369.7843985887846	0.0
369.7943992486339	0.0
369.8043999084833	0.0
369.8144005683326	0.0
369.8244012281819	0.0
369.83440188803127	0.0
369.8444025478806	0.0
369.8544032077299	0.0
369.86440386757926	0.0
369.87440452742857	0.0
369.8844051872779	0.0
369.89440584712725	0.0
369.90440650697656	0.0
369.91440716682587	0.0
369.92440782667524	0.0
369.93440848652455	0.0
369.94440914637386	0.0
369.95440980622317	0.0
369.96441046607254	0.0
369.97441112592185	0.0
369.98441178577116	0.0
369.9944124456205	0.0
370.00441310546984	0.0
370.01441376531915	0.0
370.0244144251685	0.0
370.0344150850178	0.0
370.04441574486714	0.0
370.0544164047165	0.0
370.0644170645658	0.0
370.0744177244151	0.0
370.0844183842645	0.0
370.0944190441138	0.0
370.1044197039631	0.0
370.1144203638125	0.0
370.1244210236618	0.0
370.1344216835111	0.0
370.1444223433604	0.0
370.1544230032098	0.0
370.1644236630591	0.0
370.1744243229084	0.0
370.1844249827578	0.0
370.1944256426071	0.0
370.2044263024564	0.0
370.21442696230577	0.0
370.2244276221551	0.0
370.2344282820044	0.0
370.24442894185376	0.0
370.25442960170307	0.0
370.2644302615524	0.0
370.27443092140174	0.0
370.28443158125106	0.0
370.29443224110037	0.0
370.30443290094973	0.0
370.31443356079905	0.0
370.32443422064836	0.0
370.33443488049767	0.0
370.34443554034704	0.0
370.35443620019635	0.0
370.36443686004566	0.0
370.374437519895	958.0
370.38443817974434	0.0
370.39443883959365	0.0
370.404439499443	0.0
370.4144401592923	0.0
370.42444081914164	0.0
370.434441478991	0.0
370.4444421388403	0.0
370.4544427986896	0.0
370.464443458539	0.0
370.4744441183883	0.0
370.4844447782376	0.0
370.494445438087	0.0
370.5044460979363	0.0
370.5144467577856	0.0
370.5244474176349	0.0
370.5344480774843	0.0
370.5444487373336	0.0
370.5544493971829	0.0
370.5644500570323	0.0
370.5744507168816	0.0
370.5844513767309	0.0
370.59445203658026	0.0
370.6044526964296	0.0
370.6144533562789	0.0
370.62445401612825	0.0
370.63445467597757	0.0
370.6444553358269	0.0
370.65445599567624	0.0
370.66445665552556	0.0
370.67445731537487	0.0
370.6844579752242	0.0
370.69445863507354	0.0
370.70445929492286	0.0
370.71445995477217	0.0
370.72446061462153	0.0
370.73446127447085	0.0
370.74446193432016	0.0
370.7544625941695	0.0
370.76446325401884	0.0
370.77446391386815	0.0
370.7844645737175	0.0
370.7944652335668	0.0
370.80446589341614	0.0
370.8144665532655	0.0
370.8244672131148	0.0
370.8344678729641	0.0
370.8444685328135	0.0
370.8544691926628	0.0
370.8644698525121	0.0
370.8744705123614	0.0
370.8844711722108	0.0
370.8944718320601	0.0
370.9044724919094	0.0
370.9144731517588	0.0
370.9244738116081	0.0
370.9344744714574	0.0
370.9444751313068	0.0
370.9544757911561	0.0
370.9644764510054	0.0
370.97447711085476	0.0
370.9844777707041	0.0
370.9944784305534	0.0
371.00447909040275	0.0
371.01447975025206	0.0
371.0244804101014	0.0
371.03448106995074	0.0
371.04448172980005	0.0
371.05448238964937	0.0
371.0644830494987	0.0
371.07448370934804	0.0
371.08448436919736	0.0
371.09448502904667	0.0
371.10448568889603	0.0
371.11448634874534	0.0
371.12448700859466	0.0
371.134487668444	0.0
371.14448832829333	0.0
371.15448898814265	0.0
371.164489647992	0.0
371.1744903078413	0.0
371.18449096769064	0.0
371.19449162754	0.0
371.2044922873893	0.0
371.2144929472386	0.0
371.22449360708794	0.0
371.2344942669373	0.0
371.2444949267866	0.0
371.2544955866359	0.0
371.2644962464853	0.0
371.2744969063346	0.0
371.2844975661839	0.0
371.2944982260333	0.0
371.3044988858826	0.0
371.3144995457319	0.0
371.3245002055813	0.0
371.3345008654306	0.0
371.3445015252799	0.0
371.35450218512926	0.0
371.3645028449786	0.0
371.3745035048279	0.0
371.38450416467725	0.0
371.39450482452656	0.0
371.4045054843759	0.0
371.4145061442252	0.0
371.42450680407455	0.0
371.43450746392386	0.0
371.4445081237732	0.0
371.45450878362254	0.0
371.46450944347185	0.0
371.47451010332117	0.0
371.48451076317053	0.0
371.49451142301984	0.0
371.50451208286916	0.0
371.5145127427185	0.0
371.52451340256783	0.0
371.53451406241714	0.0
371.5445147222665	0.0
371.5545153821158	0.0
371.56451604196513	0.0
371.5745167018145	0.0
371.5845173616638	0.0
371.5945180215131	0.0
371.60451868136244	0.0
371.6145193412118	0.0
371.6245200010611	0.0
371.6345206609104	0.0
371.6445213207598	0.0
371.6545219806091	0.0
371.6645226404584	0.0
371.6745233003078	0.0
371.6845239601571	0.0
371.6945246200064	1075.0
371.7045252798558	0.0
371.7145259397051	0.0
371.7245265995544	0.0
371.73452725940376	0.0
371.7445279192531	0.0
371.7545285791024	0.0
371.7645292389517	0.0
371.77452989880106	0.0
371.7845305586504	0.0
371.7945312184997	0.0
371.80453187834905	0.0
371.81453253819836	0.0
371.8245331980477	0.0
371.83453385789704	0.0
371.84453451774635	0.0
371.85453517759566	0.0
371.86453583744503	0.0
371.87453649729434	0.0
371.88453715714365	0.0
371.894537816993	0.0
371.90453847684233	0.0
371.91453913669164	0.0
371.924539796541	0.0
371.9345404563903	0.0
371.94454111623963	0.0
371.95454177608894	0.0
371.9645424359383	0.0
371.9745430957876	0.0
371.98454375563693	0.0
371.9945444154863	0.0
372.0045450753356	0.0
372.0145457351849	0.0
372.0245463950343	0.0
372.0345470548836	0.0
372.0445477147329	0.0
372.0545483745823	0.0
372.0645490344316	0.0
372.0745496942809	0.0
372.0845503541303	0.0
372.0945510139796	0.0
372.1045516738289	0.0
372.11455233367826	0.0
372.1245529935276	0.0
372.1345536533769	0.0
372.1445543132262	0.0
372.15455497307556	0.0
372.1645556329249	0.0
372.1745562927742	0.0
372.18455695262355	0.0
372.19455761247286	0.0
372.2045582723222	0.0
372.21455893217154	0.0
372.22455959202085	0.0
372.23456025187016	0.0
372.24456091171953	0.0
372.25456157156884	0.0
372.26456223141815	0.0
372.2745628912675	0.0
372.28456355111683	0.0
372.29456421096614	0.0
372.3045648708155	0.0
372.3145655306648	0.0
372.32456619051413	0.0
372.33456685036344	0.0
372.3445675102128	0.0
372.3545681700621	0.0
372.36456882991143	0.0
372.3745694897608	0.0
372.3845701496101	0.0
372.3945708094594	0.0
372.4045714693088	0.0
372.4145721291581	0.0
372.4245727890074	0.0
372.4345734488568	0.0
372.4445741087061	0.0
372.4545747685554	0.0
372.46457542840477	0.0
372.4745760882541	0.0
372.4845767481034	0.0
372.4945774079527	0.0
372.5045780678021	0.0
372.5145787276514	0.0
372.5245793875007	0.0
372.53458004735006	0.0
372.5445807071994	0.0
372.5545813670487	0.0
372.56458202689805	0.0
372.57458268674736	0.0
372.5845833465967	0.0
372.59458400644604	0.0
372.60458466629535	0.0
372.61458532614466	0.0
372.62458598599403	0.0
372.63458664584334	0.0
372.64458730569265	0.0
372.654587965542	0.0
372.66458862539133	0.0
372.67458928524064	0.0
372.68458994508995	0.0
372.6945906049393	0.0
372.70459126478863	0.0
372.71459192463794	0.0
372.7245925844873	0.0
372.7345932443366	0.0
372.74459390418593	0.0
372.7545945640353	0.0
372.7645952238846	0.0
372.7745958837339	0.0
372.7845965435833	0.0
372.7945972034326	0.0
372.8045978632819	0.0
372.8145985231313	0.0
372.8245991829806	0.0
372.8345998428299	0.0
372.84460050267927	0.0
372.8546011625286	0.0
372.8646018223779	0.0
372.8746024822272	0.0
372.88460314207657	0.0
372.8946038019259	0.0
372.9046044617752	0.0
372.91460512162456	0.0
372.9246057814739	0.0
372.9346064413232	0.0
372.94460710117255	0.0
372.95460776102186	0.0
372.9646084208712	0.0
372.97460908072054	1075.0
372.98460974056985	0.0
372.99461040041916	0.0
373.00461106026853	0.0
373.01461172011784	0.0
373.02461237996715	0.0
373.03461303981646	0.0
373.04461369966583	0.0
373.05461435951514	0.0
373.06461501936445	0.0
373.0746156792138	0.0
373.08461633906313	0.0
373.09461699891244	0.0
373.1046176587618	0.0
373.1146183186111	0.0
373.12461897846043	0.0
373.1346196383098	0.0
373.1446202981591	0.0
373.1546209580084	0.0
373.1646216178578	0.0
373.1746222777071	0.0
373.1846229375564	0.0
373.1946235974058	0.0
373.2046242572551	0.0
373.2146249171044	0.0
373.2246255769537	0.0
373.2346262368031	0.0
373.2446268966524	0.0
373.2546275565017	0.0
373.26462821635107	0.0
373.2746288762004	0.0
373.2846295360497	0.0
373.29463019589906	0.0
373.30463085574837	0.0
373.3146315155977	0.0
373.32463217544705	0.0
373.33463283529636	0.0
373.3446334951457	0.0
373.35463415499504	0.0
373.36463481484435	0.0
373.37463547469366	0.0
373.38463613454303	0.0
373.39463679439234	0.0
373.40463745424165	0.0
373.41463811409096	0.0
373.42463877394033	0.0
373.43463943378964	0.0
373.44464009363895	0.0
373.4546407534883	0.0
373.46464141333763	0.0
373.47464207318694	0.0
373.4846427330363	0.0
373.4946433928856	0.0
373.50464405273493	0.0
373.5146447125843	0.0
373.5246453724336	0.0
373.5346460322829	0.0
373.5446466921323	0.0
373.5546473519816	0.0
373.5646480118309	0.0
373.5746486716802	0.0
373.5846493315296	0.0
373.5946499913789	0.0
373.6046506512282	0.0
373.6146513110776	0.0
373.6246519709269	0.0
373.6346526307762	0.0
373.64465329062557	0.0
373.6546539504749	0.0
373.6646546103242	0.0
373.67465527017356	0.0
373.68465593002287	0.0
373.6946565898722	0.0
373.70465724972155	0.0
373.71465790957086	0.0
373.72465856942017	0.0
373.73465922926954	0.0
373.74465988911885	0.0
373.75466054896816	0.0
373.7646612088175	0.0
373.77466186866684	0.0
373.78466252851615	0.0
373.79466318836546	0.0
373.80466384821483	0.0
373.81466450806414	0.0
373.82466516791345	0.0
373.8346658277628	0.0
373.84466648761213	0.0
373.85466714746144	0.0
373.8646678073108	0.0
373.8746684671601	0.0
373.88466912700943	0.0
373.8946697868588	0.0
373.9046704467081	0.0
373.9146711065574	0.0
373.9246717664068	0.0
373.9346724262561	0.0
373.9446730861054	0.0
373.9546737459547	0.0
373.9646744058041	0.0
373.9746750656534	0.0
373.9846757255027	0.0
373.9946763853521	0.0
374.0046770452014	0.0
374.0146777050507	0.0
374.02467836490007	0.0
374.0346790247494	0.0
374.0446796845987	0.0
374.05468034444806	0.0
374.06468100429737	0.0
374.0746816641467	0.0
374.08468232399605	0.0
374.09468298384536	0.0
374.10468364369467	0.0
374.11468430354404	0.0
374.12468496339335	0.0
374.13468562324266	0.0
374.14468628309197	0.0
374.15468694294134	0.0
374.16468760279065	0.0
374.17468826263996	0.0
374.18468892248933	0.0
374.19468958233864	0.0
374.20469024218795	0.0
374.2146909020373	0.0
374.22469156188663	0.0
374.23469222173594	0.0
374.2446928815853	0.0
374.2546935414346	1075.0
374.26469420128393	0.0
374.2746948611333	0.0
374.2846955209826	0.0
374.2946961808319	0.0
374.30469684068123	0.0
374.3146975005306	0.0
374.3246981603799	0.0
374.3346988202292	0.0
374.3446994800786	0.0
374.3547001399279	0.0
374.3647007997772	0.0
374.3747014596266	0.0
374.3847021194759	0.0
374.3947027793252	0.0
374.40470343917457	0.0
374.4147040990239	0.0
374.4247047588732	0.0
374.43470541872256	0.0
374.44470607857187	0.0
374.4547067384212	0.0
374.46470739827055	0.0
374.47470805811986	0.0
374.48470871796917	0.0
374.4947093778185	0.0
374.50471003766785	0.0
374.51471069751716	0.0
374.52471135736647	0.0
374.53471201721584	0.0
374.54471267706515	0.0
374.55471333691446	0.0
374.5647139967638	0.0
374.57471465661314	0.0
374.58471531646245	0.0
374.5947159763118	0.0
374.60471663616113	0.0
374.61471729601044	0.0
374.6247179558598	0.0
374.6347186157091	0.0
374.64471927555843	0.0
374.6547199354078	0.0
374.6647205952571	0.0
374.6747212551064	0.0
374.68472191495573	0.0
374.6947225748051	0.0
374.7047232346544	0.0
374.7147238945037	0.0
374.7247245543531	0.0
374.7347252142024	0.0
374.7447258740517	0.0
374.7547265339011	0.0
374.7647271937504	0.0
374.7747278535997	0.0
374.78472851344907	0.0
374.7947291732984	0.0
374.8047298331477	0.0
374.81473049299706	0.0
374.82473115284637	0.0
374.8347318126957	0.0
374.844732472545	0.0
374.85473313239436	0.0
374.86473379224367	0.0
374.874734452093	0.0
374.88473511194235	0.0
374.89473577179166	0.0
374.90473643164097	0.0
374.91473709149034	0.0
374.92473775133965	0.0
374.93473841118896	0.0
374.9447390710383	0.0
374.95473973088764	0.0
374.96474039073695	0.0
374.9747410505863	0.0
374.9847417104356	0.0
374.99474237028494	0.0
375.0047430301343	0.0
375.0147436899836	0.0
375.02474434983293	0.0
375.03474500968224	0.0
375.0447456695316	0.0
375.0547463293809	0.0
375.06474698923023	0.0
375.0747476490796	0.0
375.0847483089289	0.0
375.0947489687782	0.0
375.1047496286276	0.0
375.1147502884769	0.0
375.1247509483262	0.0
375.1347516081756	0.0
375.1447522680249	0.0
375.1547529278742	0.0
375.16475358772357	0.0
375.1747542475729	0.0
375.1847549074222	0.0
375.19475556727156	0.0
375.20475622712087	0.0
375.2147568869702	0.0
375.2247575468195	0.0
375.23475820666886	0.0
375.24475886651817	0.0
375.2547595263675	0.0
375.26476018621685	0.0
375.27476084606616	0.0
375.28476150591547	0.0
375.29476216576484	0.0
375.30476282561415	0.0
375.31476348546346	0.0
375.3247641453128	0.0
375.33476480516214	0.0
375.34476546501145	0.0
375.3547661248608	0.0
375.3647667847101	0.0
375.37476744455944	0.0
375.38476810440875	0.0
375.3947687642581	0.0
375.4047694241074	0.0
375.41477008395674	0.0
375.4247707438061	0.0
375.4347714036554	0.0
375.44477206350473	0.0
375.4547727233541	0.0
375.4647733832034	0.0
375.4747740430527	0.0
375.4847747029021	0.0
375.4947753627514	0.0
375.5047760226007	0.0
375.5147766824501	0.0
375.5247773422994	0.0
375.5347780021487	1075.0
375.54477866199807	0.0
375.5547793218474	0.0
375.5647799816967	0.0
375.574780641546	0.0
375.58478130139537	0.0
375.5947819612447	0.0
375.604782621094	0.0
375.61478328094336	0.0
375.62478394079267	0.0
375.634784600642	0.0
375.64478526049135	0.0
375.65478592034066	0.0
375.66478658018997	0.0
375.67478724003934	0.0
375.68478789988865	0.0
375.69478855973796	0.0
375.7047892195873	0.0
375.71478987943664	0.0
375.72479053928595	0.0
375.7347911991353	0.0
375.7447918589846	0.0
375.75479251883394	0.0
375.76479317868325	0.0
375.7747938385326	0.0
375.7847944983819	0.0
375.79479515823124	0.0
375.8047958180806	0.0
375.8147964779299	0.0
375.8247971377792	0.0
375.8347977976286	0.0
375.8447984574779	0.0
375.8547991173272	0.0
375.8647997771766	0.0
375.8748004370259	0.0
375.8848010968752	0.0
375.8948017567246	0.0
375.9048024165739	0.0
375.9148030764232	0.0
375.92480373627257	0.0
375.9348043961219	0.0
375.9448050559712	0.0
375.9548057158205	0.0
375.96480637566987	0.0
375.9748070355192	0.0
375.9848076953685	0.0
375.99480835521786	0.0
376.00480901506717	0.0
376.0148096749165	0.0
376.02481033476585	0.0
376.03481099461516	0.0
376.04481165446447	0.0
376.05481231431384	0.0
376.06481297416315	0.0
376.07481363401246	0.0
376.0848142938618	0.0
376.09481495371114	0.0
376.10481561356045	0.0
376.11481627340976	0.0
376.1248169332591	0.0
376.13481759310844	0.0
376.14481825295775	0.0
376.1548189128071	0.0
376.1648195726564	0.0
376.17482023250574	0.0
376.1848208923551	0.0
376.1948215522044	0.0
376.2048222120537	0.0
376.2148228719031	0.0
376.2248235317524	0.0
376.2348241916017	0.0
376.2448248514511	0.0
376.2548255113004	0.0
376.2648261711497	0.0
376.2748268309991	0.0
376.2848274908484	0.0
376.2948281506977	0.0
376.304828810547	0.0
376.3148294703964	0.0
376.3248301302457	0.0
376.334830790095	0.0
376.34483144994437	0.0
376.3548321097937	0.0
376.364832769643	0.0
376.37483342949236	0.0
376.38483408934167	0.0
376.394834749191	0.0
376.40483540904034	0.0
376.41483606888966	0.0
376.42483672873897	0.0
376.43483738858833	0.0
376.44483804843765	0.0
376.45483870828696	0.0
376.4648393681363	0.0
376.47484002798564	0.0
376.48484068783495	0.0
376.49484134768426	0.0
376.5048420075336	0.0
376.51484266738294	0.0
376.52484332723225	0.0
376.5348439870816	0.0
376.5448446469309	0.0
376.55484530678024	0.0
376.5648459666296	0.0
376.5748466264789	0.0
376.5848472863282	0.0
376.5948479461776	0.0
376.6048486060269	0.0
376.6148492658762	0.0
376.6248499257256	0.0
376.6348505855749	0.0
376.6448512454242	0.0
376.6548519052735	0.0
376.6648525651229	0.0
376.6748532249722	0.0
376.6848538848215	0.0
376.6948545446709	0.0
376.7048552045202	0.0
376.7148558643695	0.0
376.72485652421886	0.0
376.7348571840682	0.0
376.7448578439175	0.0
376.75485850376685	0.0
376.76485916361617	0.0
376.7748598234655	0.0
376.78486048331484	0.0
376.79486114316416	0.0
376.80486180301347	0.0
376.81486246286283	1075.0
376.82486312271215	0.0
376.83486378256146	0.0
376.84486444241077	0.0
376.85486510226013	0.0
376.86486576210945	0.0
376.87486642195876	0.0
376.8848670818081	0.0
376.89486774165744	0.0
376.90486840150675	0.0
376.9148690613561	0.0
376.9248697212054	0.0
376.93487038105474	0.0
376.9448710409041	0.0
376.9548717007534	0.0
376.9648723606027	0.0
376.9748730204521	0.0
376.9848736803014	0.0
376.9948743401507	0.0
377.004875	0.0
