0.0	0.0
0.010000599353959522	0.0
0.020001198707919044	0.0
0.030001798061878568	0.0
0.04000239741583809	0.0
0.05000299676979761	0.0
0.060003596123757136	0.0
0.07000419547771665	0.0
0.08000479483167618	0.0
0.0900053941856357	0.0
0.10000599353959522	0.0
0.11000659289355474	0.0
0.12000719224751427	0.0
0.1300077916014738	0.0
0.1400083909554333	0.0
0.15000899030939283	0.0
0.16000958966335235	0.0
0.17001018901731188	0.0
0.1800107883712714	0.0
0.1900113877252309	0.0
0.20001198707919043	0.0
0.21001258643314996	0.0
0.2200131857871095	0.0
0.23001378514106902	0.0
0.24001438449502854	0.0
0.25001498384898807	0.0
0.2600155832029476	0.0
0.27001618255690707	0.0
0.2800167819108666	0.0
0.2900173812648261	0.0
0.30001798061878565	0.0
0.3100185799727452	0.0
0.3200191793267047	0.0
0.33001977868066423	0.0
0.34002037803462376	0.0
0.3500209773885833	0.0
0.3600215767425428	0.0
0.37002217609650234	0.0
0.3800227754504618	0.0
0.39002337480442134	0.0
0.40002397415838087	0.0
0.4100245735123404	0.0
0.4200251728662999	0.0
0.43002577222025945	0.0
0.440026371574219	0.0
0.4500269709281785	0.0
0.46002757028213803	0.0
0.47002816963609756	0.0
0.4800287689900571	0.0
0.49002936834401656	0.0
0.5000299676979761	0.0
0.5100305670519356	0.0
0.5200311664058952	0.0
0.5300317657598547	0.0
0.5400323651138141	0.0
0.5500329644677737	0.0
0.5600335638217332	0.0
0.5700341631756928	0.0
0.5800347625296522	0.0
0.5900353618836118	0.0
0.6000359612375713	0.0
0.6100365605915309	0.0
0.6200371599454904	0.0
0.6300377592994499	0.0
0.6400383586534094	0.0
0.6500389580073689	0.0
0.6600395573613285	0.0
0.6700401567152879	0.0
0.6800407560692475	0.0
0.690041355423207	0.0
0.7000419547771666	0.0
0.710042554131126	0.0
0.7200431534850856	0.0
0.7300437528390451	0.0
0.7400443521930047	0.0
0.7500449515469642	0.0
0.7600455509009236	0.0
0.7700461502548832	0.0
0.7800467496088427	0.0
0.7900473489628023	0.0
0.8000479483167617	0.0
0.8100485476707213	0.0
0.8200491470246808	0.0
0.8300497463786404	0.0
0.8400503457325998	0.0
0.8500509450865594	0.0
0.8600515444405189	0.0
0.8700521437944784	0.0
0.880052743148438	0.0
0.8900533425023974	0.0
0.900053941856357	0.0
0.9100545412103165	0.0
0.9200551405642761	0.0
0.9300557399182355	0.0
0.9400563392721951	0.0
0.9500569386261546	0.0
0.9600575379801142	0.0
0.9700581373340736	0.0
0.9800587366880331	0.0
0.9900593360419927	0.0
1.0000599353959523	0.0
1.0100605347499116	0.0
1.0200611341038712	0.0
1.0300617334578308	0.0
1.0400623328117904	0.0
1.0500629321657498	0.0
1.0600635315197093	0.0
1.070064130873669	0.0
1.0800647302276283	0.0
1.0900653295815879	0.0
1.1000659289355474	0.0
1.110066528289507	0.0
1.1200671276434664	0.0
1.130067726997426	0.0
1.1400683263513856	0.0
1.1500689257053451	0.0
1.1600695250593045	0.0
1.170070124413264	0.0
1.1800707237672237	0.0
1.190071323121183	0.0
1.2000719224751426	0.0
1.2100725218291022	0.0
1.2200731211830618	0.0
1.2300737205370211	0.0
1.2400743198909807	0.0
1.2500749192449403	0.0
1.2600755185988999	0.0
1.2700761179528592	0.0
1.2800767173068188	0.0
1.2900773166607784	0.0
1.3000779160147378	0.0
1.3100785153686973	0.0
1.320079114722657	0.0
1.3300797140766165	0.0
1.3400803134305759	0.0
1.3500809127845355	0.0
1.360081512138495	0.0
1.3700821114924546	0.0
1.380082710846414	0.0
1.3900833102003736	0.0
1.4000839095543332	0.0
1.4100845089082925	0.0
1.420085108262252	0.0
1.4300857076162117	0.0
1.4400863069701713	0.0
1.4500869063241306	0.0
1.4600875056780902	206.0
1.4700881050320498	203.0
1.4800887043860094	0.0
1.4900893037399687	0.0
1.5000899030939283	0.0
1.510090502447888	0.0
1.5200911018018473	0.0
1.5300917011558068	0.0
1.5400923005097664	0.0
1.550092899863726	0.0
1.5600934992176854	0.0
1.570094098571645	0.0
1.5800946979256045	0.0
1.5900952972795641	0.0
1.6000958966335235	0.0
1.610096495987483	0.0
1.6200970953414426	0.0
1.630097694695402	0.0
1.6400982940493616	0.0
1.6500988934033212	0.0
1.6600994927572807	0.0
1.67010009211124	0.0
1.6801006914651997	0.0
1.6901012908191593	0.0
1.7001018901731189	0.0
1.7101024895270782	0.0
1.7201030888810378	0.0
1.7301036882349974	0.0
1.7401042875889567	0.0
1.7501048869429163	0.0
1.760105486296876	0.0
1.7701060856508355	0.0
1.7801066850047949	0.0
1.7901072843587544	0.0
1.800107883712714	0.0
1.8101084830666736	0.0
1.820109082420633	0.0
1.8301096817745925	0.0
1.8401102811285521	0.0
1.8501108804825115	0.0
1.860111479836471	0.0
1.8701120791904307	0.0
1.8801126785443902	0.0
1.8901132778983496	0.0
1.9001138772523092	0.0
1.9101144766062688	0.0
1.9201150759602283	0.0
1.9301156753141877	187.0
1.9401162746681473	187.0
1.9501168740221069	183.0
1.9601174733760662	179.0
1.9701180727300258	177.0
1.9801186720839854	175.0
1.990119271437945	173.0
2.0001198707919046	171.0
2.010120470145864	171.0
2.0201210694998233	171.0
2.030121668853783	171.0
2.0401222682077425	171.0
2.050122867561702	171.0
2.0601234669156616	171.0
2.070124066269621	171.0
2.080124665623581	171.0
2.09012526497754	171.0
2.1001258643314995	0.0
2.110126463685459	0.0
2.1201270630394187	0.0
2.1301276623933783	0.0
2.140128261747338	0.0
2.1501288611012974	0.0
2.1601294604552566	0.0
2.170130059809216	0.0
2.1801306591631757	0.0
2.1901312585171353	0.0
2.200131857871095	0.0
2.2101324572250545	0.0
2.220133056579014	0.0
2.2301336559329736	0.0
2.2401342552869328	0.0
2.2501348546408924	0.0
2.260135453994852	0.0
2.2701360533488115	171.0
2.280136652702771	171.0
2.2901372520567307	171.0
2.3001378514106903	171.0
2.3101384507646494	0.0
2.320139050118609	0.0
2.3301396494725686	0.0
2.340140248826528	0.0
2.3501408481804877	0.0
2.3601414475344473	0.0
2.370142046888407	0.0
2.380142646242366	0.0
2.3901432455963256	0.0
2.400143844950285	0.0
2.410144444304245	0.0
2.4201450436582044	0.0
2.430145643012164	0.0
2.4401462423661235	0.0
2.450146841720083	0.0
2.4601474410740423	0.0
2.470148040428002	0.0
2.4801486397819614	0.0
2.490149239135921	0.0
2.5001498384898806	0.0
2.51015043784384	0.0
2.5201510371977998	0.0
2.530151636551759	0.0
2.5401522359057185	0.0
2.550152835259678	0.0
2.5601534346136376	0.0
2.5701540339675972	0.0
2.580154633321557	0.0
2.5901552326755164	0.0
2.6001558320294755	0.0
2.610156431383435	0.0
2.6201570307373947	0.0
2.6301576300913543	0.0
2.640158229445314	0.0
2.6501588287992734	0.0
2.660159428153233	0.0
2.670160027507192	0.0
2.6801606268611518	0.0
2.6901612262151113	0.0
2.700161825569071	0.0
2.7101624249230305	0.0
2.72016302427699	0.0
2.7301636236309497	0.0
2.7401642229849092	0.0
2.7501648223388684	0.0
2.760165421692828	0.0
2.7701660210467876	0.0
2.780166620400747	0.0
2.7901672197547067	0.0
2.8001678191086663	0.0
2.810168418462626	0.0
2.820169017816585	0.0
2.8301696171705446	0.0
2.840170216524504	0.0
2.8501708158784638	0.0
2.8601714152324234	0.0
2.870172014586383	0.0
2.8801726139403425	0.0
2.8901732132943017	0.0
2.9001738126482612	0.0
2.910174412002221	0.0
2.9201750113561804	0.0
2.93017561071014	0.0
2.9401762100640996	0.0
2.950176809418059	0.0
2.9601774087720187	0.0
2.970178008125978	0.0
2.9801786074799375	0.0
2.990179206833897	0.0
3.0001798061878566	0.0
3.010180405541816	0.0
3.020181004895776	0.0
3.0301816042497354	0.0
3.0401822036036945	0.0
3.050182802957654	0.0
3.0601834023116137	0.0
3.0701840016655733	0.0
3.080184601019533	0.0
3.0901852003734924	0.0
3.100185799727452	0.0
3.110186399081411	0.0
3.1201869984353707	0.0
3.1301875977893303	0.0
3.14018819714329	0.0
3.1501887964972495	0.0
3.160189395851209	0.0
3.1701899952051686	0.0
3.1801905945591282	0.0
3.1901911939130874	0.0
3.200191793267047	0.0
3.2101923926210065	0.0
3.220192991974966	0.0
3.2301935913289257	0.0
3.2401941906828853	0.0
3.250194790036845	0.0
3.260195389390804	0.0
3.2701959887447636	0.0
3.280196588098723	0.0
3.2901971874526827	0.0
3.3001977868066423	0.0
3.310198386160602	0.0
3.3201989855145615	0.0
3.3301995848685206	0.0
3.34020018422248	0.0
3.35020078357644	0.0
3.3602013829303994	0.0
3.370201982284359	0.0
3.3802025816383185	0.0
3.390203180992278	0.0
3.4002037803462377	0.0
3.410204379700197	0.0
3.4202049790541564	0.0
3.430205578408116	0.0
3.4402061777620756	0.0
3.450206777116035	0.0
3.4602073764699948	0.0
3.4702079758239543	0.0
3.4802085751779135	0.0
3.490209174531873	0.0
3.5002097738858327	0.0
3.5102103732397922	0.0
3.520210972593752	0.0
3.5302115719477114	0.0
3.540212171301671	0.0
3.55021277065563	0.0
3.5602133700095897	0.0
3.5702139693635493	0.0
3.580214568717509	0.0
3.5902151680714685	0.0
3.600215767425428	0.0
3.6102163667793876	0.0
3.620216966133347	0.0
3.6302175654873063	0.0
3.640218164841266	0.0
3.6502187641952255	0.0
3.660219363549185	0.0
3.6702199629031447	0.0
3.6802205622571043	0.0
3.690221161611064	0.0
3.700221760965023	0.0
3.7102223603189826	0.0
3.720222959672942	0.0
3.7302235590269017	0.0
3.7402241583808613	0.0
3.750224757734821	0.0
3.7602253570887805	0.0
3.7702259564427396	0.0
3.780226555796699	0.0
3.7902271551506588	0.0
3.8002277545046184	0.0
3.810228353858578	0.0
3.8202289532125375	0.0
3.830229552566497	0.0
3.8402301519204567	0.0
3.850230751274416	0.0
3.8602313506283754	0.0
3.870231949982335	0.0
3.8802325493362946	0.0
3.890233148690254	0.0
3.9002337480442137	0.0
3.9102343473981733	0.0
3.9202349467521325	0.0
3.930235546106092	0.0
3.9402361454600516	0.0
3.950236744814011	0.0
3.960237344167971	0.0
3.9702379435219304	0.0
3.98023854287589	0.0
3.990239142229849	0.0
4.000239741583809	0.0
4.010240340937768	0.0
4.020240940291728	0.0
4.030241539645687	0.0
4.040242138999647	0.0
4.050242738353607	0.0
4.060243337707566	0.0
4.070243937061526	0.0
4.080244536415485	0.0
4.090245135769445	0.0
4.100245735123404	0.0
4.110246334477363	0.0
4.120246933831323	0.0
4.130247533185282	0.0
4.140248132539242	0.0
4.1502487318932015	0.0
4.160249331247162	0.0
4.170249930601121	0.0
4.18025052995508	0.0
4.19025112930904	0.0
4.200251728662999	0.0
4.210252328016959	0.0
4.220252927370918	0.0
4.230253526724878	0.0
4.240254126078837	0.0
4.2502547254327965	0.0
4.2602553247867565	0.0
4.270255924140716	0.0
4.280256523494676	0.0
4.290257122848635	0.0
4.300257722202595	0.0
4.310258321556554	0.0
4.320258920910513	0.0
4.330259520264473	0.0
4.340260119618432	0.0
4.350260718972392	0.0
4.360261318326351	0.0
4.3702619176803115	0.0
4.380262517034271	0.0
4.39026311638823	0.0
4.40026371574219	0.0
4.410264315096149	0.0
4.420264914450109	0.0
4.430265513804068	0.0
4.440266113158028	0.0
4.450266712511987	0.0
4.460267311865947	0.0
4.470267911219906	0.0
4.4802685105738655	0.0
4.490269109927826	0.0
4.500269709281785	0.0
4.510270308635745	0.0
4.520270907989704	0.0
4.530271507343664	0.0
4.540272106697623	0.0
4.550272706051582	0.0
4.560273305405542	0.0
4.570273904759501	0.0
4.580274504113461	0.0
4.5902751034674205	0.0
4.6002757028213805	0.0
4.61027630217534	0.0
4.620276901529299	0.0
4.630277500883259	0.0
4.640278100237218	0.0
4.650278699591178	0.0
4.660279298945137	0.0
4.670279898299097	0.0
4.680280497653056	0.0
4.6902810970070155	0.0
4.7002816963609755	0.0
4.710282295714935	0.0
4.720282895068895	0.0
4.730283494422854	0.0
4.740284093776814	0.0
4.750284693130773	0.0
4.760285292484732	0.0
4.770285891838692	0.0
4.780286491192651	0.0
4.790287090546611	0.0
4.80028768990057	0.0
4.8102882892545304	0.0
4.82028888860849	0.0
4.830289487962449	0.0
4.840290087316409	0.0
4.850290686670368	0.0
4.860291286024328	0.0
4.870291885378287	0.0
4.880292484732247	0.0
4.890293084086206	0.0
4.900293683440166	0.0
4.910294282794125	0.0
4.9202948821480845	0.0
4.9302954815020446	0.0
4.940296080856004	0.0
4.950296680209964	0.0
4.960297279563923	0.0
4.970297878917883	0.0
4.980298478271842	0.0
4.990299077625801	0.0
5.000299676979761	0.0
5.01030027633372	0.0
5.02030087568768	0.0
5.0303014750416395	0.0
5.0403020743955995	0.0
5.050302673749559	0.0
5.060303273103518	0.0
5.070303872457478	0.0
5.080304471811437	0.0
5.090305071165397	0.0
5.100305670519356	0.0
5.110306269873316	0.0
5.120306869227275	0.0
5.130307468581234	0.0
5.1403080679351945	0.0
5.150308667289154	0.0
5.160309266643114	0.0
5.170309865997073	0.0
5.180310465351033	0.0
5.190311064704992	0.0
5.200311664058951	0.0
5.210312263412911	0.0
5.22031286276687	0.0
5.23031346212083	0.0
5.240314061474789	0.0
5.250314660828749	0.0
5.260315260182709	0.0
5.270315859536668	0.0
5.280316458890628	0.0
5.290317058244587	0.0
5.300317657598547	0.0
5.310318256952506	0.0
5.320318856306466	0.0
5.330319455660425	0.0
5.340320055014384	0.0
5.350320654368344	0.0
5.3603212537223035	0.0
5.3703218530762635	0.0
5.380322452430223	0.0
5.390323051784183	0.0
5.400323651138142	0.0
5.410324250492102	0.0
5.420324849846061	0.0
5.43032544920002	0.0
5.44032604855398	0.0
5.450326647907939	0.0
5.460327247261899	0.0
5.4703278466158585	0.0
5.4803284459698185	0.0
5.490329045323778	0.0
5.500329644677737	0.0
5.510330244031697	0.0
5.520330843385656	0.0
5.530331442739616	0.0
5.540332042093575	0.0
5.550332641447535	0.0
5.560333240801494	154.0
5.570333840155453	156.0
5.580334439509413	158.0
5.590335038863373	158.0
5.600335638217333	159.0
5.610336237571292	159.0
5.620336836925252	161.0
5.630337436279211	163.0
5.64033803563317	163.0
5.65033863498713	163.0
5.660339234341089	163.0
5.670339833695049	163.0
5.680340433049008	163.0
5.690341032402968	165.0
5.7003416317569275	165.0
5.710342231110887	165.0
5.720342830464847	165.0
5.730343429818806	167.0
5.740344029172766	167.0
5.750344628526725	167.0
5.760345227880685	169.0
5.770345827234644	171.0
5.780346426588603	171.0
5.790347025942563	171.0
5.8003476252965225	171.0
5.8103482246504825	171.0
5.820348824004442	171.0
5.830349423358402	169.0
5.840350022712361	169.0
5.850350622066321	169.0
5.86035122142028	169.0
5.870351820774239	169.0
5.880352420128199	169.0
5.890353019482158	171.0
5.900353618836118	171.0
5.9103542181900774	171.0
5.9203548175440375	173.0
5.930355416897997	173.0
5.940356016251956	173.0
5.950356615605916	173.0
5.960357214959875	173.0
5.970357814313835	171.0
5.980358413667794	171.0
5.990359013021754	169.0
6.000359612375713	169.0
6.010360211729672	169.0
6.020360811083632	169.0
6.0303614104375916	171.0
6.040362009791552	171.0
6.050362609145511	171.0
6.060363208499471	171.0
6.07036380785343	171.0
6.080364407207389	171.0
6.090365006561349	171.0
6.100365605915308	171.0
6.110366205269268	173.0
6.120366804623227	173.0
6.130367403977187	173.0
6.1403680033311465	173.0
6.150368602685106	173.0
6.160369202039066	171.0
6.170369801393025	171.0
6.180370400746985	171.0
6.190371000100944	171.0
6.200371599454904	171.0
6.210372198808863	171.0
6.220372798162822	171.0
6.230373397516782	169.0
6.2403739968707415	169.0
6.2503745962247015	169.0
6.260375195578661	169.0
6.270375794932621	169.0
6.28037639428658	167.0
6.29037699364054	167.0
6.300377592994499	165.0
6.310378192348458	163.0
6.320378791702418	159.0
6.330379391056377	158.0
6.340379990410337	156.0
6.350380589764296	156.0
6.3603811891182565	159.0
6.370381788472216	167.0
6.380382387826175	175.0
6.390382987180135	179.0
6.400383586534094	185.0
6.410384185888054	183.0
6.420384785242013	181.0
6.430385384595973	179.0
6.440385983949932	177.0
6.450386583303891	175.0
6.460387182657851	173.0
6.4703877820118105	171.0
6.480388381365771	169.0
6.49038898071973	167.0
6.50038958007369	167.0
6.510390179427649	169.0
6.520390778781608	169.0
6.530391378135568	173.0
6.540391977489527	175.0
6.550392576843487	177.0
6.560393176197446	177.0
6.570393775551406	177.0
6.5803943749053655	177.0
6.590394974259325	179.0
6.600395573613285	179.0
6.610396172967244	179.0
6.620396772321204	177.0
6.630397371675163	173.0
6.640397971029123	169.0
6.650398570383082	165.0
6.660399169737041	163.0
6.670399769091001	161.0
6.68040036844496	161.0
6.6904009677989205	163.0
6.70040156715288	167.0
6.71040216650684	171.0
6.720402765860799	175.0
6.730403365214758	177.0
6.740403964568718	179.0
6.750404563922677	177.0
6.760405163276637	177.0
6.770405762630596	177.0
6.780406361984556	175.0
6.790406961338515	175.0
6.800407560692475	175.0
6.810408160046435	173.0
6.820408759400394	169.0
6.830409358754354	165.0
6.840409958108313	161.0
6.850410557462273	156.0
6.860411156816232	156.0
6.870411756170192	154.0
6.880412355524151	0.0
6.89041295487811	0.0
6.90041355423207	0.0
6.9104141535860295	0.0
6.9204147529399895	0.0
6.930415352293949	0.0
6.940415951647909	0.0
6.950416551001868	0.0
6.960417150355827	0.0
6.970417749709787	0.0
6.980418349063746	0.0
6.990418948417706	0.0
7.000419547771665	0.0
7.010420147125625	0.0
7.0204207464795845	0.0
7.030421345833544	0.0
7.040421945187504	0.0
7.050422544541463	0.0
7.060423143895423	0.0
7.070423743249382	0.0
7.080424342603342	0.0
7.090424941957301	242.0
7.10042554131126	242.0
7.11042614066522	234.0
7.120426740019179	223.0
7.130427339373139	206.0
7.140427938727099	196.0
7.150428538081059	190.0
7.160429137435018	185.0
7.170429736788977	183.0
7.180430336142937	179.0
7.190430935496896	177.0
7.200431534850856	175.0
7.210432134204815	173.0
7.220432733558775	173.0
7.230433332912734	173.0
7.240433932266694	173.0
7.2504345316206535	171.0
7.260435130974613	171.0
7.270435730328573	171.0
7.280436329682532	171.0
7.290436929036492	171.0
7.300437528390451	173.0
7.310438127744411	175.0
7.32043872709837	177.0
7.330439326452329	177.0
7.340439925806289	177.0
7.3504405251602485	177.0
7.3604411245142085	179.0
7.370441723868168	179.0
7.380442323222128	179.0
7.390442922576087	181.0
7.400443521930046	183.0
7.410444121284006	185.0
7.420444720637965	187.0
7.430445319991925	187.0
7.440445919345884	187.0
7.450446518699844	187.0
7.4604471180538035	185.0
7.470447717407763	185.0
7.480448316761723	183.0
7.490448916115682	181.0
7.500449515469642	177.0
7.510450114823601	173.0
7.520450714177561	167.0
7.53045131353152	161.0
7.540451912885479	159.0
7.550452512239439	156.0
7.560453111593398	154.0
7.570453710947358	154.0
7.5804543103013176	152.0
7.590454909655278	152.0
7.600455509009237	152.0
7.610456108363196	154.0
7.620456707717156	154.0
7.630457307071115	156.0
7.640457906425075	158.0
7.650458505779034	158.0
7.660459105132994	159.0
7.670459704486953	159.0
7.680460303840913	158.0
7.6904609031948725	156.0
7.700461502548832	156.0
7.710462101902792	154.0
7.720462701256751	154.0
7.730463300610711	152.0
7.74046389996467	152.0
7.75046449931863	152.0
7.760465098672589	154.0
7.770465698026548	156.0
7.780466297380508	158.0
7.7904668967344675	158.0
7.8004674960884275	159.0
7.810468095442387	159.0
7.820468694796347	159.0
7.830469294150306	158.0
7.840469893504265	158.0
7.850470492858225	158.0
7.860471092212184	158.0
7.870471691566144	159.0
7.880472290920103	161.0
7.890472890274063	163.0
7.900473489628022	167.0
7.910474088981982	171.0
7.920474688335942	175.0
7.930475287689901	177.0
7.940475887043861	181.0
7.95047648639782	181.0
7.96047708575178	181.0
7.970477685105739	179.0
7.980478284459698	177.0
7.990478883813658	173.0
8.000479483167618	167.0
8.010480082521577	161.0
8.020480681875537	159.0
8.030481281229497	158.0
8.040481880583457	156.0
8.050482479937415	156.0
8.060483079291375	156.0
8.070483678645335	156.0
8.080484277999293	158.0
8.090484877353253	159.0
8.100485476707213	161.0
8.110486076061173	163.0
8.120486675415131	161.0
8.130487274769091	161.0
8.140487874123052	159.0
8.15048847347701	158.0
8.16048907283097	156.0
8.17048967218493	154.0
8.18049027153889	150.0
8.190490870892848	149.0
8.200491470246808	145.0
8.210492069600768	145.0
8.220492668954726	147.0
8.230493268308686	150.0
8.240493867662646	156.0
8.250494467016606	161.0
8.260495066370565	167.0
8.270495665724525	173.0
8.280496265078485	179.0
8.290496864432443	185.0
8.300497463786403	190.0
8.310498063140363	194.0
8.320498662494323	196.0
8.330499261848281	194.0
8.340499861202241	187.0
8.350500460556201	181.0
8.36050105991016	175.0
8.37050165926412	165.0
8.38050225861808	158.0
8.39050285797204	150.0
8.400503457325998	147.0
8.410504056679958	145.0
8.420504656033918	145.0
8.430505255387876	147.0
8.440505854741836	149.0
8.450506454095796	152.0
8.460507053449756	154.0
8.470507652803715	158.0
8.480508252157675	161.0
8.490508851511635	163.0
8.500509450865593	167.0
8.510510050219553	169.0
8.520510649573513	171.0
8.530511248927473	171.0
8.540511848281431	171.0
8.550512447635391	171.0
8.560513046989351	169.0
8.57051364634331	167.0
8.58051424569727	167.0
8.59051484505123	163.0
8.60051544440519	159.0
8.610516043759148	154.0
8.620516643113108	149.0
8.630517242467068	142.0
8.640517841821026	139.0
8.650518441174986	136.0
8.660519040528946	134.0
8.670519639882906	134.0
8.680520239236865	134.0
8.690520838590825	136.0
8.700521437944785	137.0
8.710522037298743	137.0
8.720522636652703	139.0
8.730523236006663	139.0
8.740523835360623	139.0
8.750524434714581	137.0
8.760525034068541	137.0
8.770525633422501	137.0
8.78052623277646	137.0
8.79052683213042	139.0
8.80052743148438	139.0
8.81052803083834	140.0
8.820528630192298	140.0
8.830529229546258	142.0
8.840529828900218	142.0
8.850530428254178	142.0
8.860531027608136	140.0
8.870531626962096	140.0
8.880532226316056	139.0
8.890532825670014	139.0
8.900533425023974	137.0
8.910534024377935	136.0
8.920534623731895	136.0
8.930535223085853	134.0
8.940535822439813	134.0
8.950536421793773	136.0
8.960537021147731	136.0
8.970537620501691	137.0
8.980538219855651	137.0
8.990538819209611	136.0
9.00053941856357	136.0
9.01054001791753	134.0
9.02054061727149	132.0
9.030541216625448	131.0
9.040541815979408	129.0
9.050542415333368	128.0
9.060543014687328	128.0
9.070543614041286	129.0
9.080544213395246	131.0
9.090544812749206	132.0
9.100545412103164	136.0
9.110546011457124	137.0
9.120546610811084	140.0
9.130547210165044	144.0
9.140547809519003	147.0
9.150548408872963	149.0
9.160549008226923	149.0
9.170549607580881	144.0
9.180550206934841	140.0
9.190550806288801	137.0
9.200551405642761	136.0
9.21055200499672	136.0
9.22055260435068	136.0
9.23055320370464	134.0
9.240553803058598	134.0
9.250554402412558	134.0
9.260555001766518	132.0
9.270555601120478	131.0
9.280556200474436	129.0
9.290556799828396	129.0
9.300557399182356	129.0
9.310557998536314	131.0
9.320558597890274	132.0
9.330559197244234	134.0
9.340559796598194	136.0
9.350560395952153	139.0
9.360560995306113	142.0
9.370561594660073	145.0
9.380562194014031	150.0
9.390562793367991	156.0
9.400563392721951	159.0
9.410563992075911	165.0
9.42056459142987	173.0
9.43056519078383	177.0
9.44056579013779	179.0
9.450566389491748	177.0
9.460566988845708	175.0
9.470567588199668	173.0
9.480568187553628	171.0
9.490568786907586	169.0
9.500569386261546	169.0
9.510569985615506	169.0
9.520570584969464	169.0
9.530571184323424	169.0
9.540571783677384	167.0
9.550572383031344	165.0
9.560572982385303	163.0
9.570573581739263	159.0
9.580574181093223	158.0
9.59057478044718	156.0
9.60057537980114	154.0
9.6105759791551	154.0
9.620576578509061	152.0
9.63057717786302	150.0
9.64057777721698	150.0
9.65057837657094	149.0
9.660578975924897	149.0
9.670579575278857	149.0
9.680580174632818	149.0
9.690580773986778	150.0
9.700581373340736	150.0
9.710581972694696	152.0
9.720582572048656	154.0
9.730583171402614	156.0
9.740583770756574	159.0
9.750584370110534	161.0
9.760584969464494	165.0
9.770585568818452	169.0
9.780586168172412	173.0
9.790586767526372	175.0
9.800587366880332	179.0
9.81058796623429	181.0
9.82058856558825	181.0
9.83058916494221	181.0
9.840589764296169	177.0
9.850590363650129	173.0
9.860590963004089	169.0
9.87059156235805	165.0
9.880592161712007	161.0
9.890592761065967	158.0
9.900593360419927	158.0
9.910593959773886	156.0
9.920594559127846	158.0
9.930595158481806	158.0
9.940595757835766	158.0
9.950596357189724	158.0
9.960596956543684	158.0
9.970597555897644	158.0
9.980598155251602	158.0
9.990598754605562	156.0
10.000599353959522	156.0
10.010599953313482	154.0
10.02060055266744	152.0
10.0306011520214	149.0
10.04060175137536	147.0
10.050602350729319	144.0
10.060602950083279	144.0
10.070603549437239	145.0
10.080604148791199	147.0
10.090604748145157	150.0
10.100605347499117	156.0
10.110605946853077	161.0
10.120606546207036	165.0
10.130607145560996	171.0
10.140607744914956	177.0
10.150608344268916	183.0
10.160608943622874	187.0
10.170609542976834	190.0
10.180610142330794	190.0
10.190610741684752	185.0
10.200611341038712	181.0
10.210611940392672	177.0
10.220612539746632	175.0
10.23061313910059	173.0
10.24061373845455	173.0
10.25061433780851	171.0
10.260614937162469	171.0
10.270615536516429	171.0
10.280616135870389	171.0
10.290616735224349	171.0
10.300617334578307	171.0
10.310617933932267	173.0
10.320618533286227	173.0
10.330619132640185	173.0
10.340619731994146	173.0
10.350620331348106	171.0
10.360620930702066	171.0
10.370621530056024	169.0
10.380622129409984	169.0
10.390622728763944	167.0
10.400623328117902	167.0
10.410623927471862	167.0
10.420624526825822	167.0
10.430625126179782	169.0
10.44062572553374	169.0
10.4506263248877	171.0
10.46062692424166	173.0
10.470627523595619	175.0
10.480628122949579	179.0
10.490628722303539	181.0
10.500629321657499	187.0
10.510629921011457	190.0
10.520630520365417	194.0
10.530631119719377	196.0
10.540631719073335	196.0
10.550632318427295	194.0
10.560632917781255	185.0
10.570633517135215	181.0
10.580634116489174	173.0
10.590634715843134	169.0
10.600635315197094	167.0
10.610635914551052	165.0
10.620636513905012	167.0
10.630637113258972	167.0
10.640637712612932	169.0
10.65063831196689	169.0
10.66063891132085	171.0
10.67063951067481	171.0
10.680640110028769	173.0
10.690640709382729	173.0
10.700641308736689	175.0
10.710641908090649	173.0
10.720642507444607	173.0
10.730643106798567	171.0
10.740643706152527	171.0
10.750644305506487	169.0
10.760644904860445	169.0
10.770645504214405	169.0
10.780646103568365	169.0
10.790646702922324	169.0
10.800647302276284	171.0
10.810647901630244	173.0
10.820648500984204	173.0
10.830649100338162	177.0
10.840649699692122	181.0
10.850650299046082	185.0
10.86065089840004	192.0
10.870651497754	199.0
10.88065209710796	203.0
10.89065269646192	203.0
10.900653295815879	203.0
10.910653895169839	199.0
10.920654494523799	192.0
10.930655093877757	185.0
10.940655693231717	181.0
10.950656292585677	175.0
10.960656891939637	171.0
10.970657491293595	167.0
10.980658090647555	163.0
10.990658690001515	161.0
11.000659289355474	159.0
11.010659888709434	159.0
11.020660488063394	158.0
11.030661087417354	158.0
11.040661686771312	158.0
11.050662286125272	156.0
11.060662885479232	156.0
11.07066348483319	156.0
11.08066408418715	154.0
11.09066468354111	154.0
11.10066528289507	154.0
11.110665882249029	152.0
11.120666481602989	152.0
11.130667080956949	150.0
11.140667680310907	150.0
11.150668279664867	150.0
11.160668879018827	152.0
11.170669478372787	154.0
11.180670077726745	158.0
11.190670677080705	161.0
11.200671276434665	163.0
11.210671875788623	169.0
11.220672475142583	175.0
11.230673074496544	183.0
11.240673673850504	190.0
11.250674273204462	199.0
11.260674872558422	203.0
11.270675471912382	203.0
11.28067607126634	203.0
11.2906766706203	196.0
11.30067726997426	187.0
11.31067786932822	181.0
11.320678468682178	173.0
11.330679068036138	167.0
11.340679667390098	163.0
11.350680266744057	159.0
11.360680866098017	156.0
11.370681465451977	152.0
11.380682064805937	150.0
11.390682664159895	149.0
11.400683263513855	149.0
11.410683862867815	149.0
11.420684462221773	152.0
11.430685061575733	154.0
11.440685660929693	158.0
11.450686260283653	163.0
11.460686859637612	167.0
11.470687458991572	171.0
11.480688058345532	179.0
11.49068865769949	185.0
11.50068925705345	194.0
11.51068985640741	203.0
11.52069045576137	210.0
11.530691055115328	208.0
11.540691654469288	206.0
11.550692253823248	203.0
11.560692853177207	203.0
11.570693452531167	201.0
11.580694051885127	196.0
11.590694651239087	190.0
11.600695250593045	181.0
11.610695849947005	136.0
11.620696449300965	132.0
11.630697048654923	129.0
11.640697648008883	129.0
11.650698247362843	131.0
11.660698846716803	131.0
11.670699446070762	132.0
11.680700045424722	134.0
11.690700644778682	134.0
11.700701244132642	136.0
11.7107018434866	136.0
11.72070244284056	136.0
11.73070304219452	136.0
11.740703641548478	136.0
11.750704240902438	137.0
11.760704840256398	137.0
11.770705439610358	139.0
11.780706038964317	140.0
11.790706638318277	142.0
11.800707237672237	142.0
11.810707837026195	142.0
11.820708436380155	142.0
11.830709035734115	140.0
11.840709635088075	137.0
11.850710234442033	136.0
11.860710833795993	134.0
11.870711433149953	132.0
11.880712032503912	131.0
11.890712631857872	131.0
11.900713231211832	129.0
11.910713830565792	131.0
11.92071442991975	132.0
11.93071502927371	134.0
11.94071562862767	134.0
11.950716227981628	136.0
11.960716827335588	137.0
11.970717426689548	139.0
11.980718026043508	140.0
11.990718625397466	142.0
12.000719224751426	145.0
12.010719824105387	147.0
12.020720423459345	150.0
12.030721022813305	156.0
12.040721622167265	161.0
12.050722221521225	169.0
12.060722820875183	175.0
12.070723420229143	181.0
12.080724019583103	190.0
12.090724618937061	196.0
12.100725218291021	199.0
12.110725817644981	196.0
12.120726416998941	190.0
12.1307270163529	181.0
12.14072761570686	173.0
12.15072821506082	165.0
12.160728814414778	159.0
12.170729413768738	156.0
12.180730013122698	152.0
12.190730612476658	152.0
12.200731211830616	152.0
12.210731811184576	152.0
12.220732410538536	154.0
12.230733009892495	156.0
12.240733609246455	156.0
12.250734208600415	158.0
12.260734807954375	158.0
12.270735407308333	158.0
12.280736006662293	158.0
12.290736606016253	156.0
12.300737205370211	156.0
12.310737804724171	156.0
12.320738404078131	158.0
12.330739003432091	159.0
12.34073960278605	163.0
12.35074020214001	167.0
12.36074080149397	173.0
12.370741400847928	181.0
12.380742000201888	192.0
12.390742599555848	199.0
12.400743198909808	206.0
12.410743798263766	210.0
12.420744397617726	213.0
12.430744996971686	215.0
12.440745596325645	213.0
12.450746195679605	208.0
12.460746795033565	201.0
12.470747394387525	196.0
12.480747993741483	187.0
12.490748593095443	183.0
12.500749192449403	179.0
12.510749791803361	175.0
12.520750391157321	173.0
12.530750990511281	171.0
12.540751589865241	171.0
12.5507521892192	171.0
12.56075278857316	171.0
12.57075338792712	173.0
12.58075398728108	173.0
12.590754586635038	173.0
12.600755185988998	173.0
12.610755785342958	173.0
12.620756384696916	171.0
12.630756984050876	171.0
12.640757583404836	169.0
12.650758182758796	169.0
12.660758782112755	169.0
12.670759381466715	171.0
12.680759980820675	171.0
12.690760580174633	171.0
12.700761179528593	171.0
12.710761778882553	173.0
12.720762378236513	175.0
12.730762977590471	179.0
12.740763576944431	183.0
12.750764176298391	190.0
12.76076477565235	196.0
12.77076537500631	201.0
12.78076597436027	203.0
12.79076657371423	203.0
12.800767173068188	203.0
12.810767772422148	199.0
12.820768371776108	194.0
12.830768971130066	187.0
12.840769570484026	181.0
12.850770169837986	175.0
12.860770769191946	169.0
12.870771368545904	165.0
12.880771967899864	159.0
12.890772567253824	154.0
12.900773166607783	150.0
12.910773765961743	149.0
12.920774365315703	150.0
12.930774964669663	152.0
12.940775564023621	154.0
12.950776163377581	158.0
12.960776762731541	161.0
12.9707773620855	163.0
12.98077796143946	169.0
12.99077856079342	175.0
13.00077916014738	179.0
13.010779759501338	181.0
13.020780358855298	183.0
13.030780958209258	183.0
13.040781557563216	185.0
13.050782156917176	185.0
13.060782756271136	187.0
13.070783355625096	190.0
13.080783954979054	194.0
13.090784554333014	196.0
13.100785153686974	194.0
13.110785753040933	171.0
13.120786352394893	169.0
13.130786951748853	150.0
13.140787551102813	139.0
13.150788150456771	136.0
13.160788749810731	134.0
13.170789349164691	134.0
13.18078994851865	134.0
13.19079054787261	136.0
13.20079114722657	136.0
13.21079174658053	137.0
13.220792345934488	137.0
13.230792945288448	139.0
13.240793544642408	139.0
13.250794143996366	139.0
13.260794743350326	139.0
13.270795342704286	139.0
13.280795942058246	139.0
13.290796541412204	137.0
13.300797140766164	137.0
13.310797740120124	136.0
13.320798339474083	136.0
13.330798938828043	137.0
13.340799538182003	137.0
13.350800137535963	139.0
13.36080073688992	140.0
13.370801336243881	142.0
13.380801935597841	142.0
13.3908025349518	144.0
13.40080313430576	144.0
13.41080373365972	142.0
13.42080433301368	142.0
13.430804932367638	139.0
13.440805531721598	136.0
13.450806131075558	134.0
13.460806730429516	132.0
13.470807329783476	131.0
13.480807929137436	131.0
13.490808528491396	131.0
13.500809127845354	131.0
13.510809727199314	132.0
13.520810326553274	134.0
13.530810925907234	139.0
13.540811525261192	144.0
13.550812124615152	150.0
13.560812723969113	158.0
13.57081332332307	165.0
13.58081392267703	173.0
13.59081452203099	179.0
13.60081512138495	187.0
13.610815720738909	196.0
13.62081632009287	203.0
13.63081691944683	206.0
13.640817518800787	206.0
13.650818118154747	201.0
13.660818717508707	192.0
13.670819316862667	183.0
13.680819916216626	175.0
13.690820515570586	169.0
13.700821114924546	161.0
13.710821714278504	154.0
13.720822313632464	152.0
13.730822912986424	150.0
13.740823512340384	150.0
13.750824111694342	150.0
13.760824711048302	152.0
13.770825310402262	154.0
13.78082590975622	154.0
13.79082650911018	158.0
13.80082710846414	159.0
13.8108277078181	161.0
13.820828307172059	165.0
13.830828906526019	169.0
13.840829505879979	177.0
13.850830105233937	183.0
13.860830704587897	192.0
13.870831303941857	199.0
13.880831903295817	203.0
13.890832502649776	206.0
13.900833102003736	206.0
13.910833701357696	203.0
13.920834300711654	199.0
13.930834900065614	194.0
13.940835499419574	183.0
13.950836098773534	175.0
13.960836698127492	165.0
13.970837297481452	154.0
13.980837896835412	147.0
13.99083849618937	142.0
14.00083909554333	139.0
14.01083969489729	139.0
14.02084029425125	139.0
14.030840893605209	139.0
14.040841492959169	139.0
14.050842092313129	139.0
14.060842691667087	139.0
14.070843291021047	139.0
14.080843890375007	139.0
14.090844489728967	139.0
14.100845089082926	139.0
14.110845688436886	137.0
14.120846287790846	137.0
14.130846887144804	136.0
14.140847486498764	134.0
14.150848085852724	134.0
14.160848685206684	134.0
14.170849284560642	136.0
14.180849883914602	137.0
14.190850483268562	137.0
14.20085108262252	139.0
14.21085168197648	140.0
14.22085228133044	140.0
14.2308528806844	142.0
14.240853480038359	142.0
14.250854079392319	140.0
14.260854678746279	140.0
14.270855278100237	140.0
14.280855877454197	140.0
14.290856476808157	137.0
14.300857076162117	136.0
14.310857675516075	132.0
14.320858274870035	131.0
14.330858874223996	129.0
14.340859473577954	0.0
14.350860072931914	0.0
14.360860672285874	0.0
14.370861271639834	0.0
14.380861870993792	0.0
14.390862470347752	0.0
14.400863069701712	0.0
14.41086366905567	0.0
14.42086426840963	0.0
14.43086486776359	0.0
14.44086546711755	0.0
14.450866066471509	0.0
14.460866665825469	0.0
14.470867265179429	0.0
14.480867864533389	0.0
14.490868463887347	0.0
14.500869063241307	0.0
14.510869662595267	0.0
14.520870261949225	0.0
14.530870861303185	0.0
14.540871460657145	0.0
14.550872060011105	0.0
14.560872659365064	0.0
14.570873258719024	0.0
14.580873858072984	0.0
14.590874457426942	0.0
14.600875056780902	0.0
14.610875656134862	0.0
14.620876255488822	0.0
14.63087685484278	0.0
14.64087745419674	0.0
14.6508780535507	0.0
14.660878652904659	0.0
14.670879252258619	0.0
14.680879851612579	0.0
14.690880450966539	0.0
14.700881050320497	142.0
14.710881649674457	140.0
14.720882249028417	140.0
14.730882848382375	140.0
14.740883447736335	140.0
14.750884047090295	140.0
14.760884646444255	139.0
14.770885245798214	137.0
14.780885845152174	136.0
14.790886444506134	134.0
14.800887043860092	132.0
14.810887643214052	131.0
14.820888242568012	132.0
14.830888841921972	136.0
14.84088944127593	137.0
14.85089004062989	140.0
14.86089063998385	142.0
14.870891239337809	144.0
14.880891838691769	145.0
14.890892438045729	145.0
14.900893037399689	145.0
14.910893636753647	142.0
14.920894236107607	140.0
14.930894835461567	137.0
14.940895434815525	136.0
14.950896034169485	134.0
14.960896633523445	132.0
14.970897232877405	134.0
14.980897832231364	134.0
14.990898431585324	137.0
15.000899030939284	139.0
15.010899630293242	140.0
15.020900229647202	140.0
15.030900829001162	142.0
15.040901428355122	142.0
15.05090202770908	140.0
15.06090262706304	140.0
15.070903226417	142.0
15.080903825770958	142.0
15.090904425124918	145.0
15.100905024478879	149.0
15.110905623832839	152.0
15.120906223186797	156.0
15.130906822540757	161.0
15.140907421894717	165.0
15.150908021248675	171.0
15.160908620602635	177.0
15.170909219956595	183.0
15.180909819310555	185.0
15.190910418664513	187.0
15.200911018018473	185.0
15.210911617372433	183.0
15.220912216726392	177.0
15.230912816080352	173.0
15.240913415434312	167.0
15.250914014788272	159.0
15.26091461414223	156.0
15.27091521349619	152.0
15.28091581285015	150.0
15.290916412204108	150.0
15.300917011558068	149.0
15.310917610912028	149.0
15.320918210265988	149.0
15.330918809619947	147.0
15.340919408973907	147.0
15.350920008327867	147.0
15.360920607681827	145.0
15.370921207035785	145.0
15.380921806389745	147.0
15.390922405743705	150.0
15.400923005097663	154.0
15.410923604451623	159.0
15.420924203805583	167.0
15.430924803159543	173.0
15.440925402513502	179.0
15.450926001867462	183.0
15.460926601221422	183.0
15.47092720057538	183.0
15.48092779992934	179.0
15.4909283992833	175.0
15.50092899863726	171.0
15.510929597991218	169.0
15.520930197345178	167.0
15.530930796699138	165.0
15.540931396053097	165.0
15.550931995407057	167.0
15.560932594761017	169.0
15.570933194114977	171.0
15.580933793468935	175.0
15.590934392822895	179.0
15.600934992176855	183.0
15.610935591530813	187.0
15.620936190884773	192.0
15.630936790238733	194.0
15.640937389592693	194.0
15.650937988946652	194.0
15.660938588300612	194.0
15.670939187654572	192.0
15.68093978700853	187.0
15.69094038636249	183.0
15.70094098571645	179.0
15.71094158507041	177.0
15.720942184424368	173.0
15.730942783778328	171.0
15.740943383132288	171.0
15.750943982486246	169.0
15.760944581840207	169.0
15.770945181194167	169.0
15.780945780548127	169.0
15.790946379902085	169.0
15.800946979256045	171.0
15.810947578610005	173.0
15.820948177963963	175.0
15.830948777317923	177.0
15.840949376671883	185.0
15.850949976025843	192.0
15.860950575379801	201.0
15.870951174733761	206.0
15.880951774087722	213.0
15.89095237344168	215.0
15.90095297279564	213.0
15.9109535721496	213.0
15.92095417150356	210.0
15.930954770857518	208.0
15.940955370211478	206.0
15.950955969565438	206.0
15.960956568919396	203.0
15.970957168273356	203.0
15.980957767627316	206.0
15.990958366981276	206.0
16.000958966335237	206.0
16.010959565689195	206.0
16.020960165043153	206.0
16.030960764397115	208.0
16.040961363751073	206.0
16.05096196310503	206.0
16.060962562458993	206.0
16.07096316181295	206.0
16.080963761166913	203.0
16.09096436052087	201.0
16.10096495987483	196.0
16.11096555922879	192.0
16.12096615858275	192.0
16.130966757936708	194.0
16.14096735729067	194.0
16.150967956644628	196.0
16.160968555998586	201.0
16.170969155352548	203.0
16.180969754706506	203.0
16.190970354060465	206.0
16.200970953414426	208.0
16.210971552768385	210.0
16.220972152122346	210.0
16.230972751476305	213.0
16.240973350830263	213.0
16.250973950184225	213.0
16.260974549538183	213.0
16.27097514889214	210.0
16.280975748246103	210.0
16.29097634760006	208.0
16.30097694695402	208.0
16.31097754630798	206.0
16.32097814566194	203.0
16.330978745015898	203.0
16.34097934436986	201.0
16.350979943723818	201.0
16.36098054307778	199.0
16.370981142431738	192.0
16.380981741785696	187.0
16.390982341139658	181.0
16.400982940493616	177.0
16.410983539847575	173.0
16.420984139201536	169.0
16.430984738555495	167.0
16.440985337909453	167.0
16.450985937263415	165.0
16.460986536617373	165.0
16.47098713597133	165.0
16.480987735325293	165.0
16.49098833467925	167.0
16.500988934033213	167.0
16.51098953338717	169.0
16.52099013274113	169.0
16.53099073209509	171.0
16.54099133144905	173.0
16.550991930803008	175.0
16.56099253015697	179.0
16.570993129510928	185.0
16.580993728864886	190.0
16.590994328218848	194.0
16.600994927572806	196.0
16.610995526926764	196.0
16.620996126280726	196.0
16.630996725634684	194.0
16.640997324988646	190.0
16.650997924342605	183.0
16.660998523696563	179.0
16.670999123050525	173.0
16.680999722404483	167.0
16.69100032175844	161.0
16.701000921112403	158.0
16.71100152046636	154.0
16.72100211982032	152.0
16.73100271917428	152.0
16.74100331852824	152.0
16.751003917882198	154.0
16.76100451723616	154.0
16.771005116590118	154.0
16.78100571594408	156.0
16.791006315298038	156.0
16.801006914651996	158.0
16.811007514005958	158.0
16.821008113359916	159.0
16.831008712713874	161.0
16.841009312067836	163.0
16.851009911421794	165.0
16.861010510775753	169.0
16.871011110129714	173.0
16.881011709483673	175.0
16.891012308837634	179.0
16.901012908191593	181.0
16.91101350754555	183.0
16.921014106899513	185.0
16.93101470625347	185.0
16.94101530560743	183.0
16.95101590496139	179.0
16.96101650431535	175.0
16.971017103669308	169.0
16.98101770302327	163.0
16.991018302377228	156.0
17.001018901731186	149.0
17.011019501085148	144.0
17.021020100439106	139.0
17.031020699793068	136.0
17.041021299147026	136.0
17.051021898500984	134.0
17.061022497854946	136.0
17.071023097208904	137.0
17.081023696562863	139.0
17.091024295916824	140.0
17.101024895270783	142.0
17.11102549462474	142.0
17.121026093978703	140.0
17.13102669333266	140.0
17.14102729268662	139.0
17.15102789204058	137.0
17.16102849139454	139.0
17.1710290907485	139.0
17.18102969010246	140.0
17.191030289456418	142.0
17.20103088881038	144.0
17.211031488164338	144.0
17.221032087518296	142.0
17.231032686872258	140.0
17.241033286226216	139.0
17.251033885580174	136.0
17.261034484934136	134.0
17.271035084288094	132.0
17.281035683642052	131.0
17.291036282996014	131.0
17.301036882349973	132.0
17.311037481703934	134.0
17.321038081057893	136.0
17.33103868041185	139.0
17.341039279765813	144.0
17.35103987911977	149.0
17.36104047847373	156.0
17.37104107782769	163.0
17.38104167718165	171.0
17.391042276535607	175.0
17.40104287588957	179.0
17.411043475243527	181.0
17.421044074597486	179.0
17.431044673951448	177.0
17.441045273305406	171.0
17.451045872659368	167.0
17.461046472013326	0.0
17.471047071367284	0.0
17.481047670721246	0.0
17.491048270075204	0.0
17.501048869429162	0.0
17.511049468783124	0.0
17.521050068137082	0.0
17.53105066749104	0.0
17.541051266845002	0.0
17.55105186619896	0.0
17.56105246555292	0.0
17.57105306490688	0.0
17.58105366426084	0.0
17.5910542636148	0.0
17.60105486296876	0.0
17.611055462322717	0.0
17.62105606167668	0.0
17.631056661030637	0.0
17.641057260384596	0.0
17.651057859738557	0.0
17.661058459092516	0.0
17.671059058446474	0.0
17.681059657800436	0.0
17.691060257154394	0.0
17.701060856508356	0.0
17.711061455862314	0.0
17.721062055216272	0.0
17.731062654570234	0.0
17.741063253924192	0.0
17.75106385327815	201.0
17.761064452632112	196.0
17.77106505198607	192.0
17.78106565134003	187.0
17.79106625069399	179.0
17.80106685004795	175.0
17.811067449401907	171.0
17.82106804875587	169.0
17.831068648109827	167.0
17.84106924746379	167.0
17.851069846817747	167.0
17.861070446171706	167.0
17.871071045525667	167.0
17.881071644879626	169.0
17.891072244233584	173.0
17.901072843587546	175.0
17.911073442941504	179.0
17.921074042295462	183.0
17.931074641649424	187.0
17.941075241003382	190.0
17.95107584035734	190.0
17.961076439711302	187.0
17.97107703906526	185.0
17.981077638419222	183.0
17.99107823777318	181.0
18.00107883712714	177.0
18.0110794364811	175.0
18.02108003583506	173.0
18.031080635189017	171.0
18.04108123454298	169.0
18.051081833896937	167.0
18.061082433250895	167.0
18.071083032604857	169.0
18.081083631958816	169.0
18.091084231312774	171.0
18.101084830666736	171.0
18.111085430020694	173.0
18.121086029374656	177.0
18.131086628728614	181.0
18.141087228082572	190.0
18.151087827436534	196.0
18.161088426790492	203.0
18.17108902614445	208.0
18.181089625498412	213.0
18.19109022485237	215.0
18.20109082420633	215.0
18.21109142356029	213.0
18.22109202291425	208.0
18.231092622268207	206.0
18.24109322162217	203.0
18.251093820976127	201.0
18.26109442033009	201.0
18.271095019684047	201.0
18.281095619038005	201.0
18.291096218391967	203.0
18.301096817745925	203.0
18.311097417099884	203.0
18.321098016453846	206.0
18.331098615807804	206.0
18.341099215161762	208.0
18.351099814515724	208.0
18.361100413869682	208.0
18.37110101322364	208.0
18.381101612577602	208.0
18.39110221193156	208.0
18.401102811285522	208.0
18.41110341063948	208.0
18.42110400999344	208.0
18.4311046093474	208.0
18.44110520870136	208.0
18.451105808055317	208.0
18.46110640740928	210.0
18.471107006763237	210.0
18.481107606117195	210.0
18.491108205471157	210.0
18.501108804825115	210.0
18.511109404179074	210.0
18.521110003533035	210.0
18.531110602886994	213.0
18.541111202240955	213.0
18.551111801594914	213.0
18.561112400948872	213.0
18.571113000302834	213.0
18.581113599656792	213.0
18.59111419901075	210.0
18.601114798364712	210.0
18.61111539771867	208.0
18.62111599707263	208.0
18.63111659642659	210.0
18.64111719578055	210.0
18.65111779513451	210.0
18.66111839448847	208.0
18.671118993842427	206.0
18.68111959319639	203.0
18.691120192550347	201.0
18.701120791904305	194.0
18.711121391258267	187.0
18.721121990612225	181.0
18.731122589966184	175.0
18.741123189320145	169.0
18.751123788674104	165.0
18.761124388028062	163.0
18.771124987382024	161.0
18.781125586735982	159.0
18.791126186089944	159.0
18.801126785443902	159.0
18.81112738479786	159.0
18.821127984151822	159.0
18.83112858350578	161.0
18.84112918285974	163.0
18.8511297822137	165.0
18.86113038156766	169.0
18.871130980921617	173.0
18.88113158027558	177.0
18.891132179629537	181.0
18.901132778983495	185.0
18.911133378337457	194.0
18.921133977691415	201.0
18.931134577045377	208.0
18.941135176399335	218.0
18.951135775753293	226.0
18.961136375107255	228.0
18.971136974461213	226.0
18.98113757381517	218.0
18.991138173169134	213.0
19.001138772523092	206.0
19.01113937187705	199.0
19.021139971231012	192.0
19.03114057058497	185.0
19.04114116993893	181.0
19.05114176929289	179.0
19.06114236864685	177.0
19.07114296800081	175.0
19.08114356735477	173.0
19.091144166708727	171.0
19.10114476606269	169.0
19.111145365416647	169.0
19.121145964770605	167.0
19.131146564124567	167.0
19.141147163478525	165.0
19.151147762832483	165.0
19.161148362186445	165.0
19.171148961540403	167.0
19.18114956089436	167.0
19.191150160248323	167.0
19.20115075960228	167.0
19.211151358956243	171.0
19.2211519583102	173.0
19.23115255766416	177.0
19.241153157018122	181.0
19.25115375637208	187.0
19.26115435572604	194.0
19.27115495508	201.0
19.28115555443396	203.0
19.291156153787917	203.0
19.30115675314188	201.0
19.311157352495837	196.0
19.321157951849795	192.0
19.331158551203757	187.0
19.341159150557715	185.0
19.351159749911677	181.0
19.361160349265635	177.0
19.371160948619593	171.0
19.381161547973555	169.0
19.391162147327513	165.0
19.40116274668147	161.0
19.411163346035433	159.0
19.42116394538939	156.0
19.43116454474335	154.0
19.44116514409731	154.0
19.45116574345127	152.0
19.461166342805228	152.0
19.47116694215919	152.0
19.481167541513148	154.0
19.49116814086711	154.0
19.50116874022107	154.0
19.511169339575027	154.0
19.52116993892899	156.0
19.531170538282947	156.0
19.541171137636905	156.0
19.551171736990867	156.0
19.561172336344825	158.0
19.571172935698783	159.0
19.581173535052745	161.0
19.591174134406703	165.0
19.601174733760665	171.0
19.611175333114623	175.0
19.62117593246858	179.0
19.631176531822543	183.0
19.6411771311765	187.0
19.65117773053046	192.0
19.66117832988442	194.0
19.67117892923838	192.0
19.681179528592338	190.0
19.6911801279463	183.0
19.701180727300258	177.0
19.711181326654216	171.0
19.721181926008178	163.0
19.731182525362136	154.0
19.7411831247161	147.0
19.751183724070057	142.0
19.761184323424015	139.0
19.771184922777977	137.0
19.781185522131935	136.0
19.791186121485893	136.0
19.801186720839855	136.0
19.811187320193813	137.0
19.82118791954777	139.0
19.831188518901733	140.0
19.84118911825569	142.0
19.85118971760965	144.0
19.86119031696361	142.0
19.87119091631757	137.0
19.88119151567153	132.0
19.89119211502549	128.0
19.901192714379448	0.0
19.91119331373341	0.0
19.921193913087368	0.0
19.931194512441326	0.0
19.941195111795288	0.0
19.951195711149246	0.0
19.961196310503205	0.0
19.971196909857166	0.0
19.981197509211125	0.0
19.991198108565083	0.0
20.001198707919045	0.0
20.011199307273003	0.0
20.021199906626965	181.0
20.031200505980923	177.0
20.04120110533488	177.0
20.051201704688843	177.0
20.0612023040428	181.0
20.07120290339676	185.0
20.08120350275072	187.0
20.09120410210468	187.0
20.101204701458638	187.0
20.1112053008126	183.0
20.121205900166558	181.0
20.131206499520516	177.0
20.141207098874478	175.0
20.151207698228436	171.0
20.161208297582398	167.0
20.171208896936356	163.0
20.181209496290315	161.0
20.191210095644276	158.0
20.201210694998235	156.0
20.211211294352193	154.0
20.221211893706155	156.0
20.231212493060113	156.0
20.24121309241407	156.0
20.251213691768033	156.0
20.26121429112199	154.0
20.27121489047595	154.0
20.28121548982991	152.0
20.29121608918387	150.0
20.30121668853783	149.0
20.31121728789179	147.0
20.321217887245748	147.0
20.33121848659971	147.0
20.341219085953668	149.0
20.351219685307626	150.0
20.361220284661588	154.0
20.371220884015546	159.0
20.381221483369504	163.0
20.391222082723466	171.0
20.401222682077425	179.0
20.411223281431383	185.0
20.421223880785345	192.0
20.431224480139303	196.0
20.441225079493265	201.0
20.451225678847223	199.0
20.46122627820118	196.0
20.471226877555143	190.0
20.4812274769091	185.0
20.49122807626306	181.0
20.50122867561702	177.0
20.51122927497098	173.0
20.521229874324938	171.0
20.5312304736789	171.0
20.541231073032858	169.0
20.55123167238682	169.0
20.561232271740778	169.0
20.571232871094736	169.0
20.581233470448698	169.0
20.591234069802656	171.0
20.601234669156614	171.0
20.611235268510576	173.0
20.621235867864534	173.0
20.631236467218493	173.0
20.641237066572454	173.0
20.651237665926413	173.0
20.66123826528037	173.0
20.671238864634333	173.0
20.68123946398829	171.0
20.691240063342253	171.0
20.70124066269621	169.0
20.71124126205017	169.0
20.72124186140413	169.0
20.73124246075809	169.0
20.741243060112048	171.0
20.75124365946601	171.0
20.761244258819968	173.0
20.771244858173926	175.0
20.781245457527888	177.0
20.791246056881846	181.0
20.801246656235804	183.0
20.811247255589766	183.0
20.821247854943724	183.0
20.831248454297686	183.0
20.841249053651644	181.0
20.851249653005603	179.0
20.861250252359564	177.0
20.871250851713523	175.0
20.88125145106748	175.0
20.891252050421443	175.0
20.9012526497754	175.0
20.91125324912936	175.0
20.92125384848332	175.0
20.93125444783728	173.0
20.941255047191238	171.0
20.9512556465452	169.0
20.961256245899158	165.0
20.97125684525312	158.0
20.981257444607078	149.0
20.991258043961036	144.0
21.001258643314998	140.0
21.011259242668956	139.0
21.021259842022914	139.0
21.031260441376876	140.0
21.041261040730834	144.0
21.051261640084793	149.0
21.061262239438754	152.0
21.071262838792713	156.0
21.08126343814667	161.0
21.091264037500633	167.0
21.10126463685459	173.0
21.111265236208553	179.0
21.12126583556251	183.0
21.13126643491647	187.0
21.14126703427043	194.0
21.15126763362439	199.0
21.161268232978347	199.0
21.17126883233231	196.0
21.181269431686268	192.0
21.191270031040226	187.0
21.201270630394188	183.0
21.211271229748146	179.0
21.221271829102104	175.0
21.231272428456066	173.0
21.241273027810024	171.0
21.251273627163986	167.0
21.261274226517944	165.0
21.271274825871902	161.0
21.281275425225864	158.0
21.291276024579822	156.0
21.30127662393378	154.0
21.311277223287743	152.0
21.3212778226417	152.0
21.33127842199566	152.0
21.34127902134962	152.0
21.35127962070358	152.0
21.361280220057537	152.0
21.3712808194115	154.0
21.381281418765457	156.0
21.39128201811942	158.0
21.401282617473377	161.0
21.411283216827336	163.0
21.421283816181298	167.0
21.431284415535256	171.0
21.441285014889214	179.0
21.451285614243176	185.0
21.461286213597134	196.0
21.471286812951092	206.0
21.481287412305054	210.0
21.491288011659012	215.0
21.501288611012974	218.0
21.511289210366932	215.0
21.52128980972089	206.0
21.531290409074852	192.0
21.54129100842881	173.0
21.55129160778277	161.0
21.56129220713673	150.0
21.57129280649069	144.0
21.581293405844647	140.0
21.59129400519861	137.0
21.601294604552567	137.0
21.611295203906526	137.0
21.621295803260487	137.0
21.631296402614446	137.0
21.641297001968407	137.0
21.651297601322366	137.0
21.661298200676324	137.0
21.671298800030286	139.0
21.681299399384244	139.0
21.691299998738202	139.0
21.701300598092164	139.0
21.711301197446122	139.0
21.72130179680008	139.0
21.731302396154042	137.0
21.741302995508	137.0
21.75130359486196	137.0
21.76130419421592	137.0
21.77130479356988	137.0
21.78130539292384	137.0
21.7913059922778	137.0
21.801306591631757	137.0
21.81130719098572	137.0
21.821307790339677	137.0
21.831308389693636	137.0
21.841308989047597	139.0
21.851309588401556	139.0
21.861310187755514	140.0
21.871310787109476	140.0
21.881311386463434	140.0
21.891311985817392	142.0
21.901312585171354	142.0
21.911313184525312	142.0
21.921313783879274	142.0
21.931314383233232	142.0
21.94131498258719	140.0
21.951315581941152	140.0
21.96131618129511	139.0
21.97131678064907	137.0
21.98131738000303	137.0
21.99131797935699	137.0
22.001318578710947	136.0
22.01131917806491	137.0
22.021319777418867	137.0
22.031320376772825	139.0
22.041320976126787	140.0
22.051321575480745	144.0
22.061322174834707	144.0
22.071322774188666	145.0
22.081323373542624	145.0
22.091323972896586	144.0
22.101324572250544	137.0
22.111325171604502	134.0
22.121325770958464	132.0
22.131326370312422	131.0
22.14132696966638	129.0
22.151327569020342	126.0
22.1613281683743	122.0
22.17132876772826	119.0
22.18132936708222	118.0
22.19132996643618	118.0
22.20133056579014	121.0
22.2113311651441	0.0
22.221331764498057	0.0
22.23133236385202	0.0
22.241332963205977	136.0
22.251333562559935	136.0
22.261334161913897	134.0
22.271334761267855	132.0
22.281335360621814	131.0
22.291335959975775	131.0
22.301336559329734	131.0
22.311337158683692	132.0
22.321337758037654	134.0
22.331338357391612	134.0
22.341338956745574	134.0
22.351339556099532	134.0
22.36134015545349	134.0
22.371340754807452	134.0
22.38134135416141	132.0
22.39134195351537	134.0
22.40134255286933	134.0
22.41134315222329	136.0
22.421343751577247	137.0
22.43134435093121	137.0
22.441344950285167	137.0
22.45134554963913	136.0
22.461346148993087	136.0
22.471346748347045	137.0
22.481347347701007	139.0
22.491347947054965	140.0
22.501348546408924	142.0
22.511349145762885	144.0
22.521349745116844	144.0
22.531350344470802	144.0
22.541350943824764	144.0
22.551351543178722	142.0
22.56135214253268	140.0
22.571352741886642	137.0
22.5813533412406	136.0
22.591353940594562	136.0
22.60135453994852	134.0
22.61135513930248	134.0
22.62135573865644	136.0
22.6313563380104	137.0
22.641356937364357	140.0
22.65135753671832	144.0
22.661358136072277	150.0
22.671358735426235	156.0
22.681359334780197	165.0
22.691359934134155	173.0
22.701360533488113	179.0
22.711361132842075	185.0
22.721361732196034	190.0
22.731362331549995	192.0
22.741362930903954	192.0
22.751363530257912	190.0
22.761364129611874	185.0
22.771364728965832	177.0
22.78136532831979	171.0
22.791365927673752	163.0
22.80136652702771	159.0
22.81136712638167	156.0
22.82136772573563	154.0
22.83136832508959	152.0
22.841368924443547	152.0
22.85136952379751	150.0
22.861370123151467	152.0
22.87137072250543	152.0
22.881371321859387	154.0
22.891371921213345	154.0
22.901372520567307	154.0
22.911373119921265	154.0
22.921373719275223	154.0
22.931374318629185	154.0
22.941374917983143	154.0
22.9513755173371	156.0
22.961376116691063	159.0
22.97137671604502	163.0
22.98137731539898	169.0
22.991377914752942	175.0
23.0013785141069	181.0
23.011379113460862	187.0
23.02137971281482	192.0
23.03138031216878	199.0
23.04138091152274	203.0
23.0513815108767	203.0
23.061382110230657	201.0
23.07138270958462	199.0
23.081383308938577	194.0
23.091383908292535	190.0
23.101384507646497	183.0
23.111385107000455	177.0
23.121385706354413	173.0
23.131386305708375	169.0
23.141386905062333	167.0
23.151387504416295	167.0
23.161388103770253	169.0
23.17138870312421	169.0
23.181389302478173	171.0
23.19138990183213	173.0
23.20139050118609	175.0
23.21139110054005	175.0
23.22139169989401	175.0
23.23139229924797	175.0
23.24139289860193	173.0
23.25139349795589	171.0
23.261394097309847	171.0
23.27139469666381	169.0
23.281395296017767	167.0
23.29139589537173	167.0
23.301396494725687	167.0
23.311397094079645	167.0
23.321397693433607	171.0
23.331398292787565	173.0
23.341398892141523	179.0
23.351399491495485	187.0
23.361400090849443	194.0
23.3714006902034	196.0
23.381401289557363	194.0
23.39140188891132	185.0
23.401402488265283	0.0
23.41140308761924	0.0
23.4214036869732	0.0
23.43140428632716	0.0
23.44140488568112	0.0
23.451405485035078	0.0
23.46140608438904	0.0
23.471406683742998	0.0
23.481407283096956	0.0
23.49140788245092	0.0
23.501408481804877	0.0
23.511409081158835	0.0
23.521409680512797	0.0
23.531410279866755	0.0
23.541410879220717	0.0
23.551411478574675	0.0
23.561412077928633	0.0
23.571412677282595	0.0
23.581413276636553	0.0
23.59141387599051	0.0
23.601414475344473	0.0
23.61141507469843	0.0
23.62141567405239	0.0
23.63141627340635	0.0
23.64141687276031	0.0
23.651417472114268	0.0
23.66141807146823	0.0
23.671418670822188	0.0
23.68141927017615	0.0
23.691419869530108	0.0
23.701420468884066	0.0
23.711421068238028	0.0
23.721421667591986	0.0
23.731422266945945	0.0
23.741422866299907	223.0
23.751423465653865	218.0
23.761424065007823	213.0
23.771424664361785	206.0
23.781425263715743	201.0
23.7914258630697	196.0
23.801426462423663	190.0
23.81142706177762	183.0
23.821427661131583	177.0
23.83142826048554	173.0
23.8414288598395	171.0
23.85142945919346	169.0
23.86143005854742	169.0
23.871430657901378	169.0
23.88143125725534	171.0
23.891431856609298	175.0
23.901432455963256	179.0
23.911433055317218	183.0
23.921433654671176	190.0
23.931434254025135	194.0
23.941434853379096	199.0
23.951435452733055	203.0
23.961436052087016	208.0
23.971436651440975	213.0
23.981437250794933	215.0
23.991437850148895	215.0
24.001438449502853	213.0
24.01143904885681	208.0
24.021439648210773	201.0
24.03144024756473	196.0
24.04144084691869	187.0
24.05144144627265	179.0
24.06144204562661	175.0
24.071442644980568	171.0
24.08144324433453	171.0
24.091443843688488	171.0
24.10144444304245	171.0
24.111445042396408	171.0
24.121445641750366	171.0
24.131446241104328	173.0
24.141446840458286	173.0
24.151447439812245	175.0
24.161448039166206	177.0
24.171448638520165	179.0
24.181449237874123	181.0
24.191449837228085	185.0
24.201450436582043	190.0
24.211451035936005	194.0
24.221451635289963	201.0
24.23145223464392	208.0
24.241452833997883	213.0
24.25145343335184	220.0
24.2614540327058	226.0
24.27145463205976	226.0
24.28145523141372	220.0
24.291455830767678	218.0
24.30145643012164	215.0
24.311457029475598	213.0
24.321457628829556	213.0
24.331458228183518	210.0
24.341458827537476	208.0
24.351459426891438	206.0
24.361460026245396	206.0
24.371460625599354	206.0
24.381461224953316	206.0
24.391461824307274	206.0
24.401462423661233	206.0
24.411463023015195	206.0
24.421463622369153	206.0
24.43146422172311	206.0
24.441464821077073	206.0
24.45146542043103	206.0
24.46146601978499	206.0
24.47146661913895	208.0
24.48146721849291	208.0
24.49146781784687	208.0
24.50146841720083	210.0
24.511469016554788	210.0
24.52146961590875	213.0
24.531470215262708	213.0
24.541470814616666	213.0
24.551471413970628	213.0
24.561472013324586	213.0
24.571472612678544	210.0
24.581473212032506	210.0
24.591473811386464	208.0
24.601474410740423	208.0
24.611475010094384	208.0
24.621475609448343	208.0
24.631476208802304	208.0
24.641476808156263	208.0
24.65147740751022	208.0
24.661478006864183	208.0
24.67147860621814	208.0
24.6814792055721	208.0
24.69147980492606	206.0
24.70148040428002	203.0
24.711481003633978	199.0
24.72148160298794	190.0
24.731482202341898	173.0
24.741482801695856	161.0
24.751483401049818	154.0
24.761484000403776	150.0
24.771484599757738	147.0
24.781485199111696	145.0
24.791485798465654	145.0
24.801486397819616	144.0
24.811486997173574	0.0
24.821487596527533	0.0
24.831488195881494	0.0
24.841488795235453	0.0
24.85148939458941	0.0
24.861489993943373	0.0
24.87149059329733	0.0
24.88149119265129	0.0
24.89149179200525	0.0
24.90149239135921	0.0
24.91149299071317	291.0
24.92149359006713	298.0
24.931494189421088	301.0
24.94149478877505	298.0
24.951495388129008	294.0
24.961495987482966	291.0
24.971496586836928	288.0
24.981497186190886	288.0
24.991497785544844	0.0
25.001498384898806	213.0
25.011498984252764	208.0
25.021499583606722	203.0
25.031500182960684	201.0
25.041500782314642	201.0
25.051501381668604	201.0
25.061501981022563	199.0
25.07150258037652	199.0
25.081503179730483	199.0
25.09150377908444	199.0
25.1015043784384	199.0
25.11150497779236	201.0
25.12150557714632	203.0
25.131506176500277	206.0
25.14150677585424	208.0
25.151507375208197	210.0
25.16150797456216	213.0
25.171508573916118	213.0
25.181509173270076	215.0
25.191509772624038	215.0
25.201510371977996	215.0
25.211510971331954	213.0
25.221511570685916	210.0
25.231512170039874	208.0
25.241512769393832	206.0
25.251513368747794	201.0
25.261513968101752	201.0
25.27151456745571	201.0
25.281515166809672	206.0
25.29151576616363	210.0
25.301516365517593	218.0
25.31151696487155	231.0
25.32151756422551	245.0
25.33151816357947	259.0
25.34151876293343	272.0
25.351519362287387	281.0
25.36151996164135	288.0
25.371520560995307	291.0
25.381521160349266	291.0
25.391521759703227	288.0
25.401522359057186	281.0
25.411522958411144	272.0
25.421523557765106	262.0
25.431524157119064	256.0
25.441524756473026	248.0
25.451525355826984	245.0
25.461525955180942	239.0
25.471526554534904	236.0
25.481527153888862	236.0
25.49152775324282	234.0
25.501528352596782	234.0
25.51152895195074	234.0
25.5215295513047	234.0
25.53153015065866	236.0
25.54153075001262	236.0
25.551531349366577	236.0
25.56153194872054	236.0
25.571532548074497	236.0
25.58153314742846	236.0
25.591533746782417	236.0
25.601534346136376	236.0
25.611534945490337	236.0
25.621535544844296	236.0
25.631536144198254	239.0
25.641536743552216	239.0
25.651537342906174	242.0
25.661537942260132	248.0
25.671538541614094	253.0
25.681539140968052	256.0
25.69153974032201	262.0
25.701540339675972	268.0
25.71154093902993	272.0
25.721541538383892	275.0
25.73154213773785	275.0
25.74154273709181	275.0
25.75154333644577	272.0
25.76154393579973	265.0
25.771544535153687	262.0
25.78154513450765	256.0
25.791545733861607	248.0
25.801546333215565	239.0
25.811546932569527	231.0
25.821547531923486	223.0
25.831548131277444	215.0
25.841548730631406	210.0
25.851549329985364	208.0
25.861549929339326	206.0
25.871550528693284	206.0
25.881551128047242	206.0
25.891551727401204	206.0
25.901552326755162	206.0
25.91155292610912	206.0
25.921553525463082	206.0
25.93155412481704	206.0
25.941554724171	206.0
25.95155532352496	208.0
25.96155592287892	213.0
25.971556522232877	215.0
25.98155712158684	218.0
25.991557720940797	223.0
26.00155832029476	226.0
26.011558919648717	231.0
26.021559519002675	236.0
26.031560118356637	245.0
26.041560717710595	253.0
26.051561317064554	253.0
26.061561916418515	250.0
26.071562515772474	248.0
26.081563115126432	245.0
26.091563714480394	239.0
26.101564313834352	234.0
26.111564913188314	228.0
26.121565512542272	223.0
26.13156611189623	220.0
26.141566711250192	218.0
26.15156731060415	220.0
26.16156790995811	226.0
26.17156850931207	231.0
26.18156910866603	239.0
26.191569708019987	242.0
26.20157030737395	248.0
26.211570906727907	256.0
26.221571506081865	262.0
26.231572105435827	268.0
26.241572704789785	275.0
26.251573304143747	281.0
26.261573903497705	284.0
26.271574502851664	288.0
26.281575102205625	288.0
26.291575701559584	284.0
26.301576300913542	275.0
26.311576900267504	265.0
26.321577499621462	256.0
26.33157809897542	245.0
26.341578698329382	239.0
26.35157929768334	231.0
26.3615798970373	223.0
26.37158049639126	220.0
26.38158109574522	218.0
26.39158169509918	218.0
26.40158229445314	220.0
26.411582893807097	223.0
26.42158349316106	228.0
26.431584092515017	234.0
26.441584691868975	239.0
26.451585291222937	248.0
26.461585890576895	256.0
26.471586489930854	268.0
26.481587089284815	278.0
26.491587688638774	281.0
26.501588287992732	284.0
26.511588887346694	281.0
26.521589486700652	281.0
26.531590086054614	278.0
26.541590685408572	275.0
26.55159128476253	275.0
26.561591884116492	275.0
26.57159248347045	275.0
26.58159308282441	275.0
26.59159368217837	275.0
26.60159428153233	275.0
26.611594880886287	275.0
26.62159548024025	275.0
26.631596079594207	275.0
26.641596678948165	275.0
26.651597278302127	272.0
26.661597877656085	272.0
26.671598477010047	272.0
26.681599076364005	272.0
26.691599675717963	268.0
26.701600275071925	268.0
26.711600874425883	268.0
26.72160147377984	268.0
26.731602073133804	268.0
26.741602672487762	272.0
26.75160327184172	272.0
26.761603871195682	275.0
26.77160447054964	275.0
26.7816050699036	278.0
26.79160566925756	281.0
26.80160626861152	281.0
26.81160686796548	281.0
26.82160746731944	281.0
26.831608066673397	281.0
26.84160866602736	281.0
26.851609265381317	281.0
26.861609864735275	281.0
26.871610464089237	281.0
26.881611063443195	281.0
26.891611662797153	281.0
26.901612262151115	281.0
26.911612861505073	281.0
26.92161346085903	278.0
26.931614060212993	278.0
26.94161465956695	278.0
26.951615258920913	275.0
26.96161585827487	272.0
26.97161645762883	268.0
26.981617056982792	262.0
26.99161765633675	256.0
27.00161825569071	250.0
27.01161885504467	245.0
27.02161945439863	239.0
27.031620053752587	236.0
27.04162065310655	234.0
27.051621252460507	231.0
27.06162185181447	231.0
27.071622451168427	228.0
27.081623050522385	228.0
27.091623649876347	228.0
27.101624249230305	228.0
27.111624848584263	231.0
27.121625447938225	231.0
27.131626047292183	234.0
27.14162664664614	236.0
27.151627246000103	239.0
27.16162784535406	242.0
27.17162844470802	248.0
27.18162904406198	259.0
27.19162964341594	268.0
27.2016302427699	275.0
27.21163084212386	284.0
27.221631441477818	291.0
27.23163204083178	294.0
27.24163264018574	294.0
27.251633239539697	294.0
27.26163383889366	288.0
27.271634438247617	275.0
27.281635037601575	265.0
27.291635636955537	259.0
27.301636236309495	253.0
27.311636835663453	248.0
27.321637435017415	242.0
27.331638034371373	239.0
27.341638633725335	236.0
27.351639233079293	234.0
27.36163983243325	231.0
27.371640431787213	228.0
27.38164103114117	228.0
27.39164163049513	228.0
27.40164222984909	231.0
27.41164282920305	231.0
27.421643428557008	234.0
27.43164402791097	234.0
27.441644627264928	234.0
27.451645226618886	236.0
27.461645825972848	236.0
27.471646425326806	239.0
27.48164702468077	242.0
27.491647624034727	245.0
27.501648223388685	248.0
27.511648822742647	250.0
27.521649422096605	256.0
27.531650021450563	262.0
27.541650620804525	265.0
27.551651220158483	268.0
27.56165181951244	272.0
27.571652418866403	272.0
27.58165301822036	272.0
27.59165361757432	265.0
27.60165421692828	256.0
27.61165481628224	245.0
27.6216554156362	228.0
27.63165601499016	215.0
27.641656614344118	210.0
27.65165721369808	206.0
27.661657813052038	206.0
27.671658412405996	206.0
27.681659011759958	203.0
27.691659611113916	203.0
27.701660210467875	203.0
27.711660809821836	206.0
27.721661409175795	206.0
27.731662008529753	206.0
27.741662607883715	206.0
27.751663207237673	206.0
27.761663806591635	206.0
27.771664405945593	208.0
27.78166500529955	208.0
27.791665604653513	208.0
27.80166620400747	210.0
27.81166680336143	213.0
27.82166740271539	213.0
27.83166800206935	213.0
27.841668601423308	213.0
27.85166920077727	210.0
27.861669800131228	208.0
27.871670399485186	208.0
27.881670998839148	206.0
27.891671598193106	206.0
27.901672197547068	206.0
27.911672796901026	206.0
27.921673396254985	206.0
27.931673995608946	206.0
27.941674594962905	206.0
27.951675194316863	208.0
27.961675793670825	208.0
27.971676393024783	208.0
27.98167699237874	208.0
27.991677591732703	210.0
28.00167819108666	210.0
28.011678790440623	210.0
28.02167938979458	213.0
28.03167998914854	213.0
28.0416805885025	213.0
28.05168118785646	210.0
28.061681787210418	210.0
28.07168238656438	208.0
28.081682985918338	206.0
28.091683585272296	203.0
28.101684184626258	201.0
28.111684783980216	199.0
28.121685383334174	194.0
28.131685982688136	190.0
28.141686582042094	187.0
28.151687181396056	187.0
28.161687780750015	167.0
28.171688380103973	167.0
28.181688979457935	165.0
28.191689578811893	163.0
28.20169017816585	161.0
28.211690777519813	159.0
28.22169137687377	159.0
28.23169197622773	159.0
28.24169257558169	159.0
28.25169317493565	163.0
28.261693774289608	167.0
28.27169437364357	173.0
28.281694972997528	179.0
28.29169557235149	187.0
28.301696171705448	194.0
28.311696771059406	201.0
28.321697370413368	208.0
28.331697969767326	213.0
28.341698569121284	215.0
28.351699168475246	215.0
28.361699767829204	213.0
28.371700367183163	208.0
28.381700966537124	203.0
28.391701565891083	196.0
28.40170216524504	190.0
28.411702764599003	181.0
28.42170336395296	175.0
28.431703963306923	173.0
28.44170456266088	171.0
28.45170516201484	169.0
28.4617057613688	169.0
28.47170636072276	169.0
28.481706960076718	171.0
28.49170755943068	171.0
28.501708158784638	173.0
28.511708758138596	173.0
28.521709357492558	175.0
28.531709956846516	175.0
28.541710556200474	175.0
28.551711155554436	177.0
28.561711754908394	179.0
28.571712354262356	181.0
28.581712953616314	185.0
28.591713552970273	192.0
28.601714152324234	199.0
28.611714751678193	206.0
28.62171535103215	215.0
28.631715950386113	231.0
28.64171654974007	245.0
28.65171714909403	265.0
28.66171774844799	278.0
28.67171834780195	288.0
28.681718947155908	301.0
28.69171954650987	308.0
28.701720145863828	308.0
28.71172074521779	305.0
28.721721344571748	294.0
28.731721943925706	275.0
28.741722543279668	242.0
28.751723142633626	220.0
28.761723741987584	210.0
28.771724341341546	206.0
28.781724940695504	203.0
28.791725540049462	203.0
28.801726139403424	203.0
28.811726738757383	203.0
28.82172733811134	203.0
28.831727937465303	206.0
28.84172853681926	208.0
28.851729136173223	210.0
28.86172973552718	215.0
28.87173033488114	220.0
28.8817309342351	220.0
28.89173153358906	223.0
28.901732132943017	218.0
28.91173273229698	213.0
28.921733331650938	203.0
28.931733931004896	199.0
28.941734530358858	190.0
28.951735129712816	183.0
28.961735729066778	0.0
28.971736328420736	0.0
28.981736927774694	0.0
28.991737527128656	0.0
29.001738126482614	0.0
29.011738725836572	0.0
29.021739325190534	206.0
29.031739924544492	206.0
29.04174052389845	206.0
29.051741123252413	206.0
29.06174172260637	208.0
29.07174232196033	210.0
29.08174292131429	210.0
29.09174352066825	210.0
29.10174412002221	213.0
29.11174471937617	213.0
29.121745318730127	213.0
29.13174591808409	210.0
29.141746517438047	210.0
29.151747116792006	208.0
29.161747716145968	206.0
29.171748315499926	203.0
29.181748914853884	199.0
29.191749514207846	196.0
29.201750113561804	190.0
29.211750712915762	185.0
29.221751312269724	179.0
29.231751911623682	175.0
29.241752510977644	173.0
29.251753110331602	169.0
29.26175370968556	169.0
29.271754309039522	167.0
29.28175490839348	167.0
29.29175550774744	169.0
29.3017561071014	169.0
29.31175670645536	171.0
29.321757305809317	171.0
29.33175790516328	171.0
29.341758504517237	171.0
29.351759103871196	171.0
29.361759703225157	173.0
29.371760302579116	173.0
29.381760901933077	173.0
29.391761501287036	175.0
29.401762100640994	179.0
29.411762699994956	181.0
29.421763299348914	183.0
29.431763898702872	185.0
29.441764498056834	183.0
29.451765097410792	0.0
29.46176569676475	0.0
29.471766296118712	0.0
29.48176689547267	0.0
29.49176749482663	0.0
29.50176809418059	0.0
29.51176869353455	0.0
29.52176929288851	0.0
29.53176989224247	0.0
29.541770491596427	0.0
29.55177109095039	0.0
29.561771690304347	0.0
29.571772289658306	0.0
29.581772889012267	0.0
29.591773488366226	0.0
29.601774087720184	0.0
29.611774687074146	0.0
29.621775286428104	0.0
29.631775885782062	0.0
29.641776485136024	0.0
29.651777084489982	0.0
29.661777683843944	0.0
29.671778283197902	0.0
29.68177888255186	0.0
29.691779481905822	0.0
29.70178008125978	0.0
29.71178068061374	0.0
29.7217812799677	0.0
29.73178187932166	0.0
29.741782478675617	0.0
29.75178307802958	0.0
29.761783677383537	0.0
29.771784276737495	0.0
29.781784876091457	0.0
29.791785475445415	0.0
29.801786074799377	0.0
29.811786674153335	0.0
29.821787273507294	0.0
29.831787872861256	0.0
29.841788472215214	0.0
29.851789071569172	0.0
29.861789670923134	0.0
29.871790270277092	0.0
29.88179086963105	0.0
29.891791468985012	0.0
29.90179206833897	187.0
29.911792667692932	183.0
29.92179326704689	179.0
29.93179386640085	177.0
29.94179446575481	175.0
29.95179506510877	175.0
29.961795664462727	173.0
29.97179626381669	173.0
29.981796863170647	171.0
29.991797462524605	169.0
30.001798061878567	169.0
30.011798661232525	169.0
30.021799260586484	169.0
30.031799859940445	169.0
30.041800459294404	169.0
30.051801058648365	169.0
30.061801658002324	171.0
30.071802257356282	173.0
30.081802856710244	177.0
30.091803456064202	181.0
30.10180405541816	185.0
30.111804654772122	190.0
30.12180525412608	192.0
30.13180585348004	187.0
30.141806452834	185.0
30.15180705218796	179.0
30.161807651541917	177.0
30.17180825089588	173.0
30.181808850249837	171.0
30.1918094496038	169.0
30.201810048957757	169.0
30.211810648311715	169.0
30.221811247665677	169.0
30.231811847019635	171.0
30.241812446373594	173.0
30.251813045727555	175.0
30.261813645081514	177.0
30.271814244435472	179.0
30.281814843789434	179.0
30.291815443143392	181.0
30.30181604249735	179.0
30.311816641851312	177.0
30.32181724120527	175.0
30.331817840559232	173.0
30.34181843991319	169.0
30.35181903926715	167.0
30.36181963862111	165.0
30.37182023797507	163.0
30.381820837329027	163.0
30.39182143668299	163.0
30.401822036036947	163.0
30.411822635390905	165.0
30.421823234744867	165.0
30.431823834098825	167.0
30.441824433452783	169.0
30.451825032806745	169.0
30.461825632160703	171.0
30.471826231514665	171.0
30.481826830868624	171.0
30.491827430222582	173.0
30.501828029576544	173.0
30.511828628930502	173.0
30.52182922828446	173.0
30.531829827638422	173.0
30.54183042699238	173.0
30.55183102634634	0.0
30.5618316257003	0.0
30.57183222505426	179.0
30.581832824408217	183.0
30.59183342376218	187.0
30.601834023116137	190.0
30.6118346224701	192.0
30.621835221824057	194.0
30.631835821178015	199.0
30.641836420531977	201.0
30.651837019885935	201.0
30.661837619239893	196.0
30.671838218593855	190.0
30.681838817947813	183.0
30.69183941730177	177.0
30.701840016655733	171.0
30.71184061600969	0.0
30.721841215363654	154.0
30.731841814717612	150.0
30.74184241407157	144.0
30.751843013425532	144.0
30.76184361277949	144.0
30.77184421213345	145.0
30.78184481148741	149.0
30.79184541084137	152.0
30.801846010195327	158.0
30.81184660954929	161.0
30.821847208903247	167.0
30.831847808257205	173.0
30.841848407611167	175.0
30.851849006965125	179.0
30.861849606319087	181.0
30.871850205673045	183.0
30.881850805027003	183.0
30.891851404380965	183.0
30.901852003734923	179.0
30.91185260308888	177.0
30.921853202442843	173.0
30.9318538017968	171.0
30.94185440115076	167.0
30.95185500050472	167.0
30.96185559985868	169.0
30.971856199212638	171.0
30.9818567985666	173.0
30.99185739792056	175.0
31.00185799727452	177.0
31.01185859662848	179.0
31.021859195982437	181.0
31.0318597953364	183.0
31.041860394690357	181.0
31.051860994044315	181.0
31.061861593398277	179.0
31.071862192752235	177.0
31.081862792106193	175.0
31.091863391460155	173.0
31.101863990814113	171.0
31.11186459016807	169.0
31.121865189522033	169.0
31.13186578887599	167.0
31.141866388229953	167.0
31.15186698758391	165.0
31.16186758693787	0.0
31.17186818629183	0.0
31.18186878564579	0.0
31.191869384999748	0.0
31.20186998435371	0.0
31.211870583707668	0.0
31.221871183061626	0.0
31.23187178241559	0.0
31.241872381769547	0.0
31.251872981123505	0.0
31.261873580477467	0.0
31.271874179831425	0.0
31.281874779185387	0.0
31.291875378539345	0.0
31.301875977893303	0.0
31.311876577247265	215.0
31.321877176601223	215.0
31.33187777595518	215.0
31.341878375309143	215.0
31.3518789746631	213.0
31.36187957401706	213.0
31.37188017337102	210.0
31.38188077272498	208.0
31.391881372078938	206.0
31.4018819714329	206.0
31.411882570786858	206.0
31.42188317014082	203.0
31.431883769494778	203.0
31.441884368848736	203.0
31.451884968202698	203.0
31.461885567556656	203.0
31.471886166910615	203.0
31.481886766264576	203.0
31.491887365618535	203.0
31.501887964972493	206.0
31.511888564326455	206.0
31.521889163680413	206.0
31.53188976303437	208.0
31.541890362388333	208.0
31.55189096174229	208.0
31.561891561096253	208.0
31.57189216045021	208.0
31.58189275980417	208.0
31.59189335915813	208.0
31.60189395851209	208.0
31.611894557866048	206.0
31.62189515722001	206.0
31.631895756573968	206.0
31.641896355927926	206.0
31.651896955281888	206.0
31.661897554635846	208.0
31.671898153989808	208.0
31.681898753343766	208.0
31.691899352697725	208.0
31.701899952051686	208.0
31.711900551405645	208.0
31.721901150759603	208.0
31.731901750113565	208.0
31.741902349467523	208.0
31.75190294882148	210.0
31.761903548175443	210.0
31.7719041475294	210.0
31.78190474688336	208.0
31.79190534623732	208.0
31.80190594559128	206.0
31.81190654494524	206.0
31.8219071442992	206.0
31.831907743653158	206.0
31.84190834300712	206.0
31.851908942361078	206.0
31.861909541715036	206.0
31.871910141068998	208.0
31.881910740422956	210.0
31.891911339776915	210.0
31.901911939130876	213.0
31.911912538484835	213.0
31.921913137838793	215.0
31.931913737192755	215.0
31.941914336546713	215.0
31.951914935900675	213.0
31.961915535254633	213.0
31.97191613460859	210.0
31.981916733962553	210.0
31.99191733331651	210.0
32.00191793267047	210.0
32.01191853202443	210.0
32.02191913137839	210.0
32.03191973073235	210.0
32.041920330086306	210.0
32.05192092944027	210.0
32.06192152879423	210.0
32.07192212814819	210.0
32.081922727502146	213.0
32.091923326856104	213.0
32.10192392621006	213.0
32.11192452556403	213.0
32.121925124917986	210.0
32.131925724271944	210.0
32.1419263236259	210.0
32.15192692297986	208.0
32.161927522333826	208.0
32.171928121687785	208.0
32.18192872104174	208.0
32.1919293203957	208.0
32.20192991974966	206.0
32.21193051910362	206.0
32.22193111845758	203.0
32.23193171781154	199.0
32.2419323171655	0.0
32.25193291651946	0.0
32.261933515873416	0.0
32.271934115227374	0.0
32.28193471458134	0.0
32.2919353139353	0.0
32.301935913289256	0.0
32.311936512643214	0.0
32.32193711199717	0.0
32.33193771135114	0.0
32.341938310705096	0.0
32.351938910059054	0.0
32.36193950941301	0.0
32.37194010876697	0.0
32.38194070812093	0.0
32.391941307474895	0.0
32.40194190682885	0.0
32.41194250618281	0.0
32.42194310553677	0.0
32.43194370489073	0.0
32.44194430424469	0.0
32.45194490359865	0.0
32.46194550295261	0.0
32.47194610230657	0.0
32.481946701660526	0.0
32.491947301014484	0.0
32.50194790036845	0.0
32.51194849972241	0.0
32.521949099076366	0.0
32.531949698430324	0.0
32.54195029778428	0.0
32.55195089713824	0.0
32.561951496492206	0.0
32.571952095846164	0.0
32.58195269520012	0.0
32.59195329455408	0.0
32.60195389390804	0.0
32.611954493262004	0.0
32.62195509261596	0.0
32.63195569196992	0.0
32.64195629132388	0.0
32.65195689067784	0.0
32.661957490031796	0.0
32.67195808938576	0.0
32.68195868873972	0.0
32.69195928809368	0.0
32.701959887447636	0.0
32.711960486801594	0.0
32.72196108615556	175.0
32.73196168550952	171.0
32.741962284863476	171.0
32.751962884217434	171.0
32.76196348357139	173.0
32.77196408292535	177.0
32.781964682279316	177.0
32.791965281633274	177.0
32.80196588098723	177.0
32.81196648034119	175.0
32.82196707969515	171.0
32.831967679049114	169.0
32.84196827840307	163.0
32.85196887775703	159.0
32.86196947711099	154.0
32.87197007646495	154.0
32.881970675818906	156.0
32.89197127517287	159.0
32.90197187452683	165.0
32.91197247388079	169.0
32.921973073234746	175.0
32.931973672588704	179.0
32.94197427194266	181.0
32.95197487129663	185.0
32.961975470650586	187.0
32.971976070004544	187.0
32.9819766693585	187.0
32.99197726871246	185.0
33.001977868066426	183.0
33.011978467420384	179.0
33.02197906677434	177.0
33.0319796661283	173.0
33.04198026548226	171.0
33.05198086483622	167.0
33.06198146419018	167.0
33.07198206354414	165.0
33.0819826628981	163.0
33.09198326225206	161.0
33.101983861606016	161.0
33.11198446095998	159.0
33.12198506031394	158.0
33.1319856596679	158.0
33.141986259021856	158.0
33.151986858375814	159.0
33.16198745772977	159.0
33.17198805708374	159.0
33.181988656437696	161.0
33.191989255791654	163.0
33.20198985514561	163.0
33.21199045449957	169.0
33.22199105385353	173.0
33.231991653207494	175.0
33.24199225256145	179.0
33.25199285191541	179.0
33.26199345126937	179.0
33.27199405062333	179.0
33.28199464997729	177.0
33.29199524933125	177.0
33.30199584868521	177.0
33.31199644803917	177.0
33.321997047393126	175.0
33.331997646747084	173.0
33.34199824610105	173.0
33.35199884545501	171.0
33.361999444808966	169.0
33.372000044162924	167.0
33.38200064351688	167.0
33.39200124287085	165.0
33.402001842224806	165.0
33.412002441578764	167.0
33.42200304093272	167.0
33.43200364028668	169.0
33.44200423964064	171.0
33.452004838994604	173.0
33.46200543834856	175.0
33.47200603770252	179.0
33.48200663705648	187.0
33.49200723641044	196.0
33.502007835764395	203.0
33.51200843511836	206.0
33.52200903447232	210.0
33.53200963382628	210.0
33.542010233180235	210.0
33.552010832534194	208.0
33.56201143188816	206.0
33.57201203124212	206.0
33.582012630596076	203.0
33.592013229950034	203.0
33.60201382930399	203.0
33.61201442865795	203.0
33.622015028011916	206.0
33.632015627365874	206.0
33.64201622671983	206.0
33.65201682607379	206.0
33.66201742542775	206.0
33.672018024781714	206.0
33.68201862413567	208.0
33.69201922348963	208.0
33.70201982284359	208.0
33.71202042219755	208.0
33.722021021551505	208.0
33.73202162090547	208.0
33.74202222025943	208.0
33.75202281961339	208.0
33.762023418967345	208.0
33.772024018321304	206.0
33.78202461767527	206.0
33.79202521702923	206.0
33.802025816383185	203.0
33.812026415737144	201.0
33.8220270150911	199.0
33.83202761444506	196.0
33.842028213799026	190.0
33.852028813152984	185.0
33.86202941250694	183.0
33.8720300118609	183.0
33.88203061121486	183.0
33.89203121056882	185.0
33.90203180992278	190.0
33.91203240927674	194.0
33.9220330086307	199.0
33.93203360798466	201.0
33.942034207338615	206.0
33.95203480669258	208.0
33.96203540604654	210.0
33.9720360054005	213.0
33.982036604754455	213.0
33.992037204108414	213.0
34.00203780346237	210.0
34.01203840281634	208.0
34.022039002170295	206.0
34.032039601524254	206.0
34.04204020087821	206.0
34.05204080023217	206.0
34.062041399586136	208.0
34.072041998940094	213.0
34.08204259829405	215.0
34.09204319764801	218.0
34.10204379700197	220.0
34.11204439635593	220.0
34.12204499570989	218.0
34.13204559506385	215.0
34.14204619441781	210.0
34.15204679377177	208.0
34.162047393125725	206.0
34.17204799247968	203.0
34.18204859183365	201.0
34.19204919118761	199.0
34.202049790541565	201.0
34.21205038989552	203.0
34.22205098924948	208.0
34.23205158860345	210.0
34.242052187957405	218.0
34.252052787311364	228.0
34.26205338666532	239.0
34.27205398601928	248.0
34.28205458537324	256.0
34.292055184727204	262.0
34.30205578408116	268.0
34.31205638343512	275.0
34.32205698278908	275.0
34.33205758214304	275.0
34.342058181497	268.0
34.35205878085096	265.0
34.36205938020492	259.0
34.37205997955888	253.0
34.382060578912835	250.0
34.39206117826679	248.0
34.40206177762076	242.0
34.41206237697472	239.0
34.422062976328675	236.0
34.43206357568263	234.0
34.44206417503659	231.0
34.45206477439056	231.0
34.462065373744515	231.0
34.47206597309847	231.0
34.48206657245243	231.0
34.49206717180639	231.0
34.50206777116035	231.0
34.512068370514314	231.0
34.52206896986827	231.0
34.53206956922223	234.0
34.54207016857619	234.0
34.55207076793015	236.0
34.562071367284105	248.0
34.57207196663807	256.0
34.58207256599203	262.0
34.59207316534599	268.0
34.602073764699945	278.0
34.6120743640539	284.0
34.62207496340787	291.0
34.63207556276183	294.0
34.642076162115785	291.0
34.65207676146974	284.0
34.6620773608237	272.0
34.67207796017766	259.0
34.682078559531625	248.0
34.69207915888558	239.0
34.70207975823954	236.0
34.7120803575935	231.0
34.72208095694746	228.0
34.732081556301424	228.0
34.74208215565538	226.0
34.75208275500934	228.0
34.7620833543633	231.0
34.77208395371726	234.0
34.782084553071215	239.0
34.79208515242518	245.0
34.80208575177914	250.0
34.8120863511331	259.0
34.822086950487055	265.0
34.83208754984101	0.0
34.84208814919497	0.0
34.85208874854894	346.0
34.862089347902895	350.0
34.87208994725685	350.0
34.88209054661081	346.0
34.89209114596477	346.0
34.902091745318735	342.0
34.91209234467269	0.0
34.92209294402665	0.0
34.93209354338061	0.0
34.94209414273457	0.0
34.952094742088526	0.0
34.96209534144249	0.0
34.97209594079645	0.0
34.98209654015041	0.0
34.99209713950437	0.0
35.002097738858325	0.0
35.01209833821229	0.0
35.02209893756625	0.0
35.03209953692021	0.0
35.042100136274165	208.0
35.05210073562812	203.0
35.06210133498208	203.0
35.07210193433605	201.0
35.082102533690005	201.0
35.09210313304396	201.0
35.10210373239792	201.0
35.11210433175188	203.0
35.12210493110584	203.0
35.1321055304598	206.0
35.14210612981376	206.0
35.15210672916772	206.0
35.16210732852168	208.0
35.172107927875636	208.0
35.1821085272296	210.0
35.19210912658356	210.0
35.20210972593752	213.0
35.212110325291476	213.0
35.222110924645435	213.0
35.23211152399939	215.0
35.24211212335336	213.0
35.25211272270732	213.0
35.262113322061275	210.0
35.27211392141523	210.0
35.28211452076919	208.0
35.29211512012316	208.0
35.302115719477115	208.0
35.31211631883107	210.0
35.32211691818503	210.0
35.33211751753899	213.0
35.34211811689295	215.0
35.35211871624691	215.0
35.36211931560087	210.0
35.37211991495483	208.0
35.38212051430879	206.0
35.392121113662746	0.0
35.40212171301671	0.0
35.41212231237067	0.0
35.42212291172463	0.0
35.432123511078586	0.0
35.442124110432545	0.0
35.4521247097865	0.0
35.46212530914047	0.0
35.47212590849443	0.0
35.482126507848385	0.0
35.49212710720234	0.0
35.5021277065563	0.0
35.51212830591026	0.0
35.522128905264225	0.0
35.53212950461818	0.0
35.54213010397214	0.0
35.5521307033261	0.0
35.56213130268006	0.0
35.57213190203402	0.0
35.58213250138798	0.0
35.59213310074194	0.0
35.6021337000959	0.0
35.612134299449856	0.0
35.622134898803814	0.0
35.63213549815778	0.0
35.64213609751174	0.0
35.652136696865696	0.0
35.662137296219655	0.0
35.67213789557361	0.0
35.68213849492758	0.0
35.692139094281536	0.0
35.702139693635495	0.0
35.71214029298945	0.0
35.72214089234341	0.0
35.73214149169737	0.0
35.742142091051335	0.0
35.75214269040529	0.0
35.76214328975925	0.0
35.77214388911321	242.0
35.78214448846717	236.0
35.792145087821126	228.0
35.80214568717509	226.0
35.81214628652905	223.0
35.82214688588301	223.0
35.832147485236966	223.0
35.842148084590924	220.0
35.85214868394489	220.0
35.86214928329885	220.0
35.872149882652806	223.0
35.882150482006764	228.0
35.89215108136072	236.0
35.90215168071468	245.0
35.912152280068646	250.0
35.922152879422605	262.0
35.93215347877656	275.0
35.94215407813052	284.0
35.95215467748448	288.0
35.962155276838445	288.0
35.9721558761924	284.0
35.98215647554636	281.0
35.99215707490032	275.0
36.00215767425428	268.0
36.012158273608236	262.0
36.0221588729622	256.0
36.03215947231616	250.0
36.04216007167012	245.0
36.052160671024076	239.0
36.062161270378034	234.0
36.07216186973199	228.0
36.08216246908596	226.0
36.092163068439916	223.0
36.102163667793874	220.0
36.11216426714783	220.0
36.12216486650179	223.0
36.132165465855756	226.0
36.142166065209715	231.0
36.15216666456367	236.0
36.16216726391763	242.0
36.17216786327159	248.0
36.18216846262555	253.0
36.19216906197951	265.0
36.20216966133347	275.0
36.21217026068743	278.0
36.22217086004139	281.0
36.232171459395346	278.0
36.24217205874931	275.0
36.25217265810327	275.0
36.26217325745723	272.0
36.272173856811186	272.0
36.282174456165144	272.0
36.2921750555191	268.0
36.30217565487307	272.0
36.312176254227026	272.0
36.322176853580984	272.0
36.33217745293494	275.0
36.3421780522889	275.0
36.352178651642866	278.0
36.362179250996824	278.0
36.37217985035078	278.0
36.38218044970474	278.0
36.3921810490587	278.0
36.40218164841266	278.0
36.41218224776662	281.0
36.42218284712058	281.0
36.43218344647454	281.0
36.4421840458285	278.0
36.452184645182456	278.0
36.462185244536414	278.0
36.47218584389038	275.0
36.48218644324434	275.0
36.492187042598296	275.0
36.502187641952254	275.0
36.51218824130621	275.0
36.52218884066018	275.0
36.532189440014136	275.0
36.542190039368094	275.0
36.55219063872205	278.0
36.56219123807601	281.0
36.57219183742997	281.0
36.582192436783934	284.0
36.59219303613789	288.0
36.60219363549185	288.0
36.61219423484581	284.0
36.62219483419977	281.0
36.63219543355373	278.0
36.64219603290769	275.0
36.65219663226165	272.0
36.66219723161561	268.0
36.672197830969566	265.0
36.682198430323524	262.0
36.69219902967749	256.0
36.70219962903145	248.0
36.712200228385406	242.0
36.722200827739364	234.0
36.73220142709332	226.0
36.74220202644728	223.0
36.752202625801246	220.0
36.762203225155204	218.0
36.77220382450916	220.0
36.78220442386312	223.0
36.79220502321708	226.0
36.802205622571044	228.0
36.812206221925	231.0
36.82220682127896	234.0
36.83220742063292	236.0
36.84220801998688	242.0
36.852208619340836	250.0
36.8622092186948	262.0
36.87220981804876	275.0
36.88221041740272	281.0
36.892211016756676	288.0
36.902211616110634	294.0
36.9122122154646	298.0
36.92221281481856	301.0
36.932213414172516	305.0
36.942214013526474	305.0
36.95221461288043	301.0
36.96221521223439	294.0
36.972215811588356	288.0
36.982216410942314	278.0
36.99221701029627	268.0
37.00221760965023	256.0
37.01221820900419	248.0
37.02221880835815	242.0
37.03221940771211	236.0
37.04222000706607	234.0
37.05222060642003	234.0
37.06222120577399	234.0
37.072221805127946	234.0
37.08222240448191	234.0
37.09222300383587	234.0
37.10222360318983	236.0
37.112224202543786	236.0
37.122224801897744	236.0
37.1322254012517	236.0
37.14222600060567	239.0
37.152226599959626	239.0
37.162227199313584	242.0
37.17222779866754	242.0
37.1822283980215	245.0
37.192228997375466	248.0
37.202229596729424	250.0
37.21223019608338	253.0
37.22223079543734	259.0
37.2322313947913	262.0
37.24223199414526	265.0
37.25223259349922	272.0
37.26223319285318	275.0
37.27223379220714	278.0
37.2822343915611	281.0
37.292234990915055	284.0
37.30223559026902	284.0
37.31223618962298	281.0
37.32223678897694	275.0
37.332237388330896	268.0
37.342237987684854	253.0
37.35223858703881	220.0
37.36223918639278	208.0
37.372239785746736	201.0
37.382240385100694	196.0
37.39224098445465	194.0
37.40224158380861	194.0
37.41224218316257	194.0
37.422242782516534	196.0
37.43224338187049	199.0
37.44224398122445	201.0
37.45224458057841	201.0
37.46224517993237	203.0
37.47224577928633	203.0
37.48224637864029	206.0
37.49224697799425	206.0
37.50224757734821	206.0
37.512248176702165	208.0
37.522248776056124	208.0
37.53224937541009	208.0
37.54224997476405	210.0
37.552250574118005	213.0
37.562251173471964	213.0
37.57225177282592	213.0
37.58225237217989	213.0
37.592252971533846	213.0
37.602253570887804	213.0
37.61225417024176	213.0
37.62225476959572	210.0
37.63225536894968	210.0
37.642255968303644	208.0
37.6522565676576	208.0
37.66225716701156	206.0
37.67225776636552	206.0
37.68225836571948	206.0
37.692258965073435	206.0
37.7022595644274	206.0
37.71226016378136	206.0
37.72226076313532	206.0
37.732261362489275	206.0
37.742261961843234	206.0
37.7522625611972	206.0
37.76226316055116	206.0
37.772263759905115	208.0
37.782264359259074	208.0
37.79226495861303	210.0
37.80226555796699	210.0
37.812266157320956	210.0
37.822266756674914	210.0
37.83226735602887	206.0
37.84226795538283	203.0
37.85226855473679	196.0
37.862269154090754	190.0
37.87226975344471	179.0
37.88227035279867	169.0
37.89227095215263	161.0
37.90227155150659	156.0
37.912272150860545	152.0
37.92227275021451	150.0
37.93227334956847	150.0
37.94227394892243	154.0
37.952274548276385	159.0
37.96227514763034	165.0
37.9722757469843	173.0
37.98227634633827	181.0
37.992276945692225	187.0
38.002277545046184	196.0
38.01227814440014	208.0
38.0222787437541	223.0
38.032279343108065	236.0
38.042279942462024	265.0
38.05228054181598	272.0
38.06228114116994	275.0
38.0722817405239	275.0
38.08228233987786	275.0
38.09228293923182	272.0
38.10228353858578	265.0
38.11228413793974	259.0
38.1222847372937	256.0
38.132285336647655	250.0
38.14228593600162	245.0
38.15228653535558	242.0
38.16228713470954	236.0
38.172287734063495	234.0
38.18228833341745	234.0
38.19228893277141	234.0
38.20228953212538	234.0
38.212290131479335	234.0
38.22229073083329	234.0
38.23229133018725	234.0
38.24229192954121	231.0
38.252292528895175	231.0
38.262293128249134	231.0
38.27229372760309	231.0
38.28229432695705	231.0
38.29229492631101	231.0
38.30229552566497	231.0
38.31229612501893	231.0
38.32229672437289	234.0
38.33229732372685	234.0
38.34229792308081	239.0
38.352298522434765	242.0
38.36229912178872	245.0
38.37229972114269	250.0
38.38230032049665	259.0
38.392300919850605	265.0
38.40230151920456	262.0
38.41230211855852	275.0
38.42230271791249	278.0
38.432303317266445	278.0
38.4423039166204	278.0
38.45230451597436	272.0
38.46230511532832	265.0
38.47230571468228	253.0
38.482306314036244	242.0
38.4923069133902	223.0
38.50230751274416	213.0
38.51230811209812	208.0
38.52230871145208	203.0
38.53230931080604	201.0
38.54230991016	201.0
38.55231050951396	201.0
38.56231110886792	201.0
38.572311708221875	203.0
38.58231230757583	206.0
38.5923129069298	208.0
38.60231350628376	208.0
38.612314105637715	208.0
38.62231470499167	210.0
38.63231530434563	210.0
38.64231590369959	213.0
38.652316503053555	213.0
38.66231710240751	215.0
38.67231770176147	215.0
38.68231830111543	215.0
38.69231890046939	213.0
38.70231949982335	210.0
38.71232009917731	208.0
38.72232069853127	206.0
38.73232129788523	206.0
38.74232189723919	206.0
38.752322496593145	206.0
38.76232309594711	208.0
38.77232369530107	210.0
38.78232429465503	218.0
38.792324894008985	223.0
38.80232549336294	228.0
38.81232609271691	234.0
38.82232669207087	239.0
38.832327291424825	239.0
38.84232789077878	239.0
38.85232849013274	236.0
38.8623290894867	236.0
38.872329688840665	236.0
38.88233028819462	234.0
38.89233088754858	234.0
38.90233148690254	234.0
38.9123320862565	231.0
38.922332685610456	231.0
38.93233328496442	234.0
38.94233388431838	234.0
38.95233448367234	234.0
38.962335083026296	236.0
38.972335682380255	236.0
38.98233628173422	236.0
38.99233688108818	236.0
39.00233748044214	236.0
39.012338079796095	236.0
39.02233867915005	236.0
39.03233927850401	239.0
39.04233987785798	239.0
39.052340477211935	242.0
39.06234107656589	245.0
39.07234167591985	242.0
39.08234227527381	239.0
39.092342874627775	236.0
39.10234347398173	234.0
39.11234407333569	231.0
39.12234467268965	231.0
39.13234527204361	228.0
39.142345871397566	228.0
39.15234647075153	231.0
39.16234707010549	231.0
39.17234766945945	234.0
39.182348268813406	234.0
39.192348868167365	236.0
39.20234946752133	236.0
39.21235006687529	236.0
39.22235066622925	239.0
39.232351265583205	239.0
39.24235186493716	242.0
39.25235246429112	245.0
39.26235306364509	245.0
39.272353662999045	242.0
39.282354262353	239.0
39.29235486170696	236.0
39.30235546106092	231.0
39.31235606041488	226.0
39.32235665976884	218.0
39.3323572591228	208.0
39.34235785847676	201.0
39.35235845783072	190.0
39.362359057184676	181.0
39.37235965653864	175.0
39.3823602558926	167.0
39.39236085524656	159.0
39.402361454600516	152.0
39.412362053954475	145.0
39.42236265330843	144.0
39.4323632526624	144.0
39.442363852016356	145.0
39.452364451370315	149.0
39.46236505072427	156.0
39.47236565007823	161.0
39.4823662494322	169.0
39.492366848786155	177.0
39.50236744814011	185.0
39.51236804749407	196.0
39.52236864684803	206.0
39.53236924620199	213.0
39.54236984555595	220.0
39.55237044490991	226.0
39.56237104426387	226.0
39.57237164361783	223.0
39.582372242971786	218.0
39.592372842325744	210.0
39.60237344167971	203.0
39.61237404103367	196.0
39.622374640387626	190.0
39.632375239741584	185.0
39.64237583909554	183.0
39.65237643844951	179.0
39.662377037803466	179.0
39.672377637157425	179.0
39.68237823651138	179.0
39.69237883586534	179.0
39.7023794352193	177.0
39.712380034573265	177.0
39.72238063392722	175.0
39.73238123328118	175.0
39.74238183263514	175.0
39.7523824319891	173.0
39.76238303134306	173.0
39.77238363069702	171.0
39.78238423005098	169.0
39.79238482940494	165.0
39.802385428758896	161.0
39.812386028112854	159.0
39.82238662746682	161.0
39.83238722682078	163.0
39.842387826174736	169.0
39.852388425528694	179.0
39.86238902488265	187.0
39.87238962423661	199.0
39.882390223590576	213.0
39.892390822944535	231.0
39.90239142229849	248.0
39.91239202165245	265.0
39.92239262100641	288.0
39.932393220360375	298.0
39.94239381971433	308.0
39.95239441906829	308.0
39.96239501842225	305.0
39.97239561777621	301.0
39.982396217130166	294.0
39.99239681648413	288.0
40.00239741583809	284.0
40.01239801519205	281.0
40.022398614546006	213.0
40.032399213899964	208.0
40.04239981325393	206.0
40.05240041260789	206.0
40.062401011961846	203.0
40.072401611315804	203.0
40.08240221066976	203.0
40.09240281002372	203.0
40.102403409377686	206.0
40.112404008731644	206.0
40.1224046080856	208.0
40.13240520743956	208.0
40.14240580679352	210.0
40.152406406147485	210.0
40.16240700550144	210.0
40.1724076048554	210.0
40.18240820420936	210.0
40.19240880356332	210.0
40.202409402917276	210.0
40.21241000227124	210.0
40.2224106016252	210.0
40.23241120097916	210.0
40.242411800333116	208.0
40.252412399687074	208.0
40.26241299904103	206.0
40.272413598395	206.0
40.282414197748956	206.0
40.292414797102914	206.0
40.30241539645687	208.0
40.31241599581083	208.0
40.322416595164796	208.0
40.332417194518754	208.0
40.34241779387271	208.0
40.35241839322667	210.0
40.36241899258063	210.0
40.37241959193459	213.0
40.38242019128855	215.0
40.39242079064251	215.0
40.40242138999647	215.0
40.41242198935043	213.0
40.422422588704386	210.0
40.43242318805835	206.0
40.44242378741231	201.0
40.45242438676627	194.0
40.462424986120226	187.0
40.472425585474184	179.0
40.48242618482814	173.0
40.49242678418211	169.0
40.502427383536066	165.0
40.512427982890024	161.0
40.52242858224398	161.0
40.53242918159794	161.0
40.5424297809519	163.0
40.552430380305864	163.0
40.56243097965982	165.0
40.57243157901378	167.0
40.58243217836774	169.0
40.5924327777217	169.0
40.60243337707566	171.0
40.61243397642962	171.0
40.62243457578358	171.0
40.63243517513754	173.0
40.642435774491496	175.0
40.652436373845454	179.0
40.66243697319942	185.0
40.67243757255338	192.0
40.682438171907336	196.0
40.692438771261294	199.0
40.70243937061525	201.0
40.71243996996922	203.0
40.722440569323176	203.0
40.732441168677134	199.0
40.74244176803109	194.0
40.75244236738505	187.0
40.76244296673901	179.0
40.772443566092974	169.0
40.78244416544693	163.0
40.79244476480089	156.0
40.80244536415485	152.0
40.81244596350881	150.0
40.822446562862766	149.0
40.83244716221673	149.0
40.84244776157069	149.0
40.85244836092465	150.0
40.862448960278606	152.0
40.872449559632564	154.0
40.88245015898653	158.0
40.89245075834049	165.0
40.902451357694446	175.0
40.912451957048404	183.0
40.92245255640236	192.0
40.93245315575632	201.0
40.942453755110286	206.0
40.952454354464244	206.0
40.9624549538182	201.0
40.97245555317216	201.0
40.98245615252612	199.0
40.992456751880084	199.0
41.00245735123404	199.0
41.012457950588	203.0
41.02245854994196	203.0
41.03245914929592	199.0
41.042459748649875	0.0
41.05246034800384	142.0
41.0624609473578	139.0
41.07246154671176	137.0
41.082462146065716	136.0
41.092462745419674	136.0
41.10246334477364	137.0
41.1124639441276	139.0
41.122464543481556	140.0
41.132465142835514	142.0
41.14246574218947	144.0
41.15246634154343	144.0
41.162466940897396	144.0
41.172467540251354	144.0
41.18246813960531	142.0
41.19246873895927	140.0
41.20246933831323	140.0
41.21246993766719	140.0
41.22247053702115	142.0
41.23247113637511	142.0
41.24247173572907	140.0
41.25247233508303	140.0
41.262472934436985	139.0
41.27247353379095	139.0
41.28247413314491	139.0
41.29247473249887	137.0
41.302475331852825	137.0
41.312475931206784	136.0
41.32247653056074	136.0
41.33247712991471	136.0
41.342477729268666	134.0
41.352478328622624	134.0
41.36247892797658	136.0
41.37247952733054	136.0
41.382480126684506	137.0
41.392480726038464	139.0
41.40248132539242	140.0
41.41248192474638	145.0
41.42248252410034	150.0
41.4324831234543	156.0
41.44248372280826	163.0
41.45248432216222	171.0
41.46248492151618	179.0
41.47248552087014	181.0
41.482486120224095	181.0
41.492486719578054	177.0
41.50248731893202	169.0
41.51248791828598	165.0
41.522488517639935	0.0
41.532489116993894	0.0
41.54248971634785	0.0
41.55249031570182	0.0
41.562490915055776	0.0
41.572491514409734	0.0
41.58249211376369	0.0
41.59249271311765	0.0
41.60249331247161	0.0
41.612493911825574	0.0
41.62249451117953	0.0
41.63249511053349	0.0
41.64249570988745	0.0
41.65249630924141	0.0
41.66249690859537	0.0
41.67249750794933	0.0
41.68249810730329	0.0
41.69249870665725	0.0
41.702499306011205	0.0
41.71249990536516	0.0
41.72250050471913	0.0
41.73250110407309	0.0
41.742501703427045	0.0
41.752502302781004	0.0
41.76250290213496	0.0
41.77250350148892	192.0
41.782504100842885	192.0
41.792504700196844	192.0
41.8025052995508	194.0
41.81250589890476	192.0
41.82250649825872	181.0
41.832507097612684	177.0
41.84250769696664	175.0
41.8525082963206	173.0
41.86250889567456	175.0
41.87250949502852	175.0
41.882510094382475	175.0
41.89251069373644	175.0
41.9025112930904	175.0
41.91251189244436	175.0
41.922512491798315	175.0
41.93251309115227	175.0
41.94251369050624	173.0
41.9525142898602	173.0
41.962514889214155	171.0
41.97251548856811	169.0
41.98251608792207	165.0
41.99251668727603	163.0
42.002517286629995	163.0
42.012517885983954	163.0
42.02251848533791	163.0
42.03251908469187	165.0
42.04251968404583	169.0
42.052520283399794	171.0
42.06252088275375	173.0
42.07252148210771	175.0
42.08252208146167	177.0
42.09252268081563	177.0
42.102523280169585	177.0
42.11252387952355	177.0
42.12252447887751	175.0
42.13252507823147	171.0
42.142525677585425	169.0
42.15252627693938	165.0
42.16252687629334	161.0
42.17252747564731	154.0
42.182528075001265	149.0
42.19252867435522	144.0
42.20252927370918	142.0
42.21252987306314	142.0
42.222530472417105	142.0
42.232531071771064	145.0
42.24253167112502	150.0
42.25253227047898	152.0
42.26253286983294	158.0
42.2725334691869	161.0
42.28253406854086	167.0
42.29253466789482	171.0
42.30253526724878	177.0
42.31253586660274	179.0
42.322536465956695	183.0
42.33253706531066	183.0
42.34253766466462	185.0
42.35253826401858	183.0
42.362538863372535	179.0
42.37253946272649	177.0
42.38254006208045	173.0
42.39254066143442	173.0
42.402541260788375	171.0
42.41254186014233	171.0
42.42254245949629	171.0
42.43254305885025	169.0
42.44254365820421	169.0
42.45254425755817	169.0
42.46254485691213	171.0
42.47254545626609	171.0
42.48254605562005	173.0
42.49254665497401	173.0
42.50254725432797	177.0
42.51254785368193	181.0
42.52254845303589	187.0
42.53254905238985	194.0
42.542549651743805	199.0
42.55255025109776	201.0
42.56255085045173	201.0
42.57255144980569	203.0
42.582552049159645	203.0
42.5925526485136	203.0
42.60255324786756	203.0
42.61255384722153	203.0
42.622554446575485	206.0
42.63255504592944	206.0
42.6425556452834	206.0
42.65255624463736	206.0
42.66255684399132	208.0
42.67255744334528	208.0
42.68255804269924	208.0
42.6925586420532	210.0
42.70255924140716	210.0
42.71255984076112	210.0
42.722560440115075	210.0
42.73256103946904	208.0
42.742561638823	208.0
42.75256223817696	208.0
42.762562837530915	208.0
42.77256343688487	208.0
42.78256403623884	208.0
42.7925646355928	208.0
42.802565234946755	208.0
42.81256583430071	210.0
42.82256643365467	210.0
42.83256703300863	210.0
42.842567632362595	210.0
42.85256823171655	210.0
42.86256883107051	208.0
42.87256943042447	208.0
42.88257002977843	203.0
42.89257062913239	201.0
42.90257122848635	196.0
42.91257182784031	190.0
42.92257242719427	183.0
42.932573026548226	179.0
42.942573625902185	179.0
42.95257422525615	179.0
42.96257482461011	183.0
42.97257542396407	187.0
42.982576023318025	194.0
42.99257662267198	199.0
43.00257722202595	203.0
43.01257782137991	206.0
43.022578420733865	208.0
43.03257902008782	210.0
43.04257961944178	210.0
43.05258021879574	210.0
43.062580818149705	208.0
43.07258141750366	206.0
43.08258201685762	203.0
43.09258261621158	203.0
43.10258321556554	203.0
43.112583814919496	203.0
43.12258441427346	206.0
43.13258501362742	208.0
43.14258561298138	208.0
43.152586212335336	210.0
43.162586811689295	213.0
43.17258741104326	213.0
43.18258801039722	213.0
43.192588609751176	213.0
43.202589209105135	213.0
43.21258980845909	210.0
43.22259040781305	210.0
43.23259100716702	210.0
43.242591606520975	210.0
43.25259220587493	213.0
43.26259280522889	215.0
43.27259340458285	220.0
43.282594003936815	228.0
43.29259460329077	236.0
43.30259520264473	245.0
43.31259580199869	253.0
43.32259640135265	265.0
43.332597000706606	275.0
43.34259760006057	281.0
43.35259819941453	281.0
43.36259879876849	281.0
43.372599398122446	278.0
43.382599997476404	272.0
43.39260059683036	268.0
43.40260119618433	262.0
43.412601795538286	256.0
43.422602394892245	250.0
43.4326029942462	245.0
43.44260359360016	242.0
43.45260419295413	239.0
43.462604792308085	236.0
43.47260539166204	236.0
43.482605991016	234.0
43.49260659036996	236.0
43.50260718972392	236.0
43.51260778907788	236.0
43.52260838843184	236.0
43.5326089877858	236.0
43.54260958713976	236.0
43.552610186493716	239.0
43.56261078584768	239.0
43.57261138520164	242.0
43.5826119845556	248.0
43.592612583909556	250.0
43.602613183263514	253.0
43.61261378261747	259.0
43.62261438197144	262.0
43.632614981325396	265.0
43.642615580679355	265.0
43.65261618003331	265.0
43.66261677938727	262.0
43.67261737874123	256.0
43.682617978095195	250.0
43.69261857744915	242.0
43.70261917680311	234.0
43.71261977615707	226.0
43.72262037551103	218.0
43.73262097486499	213.0
43.74262157421895	210.0
43.75262217357291	210.0
43.76262277292687	208.0
43.772623372280826	0.0
43.782623971634784	0.0
43.79262457098875	0.0
43.80262517034271	0.0
43.812625769696666	0.0
43.822626369050624	0.0
43.83262696840458	0.0
43.84262756775855	0.0
43.852628167112506	0.0
43.862628766466464	0.0
43.87262936582042	0.0
43.88262996517438	0.0
43.89263056452834	0.0
43.902631163882305	0.0
43.91263176323626	0.0
43.92263236259022	0.0
43.93263296194418	0.0
43.94263356129814	0.0
43.9526341606521	0.0
43.96263476000606	0.0
43.97263535936002	0.0
43.98263595871398	0.0
43.992636558067936	0.0
44.002637157421894	0.0
44.01263775677586	0.0
44.02263835612982	0.0
44.032638955483776	256.0
44.042639554837734	259.0
44.05264015419169	272.0
44.06264075354565	281.0
44.072641352899616	278.0
44.082641952253574	268.0
44.09264255160753	259.0
44.10264315096149	248.0
44.11264375031545	236.0
44.122644349669415	228.0
44.13264494902337	226.0
44.14264554837733	226.0
44.15264614773129	228.0
44.16264674708525	231.0
44.172647346439206	234.0
44.18264794579317	239.0
44.19264854514713	245.0
44.20264914450109	250.0
44.212649743855046	256.0
44.222650343209004	262.0
44.23265094256297	268.0
44.24265154191693	275.0
44.252652141270886	278.0
44.262652740624844	278.0
44.2726533399788	275.0
44.28265393933276	272.0
44.292654538686726	268.0
44.302655138040684	262.0
44.31265573739464	256.0
44.3226563367486	248.0
44.33265693610256	239.0
44.34265753545652	234.0
44.35265813481048	228.0
44.36265873416444	223.0
44.3726593335184	223.0
44.38265993287236	223.0
44.392660532226316	226.0
44.40266113158028	231.0
44.41266173093424	236.0
44.4226623302882	245.0
44.432662929642156	253.0
44.442663528996114	262.0
44.45266412835007	272.0
44.46266472770404	281.0
44.472665327057996	288.0
44.482665926411954	291.0
44.49266652576591	291.0
44.50266712511987	291.0
44.512667724473836	288.0
44.522668323827794	281.0
44.53266892318175	275.0
44.54266952253571	272.0
44.55267012188967	268.0
44.56267072124363	268.0
44.57267132059759	268.0
44.58267191995155	272.0
44.59267251930551	272.0
44.60267311865947	272.0
44.612673718013426	272.0
44.622674317367384	272.0
44.63267491672135	275.0
44.64267551607531	275.0
44.652676115429266	275.0
44.662676714783224	275.0
44.67267731413718	275.0
44.68267791349115	275.0
44.692678512845106	275.0
44.702679112199064	272.0
44.71267971155302	272.0
44.72268031090698	272.0
44.73268091026094	272.0
44.742681509614904	272.0
44.75268210896886	275.0
44.76268270832282	278.0
44.77268330767678	278.0
44.78268390703074	281.0
44.7926845063847	284.0
44.80268510573866	284.0
44.81268570509262	284.0
44.82268630444658	284.0
44.832686903800536	284.0
44.842687503154494	281.0
44.85268810250846	281.0
44.86268870186242	278.0
44.872689301216376	278.0
44.882689900570334	275.0
44.89269049992429	275.0
44.90269109927826	272.0
44.912691698632216	268.0
44.922692297986174	262.0
44.93269289734013	256.0
44.94269349669409	248.0
44.95269409604805	242.0
44.962694695402014	231.0
44.97269529475597	220.0
44.98269589410993	210.0
44.99269649346389	203.0
45.00269709281785	196.0
45.012697692171805	185.0
45.02269829152577	181.0
45.03269889087973	0.0
45.04269949023369	0.0
45.052700089587645	0.0
45.062700688941604	0.0
45.07270128829557	0.0
45.08270188764953	0.0
45.092702487003486	0.0
45.102703086357444	0.0
45.1127036857114	0.0
45.12270428506536	0.0
45.132704884419326	0.0
45.142705483773284	294.0
45.15270608312724	291.0
45.1627066824812	288.0
45.17270728183516	284.0
45.182707881189124	284.0
45.19270848054308	281.0
45.20270907989704	278.0
45.212709679251	278.0
45.22271027860496	278.0
45.232710877958915	278.0
45.24271147731288	278.0
45.25271207666684	278.0
45.2627126760208	278.0
45.272713275374755	278.0
45.282713874728714	278.0
45.29271447408267	278.0
45.30271507343664	278.0
45.312715672790596	278.0
45.322716272144554	278.0
45.33271687149851	278.0
45.34271747085247	278.0
45.352718070206436	278.0
45.362718669560394	278.0
45.37271926891435	281.0
45.38271986826831	281.0
45.39272046762227	281.0
45.40272106697623	284.0
45.41272166633019	284.0
45.42272226568415	284.0
45.43272286503811	281.0
45.44272346439207	281.0
45.452724063746025	278.0
45.46272466309999	278.0
45.47272526245395	275.0
45.48272586180791	278.0
45.492726461161865	278.0
45.502727060515824	284.0
45.51272765986978	288.0
45.52272825922375	294.0
45.532728858577705	305.0
45.542729457931664	312.0
45.55273005728562	327.0
45.56273065663958	346.0
45.57273125599354	354.0
45.582731855347504	358.0
45.59273245470146	367.0
45.60273305405542	367.0
45.61273365340938	363.0
45.62273425276334	358.0
45.6327348521173	354.0
45.64273545147126	350.0
45.65273605082522	342.0
45.66273665017918	331.0
45.672737249533135	323.0
45.68273784888709	316.0
45.69273844824106	312.0
45.70273904759502	308.0
45.712739646948975	305.0
45.72274024630293	301.0
45.73274084565689	301.0
45.74274144501086	301.0
45.752742044364815	301.0
45.762742643718774	301.0
45.77274324307273	305.0
45.78274384242669	308.0
45.79274444178065	308.0
45.802745041134614	312.0
45.81274564048857	316.0
45.82274623984253	316.0
45.83274683919649	319.0
45.84274743855045	327.0
45.85274803790441	338.0
45.86274863725837	346.0
45.87274923661233	354.0
45.88274983596629	363.0
45.892750435320245	371.0
45.9027510346742	375.0
45.91275163402817	375.0
45.92275223338213	375.0
45.932752832736085	367.0
45.94275343209004	354.0
45.952754031444	342.0
45.96275463079796	327.0
45.972755230151925	308.0
45.982755829505884	298.0
45.99275642885984	291.0
46.0027570282138	288.0
46.01275762756776	281.0
46.022758226921724	281.0
46.03275882627568	275.0
46.04275942562964	275.0
46.0527600249836	275.0
46.06276062433756	275.0
46.072761223691515	275.0
46.08276182304548	278.0
46.09276242239944	278.0
46.1027630217534	278.0
46.112763621107355	0.0
46.12276422046131	0.0
46.13276481981528	0.0
46.14276541916924	0.0
46.152766018523195	0.0
46.16276661787715	0.0
46.17276721723111	0.0
46.18276781658507	0.0
46.192768415939035	0.0
46.20276901529299	0.0
46.21276961464695	0.0
46.22277021400091	0.0
46.23277081335487	0.0
46.24277141270883	0.0
46.25277201206279	0.0
46.26277261141675	0.0
46.27277321077071	0.0
46.28277381012467	0.0
46.292774409478625	0.0
46.30277500883259	0.0
46.31277560818655	0.0
46.32277620754051	0.0
46.332776806894465	0.0
46.34277740624842	0.0
46.35277800560238	350.0
46.36277860495635	350.0
46.372779204310305	346.0
46.38277980366426	342.0
46.39278040301822	338.0
46.40278100237218	338.0
46.412781601726145	334.0
46.4227822010801	334.0
46.43278280043406	334.0
46.44278339978802	334.0
46.45278399914198	334.0
46.46278459849594	334.0
46.4727851978499	334.0
46.48278579720386	334.0
46.49278639655782	338.0
46.50278699591178	338.0
46.512787595265735	338.0
46.52278819461969	338.0
46.53278879397366	342.0
46.54278939332762	342.0
46.552789992681575	346.0
46.56279059203553	350.0
46.57279119138949	350.0
46.58279179074346	354.0
46.592792390097415	354.0
46.60279298945137	358.0
46.61279358880533	367.0
46.62279418815929	371.0
46.63279478751325	371.0
46.64279538686721	367.0
46.65279598622117	363.0
46.66279658557513	358.0
46.67279718492909	350.0
46.682797784283046	346.0
46.69279838363701	342.0
46.70279898299097	338.0
46.71279958234493	327.0
46.72280018169889	319.0
46.732800781052845	312.0
46.7428013804068	0.0
46.75280197976077	0.0
46.76280257911473	0.0
46.772803178468685	0.0
46.78280377782264	0.0
46.7928043771766	0.0
46.80280497653057	0.0
46.812805575884525	0.0
46.82280617523848	0.0
46.83280677459244	0.0
46.8428073739464	327.0
46.85280797330036	0.0
46.86280857265432	0.0
46.87280917200828	0.0
46.88280977136224	367.0
46.8928103707162	380.0
46.902810970070156	384.0
46.912811569424115	384.0
46.92281216877808	380.0
46.93281276813204	371.0
46.942813367485996	363.0
46.952813966839955	354.0
46.96281456619391	346.0
46.97281516554788	334.0
46.98281576490184	327.0
46.992816364255795	319.0
47.00281696360975	316.0
47.01281756296371	312.0
47.02281816231767	312.0
47.032818761671635	312.0
47.04281936102559	312.0
47.05281996037955	312.0
47.06282055973351	312.0
47.07282115908747	312.0
47.08282175844143	312.0
47.09282235779539	316.0
47.10282295714935	316.0
47.11282355650331	316.0
47.122824155857266	316.0
47.132824755211224	316.0
47.14282535456519	319.0
47.15282595391915	319.0
47.162826553273106	323.0
47.172827152627065	327.0
47.18282775198102	331.0
47.19282835133498	334.0
47.20282895068895	342.0
47.212829550042905	0.0
47.22283014939686	0.0
47.23283074875082	0.0
47.24283134810478	0.0
47.252831947458745	0.0
47.2628325468127	0.0
47.27283314616666	0.0
47.28283374552062	0.0
47.29283434487458	0.0
47.302834944228536	0.0
47.3128355435825	0.0
47.32283614293646	0.0
47.33283674229042	0.0
47.342837341644376	0.0
47.352837940998334	0.0
47.3628385403523	0.0
47.37283913970626	0.0
47.382839739060216	0.0
47.392840338414175	0.0
47.40284093776813	0.0
47.41284153712209	0.0
47.422842136476056	0.0
47.432842735830015	0.0
47.44284333518397	316.0
47.45284393453793	305.0
47.46284453389189	294.0
47.47284513324585	288.0
47.48284573259981	284.0
47.49284633195377	281.0
47.50284693130773	281.0
47.51284753066169	278.0
47.522848130015646	278.0
47.53284872936961	278.0
47.54284932872357	278.0
47.55284992807753	278.0
47.562850527431486	278.0
47.572851126785444	278.0
47.5828517261394	278.0
47.59285232549337	278.0
47.602852924847326	278.0
47.612853524201284	278.0
47.62285412355524	275.0
47.6328547229092	275.0
47.642855322263166	275.0
47.652855921617125	275.0
47.66285652097108	275.0
47.67285712032504	272.0
47.682857719679	272.0
47.69285831903296	272.0
47.70285891838692	272.0
47.71285951774088	275.0
47.72286011709484	275.0
47.7328607164488	278.0
47.742861315802756	278.0
47.75286191515672	281.0
47.76286251451068	281.0
47.77286311386464	281.0
47.782863713218596	281.0
47.792864312572554	284.0
47.80286491192651	284.0
47.81286551128048	288.0
47.822866110634436	288.0
47.832866709988394	288.0
47.84286730934235	284.0
47.85286790869631	284.0
47.86286850805027	278.0
47.872869107404235	272.0
47.88286970675819	262.0
47.89287030611215	250.0
47.90287090546611	236.0
47.91287150482007	218.0
47.92287210417403	213.0
47.93287270352799	210.0
47.94287330288195	210.0
47.95287390223591	213.0
47.962874501589866	215.0
47.972875100943824	220.0
47.98287570029779	223.0
47.99287629965175	228.0
48.002876899005706	234.0
48.012877498359664	239.0
48.02287809771362	245.0
48.03287869706759	250.0
48.042879296421546	259.0
48.052879895775504	265.0
48.06288049512946	272.0
48.07288109448342	272.0
48.08288169383738	272.0
48.092882293191344	265.0
48.1028828925453	256.0
48.11288349189926	248.0
48.12288409125322	239.0
48.13288469060718	234.0
48.142885289961136	228.0
48.1528858893151	228.0
48.16288648866906	228.0
48.17288708802302	226.0
48.182887687376976	226.0
48.192888286730934	228.0
48.2028888860849	228.0
48.21288948543886	231.0
48.222890084792816	236.0
48.232890684146774	242.0
48.24289128350073	253.0
48.25289188285469	275.0
48.262892482208656	284.0
48.272893081562614	291.0
48.28289368091657	291.0
48.29289428027053	288.0
48.30289487962449	281.0
48.312895478978454	275.0
48.32289607833241	268.0
48.33289667768637	265.0
48.34289727704033	265.0
48.35289787639429	265.0
48.362898475748246	268.0
48.37289907510221	272.0
48.38289967445617	272.0
48.39290027381013	275.0
48.402900873164086	275.0
48.412901472518044	278.0
48.42290207187201	278.0
48.43290267122597	278.0
48.442903270579926	278.0
48.452903869933884	281.0
48.46290446928784	281.0
48.4729050686418	284.0
48.482905667995766	291.0
48.492906267349724	294.0
48.50290686670368	288.0
48.51290746605764	281.0
48.5229080654116	272.0
48.53290866476556	265.0
48.54290926411952	262.0
48.55290986347348	256.0
48.56291046282744	253.0
48.5729110621814	248.0
48.582911661535356	242.0
48.59291226088932	0.0
48.60291286024328	0.0
48.61291345959724	0.0
48.622914058951196	0.0
48.632914658305154	0.0
48.64291525765911	0.0
48.65291585701308	0.0
48.662916456367036	0.0
48.672917055720994	0.0
48.68291765507495	0.0
48.69291825442891	0.0
48.702918853782876	0.0
48.712919453136834	0.0
48.72292005249079	0.0
48.73292065184475	0.0
48.74292125119871	0.0
48.75292185055267	0.0
48.76292244990663	0.0
48.77292304926059	0.0
48.78292364861455	0.0
48.79292424796851	0.0
48.802924847322465	0.0
48.812925446676424	0.0
48.82292604603039	0.0
48.83292664538435	0.0
48.842927244738306	0.0
48.852927844092264	0.0
48.86292844344622	0.0
48.87292904280019	0.0
48.882929642154146	0.0
48.892930241508104	0.0
48.90293084086206	0.0
48.91293144021602	0.0
48.92293203956998	0.0
48.932932638923944	0.0
48.9429332382779	0.0
48.95293383763186	0.0
48.96293443698582	0.0
48.97293503633978	0.0
48.98293563569374	0.0
48.9929362350477	0.0
49.00293683440166	0.0
49.01293743375562	0.0
49.022938033109575	0.0
49.032938632463534	0.0
49.0429392318175	0.0
49.05293983117146	0.0
49.062940430525416	0.0
49.072941029879374	0.0
49.08294162923333	0.0
49.09294222858729	0.0
49.102942827941256	0.0
49.112943427295214	0.0
49.12294402664917	0.0
49.13294462600313	0.0
49.14294522535709	0.0
49.152945824711054	0.0
49.16294642406501	0.0
49.17294702341897	0.0
49.18294762277293	0.0
49.19294822212689	0.0
49.202948821480845	0.0
49.21294942083481	0.0
49.22295002018877	0.0
49.23295061954273	0.0
49.242951218896685	0.0
49.252951818250644	0.0
49.26295241760461	0.0
49.27295301695857	0.0
49.282953616312525	0.0
49.292954215666484	0.0
49.30295481502044	0.0
49.3129554143744	0.0
49.322956013728366	0.0
49.332956613082324	0.0
49.34295721243628	0.0
49.35295781179024	0.0
49.3629584111442	0.0
49.372959010498164	0.0
49.38295960985212	0.0
49.39296020920608	0.0
49.40296080856004	0.0
49.412961407914	0.0
49.422962007267955	0.0
49.43296260662192	0.0
49.44296320597588	0.0
49.45296380532984	0.0
49.462964404683795	0.0
49.47296500403775	0.0
49.48296560339171	0.0
49.49296620274568	0.0
49.502966802099635	0.0
49.512967401453594	0.0
49.52296800080755	0.0
49.53296860016151	0.0
49.542969199515476	0.0
49.552969798869434	0.0
49.56297039822339	0.0
49.57297099757735	0.0
49.58297159693131	0.0
49.59297219628527	0.0
49.60297279563923	0.0
49.61297339499319	0.0
49.62297399434715	0.0
49.63297459370111	0.0
49.642975193055065	0.0
49.65297579240903	0.0
49.66297639176299	0.0
49.67297699111695	0.0
49.682977590470905	0.0
49.69297818982486	0.0
49.70297878917882	0.0
49.71297938853279	0.0
49.722979987886745	0.0
49.732980587240704	0.0
49.74298118659466	0.0
49.75298178594862	0.0
49.76298238530258	0.0
49.772982984656544	0.0
49.7829835840105	0.0
49.79298418336446	0.0
49.80298478271842	0.0
49.81298538207238	0.0
49.82298598142634	0.0
49.8329865807803	0.0
49.84298718013426	0.0
49.85298777948822	0.0
49.862988378842175	0.0
49.87298897819613	0.0
49.8829895775501	0.0
49.89299017690406	0.0
49.902990776258015	0.0
49.91299137561197	0.0
49.92299197496593	265.0
49.9329925743199	262.0
49.942993173673855	259.0
49.95299377302781	256.0
49.96299437238177	250.0
49.97299497173573	245.0
49.98299557108969	239.0
49.992996170443654	234.0
50.00299676979761	231.0
50.01299736915157	228.0
50.02299796850553	226.0
50.03299856785949	226.0
50.042999167213445	226.0
50.05299976656741	226.0
50.06300036592137	228.0
50.07300096527533	228.0
50.083001564629285	228.0
50.09300216398324	228.0
50.10300276333721	228.0
50.11300336269117	231.0
50.123003962045125	234.0
50.13300456139908	236.0
50.14300516075304	239.0
50.153005760107	245.0
50.163006359460965	250.0
50.17300695881492	253.0
50.18300755816888	259.0
50.19300815752284	262.0
50.2030087568768	262.0
50.213009356230764	262.0
50.22300995558472	262.0
50.23301055493868	259.0
50.24301115429264	256.0
50.2530117536466	253.0
50.263012353000555	250.0
50.27301295235452	245.0
50.28301355170848	242.0
50.29301415106244	234.0
50.303014750416395	226.0
50.31301534977035	220.0
50.32301594912432	215.0
50.33301654847828	213.0
50.343017147832235	210.0
50.35301774718619	210.0
50.36301834654015	210.0
50.37301894589411	210.0
50.383019545248075	210.0
50.39302014460203	213.0
50.40302074395599	213.0
50.41302134330995	213.0
50.42302194266391	213.0
50.433022542017866	210.0
50.44302314137183	210.0
50.45302374072579	210.0
50.46302434007975	208.0
50.47302493943371	206.0
50.483025538787665	203.0
50.49302613814163	203.0
50.50302673749559	203.0
50.51302733684955	203.0
50.523027936203505	206.0
50.53302853555746	208.0
50.54302913491142	213.0
50.55302973426539	223.0
50.563030333619345	231.0
50.5730309329733	242.0
50.58303153232726	253.0
50.59303213168122	262.0
50.603032731035185	272.0
50.61303333038914	281.0
50.6230339297431	284.0
50.63303452909706	288.0
50.64303512845102	284.0
50.653035727804976	278.0
50.66303632715894	272.0
50.6730369265129	265.0
50.68303752586686	259.0
50.693038125220816	253.0
50.703038724574775	248.0
50.71303932392873	242.0
50.7230399232827	239.0
50.73304052263666	236.0
50.743041121990615	234.0
50.75304172134457	231.0
50.76304232069853	231.0
50.7730429200525	231.0
50.783043519406455	228.0
50.79304411876041	226.0
50.80304471811437	226.0
50.81304531746833	223.0
50.82304591682229	223.0
50.83304651617625	226.0
50.84304711553021	226.0
50.85304771488417	226.0
50.86304831423813	228.0
50.873048913592086	231.0
50.88304951294605	0.0
50.89305011230001	0.0
50.90305071165397	0.0
50.913051311007926	284.0
50.923051910361885	278.0
50.93305250971584	278.0
50.94305310906981	275.0
50.95305370842377	275.0
50.963054307777725	272.0
50.97305490713168	272.0
50.98305550648564	272.0
50.9930561058396	272.0
51.003056705193565	272.0
51.01305730454752	275.0
51.02305790390148	275.0
51.03305850325544	275.0
51.0430591026094	275.0
51.05305970196336	275.0
51.06306030131732	275.0
51.07306090067128	275.0
51.08306150002524	275.0
51.093062099379196	275.0
51.103062698733154	272.0
51.11306329808712	272.0
51.12306389744108	268.0
51.133064496795036	268.0
51.143065096148995	268.0
51.15306569550295	268.0
51.16306629485692	272.0
51.173066894210876	272.0
51.183067493564835	272.0
51.19306809291879	272.0
51.20306869227275	275.0
51.21306929162671	275.0
51.223069890980675	275.0
51.23307049033463	275.0
51.24307108968859	275.0
51.25307168904255	275.0
51.26307228839651	275.0
51.27307288775047	275.0
51.28307348710443	275.0
51.29307408645839	275.0
51.30307468581235	278.0
51.313075285166306	278.0
51.323075884520264	278.0
51.33307648387423	278.0
51.34307708322819	281.0
51.353077682582146	281.0
51.363078281936104	284.0
51.37307888129006	288.0
51.38307948064402	288.0
51.393080079997986	291.0
51.403080679351945	294.0
51.4130812787059	294.0
51.42308187805986	294.0
51.43308247741382	294.0
51.443083076767785	288.0
51.45308367612174	272.0
51.4630842754757	256.0
51.47308487482966	239.0
51.48308547418362	220.0
51.493086073537576	210.0
51.50308667289154	203.0
51.5130872722455	199.0
51.52308787159946	196.0
51.533088470953416	196.0
51.543089070307374	199.0
51.55308966966134	203.0
51.5630902690153	208.0
51.573090868369256	215.0
51.583091467723214	228.0
51.59309206707717	239.0
51.60309266643113	253.0
51.613093265785096	262.0
51.623093865139055	272.0
51.63309446449301	278.0
51.64309506384697	281.0
51.65309566320093	281.0
51.66309626255489	278.0
51.67309686190885	275.0
51.68309746126281	272.0
51.69309806061677	268.0
51.70309865997073	265.0
51.713099259324686	262.0
51.72309985867865	259.0
51.73310045803261	253.0
51.74310105738657	250.0
51.753101656740526	248.0
51.763102256094484	245.0
51.77310285544844	242.0
51.78310345480241	239.0
51.793104054156366	236.0
51.803104653510324	234.0
51.81310525286428	234.0
51.82310585221824	234.0
51.833106451572206	234.0
51.843107050926164	231.0
51.85310765028012	231.0
51.86310824963408	228.0
51.87310884898804	228.0
51.883109448342	228.0
51.89311004769596	231.0
51.90311064704992	231.0
51.91311124640388	234.0
51.92311184575784	236.0
51.933112445111796	239.0
51.943113044465754	242.0
51.95311364381972	248.0
51.96311424317368	253.0
51.973114842527636	265.0
51.983115441881594	272.0
51.99311604123555	278.0
52.00311664058952	281.0
52.013117239943476	281.0
52.023117839297434	281.0
52.03311843865139	275.0
52.04311903800535	268.0
52.05311963735931	259.0
52.063120236713274	208.0
52.07312083606723	199.0
52.08312143542119	194.0
52.09312203477515	194.0
52.10312263412911	194.0
52.11312323348307	196.0
52.12312383283703	196.0
52.13312443219099	199.0
52.14312503154495	201.0
52.153125630898906	203.0
52.163126230252864	203.0
52.17312682960683	206.0
52.18312742896079	208.0
52.193128028314746	208.0
52.203128627668704	206.0
52.21312922702266	206.0
52.22312982637663	206.0
52.233130425730586	206.0
52.243131025084544	206.0
52.2531316244385	206.0
52.26313222379246	208.0
52.27313282314642	208.0
52.283133422500384	210.0
52.29313402185434	210.0
52.3031346212083	210.0
52.31313522056226	208.0
52.32313581991622	206.0
52.333136419270176	201.0
52.34313701862414	196.0
52.3531376179781	192.0
52.36313821733206	192.0
52.373138816686016	192.0
52.383139416039974	194.0
52.39314001539394	196.0
52.4031406147479	199.0
52.413141214101856	201.0
52.423141813455814	203.0
52.43314241280977	203.0
52.44314301216373	203.0
52.453143611517696	203.0
52.463144210871654	203.0
52.47314481022561	206.0
52.48314540957957	206.0
52.49314600893353	206.0
52.503146608287494	208.0
52.51314720764145	208.0
52.52314780699541	208.0
52.53314840634937	210.0
52.54314900570333	210.0
52.553149605057285	208.0
52.56315020441125	206.0
52.57315080376521	203.0
52.58315140311917	201.0
52.593152002473126	196.0
52.603152601827084	192.0
52.61315320118104	185.0
52.62315380053501	181.0
52.633154399888966	177.0
52.643154999242924	171.0
52.65315559859688	169.0
52.66315619795084	167.0
52.673156797304806	167.0
52.683157396658764	167.0
52.69315799601272	167.0
52.70315859536668	167.0
52.71315919472064	167.0
52.7231597940746	167.0
52.73316039342856	165.0
52.74316099278252	165.0
52.75316159213648	165.0
52.76316219149044	165.0
52.773162790844395	167.0
52.78316339019836	167.0
52.79316398955232	171.0
52.80316458890628	173.0
52.813165188260236	177.0
52.823165787614194	179.0
52.83316638696815	183.0
52.84316698632212	187.0
52.853167585676076	190.0
52.863168185030034	190.0
52.87316878438399	190.0
52.88316938373795	187.0
52.89316998309191	183.0
52.903170582445874	181.0
52.91317118179983	177.0
52.92317178115379	175.0
52.93317238050775	169.0
52.94317297986171	165.0
52.95317357921567	161.0
52.96317417856963	156.0
52.97317477792359	154.0
52.98317537727755	152.0
52.993175976631505	152.0
53.003176575985464	150.0
53.01317717533943	150.0
53.02317777469339	152.0
53.033178374047345	152.0
53.043178973401304	154.0
53.05317957275526	156.0
53.06318017210923	158.0
53.073180771463186	159.0
53.083181370817144	159.0
53.0931819701711	159.0
53.10318256952506	159.0
53.11318316887902	159.0
53.123183768232984	159.0
53.13318436758694	161.0
53.1431849669409	165.0
53.15318556629486	167.0
53.16318616564882	171.0
53.17318676500278	175.0
53.18318736435674	177.0
53.1931879637107	181.0
53.20318856306466	185.0
53.213189162418615	190.0
53.22318976177257	190.0
53.23319036112654	187.0
53.2431909604805	183.0
53.253191559834455	177.0
53.263192159188414	171.0
53.27319275854237	159.0
53.28319335789633	149.0
53.293193957250296	142.0
53.303194556604254	137.0
53.31319515595821	136.0
53.32319575531217	136.0
53.33319635466613	137.0
53.343196954020094	140.0
53.35319755337405	142.0
53.36319815272801	144.0
53.37319875208197	145.0
53.38319935143593	145.0
53.393199950789885	145.0
53.40320055014385	144.0
53.41320114949781	142.0
53.42320174885177	139.0
53.433202348205725	137.0
53.44320294755968	136.0
53.45320354691365	134.0
53.46320414626761	132.0
53.473204745621565	132.0
53.483205344975524	132.0
53.49320594432948	132.0
53.50320654368344	132.0
53.513207143037405	134.0
53.523207742391364	134.0
53.53320834174532	137.0
53.54320894109928	142.0
53.55320954045324	147.0
53.5632101398072	150.0
53.57321073916116	156.0
53.58321133851512	161.0
53.59321193786908	167.0
53.60321253722304	175.0
53.613213136576995	181.0
53.62321373593096	187.0
53.63321433528492	192.0
53.64321493463888	192.0
53.653215533992835	192.0
53.66321613334679	187.0
53.67321673270075	181.0
53.68321733205472	177.0
53.693217931408675	173.0
53.70321853076263	167.0
53.71321913011659	161.0
53.72321972947055	156.0
53.733220328824515	152.0
53.743220928178474	149.0
53.75322152753243	149.0
53.76322212688639	150.0
53.77322272624035	147.0
53.78322332559431	140.0
53.79322392494827	137.0
53.80322452430223	131.0
53.81322512365619	129.0
53.82322572301015	129.0
53.833226322364105	129.0
53.84322692171806	131.0
53.85322752107203	132.0
53.86322812042599	134.0
53.873228719779945	136.0
53.8832293191339	140.0
53.89322991848786	149.0
53.90323051784183	158.0
53.913231117195785	159.0
53.92323171654974	163.0
53.9332323159037	165.0
53.94323291525766	167.0
53.95323351461162	167.0
53.963234113965584	169.0
53.97323471331954	169.0
53.9832353126735	169.0
53.99323591202746	169.0
54.00323651138142	171.0
54.01323711073538	171.0
54.02323771008934	171.0
54.0332383094433	173.0
54.04323890879726	173.0
54.053239508151215	173.0
54.06324010750517	173.0
54.07324070685914	171.0
54.0832413062131	171.0
54.093241905567055	169.0
54.10324250492101	169.0
54.11324310427497	169.0
54.12324370362894	169.0
54.133244302982895	169.0
54.14324490233685	169.0
54.15324550169081	169.0
54.16324610104477	169.0
54.17324670039873	169.0
54.18324729975269	169.0
54.19324789910665	169.0
54.20324849846061	169.0
54.21324909781457	171.0
54.22324969716853	171.0
54.233250296522485	171.0
54.24325089587645	173.0
54.25325149523041	173.0
54.26325209458437	171.0
54.273252693938325	171.0
54.28325329329228	169.0
54.29325389264625	169.0
54.30325449200021	0.0
54.313255091354165	0.0
54.32325569070812	0.0
54.33325629006208	0.0
54.34325688941604	0.0
54.353257488770005	0.0
54.36325808812396	0.0
54.37325868747792	0.0
54.38325928683188	0.0
54.39325988618584	0.0
54.4032604855398	0.0
54.41326108489376	0.0
54.42326168424772	0.0
54.43326228360168	0.0
54.443262882955636	0.0
54.453263482309595	0.0
54.46326408166356	0.0
54.47326468101752	0.0
54.48326528037148	0.0
54.493265879725435	0.0
54.50326647907939	0.0
54.51326707843335	0.0
54.52326767778732	0.0
54.533268277141275	0.0
54.54326887649523	0.0
54.55326947584919	0.0
54.56327007520315	0.0
54.573270674557115	0.0
54.58327127391107	0.0
54.59327187326503	0.0
54.60327247261899	0.0
54.61327307197295	0.0
54.623273671326906	0.0
54.63327427068087	0.0
54.64327487003483	0.0
54.65327546938879	0.0
54.663276068742746	196.0
54.673276668096705	192.0
54.68327726745067	192.0
54.69327786680463	190.0
54.70327846615859	190.0
54.713279065512545	190.0
54.7232796648665	190.0
54.73328026422046	187.0
54.74328086357443	187.0
54.753281462928385	187.0
54.76328206228234	185.0
54.7732826616363	183.0
54.78328326099026	181.0
54.79328386034422	177.0
54.80328445969818	171.0
54.81328505905214	167.0
54.8232856584061	161.0
54.83328625776006	156.0
54.843286857114016	149.0
54.85328745646798	142.0
54.86328805582194	136.0
54.8732886551759	131.0
54.883289254529856	128.0
54.893289853883815	128.0
54.90329045323777	131.0
54.91329105259174	134.0
54.923291651945696	140.0
54.933292251299655	149.0
54.94329285065361	154.0
54.95329345000757	158.0
54.96329404936154	181.0
54.973294648715495	185.0
54.98329524806945	190.0
54.99329584742341	196.0
55.00329644677737	199.0
55.01329704613133	201.0
55.02329764548529	199.0
55.03329824483925	196.0
55.04329884419321	192.0
55.05329944354717	181.0
55.063300042901126	177.0
55.07330064225509	173.0
55.08330124160905	171.0
55.09330184096301	169.0
55.103302440316966	169.0
55.113303039670924	169.0
55.12330363902488	171.0
55.13330423837885	175.0
55.143304837732806	177.0
55.153305437086765	179.0
55.16330603644072	181.0
55.17330663579468	181.0
55.18330723514864	181.0
55.193307834502605	179.0
55.20330843385656	177.0
55.21330903321052	175.0
55.22330963256448	171.0
55.23331023191844	167.0
55.2433108312724	161.0
55.25331143062636	158.0
55.26331202998032	144.0
55.27331262933428	142.0
55.283313228688236	161.0
55.293313828042194	165.0
55.30331442739616	175.0
55.31331502675012	181.0
55.323315626104076	185.0
55.333316225458034	192.0
55.34331682481199	196.0
55.35331742416596	201.0
55.363318023519916	203.0
55.373318622873875	208.0
55.38331922222783	208.0
55.39331982158179	206.0
55.40332042093575	203.0
55.413321020289715	199.0
55.42332161964367	192.0
55.43332221899763	183.0
55.44332281835159	175.0
55.45332341770555	169.0
55.463324017059506	163.0
55.47332461641347	161.0
55.48332521576743	159.0
55.49332581512139	158.0
55.503326414475346	158.0
55.513327013829304	158.0
55.52332761318327	159.0
55.53332821253723	163.0
55.543328811891186	165.0
55.553329411245144	169.0
55.5633300105991	173.0
55.57333060995306	177.0
55.583331209307026	181.0
55.593331808660984	187.0
55.60333240801494	194.0
55.6133330073689	199.0
55.62333360672286	203.0
55.633334206076825	0.0
55.64333480543078	171.0
55.65333540478474	171.0
55.6633360041387	0.0
55.67333660349266	0.0
55.683337202846616	0.0
55.69333780220058	0.0
55.70333840155454	0.0
55.7133390009085	145.0
55.723339600262456	144.0
55.733340199616414	137.0
55.74334079897037	136.0
55.75334139832434	136.0
55.763341997678296	139.0
55.773342597032254	144.0
55.78334319638621	150.0
55.79334379574017	167.0
55.803344395094136	165.0
55.813344994448094	156.0
55.82334559380205	154.0
55.83334619315601	150.0
55.84334679250997	145.0
55.85334739186393	142.0
55.86334799121789	140.0
55.87334859057185	139.0
55.88334918992581	137.0
55.89334978927977	137.0
55.903350388633726	139.0
55.91335098798769	140.0
55.92335158734165	142.0
55.93335218669561	144.0
55.943352786049566	149.0
55.953353385403524	152.0
55.96335398475748	154.0
55.97335458411145	152.0
55.983355183465406	147.0
55.993355782819364	144.0
56.00335638217332	140.0
56.01335698152728	139.0
56.023357580881246	137.0
56.033358180235204	137.0
56.04335877958916	137.0
56.05335937894312	139.0
56.06335997829708	139.0
56.07336057765104	140.0
56.083361177005	140.0
56.09336177635896	140.0
56.10336237571292	142.0
56.11336297506688	142.0
56.123363574420836	142.0
56.133364173774794	140.0
56.14336477312876	140.0
56.15336537248272	139.0
56.163365971836676	137.0
56.173366571190634	136.0
56.18336717054459	136.0
56.19336776989856	136.0
56.203368369252516	136.0
56.213368968606474	137.0
56.22336956796043	140.0
56.23337016731439	144.0
56.24337076666835	147.0
56.253371366022314	150.0
56.26337196537627	156.0
56.27337256473023	161.0
56.28337316408419	167.0
56.29337376343815	173.0
56.30337436279211	179.0
56.31337496214607	183.0
56.32337556150003	185.0
56.33337616085399	183.0
56.343376760207946	181.0
56.353377359561904	177.0
56.36337795891587	173.0
56.37337855826983	167.0
56.383379157623786	161.0
56.393379756977744	158.0
56.4033803563317	154.0
56.41338095568566	150.0
56.423381555039626	150.0
56.433382154393584	150.0
56.44338275374754	150.0
56.4533833531015	150.0
56.46338395245546	150.0
56.473384551809424	152.0
56.48338515116338	152.0
56.49338575051734	152.0
56.5033863498713	154.0
56.51338694922526	150.0
56.523387548579215	0.0
56.53338814793318	0.0
56.54338874728714	0.0
56.5533893466411	0.0
56.563389945995056	0.0
56.573390545349014	0.0
56.58339114470298	0.0
56.59339174405694	0.0
56.603392343410896	0.0
56.613392942764854	0.0
56.62339354211881	0.0
56.63339414147277	0.0
56.643394740826736	0.0
56.653395340180694	0.0
56.66339593953465	0.0
56.67339653888861	0.0
56.68339713824257	0.0
56.69339773759653	0.0
56.70339833695049	0.0
56.71339893630445	0.0
56.72339953565841	0.0
56.73340013501237	0.0
56.743400734366325	0.0
56.75340133372029	0.0
56.76340193307425	0.0
56.77340253242821	0.0
56.783403131782165	0.0
56.793403731136124	0.0
56.80340433049008	0.0
56.81340492984405	0.0
56.823405529198006	0.0
56.833406128551964	171.0
56.84340672790592	167.0
56.85340732725988	163.0
56.863407926613846	159.0
56.873408525967804	154.0
56.88340912532176	152.0
56.89340972467572	150.0
56.90341032402968	149.0
56.91341092338364	149.0
56.9234115227376	147.0
56.93341212209156	147.0
56.94341272144552	147.0
56.95341332079948	145.0
56.963413920153435	144.0
56.9734145195074	140.0
56.98341511886136	137.0
56.99341571821532	134.0
57.003416317569275	131.0
57.013416916923234	132.0
57.02341751627719	134.0
57.03341811563116	137.0
57.043418714985116	139.0
57.053419314339074	137.0
57.06341991369303	134.0
57.07342051304699	131.0
57.08342111240095	129.0
57.093421711754914	128.0
57.10342231110887	129.0
57.11342291046283	134.0
57.12342350981679	137.0
57.13342410917075	142.0
57.14342470852471	144.0
57.15342530787867	147.0
57.16342590723263	150.0
57.17342650658659	154.0
57.183427105940545	158.0
57.1934277052945	163.0
57.20342830464847	171.0
57.21342890400243	177.0
57.223429503356385	183.0
57.233430102710344	187.0
57.2434307020643	190.0
57.25343130141827	190.0
57.263431900772225	185.0
57.273432500126184	179.0
57.28343309948014	175.0
57.2934336988341	169.0
57.30343429818806	165.0
57.313434897542024	161.0
57.32343549689598	158.0
57.33343609624994	154.0
57.3434366956039	152.0
57.35343729495786	150.0
57.363437894311815	150.0
57.37343849366578	152.0
57.38343909301974	154.0
57.3934396923737	158.0
57.403440291727655	161.0
57.41344089108161	165.0
57.42344149043558	167.0
57.43344208978954	167.0
57.443442689143495	167.0
57.45344328849745	167.0
57.46344388785141	165.0
57.47344448720537	161.0
57.483445086559335	0.0
57.493445685913294	0.0
57.50344628526725	0.0
57.51344688462121	0.0
57.52344748397517	0.0
57.533448083329134	196.0
57.54344868268309	210.0
57.55344928203705	208.0
57.56344988139101	206.0
57.57345048074497	203.0
57.583451080098925	199.0
57.59345167945289	194.0
57.60345227880685	190.0
57.61345287816081	183.0
57.623453477514765	177.0
57.63345407686872	171.0
57.64345467622268	163.0
57.65345527557665	156.0
57.663455874930605	149.0
57.67345647428456	144.0
57.68345707363852	139.0
57.69345767299248	139.0
57.703458272346445	139.0
57.713458871700404	139.0
57.72345947105436	139.0
57.73346007040832	139.0
57.74346066976228	139.0
57.75346126911624	139.0
57.7634618684702	137.0
57.77346246782416	136.0
57.78346306717812	131.0
57.79346366653208	129.0
57.803464265886035	128.0
57.81346486524	128.0
57.82346546459396	129.0
57.83346606394792	132.0
57.843466663301875	139.0
57.85346726265583	144.0
57.86346786200979	149.0
57.87346846136376	175.0
57.883469060717715	183.0
57.89346966007167	192.0
57.90347025942563	199.0
57.91347085877959	201.0
57.923471458133555	201.0
57.93347205748751	203.0
57.94347265684147	203.0
57.95347325619543	199.0
57.96347385554939	194.0
57.97347445490335	187.0
57.98347505425731	179.0
57.99347565361127	173.0
58.00347625296523	169.0
58.01347685231919	165.0
58.023477451673145	161.0
58.0334780510271	161.0
58.04347865038107	161.0
58.05347924973503	161.0
58.063479849088985	165.0
58.07348044844294	167.0
58.0834810477969	171.0
58.09348164715087	173.0
58.103482246504825	175.0
58.11348284585878	177.0
58.12348344521274	177.0
58.1334840445667	177.0
58.14348464392066	177.0
58.15348524327462	175.0
58.16348584262858	171.0
58.17348644198254	167.0
58.1834870413365	159.0
58.193487640690456	149.0
58.20348824004442	147.0
58.21348883939838	147.0
58.22348943875234	150.0
58.2334900381063	156.0
58.243490637460255	163.0
58.25349123681421	169.0
58.26349183616818	175.0
58.27349243552214	179.0
58.283493034876095	183.0
58.29349363423005	187.0
58.30349423358401	190.0
58.31349483293797	192.0
58.323495432291935	192.0
58.33349603164589	190.0
58.34349663099985	187.0
58.35349723035381	183.0
58.36349782970777	181.0
58.37349842906173	175.0
58.38349902841569	171.0
58.39349962776965	165.0
58.40350022712361	159.0
58.413500826477566	156.0
58.423501425831525	152.0
58.43350202518549	150.0
58.44350262453945	150.0
58.45350322389341	152.0
58.463503823247365	152.0
58.47350442260132	152.0
58.48350502195529	150.0
58.49350562130925	149.0
58.503506220663205	145.0
58.51350682001716	145.0
58.52350741937112	149.0
58.53350801872508	150.0
58.543508618079045	154.0
58.553509217433	156.0
58.56350981678696	159.0
58.57351041614092	163.0
58.58351101549488	169.0
58.593511614848836	179.0
58.6035122142028	185.0
58.61351281355676	192.0
58.62351341291072	199.0
58.633514012264676	201.0
58.643514611618635	201.0
58.6535152109726	201.0
58.66351581032656	196.0
58.673516409680516	190.0
58.683517009034475	183.0
58.69351760838843	175.0
58.70351820774239	169.0
58.71351880709636	167.0
58.723519406450315	165.0
58.73352000580427	165.0
58.74352060515823	165.0
58.75352120451219	167.0
58.763521803866155	167.0
58.77352240322011	169.0
58.78352300257407	171.0
58.79352360192803	173.0
58.80352420128199	173.0
58.813524800635946	175.0
58.82352539998991	175.0
58.83352599934387	175.0
58.84352659869783	175.0
58.853527198051786	173.0
58.863527797405744	171.0
58.87352839675971	169.0
58.88352899611367	167.0
58.893529595467626	167.0
58.903530194821585	167.0
58.91353079417554	0.0
58.9235313935295	0.0
58.933531992883466	0.0
58.943532592237425	0.0
58.95353319159138	208.0
58.96353379094534	213.0
58.9735343902993	218.0
58.98353498965326	218.0
58.99353558900722	218.0
59.00353618836118	218.0
59.01353678771514	215.0
59.0235373870691	210.0
59.033537986423056	203.0
59.04353858577702	194.0
59.05353918513098	181.0
59.06353978448494	167.0
59.073540383838896	159.0
59.083540983192854	152.0
59.09354158254681	149.0
59.10354218190078	145.0
59.113542781254736	142.0
59.123543380608695	140.0
59.13354397996265	139.0
59.14354457931661	136.0
59.153545178670576	136.0
59.163545778024535	134.0
59.17354637737849	134.0
59.18354697673245	136.0
59.19354757608641	136.0
59.20354817544037	136.0
59.21354877479433	136.0
59.22354937414829	134.0
59.23354997350225	131.0
59.24355057285621	128.0
59.253551172210166	126.0
59.263551771564124	125.0
59.27355237091809	125.0
59.28355297027205	129.0
59.293553569626006	129.0
59.303554168979964	132.0
59.31355476833392	132.0
59.32355536768789	165.0
59.333555967041846	175.0
59.343556566395804	183.0
59.35355716574976	190.0
59.36355776510372	194.0
59.37355836445768	201.0
59.383558963811645	208.0
59.3935595631656	213.0
59.40356016251956	215.0
59.41356076187352	215.0
59.42356136122748	208.0
59.43356196058144	201.0
59.4435625599354	192.0
59.45356315928936	183.0
59.46356375864332	175.0
59.473564357997276	169.0
59.483564957351234	163.0
59.4935655567052	158.0
59.50356615605916	156.0
59.513566755413116	154.0
59.523567354767074	154.0
59.53356795412103	154.0
59.54356855347499	154.0
59.553569152828956	158.0
59.563569752182914	159.0
59.57357035153687	161.0
59.58357095089083	163.0
59.59357155024479	167.0
59.603572149598754	173.0
59.61357274895271	177.0
59.62357334830667	183.0
59.63357394766063	190.0
59.64357454701459	190.0
59.653575146368546	190.0
59.66357574572251	181.0
59.67357634507647	173.0
59.68357694443043	173.0
59.693577543784386	171.0
59.703578143138344	167.0
59.71357874249231	165.0
59.72357934184627	163.0
59.733579941200226	159.0
59.743580540554184	154.0
59.75358113990814	147.0
59.7635817392621	139.0
59.773582338616066	136.0
59.783582937970024	134.0
59.79358353732398	134.0
59.80358413667794	136.0
59.8135847360319	137.0
59.823585335385864	142.0
59.83358593473982	149.0
59.84358653409378	129.0
59.85358713344774	0.0
59.8635877328017	0.0
59.873588332155656	140.0
59.88358893150962	137.0
59.89358953086358	137.0
59.90359013021754	136.0
59.913590729571496	137.0
59.923591328925454	137.0
59.93359192827941	139.0
59.94359252763338	140.0
59.953593126987336	144.0
59.963593726341294	147.0
59.97359432569525	150.0
59.98359492504921	152.0
59.993595524403176	152.0
60.003596123757134	149.0
60.01359672311109	147.0
60.02359732246505	147.0
60.03359792181901	147.0
60.04359852117297	0.0
60.05359912052693	145.0
60.06359971988089	152.0
60.07360031923485	149.0
60.08360091858881	145.0
60.093601517942766	140.0
60.10360211729673	137.0
60.11360271665069	134.0
60.12360331600465	131.0
60.133603915358606	128.0
60.143604514712564	125.0
60.15360511406652	124.0
60.16360571342049	124.0
60.173606312774446	122.0
60.183606912128404	119.0
60.19360751148236	118.0
60.20360811083632	115.0
60.21360871019028	113.0
60.223609309544244	113.0
60.2336099088982	113.0
60.24361050825216	114.0
60.25361110760612	117.0
60.26361170696008	118.0
60.27361230631404	121.0
60.283612905668	124.0
60.29361350502196	126.0
60.30361410437592	126.0
60.313614703729876	124.0
60.323615303083834	119.0
60.3336159024378	115.0
60.34361650179176	111.0
60.353617101145716	106.0
60.363617700499674	0.0
60.37361829985363	0.0
60.3836188992076	0.0
60.393619498561556	0.0
60.403620097915514	0.0
60.41362069726947	0.0
60.42362129662343	0.0
60.43362189597739	0.0
60.443622495331354	0.0
60.45362309468531	149.0
60.46362369403927	147.0
60.47362429339323	147.0
60.48362489274719	145.0
60.493625492101145	145.0
60.50362609145511	145.0
60.51362669080907	145.0
60.52362729016303	144.0
60.533627889516985	144.0
60.543628488870944	144.0
60.55362908822491	144.0
60.56362968757887	142.0
60.573630286932826	142.0
60.583630886286784	140.0
60.59363148564074	139.0
60.6036320849947	137.0
60.613632684348666	137.0
60.623633283702624	136.0
60.63363388305658	136.0
60.64363448241054	136.0
60.6536350817645	136.0
60.663635681118464	137.0
60.67363628047242	139.0
60.68363687982638	140.0
60.69363747918034	144.0
60.7036380785343	144.0
60.713638677888255	144.0
60.72363927724222	137.0
60.73363987659618	132.0
60.74364047595014	129.0
60.753641075304095	129.0
60.763641674658054	132.0
60.77364227401202	137.0
60.78364287336598	139.0
60.793643472719936	144.0
60.803644072073894	150.0
60.81364467142785	158.0
60.82364527078181	163.0
60.833645870135776	171.0
60.843646469489734	179.0
60.85364706884369	185.0
60.86364766819765	192.0
60.87364826755161	194.0
60.88364886690557	192.0
60.89364946625953	190.0
60.90365006561349	183.0
60.91365066496745	179.0
60.92365126432141	175.0
60.933651863675365	169.0
60.94365246302933	165.0
60.95365306238329	159.0
60.96365366173725	156.0
60.973654261091205	154.0
60.983654860445164	154.0
60.99365545979912	156.0
61.00365605915309	158.0
61.013656658507045	159.0
61.023657257861004	161.0
61.03365785721496	159.0
61.04365845656892	156.0
61.053659055922886	152.0
61.063659655276844	149.0
61.0736602546308	142.0
61.08366085398476	140.0
61.09366145333872	139.0
61.10366205269268	140.0
61.11366265204664	144.0
61.1236632514006	147.0
61.13366385075456	152.0
61.14366445010852	161.0
61.153665049462475	167.0
61.16366564881643	175.0
61.1736662481704	183.0
61.18366684752436	187.0
61.193667446878315	187.0
61.20366804623227	190.0
61.21366864558623	187.0
61.2236692449402	183.0
61.233669844294155	179.0
61.243670443648114	175.0
61.25367104300207	171.0
61.26367164235603	169.0
61.27367224170999	167.0
61.283672841063954	167.0
61.29367344041791	169.0
61.30367403977187	169.0
61.31367463912583	171.0
61.32367523847979	173.0
61.33367583783375	173.0
61.34367643718771	173.0
61.35367703654167	173.0
61.36367763589563	173.0
61.373678235249585	171.0
61.38367883460354	171.0
61.39367943395751	171.0
61.40368003331147	169.0
61.413680632665425	169.0
61.42368123201938	167.0
61.43368183137334	165.0
61.44368243072731	165.0
61.453683030081265	152.0
61.463683629435224	150.0
61.47368422878918	152.0
61.48368482814314	156.0
61.4936854274971	163.0
61.503686026851064	169.0
61.51368662620502	181.0
61.52368722555898	187.0
61.53368782491294	192.0
61.5436884242669	196.0
61.553689023620855	199.0
61.56368962297482	201.0
61.57369022232878	201.0
61.58369082168274	201.0
61.593691421036695	199.0
61.60369202039065	194.0
61.61369261974462	190.0
61.62369321909858	183.0
61.633693818452535	179.0
61.64369441780649	175.0
61.65369501716045	171.0
61.66369561651441	167.0
61.673696215868375	163.0
61.68369681522233	161.0
61.69369741457629	159.0
61.70369801393025	158.0
61.71369861328421	156.0
61.723699212638174	156.0
61.73369981199213	156.0
61.74370041134609	156.0
61.75370101070005	156.0
61.76370161005401	156.0
61.773702209407965	154.0
61.78370280876193	150.0
61.79370340811589	145.0
61.80370400746985	144.0
61.813704606823805	144.0
61.82370520617776	145.0
61.83370580553172	147.0
61.84370640488569	150.0
61.853707004239645	154.0
61.8637076035936	158.0
61.87370820294756	165.0
61.88370880230152	173.0
61.893709401655485	179.0
61.90371000100944	181.0
61.9137106003634	181.0
61.92371119971736	181.0
61.93371179907132	179.0
61.943712398425276	177.0
61.95371299777924	175.0
61.9637135971332	171.0
61.97371419648716	169.0
61.98371479584112	169.0
61.993715395195075	169.0
62.00371599454904	171.0
62.013716593903	173.0
62.02371719325696	177.0
62.033717792610915	179.0
62.04371839196487	183.0
62.05371899131883	185.0
62.0637195906728	187.0
62.073720190026755	187.0
62.08372078938071	187.0
62.09372138873467	187.0
62.10372198808863	185.0
62.11372258744259	183.0
62.12372318679655	177.0
62.13372378615051	173.0
62.14372438550447	167.0
62.15372498485843	0.0
62.163725584212386	0.0
62.17372618356635	0.0
62.18372678292031	0.0
62.19372738227427	0.0
62.20372798162823	0.0
62.213728580982185	0.0
62.22372918033614	199.0
62.23372977969011	201.0
62.24373037904407	206.0
62.253730978398025	206.0
62.26373157775198	206.0
62.27373217710594	206.0
62.28373277645991	206.0
62.293733375813865	208.0
62.30373397516782	208.0
62.31373457452178	208.0
62.32373517387574	208.0
62.3337357732297	206.0
62.34373637258366	0.0
62.35373697193762	0.0
62.36373757129158	0.0
62.37373817064554	0.0
62.383738769999496	0.0
62.39373936935346	0.0
62.40373996870742	0.0
62.41374056806138	0.0
62.423741167415336	0.0
62.433741766769295	0.0
62.44374236612325	0.0
62.45374296547722	0.0
62.46374356483118	0.0
62.473744164185135	0.0
62.48374476353909	0.0
62.49374536289305	0.0
62.50374596224701	0.0
62.513746561600975	0.0
62.52374716095493	0.0
62.53374776030889	0.0
62.54374835966285	0.0
62.55374895901681	0.0
62.56374955837077	0.0
62.57375015772473	0.0
62.58375075707869	0.0
62.59375135643265	0.0
62.603751955786606	0.0
62.613752555140564	0.0
62.62375315449453	0.0
62.63375375384849	0.0
62.643754353202446	0.0
62.653754952556405	181.0
62.66375555191036	175.0
62.67375615126433	173.0
62.683756750618286	169.0
62.693757349972245	167.0
62.7037579493262	165.0
62.71375854868016	163.0
62.72375914803412	165.0
62.733759747388085	165.0
62.74376034674204	167.0
62.753760946096	167.0
62.76376154544996	169.0
62.77376214480392	169.0
62.783762744157876	171.0
62.79376334351184	173.0
62.8037639428658	175.0
62.81376454221976	175.0
62.823765141573716	177.0
62.833765740927674	179.0
62.84376634028164	181.0
62.8537669396356	181.0
62.863767538989556	179.0
62.873768138343515	173.0
62.88376873769747	0.0
62.89376933705143	159.0
62.903769936405396	158.0
62.913770535759355	0.0
62.92377113511331	0.0
62.93377173446727	0.0
62.94377233382123	0.0
62.953772933175195	0.0
62.96377353252915	0.0
62.97377413188311	0.0
62.98377473123707	0.0
62.99377533059103	0.0
63.003775929944986	203.0
63.01377652929895	203.0
63.02377712865291	206.0
63.03377772800687	206.0
63.043778327360826	208.0
63.053778926714784	208.0
63.06377952606874	208.0
63.07378012542271	208.0
63.083780724776666	206.0
63.093781324130624	203.0
63.10378192348458	203.0
63.11378252283854	203.0
63.123783122192506	203.0
63.133783721546465	206.0
63.14378432090042	206.0
63.15378492025438	206.0
63.16378551960834	208.0
63.1737861189623	208.0
63.18378671831626	208.0
63.19378731767022	210.0
63.20378791702418	210.0
63.21378851637814	210.0
63.223789115732096	210.0
63.23378971508606	208.0
63.24379031444002	206.0
63.25379091379398	201.0
63.263791513147936	196.0
63.273792112501894	190.0
63.28379271185585	185.0
63.29379331120982	183.0
63.303793910563776	183.0
63.313794509917734	185.0
63.32379510927169	196.0
63.33379570862565	206.0
63.343796307979616	208.0
63.353796907333574	210.0
63.36379750668753	210.0
63.37379810604149	210.0
63.38379870539545	208.0
63.39379930474941	206.0
63.40379990410337	206.0
63.41380050345733	203.0
63.42380110281129	203.0
63.43380170216525	203.0
63.443802301519206	203.0
63.453802900873164	203.0
63.46380350022713	203.0
63.47380409958109	203.0
63.483804698935046	206.0
63.493805298289004	206.0
63.50380589764296	206.0
63.51380649699693	206.0
63.523807096350886	206.0
63.533807695704844	206.0
63.5438082950588	206.0
63.55380889441276	206.0
63.56380949376672	208.0
63.573810093120684	213.0
63.58381069247464	228.0
63.5938112918286	242.0
63.60381189118256	253.0
63.61381249053652	265.0
63.62381308989048	275.0
63.63381368924444	281.0
63.6438142885984	284.0
63.65381488795236	288.0
63.663815487306316	284.0
63.673816086660274	281.0
63.68381668601424	275.0
63.6938172853682	268.0
63.703817884722156	262.0
63.713818484076114	256.0
63.72381908343007	250.0
63.73381968278403	248.0
63.743820282137996	245.0
63.753820881491954	242.0
63.76382148084591	242.0
63.77382208019987	239.0
63.78382267955383	239.0
63.793823278907794	239.0
63.80382387826175	239.0
63.81382447761571	239.0
63.82382507696967	236.0
63.83382567632363	234.0
63.843826275677586	234.0
63.85382687503155	231.0
63.86382747438551	231.0
63.87382807373947	231.0
63.883828673093426	231.0
63.893829272447384	234.0
63.90382987180135	236.0
63.91383047115531	239.0
63.923831070509266	245.0
63.933831669863224	250.0
63.94383226921718	262.0
63.95383286857114	278.0
63.963833467925106	294.0
63.973834067279064	301.0
63.98383466663302	301.0
63.99383526598698	305.0
64.00383586534095	0.0
64.0138364646949	0.0
64.02383706404886	0.0
64.03383766340282	0.0
64.04383826275678	0.0
64.05383886211074	0.0
64.0638394614647	0.0
64.07384006081865	0.0
64.08384066017261	0.0
64.09384125952657	0.0
64.10384185888054	0.0
64.1138424582345	0.0
64.12384305758846	0.0
64.13384365694242	0.0
64.14384425629638	0.0
64.15384485565033	0.0
64.16384545500429	0.0
64.17384605435825	0.0
64.18384665371221	0.0
64.19384725306617	203.0
64.20384785242013	203.0
64.2138484517741	0.0
64.22384905112806	0.0
64.23384965048201	0.0
64.24385024983597	0.0
64.25385084918993	203.0
64.26385144854389	203.0
64.27385204789785	203.0
64.2838526472518	203.0
64.29385324660576	201.0
64.30385384595972	201.0
64.31385444531368	201.0
64.32385504466765	201.0
64.33385564402161	201.0
64.34385624337557	201.0
64.35385684272953	203.0
64.36385744208349	203.0
64.37385804143744	206.0
64.3838586407914	206.0
64.39385924014536	208.0
64.40385983949932	208.0
64.41386043885328	208.0
64.42386103820724	210.0
64.43386163756121	210.0
64.44386223691517	213.0
64.45386283626912	213.0
64.46386343562308	213.0
64.47386403497704	213.0
64.483864634331	213.0
64.49386523368496	210.0
64.50386583303892	210.0
64.51386643239287	206.0
64.52386703174683	203.0
64.53386763110079	201.0
64.54386823045475	199.0
64.55386882980872	0.0
64.56386942916268	0.0
64.57387002851664	0.0
64.5838706278706	0.0
64.59387122722455	0.0
64.60387182657851	0.0
64.61387242593247	0.0
64.62387302528643	0.0
64.63387362464039	0.0
64.64387422399435	0.0
64.6538748233483	0.0
64.66387542270228	0.0
64.67387602205623	0.0
64.68387662141019	0.0
64.69387722076415	0.0
64.70387782011811	0.0
64.71387841947207	0.0
64.72387901882603	0.0
64.73387961817998	0.0
64.74388021753394	0.0
64.7538808168879	0.0
64.76388141624186	0.0
64.77388201559583	0.0
64.78388261494979	0.0
64.79388321430375	0.0
64.8038838136577	0.0
64.81388441301166	0.0
64.82388501236562	0.0
64.83388561171958	0.0
64.84388621107354	0.0
64.8538868104275	0.0
64.86388740978146	0.0
64.87388800913541	0.0
64.88388860848939	0.0
64.89388920784334	0.0
64.9038898071973	0.0
64.91389040655126	0.0
64.92389100590522	0.0
64.93389160525918	0.0
64.94389220461314	0.0
64.9538928039671	0.0
64.96389340332105	0.0
64.97389400267501	0.0
64.98389460202897	0.0
64.99389520138294	0.0
65.0038958007369	0.0
65.01389640009086	0.0
65.02389699944482	0.0
65.03389759879877	0.0
65.04389819815273	0.0
65.05389879750669	0.0
65.06389939686065	0.0
65.0738999962146	0.0
65.08390059556856	0.0
65.09390119492252	0.0
65.10390179427648	0.0
65.11390239363045	0.0
65.12390299298441	0.0
65.13390359233837	0.0
65.14390419169233	0.0
65.15390479104629	0.0
65.16390539040025	0.0
65.1739059897542	0.0
65.18390658910816	0.0
65.19390718846212	0.0
65.20390778781608	0.0
65.21390838717004	0.0
65.22390898652401	0.0
65.23390958587797	0.0
65.24391018523193	0.0
65.25391078458588	0.0
65.26391138393984	0.0
65.2739119832938	0.0
65.28391258264776	0.0
65.29391318200172	0.0
65.30391378135567	0.0
65.31391438070963	0.0
65.32391498006359	0.0
65.33391557941756	0.0
65.34391617877152	0.0
65.35391677812548	0.0
65.36391737747944	0.0
65.3739179768334	0.0
65.38391857618736	0.0
65.39391917554131	0.0
65.40391977489527	0.0
65.41392037424923	0.0
65.42392097360319	0.0
65.43392157295715	0.0
65.44392217231112	0.0
65.45392277166508	0.0
65.46392337101904	0.0
65.473923970373	0.0
65.48392456972695	0.0
65.49392516908091	0.0
65.50392576843487	0.0
65.51392636778883	0.0
65.52392696714278	0.0
65.53392756649674	0.0
65.5439281658507	0.0
65.55392876520467	0.0
65.56392936455863	0.0
65.57392996391259	0.0
65.58393056326655	0.0
65.5939311626205	0.0
65.60393176197447	0.0
65.61393236132842	0.0
65.62393296068238	0.0
65.63393356003634	0.0
65.6439341593903	0.0
65.65393475874426	0.0
65.66393535809823	0.0
65.67393595745219	169.0
65.68393655680615	169.0
65.6939371561601	171.0
65.70393775551406	169.0
65.71393835486802	167.0
65.72393895422198	165.0
65.73393955357594	163.0
65.7439401529299	163.0
65.75394075228385	165.0
65.76394135163781	167.0
65.77394195099177	169.0
65.78394255034574	171.0
65.7939431496997	173.0
65.80394374905366	173.0
65.81394434840762	171.0
65.82394494776158	171.0
65.83394554711553	171.0
65.84394614646949	171.0
65.85394674582345	171.0
65.86394734517741	173.0
65.87394794453137	177.0
65.88394854388532	0.0
65.8939491432393	0.0
65.90394974259326	0.0
65.91395034194721	0.0
65.92395094130117	0.0
65.93395154065513	0.0
65.94395214000909	167.0
65.95395273936305	171.0
65.963953338717	0.0
65.97395393807096	0.0
65.98395453742492	0.0
65.99395513677888	0.0
66.00395573613285	0.0
66.01395633548681	0.0
66.02395693484077	0.0
66.03395753419473	203.0
66.04395813354868	201.0
66.05395873290264	203.0
66.0639593322566	206.0
66.07395993161056	206.0
66.08396053096452	208.0
66.09396113031848	208.0
66.10396172967243	206.0
66.1139623290264	203.0
66.12396292838037	203.0
66.13396352773432	201.0
66.14396412708828	203.0
66.15396472644224	203.0
66.1639653257962	203.0
66.17396592515016	206.0
66.18396652450411	206.0
66.19396712385807	206.0
66.20396772321203	206.0
66.21396832256599	206.0
66.22396892191996	206.0
66.23396952127392	203.0
66.24397012062788	203.0
66.25397071998184	203.0
66.2639713193358	203.0
66.27397191868975	201.0
66.28397251804371	199.0
66.29397311739767	196.0
66.30397371675163	192.0
66.31397431610559	190.0
66.32397491545954	190.0
66.33397551481352	192.0
66.34397611416748	196.0
66.35397671352143	201.0
66.36397731287539	206.0
66.37397791222935	215.0
66.38397851158331	259.0
66.39397911093727	275.0
66.40397971029122	281.0
66.41398030964518	288.0
66.42398090899914	291.0
66.4339815083531	294.0
66.44398210770706	291.0
66.45398270706103	288.0
66.46398330641499	281.0
66.47398390576895	275.0
66.4839845051229	268.0
66.49398510447686	262.0
66.50398570383082	259.0
66.51398630318478	253.0
66.52398690253874	250.0
66.5339875018927	245.0
66.54398810124665	242.0
66.55398870060061	239.0
66.56398929995459	234.0
66.57398989930854	231.0
66.5839904986625	228.0
66.59399109801646	228.0
66.60399169737042	226.0
66.61399229672438	226.0
66.62399289607833	223.0
66.63399349543229	215.0
66.64399409478625	206.0
66.65399469414021	206.0
66.66399529349417	0.0
66.67399589284814	0.0
66.6839964922021	0.0
66.69399709155606	0.0
66.70399769091001	0.0
66.71399829026397	0.0
66.72399888961793	0.0
66.73399948897189	298.0
66.74400008832585	288.0
66.7540006876798	278.0
66.76400128703376	275.0
66.77400188638772	272.0
66.7840024857417	272.0
66.79400308509565	268.0
66.80400368444961	265.0
66.81400428380357	259.0
66.82400488315753	256.0
66.83400548251149	250.0
66.84400608186544	245.0
66.8540066812194	239.0
66.86400728057336	231.0
66.87400787992732	226.0
66.88400847928128	220.0
66.89400907863525	218.0
66.90400967798921	215.0
66.91401027734317	210.0
66.92401087669712	210.0
66.93401147605108	208.0
66.94401207540504	208.0
66.954012674759	210.0
66.96401327411296	210.0
66.97401387346692	213.0
66.98401447282087	213.0
66.99401507217483	210.0
67.00401567152879	206.0
67.01401627088276	203.0
67.02401687023672	201.0
67.03401746959068	201.0
67.04401806894464	203.0
67.0540186682986	206.0
67.06401926765255	210.0
67.07401986700651	218.0
67.08402046636047	234.0
67.09402106571443	239.0
67.10402166506839	242.0
67.11402226442235	245.0
67.12402286377632	242.0
67.13402346313028	239.0
67.14402406248423	236.0
67.15402466183819	231.0
67.16402526119215	226.0
67.17402586054611	223.0
67.18402645990007	218.0
67.19402705925403	218.0
67.20402765860798	220.0
67.21402825796194	228.0
67.2240288573159	234.0
67.23402945666987	239.0
67.24403005602383	245.0
67.25403065537779	250.0
67.26403125473175	259.0
67.2740318540857	265.0
67.28403245343966	275.0
67.29403305279362	281.0
67.30403365214758	291.0
67.31403425150154	319.0
67.3240348508555	331.0
67.33403545020946	323.0
67.34403604956343	312.0
67.35403664891739	0.0
67.36403724827134	0.0
67.3740378476253	0.0
67.38403844697926	0.0
67.39403904633322	0.0
67.40403964568718	0.0
67.41404024504114	0.0
67.4240408443951	0.0
67.43404144374905	0.0
67.44404204310301	0.0
67.45404264245698	0.0
67.46404324181094	0.0
67.4740438411649	275.0
67.48404444051886	275.0
67.49404503987282	275.0
67.50404563922677	275.0
67.51404623858073	275.0
67.52404683793469	272.0
67.53404743728865	272.0
67.54404803664261	272.0
67.55404863599657	272.0
67.56404923535054	272.0
67.5740498347045	272.0
67.58405043405845	272.0
67.59405103341241	275.0
67.60405163276637	275.0
67.61405223212033	278.0
67.62405283147429	278.0
67.63405343082825	281.0
67.6440540301822	281.0
67.65405462953616	281.0
67.66405522889012	281.0
67.67405582824408	281.0
67.68405642759805	278.0
67.69405702695201	278.0
67.70405762630597	278.0
67.71405822565993	278.0
67.72405882501388	275.0
67.73405942436784	272.0
67.7440600237218	268.0
67.75406062307576	262.0
67.76406122242972	253.0
67.77406182178368	248.0
67.78406242113763	245.0
67.7940630204916	239.0
67.80406361984556	275.0
67.81406421919952	301.0
67.82406481855348	319.0
67.83406541790744	327.0
67.8440660172614	350.0
67.85406661661536	367.0
67.86406721596931	371.0
67.87406781532327	371.0
67.88406841467723	367.0
67.89406901403119	358.0
67.90406961338516	350.0
67.91407021273912	338.0
67.92407081209308	327.0
67.93407141144704	316.0
67.944072010801	308.0
67.95407261015495	301.0
67.96407320950891	301.0
67.97407380886287	301.0
67.98407440821683	305.0
67.99407500757079	308.0
68.00407560692474	316.0
68.01407620627872	319.0
68.02407680563267	319.0
68.03407740498663	323.0
68.04407800434059	327.0
68.05407860369455	331.0
68.06407920304851	342.0
68.07407980240247	342.0
68.08408040175642	342.0
68.09408100111038	331.0
68.10408160046434	323.0
68.1140821998183	312.0
68.12408279917227	298.0
68.13408339852623	278.0
68.14408399788019	262.0
68.15408459723415	253.0
68.1640851965881	248.0
68.17408579594206	245.0
68.18408639529602	242.0
68.19408699464998	250.0
68.20408759400394	248.0
68.2140881933579	0.0
68.22408879271185	350.0
68.23408939206583	350.0
68.24408999141978	350.0
68.25409059077374	350.0
68.2640911901277	350.0
68.27409178948166	350.0
68.28409238883562	350.0
68.29409298818958	346.0
68.30409358754353	346.0
68.31409418689749	342.0
68.32409478625145	338.0
68.33409538560541	338.0
68.34409598495937	338.0
68.35409658431334	342.0
68.3640971836673	342.0
68.37409778302126	342.0
68.38409838237521	346.0
68.39409898172917	346.0
68.40409958108313	346.0
68.41410018043709	346.0
68.42410077979105	346.0
68.434101379145	350.0
68.44410197849896	350.0
68.45410257785292	350.0
68.4641031772069	354.0
68.47410377656085	354.0
68.48410437591481	350.0
68.49410497526877	346.0
68.50410557462273	301.0
68.51410617397669	288.0
68.52410677333064	288.0
68.5341073726846	354.0
68.54410797203856	358.0
68.55410857139252	384.0
68.56410917074648	393.0
68.57410977010045	402.0
68.58411036945441	407.0
68.59411096880837	402.0
68.60411156816232	398.0
68.61411216751628	384.0
68.62411276687024	371.0
68.6341133662242	363.0
68.64411396557816	350.0
68.65411456493212	342.0
68.66411516428607	331.0
68.67411576364003	327.0
68.684116362994	327.0
68.69411696234796	327.0
68.70411756170192	331.0
68.71411816105588	334.0
68.72411876040984	342.0
68.7341193597638	346.0
68.74411995911775	350.0
68.75412055847171	354.0
68.76412115782567	363.0
68.77412175717963	367.0
68.78412235653359	371.0
68.79412295588756	375.0
68.80412355524152	375.0
68.81412415459548	375.0
68.82412475394943	371.0
68.83412535330339	367.0
68.84412595265735	358.0
68.85412655201131	350.0
68.86412715136527	346.0
68.87412775071923	338.0
68.88412835007318	331.0
68.89412894942714	323.0
68.90412954878111	319.0
68.91413014813507	316.0
68.92413074748903	312.0
68.93413134684299	312.0
68.94413194619695	308.0
68.9541325455509	305.0
68.96413314490486	305.0
68.97413374425882	301.0
68.98413434361278	301.0
68.99413494296674	301.0
69.0041355423207	305.0
69.01413614167465	308.0
69.02413674102863	308.0
69.03413734038259	312.0
69.04413793973654	316.0
69.0541385390905	319.0
69.06413913844446	319.0
69.07413973779842	323.0
69.08414033715238	327.0
69.09414093650634	338.0
69.1041415358603	346.0
69.11414213521425	350.0
69.12414273456821	342.0
69.13414333392218	334.0
69.14414393327614	327.0
69.1541445326301	319.0
69.16414513198406	312.0
69.17414573133802	308.0
69.18414633069197	301.0
69.19414693004593	288.0
69.20414752939989	265.0
69.21414812875385	253.0
69.2241487281078	248.0
69.23414932746176	245.0
69.24414992681574	239.0
69.2541505261697	245.0
69.26415112552365	248.0
69.27415172487761	256.0
69.28415232423157	308.0
69.29415292358553	358.0
69.30415352293949	363.0
69.31415412229344	367.0
69.3241547216474	371.0
69.33415532100136	371.0
69.34415592035532	371.0
69.35415651970929	371.0
69.36415711906325	367.0
69.37415771841721	358.0
69.38415831777117	354.0
69.39415891712513	350.0
69.40415951647908	346.0
69.41416011583304	346.0
69.424160715187	346.0
69.43416131454096	346.0
69.44416191389492	346.0
69.45416251324887	346.0
69.46416311260285	346.0
69.4741637119568	346.0
69.48416431131076	346.0
69.49416491066472	346.0
69.50416551001868	346.0
69.51416610937264	342.0
69.5241667087266	331.0
69.53416730808055	308.0
69.54416790743451	288.0
69.55416850678847	281.0
69.56416910614243	281.0
69.57416970549639	0.0
69.58417030485036	0.0
69.59417090420432	0.0
69.60417150355828	0.0
69.61417210291224	407.0
69.6241727022662	417.0
69.63417330162015	417.0
69.64417390097411	417.0
69.65417450032807	412.0
69.66417509968203	402.0
69.67417569903598	389.0
69.68417629838994	371.0
69.69417689774392	358.0
69.70417749709787	346.0
69.71417809645183	334.0
69.72417869580579	327.0
69.73417929515975	323.0
69.7441798945137	323.0
69.75418049386766	323.0
69.76418109322162	323.0
69.77418169257558	327.0
69.78418229192954	334.0
69.7941828912835	338.0
69.80418349063747	346.0
69.81418408999143	350.0
69.82418468934539	354.0
69.83418528869935	363.0
69.8441858880533	375.0
69.85418648740726	384.0
69.86418708676122	393.0
69.87418768611518	393.0
69.88418828546914	393.0
69.8941888848231	384.0
69.90418948417705	371.0
69.91419008353103	358.0
69.92419068288498	350.0
69.93419128223894	346.0
69.9441918815929	334.0
69.95419248094686	327.0
69.96419308030082	319.0
69.97419367965477	312.0
69.98419427900873	308.0
69.99419487836269	301.0
70.00419547771665	298.0
70.01419607707061	294.0
70.02419667642458	291.0
70.03419727577854	291.0
70.0441978751325	291.0
70.05419847448645	288.0
70.06419907384041	288.0
70.07419967319437	284.0
70.08420027254833	281.0
70.09420087190229	281.0
70.10420147125625	278.0
70.1142020706102	278.0
70.12420266996416	275.0
70.13420326931814	275.0
70.1442038686721	275.0
70.15420446802605	275.0
70.16420506738001	275.0
70.17420566673397	275.0
70.18420626608793	275.0
70.19420686544188	278.0
70.20420746479584	278.0
70.2142080641498	278.0
70.22420866350376	281.0
70.23420926285772	281.0
70.24420986221168	284.0
70.25421046156565	284.0
70.2642110609196	281.0
70.27421166027356	281.0
70.28421225962752	275.0
70.29421285898148	265.0
70.30421345833544	259.0
70.3142140576894	250.0
70.32421465704336	245.0
70.33421525639731	239.0
70.34421585575127	239.0
70.35421645510523	239.0
70.3642170544592	239.0
70.37421765381316	278.0
70.38421825316712	288.0
70.39421885252108	294.0
70.40421945187504	323.0
70.414220051229	334.0
70.42422065058295	358.0
70.43422124993691	367.0
70.44422184929087	367.0
70.45422244864483	367.0
70.46422304799879	354.0
70.47422364735276	346.0
70.48422424670672	331.0
70.49422484606067	323.0
70.50422544541463	316.0
70.51422604476859	308.0
70.52422664412255	308.0
70.53422724347651	305.0
70.54422784283047	305.0
70.55422844218442	305.0
70.56422904153838	308.0
70.57422964089234	312.0
70.58423024024631	312.0
70.59423083960027	316.0
70.60423143895423	316.0
70.61423203830819	316.0
70.62423263766215	308.0
70.6342332370161	291.0
70.64423383637006	278.0
70.65423443572402	275.0
70.66423503507798	275.0
70.67423563443194	0.0
70.6842362337859	0.0
70.69423683313987	0.0
70.70423743249383	0.0
70.71423803184778	363.0
70.72423863120174	367.0
70.7342392305557	371.0
70.74423982990966	371.0
70.75424042926362	371.0
70.76424102861758	367.0
70.77424162797153	358.0
70.78424222732549	354.0
70.79424282667945	342.0
70.80424342603342	331.0
70.81424402538738	319.0
70.82424462474134	316.0
70.8342452240953	312.0
70.84424582344926	308.0
70.85424642280321	305.0
70.86424702215717	301.0
70.87424762151113	301.0
70.88424822086509	301.0
70.89424882021905	305.0
70.904249419573	308.0
70.91425001892696	312.0
70.92425061828094	316.0
70.9342512176349	319.0
70.94425181698885	323.0
70.95425241634281	327.0
70.96425301569677	334.0
70.97425361505073	342.0
70.98425421440469	346.0
70.99425481375864	350.0
71.0042554131126	346.0
71.01425601246656	342.0
71.02425661182052	338.0
71.03425721117449	331.0
71.04425781052845	323.0
71.05425840988241	316.0
71.06425900923637	308.0
71.07425960859032	301.0
71.08426020794428	294.0
71.09426080729824	284.0
71.1042614066522	278.0
71.11426200600616	268.0
71.12426260536012	262.0
71.13426320471407	253.0
71.14426380406805	248.0
71.154264403422	239.0
71.16426500277596	234.0
71.17426560212992	231.0
71.18426620148388	228.0
71.19426680083784	226.0
71.2042674001918	223.0
71.21426799954575	220.0
71.22426859889971	218.0
71.23426919825367	218.0
71.24426979760763	220.0
71.2542703969616	223.0
71.26427099631556	228.0
71.27427159566952	231.0
71.28427219502348	234.0
71.29427279437743	236.0
71.30427339373139	236.0
71.31427399308535	239.0
71.32427459243931	242.0
71.33427519179327	245.0
71.34427579114723	248.0
71.35427639050118	248.0
71.36427698985516	245.0
71.37427758920911	239.0
71.38427818856307	234.0
71.39427878791703	231.0
71.40427938727099	226.0
71.41427998662495	215.0
71.4242805859789	215.0
71.43428118533286	215.0
71.44428178468682	0.0
71.45428238404078	0.0
71.46428298339474	0.0
71.4742835827487	0.0
71.48428418210267	0.0
71.49428478145663	301.0
71.50428538081059	291.0
71.51428598016454	284.0
71.5242865795185	281.0
71.53428717887246	278.0
71.54428777822642	275.0
71.55428837758038	275.0
71.56428897693434	272.0
71.5742895762883	275.0
71.58429017564225	275.0
71.59429077499622	275.0
71.60429137435018	278.0
71.61429197370414	281.0
71.6242925730581	281.0
71.63429317241206	284.0
71.64429377176602	284.0
71.65429437111997	284.0
71.66429497047393	284.0
71.67429556982789	281.0
71.68429616918185	256.0
71.6942967685358	248.0
71.70429736788978	242.0
71.71429796724374	234.0
71.7242985665977	231.0
71.73429916595165	0.0
71.74429976530561	0.0
71.75430036465957	0.0
71.76430096401353	0.0
71.77430156336749	0.0
71.78430216272145	0.0
71.7943027620754	291.0
71.80430336142936	288.0
71.81430396078333	288.0
71.82430456013729	284.0
71.83430515949125	284.0
71.84430575884521	284.0
71.85430635819917	284.0
71.86430695755313	281.0
71.87430755690708	278.0
71.88430815626104	272.0
71.894308755615	265.0
71.90430935496896	262.0
71.91430995432292	259.0
71.92431055367689	256.0
71.93431115303085	259.0
71.9443117523848	262.0
71.95431235173876	265.0
71.96431295109272	268.0
71.97431355044668	275.0
71.98431414980064	278.0
71.9943147491546	278.0
72.00431534850856	281.0
72.01431594786251	284.0
72.02431654721647	288.0
72.03431714657044	288.0
72.0443177459244	288.0
72.05431834527836	284.0
72.06431894463232	281.0
72.07431954398628	275.0
72.08432014334024	272.0
72.0943207426942	268.0
72.10432134204815	265.0
72.11432194140211	262.0
72.12432254075607	259.0
72.13432314011003	253.0
72.14432373946399	248.0
72.15432433881796	242.0
72.16432493817192	236.0
72.17432553752587	228.0
72.18432613687983	220.0
72.19432673623379	213.0
72.20432733558775	206.0
72.2143279349417	203.0
72.22432853429567	201.0
72.23432913364962	199.0
72.24432973300358	199.0
72.25433033235754	199.0
72.26433093171151	199.0
72.27433153106547	199.0
72.28433213041943	201.0
72.29433272977339	201.0
72.30433332912735	201.0
72.3143339284813	203.0
72.32433452783526	206.0
72.33433512718922	206.0
72.34433572654318	208.0
72.35433632589714	210.0
72.3643369252511	210.0
72.37433752460507	213.0
72.38433812395903	213.0
72.39433872331298	213.0
72.40433932266694	213.0
72.4143399220209	213.0
72.42434052137486	213.0
72.43434112072882	213.0
72.44434172008278	210.0
72.45434231943673	206.0
72.46434291879069	201.0
72.47434351814465	194.0
72.48434411749862	192.0
72.49434471685258	190.0
72.50434531620654	190.0
72.5143459155605	192.0
72.52434651491446	201.0
72.53434711426841	226.0
72.54434771362237	248.0
72.55434831297633	256.0
72.56434891233029	265.0
72.57434951168425	272.0
72.5843501110382	278.0
72.59435071039218	278.0
72.60435130974614	278.0
72.6143519091001	272.0
72.62435250845405	262.0
72.63435310780801	256.0
72.64435370716197	245.0
72.65435430651593	236.0
72.66435490586989	0.0
72.67435550522384	0.0
72.6843561045778	0.0
72.69435670393176	0.0
72.70435730328573	0.0
72.71435790263969	0.0
72.72435850199365	0.0
72.73435910134761	0.0
72.74435970070157	0.0
72.75436030005552	0.0
72.76436089940948	0.0
72.77436149876344	0.0
72.7843620981174	0.0
72.79436269747136	0.0
72.80436329682531	0.0
72.81436389617927	0.0
72.82436449553325	0.0
72.8343650948872	0.0
72.84436569424116	0.0
72.85436629359512	0.0
72.86436689294908	0.0
72.87436749230304	0.0
72.884368091657	0.0
72.89436869101095	0.0
72.90436929036491	0.0
72.91436988971887	0.0
72.92437048907283	0.0
72.9343710884268	0.0
72.94437168778076	0.0
72.95437228713472	0.0
72.96437288648868	301.0
72.97437348584263	291.0
72.98437408519659	284.0
72.99437468455055	268.0
73.00437528390451	262.0
73.01437588325847	262.0
73.02437648261242	262.0
73.03437708196638	265.0
73.04437768132036	268.0
73.05437828067431	272.0
73.06437888002827	272.0
73.07437947938223	275.0
73.08438007873619	275.0
73.09438067809015	278.0
73.1043812774441	281.0
73.11438187679806	281.0
73.12438247615202	281.0
73.13438307550598	281.0
73.14438367485994	281.0
73.15438427421391	278.0
73.16438487356787	278.0
73.17438547292183	275.0
73.18438607227579	275.0
73.19438667162974	272.0
73.2043872709837	268.0
73.21438787033766	262.0
73.22438846969162	256.0
73.23438906904558	250.0
73.24438966839953	245.0
73.2543902677535	242.0
73.26439086710747	245.0
73.27439146646142	253.0
73.28439206581538	259.0
73.29439266516934	268.0
73.3043932645233	363.0
73.31439386387726	363.0
73.32439446323122	367.0
73.33439506258517	375.0
73.34439566193913	380.0
73.35439626129309	384.0
73.36439686064705	384.0
73.374397460001	384.0
73.38439805935498	380.0
73.39439865870894	371.0
73.4043992580629	363.0
73.41439985741685	354.0
73.42440045677081	346.0
73.43440105612477	338.0
73.44440165547873	331.0
73.45440225483269	327.0
73.46440285418664	319.0
73.4744034535406	316.0
73.48440405289456	316.0
73.49440465224853	316.0
73.50440525160249	316.0
73.51440585095645	312.0
73.52440645031041	308.0
73.53440704966437	294.0
73.54440764901832	272.0
73.55440824837228	0.0
73.56440884772624	0.0
73.5744094470802	0.0
73.58441004643416	0.0
73.59441064578812	0.0
73.60441124514209	0.0
73.61441184449605	0.0
73.62441244385	0.0
73.63441304320396	380.0
73.64441364255792	380.0
73.65441424191188	380.0
73.66441484126584	375.0
73.6744154406198	375.0
73.68441603997375	375.0
73.69441663932771	371.0
73.70441723868167	367.0
73.71441783803564	358.0
73.7244184373896	354.0
73.73441903674356	350.0
73.74441963609752	346.0
73.75442023545148	342.0
73.76442083480543	338.0
73.7744214341594	338.0
73.78442203351335	338.0
73.79442263286731	342.0
73.80442323222127	342.0
73.81442383157523	342.0
73.8244244309292	338.0
73.83442503028316	331.0
73.84442562963712	323.0
73.85442622899107	316.0
73.86442682834503	308.0
73.87442742769899	0.0
73.88442802705295	0.0
73.8944286264069	0.0
73.90442922576086	0.0
73.91442982511482	0.0
73.92443042446878	0.0
73.93443102382275	0.0
73.94443162317671	0.0
73.95443222253067	0.0
73.96443282188463	0.0
73.97443342123859	0.0
73.98443402059254	0.0
73.9944346199465	398.0
74.00443521930046	389.0
74.01443581865442	375.0
74.02443641800838	350.0
74.03443701736234	312.0
74.0444376167163	281.0
74.05443821607027	268.0
74.06443881542423	265.0
74.07443941477818	262.0
74.08444001413214	262.0
74.0944406134861	262.0
74.10444121284006	262.0
74.11444181219402	265.0
74.12444241154797	268.0
74.13444301090193	272.0
74.14444361025589	272.0
74.15444420960985	272.0
74.16444480896382	275.0
74.17444540831778	275.0
74.18444600767174	278.0
74.1944466070257	278.0
74.20444720637965	278.0
74.21444780573361	278.0
74.22444840508757	278.0
74.23444900444153	278.0
74.24444960379549	275.0
74.25445020314945	275.0
74.2644508025034	275.0
74.27445140185738	278.0
74.28445200121133	278.0
74.2944526005653	278.0
74.30445319991925	278.0
74.31445379927321	278.0
74.32445439862717	278.0
74.33445499798113	275.0
74.34445559733508	275.0
74.35445619668904	275.0
74.364456796043	275.0
74.37445739539696	275.0
74.38445799475093	275.0
74.39445859410489	275.0
74.40445919345885	275.0
74.4144597928128	272.0
74.42446039216676	275.0
74.43446099152072	275.0
74.44446159087468	275.0
74.45446219022864	275.0
74.4644627895826	278.0
74.47446338893656	278.0
74.48446398829051	278.0
74.49446458764449	278.0
74.50446518699844	278.0
74.5144657863524	278.0
74.52446638570636	278.0
74.53446698506032	278.0
74.54446758441428	278.0
74.55446818376824	278.0
74.5644687831222	278.0
74.57446938247615	278.0
74.58446998183011	278.0
74.59447058118407	278.0
74.60447118053804	278.0
74.614471779892	278.0
74.62447237924596	275.0
74.63447297859992	268.0
74.64447357795387	262.0
74.65447417730783	253.0
74.66447477666179	245.0
74.67447537601575	242.0
74.68447597536971	236.0
74.69447657472367	236.0
74.70447717407762	234.0
74.71447777343158	239.0
74.72447837278555	248.0
74.73447897213951	288.0
74.74447957149347	288.0
74.75448017084743	284.0
74.76448077020139	281.0
74.77448136955535	278.0
74.7844819689093	278.0
74.79448256826326	278.0
74.80448316761722	275.0
74.81448376697118	275.0
74.82448436632514	272.0
74.83448496567911	265.0
74.84448556503307	259.0
74.85448616438703	253.0
74.86448676374098	250.0
74.87448736309494	245.0
74.8844879624489	239.0
74.89448856180286	234.0
74.90448916115682	228.0
74.91448976051078	226.0
74.92449035986473	223.0
74.93449095921869	223.0
74.94449155857266	223.0
74.95449215792662	226.0
74.96449275728058	231.0
74.97449335663454	234.0
74.9844939559885	236.0
74.99449455534246	236.0
75.00449515469641	234.0
75.01449575405037	231.0
75.02449635340433	226.0
75.03449695275829	223.0
75.04449755211225	0.0
75.05449815146622	0.0
75.06449875082018	0.0
75.07449935017414	0.0
75.0844999495281	0.0
75.09450054888205	0.0
75.10450114823601	0.0
75.11450174758997	0.0
75.12450234694393	0.0
75.13450294629789	319.0
75.14450354565184	323.0
75.1545041450058	323.0
75.16450474435977	268.0
75.17450534371373	259.0
75.18450594306769	245.0
75.19450654242165	236.0
75.20450714177561	231.0
75.21450774112957	220.0
75.22450834048352	213.0
75.23450893983748	206.0
75.24450953919144	201.0
75.2545101385454	201.0
75.26451073789936	199.0
75.27451133725332	199.0
75.28451193660729	199.0
75.29451253596125	199.0
75.3045131353152	201.0
75.31451373466916	201.0
75.32451433402312	203.0
75.33451493337708	203.0
75.34451553273104	203.0
75.354516132085	203.0
75.36451673143895	203.0
75.37451733079291	203.0
75.38451793014687	203.0
75.39451852950084	201.0
75.4045191288548	201.0
75.41451972820876	201.0
75.42452032756272	203.0
75.43452092691668	206.0
75.44452152627063	208.0
75.45452212562459	210.0
75.46452272497855	213.0
75.47452332433251	215.0
75.48452392368647	215.0
75.49452452304043	218.0
75.5045251223944	218.0
75.51452572174836	218.0
75.52452632110231	218.0
75.53452692045627	215.0
75.54452751981023	215.0
75.55452811916419	215.0
75.56452871851815	213.0
75.5745293178721	210.0
75.58452991722606	208.0
75.59453051658002	206.0
75.60453111593398	203.0
75.61453171528795	201.0
75.62453231464191	196.0
75.63453291399587	194.0
75.64453351334983	194.0
75.65453411270379	194.0
75.66453471205774	196.0
75.6745353114117	203.0
75.68453591076566	208.0
75.69453651011962	213.0
75.70453710947358	215.0
75.71453770882754	215.0
75.72453830818151	218.0
75.73453890753547	218.0
75.74453950688942	215.0
75.75454010624338	213.0
75.76454070559734	206.0
75.7745413049513	196.0
75.78454190430526	192.0
75.79454250365922	190.0
75.80454310301317	190.0
75.81454370236713	187.0
75.82454430172109	187.0
75.83454490107506	185.0
75.84454550042902	183.0
75.85454609978298	183.0
75.86454669913694	185.0
75.8745472984909	190.0
75.88454789784485	196.0
75.89454849719881	201.0
75.90454909655277	206.0
75.91454969590673	208.0
75.92455029526069	208.0
75.93455089461465	210.0
75.9445514939686	213.0
75.95455209332258	213.0
75.96455269267653	213.0
75.97455329203049	210.0
75.98455389138445	208.0
75.99455449073841	206.0
76.00455509009237	199.0
76.01455568944633	192.0
76.02455628880028	181.0
76.03455688815424	173.0
76.0445574875082	169.0
76.05455808686216	167.0
76.06455868621613	165.0
76.07455928557009	165.0
76.08455988492405	165.0
76.094560484278	165.0
76.10456108363196	165.0
76.11456168298592	167.0
76.12456228233988	169.0
76.13456288169384	171.0
76.1445634810478	171.0
76.15456408040176	169.0
76.16456467975571	165.0
76.17456527910969	159.0
76.18456587846364	154.0
76.1945664778176	152.0
76.20456707717156	154.0
76.21456767652552	161.0
76.22456827587948	173.0
76.23456887523344	179.0
76.2445694745874	187.0
76.25457007394135	190.0
76.26457067329531	192.0
76.27457127264927	192.0
76.28457187200324	190.0
76.2945724713572	187.0
76.30457307071116	183.0
76.31457367006512	181.0
76.32457426941907	179.0
76.33457486877303	177.0
76.34457546812699	173.0
76.35457606748095	169.0
76.3645766668349	165.0
76.37457726618887	159.0
76.38457786554282	156.0
76.3945784648968	152.0
76.40457906425075	150.0
76.41457966360471	149.0
76.42458026295867	145.0
76.43458086231263	145.0
76.44458146166659	144.0
76.45458206102055	144.0
76.4645826603745	144.0
76.47458325972846	145.0
76.48458385908242	149.0
76.49458445843638	154.0
76.50458505779035	159.0
76.51458565714431	165.0
76.52458625649827	169.0
76.53458685585223	171.0
76.54458745520618	173.0
76.55458805456014	173.0
76.5645886539141	173.0
76.57458925326806	173.0
76.58458985262202	187.0
76.59459045197598	196.0
76.60459105132993	218.0
76.61459165068389	215.0
76.62459225003786	213.0
76.63459284939182	206.0
76.64459344874578	194.0
76.65459404809974	187.0
76.6645946474537	177.0
76.67459524680766	169.0
76.68459584616161	152.0
76.69459644551557	145.0
76.70459704486953	140.0
76.71459764422349	139.0
76.72459824357745	136.0
76.73459884293142	136.0
76.74459944228538	136.0
76.75460004163934	136.0
76.7646006409933	136.0
76.77460124034725	137.0
76.78460183970121	137.0
76.79460243905517	137.0
76.80460303840913	137.0
76.81460363776308	136.0
76.82460423711704	131.0
76.834604836471	128.0
76.84460543582497	125.0
76.85460603517893	122.0
76.86460663453289	119.0
76.87460723388685	117.0
76.8846078332408	115.0
76.89460843259477	114.0
76.90460903194872	115.0
76.91460963130268	121.0
76.92461023065664	132.0
76.9346108300106	144.0
76.94461142936456	154.0
76.95461202871853	163.0
76.96461262807249	167.0
76.97461322742645	173.0
76.9846138267804	177.0
76.99461442613436	177.0
77.00461502548832	177.0
77.01461562484228	175.0
77.02461622419624	169.0
77.0346168235502	0.0
77.04461742290415	0.0
77.05461802225811	0.0
77.06461862161208	0.0
77.07461922096604	0.0
77.08461982032	0.0
77.09462041967396	0.0
77.10462101902792	0.0
77.11462161838188	0.0
77.12462221773583	0.0
77.13462281708979	0.0
77.14462341644375	0.0
77.15462401579771	0.0
77.16462461515167	0.0
77.17462521450562	0.0
77.1846258138596	0.0
77.19462641321356	0.0
77.20462701256751	0.0
77.21462761192147	0.0
77.22462821127543	0.0
77.23462881062939	0.0
77.24462940998335	0.0
77.2546300093373	0.0
77.26463060869126	0.0
77.27463120804522	0.0
77.28463180739918	190.0
77.29463240675315	181.0
77.30463300610711	179.0
77.31463360546107	177.0
77.32463420481503	175.0
77.33463480416899	173.0
77.34463540352294	171.0
77.3546360028769	169.0
77.36463660223086	171.0
77.37463720158482	171.0
77.38463780093878	173.0
77.39463840029273	177.0
77.4046389996467	179.0
77.41463959900067	181.0
77.42464019835462	181.0
77.43464079770858	181.0
77.44464139706254	179.0
77.4546419964165	175.0
77.46464259577046	171.0
77.47464319512441	167.0
77.48464379447837	165.0
77.49464439383233	163.0
77.50464499318629	163.0
77.51464559254026	161.0
77.52464619189422	161.0
77.53464679124818	163.0
77.54464739060214	165.0
77.5546479899561	169.0
77.56464858931005	171.0
77.57464918866401	173.0
77.58464978801797	175.0
77.59465038737193	177.0
77.60465098672589	177.0
77.61465158607984	179.0
77.62465218543382	179.0
77.63465278478778	177.0
77.64465338414173	173.0
77.65465398349569	171.0
77.66465458284965	169.0
77.67465518220361	169.0
77.68465578155757	169.0
77.69465638091152	169.0
77.70465698026548	171.0
77.71465757961944	171.0
77.7246581789734	171.0
77.73465877832737	173.0
77.74465937768133	173.0
77.75465997703529	173.0
77.76466057638925	173.0
77.7746611757432	173.0
77.78466177509716	173.0
77.79466237445112	171.0
77.80466297380508	169.0
77.81466357315904	167.0
77.824664172513	165.0
77.83466477186695	163.0
77.84466537122091	165.0
77.85466597057489	165.0
77.86466656992884	165.0
77.8746671692828	165.0
77.88466776863676	0.0
77.89466836799072	0.0
77.90466896734468	0.0
77.91466956669863	0.0
77.92467016605259	0.0
77.93467076540655	0.0
77.94467136476051	0.0
77.95467196411447	0.0
77.96467256346844	0.0
77.9746731628224	0.0
77.98467376217636	0.0
77.99467436153031	0.0
78.00467496088427	0.0
78.01467556023823	0.0
78.02467615959219	220.0
78.03467675894615	210.0
78.0446773583001	206.0
78.05467795765406	201.0
78.06467855700802	196.0
78.074679156362	192.0
78.08467975571595	181.0
78.09468035506991	177.0
78.10468095442387	173.0
78.11468155377783	171.0
78.12468215313179	169.0
78.13468275248574	169.0
78.1446833518397	167.0
78.15468395119366	169.0
78.16468455054762	171.0
78.17468514990158	173.0
78.18468574925555	175.0
78.19468634860951	179.0
78.20468694796347	181.0
78.21468754731742	185.0
78.22468814667138	187.0
78.23468874602534	190.0
78.2446893453793	192.0
78.25468994473326	192.0
78.26469054408722	192.0
78.27469114344117	192.0
78.28469174279513	192.0
78.2946923421491	190.0
78.30469294150306	187.0
78.31469354085702	183.0
78.32469414021098	179.0
78.33469473956494	175.0
78.3446953389189	173.0
78.35469593827285	169.0
78.36469653762681	163.0
78.37469713698077	159.0
78.38469773633473	158.0
78.39469833568869	156.0
78.40469893504266	154.0
78.41469953439662	152.0
78.42470013375058	150.0
78.43470073310453	149.0
78.4447013324585	149.0
78.45470193181245	150.0
78.46470253116641	152.0
78.47470313052037	152.0
78.48470372987433	154.0
78.49470432922828	156.0
78.50470492858224	156.0
78.5147055279362	154.0
78.52470612729017	154.0
78.53470672664413	152.0
78.54470732599809	152.0
78.55470792535205	152.0
78.564708524706	152.0
78.57470912405996	152.0
78.58470972341392	154.0
78.59471032276788	156.0
78.60471092212184	158.0
78.6147115214758	161.0
78.62471212082976	167.0
78.63471272018373	175.0
78.64471331953769	183.0
78.65471391889164	190.0
78.6647145182456	196.0
78.67471511759956	199.0
78.68471571695352	199.0
78.69471631630748	194.0
78.70471691566144	187.0
78.7147175150154	177.0
78.72471811436935	167.0
78.73471871372331	147.0
78.74471931307728	134.0
78.75471991243124	131.0
78.7647205117852	129.0
78.77472111113916	132.0
78.78472171049312	136.0
78.79472230984707	140.0
78.80472290920103	147.0
78.81472350855499	159.0
78.82472410790895	159.0
78.83472470726291	158.0
78.84472530661687	149.0
78.85472590597084	144.0
78.8647265053248	140.0
78.87472710467875	136.0
78.88472770403271	132.0
78.89472830338667	131.0
78.90472890274063	131.0
78.91472950209459	131.0
78.92473010144855	131.0
78.9347307008025	132.0
78.94473130015646	134.0
78.95473189951042	136.0
78.9647324988644	137.0
78.97473309821835	137.0
78.98473369757231	137.0
78.99473429692627	136.0
79.00473489628023	134.0
79.01473549563418	132.0
79.02473609498814	129.0
79.0347366943421	126.0
79.04473729369606	124.0
79.05473789305002	121.0
79.06473849240398	121.0
79.07473909175793	122.0
79.0847396911119	126.0
79.09474029046586	131.0
79.10474088981982	136.0
79.11474148917378	140.0
79.12474208852774	147.0
79.1347426878817	156.0
79.14474328723566	165.0
79.15474388658961	175.0
79.16474448594357	181.0
79.17474508529753	0.0
79.18474568465149	259.0
79.19474628400546	259.0
79.20474688335942	256.0
79.21474748271338	245.0
79.22474808206734	179.0
79.2347486814213	169.0
79.24474928077525	158.0
79.25474988012921	154.0
79.26475047948317	154.0
79.27475107883713	156.0
79.28475167819109	159.0
79.29475227754504	163.0
79.30475287689902	165.0
79.31475347625297	167.0
79.32475407560693	169.0
79.33475467496089	169.0
79.34475527431485	165.0
79.35475587366881	161.0
79.36475647302277	152.0
79.37475707237672	149.0
79.38475767173068	147.0
79.39475827108464	144.0
79.4047588704386	140.0
79.41475946979257	140.0
79.42476006914653	140.0
79.43476066850049	142.0
79.44476126785445	145.0
79.4547618672084	147.0
79.46476246656236	149.0
79.47476306591632	152.0
79.48476366527028	156.0
79.49476426462424	161.0
79.5047648639782	165.0
79.51476546333215	171.0
79.52476606268613	175.0
79.53476666204008	177.0
79.54476726139404	181.0
79.554767860748	185.0
79.56476846010196	185.0
79.57476905945592	185.0
79.58476965880988	183.0
79.59477025816383	179.0
79.60477085751779	173.0
79.61477145687175	167.0
79.62477205622571	165.0
79.63477265557968	163.0
79.64477325493364	165.0
79.6547738542876	169.0
79.66477445364156	173.0
79.67477505299551	177.0
79.68477565234947	179.0
79.69477625170343	179.0
79.70477685105739	181.0
79.71477745041135	183.0
79.7247780497653	187.0
79.73477864911926	192.0
79.74477924847322	196.0
79.7547798478272	201.0
79.76478044718115	201.0
79.77478104653511	187.0
79.78478164588907	181.0
79.79478224524303	165.0
79.80478284459699	154.0
79.81478344395094	147.0
79.8247840433049	145.0
79.83478464265886	149.0
79.84478524201282	152.0
79.85478584136678	158.0
79.86478644072075	165.0
79.87478704007471	175.0
79.88478763942867	185.0
79.89478823878262	206.0
79.90478883813658	236.0
79.91478943749054	256.0
79.9247900368445	268.0
79.93479063619846	272.0
79.94479123555242	262.0
79.95479183490637	239.0
79.96479243426033	208.0
79.9747930336143	173.0
79.98479363296826	165.0
79.99479423232222	158.0
80.00479483167618	154.0
80.01479543103014	156.0
80.0247960303841	159.0
80.03479662973805	165.0
80.04479722909201	173.0
80.05479782844597	179.0
80.06479842779993	183.0
80.07479902715389	187.0
80.08479962650786	192.0
80.09480022586182	199.0
80.10480082521578	201.0
80.11480142456973	206.0
80.12480202392369	208.0
80.13480262327765	213.0
80.14480322263161	218.0
80.15480382198557	223.0
80.16480442133953	220.0
80.17480502069348	203.0
80.18480562004744	181.0
80.19480621940141	147.0
80.20480681875537	139.0
80.21480741810933	137.0
80.22480801746329	136.0
80.23480861681725	137.0
80.2448092161712	139.0
80.25480981552516	139.0
80.26481041487912	140.0
80.27481101423308	142.0
80.28481161358704	142.0
80.294812212941	140.0
80.30481281229497	140.0
80.31481341164893	139.0
80.32481401100289	137.0
80.33481461035684	137.0
80.3448152097108	136.0
80.35481580906476	134.0
80.36481640841872	132.0
80.37481700777268	129.0
80.38481760712664	128.0
80.3948182064806	126.0
80.40481880583455	126.0
80.41481940518851	128.0
80.42482000454248	132.0
80.43482060389644	139.0
80.4448212032504	149.0
80.45482180260436	158.0
80.46482240195832	165.0
80.47482300131227	171.0
80.48482360066623	173.0
80.49482420002019	175.0
80.50482479937415	173.0
80.5148253987281	169.0
80.52482599808206	163.0
80.53482659743604	156.0
80.54482719679	149.0
80.55482779614395	144.0
80.56482839549791	145.0
80.57482899485187	152.0
80.58482959420583	159.0
80.59483019355979	167.0
80.60483079291375	175.0
80.6148313922677	183.0
80.62483199162166	187.0
80.63483259097562	192.0
80.64483319032959	196.0
80.65483378968355	194.0
80.66483438903751	192.0
80.67483498839147	187.0
80.68483558774543	181.0
80.69483618709938	173.0
80.70483678645334	163.0
80.7148373858073	154.0
80.72483798516126	149.0
80.73483858451522	149.0
80.74483918386917	150.0
80.75483978322315	156.0
80.7648403825771	163.0
80.77484098193106	169.0
80.78484158128502	173.0
80.79484218063898	175.0
80.80484277999294	177.0
80.8148433793469	177.0
80.82484397870086	179.0
80.83484457805481	173.0
80.84484517740877	171.0
80.85484577676273	0.0
80.8648463761167	234.0
80.87484697547066	234.0
80.88484757482462	234.0
80.89484817417858	114.0
80.90484877353254	119.0
80.9148493728865	131.0
80.92484997224045	132.0
80.93485057159441	134.0
80.94485117094837	136.0
80.95485177030233	137.0
80.96485236965628	139.0
80.97485296901024	139.0
80.98485356836422	139.0
80.99485416771817	139.0
81.00485476707213	137.0
81.01485536642609	136.0
81.02485596578005	136.0
81.034856565134	134.0
81.04485716448796	134.0
81.05485776384192	134.0
81.06485836319588	132.0
81.07485896254984	132.0
81.0848595619038	131.0
81.09486016125777	129.0
81.10486076061173	129.0
81.11486135996569	131.0
81.12486195931965	137.0
81.1348625586736	147.0
81.14486315802756	156.0
81.15486375738152	163.0
81.16486435673548	173.0
81.17486495608944	181.0
81.1848655554434	190.0
81.19486615479735	196.0
81.20486675415133	210.0
81.21486735350528	223.0
81.22486795285924	223.0
81.2348685522132	213.0
81.24486915156716	125.0
81.25486975092112	129.0
81.26487035027507	132.0
81.27487094962903	134.0
81.28487154898299	137.0
81.29487214833695	140.0
81.30487274769091	145.0
81.31487334704488	147.0
81.32487394639884	147.0
81.3348745457528	145.0
81.34487514510676	0.0
81.35487574446071	0.0
81.36487634381467	0.0
81.37487694316863	0.0
81.38487754252259	0.0
81.39487814187655	0.0
81.4048787412305	0.0
81.41487934058446	0.0
81.42487993993844	0.0
81.4348805392924	0.0
81.44488113864635	0.0
81.45488173800031	0.0
81.46488233735427	0.0
81.47488293670823	0.0
81.48488353606218	0.0
81.49488413541614	0.0
81.5048847347701	0.0
81.51488533412406	0.0
81.52488593347802	0.0
81.53488653283199	0.0
81.54488713218595	0.0
81.5548877315399	0.0
81.56488833089387	0.0
81.57488893024782	0.0
81.58488952960178	0.0
81.59489012895574	0.0
81.6048907283097	0.0
81.61489132766366	0.0
81.62489192701761	142.0
81.63489252637157	137.0
81.64489312572553	136.0
81.6548937250795	134.0
81.66489432443346	134.0
81.67489492378742	136.0
81.68489552314138	139.0
81.69489612249534	142.0
81.7048967218493	147.0
81.71489732120325	150.0
81.72489792055721	152.0
81.73489851991117	152.0
81.74489911926513	150.0
81.75489971861909	147.0
81.76490031797306	142.0
81.77490091732702	140.0
81.78490151668097	137.0
81.79490211603493	134.0
81.80490271538889	131.0
81.81490331474285	129.0
81.82490391409681	129.0
81.83490451345077	131.0
81.84490511280472	134.0
81.85490571215868	139.0
81.86490631151264	145.0
81.87490691086661	152.0
81.88490751022057	158.0
81.89490810957453	159.0
81.90490870892849	159.0
81.91490930828245	158.0
81.9249099076364	156.0
81.93491050699036	154.0
81.94491110634432	152.0
81.95491170569828	150.0
81.96491230505224	150.0
81.9749129044062	152.0
81.98491350376017	156.0
81.99491410311413	161.0
82.00491470246808	167.0
82.01491530182204	175.0
82.024915901176	181.0
82.03491650052996	185.0
82.04491709988392	190.0
82.05491769923788	190.0
82.06491829859183	190.0
82.07491889794579	185.0
82.08491949729975	179.0
82.09492009665372	175.0
82.10492069600768	171.0
82.11492129536164	167.0
82.1249218947156	167.0
82.13492249406956	165.0
82.14492309342351	167.0
82.15492369277747	167.0
82.16492429213143	169.0
82.17492489148539	169.0
82.18492549083935	171.0
82.1949260901933	175.0
82.20492668954728	181.0
82.21492728890124	196.0
82.2249278882552	206.0
82.23492848760915	231.0
82.24492908696311	242.0
82.25492968631707	248.0
82.26493028567103	248.0
82.27493088502499	239.0
82.28493148437894	231.0
82.2949320837329	210.0
82.30493268308686	196.0
82.31493328244082	187.0
82.32493388179479	181.0
82.33493448114875	175.0
82.34493508050271	171.0
82.35493567985667	167.0
82.36493627921062	167.0
82.37493687856458	167.0
82.38493747791854	167.0
82.3949380772725	171.0
82.40493867662646	177.0
82.41493927598042	183.0
82.42493987533437	190.0
82.43494047468835	196.0
82.4449410740423	196.0
82.45494167339626	199.0
82.46494227275022	196.0
82.47494287210418	192.0
82.48494347145814	185.0
82.4949440708121	171.0
82.50494467016605	163.0
82.51494526952001	156.0
82.52494586887397	154.0
82.53494646822793	154.0
82.5449470675819	156.0
82.55494766693586	159.0
82.56494826628982	163.0
82.57494886564378	167.0
82.58494946499773	173.0
82.59495006435169	175.0
82.60495066370565	177.0
82.61495126305961	179.0
82.62495186241357	179.0
82.63495246176753	179.0
82.64495306112148	175.0
82.65495366047546	169.0
82.66495425982941	161.0
82.67495485918337	147.0
82.68495545853733	137.0
82.69495605789129	132.0
82.70495665724525	131.0
82.7149572565992	132.0
82.72495785595316	136.0
82.73495845530712	139.0
82.74495905466108	142.0
82.75495965401504	145.0
82.76496025336901	145.0
82.77496085272297	145.0
82.78496145207693	145.0
82.79496205143089	142.0
82.80496265078484	139.0
82.8149632501388	134.0
82.82496384949276	131.0
82.83496444884672	128.0
82.84496504820068	126.0
82.85496564755464	125.0
82.8649662469086	126.0
82.87496684626257	129.0
82.88496744561652	134.0
82.89496804497048	140.0
82.90496864432444	149.0
82.9149692436784	161.0
82.92496984303236	175.0
82.93497044238632	183.0
82.94497104174027	185.0
82.95497164109423	185.0
82.96497224044819	183.0
82.97497283980215	179.0
82.98497343915611	175.0
82.99497403851008	169.0
83.00497463786404	163.0
83.014975237218	156.0
83.02497583657195	147.0
83.03497643592591	147.0
83.04497703527987	147.0
83.05497763463383	150.0
83.06497823398779	152.0
83.07497883334175	156.0
83.0849794326957	159.0
83.09498003204966	163.0
83.10498063140363	165.0
83.11498123075759	169.0
83.12498183011155	171.0
83.13498242946551	171.0
83.14498302881947	171.0
83.15498362817343	169.0
83.16498422752738	167.0
83.17498482688134	163.0
83.1849854262353	161.0
83.19498602558926	159.0
83.20498662494322	159.0
83.21498722429719	161.0
83.22498782365115	165.0
83.2349884230051	175.0
83.24498902235906	185.0
83.25498962171302	196.0
83.26499022106698	210.0
83.27499082042094	226.0
83.2849914197749	242.0
83.29499201912886	253.0
83.30499261848281	265.0
83.31499321783677	275.0
83.32499381719074	278.0
83.3349944165447	206.0
83.34499501589866	192.0
83.35499561525262	179.0
83.36499621460658	169.0
83.37499681396054	163.0
83.3849974133145	158.0
83.39499801266845	154.0
83.40499861202241	154.0
83.41499921137637	156.0
83.42499981073033	161.0
83.4350004100843	167.0
83.44500100943826	173.0
83.45500160879222	179.0
83.46500220814617	187.0
83.47500280750013	196.0
83.48500340685409	203.0
83.49500400620805	213.0
83.50500460556201	215.0
83.51500520491597	213.0
83.52500580426992	208.0
83.53500640362388	201.0
83.54500700297784	192.0
83.55500760233181	179.0
83.56500820168577	173.0
83.57500880103973	169.0
83.58500940039369	169.0
83.59500999974765	171.0
83.6050105991016	173.0
83.61501119845556	175.0
83.62501179780952	179.0
83.63501239716348	183.0
83.64501299651744	190.0
83.6550135958714	192.0
83.66501419522537	196.0
83.67501479457933	201.0
83.68501539393328	206.0
83.69501599328724	210.0
83.7050165926412	210.0
83.71501719199516	210.0
83.72501779134912	208.0
83.73501839070308	206.0
83.74501899005703	201.0
83.75501958941099	196.0
83.76502018876495	139.0
83.77502078811892	139.0
83.78502138747288	142.0
83.79502198682684	145.0
83.8050225861808	149.0
83.81502318553476	156.0
83.82502378488871	161.0
83.83502438424267	167.0
83.84502498359663	169.0
83.85502558295059	169.0
83.86502618230455	165.0
83.8750267816585	158.0
83.88502738101248	152.0
83.89502798036644	147.0
83.9050285797204	142.0
83.91502917907435	137.0
83.92502977842831	136.0
83.93503037778227	134.0
83.94503097713623	136.0
83.95503157649019	139.0
83.96503217584414	142.0
83.9750327751981	144.0
83.98503337455206	144.0
83.99503397390603	140.0
84.00503457325999	136.0
84.01503517261395	0.0
84.02503577196791	0.0
84.03503637132187	0.0
84.04503697067582	0.0
84.05503757002978	0.0
84.06503816938374	0.0
84.0750387687377	0.0
84.08503936809166	0.0
84.09503996744562	0.0
84.10504056679959	0.0
84.11504116615355	165.0
84.1250417655075	161.0
84.13504236486146	159.0
84.14504296421542	158.0
84.15504356356938	156.0
84.16504416292334	154.0
84.1750447622773	154.0
84.18504536163125	154.0
84.19504596098521	156.0
84.20504656033917	159.0
84.21504715969313	161.0
84.2250477590471	163.0
84.23504835840106	163.0
84.24504895775502	163.0
84.25504955710898	163.0
84.26505015646293	159.0
84.27505075581689	156.0
84.28505135517085	150.0
84.29505195452481	147.0
84.30505255387877	142.0
84.31505315323272	140.0
84.32505375258668	140.0
84.33505435194066	144.0
84.34505495129461	149.0
84.35505555064857	154.0
84.36505615000253	161.0
84.37505674935649	167.0
84.38505734871045	173.0
84.3950579480644	175.0
84.40505854741836	177.0
84.41505914677232	175.0
84.42505974612628	173.0
84.43506034548024	169.0
84.44506094483421	163.0
84.45506154418817	156.0
84.46506214354213	150.0
84.47506274289609	147.0
84.48506334225004	150.0
84.495063941604	152.0
84.50506454095796	156.0
84.51506514031192	159.0
84.52506573966588	165.0
84.53506633901983	169.0
84.5450669383738	175.0
84.55506753772777	179.0
84.56506813708172	181.0
84.57506873643568	183.0
84.58506933578964	181.0
84.5950699351436	175.0
84.60507053449756	171.0
84.61507113385152	165.0
84.62507173320547	158.0
84.63507233255943	149.0
84.64507293191339	145.0
84.65507353126735	145.0
84.66507413062132	147.0
84.67507472997528	150.0
84.68507532932924	154.0
84.6950759286832	158.0
84.70507652803715	161.0
84.71507712739111	165.0
84.72507772674507	169.0
84.73507832609903	173.0
84.74507892545299	175.0
84.75507952480694	175.0
84.7650801241609	175.0
84.77508072351488	175.0
84.78508132286883	173.0
84.79508192222279	169.0
84.80508252157675	165.0
84.81508312093071	158.0
84.82508372028467	147.0
84.83508431963863	137.0
84.84508491899258	131.0
84.85508551834654	125.0
84.8650861177005	125.0
84.87508671705446	126.0
84.88508731640842	129.0
84.89508791576239	134.0
84.90508851511635	137.0
84.9150891144703	139.0
84.92508971382426	139.0
84.93509031317822	137.0
84.94509091253218	134.0
84.95509151188614	129.0
84.9650921112401	126.0
84.97509271059405	122.0
84.98509330994801	118.0
84.99509390930197	113.0
85.00509450865594	109.0
85.0150951080099	109.0
85.02509570736386	107.0
85.03509630671782	0.0
85.04509690607178	0.0
85.05509750542573	0.0
85.0650981047797	0.0
85.07509870413365	0.0
85.08509930348761	0.0
85.09509990284157	0.0
85.10510050219553	0.0
85.1151011015495	0.0
85.12510170090346	129.0
85.13510230025742	129.0
85.14510289961137	128.0
85.15510349896533	128.0
85.16510409831929	129.0
85.17510469767325	132.0
85.1851052970272	134.0
85.19510589638116	137.0
85.20510649573512	140.0
85.21510709508908	142.0
85.22510769444305	144.0
85.23510829379701	145.0
85.24510889315097	145.0
85.25510949250493	145.0
85.26511009185889	145.0
85.27511069121284	144.0
85.2851112905668	140.0
85.29511188992076	137.0
85.30511248927472	136.0
85.31511308862868	134.0
85.32511368798264	132.0
85.33511428733661	134.0
85.34511488669057	136.0
85.35511548604453	139.0
85.36511608539848	142.0
85.37511668475244	149.0
85.3851172841064	156.0
85.39511788346036	163.0
85.40511848281432	171.0
85.41511908216827	177.0
85.42511968152223	177.0
85.43512028087619	177.0
85.44512088023015	173.0
85.45512147958412	167.0
85.46512207893808	161.0
85.47512267829204	145.0
85.485123277646	140.0
85.49512387699995	140.0
85.50512447635391	144.0
85.51512507570787	150.0
85.52512567506183	158.0
85.53512627441579	169.0
85.54512687376975	177.0
85.5551274731237	183.0
85.56512807247768	183.0
85.57512867183164	183.0
85.5851292711856	177.0
85.59512987053955	169.0
85.60513046989351	0.0
85.61513106924747	0.0
85.62513166860143	0.0
85.63513226795538	0.0
85.64513286730934	0.0
85.6551334666633	0.0
85.66513406601726	0.0
85.67513466537123	0.0
85.68513526472519	0.0
85.69513586407915	0.0
85.7051364634331	0.0
85.71513706278706	0.0
85.72513766214102	0.0
85.73513826149498	0.0
85.74513886084894	0.0
85.7551394602029	0.0
85.76514005955686	0.0
85.77514065891081	0.0
85.78514125826479	0.0
85.79514185761875	0.0
85.8051424569727	0.0
85.81514305632666	0.0
85.82514365568062	0.0
85.83514425503458	0.0
85.84514485438854	0.0
85.8551454537425	194.0
85.86514605309645	190.0
85.87514665245041	185.0
85.88514725180437	179.0
85.89514785115834	173.0
85.9051484505123	165.0
85.91514904986626	159.0
85.92514964922022	156.0
85.93515024857417	154.0
85.94515084792813	154.0
85.95515144728209	156.0
85.96515204663605	159.0
85.97515264599001	165.0
85.98515324534397	173.0
85.99515384469792	177.0
86.0051544440519	183.0
86.01515504340585	187.0
86.02515564275981	190.0
86.03515624211377	190.0
86.04515684146773	187.0
86.05515744082169	181.0
86.06515804017565	173.0
86.0751586395296	165.0
86.08515923888356	156.0
86.09515983823752	150.0
86.10516043759148	150.0
86.11516103694544	152.0
86.12516163629941	158.0
86.13516223565337	167.0
86.14516283500733	179.0
86.15516343436128	187.0
86.16516403371524	199.0
86.1751646330692	206.0
86.18516523242316	215.0
86.19516583177712	220.0
86.20516643113108	223.0
86.21516703048503	223.0
86.22516762983899	218.0
86.23516822919296	210.0
86.24516882854692	206.0
86.25516942790088	196.0
86.26517002725484	187.0
86.2751706266088	177.0
86.28517122596276	171.0
86.29517182531671	167.0
86.30517242467067	163.0
86.31517302402463	163.0
86.32517362337859	161.0
86.33517422273255	161.0
86.34517482208652	161.0
86.35517542144048	159.0
86.36517602079444	158.0
86.3751766201484	0.0
86.38517721950235	0.0
86.39517781885631	0.0
86.40517841821027	0.0
86.41517901756423	0.0
86.42517961691819	220.0
86.43518021627214	215.0
86.4451808156261	213.0
86.45518141498007	210.0
86.46518201433403	210.0
86.47518261368799	210.0
86.48518321304195	210.0
86.49518381239591	210.0
86.50518441174987	210.0
86.51518501110382	208.0
86.52518561045778	208.0
86.53518620981174	206.0
86.5451868091657	208.0
86.55518740851966	208.0
86.56518800787363	210.0
86.57518860722759	213.0
86.58518920658155	218.0
86.5951898059355	218.0
86.60519040528946	218.0
86.61519100464342	218.0
86.62519160399738	215.0
86.63519220335134	213.0
86.6451928027053	208.0
86.65519340205925	208.0
86.66519400141321	208.0
86.67519460076718	210.0
86.68519520012114	218.0
86.6951957994751	226.0
86.70519639882906	234.0
86.71519699818302	239.0
86.72519759753698	245.0
86.73519819689093	250.0
86.74519879624489	259.0
86.75519939559885	268.0
86.76519999495281	291.0
86.77520059430677	301.0
86.78520119366073	301.0
86.7952017930147	298.0
86.80520239236866	288.0
86.81520299172261	199.0
86.82520359107657	196.0
86.83520419043053	196.0
86.84520478978449	199.0
86.85520538913845	206.0
86.8652059884924	210.0
86.87520658784636	215.0
86.88520718720032	215.0
86.89520778655428	215.0
86.90520838590825	215.0
86.91520898526221	213.0
86.92520958461617	213.0
86.93521018397013	213.0
86.94521078332409	213.0
86.95521138267804	218.0
86.965211982032	223.0
86.97521258138596	228.0
86.98521318073992	234.0
86.99521378009388	234.0
87.00521437944784	236.0
87.01521497880181	234.0
87.02521557815577	234.0
87.03521617750972	231.0
87.04521677686368	231.0
87.05521737621764	231.0
87.0652179755716	231.0
87.07521857492556	234.0
87.08521917427952	234.0
87.09521977363347	234.0
87.10522037298743	231.0
87.11522097234139	231.0
87.12522157169536	228.0
87.13522217104932	228.0
87.14522277040328	231.0
87.15522336975724	231.0
87.1652239691112	234.0
87.17522456846515	236.0
87.18522516781911	239.0
87.19522576717307	242.0
87.20522636652703	245.0
87.21522696588099	248.0
87.22522756523495	253.0
87.23522816458892	262.0
87.24522876394288	272.0
87.25522936329683	278.0
87.26522996265079	284.0
87.27523056200475	291.0
87.28523116135871	298.0
87.29523176071267	301.0
87.30523236006663	301.0
87.31523295942058	301.0
87.32523355877454	298.0
87.3352341581285	294.0
87.34523475748246	284.0
87.35523535683643	268.0
87.36523595619039	236.0
87.37523655554435	220.0
87.3852371548983	210.0
87.39523775425226	210.0
87.40523835360622	213.0
87.41523895296018	218.0
87.42523955231414	226.0
87.4352401516681	231.0
87.44524075102206	239.0
87.45524135037601	250.0
87.46524194972999	268.0
87.47524254908394	284.0
87.4852431484379	327.0
87.49524374779186	338.0
87.50524434714582	338.0
87.51524494649978	334.0
87.52524554585374	323.0
87.5352461452077	316.0
87.54524674456165	305.0
87.55524734391561	298.0
87.56524794326957	236.0
87.57524854262354	228.0
87.5852491419775	220.0
87.59524974133146	223.0
87.60525034068542	226.0
87.61525094003937	228.0
87.62525153939333	234.0
87.63525213874729	236.0
87.64525273810125	242.0
87.6552533374552	248.0
87.66525393680917	259.0
87.67525453616312	278.0
87.6852551355171	305.0
87.69525573487105	319.0
87.70525633422501	323.0
87.71525693357897	323.0
87.72525753293293	316.0
87.73525813228689	312.0
87.74525873164085	206.0
87.7552593309948	201.0
87.76525993034876	199.0
87.77526052970272	199.0
87.78526112905668	201.0
87.79526172841065	203.0
87.80526232776461	206.0
87.81526292711857	208.0
87.82526352647253	210.0
87.83526412582648	210.0
87.84526472518044	213.0
87.8552653245344	213.0
87.86526592388836	213.0
87.87526652324232	210.0
87.88526712259628	208.0
87.89526772195023	203.0
87.9052683213042	199.0
87.91526892065816	187.0
87.92526952001212	179.0
87.93527011936608	171.0
87.94527071872004	154.0
87.955271318074	144.0
87.96527191742796	140.0
87.97527251678191	140.0
87.98527311613587	144.0
87.99527371548983	147.0
88.00527431484379	154.0
88.01527491419775	159.0
88.02527551355172	167.0
88.03527611290568	175.0
88.04527671225964	190.0
88.0552773116136	196.0
88.06527791096755	206.0
88.07527851032151	208.0
88.08527910967547	208.0
88.09527970902943	201.0
88.10528030838339	190.0
88.11528090773734	177.0
88.1252815070913	169.0
88.13528210644527	165.0
88.14528270579923	165.0
88.15528330515319	167.0
88.16528390450715	175.0
88.1752845038611	181.0
88.18528510321507	187.0
88.19528570256902	203.0
88.20528630192298	218.0
88.21528690127694	242.0
88.2252875006309	284.0
88.23528809998486	308.0
88.24528869933883	319.0
88.25528929869279	323.0
88.26528989804675	319.0
88.2752904974007	308.0
88.28529109675466	294.0
88.29529169610862	275.0
88.30529229546258	194.0
88.31529289481654	192.0
88.3252934941705	192.0
88.33529409352445	194.0
88.34529469287841	199.0
88.35529529223238	203.0
88.36529589158634	210.0
88.3752964909403	213.0
88.38529709029426	213.0
88.39529768964822	210.0
88.40529828900218	206.0
88.41529888835613	203.0
88.42529948771009	0.0
88.43530008706405	0.0
88.44530068641801	0.0
88.45530128577197	0.0
88.46530188512594	0.0
88.4753024844799	0.0
88.48530308383386	156.0
88.49530368318781	147.0
88.50530428254177	145.0
88.51530488189573	147.0
88.52530548124969	150.0
88.53530608060365	156.0
88.5453066799576	161.0
88.55530727931156	167.0
88.56530787866552	175.0
88.5753084780195	181.0
88.58530907737345	185.0
88.59530967672741	190.0
88.60531027608137	192.0
88.61531087543533	194.0
88.62531147478929	194.0
88.63531207414324	192.0
88.6453126734972	185.0
88.65531327285116	179.0
88.66531387220512	171.0
88.67531447155908	165.0
88.68531507091303	163.0
88.69531567026701	161.0
88.70531626962097	161.0
88.71531686897492	159.0
88.72531746832888	159.0
88.73531806768284	158.0
88.7453186670368	156.0
88.75531926639076	150.0
88.76531986574471	147.0
88.77532046509867	147.0
88.78532106445263	149.0
88.79532166380659	152.0
88.80532226316056	158.0
88.81532286251452	161.0
88.82532346186848	165.0
88.83532406122244	167.0
88.8453246605764	167.0
88.85532525993035	169.0
88.86532585928431	169.0
88.87532645863827	169.0
88.88532705799223	169.0
88.89532765734619	169.0
88.90532825670014	167.0
88.91532885605412	167.0
88.92532945540808	167.0
88.93533005476203	165.0
88.94533065411599	163.0
88.95533125346995	161.0
88.96533185282391	163.0
88.97533245217787	165.0
88.98533305153182	171.0
88.99533365088578	177.0
89.00533425023974	183.0
89.0153348495937	187.0
89.02533544894767	190.0
89.03533604830163	194.0
89.04533664765559	194.0
89.05533724700955	196.0
89.0653378463635	196.0
89.07533844571746	194.0
89.08533904507142	192.0
89.09533964442538	190.0
89.10534024377934	185.0
89.1153408431333	183.0
89.12534144248725	179.0
89.13534204184123	177.0
89.14534264119519	173.0
89.15534324054914	169.0
89.1653438399031	165.0
89.17534443925706	159.0
89.18534503861102	150.0
89.19534563796498	142.0
89.20534623731893	139.0
89.2153468366729	140.0
89.22534743602685	142.0
89.23534803538081	147.0
89.24534863473477	152.0
89.25534923408874	158.0
89.2653498334427	159.0
89.27535043279666	163.0
89.28535103215061	165.0
89.29535163150457	167.0
89.30535223085853	167.0
89.31535283021249	169.0
89.32535342956645	171.0
89.3353540289204	173.0
89.34535462827436	175.0
89.35535522762832	177.0
89.3653558269823	177.0
89.37535642633625	175.0
89.38535702569021	171.0
89.39535762504417	169.0
89.40535822439813	165.0
89.41535882375209	165.0
89.42535942310604	169.0
89.43536002246	0.0
89.44536062181396	0.0
89.45536122116792	0.0
89.46536182052188	0.0
89.47536241987585	0.0
89.48536301922981	0.0
89.49536361858377	0.0
89.50536421793772	0.0
89.51536481729168	0.0
89.52536541664564	0.0
89.5353660159996	0.0
89.54536661535356	0.0
89.55536721470752	0.0
89.56536781406147	213.0
89.57536841341543	208.0
89.5853690127694	206.0
89.59536961212336	203.0
89.60537021147732	203.0
89.61537081083128	203.0
89.62537141018524	203.0
89.6353720095392	203.0
89.64537260889315	206.0
89.65537320824711	206.0
89.66537380760107	206.0
89.67537440695503	206.0
89.68537500630899	208.0
89.69537560566296	208.0
89.70537620501692	210.0
89.71537680437088	213.0
89.72537740372483	215.0
89.7353780030788	218.0
89.74537860243275	218.0
89.75537920178671	215.0
89.76537980114067	215.0
89.77538040049463	215.0
89.78538099984858	213.0
89.79538159920254	213.0
89.80538219855652	213.0
89.81538279791047	213.0
89.82538339726443	210.0
89.83538399661839	210.0
89.84538459597235	210.0
89.8553851953263	208.0
89.86538579468026	208.0
89.87538639403422	208.0
89.88538699338818	208.0
89.89538759274214	210.0
89.9053881920961	210.0
89.91538879145006	210.0
89.92538939080403	208.0
89.93538999015799	206.0
89.94539058951194	203.0
89.9553911888659	201.0
89.96539178821986	199.0
89.97539238757382	0.0
89.98539298692778	0.0
89.99539358628174	0.0
90.0053941856357	0.0
90.01539478498965	0.0
90.02539538434361	0.0
90.03539598369758	0.0
90.04539658305154	0.0
90.0553971824055	0.0
90.06539778175946	0.0
90.07539838111342	0.0
90.08539898046737	0.0
90.09539957982133	0.0
90.10540017917529	0.0
90.11540077852925	0.0
90.12540137788321	0.0
90.13540197723717	0.0
90.14540257659114	0.0
90.1554031759451	0.0
90.16540377529905	0.0
90.17540437465301	0.0
90.18540497400697	0.0
90.19540557336093	0.0
90.20540617271489	0.0
90.21540677206885	0.0
90.2254073714228	0.0
90.23540797077676	0.0
90.24540857013072	0.0
90.2554091694847	0.0
90.26540976883865	0.0
90.27541036819261	152.0
90.28541096754657	150.0
90.29541156690053	149.0
90.30541216625448	149.0
90.31541276560844	149.0
90.3254133649624	150.0
90.33541396431636	152.0
90.34541456367032	156.0
90.35541516302428	161.0
90.36541576237825	167.0
90.3754163617322	171.0
90.38541696108616	175.0
90.39541756044012	177.0
90.40541815979408	179.0
90.41541875914804	177.0
90.425419358502	173.0
90.43541995785596	169.0
90.44542055720991	161.0
90.45542115656387	150.0
90.46542175591783	145.0
90.4754223552718	140.0
90.48542295462576	140.0
90.49542355397972	145.0
90.50542415333368	150.0
90.51542475268764	158.0
90.5254253520416	165.0
90.53542595139555	173.0
90.54542655074951	175.0
90.55542715010347	175.0
90.56542774945743	173.0
90.57542834881139	171.0
90.58542894816534	169.0
90.59542954751932	165.0
90.60543014687327	159.0
90.61543074622723	152.0
90.62543134558119	149.0
90.63543194493515	149.0
90.64543254428911	150.0
90.65543314364307	156.0
90.66543374299702	161.0
90.67543434235098	169.0
90.68543494170494	177.0
90.6954355410589	185.0
90.70543614041287	194.0
90.71543673976683	203.0
90.72543733912079	210.0
90.73543793847475	213.0
90.7454385378287	213.0
90.75543913718266	215.0
90.76543973653662	215.0
90.77544033589058	215.0
90.78544093524454	218.0
90.7954415345985	218.0
90.80544213395245	220.0
90.81544273330643	220.0
90.82544333266038	218.0
90.83544393201434	213.0
90.8454445313683	208.0
90.85544513072226	203.0
90.86544573007622	196.0
90.87544632943018	192.0
90.88544692878413	185.0
90.89544752813809	185.0
90.90544812749205	185.0
90.91544872684601	187.0
90.92544932619998	192.0
90.93544992555394	196.0
90.9454505249079	201.0
90.95545112426186	206.0
90.96545172361581	208.0
90.97545232296977	208.0
90.98545292232373	208.0
90.99545352167769	206.0
91.00545412103165	203.0
91.0154547203856	201.0
91.02545531973956	201.0
91.03545591909354	203.0
91.0454565184475	208.0
91.05545711780145	223.0
91.06545771715541	239.0
91.07545831650937	250.0
91.08545891586333	275.0
91.09545951521729	291.0
91.10546011457124	323.0
91.1154607139252	334.0
91.12546131327916	338.0
91.13546191263312	334.0
91.14546251198708	327.0
91.15546311134105	316.0
91.16546371069501	305.0
91.17546431004897	298.0
91.18546490940292	291.0
91.19546550875688	218.0
91.20546610811084	218.0
91.2154667074648	220.0
91.22546730681876	226.0
91.23546790617272	231.0
91.24546850552667	236.0
91.25546910488063	239.0
91.2654697042346	245.0
91.27547030358856	248.0
91.28547090294252	253.0
91.29547150229648	262.0
91.30547210165044	0.0
91.3154727010044	308.0
91.32547330035835	0.0
91.33547389971231	0.0
91.34547449906627	0.0
91.35547509842023	0.0
91.36547569777419	278.0
91.37547629712816	275.0
91.38547689648212	203.0
91.39547749583608	196.0
91.40547809519003	194.0
91.41547869454399	194.0
91.42547929389795	199.0
91.43547989325191	201.0
91.44548049260587	206.0
91.45548109195983	208.0
91.46548169131378	208.0
91.47548229066774	208.0
91.48548289002171	203.0
91.49548348937567	196.0
91.50548408872963	177.0
91.51548468808359	0.0
91.52548528743755	0.0
91.5354858867915	0.0
91.54548648614546	0.0
91.55548708549942	0.0
91.56548768485338	0.0
91.57548828420734	0.0
91.5854888835613	0.0
91.59548948291527	0.0
91.60549008226923	0.0
91.61549068162319	0.0
91.62549128097714	0.0
91.6354918803311	0.0
91.64549247968506	0.0
91.65549307903902	0.0
91.66549367839298	0.0
91.67549427774694	0.0
91.6854948771009	0.0
91.69549547645485	0.0
91.70549607580882	0.0
91.71549667516278	268.0
91.72549727451674	265.0
91.7354978738707	262.0
91.74549847322466	256.0
91.75549907257862	245.0
91.76549967193257	234.0
91.77550027128653	228.0
91.78550087064049	226.0
91.79550146999445	220.0
91.8055020693484	218.0
91.81550266870236	218.0
91.82550326805634	226.0
91.8355038674103	231.0
91.84550446676425	239.0
91.85550506611821	245.0
91.86550566547217	250.0
91.87550626482613	256.0
91.88550686418009	259.0
91.89550746353405	259.0
91.905508062888	253.0
91.91550866224196	245.0
91.92550926159592	239.0
91.93550986094989	218.0
91.94551046030385	208.0
91.95551105965781	208.0
91.96551165901177	210.0
91.97551225836573	215.0
91.98551285771968	220.0
91.99551345707364	231.0
92.0055140564276	242.0
92.01551465578156	262.0
92.02551525513552	281.0
92.03551585448947	308.0
92.04551645384345	331.0
92.0555170531974	331.0
92.06551765255136	327.0
92.07551825190532	323.0
92.08551885125928	316.0
92.09551945061324	312.0
92.1055200499672	305.0
92.11552064932116	301.0
92.12552124867511	294.0
92.13552184802907	288.0
92.14552244738303	208.0
92.155523046737	208.0
92.16552364609096	210.0
92.17552424544492	210.0
92.18552484479888	215.0
92.19552544415284	220.0
92.2055260435068	228.0
92.21552664286075	239.0
92.22552724221471	245.0
92.23552784156867	256.0
92.24552844092263	275.0
92.25552904027658	301.0
92.26552963963056	305.0
92.27553023898452	298.0
92.28553083833847	284.0
92.29553143769243	236.0
92.30553203704639	231.0
92.31553263640035	226.0
92.3255332357543	226.0
92.33553383510827	226.0
92.34553443446222	228.0
92.35553503381618	231.0
92.36553563317014	236.0
92.37553623252411	242.0
92.38553683187807	248.0
92.39553743123203	259.0
92.40553803058599	275.0
92.41553862993995	284.0
92.4255392292939	301.0
92.43553982864786	312.0
92.44554042800182	312.0
92.45554102735578	308.0
92.46554162670974	301.0
92.4755422260637	291.0
92.48554282541765	284.0
92.49554342477163	265.0
92.50554402412558	203.0
92.51554462347954	199.0
92.5255452228335	199.0
92.53554582218746	199.0
92.54554642154142	201.0
92.55554702089537	203.0
92.56554762024933	206.0
92.57554821960329	206.0
92.58554881895725	208.0
92.59554941831121	208.0
92.60555001766518	208.0
92.61555061701914	206.0
92.6255512163731	203.0
92.63555181572706	199.0
92.64555241508101	192.0
92.65555301443497	183.0
92.66555361378893	177.0
92.67555421314289	169.0
92.68555481249685	165.0
92.6955554118508	163.0
92.70555601120476	163.0
92.71555661055874	163.0
92.7255572099127	165.0
92.73555780926665	167.0
92.74555840862061	167.0
92.75555900797457	169.0
92.76555960732853	171.0
92.77556020668248	173.0
92.78556080603644	177.0
92.7955614053904	181.0
92.80556200474436	190.0
92.81556260409832	196.0
92.82556320345229	210.0
92.83556380280625	215.0
92.8455644021602	218.0
92.85556500151417	226.0
92.86556560086812	234.0
92.87556620022208	239.0
92.88556679957604	239.0
92.89556739893	242.0
92.90556799828396	245.0
92.91556859763791	248.0
92.92556919699187	248.0
92.93556979634585	248.0
92.9455703956998	245.0
92.95557099505376	242.0
92.96557159440772	239.0
92.97557219376168	236.0
92.98557279311564	231.0
92.9955733924696	223.0
93.00557399182355	210.0
93.01557459117751	199.0
93.02557519053147	192.0
93.03557578988543	192.0
93.04557638923939	194.0
93.05557698859336	196.0
93.06557758794732	201.0
93.07557818730128	208.0
93.08557878665523	210.0
93.09557938600919	213.0
93.10557998536315	213.0
93.11558058471711	213.0
93.12558118407107	210.0
93.13558178342502	208.0
93.14558238277898	206.0
93.15558298213294	206.0
93.16558358148691	203.0
93.17558418084087	203.0
93.18558478019483	203.0
93.19558537954879	206.0
93.20558597890275	208.0
93.2155865782567	210.0
93.22558717761066	213.0
93.23558777696462	220.0
93.24558837631858	228.0
93.25558897567254	234.0
93.2655895750265	239.0
93.27559017438047	242.0
93.28559077373443	248.0
93.29559137308839	253.0
93.30559197244234	256.0
93.3155925717963	259.0
93.32559317115026	259.0
93.33559377050422	262.0
93.34559436985818	265.0
93.35559496921213	275.0
93.36559556856609	281.0
93.37559616792005	291.0
93.38559676727402	156.0
93.39559736662798	152.0
93.40559796598194	150.0
93.4155985653359	152.0
93.42559916468986	154.0
93.43559976404381	158.0
93.44560036339777	161.0
93.45560096275173	163.0
93.46560156210569	165.0
93.47560216145965	171.0
93.4856027608136	177.0
93.49560336016758	183.0
93.50560395952154	190.0
93.5156045588755	196.0
93.52560515822945	199.0
93.53560575758341	196.0
93.54560635693737	187.0
93.55560695629133	183.0
93.56560755564529	173.0
93.57560815499924	167.0
93.5856087543532	165.0
93.59560935370716	165.0
93.60560995306113	169.0
93.61561055241509	173.0
93.62561115176905	181.0
93.63561175112301	190.0
93.64561235047697	199.0
93.65561294983092	208.0
93.66561354918488	223.0
93.67561414853884	236.0
93.6856147478928	294.0
93.69561534724676	308.0
93.70561594660072	319.0
93.71561654595467	319.0
93.72561714530865	316.0
93.7356177446626	308.0
93.74561834401656	288.0
93.75561894337052	231.0
93.76561954272448	220.0
93.77562014207844	213.0
93.7856207414324	206.0
93.79562134078635	208.0
93.80562194014031	210.0
93.81562253949427	215.0
93.82562313884823	220.0
93.8356237382022	220.0
93.84562433755616	220.0
93.85562493691012	218.0
93.86562553626408	213.0
93.87562613561803	210.0
93.88562673497199	206.0
93.89562733432595	201.0
93.90562793367991	192.0
93.91562853303387	181.0
93.92562913238783	173.0
93.93562973174178	165.0
93.94563033109576	161.0
93.95563093044971	154.0
93.96563152980367	152.0
93.97563212915763	156.0
93.98563272851159	159.0
93.99563332786555	163.0
94.0056339272195	169.0
94.01563452657346	175.0
94.02563512592742	181.0
94.03563572528138	183.0
94.04563632463534	185.0
94.05563692398931	187.0
94.06563752334327	190.0
94.07563812269723	187.0
94.08563872205119	183.0
94.09563932140514	179.0
94.1056399207591	173.0
94.11564052011306	165.0
94.12564111946702	152.0
94.13564171882098	140.0
94.14564231817494	136.0
94.1556429175289	137.0
94.16564351688287	145.0
94.17564411623682	158.0
94.18564471559078	169.0
94.19564531494474	177.0
94.2056459142987	181.0
94.21564651365266	183.0
94.22564711300662	185.0
94.23564771236057	185.0
94.24564831171453	185.0
94.25564891106849	183.0
94.26564951042245	179.0
94.27565010977642	175.0
94.28565070913038	167.0
94.29565130848434	159.0
94.3056519078383	149.0
94.31565250719225	134.0
94.32565310654621	129.0
94.33565370590017	129.0
94.34565430525413	131.0
94.35565490460809	132.0
94.36565550396205	134.0
94.375656103316	136.0
94.38565670266996	137.0
94.39565730202393	137.0
94.4056579013779	137.0
94.41565850073185	136.0
94.42565910008581	136.0
94.43565969943977	134.0
94.44566029879373	132.0
94.45566089814768	131.0
94.46566149750164	129.0
94.4756620968556	128.0
94.48566269620956	126.0
94.49566329556352	126.0
94.50566389491749	126.0
94.51566449427145	129.0
94.5256650936254	134.0
94.53566569297936	139.0
94.54566629233332	149.0
94.55566689168728	156.0
94.56566749104124	163.0
94.5756680903952	173.0
94.58566868974916	181.0
94.59566928910311	181.0
94.60566988845707	179.0
94.61567048781104	171.0
94.625671087165	171.0
94.63567168651896	167.0
94.64567228587292	161.0
94.65567288522688	156.0
94.66567348458084	152.0
94.6756740839348	145.0
94.68567468328875	142.0
94.69567528264271	142.0
94.70567588199667	145.0
94.71567648135063	149.0
94.7256770807046	154.0
94.73567768005856	161.0
94.74567827941252	167.0
94.75567887876647	171.0
94.76567947812043	173.0
94.77568007747439	175.0
94.78568067682835	177.0
94.79568127618231	177.0
94.80568187553627	175.0
94.81568247489022	173.0
94.82568307424418	169.0
94.83568367359815	163.0
94.84568427295211	152.0
94.85568487230607	145.0
94.86568547166003	144.0
94.87568607101399	144.0
94.88568667036795	145.0
94.8956872697219	150.0
94.90568786907586	156.0
94.91568846842982	163.0
94.92568906778378	171.0
94.93568966713774	177.0
94.9456902664917	181.0
94.95569086584567	183.0
94.96569146519963	181.0
94.97569206455358	179.0
94.98569266390754	173.0
94.9956932632615	167.0
95.00569386261546	161.0
95.01569446196942	158.0
95.02569506132338	158.0
95.03569566067733	161.0
95.04569626003129	165.0
95.05569685938525	173.0
95.06569745873922	183.0
95.07569805809318	192.0
95.08569865744714	203.0
95.0956992568011	210.0
95.10569985615506	215.0
95.11570045550901	220.0
95.12570105486297	220.0
95.13570165421693	215.0
95.14570225357089	210.0
95.15570285292485	206.0
95.1657034522788	203.0
95.17570405163278	203.0
95.18570465098674	201.0
95.1957052503407	201.0
95.20570584969465	199.0
95.21570644904861	196.0
95.22570704840257	192.0
95.23570764775653	190.0
95.24570824711049	190.0
95.25570884646444	192.0
95.2657094458184	196.0
95.27571004517236	206.0
95.28571064452633	218.0
95.29571124388029	228.0
95.30571184323425	231.0
95.31571244258821	223.0
95.32571304194217	215.0
95.33571364129612	208.0
95.34571424065008	203.0
95.35571484000404	196.0
95.365715439358	194.0
95.37571603871196	194.0
95.38571663806592	196.0
95.39571723741989	201.0
95.40571783677385	206.0
95.4157184361278	213.0
95.42571903548176	223.0
95.43571963483572	236.0
95.44572023418968	253.0
95.45572083354364	288.0
95.4657214328976	301.0
95.47572203225155	301.0
95.48572263160551	294.0
95.49572323095947	281.0
95.50572383031344	275.0
95.5157244296674	0.0
95.52572502902136	0.0
95.53572562837532	0.0
95.54572622772928	0.0
95.55572682708323	0.0
95.56572742643719	0.0
95.57572802579115	0.0
95.58572862514511	0.0
95.59572922449907	0.0
95.60572982385303	0.0
95.61573042320698	0.0
95.62573102256096	0.0
95.63573162191491	0.0
95.64573222126887	0.0
95.65573282062283	0.0
95.66573341997679	0.0
95.67573401933075	0.0
95.6857346186847	0.0
95.69573521803866	0.0
95.70573581739262	0.0
95.71573641674658	0.0
95.72573701610054	0.0
95.73573761545451	0.0
95.74573821480847	0.0
95.75573881416243	226.0
95.76573941351639	226.0
95.77574001287034	228.0
95.7857406122243	228.0
95.79574121157826	231.0
95.80574181093222	231.0
95.81574241028618	234.0
95.82574300964014	234.0
95.8357436089941	234.0
95.84574420834807	236.0
95.85574480770202	236.0
95.86574540705598	239.0
95.87574600640994	242.0
95.8857466057639	245.0
95.89574720511786	248.0
95.90574780447182	250.0
95.91574840382577	248.0
95.92574900317973	245.0
95.93574960253369	242.0
95.94575020188765	236.0
95.95575080124162	231.0
95.96575140059558	223.0
95.97575199994954	218.0
95.9857525993035	215.0
95.99575319865745	213.0
96.00575379801141	226.0
96.01575439736537	236.0
96.02575499671933	245.0
96.03575559607329	253.0
96.04575619542724	262.0
96.0557567947812	278.0
96.06575739413518	291.0
96.07575799348913	298.0
96.08575859284309	301.0
96.09575919219705	301.0
96.10575979155101	294.0
96.11576039090497	288.0
96.12576099025893	275.0
96.13576158961288	265.0
96.14576218896684	256.0
96.1557627883208	248.0
96.16576338767476	242.0
96.17576398702873	236.0
96.18576458638269	231.0
96.19576518573665	231.0
96.2057657850906	231.0
96.21576638444456	234.0
96.22576698379852	234.0
96.23576758315248	234.0
96.24576818250644	234.0
96.2557687818604	231.0
96.26576938121435	0.0
96.27576998056831	0.0
96.28577057992227	0.0
96.29577117927624	0.0
96.3057717786302	0.0
96.31577237798416	0.0
96.32577297733812	0.0
96.33577357669208	0.0
96.34577417604604	0.0
96.3557747754	0.0
96.36577537475395	0.0
96.37577597410791	0.0
96.38577657346187	0.0
96.39577717281583	0.0
96.4057777721698	0.0
96.41577837152376	0.0
96.42577897087772	0.0
96.43577957023167	0.0
96.44578016958563	0.0
96.45578076893959	0.0
96.46578136829355	0.0
96.4757819676475	0.0
96.48578256700146	272.0
96.49578316635542	272.0
96.50578376570938	272.0
96.51578436506335	272.0
96.52578496441731	272.0
96.53578556377127	0.0
96.54578616312523	0.0
96.55578676247919	0.0
96.56578736183315	0.0
96.5757879611871	0.0
96.58578856054106	0.0
96.59578915989502	0.0
96.60578975924898	0.0
96.61579035860294	0.0
96.62579095795691	0.0
96.63579155731087	0.0
96.64579215666483	0.0
96.65579275601878	312.0
96.66579335537274	305.0
96.6757939547267	288.0
96.68579455408066	272.0
96.69579515343462	268.0
96.70579575278857	268.0
96.71579635214253	268.0
96.72579695149649	272.0
96.73579755085046	275.0
96.74579815020442	275.0
96.75579874955838	278.0
96.76579934891234	278.0
96.7757999482663	278.0
96.78580054762025	275.0
96.79580114697421	268.0
96.80580174632817	250.0
96.81580234568213	0.0
96.82580294503609	0.0
96.83580354439005	0.0
96.84580414374402	0.0
96.85580474309798	0.0
96.86580534245194	0.0
96.8758059418059	0.0
96.88580654115985	334.0
96.89580714051381	327.0
96.90580773986777	316.0
96.91580833922173	281.0
96.92580893857568	265.0
96.93580953792964	268.0
96.9458101372836	275.0
96.95581073663756	288.0
96.96581133599153	305.0
96.97581193534549	319.0
96.98581253469945	334.0
96.9958131340534	346.0
97.00581373340736	363.0
97.01581433276132	375.0
97.02581493211528	384.0
97.03581553146924	389.0
97.0458161308232	389.0
97.05581673017716	384.0
97.06581732953111	380.0
97.07581792888509	375.0
97.08581852823905	367.0
97.095819127593	358.0
97.10581972694696	346.0
97.11582032630092	331.0
97.12582092565488	319.0
97.13582152500884	316.0
97.1458221243628	312.0
97.15582272371675	308.0
97.16582332307071	305.0
97.17582392242467	305.0
97.18582452177864	301.0
97.1958251211326	301.0
97.20582572048656	301.0
97.21582631984052	305.0
97.22582691919447	305.0
97.23582751854843	308.0
97.24582811790239	308.0
97.25582871725635	312.0
97.26582931661031	312.0
97.27582991596427	316.0
97.28583051531822	316.0
97.2958311146722	319.0
97.30583171402616	319.0
97.31583231338011	323.0
97.32583291273407	327.0
97.33583351208803	334.0
97.34583411144199	342.0
97.35583471079595	0.0
97.3658353101499	0.0
97.37583590950386	0.0
97.38583650885782	0.0
97.39583710821178	0.0
97.40583770756575	0.0
97.41583830691971	0.0
97.42583890627367	0.0
97.43583950562763	0.0
97.44584010498158	0.0
97.45584070433554	308.0
97.4658413036895	275.0
97.47584190304346	272.0
97.48584250239742	268.0
97.49584310175138	268.0
97.50584370110533	272.0
97.51584430045929	272.0
97.52584489981326	272.0
97.53584549916722	275.0
97.54584609852118	278.0
97.55584669787514	278.0
97.5658472972291	281.0
97.57584789658306	284.0
97.58584849593701	284.0
97.59584909529097	284.0
97.60584969464493	278.0
97.61585029399889	272.0
97.62585089335285	259.0
97.63585149270682	245.0
97.64585209206078	215.0
97.65585269141474	208.0
97.6658532907687	201.0
97.67585389012265	199.0
97.68585448947661	199.0
97.69585508883057	201.0
97.70585568818453	203.0
97.71585628753849	208.0
97.72585688689244	210.0
97.7358574862464	215.0
97.74585808560037	220.0
97.75585868495433	228.0
97.76585928430829	236.0
97.77585988366225	242.0
97.78586048301621	242.0
97.79586108237017	242.0
97.80586168172412	239.0
97.81586228107808	234.0
97.82586288043204	228.0
97.835863479786	223.0
97.84586407913996	223.0
97.85586467849393	223.0
97.86586527784789	228.0
97.87586587720185	234.0
97.8858664765558	239.0
97.89586707590976	245.0
97.90586767526372	250.0
97.91586827461768	259.0
97.92586887397164	268.0
97.9358694733256	0.0
97.94587007267955	350.0
97.95587067203351	354.0
97.96587127138748	350.0
97.97587187074144	0.0
97.9858724700954	0.0
97.99587306944936	301.0
98.00587366880332	301.0
98.01587426815728	298.0
98.02587486751123	291.0
98.03587546686519	288.0
98.04587606621915	288.0
98.05587666557311	288.0
98.06587726492707	291.0
98.07587786428104	298.0
98.085878463635	305.0
98.09587906298896	316.0
98.10587966234291	331.0
98.11588026169687	346.0
98.12588086105083	358.0
98.13588146040479	367.0
98.14588205975875	375.0
98.1558826591127	380.0
98.16588325846666	380.0
98.17588385782062	375.0
98.18588445717458	371.0
98.19588505652855	367.0
98.20588565588251	358.0
98.21588625523647	350.0
98.22588685459043	334.0
98.23588745394439	312.0
98.24588805329834	281.0
98.2558886526523	275.0
98.26588925200626	268.0
98.27588985136022	265.0
98.28589045071418	265.0
98.29589105006814	265.0
98.30589164942211	268.0
98.31589224877607	268.0
98.32589284813002	268.0
98.33589344748398	272.0
98.34589404683794	272.0
98.3558946461919	272.0
98.36589524554586	275.0
98.37589584489982	275.0
98.38589644425377	275.0
98.39589704360773	275.0
98.40589764296169	275.0
98.41589824231566	275.0
98.42589884166962	275.0
98.43589944102358	275.0
98.44590004037754	275.0
98.4559006397315	275.0
98.46590123908545	278.0
98.47590183843941	281.0
98.48590243779337	281.0
98.49590303714733	284.0
98.50590363650129	284.0
98.51590423585525	284.0
98.52590483520922	284.0
98.53590543456318	281.0
98.54590603391713	281.0
98.55590663327109	275.0
98.56590723262505	262.0
98.57590783197901	245.0
98.58590843133297	236.0
98.59590903068693	213.0
98.60590963004088	203.0
98.61591022939484	199.0
98.6259108287488	201.0
98.63591142810277	203.0
98.64591202745673	208.0
98.65591262681069	215.0
98.66591322616465	223.0
98.6759138255186	234.0
98.68591442487256	242.0
98.69591502422652	253.0
98.70591562358048	262.0
98.71591622293444	268.0
98.7259168222884	268.0
98.73591742164236	308.0
98.74591802099633	291.0
98.75591862035029	259.0
98.76591921970424	218.0
98.7759198190582	206.0
98.78592041841216	196.0
98.79592101776612	196.0
98.80592161712008	199.0
98.81592221647404	203.0
98.825922815828	206.0
98.83592341518195	208.0
98.84592401453591	210.0
98.85592461388987	213.0
98.86592521324384	213.0
98.8759258125978	213.0
98.88592641195176	210.0
98.89592701130572	208.0
98.90592761065967	208.0
98.91592821001363	203.0
98.92592880936759	201.0
98.93592940872155	199.0
98.9459300080755	196.0
98.95593060742947	194.0
98.96593120678342	194.0
98.9759318061374	196.0
98.98593240549135	201.0
98.99593300484531	206.0
99.00593360419927	215.0
99.01593420355323	223.0
99.02593480290719	236.0
99.03593540226115	245.0
99.0459360016151	253.0
99.05593660096906	265.0
99.06593720032302	275.0
99.07593779967698	281.0
99.08593839903095	278.0
99.09593899838491	234.0
99.10593959773887	228.0
99.11594019709283	226.0
99.12594079644678	226.0
99.13594139580074	228.0
99.1459419951547	231.0
99.15594259450866	234.0
99.16594319386262	236.0
99.17594379321658	242.0
99.18594439257053	248.0
99.1959449919245	253.0
99.20594559127846	256.0
99.21594619063242	262.0
99.22594678998638	265.0
99.23594738934034	268.0
99.2459479886943	272.0
99.25594858804826	272.0
99.26594918740221	268.0
99.27594978675617	268.0
99.28595038611013	265.0
99.29595098546409	265.0
99.30595158481806	262.0
99.31595218417202	259.0
99.32595278352598	256.0
99.33595338287994	250.0
99.3459539822339	245.0
99.35595458158785	234.0
99.36595518094181	220.0
99.37595578029577	208.0
99.38595637964973	208.0
99.39595697900369	208.0
99.40595757835764	213.0
99.4159581777116	223.0
99.42595877706557	234.0
99.43595937641953	242.0
99.44595997577349	256.0
99.45596057512745	268.0
99.46596117448141	278.0
99.47596177383537	281.0
99.48596237318932	281.0
99.49596297254328	272.0
99.50596357189724	262.0
99.5159641712512	253.0
99.52596477060516	245.0
99.53596536995913	239.0
99.54596596931309	236.0
99.55596656866705	234.0
99.565967168021	234.0
99.57596776737496	234.0
99.58596836672892	234.0
99.59596896608288	236.0
99.60596956543684	236.0
99.6159701647908	236.0
99.62597076414475	239.0
99.63597136349871	239.0
99.64597196285268	239.0
99.65597256220664	239.0
99.6659731615606	242.0
99.67597376091456	245.0
99.68597436026852	256.0
99.69597495962248	272.0
99.70597555897643	278.0
99.71597615833039	284.0
99.72597675768435	288.0
99.73597735703831	208.0
99.74597795639227	201.0
99.75597855574624	190.0
99.7659791551002	185.0
99.77597975445416	187.0
99.78598035380811	192.0
99.79598095316207	196.0
99.80598155251603	201.0
99.81598215186999	203.0
99.82598275122395	203.0
99.8359833505779	203.0
99.84598394993186	196.0
99.85598454928582	196.0
99.8659851486398	196.0
99.87598574799375	194.0
99.88598634734771	190.0
99.89598694670167	185.0
99.90598754605563	179.0
99.91598814540959	171.0
99.92598874476354	159.0
99.9359893441175	149.0
99.94598994347146	145.0
99.95599054282542	144.0
99.96599114217938	147.0
99.97599174153335	152.0
99.98599234088731	156.0
99.99599294024127	159.0
100.00599353959522	163.0
100.01599413894918	167.0
100.02599473830314	171.0
100.0359953376571	175.0
100.04599593701106	177.0
100.05599653636502	177.0
100.06599713571897	175.0
100.07599773507293	169.0
100.08599833442689	163.0
100.09599893378086	149.0
100.10599953313482	142.0
100.11600013248878	139.0
100.12600073184274	139.0
100.1360013311967	149.0
100.14600193055065	159.0
100.15600252990461	165.0
100.16600312925857	175.0
100.17600372861253	179.0
100.18600432796649	179.0
100.19600492732044	177.0
100.20600552667442	173.0
100.21600612602838	169.0
100.22600672538233	163.0
100.23600732473629	156.0
100.24600792409025	149.0
100.25600852344421	140.0
100.26600912279817	136.0
100.27600972215212	134.0
100.28601032150608	132.0
100.29601092086004	132.0
100.306011520214	134.0
100.31601211956797	137.0
100.32601271892193	142.0
100.33601331827589	145.0
100.34601391762985	147.0
100.3560145169838	145.0
100.36601511633776	144.0
100.37601571569172	140.0
100.38601631504568	136.0
100.39601691439964	129.0
100.4060175137536	122.0
100.41601811310755	119.0
100.42601871246153	117.0
100.43601931181549	118.0
100.44601991116944	121.0
100.4560205105234	139.0
100.46602110987736	145.0
100.47602170923132	154.0
100.48602230858528	161.0
100.49602290793923	167.0
100.5060235072932	175.0
100.51602410664715	181.0
100.52602470600111	183.0
100.53602530535508	181.0
100.54602590470904	177.0
100.556026504063	169.0
100.56602710341696	159.0
100.57602770277092	149.0
100.58602830212487	140.0
100.59602890147883	136.0
100.60602950083279	134.0
100.61603010018675	134.0
100.6260306995407	136.0
100.63603129889466	144.0
100.64603189824864	150.0
100.6560324976026	163.0
100.66603309695655	171.0
100.67603369631051	175.0
100.68603429566447	177.0
100.69603489501843	177.0
100.70603549437239	175.0
100.71603609372634	171.0
100.7260366930803	167.0
100.73603729243426	167.0
100.74603789178822	0.0
100.75603849114218	0.0
100.76603909049615	0.0
100.77603968985011	0.0
100.78604028920407	0.0
100.79604088855803	0.0
100.80604148791198	0.0
100.81604208726594	0.0
100.8260426866199	0.0
100.83604328597386	0.0
100.84604388532782	0.0
100.85604448468177	0.0
100.86604508403573	0.0
100.8760456833897	0.0
100.88604628274366	0.0
100.89604688209762	0.0
100.90604748145158	0.0
100.91604808080554	0.0
100.9260486801595	0.0
100.93604927951345	0.0
100.94604987886741	0.0
100.95605047822137	0.0
100.96605107757533	0.0
100.97605167692929	154.0
100.98605227628326	156.0
100.99605287563722	156.0
101.00605347499118	154.0
101.01605407434513	152.0
101.0260546736991	150.0
101.03605527305305	150.0
101.04605587240701	149.0
101.05605647176097	150.0
101.06605707111493	150.0
101.07605767046888	150.0
101.08605826982284	152.0
101.09605886917682	154.0
101.10605946853077	154.0
101.11606006788473	154.0
101.12606066723869	158.0
101.13606126659265	158.0
101.1460618659466	158.0
101.15606246530056	154.0
101.16606306465452	145.0
101.17606366400848	137.0
101.18606426336244	132.0
101.1960648627164	132.0
101.20606546207037	136.0
101.21606606142433	140.0
101.22606666077829	147.0
101.23606726013224	156.0
101.2460678594862	177.0
101.25606845884016	183.0
101.26606905819412	192.0
101.27606965754808	203.0
101.28607025690204	210.0
101.296070856256	213.0
101.30607145560995	210.0
101.31607205496391	259.0
101.32607265431788	253.0
101.33607325367184	245.0
101.3460738530258	234.0
101.35607445237976	218.0
101.36607505173372	208.0
101.37607565108767	0.0
101.38607625044163	156.0
101.39607684979559	156.0
101.40607744914955	159.0
101.41607804850351	163.0
101.42607864785747	165.0
101.43607924721144	169.0
101.4460798465654	167.0
101.45608044591935	167.0
101.46608104527331	163.0
101.47608164462727	163.0
101.48608224398123	167.0
101.49608284333519	169.0
101.50608344268915	167.0
101.5160840420431	152.0
101.52608464139706	147.0
101.53608524075102	140.0
101.546085840105	139.0
101.55608643945895	137.0
101.56608703881291	137.0
101.57608763816687	139.0
101.58608823752083	139.0
101.59608883687478	140.0
101.60608943622874	140.0
101.6160900355827	139.0
101.62609063493666	137.0
101.63609123429062	136.0
101.64609183364458	131.0
101.65609243299855	126.0
101.6660930323525	124.0
101.67609363170646	125.0
101.68609423106042	129.0
101.69609483041438	136.0
101.70609542976834	140.0
101.7160960291223	145.0
101.72609662847626	152.0
101.73609722783021	156.0
101.74609782718417	161.0
101.75609842653813	167.0
101.7660990258921	173.0
101.77609962524606	177.0
101.78610022460002	181.0
101.79610082395398	181.0
101.80610142330794	181.0
101.8161020226619	177.0
101.82610262201585	173.0
101.83610322136981	167.0
101.84610382072377	159.0
101.85610442007773	152.0
101.86610501943169	147.0
101.87610561878566	144.0
101.88610621813962	144.0
101.89610681749357	145.0
101.90610741684753	147.0
101.91610801620149	150.0
101.92610861555545	154.0
101.93610921490941	159.0
101.94610981426337	163.0
101.95611041361732	167.0
101.96611101297128	169.0
101.97611161232524	173.0
101.9861122116792	175.0
101.99611281103317	177.0
102.00611341038713	0.0
102.01611400974109	0.0
102.02611460909505	0.0
102.036115208449	0.0
102.04611580780296	242.0
102.05611640715692	234.0
102.06611700651088	213.0
102.07611760586484	115.0
102.0861182052188	125.0
102.09611880457275	134.0
102.10611940392673	134.0
102.11612000328068	136.0
102.12612060263464	137.0
102.1361212019886	140.0
102.14612180134256	142.0
102.15612240069652	142.0
102.16612300005048	142.0
102.17612359940443	139.0
102.18612419875839	134.0
102.19612479811235	129.0
102.20612539746631	128.0
102.21612599682028	125.0
102.22612659617424	125.0
102.2361271955282	125.0
102.24612779488216	126.0
102.25612839423611	128.0
102.26612899359007	131.0
102.27612959294403	136.0
102.28613019229799	140.0
102.29613079165195	147.0
102.3061313910059	158.0
102.31613199035986	165.0
102.32613258971384	173.0
102.3361331890678	175.0
102.34613378842175	175.0
102.35613438777571	175.0
102.36613498712967	171.0
102.37613558648363	0.0
102.38613618583759	0.0
102.39613678519154	0.0
102.4061373845455	0.0
102.41613798389946	0.0
102.42613858325342	0.0
102.43613918260739	142.0
102.44613978196135	137.0
102.45614038131531	136.0
102.46614098066927	136.0
102.47614158002322	136.0
102.48614217937718	136.0
102.49614277873114	136.0
102.5061433780851	137.0
102.51614397743906	137.0
102.52614457679302	137.0
102.53614517614697	137.0
102.54614577550095	137.0
102.5561463748549	139.0
102.56614697420886	139.0
102.57614757356282	140.0
102.58614817291678	140.0
102.59614877227074	144.0
102.6061493716247	147.0
102.61614997097865	152.0
102.62615057033261	159.0
102.63615116968657	167.0
102.64615176904053	175.0
102.65615236839449	187.0
102.66615296774846	196.0
102.67615356710242	206.0
102.68615416645638	213.0
102.69615476581033	213.0
102.70615536516429	213.0
102.71615596451825	210.0
102.72615656387221	208.0
102.73615716322617	245.0
102.74615776258013	242.0
102.75615836193408	234.0
102.76615896128804	228.0
102.77615956064201	0.0
102.78616015999597	140.0
102.79616075934993	142.0
102.80616135870389	145.0
102.81616195805785	149.0
102.8261625574118	152.0
102.83616315676576	152.0
102.84616375611972	152.0
102.85616435547368	150.0
102.86616495482764	150.0
102.8761655541816	149.0
102.88616615353557	150.0
102.89616675288953	150.0
102.90616735224349	152.0
102.91616795159744	149.0
102.9261685509514	142.0
102.93616915030536	137.0
102.94616974965932	136.0
102.95617034901328	136.0
102.96617094836724	139.0
102.9761715477212	145.0
102.98617214707515	152.0
102.99617274642912	163.0
103.00617334578308	173.0
103.01617394513704	183.0
103.026174544491	190.0
103.03617514384496	196.0
103.04617574319892	196.0
103.05617634255287	194.0
103.06617694190683	190.0
103.07617754126079	0.0
103.08617814061475	0.0
103.0961787399687	0.0
103.10617933932268	0.0
103.11617993867664	242.0
103.1261805380306	234.0
103.13618113738455	231.0
103.14618173673851	0.0
103.15618233609247	124.0
103.16618293544643	125.0
103.17618353480039	126.0
103.18618413415435	128.0
103.1961847335083	131.0
103.20618533286226	132.0
103.21618593221622	134.0
103.22618653157019	134.0
103.23618713092415	134.0
103.24618773027811	132.0
103.25618832963207	131.0
103.26618892898603	129.0
103.27618952833998	129.0
103.28619012769394	129.0
103.2961907270479	131.0
103.30619132640186	132.0
103.31619192575582	136.0
103.32619252510978	142.0
103.33619312446375	150.0
103.3461937238177	159.0
103.35619432317166	171.0
103.36619492252562	183.0
103.37619552187958	201.0
103.38619612123354	218.0
103.3961967205875	0.0
103.40619731994146	0.0
103.41619791929541	0.0
103.42619851864937	0.0
103.43619911800333	0.0
103.4461997173573	0.0
103.45620031671126	183.0
103.46620091606522	181.0
103.47620151541918	134.0
103.48620211477314	131.0
103.4962027141271	131.0
103.50620331348105	131.0
103.51620391283501	136.0
103.52620451218897	140.0
103.53620511154293	144.0
103.54620571089688	147.0
103.55620631025086	149.0
103.56620690960482	150.0
103.57620750895877	142.0
103.58620810831273	137.0
103.59620870766669	122.0
103.60620930702065	118.0
103.6162099063746	114.0
103.62621050572857	113.0
103.63621110508252	111.0
103.64621170443648	113.0
103.65621230379044	115.0
103.66621290314441	118.0
103.67621350249837	119.0
103.68621410185233	0.0
103.69621470120629	0.0
103.70621530056025	0.0
103.7162158999142	0.0
103.72621649926816	0.0
103.73621709862212	0.0
103.74621769797608	0.0
103.75621829733004	0.0
103.766218896684	0.0
103.77621949603797	0.0
103.78622009539193	0.0
103.79622069474588	0.0
103.80622129409984	0.0
103.8162218934538	0.0
103.82622249280776	158.0
103.83622309216172	156.0
103.84622369151568	154.0
103.85622429086963	150.0
103.86622489022359	149.0
103.87622548957755	145.0
103.88622608893151	144.0
103.89622668828548	142.0
103.90622728763944	142.0
103.9162278869934	142.0
103.92622848634736	142.0
103.93622908570131	140.0
103.94622968505527	139.0
103.95623028440923	137.0
103.96623088376319	132.0
103.97623148311715	128.0
103.9862320824711	126.0
103.99623268182506	124.0
104.00623328117904	121.0
104.016233880533	121.0
104.02623447988695	124.0
104.03623507924091	129.0
104.04623567859487	136.0
104.05623627794883	142.0
104.06623687730279	149.0
104.07623747665674	158.0
104.0862380760107	165.0
104.09623867536466	173.0
104.10623927471862	175.0
104.11623987407259	177.0
104.12624047342655	177.0
104.1362410727805	175.0
104.14624167213447	171.0
104.15624227148842	165.0
104.16624287084238	159.0
104.17624347019634	150.0
104.1862440695503	142.0
104.19624466890426	142.0
104.20624526825821	145.0
104.21624586761217	152.0
104.22624646696615	159.0
104.2362470663201	165.0
104.24624766567406	175.0
104.25624826502802	183.0
104.26624886438198	190.0
104.27624946373594	192.0
104.2862500630899	192.0
104.29625066244385	187.0
104.30625126179781	179.0
104.31625186115177	175.0
104.32625246050573	167.0
104.3362530598597	159.0
104.34625365921366	150.0
104.35625425856762	145.0
104.36625485792158	144.0
104.37625545727553	144.0
104.38625605662949	145.0
104.39625665598345	147.0
104.40625725533741	149.0
104.41625785469137	150.0
104.42625845404532	150.0
104.43625905339928	149.0
104.44625965275326	147.0
104.45626025210721	149.0
104.46626085146117	150.0
104.47626145081513	156.0
104.48626205016909	163.0
104.49626264952305	167.0
104.506263248877	169.0
104.51626384823096	171.0
104.52626444758492	173.0
104.53626504693888	173.0
104.54626564629284	173.0
104.5562662456468	173.0
104.56626684500077	173.0
104.57626744435473	173.0
104.58626804370869	171.0
104.59626864306264	0.0
104.6062692424166	0.0
104.61626984177056	0.0
104.62627044112452	0.0
104.63627104047848	0.0
104.64627163983243	0.0
104.65627223918639	0.0
104.66627283854035	0.0
104.67627343789432	0.0
104.68627403724828	0.0
104.69627463660224	0.0
104.7062752359562	0.0
104.71627583531016	0.0
104.72627643466411	0.0
104.73627703401807	0.0
104.74627763337203	0.0
104.75627823272599	0.0
104.76627883207995	0.0
104.7762794314339	0.0
104.78628003078788	0.0
104.79628063014184	0.0
104.8062812294958	0.0
104.81628182884975	0.0
104.82628242820371	0.0
104.83628302755767	0.0
104.84628362691163	0.0
104.85628422626559	0.0
104.86628482561954	0.0
104.8762854249735	0.0
104.88628602432746	0.0
104.89628662368143	169.0
104.90628722303539	167.0
104.91628782238935	165.0
104.92628842174331	163.0
104.93628902109727	163.0
104.94628962045122	165.0
104.95629021980518	165.0
104.96629081915914	167.0
104.9762914185131	167.0
104.98629201786706	169.0
104.99629261722102	169.0
105.00629321657499	169.0
105.01629381592895	169.0
105.0262944152829	169.0
105.03629501463686	0.0
105.04629561399082	196.0
105.05629621334478	196.0
105.06629681269874	196.0
105.0762974120527	196.0
105.08629801140665	199.0
105.09629861076061	203.0
105.10629921011457	206.0
105.11629980946853	210.0
105.1263004088225	213.0
105.13630100817646	215.0
105.14630160753042	215.0
105.15630220688438	215.0
105.16630280623833	213.0
105.1763034055923	213.0
105.18630400494625	213.0
105.19630460430021	213.0
105.20630520365417	201.0
105.21630580300813	201.0
105.22630640236208	213.0
105.23630700171606	213.0
105.24630760107001	210.0
105.25630820042397	208.0
105.26630879977793	206.0
105.27630939913189	203.0
105.28630999848585	201.0
105.2963105978398	201.0
105.30631119719376	206.0
105.31631179654772	218.0
105.32631239590168	231.0
105.33631299525564	248.0
105.34631359460961	259.0
105.35631419396357	284.0
105.36631479331753	308.0
105.37631539267149	327.0
105.38631599202544	338.0
105.3963165913794	334.0
105.40631719073336	331.0
105.41631779008732	323.0
105.42631838944128	316.0
105.43631898879524	301.0
105.4463195881492	281.0
105.45632018750317	239.0
105.46632078685712	228.0
105.47632138621108	226.0
105.48632198556504	228.0
105.496322584919	231.0
105.50632318427296	234.0
105.51632378362692	239.0
105.52632438298087	245.0
105.53632498233483	250.0
105.54632558168879	256.0
105.55632618104275	259.0
105.56632678039672	265.0
105.57632737975068	0.0
105.58632797910464	0.0
105.5963285784586	0.0
105.60632917781255	0.0
105.61632977716651	0.0
105.62633037652047	0.0
105.63633097587443	0.0
105.64633157522839	312.0
105.65633217458235	305.0
105.6663327739363	298.0
105.67633337329028	215.0
105.68633397264423	213.0
105.6963345719982	210.0
105.70633517135215	208.0
105.71633577070611	208.0
105.72633637006007	206.0
105.73633696941403	203.0
105.74633756876798	203.0
105.75633816812194	203.0
105.7663387674759	203.0
105.77633936682986	203.0
105.78633996618382	206.0
105.79634056553779	206.0
105.80634116489175	208.0
105.8163417642457	208.0
105.82634236359966	210.0
105.83634296295362	210.0
105.84634356230758	213.0
105.85634416166154	215.0
105.8663447610155	215.0
105.87634536036946	218.0
105.88634595972341	218.0
105.89634655907737	218.0
105.90634715843134	215.0
105.9163477577853	215.0
105.92634835713926	213.0
105.93634895649322	210.0
105.94634955584718	206.0
105.95635015520114	201.0
105.9663507545551	194.0
105.97635135390905	185.0
105.98635195326301	177.0
105.99635255261697	173.0
106.00635315197093	0.0
106.0163537513249	0.0
106.02635435067886	0.0
106.03635495003282	0.0
106.04635554938677	0.0
106.05635614874073	0.0
106.06635674809469	0.0
106.07635734744865	0.0
106.08635794680261	0.0
106.09635854615657	0.0
106.10635914551052	0.0
106.11635974486448	0.0
106.12636034421845	0.0
106.13636094357241	0.0
106.14636154292637	0.0
106.15636214228033	0.0
106.16636274163429	0.0
106.17636334098825	0.0
106.1863639403422	0.0
106.19636453969616	0.0
106.20636513905012	0.0
106.21636573840408	0.0
106.22636633775804	0.0
106.23636693711201	0.0
106.24636753646597	0.0
106.25636813581993	0.0
106.26636873517388	0.0
106.27636933452784	0.0
106.2863699338818	0.0
106.29637053323576	0.0
106.30637113258972	0.0
106.31637173194368	0.0
106.32637233129763	0.0
106.33637293065159	0.0
106.34637353000556	0.0
106.35637412935952	0.0
106.36637472871348	0.0
106.37637532806744	0.0
106.3863759274214	154.0
106.39637652677536	152.0
106.40637712612931	152.0
106.41637772548327	152.0
106.42637832483723	154.0
106.43637892419119	158.0
106.44637952354515	161.0
106.4563801228991	165.0
106.46638072225308	171.0
106.47638132160704	175.0
106.486381920961	179.0
106.49638252031495	181.0
106.50638311966891	183.0
106.51638371902287	181.0
106.52638431837683	179.0
106.53638491773079	179.0
106.54638551708474	179.0
106.5563861164387	179.0
106.56638671579266	181.0
106.57638731514663	183.0
106.58638791450059	183.0
106.59638851385455	183.0
106.60638911320851	185.0
106.61638971256247	187.0
106.62639031191642	196.0
106.63639091127038	203.0
106.64639151062434	213.0
106.6563921099783	218.0
106.66639270933226	220.0
106.67639330868622	223.0
106.68639390804019	218.0
106.69639450739415	215.0
106.7063951067481	213.0
106.71639570610206	208.0
106.72639630545602	203.0
106.73639690480998	196.0
106.74639750416394	190.0
106.7563981035179	183.0
106.76639870287185	181.0
106.77639930222581	183.0
106.78639990157977	192.0
106.79640050093374	201.0
106.8064011002877	210.0
106.81640169964166	220.0
106.82640229899562	236.0
106.83640289834958	0.0
106.84640349770353	331.0
106.85640409705749	334.0
106.86640469641145	0.0
106.87640529576541	0.0
106.88640589511937	0.0
106.89640649447333	0.0
106.9064070938273	305.0
106.91640769318126	301.0
106.92640829253521	291.0
106.93640889188917	208.0
106.94640949124313	201.0
106.95641009059709	201.0
106.96641068995105	201.0
106.976411289305	203.0
106.98641188865896	206.0
106.99641248801292	208.0
107.00641308736688	210.0
107.01641368672084	210.0
107.02641428607481	210.0
107.03641488542877	210.0
107.04641548478273	208.0
107.05641608413669	203.0
107.06641668349064	203.0
107.0764172828446	206.0
107.08641788219856	213.0
107.09641848155252	220.0
107.10641908090648	226.0
107.11641968026044	231.0
107.1264202796144	234.0
107.13642087896837	236.0
107.14642147832232	236.0
107.15642207767628	239.0
107.16642267703024	242.0
107.1764232763842	242.0
107.18642387573816	242.0
107.19642447509212	242.0
107.20642507444607	239.0
107.21642567380003	236.0
107.22642627315399	226.0
107.23642687250795	0.0
107.24642747186192	0.0
107.25642807121588	0.0
107.26642867056984	0.0
107.2764292699238	0.0
107.28642986927775	0.0
107.29643046863171	331.0
107.30643106798567	327.0
107.31643166733963	312.0
107.32643226669359	298.0
107.33643286604755	288.0
107.3464334654015	281.0
107.35643406475548	278.0
107.36643466410943	278.0
107.37643526346339	275.0
107.38643586281735	275.0
107.39643646217131	268.0
107.40643706152527	268.0
107.41643766087923	268.0
107.42643826023318	272.0
107.43643885958714	278.0
107.4464394589411	288.0
107.45644005829506	294.0
107.46644065764903	305.0
107.47644125700299	319.0
107.48644185635695	327.0
107.4964424557109	331.0
107.50644305506486	331.0
107.51644365441882	331.0
107.52644425377278	319.0
107.53644485312674	319.0
107.5464454524807	316.0
107.55644605183466	316.0
107.56644665118861	312.0
107.57644725054259	312.0
107.58644784989654	308.0
107.5964484492505	298.0
107.60644904860446	288.0
107.61644964795842	288.0
107.62645024731238	291.0
107.63645084666634	301.0
107.6464514460203	338.0
107.65645204537425	350.0
107.66645264472821	358.0
107.67645324408217	367.0
107.68645384343613	371.0
107.6964544427901	367.0
107.70645504214406	358.0
107.71645564149802	350.0
107.72645624085197	342.0
107.73645684020593	338.0
107.74645743955989	331.0
107.75645803891385	327.0
107.7664586382678	319.0
107.77645923762176	308.0
107.78645983697572	308.0
107.79646043632968	319.0
107.80646103568365	331.0
107.81646163503761	338.0
107.82646223439157	338.0
107.83646283374553	338.0
107.84646343309949	342.0
107.85646403245345	342.0
107.8664646318074	346.0
107.87646523116136	350.0
107.88646583051532	354.0
107.89646642986928	358.0
107.90646702922324	358.0
107.91646762857721	363.0
107.92646822793117	363.0
107.93646882728513	367.0
107.94646942663908	367.0
107.95647002599304	367.0
107.966470625347	367.0
107.97647122470096	367.0
107.98647182405492	363.0
107.99647242340887	354.0
108.00647302276283	342.0
108.01647362211679	327.0
108.02647422147076	312.0
108.03647482082472	301.0
108.04647542017868	294.0
108.05647601953264	291.0
108.0664766188866	291.0
108.07647721824056	288.0
108.08647781759451	288.0
108.09647841694847	278.0
108.10647901630243	262.0
108.11647961565639	259.0
108.12648021501035	0.0
108.13648081436432	0.0
108.14648141371828	0.0
108.15648201307224	358.0
108.1664826124262	358.0
108.17648321178015	358.0
108.18648381113411	354.0
108.19648441048807	354.0
108.20648500984203	350.0
108.21648560919598	346.0
108.22648620854994	342.0
108.2364868079039	338.0
108.24648740725787	338.0
108.25648800661183	334.0
108.26648860596579	331.0
108.27648920531975	327.0
108.2864898046737	316.0
108.29649040402767	301.0
108.30649100338162	291.0
108.31649160273558	291.0
108.32649220208954	0.0
108.3364928014435	375.0
108.34649340079746	371.0
108.35649400015141	354.0
108.36649459950539	319.0
108.37649519885935	308.0
108.3864957982133	294.0
108.39649639756726	284.0
108.40649699692122	275.0
108.41649759627518	268.0
108.42649819562914	265.0
108.4364987949831	265.0
108.44649939433705	268.0
108.45649999369101	268.0
108.46650059304497	272.0
108.47650119239894	275.0
108.4865017917529	275.0
108.49650239110686	278.0
108.50650299046082	281.0
108.51650358981477	281.0
108.52650418916873	281.0
108.53650478852269	278.0
108.54650538787665	278.0
108.55650598723061	275.0
108.56650658658457	275.0
108.57650718593852	0.0
108.5865077852925	275.0
108.59650838464646	275.0
108.60650898400041	275.0
108.61650958335437	275.0
108.62651018270833	275.0
108.63651078206229	272.0
108.64651138141625	272.0
108.6565119807702	0.0
108.66651258012416	0.0
108.67651317947812	0.0
108.68651377883208	0.0
108.69651437818605	268.0
108.70651497754001	268.0
108.71651557689397	272.0
108.72651617624793	272.0
108.73651677560188	278.0
108.74651737495584	284.0
108.7565179743098	294.0
108.76651857366376	301.0
108.77651917301772	312.0
108.78651977237168	327.0
108.79652037172563	338.0
108.8065209710796	342.0
108.81652157043357	346.0
108.82652216978752	350.0
108.83652276914148	358.0
108.84652336849544	402.0
108.8565239678494	393.0
108.86652456720336	384.0
108.87652516655731	375.0
108.88652576591127	363.0
108.89652636526523	331.0
108.90652696461919	294.0
108.91652756397315	284.0
108.92652816332712	275.0
108.93652876268108	275.0
108.94652936203504	278.0
108.956529961389	284.0
108.96653056074295	291.0
108.97653116009691	298.0
108.98653175945087	308.0
108.99653235880483	316.0
109.00653295815879	327.0
109.01653355751274	350.0
109.0265341568667	354.0
109.03653475622068	354.0
109.04653535557463	346.0
109.05653595492859	334.0
109.06653655428255	308.0
109.07653715363651	288.0
109.08653775299047	265.0
109.09653835234442	253.0
109.10653895169838	245.0
109.11653955105234	239.0
109.1265401504063	234.0
109.13654074976026	231.0
109.14654134911423	231.0
109.15654194846819	234.0
109.16654254782215	234.0
109.1765431471761	231.0
109.18654374653006	220.0
109.19654434588402	208.0
109.20654494523798	206.0
109.21654554459194	0.0
109.2265461439459	0.0
109.23654674329985	0.0
109.24654734265381	0.0
109.25654794200778	0.0
109.26654854136174	338.0
109.2765491407157	334.0
109.28654974006966	312.0
109.29655033942362	294.0
109.30655093877758	284.0
109.31655153813153	278.0
109.32655213748549	275.0
109.33655273683945	275.0
109.34655333619341	275.0
109.35655393554737	272.0
109.36655453490134	268.0
109.3765551342553	265.0
109.38655573360926	265.0
109.39655633296321	268.0
109.40655693231717	272.0
109.41655753167113	278.0
109.42655813102509	281.0
109.43655873037905	281.0
109.446559329733	281.0
109.45655992908696	281.0
109.46656052844092	281.0
109.4765611277949	278.0
109.48656172714885	278.0
109.49656232650281	278.0
109.50656292585677	275.0
109.51656352521073	275.0
109.52656412456469	275.0
109.53656472391864	275.0
109.5465653232726	275.0
109.55656592262656	278.0
109.56656652198052	278.0
109.57656712133448	278.0
109.58656772068844	275.0
109.59656832004241	272.0
109.60656891939637	268.0
109.61656951875032	265.0
109.62657011810428	259.0
109.63657071745824	250.0
109.6465713168122	239.0
109.65657191616616	218.0
109.66657251552012	201.0
109.67657311487407	190.0
109.68657371422803	183.0
109.69657431358199	177.0
109.70657491293596	177.0
109.71657551228992	179.0
109.72657611164388	181.0
109.73657671099784	185.0
109.7465773103518	190.0
109.75657790970575	194.0
109.76657850905971	201.0
109.77657910841367	213.0
109.78657970776763	223.0
109.79658030712159	236.0
109.80658090647555	245.0
109.81658150582952	248.0
109.82658210518348	253.0
109.83658270453743	256.0
109.84658330389139	256.0
109.85658390324535	253.0
109.86658450259931	248.0
109.87658510195327	242.0
109.88658570130723	234.0
109.89658630066118	226.0
109.90658690001514	218.0
109.9165874993691	206.0
109.92658809872307	203.0
109.93658869807703	203.0
109.94658929743099	208.0
109.95658989678495	218.0
109.9665904961389	239.0
109.97659109549286	250.0
109.98659169484682	259.0
109.99659229420078	262.0
110.00659289355474	265.0
110.0165934929087	272.0
110.02659409226266	275.0
110.03659469161663	275.0
110.04659529097059	278.0
110.05659589032454	278.0
110.0665964896785	275.0
110.07659708903246	275.0
110.08659768838642	259.0
110.09659828774038	265.0
110.10659888709434	265.0
110.1165994864483	272.0
110.12660008580225	0.0
110.13660068515621	272.0
110.14660128451018	272.0
110.15660188386414	272.0
110.1666024832181	278.0
110.17660308257206	281.0
110.18660368192602	291.0
110.19660428127997	294.0
110.20660488063393	301.0
110.21660547998789	305.0
110.22660607934185	312.0
110.23660667869581	316.0
110.24660727804977	319.0
110.25660787740372	323.0
110.2666084767577	323.0
110.27660907611165	319.0
110.28660967546561	316.0
110.29661027481957	308.0
110.30661087417353	305.0
110.31661147352749	367.0
110.32661207288145	380.0
110.3366126722354	384.0
110.34661327158936	384.0
110.35661387094332	380.0
110.36661447029728	375.0
110.37661506965125	367.0
110.38661566900521	358.0
110.39661626835917	350.0
110.40661686771313	338.0
110.41661746706708	323.0
110.42661806642104	281.0
110.436618665775	0.0
110.44661926512896	0.0
110.45661986448292	0.0
110.46662046383688	0.0
110.47662106319083	0.0
110.4866216625448	323.0
110.49662226189876	312.0
110.50662286125272	301.0
110.51662346060668	294.0
110.52662405996064	284.0
110.5366246593146	275.0
110.54662525866856	265.0
110.55662585802251	256.0
110.56662645737647	253.0
110.57662705673043	253.0
110.58662765608439	253.0
110.59662825543836	253.0
110.60662885479232	256.0
110.61662945414628	256.0
110.62663005350024	256.0
110.6366306528542	259.0
110.64663125220815	259.0
110.65663185156211	259.0
110.66663245091607	262.0
110.67663305027003	262.0
110.68663364962399	265.0
110.69663424897794	265.0
110.70663484833192	268.0
110.71663544768587	268.0
110.72663604703983	272.0
110.73663664639379	272.0
110.74663724574775	275.0
110.75663784510171	278.0
110.76663844445567	278.0
110.77663904380962	278.0
110.78663964316358	281.0
110.79664024251754	278.0
110.8066408418715	275.0
110.81664144122547	268.0
110.82664204057943	262.0
110.83664263993339	256.0
110.84664323928735	253.0
110.8566438386413	250.0
110.86664443799526	0.0
110.87664503734922	236.0
110.88664563670318	220.0
110.89664623605714	208.0
110.9066468354111	206.0
110.91664743476505	206.0
110.92664803411901	210.0
110.93664863347298	220.0
110.94664923282694	228.0
110.9566498321809	239.0
110.96665043153486	245.0
110.97665103088882	248.0
110.98665163024278	250.0
110.99665222959673	248.0
111.00665282895069	248.0
111.01665342830465	0.0
111.02665402765861	0.0
111.03665462701257	0.0
111.04665522636654	316.0
111.0566558257205	316.0
111.06665642507446	312.0
111.07665702442841	305.0
111.08665762378237	199.0
111.09665822313633	196.0
111.10665882249029	196.0
111.11665942184425	196.0
111.1266600211982	196.0
111.13666062055216	199.0
111.14666121990612	199.0
111.1566618192601	199.0
111.16666241861405	201.0
111.17666301796801	201.0
111.18666361732197	203.0
111.19666421667593	203.0
111.20666481602989	206.0
111.21666541538384	208.0
111.2266660147378	208.0
111.23666661409176	210.0
111.24666721344572	210.0
111.25666781279968	213.0
111.26666841215365	213.0
111.27666901150761	215.0
111.28666961086157	215.0
111.29667021021552	215.0
111.30667080956948	215.0
111.31667140892344	215.0
111.3266720082774	215.0
111.33667260763136	215.0
111.34667320698532	215.0
111.35667380633927	215.0
111.36667440569323	213.0
111.3766750050472	208.0
111.38667560440116	203.0
111.39667620375512	199.0
111.40667680310908	194.0
111.41667740246304	190.0
111.426678001817	185.0
111.43667860117095	181.0
111.44667920052491	175.0
111.45667979987887	169.0
111.46668039923283	163.0
111.47668099858679	159.0
111.48668159794074	154.0
111.49668219729472	154.0
111.50668279664868	156.0
111.51668339600263	159.0
111.52668399535659	163.0
111.53668459471055	169.0
111.54668519406451	177.0
111.55668579341847	181.0
111.56668639277243	187.0
111.57668699212638	192.0
111.58668759148034	199.0
111.5966881908343	206.0
111.60668879018827	210.0
111.61668938954223	215.0
111.62668998889619	215.0
111.63669058825015	142.0
111.6466911876041	139.0
111.65669178695806	139.0
111.66669238631202	140.0
111.67669298566598	145.0
111.68669358501994	159.0
111.6966941843739	163.0
111.70669478372785	169.0
111.71669538308183	175.0
111.72669598243579	177.0
111.73669658178974	177.0
111.7466971811437	173.0
111.75669778049766	169.0
111.76669837985162	165.0
111.77669897920558	163.0
111.78669957855953	161.0
111.7967001779135	159.0
111.80670077726745	156.0
111.81670137662141	150.0
111.82670197597538	142.0
111.83670257532934	137.0
111.8467031746833	134.0
111.85670377403726	134.0
111.86670437339122	136.0
111.87670497274517	139.0
111.88670557209913	142.0
111.89670617145309	144.0
111.90670677080705	145.0
111.916707370161	145.0
111.92670796951496	144.0
111.93670856886894	142.0
111.9467091682229	137.0
111.95670976757685	134.0
111.96671036693081	132.0
111.97671096628477	131.0
111.98671156563873	129.0
111.99671216499269	128.0
112.00671276434664	128.0
112.0167133637006	126.0
112.02671396305456	125.0
112.03671456240852	126.0
112.04671516176249	128.0
112.05671576111645	132.0
112.06671636047041	136.0
112.07671695982437	139.0
112.08671755917833	144.0
112.09671815853228	152.0
112.10671875788624	158.0
112.1167193572402	163.0
112.12671995659416	169.0
112.13672055594812	173.0
112.14672115530207	179.0
112.15672175465603	185.0
112.16672235401	194.0
112.17672295336396	201.0
112.18672355271792	203.0
112.19672415207188	203.0
112.20672475142584	196.0
112.2167253507798	190.0
112.22672595013375	181.0
112.23672654948771	171.0
112.24672714884167	167.0
112.25672774819563	165.0
112.26672834754959	163.0
112.27672894690356	161.0
112.28672954625752	161.0
112.29673014561148	159.0
112.30673074496544	158.0
112.3167313443194	156.0
112.32673194367335	154.0
112.33673254302731	152.0
112.34673314238127	150.0
112.35673374173523	150.0
112.36673434108918	149.0
112.37673494044314	149.0
112.38673553979712	150.0
112.39673613915107	152.0
112.40673673850503	156.0
112.41673733785899	159.0
112.42673793721295	161.0
112.4367385365669	163.0
112.44673913592086	167.0
112.45673973527482	169.0
112.46674033462878	173.0
112.47674093398274	175.0
112.4867415333367	177.0
112.49674213269067	177.0
112.50674273204463	175.0
112.51674333139859	173.0
112.52674393075254	173.0
112.5367445301065	171.0
112.54674512946046	171.0
112.55674572881442	169.0
112.56674632816838	169.0
112.57674692752234	169.0
112.5867475268763	171.0
112.59674812623025	171.0
112.60674872558423	171.0
112.61674932493818	173.0
112.62674992429214	175.0
112.6367505236461	175.0
112.64675112300006	177.0
112.65675172235402	181.0
112.66675232170797	181.0
112.67675292106193	183.0
112.68675352041589	181.0
112.69675411976985	179.0
112.70675471912381	177.0
112.71675531847778	173.0
112.72675591783174	171.0
112.7367565171857	167.0
112.74675711653965	165.0
112.75675771589361	165.0
112.76675831524757	163.0
112.77675891460153	165.0
112.78675951395549	165.0
112.79676011330945	165.0
112.8067607126634	165.0
112.81676131201736	0.0
112.82676191137132	0.0
112.8367625107253	0.0
112.84676311007925	0.0
112.85676370943321	0.0
112.86676430878717	0.0
112.87676490814113	0.0
112.88676550749508	0.0
112.89676610684904	161.0
112.906766706203	159.0
112.91676730555696	159.0
112.92676790491092	161.0
112.93676850426488	163.0
112.94676910361885	165.0
112.9567697029728	167.0
112.96677030232676	171.0
112.97677090168072	171.0
112.98677150103468	173.0
112.99677210038864	175.0
113.0067726997426	177.0
113.01677329909656	177.0
113.02677389845051	175.0
113.03677449780447	175.0
113.04677509715843	173.0
113.0567756965124	173.0
113.06677629586636	171.0
113.07677689522032	171.0
113.08677749457428	169.0
113.09677809392824	169.0
113.1067786932822	169.0
113.11677929263615	169.0
113.12677989199011	169.0
113.13678049134407	169.0
113.14678109069803	169.0
113.15678169005199	169.0
113.16678228940596	169.0
113.17678288875992	0.0
113.18678348811387	0.0
113.19678408746783	0.0
113.20678468682179	0.0
113.21678528617575	0.0
113.22678588552971	0.0
113.23678648488367	0.0
113.24678708423762	0.0
113.25678768359158	0.0
113.26678828294554	0.0
113.27678888229951	0.0
113.28678948165347	0.0
113.29679008100743	0.0
113.30679068036139	0.0
113.31679127971535	0.0
113.3267918790693	0.0
113.33679247842326	0.0
113.34679307777722	0.0
113.35679367713118	0.0
113.36679427648514	0.0
113.3767948758391	0.0
113.38679547519305	0.0
113.39679607454703	0.0
113.40679667390098	0.0
113.41679727325494	0.0
113.4267978726089	0.0
113.43679847196286	0.0
113.44679907131682	0.0
113.45679967067078	0.0
113.46680027002473	0.0
113.47680086937869	0.0
113.48680146873265	0.0
113.49680206808661	0.0
113.50680266744058	0.0
113.51680326679454	0.0
113.5268038661485	0.0
113.53680446550246	0.0
113.54680506485641	0.0
113.55680566421037	0.0
113.56680626356433	0.0
113.57680686291829	0.0
113.58680746227225	0.0
113.5968080616262	0.0
113.60680866098016	0.0
113.61680926033414	0.0
113.6268098596881	0.0
113.63681045904205	0.0
113.64681105839601	0.0
113.65681165774997	250.0
113.66681225710393	253.0
113.67681285645789	253.0
113.68681345581184	0.0
113.6968140551658	183.0
113.70681465451976	181.0
113.71681525387372	177.0
113.72681585322769	173.0
113.73681645258165	173.0
113.74681705193561	173.0
113.75681765128957	173.0
113.76681825064352	173.0
113.77681884999748	173.0
113.78681944935144	171.0
113.7968200487054	169.0
113.80682064805936	167.0
113.81682124741332	165.0
113.82682184676727	163.0
113.83682244612125	165.0
113.8468230454752	165.0
113.85682364482916	169.0
113.86682424418312	171.0
113.87682484353708	175.0
113.88682544289104	179.0
113.896826042245	181.0
113.90682664159895	185.0
113.91682724095291	187.0
113.92682784030687	187.0
113.93682843966083	190.0
113.9468290390148	190.0
113.95682963836876	190.0
113.96683023772272	190.0
113.97683083707668	187.0
113.98683143643063	187.0
113.99683203578459	185.0
114.00683263513855	183.0
114.01683323449251	183.0
114.02683383384647	181.0
114.03683443320043	181.0
114.04683503255438	179.0
114.05683563190834	179.0
114.06683623126231	177.0
114.07683683061627	173.0
114.08683742997023	169.0
114.09683802932419	167.0
114.10683862867815	163.0
114.1168392280321	159.0
114.12683982738606	158.0
114.13684042674002	156.0
114.14684102609398	154.0
114.15684162544794	154.0
114.1668422248019	154.0
114.17684282415587	156.0
114.18684342350983	158.0
114.19684402286379	158.0
114.20684462221774	159.0
114.2168452215717	161.0
114.22684582092566	163.0
114.23684642027962	165.0
114.24684701963358	167.0
114.25684761898754	167.0
114.2668482183415	167.0
114.27684881769545	165.0
114.28684941704942	161.0
114.29685001640338	158.0
114.30685061575734	154.0
114.3168512151113	152.0
114.32685181446526	149.0
114.33685241381922	149.0
114.34685301317317	149.0
114.35685361252713	149.0
114.36685421188109	150.0
114.37685481123505	154.0
114.386855410589	158.0
114.39685600994298	159.0
114.40685660929694	163.0
114.4168572086509	163.0
114.42685780800485	163.0
114.43685840735881	163.0
114.44685900671277	163.0
114.45685960606673	165.0
114.46686020542069	167.0
114.47686080477465	169.0
114.4868614041286	173.0
114.49686200348256	177.0
114.50686260283653	181.0
114.51686320219049	183.0
114.52686380154445	181.0
114.53686440089841	177.0
114.54686500025237	171.0
114.55686559960633	165.0
114.56686619896028	161.0
114.57686679831424	161.0
114.5868673976682	161.0
114.59686799702216	161.0
114.60686859637612	161.0
114.61686919573009	161.0
114.62686979508405	161.0
114.636870394438	161.0
114.64687099379196	161.0
114.65687159314592	161.0
114.66687219249988	161.0
114.67687279185384	161.0
114.6868733912078	161.0
114.69687399056176	159.0
114.70687458991571	158.0
114.71687518926967	158.0
114.72687578862363	156.0
114.7368763879776	156.0
114.74687698733156	156.0
114.75687758668552	154.0
114.76687818603948	154.0
114.77687878539344	154.0
114.7868793847474	154.0
114.79687998410135	154.0
114.80688058345531	152.0
114.81688118280927	152.0
114.82688178216323	152.0
114.83688238151719	152.0
114.84688298087116	154.0
114.85688358022512	158.0
114.86688417957907	165.0
114.87688477893303	171.0
114.88688537828699	177.0
114.89688597764095	181.0
114.9068865769949	181.0
114.91688717634887	179.0
114.92688777570282	177.0
114.93688837505678	173.0
114.94688897441074	169.0
114.95688957376471	165.0
114.96689017311867	159.0
114.97689077247263	154.0
114.98689137182659	152.0
114.99689197118055	152.0
115.0068925705345	152.0
115.01689316988846	152.0
115.02689376924242	154.0
115.03689436859638	156.0
115.04689496795034	158.0
115.0568955673043	159.0
115.06689616665827	161.0
115.07689676601223	161.0
115.08689736536618	161.0
115.09689796472014	161.0
115.1068985640741	159.0
115.11689916342806	156.0
115.12689976278202	152.0
115.13690036213598	149.0
115.14690096148993	145.0
115.15690156084389	144.0
115.16690216019785	145.0
115.17690275955182	147.0
115.18690335890578	150.0
115.19690395825974	154.0
115.2069045576137	158.0
115.21690515696766	163.0
115.22690575632161	167.0
115.23690635567557	173.0
115.24690695502953	173.0
115.25690755438349	173.0
115.26690815373745	169.0
115.2769087530914	163.0
115.28690935244536	159.0
115.29690995179934	152.0
115.3069105511533	147.0
115.31691115050725	145.0
115.32691174986121	145.0
115.33691234921517	149.0
115.34691294856913	150.0
115.35691354792309	147.0
115.36691414727704	0.0
115.376914746631	0.0
115.38691534598496	0.0
115.39691594533892	0.0
115.40691654469289	0.0
115.41691714404685	0.0
115.42691774340081	0.0
115.43691834275477	0.0
115.44691894210872	0.0
115.45691954146268	0.0
115.46692014081664	0.0
115.4769207401706	0.0
115.48692133952456	0.0
115.49692193887851	0.0
115.50692253823247	0.0
115.51692313758645	0.0
115.5269237369404	0.0
115.53692433629436	0.0
115.54692493564832	0.0
115.55692553500228	0.0
115.56692613435624	0.0
115.5769267337102	0.0
115.58692733306415	0.0
115.59692793241811	0.0
115.60692853177207	0.0
115.61692913112603	0.0
115.62692973048	0.0
115.63693032983396	0.0
115.64693092918792	0.0
115.65693152854188	0.0
115.66693212789583	0.0
115.67693272724979	0.0
115.68693332660375	0.0
115.69693392595771	0.0
115.70693452531167	0.0
115.71693512466562	0.0
115.72693572401958	0.0
115.73693632337356	0.0
115.74693692272751	0.0
115.75693752208147	0.0
115.76693812143543	0.0
115.77693872078939	0.0
115.78693932014335	0.0
115.7969399194973	0.0
115.80694051885126	0.0
115.81694111820522	0.0
115.82694171755918	0.0
115.83694231691314	0.0
115.84694291626711	0.0
115.85694351562107	0.0
115.86694411497503	0.0
115.87694471432899	0.0
115.88694531368294	0.0
115.8969459130369	0.0
115.90694651239086	0.0
115.91694711174482	0.0
115.92694771109878	0.0
115.93694831045273	0.0
115.9469489098067	0.0
115.95694950916065	136.0
115.96695010851462	134.0
115.97695070786858	134.0
115.98695130722254	132.0
115.9969519065765	129.0
116.00695250593046	128.0
116.01695310528441	126.0
116.02695370463837	126.0
116.03695430399233	128.0
116.04695490334629	131.0
116.05695550270025	136.0
116.0669561020542	139.0
116.07695670140818	145.0
116.08695730076214	150.0
116.0969579001161	156.0
116.10695849947005	159.0
116.11695909882401	159.0
116.12695969817797	159.0
116.13696029753193	154.0
116.14696089688589	147.0
116.15696149623984	142.0
116.1669620955938	137.0
116.17696269494776	134.0
116.18696329430173	132.0
116.19696389365569	129.0
116.20696449300965	128.0
116.21696509236361	128.0
116.22696569171757	129.0
116.23696629107152	131.0
116.24696689042548	132.0
116.25696748977944	134.0
116.2669680891334	136.0
116.27696868848736	137.0
116.28696928784132	139.0
116.29696988719529	140.0
116.30697048654925	144.0
116.3169710859032	149.0
116.32697168525716	154.0
116.33697228461112	161.0
116.34697288396508	169.0
116.35697348331904	177.0
116.366974082673	183.0
116.37697468202695	185.0
116.38697528138091	181.0
116.39697588073487	173.0
116.40697648008884	165.0
116.4169770794428	158.0
116.42697767879676	150.0
116.43697827815072	142.0
116.44697887750468	137.0
116.45697947685863	136.0
116.4669800762126	139.0
116.47698067556655	144.0
116.48698127492051	152.0
116.49698187427447	158.0
116.50698247362843	163.0
116.5169830729824	171.0
116.52698367233636	177.0
116.53698427169032	181.0
116.54698487104427	183.0
116.55698547039823	185.0
116.56698606975219	185.0
116.57698666910615	185.0
116.5869872684601	181.0
116.59698786781406	177.0
116.60698846716802	171.0
116.61698906652198	167.0
116.62698966587594	165.0
116.63699026522991	163.0
116.64699086458387	163.0
116.65699146393783	163.0
116.66699206329179	165.0
116.67699266264574	171.0
116.6869932619997	181.0
116.69699386135366	190.0
116.70699446070762	206.0
116.71699506006158	236.0
116.72699565941554	250.0
116.7369962587695	272.0
116.74699685812347	275.0
116.75699745747742	275.0
116.76699805683138	250.0
116.77699865618534	236.0
116.7869992555393	234.0
116.79699985489326	173.0
116.80700045424722	159.0
116.81700105360117	152.0
116.82700165295513	149.0
116.83700225230909	147.0
116.84700285166305	149.0
116.85700345101702	154.0
116.86700405037098	159.0
116.87700464972494	165.0
116.8870052490789	171.0
116.89700584843285	175.0
116.90700644778681	181.0
116.91700704714077	185.0
116.92700764649473	190.0
116.93700824584869	194.0
116.94700884520265	196.0
116.9570094445566	194.0
116.96701004391058	192.0
116.97701064326453	187.0
116.9870112426185	183.0
116.99701184197245	181.0
117.00701244132641	177.0
117.01701304068037	175.0
117.02701364003433	171.0
117.03701423938828	167.0
117.04701483874224	165.0
117.0570154380962	161.0
117.06701603745016	158.0
117.07701663680413	156.0
117.08701723615809	154.0
117.09701783551205	152.0
117.107018434866	152.0
117.11701903421996	152.0
117.12701963357392	152.0
117.13702023292788	152.0
117.14702083228184	152.0
117.1570214316358	150.0
117.16702203098976	150.0
117.17702263034371	150.0
117.18702322969767	152.0
117.19702382905164	154.0
117.2070244284056	154.0
117.21702502775956	154.0
117.22702562711352	154.0
117.23702622646748	152.0
117.24702682582144	152.0
117.2570274251754	152.0
117.26702802452935	152.0
117.27702862388331	156.0
117.28702922323727	158.0
117.29702982259123	161.0
117.3070304219452	167.0
117.31703102129916	171.0
117.32703162065312	175.0
117.33703222000707	179.0
117.34703281936103	179.0
117.35703341871499	177.0
117.36703401806895	173.0
117.37703461742291	169.0
117.38703521677687	165.0
117.39703581613082	158.0
117.40703641548478	149.0
117.41703701483875	142.0
117.42703761419271	137.0
117.43703821354667	134.0
117.44703881290063	132.0
117.45703941225459	131.0
117.46704001160855	132.0
117.4770406109625	134.0
117.48704121031646	136.0
117.49704180967042	137.0
117.50704240902438	139.0
117.51704300837834	137.0
117.52704360773231	134.0
117.53704420708627	131.0
117.54704480644023	128.0
117.55704540579418	0.0
117.56704600514814	0.0
117.5770466045021	0.0
117.58704720385606	0.0
117.59704780321002	0.0
117.60704840256398	0.0
117.61704900191793	0.0
117.62704960127189	0.0
117.63705020062586	0.0
117.64705079997982	0.0
117.65705139933378	0.0
117.66705199868774	0.0
117.6770525980417	0.0
117.68705319739566	0.0
117.69705379674961	0.0
117.70705439610357	0.0
117.71705499545753	0.0
117.72705559481149	0.0
117.73705619416545	0.0
117.74705679351942	0.0
117.75705739287338	0.0
117.76705799222734	0.0
117.7770585915813	0.0
117.78705919093525	0.0
117.79705979028921	0.0
117.80706038964317	0.0
117.81706098899713	0.0
117.82706158835109	0.0
117.83706218770504	0.0
117.847062787059	0.0
117.85706338641296	0.0
117.86706398576693	0.0
117.87706458512089	0.0
117.88706518447485	0.0
117.89706578382881	0.0
117.90706638318277	0.0
117.91706698253672	152.0
117.92706758189068	152.0
117.93706818124464	150.0
117.9470687805986	149.0
117.95706937995256	145.0
117.96706997930652	142.0
117.97707057866049	139.0
117.98707117801445	137.0
117.9970717773684	136.0
118.00707237672236	136.0
118.01707297607632	137.0
118.02707357543028	140.0
118.03707417478424	144.0
118.0470747741382	149.0
118.05707537349215	152.0
118.06707597284611	154.0
118.07707657220007	154.0
118.08707717155404	154.0
118.097077770908	150.0
118.10707837026196	147.0
118.11707896961592	144.0
118.12707956896988	140.0
118.13708016832383	136.0
118.14708076767779	132.0
118.15708136703175	129.0
118.16708196638571	129.0
118.17708256573967	128.0
118.18708316509363	129.0
118.1970837644476	132.0
118.20708436380156	134.0
118.21708496315551	136.0
118.22708556250947	137.0
118.23708616186343	139.0
118.24708676121739	139.0
118.25708736057135	139.0
118.2670879599253	139.0
118.27708855927926	140.0
118.28708915863322	140.0
118.29708975798718	142.0
118.30709035734115	147.0
118.31709095669511	152.0
118.32709155604907	159.0
118.33709215540303	167.0
118.34709275475699	177.0
118.35709335411094	187.0
118.3670939534649	196.0
118.37709455281886	208.0
118.38709515217282	208.0
118.39709575152678	208.0
118.40709635088074	201.0
118.41709695023471	194.0
118.42709754958867	183.0
118.43709814894262	177.0
118.44709874829658	171.0
118.45709934765054	165.0
118.4670999470045	161.0
118.47710054635846	156.0
118.48710114571242	154.0
118.49710174506637	150.0
118.50710234442033	149.0
118.51710294377429	149.0
118.52710354312825	150.0
118.53710414248222	152.0
118.54710474183618	154.0
118.55710534119014	156.0
118.5671059405441	156.0
118.57710653989805	156.0
118.58710713925201	156.0
118.59710773860597	154.0
118.60710833795993	152.0
118.61710893731389	150.0
118.62710953666785	150.0
118.6371101360218	150.0
118.64711073537578	152.0
118.65711133472973	154.0
118.66711193408369	156.0
118.67711253343765	161.0
118.68711313279161	165.0
118.69711373214557	173.0
118.70711433149953	181.0
118.71711493085348	190.0
118.72711553020744	199.0
118.7371161295614	196.0
118.74711672891536	190.0
118.75711732826933	183.0
118.76711792762329	177.0
118.77711852697725	169.0
118.7871191263312	163.0
118.79711972568516	158.0
118.80712032503912	154.0
118.81712092439308	152.0
118.82712152374704	150.0
118.837122123101	149.0
118.84712272245496	149.0
118.85712332180891	147.0
118.86712392116289	144.0
118.87712452051684	140.0
118.8871251198708	136.0
118.89712571922476	131.0
118.90712631857872	128.0
118.91712691793268	124.0
118.92712751728664	121.0
118.9371281166406	118.0
118.94712871599455	115.0
118.95712931534851	114.0
118.96712991470247	111.0
118.97713051405644	109.0
118.9871311134104	107.0
118.99713171276436	107.0
119.00713231211832	107.0
119.01713291147227	107.0
119.02713351082623	107.0
119.03713411018019	109.0
119.04713470953415	111.0
119.0571353088881	111.0
119.06713590824207	114.0
119.07713650759602	121.0
119.08713710694998	122.0
119.09713770630395	124.0
119.10713830565791	125.0
119.11713890501187	126.0
119.12713950436583	125.0
119.13714010371979	124.0
119.14714070307375	122.0
119.1571413024277	119.0
119.16714190178166	118.0
119.17714250113562	117.0
119.18714310048958	117.0
119.19714369984354	115.0
119.20714429919751	115.0
119.21714489855147	114.0
119.22714549790543	114.0
119.23714609725938	114.0
119.24714669661334	115.0
119.2571472959673	115.0
119.26714789532126	117.0
119.27714849467522	118.0
119.28714909402917	119.0
119.29714969338313	121.0
119.30715029273709	119.0
119.31715089209106	115.0
119.32715149144502	113.0
119.33715209079898	111.0
119.34715269015294	113.0
119.3571532895069	115.0
119.36715388886086	119.0
119.37715448821481	122.0
119.38715508756877	125.0
119.39715568692273	129.0
119.40715628627669	134.0
119.41715688563065	137.0
119.42715748498462	140.0
119.43715808433858	144.0
119.44715868369254	145.0
119.4571592830465	145.0
119.46715988240045	144.0
119.47716048175441	144.0
119.48716108110837	142.0
119.49716168046233	142.0
119.50716227981628	140.0
119.51716287917024	140.0
119.5271634785242	139.0
119.53716407787817	137.0
119.54716467723213	136.0
119.55716527658609	136.0
119.56716587594005	136.0
119.577166475294	136.0
119.58716707464797	136.0
119.59716767400192	137.0
119.60716827335588	137.0
119.61716887270984	137.0
119.6271694720638	137.0
119.63717007141776	136.0
119.64717067077173	136.0
119.65717127012569	136.0
119.66717186947965	136.0
119.6771724688336	136.0
119.68717306818756	137.0
119.69717366754152	137.0
119.70717426689548	137.0
119.71717486624944	137.0
119.7271754656034	137.0
119.73717606495735	137.0
119.74717666431131	137.0
119.75717726366527	139.0
119.76717786301924	140.0
119.7771784623732	142.0
119.78717906172716	142.0
119.79717966108112	142.0
119.80718026043508	142.0
119.81718085978903	142.0
119.82718145914299	140.0
119.83718205849695	139.0
119.84718265785091	139.0
119.85718325720487	137.0
119.86718385655882	136.0
119.8771844559128	136.0
119.88718505526676	136.0
119.89718565462071	134.0
119.90718625397467	134.0
119.91718685332863	136.0
119.92718745268259	136.0
119.93718805203655	136.0
119.9471886513905	137.0
119.95718925074446	139.0
119.96718985009842	140.0
119.97719044945238	142.0
119.98719104880635	144.0
119.99719164816031	144.0
120.00719224751427	144.0
120.01719284686823	142.0
120.02719344622219	140.0
120.03719404557614	137.0
120.0471946449301	136.0
120.05719524428406	134.0
120.06719584363802	134.0
120.07719644299198	132.0
120.08719704234593	132.0
120.0971976416999	131.0
120.10719824105387	132.0
120.11719884040782	134.0
120.12719943976178	134.0
120.13720003911574	136.0
120.1472006384697	137.0
120.15720123782366	140.0
120.16720183717761	140.0
120.17720243653157	142.0
120.18720303588553	142.0
120.19720363523949	140.0
120.20720423459346	139.0
120.21720483394742	137.0
120.22720543330138	137.0
120.23720603265534	137.0
120.2472066320093	137.0
120.25720723136325	137.0
120.26720783071721	137.0
120.27720843007117	137.0
120.28720902942513	136.0
120.29720962877909	136.0
120.30721022813304	136.0
120.31721082748702	136.0
120.32721142684098	136.0
120.33721202619493	137.0
120.34721262554889	137.0
120.35721322490285	139.0
120.36721382425681	139.0
120.37721442361077	139.0
120.38721502296472	139.0
120.39721562231868	139.0
120.40721622167264	139.0
120.4172168210266	139.0
120.42721742038056	139.0
120.43721801973453	139.0
120.44721861908849	139.0
120.45721921844245	140.0
120.4672198177964	140.0
120.47722041715036	140.0
120.48722101650432	140.0
120.49722161585828	140.0
120.50722221521224	140.0
120.5172228145662	140.0
120.52722341392015	140.0
120.53722401327411	139.0
120.54722461262809	139.0
120.55722521198204	139.0
120.567225811336	137.0
120.57722641068996	137.0
120.58722701004392	137.0
120.59722760939788	137.0
120.60722820875183	137.0
120.61722880810579	137.0
120.62722940745975	137.0
120.63723000681371	137.0
120.64723060616767	137.0
120.65723120552164	137.0
120.6672318048756	139.0
120.67723240422956	139.0
120.68723300358351	140.0
120.69723360293747	140.0
120.70723420229143	142.0
120.71723480164539	140.0
120.72723540099935	140.0
120.7372360003533	140.0
120.74723659970726	140.0
120.75723719906122	140.0
120.7672377984152	140.0
120.77723839776915	140.0
120.78723899712311	140.0
120.79723959647707	139.0
120.80724019583103	139.0
120.81724079518499	137.0
120.82724139453894	137.0
120.8372419938929	137.0
120.84724259324686	139.0
120.85724319260082	140.0
120.86724379195478	142.0
120.87724439130875	144.0
120.88724499066271	145.0
120.89724559001667	145.0
120.90724618937062	145.0
120.91724678872458	145.0
120.92724738807854	144.0
120.9372479874325	142.0
120.94724858678646	140.0
120.95724918614042	139.0
120.96724978549437	137.0
120.97725038484833	136.0
120.98725098420229	136.0
120.99725158355626	136.0
121.00725218291022	136.0
121.01725278226418	137.0
121.02725338161814	137.0
121.0372539809721	137.0
121.04725458032605	139.0
121.05725517968001	140.0
121.06725577903397	142.0
121.07725637838793	144.0
121.08725697774189	144.0
121.09725757709585	144.0
121.10725817644982	145.0
121.11725877580378	0.0
121.12725937515773	0.0
121.1372599745117	0.0
121.14726057386565	0.0
121.15726117321961	0.0
121.16726177257357	142.0
121.17726237192753	142.0
121.18726297128148	140.0
121.19726357063544	140.0
121.2072641699894	139.0
121.21726476934337	140.0
121.22726536869733	140.0
121.23726596805129	142.0
121.24726656740525	142.0
121.2572671667592	142.0
121.26726776611316	142.0
121.27726836546712	142.0
121.28726896482108	140.0
121.29726956417504	139.0
121.307270163529	137.0
121.31727076288296	137.0
121.32727136223693	136.0
121.33727196159089	134.0
121.34727256094484	134.0
121.3572731602988	132.0
121.36727375965276	132.0
121.37727435900672	134.0
121.38727495836068	134.0
121.39727555771464	136.0
121.4072761570686	139.0
121.41727675642255	142.0
121.42727735577651	144.0
121.43727795513048	145.0
121.44727855448444	145.0
121.4572791538384	147.0
121.46727975319236	147.0
121.47728035254632	147.0
121.48728095190027	147.0
121.49728155125423	147.0
121.50728215060819	145.0
121.51728274996215	145.0
121.52728334931611	144.0
121.53728394867007	144.0
121.54728454802404	144.0
121.557285147378	144.0
121.56728574673195	142.0
121.57728634608591	142.0
121.58728694543987	142.0
121.59728754479383	144.0
121.60728814414779	144.0
121.61728874350175	144.0
121.6272893428557	145.0
121.63728994220966	145.0
121.64729054156362	147.0
121.65729114091758	145.0
121.66729174027155	144.0
121.67729233962551	142.0
121.68729293897947	140.0
121.69729353833343	140.0
121.70729413768738	139.0
121.71729473704134	139.0
121.7272953363953	139.0
121.73729593574926	139.0
121.74729653510322	137.0
121.75729713445718	136.0
121.76729773381113	132.0
121.7772983331651	131.0
121.78729893251906	0.0
121.79729953187302	0.0
121.80730013122698	0.0
121.81730073058094	0.0
121.8273013299349	0.0
121.83730192928886	0.0
121.84730252864281	0.0
121.85730312799677	0.0
121.86730372735073	0.0
121.87730432670469	0.0
121.88730492605866	0.0
121.89730552541262	0.0
121.90730612476658	0.0
121.91730672412054	0.0
121.9273073234745	0.0
121.93730792282845	0.0
121.94730852218241	0.0
121.95730912153637	0.0
121.96730972089033	0.0
121.97731032024429	0.0
121.98731091959824	0.0
121.99731151895222	0.0
122.00731211830617	0.0
122.01731271766013	0.0
122.02731331701409	0.0
122.03731391636805	0.0
122.04731451572201	0.0
122.05731511507597	0.0
122.06731571442992	0.0
122.07731631378388	0.0
122.08731691313784	0.0
122.0973175124918	0.0
122.10731811184577	0.0
122.11731871119973	0.0
122.12731931055369	0.0
122.13731990990765	0.0
122.1473205092616	0.0
122.15732110861556	0.0
122.16732170796952	0.0
122.17732230732348	0.0
122.18732290667744	0.0
122.1973235060314	0.0
122.20732410538535	0.0
122.21732470473933	0.0
122.22732530409328	0.0
122.23732590344724	0.0
122.2473265028012	0.0
122.25732710215516	0.0
122.26732770150912	0.0
122.27732830086308	0.0
122.28732890021703	0.0
122.29732949957099	0.0
122.30733009892495	0.0
122.31733069827891	0.0
122.32733129763287	0.0
122.33733189698684	0.0
122.3473324963408	0.0
122.35733309569476	0.0
122.36733369504871	0.0
122.37733429440267	0.0
122.38733489375663	0.0
122.39733549311059	0.0
122.40733609246455	0.0
122.4173366918185	0.0
122.42733729117246	0.0
122.43733789052642	0.0
122.4473384898804	0.0
122.45733908923435	0.0
122.46733968858831	0.0
122.47734028794227	0.0
122.48734088729623	0.0
122.49734148665019	0.0
122.50734208600414	0.0
122.5173426853581	0.0
122.52734328471206	0.0
122.53734388406602	0.0
122.54734448341998	0.0
122.55734508277395	0.0
122.56734568212791	0.0
122.57734628148187	0.0
122.58734688083582	0.0
122.59734748018978	0.0
122.60734807954374	0.0
122.6173486788977	0.0
122.62734927825166	0.0
122.63734987760562	0.0
122.64735047695957	0.0
122.65735107631353	0.0
122.6673516756675	0.0
122.67735227502146	0.0
122.68735287437542	0.0
122.69735347372938	0.0
122.70735407308334	0.0
122.7173546724373	0.0
122.72735527179125	0.0
122.73735587114521	0.0
122.74735647049917	0.0
122.75735706985313	0.0
122.76735766920709	0.0
122.77735826856106	0.0
122.78735886791502	0.0
122.79735946726898	0.0
122.80736006662293	0.0
122.81736066597689	0.0
122.82736126533085	0.0
122.83736186468481	0.0
122.84736246403877	0.0
122.85736306339273	0.0
122.86736366274668	0.0
122.87736426210064	0.0
122.88736486145461	0.0
122.89736546080857	0.0
122.90736606016253	0.0
122.91736665951649	0.0
122.92736725887045	0.0
122.9373678582244	0.0
122.94736845757836	0.0
122.95736905693232	0.0
122.96736965628628	0.0
122.97737025564024	0.0
122.9873708549942	0.0
122.99737145434815	0.0
123.00737205370213	0.0
123.01737265305609	0.0
123.02737325241004	0.0
123.037373851764	0.0
123.04737445111796	0.0
123.05737505047192	0.0
123.06737564982588	0.0
123.07737624917984	0.0
123.0873768485338	0.0
123.09737744788775	0.0
123.10737804724171	0.0
123.11737864659568	0.0
123.12737924594964	0.0
123.1373798453036	0.0
123.14738044465756	0.0
123.15738104401152	0.0
123.16738164336547	0.0
123.17738224271943	0.0
123.18738284207339	0.0
123.19738344142735	0.0
123.2073840407813	0.0
123.21738464013526	0.0
123.22738523948924	0.0
123.2373858388432	0.0
123.24738643819715	0.0
123.25738703755111	0.0
123.26738763690507	0.0
123.27738823625903	0.0
123.28738883561299	0.0
123.29738943496695	0.0
123.3073900343209	0.0
123.31739063367486	0.0
123.32739123302882	0.0
123.33739183238279	0.0
123.34739243173675	0.0
123.35739303109071	0.0
123.36739363044467	0.0
123.37739422979863	0.0
123.38739482915258	0.0
123.39739542850654	0.0
123.4073960278605	0.0
123.41739662721446	0.0
123.42739722656842	0.0
123.43739782592237	0.0
123.44739842527635	0.0
123.4573990246303	0.0
123.46739962398426	0.0
123.47740022333822	0.0
123.48740082269218	0.0
123.49740142204614	0.0
123.5074020214001	0.0
123.51740262075405	0.0
123.52740322010801	0.0
123.53740381946197	0.0
123.54740441881593	0.0
123.55740501816989	0.0
123.56740561752386	0.0
123.57740621687782	0.0
123.58740681623178	0.0
123.59740741558574	0.0
123.6074080149397	0.0
123.61740861429365	0.0
123.62740921364761	0.0
123.63740981300157	0.0
123.64741041235553	0.0
123.65741101170948	0.0
123.66741161106344	0.0
123.67741221041742	0.0
123.68741280977137	0.0
123.69741340912533	0.0
123.70741400847929	0.0
123.71741460783325	0.0
123.7274152071872	0.0
123.73741580654116	0.0
123.74741640589512	0.0
123.75741700524908	0.0
123.76741760460304	0.0
123.777418203957	0.0
123.78741880331097	0.0
123.79741940266493	0.0
123.80742000201889	0.0
123.81742060137285	0.0
123.8274212007268	0.0
123.83742180008076	0.0
123.84742239943472	0.0
123.85742299878868	0.0
123.86742359814264	0.0
123.8774241974966	0.0
123.88742479685055	0.0
123.89742539620453	0.0
123.90742599555848	0.0
123.91742659491244	0.0
123.9274271942664	0.0
123.93742779362036	0.0
123.94742839297432	0.0
123.95742899232827	0.0
123.96742959168223	0.0
123.97743019103619	0.0
123.98743079039015	0.0
123.99743138974411	0.0
124.00743198909808	0.0
124.01743258845204	0.0
124.027433187806	0.0
124.03743378715996	0.0
124.04743438651391	0.0
124.05743498586787	0.0
124.06743558522183	0.0
124.07743618457579	0.0
124.08743678392975	0.0
124.0974373832837	0.0
124.10743798263766	0.0
124.11743858199164	0.0
124.1274391813456	0.0
124.13743978069955	152.0
124.14744038005351	149.0
124.15744097940747	147.0
124.16744157876143	144.0
124.17744217811538	145.0
124.18744277746934	149.0
124.1974433768233	152.0
124.20744397617726	156.0
124.21744457553122	161.0
124.22744517488518	167.0
124.23744577423915	171.0
124.2474463735931	175.0
124.25744697294706	177.0
124.26744757230102	179.0
124.27744817165498	179.0
124.28744877100894	177.0
124.2974493703629	175.0
124.30744996971686	173.0
124.31745056907081	171.0
124.32745116842477	169.0
124.33745176777873	169.0
124.3474523671327	171.0
124.35745296648666	171.0
124.36745356584062	173.0
124.37745416519458	173.0
124.38745476454854	173.0
124.3974553639025	173.0
124.40745596325645	171.0
124.41745656261041	171.0
124.42745716196437	171.0
124.43745776131833	169.0
124.44745836067229	169.0
124.45745896002626	169.0
124.46745955938022	167.0
124.47746015873417	167.0
124.48746075808813	169.0
124.49746135744209	169.0
124.50746195679605	171.0
124.51746255615001	173.0
124.52746315550397	177.0
124.53746375485792	179.0
124.54746435421188	181.0
124.55746495356584	181.0
124.56746555291981	0.0
124.57746615227377	0.0
124.58746675162773	183.0
124.59746735098169	183.0
124.60746795033565	179.0
124.6174685496896	171.0
124.62746914904356	171.0
124.63746974839752	171.0
124.64747034775148	173.0
124.65747094710544	173.0
124.6674715464594	175.0
124.67747214581337	175.0
124.68747274516733	177.0
124.69747334452128	177.0
124.70747394387524	177.0
124.7174745432292	177.0
124.72747514258316	177.0
124.73747574193712	175.0
124.74747634129108	175.0
124.75747694064503	173.0
124.76747753999899	173.0
124.77747813935295	171.0
124.78747873870692	169.0
124.79747933806088	167.0
124.80747993741484	165.0
124.8174805367688	165.0
124.82748113612276	169.0
124.83748173547671	175.0
124.84748233483067	181.0
124.85748293418463	187.0
124.86748353353859	192.0
124.87748413289255	196.0
124.8874847322465	199.0
124.89748533160046	201.0
124.90748593095444	201.0
124.9174865303084	201.0
124.92748712966235	199.0
124.93748772901631	194.0
124.94748832837027	192.0
124.95748892772423	187.0
124.96748952707819	183.0
124.97749012643214	179.0
124.9874907257861	175.0
124.99749132514006	173.0
125.00749192449402	171.0
125.01749252384799	171.0
125.02749312320195	171.0
125.03749372255591	169.0
125.04749432190987	169.0
125.05749492126382	169.0
125.06749552061778	169.0
125.07749611997174	169.0
125.0874967193257	169.0
125.09749731867966	169.0
125.10749791803362	171.0
125.11749851738757	169.0
125.12749911674155	169.0
125.1374997160955	167.0
125.14750031544946	161.0
125.15750091480342	0.0
125.16750151415738	0.0
125.17750211351134	0.0
125.1875027128653	0.0
125.19750331221925	0.0
125.20750391157321	0.0
125.21750451092717	0.0
125.22750511028113	0.0
125.2375057096351	0.0
125.24750630898906	0.0
125.25750690834302	0.0
125.26750750769698	0.0
125.27750810705093	0.0
125.28750870640489	0.0
125.29750930575885	0.0
125.30750990511281	0.0
125.31751050446677	0.0
125.32751110382073	308.0
125.33751170317468	248.0
125.34751230252866	239.0
125.35751290188261	226.0
125.36751350123657	206.0
125.37751410059053	196.0
125.38751469994449	181.0
125.39751529929845	175.0
125.4075158986524	173.0
125.41751649800636	171.0
125.42751709736032	171.0
125.43751769671428	171.0
125.44751829606824	171.0
125.4575188954222	171.0
125.46751949477617	173.0
125.47752009413013	173.0
125.48752069348409	177.0
125.49752129283804	183.0
125.507521892192	187.0
125.51752249154596	190.0
125.52752309089992	194.0
125.53752369025388	196.0
125.54752428960784	199.0
125.5575248889618	199.0
125.56752548831575	196.0
125.57752608766972	194.0
125.58752668702368	190.0
125.59752728637764	183.0
125.6075278857316	177.0
125.61752848508556	173.0
125.62752908443952	169.0
125.63752968379347	167.0
125.64753028314743	167.0
125.65753088250139	167.0
125.66753148185535	167.0
125.6775320812093	167.0
125.68753268056328	169.0
125.69753327991724	169.0
125.7075338792712	171.0
125.71753447862515	173.0
125.72753507797911	177.0
125.73753567733307	179.0
125.74753627668703	185.0
125.75753687604099	190.0
125.76753747539495	194.0
125.7775380747489	196.0
125.78753867410286	199.0
125.79753927345683	201.0
125.80753987281079	203.0
125.81754047216475	203.0
125.82754107151871	201.0
125.83754167087267	201.0
125.84754227022663	201.0
125.85754286958058	201.0
125.86754346893454	201.0
125.8775440682885	201.0
125.88754466764246	203.0
125.89754526699642	203.0
125.90754586635039	203.0
125.91754646570435	203.0
125.9275470650583	206.0
125.93754766441226	208.0
125.94754826376622	208.0
125.95754886312018	210.0
125.96754946247414	210.0
125.9775500618281	213.0
125.98755066118206	213.0
125.99755126053601	213.0
126.00755185988997	213.0
126.01755245924394	210.0
126.0275530585979	210.0
126.03755365795186	210.0
126.04755425730582	208.0
126.05755485665978	208.0
126.06755545601374	208.0
126.0775560553677	208.0
126.08755665472165	208.0
126.09755725407561	208.0
126.10755785342957	208.0
126.11755845278353	208.0
126.12755905213749	210.0
126.13755965149146	210.0
126.14756025084542	213.0
126.15756085019937	213.0
126.16756144955333	213.0
126.17756204890729	213.0
126.18756264826125	210.0
126.19756324761521	210.0
126.20756384696917	208.0
126.21756444632312	203.0
126.22756504567708	201.0
126.23756564503104	196.0
126.24756624438501	190.0
126.25756684373897	185.0
126.26756744309293	179.0
126.27756804244689	175.0
126.28756864180085	173.0
126.2975692411548	171.0
126.30756984050876	171.0
126.31757043986272	171.0
126.32757103921668	171.0
126.33757163857064	171.0
126.3475722379246	173.0
126.35757283727857	173.0
126.36757343663253	173.0
126.37757403598648	173.0
126.38757463534044	173.0
126.3975752346944	171.0
126.40757583404836	169.0
126.41757643340232	169.0
126.42757703275628	167.0
126.43757763211023	169.0
126.44757823146419	169.0
126.45757883081815	171.0
126.46757943017212	177.0
126.47758002952608	181.0
126.48758062888004	185.0
126.497581228234	192.0
126.50758182758796	194.0
126.51758242694191	196.0
126.52758302629587	199.0
126.53758362564983	196.0
126.54758422500379	196.0
126.55758482435775	190.0
126.5675854237117	185.0
126.57758602306568	179.0
126.58758662241964	173.0
126.5975872217736	169.0
126.60758782112755	163.0
126.61758842048151	159.0
126.62758901983547	156.0
126.63758961918943	152.0
126.64759021854339	152.0
126.65759081789734	150.0
126.6675914172513	152.0
126.67759201660526	152.0
126.68759261595923	154.0
126.69759321531319	156.0
126.70759381466715	156.0
126.71759441402111	156.0
126.72759501337507	156.0
126.73759561272902	154.0
126.74759621208298	150.0
126.75759681143694	149.0
126.7675974107909	149.0
126.77759801014486	150.0
126.78759860949881	154.0
126.79759920885277	159.0
126.80759980820675	163.0
126.8176004075607	165.0
126.82760100691466	167.0
126.83760160626862	167.0
126.84760220562258	167.0
126.85760280497654	165.0
126.8676034043305	161.0
126.87760400368445	158.0
126.88760460303841	156.0
126.89760520239237	154.0
126.90760580174633	154.0
126.9176064011003	154.0
126.92760700045426	154.0
126.93760759980822	154.0
126.94760819916218	154.0
126.95760879851613	154.0
126.96760939787009	156.0
126.97760999722405	156.0
126.98761059657801	158.0
126.99761119593197	161.0
127.00761179528592	165.0
127.01761239463988	171.0
127.02761299399386	173.0
127.03761359334781	175.0
127.04761419270177	173.0
127.05761479205573	169.0
127.06761539140969	163.0
127.07761599076365	156.0
127.0876165901176	152.0
127.09761718947156	150.0
127.10761778882552	150.0
127.11761838817948	149.0
127.12761898753344	150.0
127.13761958688741	150.0
127.14762018624137	152.0
127.15762078559533	154.0
127.16762138494929	158.0
127.17762198430324	165.0
127.1876225836572	173.0
127.19762318301116	181.0
127.20762378236512	190.0
127.21762438171908	196.0
127.22762498107303	203.0
127.237625580427	203.0
127.24762617978097	203.0
127.25762677913492	201.0
127.26762737848888	194.0
127.27762797784284	187.0
127.2876285771968	179.0
127.29762917655076	175.0
127.30762977590472	171.0
127.31763037525867	169.0
127.32763097461263	167.0
127.33763157396659	167.0
127.34763217332055	167.0
127.3576327726745	169.0
127.36763337202848	169.0
127.37763397138244	171.0
127.3876345707364	173.0
127.39763517009035	175.0
127.40763576944431	175.0
127.41763636879827	177.0
127.42763696815223	177.0
127.43763756750619	179.0
127.44763816686014	179.0
127.4576387662141	179.0
127.46763936556806	179.0
127.47763996492203	179.0
127.48764056427599	181.0
127.49764116362995	185.0
127.50764176298391	190.0
127.51764236233787	196.0
127.52764296169183	201.0
127.53764356104578	208.0
127.54764416039974	213.0
127.5576447597537	218.0
127.56764535910766	218.0
127.57764595846162	215.0
127.58764655781559	213.0
127.59764715716955	210.0
127.6076477565235	208.0
127.61764835587746	208.0
127.62764895523142	206.0
127.63764955458538	206.0
127.64765015393934	206.0
127.6576507532933	206.0
127.66765135264725	208.0
127.67765195200121	210.0
127.68765255135517	210.0
127.69765315070914	213.0
127.7076537500631	213.0
127.71765434941706	213.0
127.72765494877102	213.0
127.73765554812498	213.0
127.74765614747893	213.0
127.7576567468329	213.0
127.76765734618685	213.0
127.77765794554081	213.0
127.78765854489477	210.0
127.79765914424873	210.0
127.8076597436027	208.0
127.81766034295666	206.0
127.82766094231062	206.0
127.83766154166457	206.0
127.84766214101853	206.0
127.85766274037249	208.0
127.86766333972645	208.0
127.8776639390804	210.0
127.88766453843436	210.0
127.89766513778832	210.0
127.90766573714228	210.0
127.91766633649625	210.0
127.92766693585021	208.0
127.93766753520417	208.0
127.94766813455813	208.0
127.95766873391209	208.0
127.96766933326604	208.0
127.97766993262	208.0
127.98767053197396	208.0
127.99767113132792	208.0
128.0076717306819	210.0
128.01767233003585	210.0
128.0276729293898	210.0
128.03767352874377	208.0
128.04767412809773	208.0
128.05767472745168	203.0
128.06767532680564	201.0
128.0776759261596	194.0
128.08767652551356	183.0
128.09767712486752	173.0
128.10767772422147	167.0
128.11767832357543	161.0
128.1276789229294	156.0
128.13767952228335	149.0
128.1476801216373	144.0
128.15768072099127	140.0
128.16768132034522	0.0
128.17768191969918	0.0
128.18768251905314	0.0
128.19768311840713	0.0
128.20768371776109	0.0
128.21768431711504	0.0
128.227684916469	0.0
128.23768551582296	0.0
128.24768611517692	0.0
128.25768671453088	0.0
128.26768731388484	0.0
128.2776879132388	0.0
128.28768851259275	210.0
128.2976891119467	213.0
128.30768971130067	220.0
128.31769031065463	226.0
128.32769091000858	226.0
128.33769150936254	220.0
128.3476921087165	213.0
128.35769270807046	210.0
128.36769330742442	208.0
128.37769390677838	206.0
128.38769450613233	206.0
128.3976951054863	203.0
128.40769570484025	201.0
128.4176963041942	201.0
128.4276969035482	201.0
128.43769750290215	201.0
128.4476981022561	201.0
128.45769870161007	201.0
128.46769930096403	203.0
128.477699900318	203.0
128.48770049967194	203.0
128.4977010990259	203.0
128.50770169837986	203.0
128.51770229773382	203.0
128.52770289708778	203.0
128.53770349644174	206.0
128.5477040957957	206.0
128.55770469514965	206.0
128.5677052945036	206.0
128.57770589385757	206.0
128.58770649321153	203.0
128.59770709256549	203.0
128.60770769191944	203.0
128.6177082912734	203.0
128.62770889062736	203.0
128.63770948998132	206.0
128.6477100893353	208.0
128.65771068868926	208.0
128.66771128804322	208.0
128.67771188739718	208.0
128.68771248675114	210.0
128.6977130861051	210.0
128.70771368545905	210.0
128.717714284813	210.0
128.72771488416697	210.0
128.73771548352093	210.0
128.7477160828749	210.0
128.75771668222885	210.0
128.7677172815828	210.0
128.77771788093676	208.0
128.78771848029072	208.0
128.79771907964468	208.0
128.80771967899864	208.0
128.8177202783526	208.0
128.82772087770655	208.0
128.8377214770605	210.0
128.84772207641447	210.0
128.85772267576843	210.0
128.86772327512242	213.0
128.87772387447637	213.0
128.88772447383033	213.0
128.8977250731843	213.0
128.90772567253825	213.0
128.9177262718922	213.0
128.92772687124616	213.0
128.93772747060012	213.0
128.94772806995408	213.0
128.95772866930804	213.0
128.967729268662	213.0
128.97772986801596	213.0
128.98773046736991	213.0
128.99773106672387	213.0
129.00773166607783	213.0
129.0177322654318	213.0
129.02773286478575	213.0
129.0377334641397	213.0
129.04773406349366	213.0
129.05773466284762	210.0
129.06773526220158	208.0
129.07773586155554	208.0
129.0877364609095	206.0
129.09773706026348	206.0
129.10773765961744	206.0
129.1177382589714	206.0
129.12773885832536	208.0
129.13773945767932	208.0
129.14774005703327	210.0
129.15774065638723	210.0
129.1677412557412	213.0
129.17774185509515	213.0
129.1877424544491	210.0
129.19774305380307	208.0
129.20774365315702	203.0
129.21774425251098	196.0
129.22774485186494	185.0
129.2377454512189	0.0
129.24774605057286	0.0
129.25774664992682	0.0
129.26774724928077	0.0
129.27774784863473	0.0
129.2877484479887	0.0
129.29774904734265	0.0
129.3077496466966	0.0
129.3177502460506	0.0
129.32775084540455	0.0
129.3377514447585	0.0
129.34775204411247	0.0
129.35775264346643	0.0
129.36775324282038	0.0
129.37775384217434	0.0
129.3877544415283	0.0
129.39775504088226	0.0
129.40775564023622	0.0
129.41775623959018	0.0
129.42775683894413	0.0
129.4377574382981	0.0
129.44775803765205	0.0
129.457758637006	0.0
129.46775923635997	0.0
129.47775983571393	0.0
129.48776043506788	0.0
129.49776103442184	0.0
129.5077616337758	0.0
129.51776223312976	0.0
129.52776283248372	0.0
129.5377634318377	0.0
129.54776403119166	0.0
129.55776463054562	0.0
129.56776522989958	0.0
129.57776582925354	0.0
129.5877664286075	0.0
129.59776702796145	0.0
129.6077676273154	0.0
129.61776822666937	0.0
129.62776882602333	0.0
129.6377694253773	0.0
129.64777002473124	0.0
129.6577706240852	0.0
129.66777122343916	0.0
129.67777182279312	0.0
129.68777242214708	0.0
129.69777302150104	0.0
129.707773620855	169.0
129.71777422020895	167.0
129.7277748195629	167.0
129.73777541891687	169.0
129.74777601827083	171.0
129.75777661762478	173.0
129.76777721697877	175.0
129.77777781633273	177.0
129.7877784156867	179.0
129.79777901504065	177.0
129.8077796143946	173.0
129.81778021374856	171.0
129.82778081310252	167.0
129.83778141245648	163.0
129.84778201181044	163.0
129.8577826111644	163.0
129.86778321051835	165.0
129.8777838098723	167.0
129.88778440922627	169.0
129.89778500858023	173.0
129.9077856079342	175.0
129.91778620728815	177.0
129.9277868066421	181.0
129.93778740599606	183.0
129.94778800535002	185.0
129.95778860470398	187.0
129.96778920405794	185.0
129.9777898034119	183.0
129.98779040276588	179.0
129.99779100211984	175.0
130.0077916014738	173.0
130.01779220082776	173.0
130.02779280018171	171.0
130.03779339953567	167.0
130.04779399888963	163.0
130.0577945982436	158.0
130.06779519759755	150.0
130.0777957969515	147.0
130.08779639630546	147.0
130.09779699565942	150.0
130.10779759501338	154.0
130.11779819436734	158.0
130.1277987937213	161.0
130.13779939307526	167.0
130.1477999924292	173.0
130.15780059178317	179.0
130.16780119113713	183.0
130.1778017904911	190.0
130.18780238984505	192.0
130.197802989199	194.0
130.20780358855296	192.0
130.21780418790695	185.0
130.2278047872609	179.0
130.23780538661487	175.0
130.24780598596882	171.0
130.25780658532278	167.0
130.26780718467674	163.0
130.2778077840307	161.0
130.28780838338466	161.0
130.29780898273862	163.0
130.30780958209257	165.0
130.31781018144653	167.0
130.3278107808005	169.0
130.33781138015445	171.0
130.3478119795084	173.0
130.35781257886237	175.0
130.36781317821632	177.0
130.37781377757028	181.0
130.38781437692424	187.0
130.3978149762782	194.0
130.40781557563216	201.0
130.41781617498611	208.0
130.42781677434007	220.0
130.43781737369406	236.0
130.44781797304802	248.0
130.45781857240198	262.0
130.46781917175593	275.0
130.4778197711099	281.0
130.48782037046385	288.0
130.4978209698178	291.0
130.50782156917177	291.0
130.51782216852573	281.0
130.52782276787968	272.0
130.53782336723364	265.0
130.5478239665876	259.0
130.55782456594156	250.0
130.56782516529552	248.0
130.57782576464948	242.0
130.58782636400343	236.0
130.5978269633574	234.0
130.60782756271135	231.0
130.6178281620653	231.0
130.62782876141927	231.0
130.63782936077322	231.0
130.64782996012718	234.0
130.65783055948117	236.0
130.66783115883513	239.0
130.6778317581891	242.0
130.68783235754304	242.0
130.697832956897	242.0
130.70783355625096	239.0
130.71783415560492	239.0
130.72783475495888	236.0
130.73783535431284	234.0
130.7478359536668	228.0
130.75783655302075	223.0
130.7678371523747	220.0
130.77783775172867	220.0
130.78783835108263	226.0
130.79783895043659	231.0
130.80783954979054	239.0
130.8178401491445	248.0
130.82784074849846	256.0
130.83784134785242	268.0
130.84784194720638	275.0
130.85784254656033	281.0
130.8678431459143	288.0
130.87784374526825	291.0
130.88784434462224	291.0
130.8978449439762	284.0
130.90784554333015	275.0
130.9178461426841	268.0
130.92784674203807	262.0
130.93784734139203	253.0
130.947847940746	245.0
130.95784854009995	239.0
130.9678491394539	234.0
130.97784973880786	231.0
130.98785033816182	231.0
130.99785093751578	228.0
131.00785153686974	228.0
131.0178521362237	231.0
131.02785273557765	231.0
131.0378533349316	231.0
131.04785393428557	231.0
131.05785453363953	231.0
131.0678551329935	231.0
131.07785573234744	231.0
131.0878563317014	231.0
131.09785693105536	231.0
131.10785753040935	231.0
131.1178581297633	234.0
131.12785872911726	239.0
131.13785932847122	242.0
131.14785992782518	248.0
131.15786052717914	256.0
131.1678611265331	265.0
131.17786172588706	275.0
131.187862325241	281.0
131.19786292459497	291.0
131.20786352394893	301.0
131.2178641233029	319.0
131.22786472265685	334.0
131.2378653220108	334.0
131.24786592136476	319.0
131.25786652071872	298.0
131.26786712007268	262.0
131.27786771942664	248.0
131.2878683187806	236.0
131.29786891813455	223.0
131.3078695174885	215.0
131.31787011684247	210.0
131.32787071619646	210.0
131.33787131555042	208.0
131.34787191490437	208.0
131.35787251425833	208.0
131.3678731136123	208.0
131.37787371296625	210.0
131.3878743123202	210.0
131.39787491167417	213.0
131.40787551102812	213.0
131.41787611038208	213.0
131.42787670973604	215.0
131.43787730909	215.0
131.44787790844396	215.0
131.45787850779791	213.0
131.46787910715187	213.0
131.47787970650583	210.0
131.4878803058598	208.0
131.49788090521375	206.0
131.5078815045677	203.0
131.51788210392166	203.0
131.52788270327562	203.0
131.53788330262958	203.0
131.54788390198354	206.0
131.55788450133753	206.0
131.56788510069148	206.0
131.57788570004544	206.0
131.5878862993994	208.0
131.59788689875336	208.0
131.60788749810732	208.0
131.61788809746128	210.0
131.62788869681523	210.0
131.6378892961692	208.0
131.64788989552315	206.0
131.6578904948771	201.0
131.66789109423107	196.0
131.67789169358502	185.0
131.68789229293898	177.0
131.69789289229294	175.0
131.7078934916469	0.0
131.71789409100086	0.0
131.72789469035482	0.0
131.73789528970877	0.0
131.74789588906273	0.0
131.7578964884167	0.0
131.76789708777065	0.0
131.77789768712464	0.0
131.7878982864786	0.0
131.79789888583255	0.0
131.8078994851865	0.0
131.81790008454047	0.0
131.82790068389443	0.0
131.83790128324839	0.0
131.84790188260234	0.0
131.8579024819563	0.0
131.86790308131026	0.0
131.87790368066422	0.0
131.88790428001818	0.0
131.89790487937213	0.0
131.9079054787261	0.0
131.91790607808005	0.0
131.927906677434	0.0
131.93790727678797	156.0
131.94790787614193	154.0
131.95790847549588	154.0
131.96790907484984	156.0
131.9779096742038	158.0
131.98791027355776	163.0
131.99791087291175	167.0
132.0079114722657	171.0
132.01791207161966	173.0
132.02791267097362	173.0
132.03791327032758	173.0
132.04791386968154	173.0
132.0579144690355	173.0
132.06791506838945	173.0
132.0779156677434	173.0
132.08791626709737	175.0
132.09791686645133	177.0
132.1079174658053	183.0
132.11791806515924	187.0
132.1279186645132	194.0
132.13791926386716	201.0
132.14791986322112	203.0
132.15792046257508	206.0
132.16792106192904	206.0
132.177921661283	206.0
132.18792226063695	201.0
132.1979228599909	196.0
132.20792345934487	190.0
132.21792405869883	181.0
132.2279246580528	175.0
132.23792525740677	169.0
132.24792585676073	165.0
132.2579264561147	163.0
132.26792705546865	163.0
132.2779276548226	163.0
132.28792825417656	165.0
132.29792885353052	167.0
132.30792945288448	169.0
132.31793005223844	173.0
132.3279306515924	179.0
132.33793125094635	185.0
132.3479318503003	190.0
132.35793244965427	196.0
132.36793304900823	203.0
132.3779336483622	210.0
132.38793424771615	218.0
132.3979348470701	223.0
132.40793544642406	226.0
132.41793604577802	226.0
132.42793664513198	223.0
132.43793724448594	220.0
132.44793784383992	213.0
132.45793844319388	208.0
132.46793904254784	201.0
132.4779396419018	192.0
132.48794024125576	183.0
132.49794084060971	181.0
132.50794143996367	177.0
132.51794203931763	175.0
132.5279426386716	173.0
132.53794323802555	173.0
132.5479438373795	171.0
132.55794443673346	171.0
132.56794503608742	171.0
132.57794563544138	171.0
132.58794623479534	171.0
132.5979468341493	171.0
132.60794743350326	171.0
132.6179480328572	173.0
132.62794863221117	173.0
132.63794923156513	173.0
132.6479498309191	175.0
132.65795043027305	177.0
132.66795102962703	185.0
132.677951628981	196.0
132.68795222833495	203.0
132.6979528276889	218.0
132.70795342704287	231.0
132.71795402639682	245.0
132.72795462575078	268.0
132.73795522510474	284.0
132.7479558244587	301.0
132.75795642381266	312.0
132.76795702316662	319.0
132.77795762252057	323.0
132.78795822187453	319.0
132.7979588212285	308.0
132.80795942058245	294.0
132.8179600199364	281.0
132.82796061929037	262.0
132.83796121864432	250.0
132.84796181799828	242.0
132.85796241735224	236.0
132.8679630167062	234.0
132.87796361606016	234.0
132.88796421541412	231.0
132.8979648147681	231.0
132.90796541412206	231.0
132.91796601347602	231.0
132.92796661282998	234.0
132.93796721218393	234.0
132.9479678115379	234.0
132.95796841089185	236.0
132.9679690102458	236.0
132.97796960959977	236.0
132.98797020895373	236.0
132.99797080830768	239.0
133.00797140766164	239.0
133.0179720070156	242.0
133.02797260636956	245.0
133.03797320572352	250.0
133.04797380507748	253.0
133.05797440443143	259.0
133.0679750037854	265.0
133.07797560313935	272.0
133.0879762024933	278.0
133.09797680184727	284.0
133.10797740120123	291.0
133.1179780005552	308.0
133.12797859990917	316.0
133.13797919926313	316.0
133.1479797986171	316.0
133.15798039797104	308.0
133.167980997325	288.0
133.17798159667896	284.0
133.18798219603292	220.0
133.19798279538688	215.0
133.20798339474084	210.0
133.2179839940948	210.0
133.22798459344875	208.0
133.2379851928027	208.0
133.24798579215667	208.0
133.25798639151063	206.0
133.26798699086459	206.0
133.27798759021854	208.0
133.2879881895725	208.0
133.29798878892646	210.0
133.30798938828042	210.0
133.31798998763438	210.0
133.32799058698834	210.0
133.33799118634232	206.0
133.34799178569628	201.0
133.35799238505024	192.0
133.3679929844042	181.0
133.37799358375815	177.0
133.3879941831121	0.0
133.39799478246607	0.0
133.40799538182003	0.0
133.417995981174	0.0
133.42799658052795	0.0
133.4379971798819	0.0
133.44799777923586	213.0
133.45799837858982	210.0
133.46799897794378	208.0
133.47799957729774	208.0
133.4880001766517	208.0
133.49800077600565	208.0
133.5080013753596	208.0
133.51800197471357	208.0
133.52800257406753	208.0
133.5380031734215	208.0
133.54800377277544	210.0
133.5580043721294	210.0
133.5680049714834	210.0
133.57800557083735	210.0
133.5880061701913	210.0
133.59800676954526	210.0
133.60800736889922	210.0
133.61800796825318	213.0
133.62800856760714	213.0
133.6380091669611	213.0
133.64800976631506	213.0
133.658010365669	210.0
133.66801096502297	208.0
133.67801156437693	206.0
133.6880121637309	201.0
133.69801276308485	196.0
133.7080133624388	190.0
133.71801396179276	181.0
133.72801456114672	175.0
133.73801516050068	167.0
133.74801575985464	159.0
133.7580163592086	154.0
133.76801695856255	152.0
133.7780175579165	152.0
133.7880181572705	154.0
133.79801875662446	158.0
133.80801935597842	163.0
133.81801995533237	171.0
133.82802055468633	177.0
133.8380211540403	185.0
133.84802175339425	194.0
133.8580223527482	203.0
133.86802295210217	213.0
133.87802355145612	220.0
133.88802415081008	226.0
133.89802475016404	228.0
133.908025349518	223.0
133.91802594887196	218.0
133.92802654822592	210.0
133.93802714757987	206.0
133.94802774693383	201.0
133.9580283462878	190.0
133.96802894564175	183.0
133.9780295449957	177.0
133.98803014434966	173.0
133.99803074370362	171.0
134.00803134305758	169.0
134.01803194241157	167.0
134.02803254176553	167.0
134.03803314111948	165.0
134.04803374047344	165.0
134.0580343398274	163.0
134.06803493918136	163.0
134.07803553853532	165.0
134.08803613788928	165.0
134.09803673724323	167.0
134.1080373365972	167.0
134.11803793595115	169.0
134.1280385353051	171.0
134.13803913465907	173.0
134.14803973401303	175.0
134.15804033336698	179.0
134.16804093272094	185.0
134.1780415320749	192.0
134.18804213142886	199.0
134.19804273078282	206.0
134.20804333013677	210.0
134.21804392949073	218.0
134.2280445288447	226.0
134.23804512819868	231.0
134.24804572755264	234.0
134.2580463269066	231.0
134.26804692626055	223.0
134.2780475256145	213.0
134.28804812496847	208.0
134.29804872432243	201.0
134.30804932367639	196.0
134.31804992303034	187.0
134.3280505223843	181.0
134.33805112173826	177.0
134.34805172109222	175.0
134.35805232044618	171.0
134.36805291980014	169.0
134.3780535191541	169.0
134.38805411850805	169.0
134.398054717862	167.0
134.40805531721597	167.0
134.41805591656993	167.0
134.42805651592388	169.0
134.43805711527784	169.0
134.4480577146318	169.0
134.4580583139858	171.0
134.46805891333975	171.0
134.4780595126937	171.0
134.48806011204766	173.0
134.49806071140162	173.0
134.50806131075558	173.0
134.51806191010954	173.0
134.5280625094635	173.0
134.53806310881745	175.0
134.5480637081714	179.0
134.55806430752537	181.0
134.56806490687933	187.0
134.5780655062333	190.0
134.58806610558725	194.0
134.5980667049412	196.0
134.60806730429516	199.0
134.61806790364912	199.0
134.62806850300308	196.0
134.63806910235704	192.0
134.648069701711	185.0
134.65807030106495	181.0
134.6680709004189	175.0
134.67807149977287	169.0
134.68807209912686	165.0
134.69807269848081	163.0
134.70807329783477	161.0
134.71807389718873	159.0
134.7280744965427	158.0
134.73807509589665	158.0
134.7480756952506	156.0
134.75807629460456	156.0
134.76807689395852	158.0
134.77807749331248	158.0
134.78807809266644	158.0
134.7980786920204	158.0
134.80807929137436	159.0
134.8180798907283	159.0
134.82808049008227	161.0
134.83808108943623	163.0
134.8480816887902	167.0
134.85808228814415	171.0
134.8680828874981	175.0
134.87808348685206	179.0
134.88808408620602	185.0
134.89808468555998	190.0
134.90808528491397	194.0
134.91808588426792	199.0
134.92808648362188	199.0
134.93808708297584	199.0
134.9480876823298	196.0
134.95808828168376	190.0
134.96808888103772	181.0
134.97808948039167	173.0
134.98809007974563	163.0
134.9980906790996	144.0
135.00809127845355	136.0
135.0180918778075	132.0
135.02809247716147	129.0
135.03809307651542	129.0
135.04809367586938	129.0
135.05809427522334	131.0
135.0680948745773	132.0
135.07809547393126	137.0
135.08809607328521	140.0
135.09809667263917	144.0
135.10809727199313	147.0
135.1180978713471	150.0
135.12809847070108	150.0
135.13809907005503	150.0
135.148099669409	149.0
135.15810026876295	147.0
135.1681008681169	144.0
135.17810146747087	140.0
135.18810206682483	137.0
135.19810266617878	134.0
135.20810326553274	132.0
135.2181038648867	132.0
135.22810446424066	132.0
135.23810506359462	134.0
135.24810566294857	134.0
135.25810626230253	136.0
135.2681068616565	136.0
135.27810746101045	139.0
135.2881080603644	140.0
135.29810865971837	142.0
135.30810925907232	142.0
135.31810985842628	144.0
135.32811045778024	145.0
135.3381110571342	147.0
135.34811165648816	149.0
135.35811225584214	150.0
135.3681128551961	154.0
135.37811345455006	158.0
135.38811405390402	163.0
135.39811465325798	171.0
135.40811525261194	177.0
135.4181158519659	183.0
135.42811645131985	185.0
135.4381170506738	185.0
135.44811765002777	185.0
135.45811824938173	181.0
135.46811884873568	175.0
135.47811944808964	167.0
135.4881200474436	158.0
135.49812064679756	152.0
135.50812124615152	150.0
135.51812184550548	149.0
135.52812244485943	149.0
135.5381230442134	149.0
135.54812364356735	150.0
135.5581242429213	152.0
135.56812484227527	154.0
135.57812544162925	156.0
135.5881260409832	156.0
135.59812664033717	156.0
135.60812723969113	156.0
135.6181278390451	156.0
135.62812843839905	156.0
135.638129037753	156.0
135.64812963710696	158.0
135.65813023646092	158.0
135.66813083581488	158.0
135.67813143516884	158.0
135.6881320345228	158.0
135.69813263387675	159.0
135.7081332332307	161.0
135.71813383258467	165.0
135.72813443193863	169.0
135.7381350312926	173.0
135.74813563064654	175.0
135.7581362300005	177.0
135.76813682935446	177.0
135.77813742870842	179.0
135.78813802806238	179.0
135.79813862741636	177.0
135.80813922677032	177.0
135.81813982612428	175.0
135.82814042547824	175.0
135.8381410248322	173.0
135.84814162418616	173.0
135.8581422235401	171.0
135.86814282289407	171.0
135.87814342224803	169.0
135.888144021602	169.0
135.89814462095595	167.0
135.9081452203099	167.0
135.91814581966386	167.0
135.92814641901782	167.0
135.93814701837178	167.0
135.94814761772574	169.0
135.9581482170797	169.0
135.96814881643365	169.0
135.9781494157876	169.0
135.98815001514157	171.0
135.99815061449553	171.0
136.0081512138495	171.0
136.01815181320345	171.0
136.02815241255743	171.0
136.0381530119114	171.0
136.04815361126535	169.0
136.0581542106193	169.0
136.06815480997327	167.0
136.07815540932722	167.0
136.08815600868118	167.0
136.09815660803514	169.0
136.1081572073891	169.0
136.11815780674306	171.0
136.12815840609701	173.0
136.13815900545097	173.0
136.14815960480493	173.0
136.1581602041589	173.0
136.16816080351285	173.0
136.1781614028668	173.0
136.18816200222076	173.0
136.19816260157472	173.0
136.20816320092868	171.0
136.21816380028264	171.0
136.2281643996366	169.0
136.23816499899056	167.0
136.24816559834454	167.0
136.2581661976985	165.0
136.26816679705246	165.0
136.27816739640642	167.0
136.28816799576038	169.0
136.29816859511433	171.0
136.3081691944683	171.0
136.31816979382225	173.0
136.3281703931762	173.0
136.33817099253017	175.0
136.34817159188412	175.0
136.35817219123808	175.0
136.36817279059204	175.0
136.378173389946	175.0
136.38817398929996	173.0
136.39817458865392	173.0
136.40817518800787	173.0
136.41817578736183	173.0
136.4281763867158	171.0
136.43817698606975	171.0
136.4481775854237	171.0
136.45817818477767	171.0
136.46817878413165	171.0
136.4781793834856	171.0
136.48817998283957	173.0
136.49818058219353	173.0
136.50818118154749	173.0
136.51818178090144	173.0
136.5281823802554	171.0
136.53818297960936	171.0
136.54818357896332	171.0
136.55818417831728	171.0
136.56818477767123	171.0
136.5781853770252	171.0
136.58818597637915	171.0
136.5981865757331	173.0
136.60818717508707	173.0
136.61818777444103	173.0
136.62818837379498	173.0
136.63818897314894	173.0
136.6481895725029	173.0
136.65819017185686	171.0
136.66819077121082	169.0
136.67819137056478	169.0
136.68819196991873	169.0
136.69819256927272	0.0
136.70819316862668	0.0
136.71819376798064	0.0
136.7281943673346	0.0
136.73819496668855	0.0
136.7481955660425	0.0
136.75819616539647	0.0
136.76819676475043	0.0
136.7781973641044	0.0
136.78819796345834	0.0
136.7981985628123	0.0
136.80819916216626	0.0
136.81819976152022	0.0
136.82820036087418	0.0
136.83820096022814	0.0
136.8482015595821	0.0
136.85820215893605	0.0
136.86820275829	0.0
136.87820335764397	0.0
136.88820395699793	0.0
136.89820455635189	0.0
136.90820515570584	0.0
136.91820575505983	0.0
136.9282063544138	0.0
136.93820695376775	0.0
136.9482075531217	0.0
136.95820815247566	0.0
136.96820875182962	0.0
136.97820935118358	0.0
136.98820995053754	0.0
136.9982105498915	0.0
137.00821114924545	0.0
137.0182117485994	0.0
137.02821234795337	0.0
137.03821294730733	0.0
137.0482135466613	0.0
137.05821414601525	0.0
137.0682147453692	0.0
137.07821534472316	0.0
137.08821594407712	0.0
137.09821654343108	142.0
137.10821714278504	144.0
137.118217742139	147.0
137.12821834149295	150.0
137.13821894084694	156.0
137.1482195402009	159.0
137.15822013955486	159.0
137.16822073890881	158.0
137.17822133826277	154.0
137.18822193761673	149.0
137.1982225369707	144.0
137.20822313632465	139.0
137.2182237356786	136.0
137.22822433503256	134.0
137.23822493438652	132.0
137.24822553374048	132.0
137.25822613309444	134.0
137.2682267324484	136.0
137.27822733180236	140.0
137.2882279311563	149.0
137.29822853051027	154.0
137.30822912986423	161.0
137.3182297292182	167.0
137.32823032857215	175.0
137.3382309279261	181.0
137.34823152728006	187.0
137.35823212663402	192.0
137.368232725988	194.0
137.37823332534197	194.0
137.38823392469592	190.0
137.39823452404988	185.0
137.40823512340384	179.0
137.4182357227578	175.0
137.42823632211176	169.0
137.43823692146572	165.0
137.44823752081967	161.0
137.45823812017363	158.0
137.4682387195276	158.0
137.47823931888155	156.0
137.4882399182355	156.0
137.49824051758947	156.0
137.50824111694342	156.0
137.51824171629738	156.0
137.52824231565134	154.0
137.5382429150053	154.0
137.54824351435926	152.0
137.55824411371322	150.0
137.56824471306717	150.0
137.57824531242113	150.0
137.58824591177512	150.0
137.59824651112908	152.0
137.60824711048303	154.0
137.618247709837	156.0
137.62824830919095	159.0
137.6382489085449	163.0
137.64824950789887	169.0
137.65825010725283	175.0
137.66825070660678	183.0
137.67825130596074	192.0
137.6882519053147	199.0
137.69825250466866	201.0
137.70825310402262	199.0
137.71825370337658	181.0
137.72825430273053	173.0
137.7382549020845	169.0
137.74825550143845	0.0
137.7582561007924	0.0
137.76825670014637	0.0
137.77825729950032	0.0
137.78825789885428	0.0
137.79825849820824	0.0
137.80825909756223	0.0
137.8182596969162	0.0
137.82826029627014	0.0
137.8382608956241	0.0
137.84826149497806	0.0
137.85826209433202	152.0
137.86826269368598	145.0
137.87826329303994	140.0
137.8882638923939	139.0
137.89826449174785	137.0
137.9082650911018	136.0
137.91826569045577	136.0
137.92826628980973	134.0
137.93826688916369	134.0
137.94826748851764	134.0
137.9582680878716	136.0
137.96826868722556	137.0
137.97826928657952	137.0
137.98826988593348	139.0
137.99827048528743	139.0
138.0082710846414	137.0
138.01827168399535	137.0
138.0282722833493	137.0
138.0382728827033	137.0
138.04827348205725	137.0
138.0582740814112	137.0
138.06827468076517	137.0
138.07827528011913	137.0
138.0882758794731	137.0
138.09827647882705	139.0
138.108277078181	139.0
138.11827767753496	139.0
138.12827827688892	139.0
138.13827887624288	139.0
138.14827947559684	139.0
138.1582800749508	139.0
138.16828067430475	140.0
138.1782812736587	140.0
138.18828187301267	142.0
138.19828247236663	144.0
138.2082830717206	145.0
138.21828367107454	147.0
138.2282842704285	147.0
138.23828486978246	145.0
138.24828546913642	145.0
138.2582860684904	144.0
138.26828666784436	140.0
138.27828726719832	139.0
138.28828786655228	137.0
138.29828846590624	136.0
138.3082890652602	134.0
138.31828966461416	134.0
138.3282902639681	134.0
138.33829086332207	136.0
138.34829146267603	137.0
138.35829206203	140.0
138.36829266138395	142.0
138.3782932607379	145.0
138.38829386009186	147.0
138.39829445944582	149.0
138.40829505879978	149.0
138.41829565815374	149.0
138.4282962575077	149.0
138.43829685686165	147.0
138.4482974562156	144.0
138.45829805556957	142.0
138.46829865492353	140.0
138.4782992542775	137.0
138.48829985363147	132.0
138.49830045298543	128.0
138.5083010523394	121.0
138.51830165169335	114.0
138.5283022510473	0.0
138.53830285040127	0.0
138.54830344975522	0.0
138.55830404910918	145.0
138.56830464846314	150.0
138.5783052478171	154.0
138.58830584717106	156.0
138.59830644652502	154.0
138.60830704587897	152.0
138.61830764523293	147.0
138.6283082445869	142.0
138.63830884394085	139.0
138.6483094432948	136.0
138.65831004264876	132.0
138.66831064200272	129.0
138.67831124135668	129.0
138.68831184071064	131.0
138.6983124400646	132.0
138.70831303941858	134.0
138.71831363877254	136.0
138.7283142381265	137.0
138.73831483748046	140.0
138.74831543683442	142.0
138.75831603618838	144.0
138.76831663554233	144.0
138.7783172348963	144.0
138.78831783425025	144.0
138.7983184336042	140.0
138.80831903295817	139.0
138.81831963231213	137.0
138.82832023166608	137.0
138.83832083102004	139.0
138.848321430374	142.0
138.85832202972796	147.0
138.86832262908192	152.0
138.87832322843587	158.0
138.88832382778983	163.0
138.8983244271438	169.0
138.90832502649775	177.0
138.9183256258517	183.0
138.9283262252057	192.0
138.93832682455965	199.0
138.9483274239136	208.0
138.95832802326757	210.0
138.96832862262153	208.0
138.97832922197549	201.0
138.98832982132944	194.0
138.9983304206834	181.0
139.00833102003736	173.0
139.01833161939132	165.0
139.02833221874528	159.0
139.03833281809924	156.0
139.0483334174532	154.0
139.05833401680715	152.0
139.0683346161611	152.0
139.07833521551507	154.0
139.08833581486903	154.0
139.09833641422298	154.0
139.10833701357694	154.0
139.1183376129309	154.0
139.12833821228486	154.0
139.13833881163882	156.0
139.14833941099278	156.0
139.15834001034676	156.0
139.16834060970072	156.0
139.17834120905468	154.0
139.18834180840864	154.0
139.1983424077626	152.0
139.20834300711655	150.0
139.2183436064705	149.0
139.22834420582447	149.0
139.23834480517843	147.0
139.2483454045324	147.0
139.25834600388634	149.0
139.2683466032403	149.0
139.27834720259426	152.0
139.28834780194822	154.0
139.29834840130218	158.0
139.30834900065614	161.0
139.3183496000101	165.0
139.32835019936405	171.0
139.338350798718	175.0
139.34835139807197	179.0
139.35835199742593	183.0
139.36835259677989	185.0
139.37835319613387	185.0
139.38835379548783	183.0
139.3983543948418	179.0
139.40835499419575	175.0
139.4183555935497	169.0
139.42835619290366	163.0
139.43835679225762	159.0
139.44835739161158	158.0
139.45835799096554	158.0
139.4683585903195	158.0
139.47835918967345	158.0
139.4883597890274	158.0
139.49836038838137	159.0
139.50836098773533	159.0
139.5183615870893	159.0
139.52836218644325	159.0
139.5383627857972	159.0
139.54836338515116	158.0
139.55836398450512	158.0
139.56836458385908	156.0
139.57836518321304	154.0
139.588365782567	152.0
139.59836638192098	150.0
139.60836698127494	150.0
139.6183675806289	150.0
139.62836817998286	150.0
139.63836877933682	152.0
139.64836937869077	156.0
139.65836997804473	159.0
139.6683705773987	163.0
139.67837117675265	171.0
139.6883717761066	175.0
139.69837237546056	181.0
139.70837297481452	183.0
139.71837357416848	181.0
139.72837417352244	179.0
139.7383747728764	175.0
139.74837537223036	169.0
139.75837597158431	163.0
139.76837657093827	158.0
139.77837717029223	150.0
139.7883777696462	142.0
139.79837836900015	0.0
139.8083789683541	0.0
139.81837956770806	0.0
139.82838016706205	0.0
139.838380766416	0.0
139.84838136576997	0.0
139.85838196512393	0.0
139.86838256447788	0.0
139.87838316383184	0.0
139.8883837631858	0.0
139.89838436253976	0.0
139.90838496189372	0.0
139.91838556124767	0.0
139.92838616060163	0.0
139.9383867599556	0.0
139.94838735930955	0.0
139.9583879586635	0.0
139.96838855801747	0.0
139.97838915737142	0.0
139.98838975672538	0.0
139.99839035607934	0.0
140.0083909554333	0.0
140.01839155478726	0.0
140.02839215414122	0.0
140.03839275349517	0.0
140.04839335284916	208.0
140.05839395220312	208.0
140.06839455155708	210.0
140.07839515091104	213.0
140.088395750265	213.0
140.09839634961895	210.0
140.1083969489729	206.0
140.11839754832687	196.0
140.12839814768083	187.0
140.13839874703478	179.0
140.14839934638874	171.0
140.1583999457427	165.0
140.16840054509666	161.0
140.17840114445062	158.0
140.18840174380458	154.0
140.19840234315853	152.0
140.2084029425125	152.0
140.21840354186645	152.0
140.2284041412204	154.0
140.23840474057437	158.0
140.24840533992833	159.0
140.25840593928228	161.0
140.26840653863627	163.0
140.27840713799023	167.0
140.2884077373442	169.0
140.29840833669815	173.0
140.3084089360521	177.0
140.31840953540606	179.0
140.32841013476002	179.0
140.33841073411398	179.0
140.34841133346794	177.0
140.3584119328219	175.0
140.36841253217585	173.0
140.3784131315298	169.0
140.38841373088377	165.0
140.39841433023773	163.0
140.4084149295917	159.0
140.41841552894564	158.0
140.4284161282996	156.0
140.43841672765356	152.0
140.44841732700752	149.0
140.45841792636148	145.0
140.46841852571544	140.0
140.4784191250694	137.0
140.48841972442335	134.0
140.49842032377734	131.0
140.5084209231313	128.0
140.51842152248526	125.0
140.5284221218392	122.0
140.53842272119317	119.0
140.54842332054713	118.0
140.5584239199011	117.0
140.56842451925505	115.0
140.578425118609	115.0
140.58842571796296	115.0
140.59842631731692	115.0
140.60842691667088	115.0
140.61842751602484	115.0
140.6284281153788	115.0
140.63842871473275	115.0
140.6484293140867	115.0
140.65842991344067	114.0
140.66843051279463	114.0
140.6784311121486	114.0
140.68843171150255	113.0
140.6984323108565	113.0
140.70843291021046	113.0
140.71843350956445	114.0
140.7284341089184	114.0
140.73843470827237	115.0
140.74843530762632	115.0
140.75843590698028	115.0
140.76843650633424	117.0
140.7784371056882	117.0
140.78843770504216	118.0
140.79843830439611	118.0
140.80843890375007	119.0
140.81843950310403	119.0
140.828440102458	121.0
140.83844070181195	121.0
140.8484413011659	124.0
140.85844190051986	126.0
140.86844249987382	129.0
140.87844309922778	132.0
140.88844369858174	134.0
140.8984442979357	136.0
140.90844489728966	134.0
140.9184454966436	132.0
140.92844609599757	129.0
140.93844669535156	128.0
140.94844729470552	126.0
140.95844789405947	125.0
140.96844849341343	124.0
140.9784490927674	124.0
140.98844969212135	124.0
140.9984502914753	124.0
141.00845089082927	122.0
141.01845149018322	122.0
141.02845208953718	121.0
141.03845268889114	119.0
141.0484532882451	118.0
141.05845388759906	117.0
141.06845448695302	114.0
141.07845508630697	113.0
141.08845568566093	111.0
141.0984562850149	111.0
141.10845688436885	111.0
141.1184574837228	113.0
141.12845808307677	114.0
141.13845868243072	0.0
141.14845928178468	0.0
141.15845988113864	121.0
141.16846048049263	124.0
141.17846107984658	125.0
141.18846167920054	126.0
141.1984622785545	128.0
141.20846287790846	129.0
141.21846347726242	131.0
141.22846407661638	132.0
141.23846467597033	134.0
141.2484652753243	134.0
141.25846587467825	136.0
141.2684664740322	136.0
141.27846707338617	136.0
141.28846767274013	134.0
141.29846827209408	132.0
141.30846887144804	129.0
141.318469470802	128.0
141.32847007015596	126.0
141.33847066950992	124.0
141.34847126886388	121.0
141.35847186821783	119.0
141.3684724675718	118.0
141.37847306692575	117.0
141.38847366627974	117.0
141.3984742656337	115.0
141.40847486498765	114.0
141.4184754643416	115.0
141.42847606369557	118.0
141.43847666304953	125.0
141.4484772624035	131.0
141.45847786175744	136.0
141.4684784611114	140.0
141.47847906046536	154.0
141.48847965981932	165.0
141.49848025917328	177.0
141.50848085852724	185.0
141.5184814578812	192.0
141.52848205723515	199.0
141.5384826565891	210.0
141.54848325594307	210.0
141.55848385529703	206.0
141.56848445465099	199.0
141.57848505400494	192.0
141.5884856533589	183.0
141.59848625271286	177.0
141.60848685206685	171.0
141.6184874514208	165.0
141.62848805077476	161.0
141.63848865012872	159.0
141.64848924948268	158.0
141.65848984883664	158.0
141.6684904481906	158.0
141.67849104754455	158.0
141.6884916468985	158.0
141.69849224625247	158.0
141.70849284560643	158.0
141.7184934449604	158.0
141.72849404431435	158.0
141.7384946436683	158.0
141.74849524302226	158.0
141.75849584237622	158.0
141.76849644173018	158.0
141.77849704108414	158.0
141.7884976404381	158.0
141.79849823979205	158.0
141.808498839146	158.0
141.81849943849997	159.0
141.82850003785393	159.0
141.83850063720791	161.0
141.84850123656187	165.0
141.85850183591583	169.0
141.8685024352698	173.0
141.87850303462375	179.0
141.8885036339777	183.0
141.89850423333166	187.0
141.90850483268562	190.0
141.91850543203958	190.0
141.92850603139354	187.0
141.9385066307475	185.0
141.94850723010146	179.0
141.9585078294554	175.0
141.96850842880937	171.0
141.97850902816333	165.0
141.9885096275173	159.0
141.99851022687125	156.0
142.0085108262252	154.0
142.01851142557916	154.0
142.02851202493312	154.0
142.03851262428708	156.0
142.04851322364104	159.0
142.05851382299502	161.0
142.06851442234898	163.0
142.07851502170294	165.0
142.0885156210569	161.0
142.09851622041086	159.0
142.10851681976482	158.0
142.11851741911877	158.0
142.12851801847273	158.0
142.1385186178267	159.0
142.14851921718065	161.0
142.1585198165346	161.0
142.16852041588857	165.0
142.17852101524252	169.0
142.18852161459648	173.0
142.19852221395044	179.0
142.2085228133044	187.0
142.21852341265836	196.0
142.22852401201231	206.0
142.23852461136627	206.0
142.24852521072023	206.0
142.2585258100742	201.0
142.26852640942815	196.0
142.2785270087821	190.0
142.2885276081361	183.0
142.29852820749005	175.0
142.308528806844	169.0
142.31852940619797	163.0
142.32853000555193	158.0
142.33853060490588	154.0
142.34853120425984	154.0
142.3585318036138	152.0
142.36853240296776	152.0
142.37853300232172	154.0
142.38853360167568	156.0
142.39853420102963	159.0
142.4085348003836	165.0
142.41853539973755	169.0
142.4285359990915	175.0
142.43853659844547	179.0
142.44853719779942	183.0
142.45853779715338	185.0
142.46853839650734	187.0
142.4785389958613	187.0
142.48853959521526	185.0
142.49854019456922	179.0
142.5085407939232	173.0
142.51854139327716	165.0
142.52854199263112	159.0
142.53854259198508	154.0
142.54854319133904	150.0
142.558543790693	149.0
142.56854439004695	145.0
142.5785449894009	144.0
142.58854558875487	140.0
142.59854618810883	139.0
142.60854678746279	136.0
142.61854738681674	132.0
142.6285479861707	129.0
142.63854858552466	128.0
142.64854918487862	125.0
142.65854978423258	124.0
142.66855038358653	121.0
142.6785509829405	119.0
142.68855158229445	117.0
142.6985521816484	117.0
142.70855278100237	118.0
142.71855338035633	119.0
142.7285539797103	122.0
142.73855457906427	124.0
142.74855517841823	125.0
142.7585557777722	125.0
142.76855637712615	125.0
142.7785569764801	124.0
142.78855757583406	121.0
142.79855817518802	118.0
142.80855877454198	117.0
142.81855937389594	115.0
142.8285599732499	109.0
142.83856057260385	125.0
142.8485611719578	0.0
142.85856177131177	0.0
142.86856237066573	0.0
142.8785629700197	0.0
142.88856356937364	0.0
142.8985641687276	0.0
142.90856476808156	0.0
142.91856536743552	0.0
142.92856596678948	0.0
142.93856656614344	0.0
142.9485671654974	0.0
142.95856776485138	0.0
142.96856836420534	150.0
142.9785689635593	149.0
142.98856956291326	147.0
142.9985701622672	147.0
143.00857076162117	145.0
143.01857136097513	145.0
143.0285719603291	144.0
143.03857255968305	144.0
143.048573159037	144.0
143.05857375839096	144.0
143.06857435774492	144.0
143.07857495709888	145.0
143.08857555645284	147.0
143.0985761558068	149.0
143.10857675516075	149.0
143.1185773545147	147.0
143.12857795386867	145.0
143.13857855322263	144.0
143.1485791525766	142.0
143.15857975193055	140.0
143.1685803512845	140.0
143.1785809506385	139.0
143.18858154999245	137.0
143.1985821493464	137.0
143.20858274870037	137.0
143.21858334805432	137.0
143.22858394740828	137.0
143.23858454676224	139.0
143.2485851461162	139.0
143.25858574547016	139.0
143.26858634482412	139.0
143.27858694417807	139.0
143.28858754353203	139.0
143.298588142886	139.0
143.30858874223995	139.0
143.3185893415939	137.0
143.32858994094786	137.0
143.33859054030182	136.0
143.34859113965578	136.0
143.35859173900974	136.0
143.3685923383637	137.0
143.37859293771766	137.0
143.3885935370716	137.0
143.3985941364256	139.0
143.40859473577956	139.0
143.41859533513352	139.0
143.42859593448748	139.0
143.43859653384143	139.0
143.4485971331954	137.0
143.45859773254935	137.0
143.4685983319033	137.0
143.47859893125727	137.0
143.48859953061122	137.0
143.49860012996518	137.0
143.50860072931914	137.0
143.5186013286731	139.0
143.52860192802706	139.0
143.53860252738102	140.0
143.54860312673497	140.0
143.55860372608893	140.0
143.5686043254429	140.0
143.57860492479685	139.0
143.5886055241508	139.0
143.59860612350477	137.0
143.60860672285872	137.0
143.61860732221268	137.0
143.62860792156667	137.0
143.63860852092063	136.0
143.64860912027459	136.0
143.65860971962854	136.0
143.6686103189825	136.0
143.67861091833646	136.0
143.68861151769042	136.0
143.69861211704438	136.0
143.70861271639833	137.0
143.7186133157523	139.0
143.72861391510625	139.0
143.7386145144602	142.0
143.74861511381417	144.0
143.75861571316813	145.0
143.76861631252208	147.0
143.77861691187604	145.0
143.78861751123	144.0
143.79861811058396	140.0
143.80861870993792	136.0
143.81861930929188	129.0
143.82861990864583	121.0
143.8386205079998	114.0
143.84862110735378	0.0
143.85862170670774	0.0
143.8686223060617	0.0
143.87862290541565	0.0
143.8886235047696	0.0
143.89862410412357	0.0
143.90862470347753	0.0
143.9186253028315	0.0
143.92862590218544	0.0
143.9386265015394	0.0
143.94862710089336	0.0
143.95862770024732	0.0
143.96862829960128	0.0
143.97862889895524	0.0
143.9886294983092	0.0
143.99863009766315	0.0
144.0086306970171	0.0
144.01863129637107	0.0
144.02863189572503	0.0
144.03863249507899	0.0
144.04863309443294	0.0
144.0586336937869	0.0
144.0686342931409	0.0
144.07863489249485	0.0
144.0886354918488	0.0
144.09863609120276	0.0
144.10863669055672	0.0
144.11863728991068	0.0
144.12863788926464	0.0
144.1386384886186	0.0
144.14863908797255	0.0
144.1586396873265	0.0
144.16864028668047	0.0
144.17864088603443	0.0
144.1886414853884	0.0
144.19864208474235	0.0
144.2086426840963	0.0
144.21864328345026	0.0
144.22864388280422	0.0
144.23864448215818	0.0
144.24864508151214	0.0
144.2586456808661	0.0
144.26864628022005	0.0
144.278646879574	0.0
144.28864747892797	0.0
144.29864807828196	0.0
144.30864867763592	0.0
144.31864927698987	0.0
144.32864987634383	0.0
144.3386504756978	0.0
144.34865107505175	0.0
144.3586516744057	0.0
144.36865227375966	0.0
144.37865287311362	156.0
144.38865347246758	159.0
144.39865407182154	163.0
144.4086546711755	161.0
144.41865527052946	156.0
144.4286558698834	150.0
144.43865646923737	144.0
144.44865706859133	136.0
144.4586576679453	131.0
144.46865826729925	128.0
144.4786588666532	125.0
144.48865946600716	124.0
144.49866006536112	122.0
144.50866066471508	124.0
144.51866126406907	125.0
144.52866186342303	128.0
144.53866246277698	131.0
144.54866306213094	134.0
144.5586636614849	137.0
144.56866426083886	140.0
144.57866486019282	147.0
144.58866545954677	152.0
144.59866605890073	158.0
144.6086666582547	165.0
144.61866725760865	171.0
144.6286678569626	175.0
144.63866845631657	179.0
144.64866905567052	190.0
144.65866965502448	190.0
144.66867025437844	187.0
144.6786708537324	185.0
144.68867145308636	181.0
144.69867205244032	175.0
144.70867265179427	171.0
144.71867325114823	169.0
144.7286738505022	165.0
144.73867444985618	163.0
144.74867504921014	161.0
144.7586756485641	159.0
144.76867624791805	158.0
144.778676847272	156.0
144.78867744662597	156.0
144.79867804597993	154.0
144.80867864533388	154.0
144.81867924468784	152.0
144.8286798440418	152.0
144.83868044339576	150.0
144.84868104274972	150.0
144.85868164210368	150.0
144.86868224145763	152.0
144.8786828408116	154.0
144.88868344016555	154.0
144.8986840395195	154.0
144.90868463887347	154.0
144.91868523822743	152.0
144.92868583758138	150.0
144.93868643693534	149.0
144.9486870362893	147.0
144.95868763564326	145.0
144.96868823499724	145.0
144.9786888343512	147.0
144.98868943370516	147.0
144.99869003305912	149.0
145.00869063241308	150.0
145.01869123176704	152.0
145.028691831121	154.0
145.03869243047495	156.0
145.0486930298289	161.0
145.05869362918287	165.0
145.06869422853683	171.0
145.07869482789079	175.0
145.08869542724474	179.0
145.0986960265987	181.0
145.10869662595266	181.0
145.11869722530662	179.0
145.12869782466058	177.0
145.13869842401454	171.0
145.1486990233685	167.0
145.15869962272245	163.0
145.1687002220764	158.0
145.17870082143037	156.0
145.18870142078435	154.0
145.1987020201383	154.0
145.20870261949227	154.0
145.21870321884623	154.0
145.2287038182002	154.0
145.23870441755415	154.0
145.2487050169081	154.0
145.25870561626206	154.0
145.26870621561602	154.0
145.27870681496998	154.0
145.28870741432394	154.0
145.2987080136779	152.0
145.30870861303185	152.0
145.3187092123858	152.0
145.32870981173977	154.0
145.33871041109373	154.0
145.3487110104477	158.0
145.35871160980165	159.0
145.3687122091556	163.0
145.37871280850956	167.0
145.38871340786352	171.0
145.39871400721748	173.0
145.40871460657146	173.0
145.41871520592542	169.0
145.42871580527938	167.0
145.43871640463334	163.0
145.4487170039873	152.0
145.45871760334126	0.0
145.46871820269521	0.0
145.47871880204917	0.0
145.48871940140313	0.0
145.4987200007571	169.0
145.50872060011105	167.0
145.518721199465	0.0
145.52872179881896	0.0
145.53872239817292	0.0
145.54872299752688	0.0
145.55872359688084	0.0
145.5687241962348	0.0
145.57872479558876	0.0
145.5887253949427	0.0
145.59872599429667	0.0
145.60872659365063	0.0
145.6187271930046	0.0
145.62872779235855	0.0
145.63872839171253	0.0
145.6487289910665	0.0
145.65872959042045	0.0
145.6687301897744	0.0
145.67873078912837	0.0
145.68873138848232	0.0
145.69873198783628	0.0
145.70873258719024	0.0
145.7187331865442	0.0
145.72873378589816	0.0
145.73873438525212	0.0
145.74873498460607	0.0
145.75873558396003	187.0
145.768736183314	187.0
145.77873678266795	185.0
145.7887373820219	185.0
145.79873798137587	183.0
145.80873858072982	183.0
145.81873918008378	183.0
145.82873977943774	181.0
145.8387403787917	179.0
145.84874097814566	175.0
145.85874157749964	173.0
145.8687421768536	173.0
145.87874277620756	173.0
145.88874337556152	173.0
145.89874397491548	173.0
145.90874457426943	175.0
145.9187451736234	177.0
145.92874577297735	177.0
145.9387463723313	177.0
145.94874697168527	179.0
145.95874757103923	179.0
145.96874817039318	181.0
145.97874876974714	183.0
145.9887493691011	185.0
145.99874996845506	187.0
146.00875056780902	190.0
146.01875116716297	190.0
146.02875176651693	187.0
146.0387523658709	185.0
146.04875296522485	181.0
146.0587535645788	177.0
146.06875416393277	175.0
146.07875476328672	173.0
146.0887553626407	173.0
146.09875596199467	171.0
146.10875656134863	171.0
146.1187571607026	171.0
146.12875776005654	169.0
146.1387583594105	169.0
146.14875895876446	167.0
146.15875955811842	165.0
146.16876015747238	165.0
146.17876075682634	165.0
146.1887613561803	167.0
146.19876195553425	169.0
146.2087625548882	171.0
146.21876315424217	173.0
146.22876375359613	175.0
146.23876435295008	177.0
146.24876495230404	179.0
146.258765551658	181.0
146.26876615101196	183.0
146.27876675036592	183.0
146.28876734971988	181.0
146.29876794907383	179.0
146.30876854842782	177.0
146.31876914778178	175.0
146.32876974713574	173.0
146.3387703464897	173.0
146.34877094584365	171.0
146.3587715451976	171.0
146.36877214455157	171.0
146.37877274390553	173.0
146.3887733432595	173.0
146.39877394261345	175.0
146.4087745419674	175.0
146.41877514132136	175.0
146.42877574067532	173.0
146.43877634002928	169.0
146.44877693938324	165.0
146.4587775387372	156.0
146.46877813809115	154.0
146.4787787374451	154.0
146.48877933679907	156.0
146.49877993615303	161.0
146.508780535507	167.0
146.51878113486094	171.0
146.52878173421493	177.0
146.5387823335689	183.0
146.54878293292285	187.0
146.5587835322768	187.0
146.56878413163076	185.0
146.57878473098472	181.0
146.58878533033868	177.0
146.59878592969264	171.0
146.6087865290466	165.0
146.61878712840056	161.0
146.6287877277545	161.0
146.63878832710847	163.0
146.64878892646243	165.0
146.6587895258164	169.0
146.66879012517035	173.0
146.6787907245243	175.0
146.68879132387826	179.0
146.69879192323222	183.0
146.70879252258618	187.0
146.71879312194014	190.0
146.7287937212941	192.0
146.73879432064805	194.0
146.748794920002	194.0
146.758795519356	194.0
146.76879611870996	194.0
146.77879671806392	194.0
146.78879731741787	190.0
146.79879791677183	187.0
146.8087985161258	183.0
146.81879911547975	181.0
146.8287997148337	177.0
146.83880031418767	175.0
146.84880091354162	171.0
146.85880151289558	167.0
146.86880211224954	163.0
146.8788027116035	161.0
146.88880331095746	158.0
146.89880391031141	156.0
146.90880450966537	156.0
146.91880510901933	154.0
146.9288057083733	152.0
146.93880630772725	152.0
146.9488069070812	150.0
146.95880750643516	152.0
146.96880810578912	154.0
146.9788087051431	156.0
146.98880930449707	158.0
146.99880990385103	158.0
147.00881050320498	159.0
147.01881110255894	159.0
147.0288117019129	158.0
147.03881230126686	158.0
147.04881290062082	156.0
147.05881349997478	154.0
147.06881409932873	152.0
147.0788146986827	150.0
147.08881529803665	149.0
147.0988158973906	145.0
147.10881649674457	140.0
147.11881709609852	137.0
147.12881769545248	136.0
147.13881829480644	0.0
147.1488188941604	0.0
147.15881949351436	0.0
147.16882009286832	0.0
147.17882069222227	0.0
147.18882129157623	0.0
147.19882189093022	0.0
147.20882249028418	0.0
147.21882308963814	0.0
147.2288236889921	0.0
147.23882428834605	0.0
147.2488248877	0.0
147.25882548705397	0.0
147.26882608640793	187.0
147.27882668576189	185.0
147.28882728511584	179.0
147.2988278844698	175.0
147.30882848382376	173.0
147.31882908317772	169.0
147.32882968253168	167.0
147.33883028188563	167.0
147.3488308812396	167.0
147.35883148059355	169.0
147.3688320799475	169.0
147.37883267930147	171.0
147.38883327865543	171.0
147.39883387800938	171.0
147.40883447736334	171.0
147.4188350767173	171.0
147.4288356760713	173.0
147.43883627542525	175.0
147.4488368747792	179.0
147.45883747413316	185.0
147.46883807348712	185.0
147.47883867284108	185.0
147.48883927219504	181.0
147.498839871549	175.0
147.50884047090295	171.0
147.5188410702569	167.0
147.52884166961087	161.0
147.53884226896483	159.0
147.5488428683188	158.0
147.55884346767274	156.0
147.5688440670267	156.0
147.57884466638066	156.0
147.58884526573462	156.0
147.59884586508858	158.0
147.60884646444254	159.0
147.6188470637965	161.0
147.62884766315045	165.0
147.6388482625044	171.0
147.6488488618584	173.0
147.65884946121236	175.0
147.6688500605663	177.0
147.67885065992027	177.0
147.68885125927423	179.0
147.6988518586282	179.0
147.70885245798215	179.0
147.7188530573361	175.0
147.72885365669006	173.0
147.73885425604402	169.0
147.74885485539798	167.0
147.75885545475194	165.0
147.7688560541059	163.0
147.77885665345985	161.0
147.7888572528138	161.0
147.79885785216777	159.0
147.80885845152173	156.0
147.8188590508757	154.0
147.82885965022965	0.0
147.8388602495836	0.0
147.84886084893756	0.0
147.85886144829152	0.0
147.8688620476455	0.0
147.87886264699947	0.0
147.88886324635342	0.0
147.89886384570738	0.0
147.90886444506134	0.0
147.9188650444153	0.0
147.92886564376926	0.0
147.93886624312321	0.0
147.94886684247717	0.0
147.95886744183113	0.0
147.9688680411851	0.0
147.97886864053905	208.0
147.988869239893	199.0
147.99886983924696	187.0
148.00887043860092	177.0
148.01887103795488	156.0
148.02887163730884	152.0
148.0388722366628	150.0
148.04887283601676	150.0
148.0588734353707	152.0
148.06887403472467	156.0
148.07887463407863	159.0
148.0888752334326	165.0
148.09887583278658	171.0
148.10887643214053	179.0
148.1188770314945	187.0
148.12887763084845	194.0
148.1388782302024	201.0
148.14887882955637	206.0
148.15887942891032	203.0
148.16888002826428	201.0
148.17888062761824	194.0
148.1888812269722	185.0
148.19888182632616	173.0
148.20888242568012	167.0
148.21888302503407	163.0
148.22888362438803	161.0
148.238884223742	161.0
148.24888482309595	163.0
148.2588854224499	169.0
148.26888602180387	175.0
148.27888662115782	183.0
148.28888722051178	192.0
148.29888781986574	201.0
148.3088884192197	210.0
148.31888901857369	220.0
148.32888961792764	236.0
148.3388902172816	248.0
148.34889081663556	256.0
148.35889141598952	265.0
148.36889201534348	192.0
148.37889261469743	179.0
148.3888932140514	167.0
148.39889381340535	161.0
148.4088944127593	159.0
148.41889501211327	159.0
148.42889561146723	161.0
148.43889621082118	165.0
148.44889681017514	173.0
148.4588974095291	179.0
148.46889800888306	185.0
148.47889860823702	190.0
148.48889920759098	190.0
148.49889980694493	194.0
148.5089004062989	196.0
148.51890100565285	196.0
148.5289016050068	194.0
148.5389022043608	190.0
148.54890280371475	183.0
148.5589034030687	177.0
148.56890400242267	163.0
148.57890460177663	156.0
148.5889052011306	152.0
148.59890580048454	150.0
148.6089063998385	150.0
148.61890699919246	150.0
148.62890759854642	150.0
148.63890819790038	154.0
148.64890879725434	156.0
148.6589093966083	159.0
148.66890999596225	161.0
148.6789105953162	163.0
148.68891119467017	161.0
148.69891179402413	152.0
148.70891239337809	152.0
148.71891299273204	152.0
148.728913592086	154.0
148.73891419143996	156.0
148.74891479079392	156.0
148.75891539014788	154.0
148.76891598950186	154.0
148.77891658885582	154.0
148.78891718820978	154.0
148.79891778756374	158.0
148.8089183869177	159.0
148.81891898627165	161.0
148.8289195856256	163.0
148.83892018497957	165.0
148.84892078433353	165.0
148.8589213836875	167.0
148.86892198304145	165.0
148.8789225823954	163.0
148.88892318174936	161.0
148.89892378110332	158.0
148.90892438045728	154.0
148.91892497981124	152.0
148.9289255791652	150.0
148.93892617851915	150.0
148.9489267778731	150.0
148.95892737722707	152.0
148.96892797658103	158.0
148.978928575935	163.0
148.98892917528897	169.0
148.99892977464293	177.0
149.0089303739969	185.0
149.01893097335085	190.0
149.0289315727048	194.0
149.03893217205876	194.0
149.04893277141272	192.0
149.05893337076668	185.0
149.06893397012064	179.0
149.0789345694746	173.0
149.08893516882856	169.0
149.0989357681825	167.0
149.10893636753647	165.0
149.11893696689043	167.0
149.1289375662444	175.0
149.13893816559835	183.0
149.1489387649523	194.0
149.15893936430626	201.0
149.16893996366022	208.0
149.17894056301418	215.0
149.18894116236814	220.0
149.1989417617221	223.0
149.20894236107608	220.0
149.21894296043004	218.0
149.228943559784	213.0
149.23894415913796	206.0
149.24894475849192	196.0
149.25894535784587	185.0
149.26894595719983	177.0
149.2789465565538	169.0
149.28894715590775	163.0
149.2989477552617	161.0
149.30894835461567	159.0
149.31894895396962	159.0
149.32894955332358	161.0
149.33895015267754	163.0
149.3489507520315	167.0
149.35895135138546	171.0
149.36895195073942	175.0
149.37895255009337	177.0
149.38895314944733	175.0
149.3989537488013	171.0
149.40895434815525	165.0
149.4189549475092	163.0
149.42895554686316	163.0
149.43895614621715	0.0
149.4489567455711	0.0
149.45895734492507	0.0
149.46895794427903	175.0
149.47895854363298	179.0
149.48895914298694	185.0
149.4989597423409	196.0
149.50896034169486	201.0
149.51896094104882	203.0
149.52896154040278	210.0
149.53896213975673	242.0
149.5489627391107	278.0
149.55896333846465	281.0
149.5689639378186	284.0
149.57896453717257	284.0
149.58896513652653	213.0
149.59896573588048	210.0
149.60896633523444	208.0
149.6189669345884	208.0
149.62896753394236	210.0
149.63896813329632	213.0
149.64896873265027	213.0
149.65896933200426	213.0
149.66896993135822	213.0
149.67897053071218	213.0
149.68897113006614	213.0
149.6989717294201	213.0
149.70897232877405	213.0
149.718972928128	213.0
149.72897352748197	213.0
149.73897412683593	213.0
149.74897472618989	213.0
149.75897532554384	213.0
149.7689759248978	210.0
149.77897652425176	210.0
149.78897712360572	208.0
149.79897772295968	208.0
149.80897832231364	208.0
149.8189789216676	208.0
149.82897952102155	208.0
149.8389801203755	208.0
149.84898071972947	210.0
149.85898131908343	213.0
149.86898191843738	213.0
149.87898251779134	215.0
149.88898311714533	215.0
149.8989837164993	213.0
149.90898431585325	210.0
149.9189849152072	208.0
149.92898551456116	201.0
149.93898611391512	199.0
149.94898671326908	0.0
149.95898731262304	0.0
149.968987911977	0.0
149.97898851133095	0.0
149.9889891106849	0.0
149.99898971003887	0.0
150.00899030939283	0.0
150.0189909087468	0.0
150.02899150810075	0.0
150.0389921074547	0.0
150.04899270680866	0.0
150.05899330616262	0.0
150.06899390551658	0.0
150.07899450487054	0.0
150.0889951042245	0.0
150.09899570357845	0.0
150.10899630293244	0.0
150.1189969022864	0.0
150.12899750164036	0.0
150.1389981009943	0.0
150.14899870034827	0.0
150.15899929970223	0.0
150.1689998990562	0.0
150.17900049841015	0.0
150.1890010977641	0.0
150.19900169711806	0.0
150.20900229647202	0.0
150.21900289582598	0.0
150.22900349517994	0.0
150.2390040945339	0.0
150.24900469388785	173.0
150.2590052932418	169.0
150.26900589259577	163.0
150.27900649194973	161.0
150.2890070913037	158.0
150.29900769065765	158.0
150.3090082900116	156.0
150.31900888936556	156.0
150.32900948871955	156.0
150.3390100880735	158.0
150.34901068742747	159.0
150.35901128678142	163.0
150.36901188613538	167.0
150.37901248548934	173.0
150.3890130848433	175.0
150.39901368419726	179.0
150.40901428355122	179.0
150.41901488290517	181.0
150.42901548225913	179.0
150.4390160816131	177.0
150.44901668096705	173.0
150.459017280321	169.0
150.46901787967496	163.0
150.47901847902892	161.0
150.48901907838288	161.0
150.49901967773684	163.0
150.5090202770908	167.0
150.51902087644476	171.0
150.52902147579871	175.0
150.53902207515267	179.0
150.54902267450663	181.0
150.55902327386062	183.0
150.56902387321458	183.0
150.57902447256853	185.0
150.5890250719225	183.0
150.59902567127645	183.0
150.6090262706304	183.0
150.61902686998437	181.0
150.62902746933833	179.0
150.63902806869228	177.0
150.64902866804624	173.0
150.6590292674002	171.0
150.66902986675416	169.0
150.67903046610812	169.0
150.68903106546207	169.0
150.69903166481603	171.0
150.70903226417	177.0
150.71903286352395	183.0
150.7290334628779	192.0
150.73903406223187	206.0
150.74903466158582	220.0
150.75903526093978	236.0
150.76903586029374	259.0
150.77903645964773	284.0
150.78903705900169	301.0
150.79903765835564	316.0
150.8090382577096	327.0
150.81903885706356	327.0
150.82903945641752	327.0
150.83904005577148	319.0
150.84904065512544	305.0
150.8590412544794	294.0
150.86904185383335	268.0
150.8790424531873	242.0
150.88904305254127	228.0
150.89904365189523	223.0
150.90904425124918	223.0
150.91904485060314	228.0
150.9290454499571	234.0
150.93904604931106	239.0
150.94904664866502	245.0
150.95904724801898	256.0
150.96904784737293	265.0
150.9790484467269	275.0
150.98904904608085	284.0
150.99904964543484	298.0
151.0090502447888	301.0
151.01905084414275	334.0
151.0290514434967	334.0
151.03905204285067	334.0
151.04905264220463	308.0
151.0590532415586	298.0
151.06905384091255	294.0
151.0790544402665	288.0
151.08905503962046	210.0
151.09905563897442	208.0
151.10905623832838	206.0
151.11905683768234	203.0
151.1290574370363	203.0
151.13905803639025	203.0
151.1490586357442	203.0
151.15905923509817	206.0
151.16905983445213	206.0
151.1790604338061	208.0
151.18906103316004	208.0
151.199061632514	208.0
151.20906223186796	210.0
151.21906283122192	210.0
151.2290634305759	210.0
151.23906402992986	213.0
151.24906462928382	215.0
151.25906522863778	215.0
151.26906582799174	218.0
151.2790664273457	218.0
151.28906702669966	215.0
151.2990676260536	215.0
151.30906822540757	213.0
151.31906882476153	210.0
151.3290694241155	208.0
151.33907002346945	203.0
151.3490706228234	203.0
151.35907122217736	203.0
151.36907182153132	203.0
151.37907242088528	206.0
151.38907302023924	206.0
151.3990736195932	206.0
151.40907421894715	206.0
151.4190748183011	206.0
151.42907541765507	206.0
151.43907601700903	206.0
151.44907661636302	206.0
151.45907721571697	208.0
151.46907781507093	210.0
151.4790784144249	210.0
151.48907901377885	213.0
151.4990796131328	213.0
151.50908021248677	213.0
151.51908081184072	210.0
151.52908141119468	210.0
151.53908201054864	208.0
151.5490826099026	206.0
151.55908320925656	206.0
151.56908380861051	201.0
151.57908440796447	194.0
151.58908500731843	185.0
151.5990856066724	175.0
151.60908620602635	167.0
151.6190868053803	158.0
151.62908740473426	152.0
151.63908800408822	152.0
151.64908860344218	154.0
151.65908920279614	158.0
151.66908980215013	159.0
151.67909040150408	163.0
151.68909100085804	169.0
151.699091600212	173.0
151.70909219956596	177.0
151.71909279891992	181.0
151.72909339827387	185.0
151.73909399762783	187.0
151.7490945969818	187.0
151.75909519633575	183.0
151.7690957956897	177.0
151.77909639504367	167.0
151.78909699439762	161.0
151.79909759375158	161.0
151.80909819310554	163.0
151.8190987924595	169.0
151.82909939181346	183.0
151.83909999116742	192.0
151.84910059052137	203.0
151.85910118987533	220.0
151.8691017892293	236.0
151.87910238858325	281.0
151.8891029879372	294.0
151.8991035872912	301.0
151.90910418664515	305.0
151.9191047859991	298.0
151.92910538535307	281.0
151.93910598470703	215.0
151.94910658406098	208.0
151.95910718341494	201.0
151.9691077827689	196.0
151.97910838212286	199.0
151.98910898147682	199.0
151.99910958083078	201.0
152.00911018018473	206.0
152.0191107795387	208.0
152.02911137889265	210.0
152.0391119782466	213.0
152.04911257760057	210.0
152.05911317695453	206.0
152.06911377630848	201.0
152.07911437566244	196.0
152.0891149750164	0.0
152.09911557437036	0.0
152.10911617372432	0.0
152.1191167730783	185.0
152.12911737243226	179.0
152.13911797178622	175.0
152.14911857114018	169.0
152.15911917049414	159.0
152.1691197698481	149.0
152.17912036920205	140.0
152.189120968556	140.0
152.19912156790997	142.0
152.20912216726393	149.0
152.2191227666179	156.0
152.22912336597184	161.0
152.2391239653258	167.0
152.24912456467976	175.0
152.25912516403372	183.0
152.26912576338768	187.0
152.27912636274164	194.0
152.2891269620956	196.0
152.29912756144955	196.0
152.3091281608035	192.0
152.31912876015747	183.0
152.32912935951143	169.0
152.3391299588654	154.0
152.34913055821937	150.0
152.35913115757333	152.0
152.3691317569273	154.0
152.37913235628125	161.0
152.3891329556352	171.0
152.39913355498916	183.0
152.40913415434312	194.0
152.41913475369708	206.0
152.42913535305104	226.0
152.439135952405	242.0
152.44913655175895	284.0
152.4591371511129	288.0
152.46913775046687	288.0
152.47913834982083	284.0
152.4891389491748	259.0
152.49913954852875	239.0
152.5091401478827	173.0
152.51914074723666	167.0
152.52914134659062	152.0
152.53914194594458	152.0
152.54914254529854	154.0
152.5591431446525	158.0
152.56914374400648	167.0
152.57914434336044	173.0
152.5891449427144	179.0
152.59914554206836	185.0
152.60914614142231	192.0
152.61914674077627	196.0
152.62914734013023	199.0
152.6391479394842	196.0
152.64914853883815	194.0
152.6591491381921	187.0
152.66914973754606	179.0
152.67915033690002	169.0
152.68915093625398	159.0
152.69915153560794	149.0
152.7091521349619	145.0
152.71915273431586	145.0
152.7291533336698	147.0
152.73915393302377	150.0
152.74915453237773	154.0
152.7591551317317	161.0
152.76915573108565	169.0
152.7791563304396	177.0
152.7891569297936	181.0
152.79915752914755	183.0
152.8091581285015	185.0
152.81915872785547	183.0
152.82915932720942	179.0
152.83915992656338	171.0
152.84916052591734	163.0
152.8591611252713	147.0
152.86916172462526	132.0
152.87916232397922	128.0
152.88916292333317	126.0
152.89916352268713	126.0
152.9091641220411	128.0
152.91916472139505	129.0
152.929165320749	132.0
152.93916592010297	134.0
152.94916651945692	137.0
152.95916711881088	139.0
152.96916771816484	140.0
152.9791683175188	140.0
152.98916891687276	140.0
152.99916951622671	139.0
153.0091701155807	136.0
153.01917071493466	134.0
153.02917131428862	131.0
153.03917191364258	129.0
153.04917251299653	129.0
153.0591731123505	131.0
153.06917371170445	136.0
153.0791743110584	140.0
153.08917491041237	147.0
153.09917550976633	152.0
153.10917610912028	161.0
153.11917670847424	169.0
153.1291773078282	177.0
153.13917790718216	187.0
153.14917850653612	194.0
153.15917910589008	199.0
153.16917970524403	206.0
153.179180304598	215.0
153.18918090395195	220.0
153.1991815033059	220.0
153.20918210265987	220.0
153.21918270201382	215.0
153.22918330136778	208.0
153.23918390072177	203.0
153.24918450007573	194.0
153.2591850994297	185.0
153.26918569878364	173.0
153.2791862981376	165.0
153.28918689749156	158.0
153.29918749684552	154.0
153.30918809619948	152.0
153.31918869555344	150.0
153.3291892949074	150.0
153.33918989426135	150.0
153.3491904936153	152.0
153.35919109296927	156.0
153.36919169232323	159.0
153.37919229167719	161.0
153.38919289103114	165.0
153.3991934903851	169.0
153.40919408973906	173.0
153.41919468909302	177.0
153.42919528844698	181.0
153.43919588780093	183.0
153.4491964871549	185.0
153.45919708650888	187.0
153.46919768586284	187.0
153.4791982852168	187.0
153.48919888457075	185.0
153.4991994839247	181.0
153.50920008327867	181.0
153.51920068263263	181.0
153.5292012819866	181.0
153.53920188134055	179.0
153.5492024806945	179.0
153.55920308004846	175.0
153.56920367940242	173.0
153.57920427875638	171.0
153.58920487811034	171.0
153.5992054774643	169.0
153.60920607681825	171.0
153.6192066761722	171.0
153.62920727552617	173.0
153.63920787488013	177.0
153.6492084742341	179.0
153.65920907358804	181.0
153.669209672942	181.0
153.679210272296	183.0
153.68921087164995	183.0
153.6992114710039	181.0
153.70921207035786	179.0
153.71921266971182	175.0
153.72921326906578	171.0
153.73921386841974	169.0
153.7492144677737	167.0
153.75921506712766	165.0
153.7692156664816	165.0
153.77921626583557	165.0
153.78921686518953	165.0
153.7992174645435	167.0
153.80921806389745	167.0
153.8192186632514	169.0
153.82921926260536	169.0
153.83921986195932	167.0
153.84922046131328	167.0
153.85922106066724	167.0
153.8692216600212	167.0
153.87922225937515	171.0
153.8892228587291	179.0
153.89922345808307	185.0
153.90922405743706	187.0
153.91922465679102	192.0
153.92922525614497	192.0
153.93922585549893	192.0
153.9492264548529	192.0
153.95922705420685	194.0
153.9692276535608	194.0
153.97922825291477	194.0
153.98922885226872	192.0
153.99922945162268	187.0
154.00923005097664	183.0
154.0192306503306	179.0
154.02923124968456	175.0
154.03923184903852	171.0
154.04923244839247	165.0
154.05923304774643	159.0
154.0692336471004	154.0
154.07923424645435	152.0
154.0892348458083	150.0
154.09923544516226	150.0
154.10923604451622	152.0
154.11923664387018	152.0
154.12923724322417	154.0
154.13923784257813	158.0
154.14923844193208	159.0
154.15923904128604	161.0
154.16923964064	163.0
154.17924023999396	163.0
154.18924083934792	165.0
154.19924143870188	165.0
154.20924203805583	167.0
154.2192426374098	171.0
154.22924323676375	0.0
154.2392438361177	0.0
154.24924443547167	0.0
154.25924503482562	0.0
154.26924563417958	0.0
154.27924623353354	0.0
154.2892468328875	0.0
154.29924743224146	215.0
154.30924803159542	220.0
154.31924863094937	190.0
154.32924923030333	137.0
154.3392498296573	134.0
154.34925042901125	131.0
154.35925102836524	129.0
154.3692516277192	129.0
154.37925222707315	131.0
154.3892528264271	132.0
154.39925342578107	136.0
154.40925402513503	139.0
154.41925462448899	142.0
154.42925522384294	144.0
154.4392558231969	145.0
154.44925642255086	145.0
154.45925702190482	144.0
154.46925762125878	144.0
154.47925822061273	142.0
154.4892588199667	140.0
154.49925941932065	139.0
154.5092600186746	137.0
154.51926061802857	137.0
154.52926121738253	137.0
154.53926181673648	139.0
154.54926241609044	139.0
154.5592630154444	139.0
154.56926361479836	139.0
154.57926421415235	139.0
154.5892648135063	140.0
154.59926541286026	140.0
154.60926601221422	142.0
154.61926661156818	144.0
154.62926721092214	147.0
154.6392678102761	149.0
154.64926840963005	149.0
154.659269008984	147.0
154.66926960833797	144.0
154.67927020769193	140.0
154.6892708070459	136.0
154.69927140639984	134.0
154.7092720057538	134.0
154.71927260510776	134.0
154.72927320446172	134.0
154.73927380381568	136.0
154.74927440316964	137.0
154.7592750025236	140.0
154.76927560187755	144.0
154.7792762012315	147.0
154.78927680058547	150.0
154.79927739993946	154.0
154.8092779992934	158.0
154.81927859864737	163.0
154.82927919800133	169.0
154.8392797973553	175.0
154.84928039670925	181.0
154.8592809960632	187.0
154.86928159541716	192.0
154.87928219477112	196.0
154.88928279412508	199.0
154.89928339347904	194.0
154.909283992833	190.0
154.91928459218695	183.0
154.9292851915409	177.0
154.93928579089487	171.0
154.94928639024883	165.0
154.9592869896028	161.0
154.96928758895675	159.0
154.9792881883107	158.0
154.98928878766466	158.0
154.99928938701862	156.0
155.00928998637258	156.0
155.01929058572654	158.0
155.02929118508052	158.0
155.03929178443448	158.0
155.04929238378844	156.0
155.0592929831424	154.0
155.06929358249636	152.0
155.07929418185032	0.0
155.08929478120427	0.0
155.09929538055823	0.0
155.1092959799122	0.0
155.11929657926615	0.0
155.1292971786201	0.0
155.13929777797406	0.0
155.14929837732802	0.0
155.15929897668198	0.0
155.16929957603594	0.0
155.1793001753899	0.0
155.18930077474386	0.0
155.19930137409781	0.0
155.20930197345177	0.0
155.21930257280573	0.0
155.2293031721597	0.0
155.23930377151365	0.0
155.24930437086763	0.0
155.2593049702216	0.0
155.26930556957555	0.0
155.2793061689295	0.0
155.28930676828347	0.0
155.29930736763743	0.0
155.30930796699138	0.0
155.31930856634534	0.0
155.3293091656993	0.0
155.33930976505326	0.0
155.34931036440722	0.0
155.35931096376117	0.0
155.36931156311513	0.0
155.3793121624691	259.0
155.38931276182305	272.0
155.399313361177	275.0
155.40931396053097	275.0
155.41931455988492	0.0
155.42931515923888	199.0
155.43931575859284	185.0
155.4493163579468	179.0
155.45931695730076	173.0
155.46931755665474	169.0
155.4793181560087	165.0
155.48931875536266	163.0
155.49931935471662	161.0
155.50931995407058	159.0
155.51932055342454	158.0
155.5293211527785	156.0
155.53932175213245	156.0
155.5493223514864	158.0
155.55932295084037	159.0
155.56932355019433	161.0
155.57932414954828	163.0
155.58932474890224	167.0
155.5993253482562	171.0
155.60932594761016	177.0
155.61932654696412	183.0
155.62932714631808	187.0
155.63932774567203	192.0
155.649328345026	194.0
155.65932894437995	192.0
155.6693295437339	190.0
155.67933014308787	183.0
155.68933074244183	179.0
155.6993313417958	173.0
155.70933194114977	169.0
155.71933254050373	161.0
155.7293331398577	156.0
155.73933373921165	152.0
155.7493343385656	149.0
155.75933493791956	144.0
155.76933553727352	140.0
155.77933613662748	136.0
155.78933673598144	132.0
155.7993373353354	128.0
155.80933793468935	125.0
155.8193385340433	121.0
155.82933913339727	118.0
155.83933973275123	115.0
155.84934033210519	115.0
155.85934093145914	114.0
155.8693415308131	114.0
155.87934213016706	114.0
155.88934272952102	114.0
155.89934332887498	115.0
155.90934392822894	115.0
155.91934452758292	117.0
155.92934512693688	119.0
155.93934572629084	122.0
155.9493463256448	125.0
155.95934692499875	126.0
155.9693475243527	128.0
155.97934812370667	122.0
155.98934872306063	118.0
155.9993493224146	115.0
156.00934992176855	114.0
156.0193505211225	113.0
156.02935112047646	114.0
156.03935171983042	115.0
156.04935231918438	119.0
156.05935291853834	134.0
156.0693535178923	142.0
156.07935411724625	149.0
156.0893547166002	154.0
156.09935531595417	163.0
156.10935591530813	171.0
156.1193565146621	179.0
156.12935711401605	185.0
156.13935771337003	192.0
156.149358312724	196.0
156.15935891207795	199.0
156.1693595114319	192.0
156.17936011078586	185.0
156.18936071013982	181.0
156.19936130949378	173.0
156.20936190884774	167.0
156.2193625082017	163.0
156.22936310755566	159.0
156.23936370690961	158.0
156.24936430626357	156.0
156.25936490561753	156.0
156.2693655049715	156.0
156.27936610432545	156.0
156.2893667036794	158.0
156.29936730303336	159.0
156.30936790238732	161.0
156.31936850174128	161.0
156.32936910109524	159.0
156.3393697004492	158.0
156.34937029980316	156.0
156.3593708991571	156.0
156.3693714985111	154.0
156.37937209786506	0.0
156.38937269721902	0.0
156.39937329657297	0.0
156.40937389592693	0.0
156.4193744952809	0.0
156.42937509463485	0.0
156.4393756939888	0.0
156.44937629334277	0.0
156.45937689269672	0.0
156.46937749205068	0.0
156.47937809140464	0.0
156.4893786907586	0.0
156.49937929011256	0.0
156.50937988946652	0.0
156.51938048882047	0.0
156.52938108817443	0.0
156.5393816875284	0.0
156.54938228688235	0.0
156.5593828862363	0.0
156.56938348559027	0.0
156.57938408494422	0.0
156.5893846842982	0.0
156.59938528365217	0.0
156.60938588300613	0.0
156.61938648236008	0.0
156.62938708171404	0.0
156.639387681068	0.0
156.64938828042196	0.0
156.65938887977592	0.0
156.66938947912988	0.0
156.67939007848383	0.0
156.6893906778378	0.0
156.69939127719175	0.0
156.7093918765457	0.0
156.71939247589967	0.0
156.72939307525363	0.0
156.73939367460758	0.0
156.74939427396154	0.0
156.7593948733155	0.0
156.76939547266946	0.0
156.77939607202342	0.0
156.78939667137738	0.0
156.79939727073133	0.0
156.80939787008532	0.0
156.81939846943928	0.0
156.82939906879324	0.0
156.8393996681472	0.0
156.84940026750115	0.0
156.8594008668551	0.0
156.86940146620907	0.0
156.87940206556303	0.0
156.889402664917	0.0
156.89940326427094	0.0
156.9094038636249	0.0
156.91940446297886	0.0
156.92940506233282	0.0
156.93940566168678	0.0
156.94940626104074	0.0
156.9594068603947	0.0
156.96940745974865	0.0
156.9794080591026	0.0
156.98940865845657	0.0
156.99940925781053	0.0
157.00940985716448	0.0
157.01941045651844	0.0
157.0294110558724	0.0
157.0394116552264	0.0
157.04941225458035	0.0
157.0594128539343	0.0
157.06941345328826	0.0
157.07941405264222	0.0
157.08941465199618	0.0
157.09941525135014	0.0
157.1094158507041	0.0
157.11941645005805	0.0
157.129417049412	0.0
157.13941764876597	0.0
157.14941824811993	0.0
157.1594188474739	0.0
157.16941944682785	0.0
157.1794200461818	0.0
157.18942064553576	0.0
157.19942124488972	0.0
157.20942184424368	0.0
157.21942244359764	0.0
157.2294230429516	0.0
157.23942364230555	0.0
157.2494242416595	0.0
157.2594248410135	0.0
157.26942544036746	0.0
157.27942603972141	0.0
157.28942663907537	0.0
157.29942723842933	0.0
157.3094278377833	0.0
157.31942843713725	0.0
157.3294290364912	0.0
157.33942963584516	0.0
157.34943023519912	0.0
157.35943083455308	0.0
157.36943143390704	0.0
157.379432033261	0.0
157.38943263261496	0.0
157.3994332319689	0.0
157.40943383132287	0.0
157.41943443067683	0.0
157.4294350300308	0.0
157.43943562938475	0.0
157.4494362287387	0.0
157.45943682809266	0.0
157.46943742744662	0.0
157.4794380268006	0.0
157.48943862615457	0.0
157.49943922550852	0.0
157.50943982486248	0.0
157.51944042421644	173.0
157.5294410235704	173.0
157.53944162292436	175.0
157.54944222227832	175.0
157.55944282163227	177.0
157.56944342098623	177.0
157.5794440203402	177.0
157.58944461969415	177.0
157.5994452190481	175.0
157.60944581840207	175.0
157.61944641775602	173.0
157.62944701710998	169.0
157.63944761646394	167.0
157.6494482158179	163.0
157.65944881517186	159.0
157.66944941452581	156.0
157.67945001387977	152.0
157.68945061323373	150.0
157.6994512125877	149.0
157.70945181194168	147.0
157.71945241129563	149.0
157.7294530106496	150.0
157.73945361000355	152.0
157.7494542093575	158.0
157.75945480871147	161.0
157.76945540806543	165.0
157.77945600741938	169.0
157.78945660677334	173.0
157.7994572061273	177.0
157.80945780548126	179.0
157.81945840483522	181.0
157.82945900418918	183.0
157.83945960354313	185.0
157.8494602028971	185.0
157.85946080225105	183.0
157.869461401605	183.0
157.87946200095897	181.0
157.88946260031292	181.0
157.89946319966688	179.0
157.90946379902084	177.0
157.9194643983748	173.0
157.9294649977288	169.0
157.93946559708274	163.0
157.9494661964367	159.0
157.95946679579066	154.0
157.96946739514462	152.0
157.97946799449858	152.0
157.98946859385254	152.0
157.9994691932065	152.0
158.00946979256045	152.0
158.0194703919144	152.0
158.02947099126837	152.0
158.03947159062233	154.0
158.04947218997629	156.0
158.05947278933024	158.0
158.0694733886842	159.0
158.07947398803816	163.0
158.08947458739212	165.0
158.09947518674608	167.0
158.10947578610003	169.0
158.119476385454	169.0
158.12947698480795	169.0
158.1394775841619	167.0
158.14947818351587	165.0
158.15947878286985	150.0
158.1694793822238	144.0
158.17947998157777	144.0
158.18948058093173	145.0
158.1994811802857	165.0
158.20948177963965	154.0
158.2194823789936	159.0
158.22948297834756	161.0
158.23948357770152	173.0
158.24948417705548	181.0
158.25948477640944	185.0
158.2694853757634	190.0
158.27948597511735	194.0
158.2894865744713	194.0
158.29948717382527	194.0
158.30948777317923	192.0
158.3194883725332	185.0
158.32948897188714	181.0
158.3394895712411	177.0
158.34949017059506	173.0
158.35949076994902	171.0
158.36949136930298	169.0
158.37949196865696	167.0
158.38949256801092	167.0
158.39949316736488	167.0
158.40949376671884	167.0
158.4194943660728	169.0
158.42949496542676	169.0
158.4394955647807	171.0
158.44949616413467	173.0
158.45949676348863	175.0
158.4694973628426	177.0
158.47949796219655	177.0
158.4894985615505	177.0
158.49949916090446	175.0
158.50949976025842	171.0
158.51950035961238	169.0
158.52950095896634	163.0
158.5395015583203	159.0
158.54950215767425	154.0
158.5595027570282	152.0
158.56950335638217	152.0
158.57950395573613	152.0
158.5895045550901	161.0
158.59950515444407	163.0
158.60950575379803	167.0
158.619506353152	171.0
158.62950695250595	177.0
158.6395075518599	181.0
158.64950815121387	185.0
158.65950875056782	190.0
158.66950934992178	192.0
158.67950994927574	192.0
158.6895105486297	192.0
158.69951114798366	187.0
158.70951174733761	181.0
158.71951234669157	179.0
158.72951294604553	175.0
158.7395135453995	171.0
158.74951414475345	167.0
158.7595147441074	163.0
158.76951534346136	161.0
158.77951594281532	158.0
158.78951654216928	156.0
158.79951714152324	154.0
158.8095177408772	154.0
158.81951834023116	154.0
158.82951893958514	156.0
158.8395195389391	158.0
158.84952013829306	159.0
158.85952073764702	159.0
158.86952133700098	158.0
158.87952193635493	156.0
158.8895225357089	154.0
158.89952313506285	154.0
158.9095237344168	156.0
158.91952433377077	0.0
158.92952493312472	0.0
158.93952553247868	0.0
158.94952613183264	0.0
158.9595267311866	0.0
158.96952733054056	0.0
158.97952792989452	196.0
158.98952852924847	199.0
158.99952912860243	196.0
159.0095297279564	194.0
159.01953032731035	187.0
159.0295309266643	181.0
159.03953152601827	173.0
159.04953212537225	167.0
159.0595327247262	156.0
159.06953332408017	149.0
159.07953392343413	145.0
159.08953452278809	144.0
159.09953512214204	142.0
159.109535721496	144.0
159.11953632084996	145.0
159.12953692020392	150.0
159.13953751955788	158.0
159.14953811891183	161.0
159.1595387182658	169.0
159.16953931761975	177.0
159.1795399169737	185.0
159.18954051632767	192.0
159.19954111568163	203.0
159.20954171503558	210.0
159.21954231438954	215.0
159.2295429137435	218.0
159.23954351309746	218.0
159.24954411245142	215.0
159.25954471180538	213.0
159.26954531115936	210.0
159.27954591051332	206.0
159.28954650986728	201.0
159.29954710922124	196.0
159.3095477085752	192.0
159.31954830792915	187.0
159.3295489072831	183.0
159.33954950663707	179.0
159.34955010599103	177.0
159.359550705345	177.0
159.36955130469894	175.0
159.3795519040529	173.0
159.38955250340686	171.0
159.39955310276082	171.0
159.40955370211478	169.0
159.41955430146874	169.0
159.4295549008227	169.0
159.43955550017665	169.0
159.4495560995306	169.0
159.45955669888457	169.0
159.46955729823853	169.0
159.47955789759249	169.0
159.48955849694644	171.0
159.49955909630043	173.0
159.5095596956544	175.0
159.51956029500835	177.0
159.5295608943623	179.0
159.53956149371626	181.0
159.54956209307022	181.0
159.55956269242418	181.0
159.56956329177814	181.0
159.5795638911321	179.0
159.58956449048605	177.0
159.59956508984	173.0
159.60956568919397	169.0
159.61956628854793	167.0
159.6295668879019	163.0
159.63956748725585	161.0
159.6495680866098	161.0
159.65956868596376	161.0
159.66956928531772	161.0
159.67956988467168	163.0
159.68957048402564	165.0
159.6995710833796	169.0
159.70957168273355	175.0
159.71957228208754	179.0
159.7295728814415	181.0
159.73957348079546	183.0
159.74957408014942	183.0
159.75957467950337	183.0
159.76957527885733	183.0
159.7795758782113	181.0
159.78957647756525	181.0
159.7995770769192	179.0
159.80957767627316	177.0
159.81957827562712	175.0
159.82957887498108	173.0
159.83957947433504	173.0
159.849580073689	171.0
159.85958067304296	169.0
159.8695812723969	169.0
159.87958187175087	167.0
159.88958247110483	167.0
159.8995830704588	169.0
159.90958366981275	171.0
159.9195842691667	173.0
159.92958486852066	177.0
159.93958546787465	183.0
159.9495860672286	190.0
159.95958666658257	194.0
159.96958726593653	196.0
159.97958786529048	199.0
159.98958846464444	196.0
159.9995890639984	196.0
160.00958966335236	190.0
160.01959026270632	185.0
160.02959086206027	179.0
160.03959146141423	175.0
160.0495920607682	173.0
160.05959266012215	171.0
160.0695932594761	169.0
160.07959385883007	169.0
160.08959445818402	169.0
160.09959505753798	169.0
160.10959565689194	171.0
160.1195962562459	171.0
160.12959685559986	0.0
160.13959745495382	0.0
160.14959805430777	0.0
160.15959865366173	0.0
160.16959925301572	0.0
160.17959985236968	0.0
160.18960045172363	0.0
160.1996010510776	0.0
160.20960165043155	0.0
160.2196022497855	0.0
160.22960284913947	0.0
160.23960344849343	0.0
160.24960404784738	0.0
160.25960464720134	0.0
160.2696052465553	0.0
160.27960584590926	0.0
160.28960644526322	0.0
160.29960704461718	0.0
160.30960764397113	0.0
160.3196082433251	0.0
160.32960884267905	0.0
160.339609442033	0.0
160.34961004138697	0.0
160.35961064074093	0.0
160.36961124009488	0.0
160.37961183944884	0.0
160.38961243880283	0.0
160.3996130381568	0.0
160.40961363751074	0.0
160.4196142368647	0.0
160.42961483621866	0.0
160.43961543557262	0.0
160.44961603492658	0.0
160.45961663428054	0.0
160.4696172336345	0.0
160.47961783298845	0.0
160.4896184323424	262.0
160.49961903169637	250.0
160.50961963105033	242.0
160.51962023040429	231.0
160.52962082975824	226.0
160.5396214291122	223.0
160.54962202846616	218.0
160.55962262782012	215.0
160.56962322717408	213.0
160.57962382652804	210.0
160.589624425882	208.0
160.59962502523595	206.0
160.60962562458994	203.0
160.6196262239439	201.0
160.62962682329785	199.0
160.6396274226518	196.0
160.64962802200577	196.0
160.65962862135973	194.0
160.6696292207137	194.0
160.67962982006765	192.0
160.6896304194216	192.0
160.69963101877556	190.0
160.70963161812952	187.0
160.71963221748348	185.0
160.72963281683744	181.0
160.7396334161914	175.0
160.74963401554535	169.0
160.7596346148993	159.0
160.76963521425327	154.0
160.77963581360723	149.0
160.7896364129612	149.0
160.79963701231515	152.0
160.8096376116691	159.0
160.81963821102306	165.0
160.82963881037702	173.0
160.839639409731	183.0
160.84964000908496	192.0
160.85964060843892	201.0
160.86964120779288	208.0
160.87964180714684	215.0
160.8896424065008	220.0
160.89964300585476	226.0
160.90964360520871	226.0
160.91964420456267	223.0
160.92964480391663	215.0
160.9396454032706	210.0
160.94964600262455	206.0
160.9596466019785	196.0
160.96964720133246	190.0
160.97964780068642	183.0
160.98964840004038	179.0
160.99964899939434	175.0
161.0096495987483	175.0
161.01965019810225	173.0
161.0296507974562	171.0
161.03965139681017	171.0
161.04965199616413	169.0
161.05965259551812	169.0
161.06965319487207	171.0
161.07965379422603	171.0
161.08965439358	173.0
161.09965499293395	173.0
161.1096555922879	175.0
161.11965619164187	175.0
161.12965679099582	173.0
161.13965739034978	173.0
161.14965798970374	173.0
161.1596585890577	173.0
161.16965918841166	173.0
161.17965978776562	175.0
161.18966038711957	177.0
161.19966098647353	183.0
161.2096615858275	190.0
161.21966218518145	196.0
161.2296627845354	203.0
161.23966338388936	208.0
161.24966398324332	213.0
161.25966458259728	218.0
161.26966518195124	218.0
161.27966578130523	220.0
161.28966638065918	218.0
161.29966698001314	215.0
161.3096675793671	213.0
161.31966817872106	210.0
161.32966877807502	203.0
161.33966937742898	196.0
161.34966997678293	187.0
161.3596705761369	183.0
161.36967117549085	179.0
161.3796717748448	175.0
161.38967237419877	173.0
161.39967297355273	173.0
161.40967357290668	171.0
161.41967417226064	173.0
161.4296747716146	173.0
161.43967537096856	173.0
161.44967597032252	173.0
161.45967656967647	175.0
161.46967716903043	175.0
161.4796777683844	175.0
161.48967836773835	173.0
161.4996789670923	173.0
161.5096795664463	173.0
161.51968016580025	171.0
161.5296807651542	171.0
161.53968136450817	169.0
161.54968196386213	169.0
161.55968256321609	169.0
161.56968316257004	171.0
161.579683761924	173.0
161.58968436127796	175.0
161.59968496063192	179.0
161.60968555998588	185.0
161.61968615933984	194.0
161.6296867586938	199.0
161.63968735804775	203.0
161.6496879574017	206.0
161.65968855675567	206.0
161.66968915610963	203.0
161.67968975546358	201.0
161.68969035481754	196.0
161.6996909541715	192.0
161.70969155352546	187.0
161.71969215287942	181.0
161.7296927522334	173.0
161.73969335158736	169.0
161.74969395094132	163.0
161.75969455029528	161.0
161.76969514964924	159.0
161.7796957490032	158.0
161.78969634835715	158.0
161.7996969477111	158.0
161.80969754706507	158.0
161.81969814641903	159.0
161.829698745773	161.0
161.83969934512695	163.0
161.8496999444809	165.0
161.85970054383486	169.0
161.86970114318882	171.0
161.87970174254278	171.0
161.88970234189674	169.0
161.8997029412507	161.0
161.90970354060465	152.0
161.9197041399586	149.0
161.92970473931257	147.0
161.93970533866653	147.0
161.9497059380205	149.0
161.95970653737447	150.0
161.96970713672843	152.0
161.9797077360824	154.0
161.98970833543635	156.0
161.9997089347903	158.0
162.00970953414426	158.0
162.01971013349822	158.0
162.02971073285218	159.0
162.03971133220614	159.0
162.0497119315601	159.0
162.05971253091406	159.0
162.069713130268	159.0
162.07971372962197	158.0
162.08971432897593	158.0
162.0997149283299	156.0
162.10971552768385	156.0
162.1197161270378	158.0
162.12971672639176	158.0
162.13971732574572	159.0
162.14971792509968	161.0
162.15971852445364	161.0
162.1697191238076	163.0
162.17971972316158	161.0
162.18972032251554	159.0
162.1997209218695	156.0
162.20972152122346	154.0
162.21972212057742	154.0
162.22972271993137	154.0
162.23972331928533	152.0
162.2497239186393	152.0
162.25972451799325	150.0
162.2697251173472	150.0
162.27972571670117	150.0
162.28972631605512	152.0
162.29972691540908	156.0
162.30972751476304	161.0
162.319728114117	165.0
162.32972871347096	171.0
162.33972931282491	179.0
162.34972991217887	190.0
162.35973051153283	199.0
162.3697311108868	201.0
162.37973171024075	201.0
162.3897323095947	196.0
162.3997329089487	192.0
162.40973350830265	185.0
162.4197341076566	181.0
162.42973470701057	179.0
162.43973530636453	177.0
162.44973590571848	175.0
162.45973650507244	175.0
162.4697371044264	175.0
162.47973770378036	175.0
162.48973830313432	177.0
162.49973890248828	179.0
162.50973950184223	181.0
162.5197401011962	185.0
162.52974070055015	192.0
162.5397412999041	199.0
162.54974189925807	206.0
162.55974249861202	250.0
162.56974309796598	242.0
162.57974369731994	187.0
162.5897442966739	185.0
162.59974489602786	177.0
162.60974549538182	169.0
162.61974609473577	165.0
162.62974669408976	165.0
162.63974729344372	167.0
162.64974789279768	171.0
162.65974849215164	175.0
162.6697490915056	181.0
162.67974969085955	187.0
162.6897502902135	192.0
162.69975088956747	196.0
162.70975148892143	199.0
162.71975208827538	203.0
162.72975268762934	206.0
162.7397532869833	208.0
162.74975388633726	213.0
162.75975448569122	213.0
162.76975508504518	215.0
162.77975568439913	213.0
162.7897562837531	213.0
162.79975688310705	210.0
162.809757482461	210.0
162.81975808181497	208.0
162.82975868116893	208.0
162.83975928052288	206.0
162.84975987987687	206.0
162.85976047923083	206.0
162.8697610785848	203.0
162.87976167793875	203.0
162.8897622772927	203.0
162.89976287664666	206.0
162.90976347600062	206.0
162.91976407535458	206.0
162.92976467470854	206.0
162.9397652740625	206.0
162.94976587341645	208.0
162.9597664727704	208.0
162.96976707212437	208.0
162.97976767147833	210.0
162.9897682708323	213.0
162.99976887018624	213.0
163.0097694695402	213.0
163.01977006889416	213.0
163.02977066824812	213.0
163.03977126760208	210.0
163.04977186695604	208.0
163.05977246631	208.0
163.06977306566398	208.0
163.07977366501794	208.0
163.0897742643719	210.0
163.09977486372586	213.0
163.1097754630798	213.0
163.11977606243377	215.0
163.12977666178773	215.0
163.1397772611417	213.0
163.14977786049565	213.0
163.1597784598496	208.0
163.16977905920356	206.0
163.17977965855752	201.0
163.18978025791148	192.0
163.19978085726544	181.0
163.2097814566194	171.0
163.21978205597335	165.0
163.2297826553273	159.0
163.23978325468127	154.0
163.24978385403523	152.0
163.2597844533892	150.0
163.26978505274315	147.0
163.2797856520971	145.0
163.28978625145106	142.0
163.29978685080505	140.0
163.309787450159	142.0
163.31978804951297	0.0
163.32978864886692	0.0
163.33978924822088	0.0
163.34978984757484	0.0
163.3597904469288	0.0
163.36979104628276	0.0
163.37979164563671	0.0
163.38979224499067	0.0
163.39979284434463	0.0
163.4097934436986	0.0
163.41979404305255	236.0
163.4297946424065	245.0
163.43979524176046	253.0
163.44979584111442	259.0
163.45979644046838	265.0
163.46979703982234	259.0
163.4797976391763	242.0
163.48979823853026	218.0
163.4997988378842	208.0
163.50979943723817	206.0
163.51980003659216	203.0
163.52980063594612	203.0
163.53980123530008	203.0
163.54980183465403	203.0
163.559802434008	206.0
163.56980303336195	206.0
163.5798036327159	206.0
163.58980423206987	206.0
163.59980483142382	206.0
163.60980543077778	206.0
163.61980603013174	206.0
163.6298066294857	206.0
163.63980722883966	206.0
163.64980782819362	208.0
163.65980842754757	208.0
163.66980902690153	208.0
163.6798096262555	208.0
163.68981022560945	206.0
163.6998108249634	206.0
163.70981142431737	206.0
163.71981202367132	206.0
163.72981262302528	206.0
163.73981322237927	206.0
163.74981382173323	206.0
163.75981442108719	206.0
163.76981502044114	206.0
163.7798156197951	208.0
163.78981621914906	208.0
163.79981681850302	210.0
163.80981741785698	213.0
163.81981801721093	215.0
163.8298186165649	215.0
163.83981921591885	215.0
163.8498198152728	0.0
163.85982041462677	0.0
163.86982101398073	0.0
163.87982161333468	0.0
163.88982221268864	0.0
163.8998228120426	0.0
163.90982341139656	0.0
163.91982401075052	0.0
163.92982461010448	0.0
163.93982520945843	0.0
163.9498258088124	0.0
163.95982640816635	0.0
163.96982700752034	0.0
163.9798276068743	0.0
163.98982820622825	0.0
163.9998288055822	0.0
164.00982940493617	0.0
164.01983000429013	0.0
164.0298306036441	0.0
164.03983120299804	0.0
164.049831802352	0.0
164.05983240170596	0.0
164.06983300105992	0.0
164.07983360041388	0.0
164.08983419976784	0.0
164.0998347991218	0.0
164.10983539847575	0.0
164.1198359978297	0.0
164.12983659718367	0.0
164.13983719653763	0.0
164.14983779589159	0.0
164.15983839524554	0.0
164.1698389945995	0.0
164.17983959395346	0.0
164.18984019330745	0.0
164.1998407926614	0.0
164.20984139201536	0.0
164.21984199136932	0.0
164.22984259072328	0.0
164.23984319007724	0.0
164.2498437894312	0.0
164.25984438878515	0.0
164.2698449881391	0.0
164.27984558749307	0.0
164.28984618684703	0.0
164.299846786201	0.0
164.30984738555495	0.0
164.3198479849089	0.0
164.32984858426286	0.0
164.33984918361682	0.0
164.34984978297078	0.0
164.35985038232474	0.0
164.3698509816787	0.0
164.37985158103265	0.0
164.3898521803866	0.0
164.39985277974057	0.0
164.40985337909456	0.0
164.41985397844851	0.0
164.42985457780247	0.0
164.43985517715643	0.0
164.4498557765104	0.0
164.45985637586435	0.0
164.4698569752183	0.0
164.47985757457226	0.0
164.48985817392622	0.0
164.49985877328018	0.0
164.50985937263414	0.0
164.5198599719881	0.0
164.52986057134206	0.0
164.539861170696	0.0
164.54986177004997	0.0
164.55986236940393	0.0
164.5698629687579	0.0
164.57986356811185	0.0
164.5898641674658	0.0
164.59986476681976	0.0
164.60986536617372	0.0
164.61986596552768	0.0
164.62986656488164	0.0
164.63986716423562	0.0
164.64986776358958	0.0
164.65986836294354	0.0
164.6698689622975	0.0
164.67986956165146	0.0
164.68987016100542	0.0
164.69987076035937	0.0
164.70987135971333	0.0
164.7198719590673	0.0
164.72987255842125	0.0
164.7398731577752	0.0
164.74987375712917	0.0
164.75987435648312	0.0
164.76987495583708	0.0
164.77987555519104	0.0
164.789876154545	0.0
164.79987675389896	0.0
164.80987735325292	0.0
164.81987795260687	0.0
164.82987855196083	0.0
164.8398791513148	0.0
164.84987975066875	0.0
164.85988035002273	0.0
164.8698809493767	0.0
164.87988154873065	0.0
164.8898821480846	0.0
164.89988274743857	0.0
164.90988334679253	0.0
164.91988394614648	0.0
164.92988454550044	0.0
164.9398851448544	0.0
164.94988574420836	0.0
164.95988634356232	0.0
164.96988694291628	0.0
164.97988754227023	0.0
164.9898881416242	0.0
164.99988874097815	0.0
165.0098893403321	0.0
165.01988993968607	0.0
165.02989053904003	0.0
165.03989113839398	0.0
165.04989173774794	0.0
165.0598923371019	0.0
165.06989293645586	0.0
165.07989353580984	0.0
165.0898941351638	0.0
165.09989473451776	0.0
165.10989533387172	0.0
165.11989593322568	0.0
165.12989653257964	0.0
165.1398971319336	0.0
165.14989773128755	0.0
165.1598983306415	0.0
165.16989892999547	0.0
165.17989952934943	167.0
165.18990012870339	165.0
165.19990072805734	165.0
165.2099013274113	0.0
165.21990192676526	308.0
165.22990252611922	308.0
165.23990312547318	316.0
165.24990372482713	0.0
165.2599043241811	0.0
165.26990492353505	0.0
165.279905522889	0.0
165.28990612224297	0.0
165.29990672159693	0.0
165.3099073209509	0.0
165.31990792030487	0.0
165.32990851965883	0.0
165.3399091190128	196.0
165.34990971836675	199.0
165.3599103177207	199.0
165.36991091707466	199.0
165.37991151642862	199.0
165.38991211578258	199.0
165.39991271513654	201.0
165.4099133144905	203.0
165.41991391384445	203.0
165.4299145131984	199.0
165.43991511255237	194.0
165.44991571190633	192.0
165.4599163112603	190.0
165.46991691061424	371.0
165.4799175099682	183.0
165.48991810932216	181.0
165.49991870867612	179.0
165.50991930803008	179.0
165.51991990738404	179.0
165.52992050673802	179.0
165.53992110609198	179.0
165.54992170544594	179.0
165.5599223047999	177.0
165.56992290415386	177.0
165.5799235035078	177.0
165.58992410286177	175.0
165.59992470221573	175.0
165.6099253015697	173.0
165.61992590092365	173.0
165.6299265002776	171.0
165.63992709963156	171.0
165.64992769898552	171.0
165.65992829833948	171.0
165.66992889769344	171.0
165.6799294970474	171.0
165.68993009640135	173.0
165.6999306957553	0.0
165.70993129510927	0.0
165.71993189446323	0.0
165.7299324938172	0.0
165.73993309317115	0.0
165.74993369252513	0.0
165.7599342918791	0.0
165.76993489123305	0.0
165.779935490587	0.0
165.78993608994097	0.0
165.79993668929492	298.0
165.80993728864888	305.0
165.81993788800284	305.0
165.8299384873568	301.0
165.83993908671076	291.0
165.84993968606472	288.0
165.85994028541867	278.0
165.86994088477263	268.0
165.8799414841266	0.0
165.88994208348055	0.0
165.8999426828345	242.0
165.90994328218846	239.0
165.91994388154242	236.0
165.92994448089638	234.0
165.93994508025034	234.0
165.9499456796043	234.0
165.95994627895826	234.0
165.96994687831221	234.0
165.9799474776662	234.0
165.98994807702016	236.0
165.99994867637412	236.0
166.00994927572808	239.0
166.01994987508203	239.0
166.029950474436	242.0
166.03995107378995	239.0
166.0499516731439	239.0
166.05995227249787	236.0
166.06995287185183	236.0
166.07995347120578	234.0
166.08995407055974	231.0
166.0999546699137	228.0
166.10995526926766	228.0
166.11995586862162	231.0
166.12995646797557	234.0
166.13995706732953	239.0
166.1499576666835	248.0
166.15995826603745	0.0
166.1699588653914	265.0
166.17995946474537	278.0
166.18996006409932	281.0
166.1999606634533	281.0
166.20996126280727	275.0
166.21996186216123	268.0
166.22996246151519	262.0
166.23996306086914	253.0
166.2499636602231	250.0
166.25996425957706	245.0
166.26996485893102	242.0
166.27996545828498	239.0
166.28996605763894	236.0
166.2999666569929	236.0
166.30996725634685	236.0
166.3199678557008	236.0
166.32996845505477	234.0
166.33996905440873	234.0
166.34996965376268	234.0
166.35997025311664	234.0
166.3699708524706	234.0
166.37997145182456	234.0
166.38997205117852	234.0
166.39997265053248	234.0
166.40997324988643	0.0
166.4199738492404	0.0
166.42997444859438	0.0
166.43997504794834	0.0
166.4499756473023	0.0
166.45997624665625	0.0
166.4699768460102	0.0
166.47997744536417	0.0
166.48997804471813	0.0
166.4999786440721	0.0
166.50997924342605	0.0
166.51997984278	288.0
166.52998044213396	294.0
166.53998104148792	301.0
166.54998164084188	312.0
166.55998224019584	316.0
166.5699828395498	0.0
166.57998343890375	0.0
166.5899840382577	0.0
166.59998463761167	0.0
166.60998523696563	0.0
166.6199858363196	0.0
166.62998643567354	0.0
166.6399870350275	0.0
166.6499876343815	0.0
166.65998823373545	0.0
166.6699888330894	0.0
166.67998943244336	0.0
166.68999003179732	0.0
166.69999063115128	0.0
166.70999123050524	0.0
166.7199918298592	0.0
166.72999242921315	0.0
166.7399930285671	0.0
166.74999362792107	0.0
166.75999422727503	0.0
166.769994826629	0.0
166.77999542598295	0.0
166.7899960253369	0.0
166.79999662469086	0.0
166.80999722404482	0.0
166.81999782339878	0.0
166.82999842275274	0.0
166.8399990221067	0.0
166.84999962146065	0.0
166.8600002208146	0.0
166.8700008201686	0.0
166.88000141952256	0.0
166.89000201887652	0.0
166.90000261823047	0.0
166.91000321758443	0.0
166.9200038169384	0.0
166.93000441629235	0.0
166.9400050156463	0.0
166.95000561500026	213.0
166.96000621435422	0.0
166.97000681370818	0.0
166.98000741306214	0.0
166.9900080124161	0.0
167.00000861177006	0.0
167.01000921112401	0.0
167.02000981047797	0.0
167.03001040983193	0.0
167.0400110091859	0.0
167.05001160853985	0.0
167.0600122078938	0.0
167.07001280724776	0.0
167.08001340660172	0.0
167.09001400595568	0.0
167.10001460530967	0.0
167.11001520466363	0.0
167.12001580401758	0.0
167.13001640337154	0.0
167.1400170027255	0.0
167.15001760207946	0.0
167.16001820143342	0.0
167.17001880078737	0.0
167.18001940014133	0.0
167.1900199994953	0.0
167.20002059884925	0.0
167.2100211982032	0.0
167.22002179755717	0.0
167.23002239691112	0.0
167.24002299626508	0.0
167.25002359561904	0.0
167.260024194973	0.0
167.27002479432696	0.0
167.28002539368092	0.0
167.29002599303487	0.0
167.30002659238883	0.0
167.3100271917428	208.0
167.32002779109678	206.0
167.33002839045074	206.0
167.3400289898047	0.0
167.35002958915865	0.0
167.3600301885126	0.0
167.37003078786657	0.0
167.38003138722053	0.0
167.39003198657448	201.0
167.40003258592844	201.0
167.4100331852824	0.0
167.42003378463636	201.0
167.43003438399032	0.0
167.44003498334428	203.0
167.45003558269823	206.0
167.4600361820522	208.0
167.47003678140615	208.0
167.4800373807601	210.0
167.49003798011407	210.0
167.50003857946803	0.0
167.51003917882198	0.0
167.52003977817594	0.0
167.5300403775299	0.0
167.5400409768839	0.0
167.55004157623785	0.0
167.5600421755918	0.0
167.57004277494576	0.0
167.58004337429972	0.0
167.59004397365368	0.0
167.60004457300764	0.0
167.6100451723616	0.0
167.62004577171555	0.0
167.6300463710695	0.0
167.64004697042347	0.0
167.65004756977743	0.0
167.6600481691314	0.0
167.67004876848534	0.0
167.6800493678393	0.0
167.69004996719326	192.0
167.70005056654722	196.0
167.71005116590118	203.0
167.72005176525514	210.0
167.7300523646091	218.0
167.74005296396305	223.0
167.750053563317	226.0
167.76005416267097	226.0
167.77005476202496	223.0
167.7800553613789	218.0
167.79005596073287	210.0
167.80005656008683	206.0
167.8100571594408	201.0
167.82005775879475	196.0
167.8300583581487	187.0
167.84005895750266	181.0
167.85005955685662	175.0
167.86006015621058	171.0
167.87006075556454	167.0
167.8800613549185	165.0
167.89006195427245	163.0
167.9000625536264	161.0
167.91006315298037	161.0
167.92006375233433	161.0
167.9300643516883	163.0
167.94006495104225	165.0
167.9500655503962	169.0
167.96006614975016	175.0
167.97006674910412	181.0
167.98006734845808	187.0
167.99006794781207	194.0
168.00006854716602	201.0
168.01006914651998	208.0
168.02006974587394	220.0
168.0300703452279	236.0
168.04007094458186	248.0
168.05007154393581	262.0
168.06007214328977	284.0
168.07007274264373	312.0
168.0800733419977	331.0
168.09007394135165	331.0
168.1000745407056	327.0
168.11007514005956	323.0
168.12007573941352	319.0
168.13007633876748	316.0
168.14007693812144	308.0
168.1500775374754	301.0
168.16007813682936	291.0
168.1700787361833	245.0
168.18007933553727	234.0
168.19007993489123	234.0
168.2000805342452	231.0
168.21008113359918	231.0
168.22008173295313	231.0
168.2300823323071	231.0
168.24008293166105	234.0
168.250083531015	234.0
168.26008413036897	236.0
168.27008472972292	236.0
168.28008532907688	239.0
168.29008592843084	239.0
168.3000865277848	239.0
168.31008712713876	239.0
168.32008772649272	239.0
168.33008832584667	242.0
168.34008892520063	245.0
168.3500895245546	248.0
168.36009012390855	250.0
168.3700907232625	256.0
168.38009132261647	262.0
168.39009192197042	268.0
168.40009252132438	278.0
168.41009312067834	284.0
168.4200937200323	291.0
168.43009431938626	301.0
168.44009491874024	305.0
168.4500955180942	305.0
168.46009611744816	305.0
168.47009671680212	298.0
168.48009731615608	291.0
168.49009791551003	281.0
168.500098514864	275.0
168.51009911421795	268.0
168.5200997135719	206.0
168.53010031292587	203.0
168.54010091227983	203.0
168.55010151163378	203.0
168.56010211098774	206.0
168.5701027103417	206.0
168.58010330969566	206.0
168.59010390904962	208.0
168.60010450840358	208.0
168.61010510775753	208.0
168.6201057071115	208.0
168.63010630646545	208.0
168.6401069058194	208.0
168.65010750517337	208.0
168.66010810452735	208.0
168.6701087038813	206.0
168.68010930323527	203.0
168.69010990258923	199.0
168.7001105019432	187.0
168.71011110129714	179.0
168.7201117006511	175.0
168.73011230000506	0.0
168.74011289935902	0.0
168.75011349871298	0.0
168.76011409806694	0.0
168.7701146974209	0.0
168.78011529677485	210.0
168.7901158961288	208.0
168.80011649548277	206.0
168.81011709483673	203.0
168.82011769419069	201.0
168.83011829354464	203.0
168.8401188928986	203.0
168.85011949225256	206.0
168.86012009160652	208.0
168.87012069096048	208.0
168.88012129031446	208.0
168.89012188966842	210.0
168.90012248902238	210.0
168.91012308837634	210.0
168.9201236877303	213.0
168.93012428708425	213.0
168.9401248864382	213.0
168.95012548579217	215.0
168.96012608514613	213.0
168.9701266845001	210.0
168.98012728385405	208.0
168.990127883208	203.0
169.00012848256196	201.0
169.01012908191592	196.0
169.02012968126988	192.0
169.03013028062384	187.0
169.0401308799778	181.0
169.05013147933175	173.0
169.0601320786857	165.0
169.07013267803967	159.0
169.08013327739363	154.0
169.0901338767476	154.0
169.10013447610154	154.0
169.11013507545553	156.0
169.1201356748095	159.0
169.13013627416345	165.0
169.1401368735174	171.0
169.15013747287136	177.0
169.16013807222532	183.0
169.17013867157928	192.0
169.18013927093324	203.0
169.1901398702872	210.0
169.20014046964116	218.0
169.2101410689951	226.0
169.22014166834907	228.0
169.23014226770303	226.0
169.240142867057	220.0
169.25014346641095	213.0
169.2601440657649	208.0
169.27014466511886	201.0
169.28014526447282	194.0
169.29014586382678	187.0
169.30014646318074	181.0
169.3101470625347	177.0
169.32014766188865	173.0
169.33014826124264	171.0
169.3401488605966	169.0
169.35014945995056	167.0
169.36015005930452	169.0
169.37015065865847	169.0
169.38015125801243	169.0
169.3901518573664	169.0
169.40015245672035	171.0
169.4101530560743	173.0
169.42015365542827	173.0
169.43015425478222	175.0
169.44015485413618	175.0
169.45015545349014	177.0
169.4601560528441	177.0
169.47015665219806	177.0
169.48015725155201	177.0
169.49015785090597	179.0
169.50015845025993	183.0
169.5101590496139	187.0
169.52015964896785	192.0
169.5301602483218	199.0
169.54016084767576	203.0
169.55016144702975	210.0
169.5601620463837	215.0
169.57016264573767	223.0
169.58016324509163	228.0
169.59016384444558	231.0
169.60016444379954	228.0
169.6101650431535	220.0
169.62016564250746	213.0
169.63016624186142	208.0
169.64016684121538	203.0
169.65016744056933	196.0
169.6601680399233	190.0
169.67016863927725	183.0
169.6801692386312	179.0
169.69016983798517	177.0
169.70017043733912	173.0
169.71017103669308	173.0
169.72017163604704	171.0
169.730172235401	169.0
169.74017283475496	169.0
169.75017343410892	167.0
169.76017403346287	167.0
169.77017463281683	165.0
169.78017523217082	163.0
169.79017583152478	161.0
169.80017643087874	161.0
169.8101770302327	161.0
169.82017762958665	161.0
169.8301782289406	161.0
169.84017882829457	165.0
169.85017942764853	167.0
169.86018002700249	171.0
169.87018062635644	177.0
169.8801812257104	181.0
169.89018182506436	190.0
169.90018242441832	196.0
169.91018302377228	201.0
169.92018362312623	203.0
169.9301842224802	206.0
169.94018482183415	206.0
169.9501854211881	206.0
169.96018602054207	203.0
169.97018661989603	199.0
169.98018721924998	194.0
169.99018781860394	187.0
170.00018841795793	181.0
170.0101890173119	175.0
170.02018961666585	171.0
170.0301902160198	169.0
170.04019081537376	165.0
170.05019141472772	163.0
170.06019201408168	159.0
170.07019261343564	158.0
170.0801932127896	156.0
170.09019381214355	156.0
170.1001944114975	156.0
170.11019501085147	156.0
170.12019561020543	156.0
170.1301962095594	156.0
170.14019680891334	156.0
170.1501974082673	158.0
170.16019800762126	159.0
170.17019860697522	161.0
170.18019920632918	167.0
170.19019980568314	175.0
170.2002004050371	181.0
170.21020100439105	187.0
170.220201603745	194.0
170.230202203099	196.0
170.24020280245296	199.0
170.2502034018069	196.0
170.26020400116087	194.0
170.27020460051483	190.0
170.2802051998688	183.0
170.29020579922275	175.0
170.3002063985767	167.0
170.31020699793066	149.0
170.32020759728462	142.0
170.33020819663858	136.0
170.34020879599254	132.0
170.3502093953465	129.0
170.36020999470045	129.0
170.3702105940544	129.0
170.38021119340837	131.0
170.39021179276233	132.0
170.4002123921163	134.0
170.41021299147025	137.0
170.4202135908242	137.0
170.43021419017816	139.0
170.44021478953212	139.0
170.4502153888861	139.0
170.46021598824007	139.0
170.47021658759402	137.0
170.48021718694798	137.0
170.49021778630194	136.0
170.5002183856559	136.0
170.51021898500986	136.0
170.52021958436382	136.0
170.53022018371777	136.0
170.54022078307173	137.0
170.5502213824257	137.0
170.56022198177965	139.0
170.5702225811336	140.0
170.58022318048756	142.0
170.59022377984152	144.0
170.60022437919548	144.0
170.61022497854944	144.0
170.6202255779034	144.0
170.63022617725736	142.0
170.6402267766113	142.0
170.65022737596527	142.0
170.66022797531923	142.0
170.67022857467322	145.0
170.68022917402718	149.0
170.69022977338113	152.0
170.7002303727351	156.0
170.71023097208905	161.0
170.720231571443	167.0
170.73023217079697	173.0
170.74023277015093	179.0
170.75023336950488	181.0
170.76023396885884	185.0
170.7702345682128	185.0
170.78023516756676	185.0
170.79023576692072	183.0
170.80023636627467	179.0
170.81023696562863	173.0
170.8202375649826	169.0
170.83023816433655	165.0
170.8402387636905	161.0
170.85023936304447	158.0
170.86023996239842	156.0
170.87024056175238	156.0
170.88024116110634	156.0
170.8902417604603	156.0
170.90024235981429	156.0
170.91024295916824	154.0
170.9202435585222	0.0
170.93024415787616	152.0
170.94024475723012	152.0
170.95024535658408	152.0
170.96024595593803	152.0
170.970246555292	152.0
170.98024715464595	152.0
170.9902477539999	0.0
171.00024835335387	0.0
171.01024895270783	0.0
171.02024955206178	0.0
171.03025015141574	161.0
171.0402507507697	163.0
171.05025135012366	167.0
171.06025194947762	169.0
171.07025254883158	169.0
171.08025314818553	169.0
171.0902537475395	169.0
171.10025434689345	169.0
171.1102549462474	169.0
171.1202555456014	171.0
171.13025614495535	171.0
171.1402567443093	173.0
171.15025734366327	173.0
171.16025794301723	173.0
171.1702585423712	175.0
171.18025914172514	175.0
171.1902597410791	175.0
171.20026034043306	175.0
171.21026093978702	175.0
171.22026153914098	173.0
171.23026213849494	171.0
171.2402627378489	171.0
171.25026333720285	169.0
171.2602639365568	169.0
171.27026453591077	169.0
171.28026513526473	169.0
171.29026573461869	169.0
171.30026633397264	171.0
171.3102669333266	171.0
171.32026753268056	171.0
171.33026813203452	173.0
171.3402687313885	173.0
171.35026933074246	173.0
171.36026993009642	173.0
171.37027052945038	173.0
171.38027112880434	171.0
171.3902717281583	171.0
171.40027232751225	171.0
171.4102729268662	171.0
171.42027352622017	173.0
171.43027412557413	175.0
171.4402747249281	175.0
171.45027532428205	177.0
171.460275923636	177.0
171.47027652298996	177.0
171.48027712234392	177.0
171.49027772169788	175.0
171.50027832105184	175.0
171.5102789204058	173.0
171.52027951975975	171.0
171.5302801191137	169.0
171.54028071846767	167.0
171.55028131782163	167.0
171.5602819171756	165.0
171.57028251652957	165.0
171.58028311588353	165.0
171.5902837152375	165.0
171.60028431459145	165.0
171.6102849139454	165.0
171.62028551329936	163.0
171.63028611265332	0.0
171.64028671200728	0.0
171.65028731136124	0.0
171.6602879107152	0.0
171.67028851006916	0.0
171.68028910942311	0.0
171.69028970877707	0.0
171.70029030813103	0.0
171.710290907485	0.0
171.72029150683895	0.0
171.7302921061929	0.0
171.74029270554686	0.0
171.75029330490082	0.0
171.76029390425478	175.0
171.77029450360874	177.0
171.7802951029627	179.0
171.79029570231668	181.0
171.80029630167064	183.0
171.8102969010246	185.0
171.82029750037856	185.0
171.83029809973252	183.0
171.84029869908647	181.0
171.85029929844043	177.0
171.8602998977944	173.0
171.87030049714835	169.0
171.8803010965023	167.0
171.89030169585627	165.0
171.90030229521022	165.0
171.91030289456418	167.0
171.92030349391814	167.0
171.9303040932721	167.0
171.94030469262606	169.0
171.95030529198002	169.0
171.96030589133397	169.0
171.97030649068793	169.0
171.9803070900419	169.0
171.99030768939585	169.0
172.0003082887498	171.0
172.0103088881038	171.0
172.02030948745775	171.0
172.0303100868117	169.0
172.04031068616567	167.0
172.05031128551963	163.0
172.06031188487358	159.0
172.07031248422754	159.0
172.0803130835815	163.0
172.09031368293546	167.0
172.10031428228942	175.0
172.11031488164338	181.0
172.12031548099733	183.0
172.1303160803513	185.0
172.14031667970525	187.0
172.1503172790592	190.0
172.16031787841317	194.0
172.17031847776713	194.0
172.18031907712108	196.0
172.19031967647504	196.0
172.200320275829	192.0
172.21032087518296	190.0
172.22032147453692	183.0
172.23032207389087	179.0
172.24032267324486	175.0
172.25032327259882	169.0
172.26032387195278	165.0
172.27032447130674	159.0
172.2803250706607	156.0
172.29032567001465	152.0
172.3003262693686	149.0
172.31032686872257	147.0
172.32032746807653	147.0
172.3303280674305	147.0
172.34032866678444	149.0
172.3503292661384	152.0
172.36032986549236	156.0
172.37033046484632	159.0
172.38033106420028	163.0
172.39033166355424	165.0
172.4003322629082	167.0
172.41033286226215	169.0
172.4203334616161	175.0
172.43033406097007	181.0
172.44033466032403	187.0
172.45033525967798	194.0
172.46033585903197	199.0
172.47033645838593	201.0
172.4803370577399	203.0
172.49033765709385	203.0
172.5003382564478	201.0
172.51033885580176	196.0
172.52033945515572	194.0
172.53034005450968	190.0
172.54034065386364	185.0
172.5503412532176	181.0
172.56034185257155	177.0
172.5703424519255	175.0
172.58034305127947	173.0
172.59034365063343	173.0
172.6003442499874	173.0
172.61034484934135	173.0
172.6203454486953	173.0
172.63034604804926	173.0
172.64034664740322	173.0
172.65034724675718	175.0
172.66034784611114	177.0
172.6703484454651	179.0
172.68034904481908	179.0
172.69034964417304	177.0
172.700350243527	173.0
172.71035084288096	169.0
172.72035144223491	165.0
172.73035204158887	163.0
172.74035264094283	163.0
172.7503532402968	165.0
172.76035383965075	169.0
172.7703544390047	173.0
172.78035503835866	179.0
172.79035563771262	185.0
172.80035623706658	192.0
172.81035683642054	194.0
172.8203574357745	199.0
172.83035803512846	201.0
172.8403586344824	201.0
172.85035923383637	201.0
172.86035983319033	199.0
172.8703604325443	194.0
172.88036103189825	187.0
172.8903616312522	183.0
172.90036223060616	177.0
172.91036282996015	169.0
172.9203634293141	165.0
172.93036402866807	159.0
172.94036462802202	156.0
172.95036522737598	154.0
172.96036582672994	154.0
172.9703664260839	154.0
172.98036702543786	156.0
172.99036762479182	159.0
173.00036822414577	163.0
173.01036882349973	165.0
173.0203694228537	169.0
173.03037002220765	173.0
173.0403706215616	173.0
173.05037122091557	175.0
173.06037182026952	173.0
173.07037241962348	171.0
173.08037301897744	169.0
173.0903736183314	169.0
173.10037421768536	169.0
173.11037481703931	0.0
173.12037541639327	0.0
173.13037601574726	0.0
173.14037661510122	0.0
173.15037721445518	0.0
173.16037781380913	0.0
173.1703784131631	0.0
173.18037901251705	206.0
173.190379611871	144.0
173.20038021122497	137.0
173.21038081057893	131.0
173.22038140993288	129.0
173.23038200928684	129.0
173.2403826086408	131.0
173.25038320799476	136.0
173.26038380734872	139.0
173.27038440670268	144.0
173.28038500605663	149.0
173.2903856054106	152.0
173.30038620476455	152.0
173.3103868041185	150.0
173.32038740347247	147.0
173.33038800282642	144.0
173.34038860218038	139.0
173.35038920153437	136.0
173.36038980088833	132.0
173.3703904002423	131.0
173.38039099959624	129.0
173.3903915989502	129.0
173.40039219830416	129.0
173.41039279765812	131.0
173.42039339701208	132.0
173.43039399636604	131.0
173.44039459572	129.0
173.45039519507395	129.0
173.4603957944279	129.0
173.47039639378187	129.0
173.48039699313583	129.0
173.49039759248978	129.0
173.50039819184374	154.0
173.5103987911977	158.0
173.52039939055166	163.0
173.53039998990562	167.0
173.54040058925958	173.0
173.55040118861353	177.0
173.5604017879675	181.0
173.57040238732145	183.0
173.58040298667544	187.0
173.5904035860294	187.0
173.60040418538335	185.0
173.6104047847373	181.0
173.62040538409127	179.0
173.63040598344523	173.0
173.6404065827992	169.0
173.65040718215315	163.0
173.6604077815071	159.0
173.67040838086106	156.0
173.68040898021502	154.0
173.69040957956898	154.0
173.70041017892294	156.0
173.7104107782769	158.0
173.72041137763085	159.0
173.7304119769848	159.0
173.74041257633877	158.0
173.75041317569273	156.0
173.7604137750467	154.0
173.77041437440064	154.0
173.7804149737546	154.0
173.79041557310856	156.0
173.80041617246255	156.0
173.8104167718165	158.0
173.82041737117046	159.0
173.83041797052442	159.0
173.84041856987838	163.0
173.85041916923234	173.0
173.8604197685863	177.0
173.87042036794026	177.0
173.8804209672942	175.0
173.89042156664817	175.0
173.90042216600213	173.0
173.9104227653561	173.0
173.92042336471005	173.0
173.930423964064	173.0
173.94042456341796	173.0
173.95042516277192	173.0
173.96042576212588	173.0
173.97042636147984	173.0
173.9804269608338	173.0
173.99042756018775	173.0
174.0004281595417	173.0
174.01042875889567	173.0
174.02042935824963	173.0
174.03042995760362	173.0
174.04043055695757	173.0
174.05043115631153	173.0
174.0604317556655	173.0
174.07043235501945	173.0
174.0804329543734	173.0
174.09043355372737	173.0
174.10043415308132	173.0
174.11043475243528	173.0
174.12043535178924	173.0
174.1304359511432	171.0
174.14043655049716	171.0
174.15043714985111	171.0
174.16043774920507	171.0
174.17043834855903	171.0
174.180438947913	171.0
174.19043954726695	173.0
174.2004401466209	173.0
174.21044074597486	177.0
174.22044134532882	179.0
174.23044194468278	183.0
174.24044254403674	187.0
174.25044314339073	187.0
174.26044374274468	187.0
174.27044434209864	183.0
174.2804449414526	177.0
174.29044554080656	171.0
174.30044614016052	167.0
174.31044673951448	167.0
174.32044733886843	167.0
174.3304479382224	167.0
174.34044853757635	167.0
174.3504491369303	167.0
174.36044973628427	167.0
174.37045033563822	167.0
174.38045093499218	167.0
174.39045153434614	167.0
174.4004521337001	167.0
174.41045273305406	167.0
174.42045333240802	169.0
174.43045393176197	169.0
174.44045453111593	171.0
174.4504551304699	175.0
174.46045572982385	177.0
174.47045632917784	179.0
174.4804569285318	175.0
174.49045752788575	173.0
174.5004581272397	169.0
174.51045872659367	165.0
174.52045932594763	159.0
174.53045992530159	152.0
174.54046052465554	144.0
174.5504611240095	136.0
174.56046172336346	131.0
174.57046232271742	131.0
174.58046292207138	132.0
174.59046352142533	136.0
174.6004641207793	140.0
174.61046472013325	147.0
174.6204653194872	152.0
174.63046591884117	156.0
174.64046651819513	159.0
174.65046711754908	163.0
174.66046771690304	167.0
174.670468316257	169.0
174.68046891561096	171.0
174.69046951496492	171.0
174.7004701143189	169.0
174.71047071367286	0.0
174.72047131302682	0.0
174.73047191238078	0.0
174.74047251173474	0.0
174.7504731110887	0.0
174.76047371044265	0.0
174.7704743097966	0.0
174.78047490915057	0.0
174.79047550850453	0.0
174.8004761078585	0.0
174.81047670721244	0.0
174.8204773065664	0.0
174.83047790592036	0.0
174.84047850527432	0.0
174.85047910462828	0.0
174.86047970398224	0.0
174.8704803033362	0.0
174.88048090269015	0.0
174.8904815020441	0.0
174.90048210139807	0.0
174.91048270075203	0.0
174.920483300106	0.0
174.93048389945997	0.0
174.94048449881393	0.0
174.9504850981679	0.0
174.96048569752185	0.0
174.9704862968758	0.0
174.98048689622976	0.0
174.99048749558372	0.0
175.00048809493768	0.0
175.01048869429164	0.0
175.0204892936456	0.0
175.03048989299955	0.0
175.0404904923535	0.0
175.05049109170747	0.0
175.06049169106143	0.0
175.0704922904154	0.0
175.08049288976935	0.0
175.0904934891233	0.0
175.10049408847726	0.0
175.11049468783122	0.0
175.12049528718518	0.0
175.13049588653914	0.0
175.14049648589312	0.0
175.15049708524708	0.0
175.16049768460104	0.0
175.170498283955	0.0
175.18049888330896	0.0
175.19049948266291	0.0
175.20050008201687	0.0
175.21050068137083	0.0
175.2205012807248	0.0
175.23050188007875	0.0
175.2405024794327	0.0
175.25050307878666	0.0
175.26050367814062	0.0
175.27050427749458	0.0
175.28050487684854	0.0
175.2905054762025	0.0
175.30050607555646	0.0
175.3105066749104	0.0
175.32050727426437	0.0
175.33050787361833	0.0
175.3405084729723	0.0
175.35050907232625	0.0
175.3605096716802	131.0
175.3705102710342	129.0
175.38051087038815	129.0
175.3905114697421	129.0
175.40051206909607	131.0
175.41051266845002	134.0
175.42051326780398	137.0
175.43051386715794	139.0
175.4405144665119	139.0
175.45051506586586	139.0
175.46051566521982	139.0
175.47051626457377	137.0
175.48051686392773	136.0
175.4905174632817	132.0
175.50051806263565	129.0
175.5105186619896	125.0
175.52051926134357	122.0
175.53051986069752	118.0
175.54052046005148	117.0
175.55052105940544	114.0
175.5605216587594	113.0
175.57052225811336	111.0
175.58052285746732	110.0
175.5905234568213	113.0
175.60052405617526	0.0
175.61052465552922	0.0
175.62052525488318	0.0
175.63052585423713	0.0
175.6405264535911	0.0
175.65052705294505	0.0
175.660527652299	142.0
175.67052825165297	140.0
175.68052885100693	136.0
175.69052945036088	132.0
175.70053004971484	129.0
175.7105306490688	126.0
175.72053124842276	124.0
175.73053184777672	121.0
175.74053244713068	118.0
175.75053304648463	115.0
175.7605336458386	113.0
175.77053424519255	111.0
175.7805348445465	109.0
175.79053544390047	107.0
175.80053604325443	106.0
175.8105366426084	106.0
175.82053724196237	106.0
175.83053784131633	105.0
175.8405384406703	0.0
175.85053904002424	0.0
175.8605396393782	0.0
175.87054023873216	0.0
175.88054083808612	132.0
175.89054143744008	132.0
175.90054203679404	132.0
175.910542636148	131.0
175.92054323550195	128.0
175.9305438348559	124.0
175.94054443420987	119.0
175.95054503356383	115.0
175.96054563291779	111.0
175.97054623227174	106.0
175.9805468316257	0.0
175.99054743097966	0.0
176.00054803033362	0.0
176.01054862968758	0.0
176.02054922904153	0.0
176.0305498283955	0.0
176.04055042774948	0.0
176.05055102710344	0.0
176.0605516264574	0.0
176.07055222581135	145.0
176.0805528251653	145.0
176.09055342451927	144.0
176.10055402387323	142.0
176.1105546232272	140.0
176.12055522258115	139.0
176.1305558219351	137.0
176.14055642128906	137.0
176.15055702064302	136.0
176.16055761999698	136.0
176.17055821935094	136.0
176.1805588187049	136.0
176.19055941805885	136.0
176.2005600174128	136.0
176.21056061676677	136.0
176.22056121612073	136.0
176.2305618154747	136.0
176.24056241482864	134.0
176.2505630141826	134.0
176.2605636135366	134.0
176.27056421289055	134.0
176.2805648122445	134.0
176.29056541159846	136.0
176.30056601095242	137.0
176.31056661030638	137.0
176.32056720966034	136.0
176.3305678090143	132.0
176.34056840836826	129.0
176.3505690077222	126.0
176.36056960707617	125.0
176.37057020643013	128.0
176.3805708057841	131.0
176.39057140513805	139.0
176.400572004492	149.0
176.41057260384596	158.0
176.42057320319992	165.0
176.43057380255388	171.0
176.44057440190784	175.0
176.4505750012618	179.0
176.46057560061575	183.0
176.4705761999697	185.0
176.4805767993237	185.0
176.49057739867766	183.0
176.50057799803162	181.0
176.51057859738557	177.0
176.52057919673953	173.0
176.5305797960935	167.0
176.54058039544745	163.0
176.5505809948014	161.0
176.56058159415537	159.0
176.57058219350932	159.0
176.58058279286328	161.0
176.59058339221724	161.0
176.6005839915712	161.0
176.61058459092516	161.0
176.62058519027912	163.0
176.63058578963307	163.0
176.64058638898703	165.0
176.650586988341	156.0
176.66058758769495	152.0
176.6705881870489	149.0
176.68058878640286	142.0
176.69058938575682	139.0
176.70058998511078	137.0
176.71059058446477	137.0
176.72059118381873	137.0
176.73059178317268	139.0
176.74059238252664	142.0
176.7505929818806	144.0
176.76059358123456	149.0
176.77059418058852	156.0
176.78059477994248	167.0
176.79059537929643	171.0
176.8005959786504	173.0
176.81059657800435	175.0
176.8205971773583	175.0
176.83059777671227	175.0
176.84059837606623	173.0
176.85059897542018	173.0
176.86059957477414	173.0
176.8706001741281	171.0
176.88060077348206	171.0
176.89060137283602	171.0
176.90060197218997	171.0
176.91060257154393	171.0
176.9206031708979	171.0
176.93060377025188	173.0
176.94060436960584	173.0
176.9506049689598	173.0
176.96060556831375	173.0
176.9706061676677	173.0
176.98060676702167	173.0
176.99060736637563	173.0
177.00060796572959	173.0
177.01060856508354	175.0
177.0206091644375	175.0
177.03060976379146	177.0
177.04061036314542	177.0
177.05061096249938	175.0
177.06061156185334	175.0
177.0706121612073	173.0
177.08061276056125	171.0
177.0906133599152	169.0
177.10061395926917	167.0
177.11061455862313	165.0
177.12061515797708	165.0
177.13061575733104	165.0
177.140616356685	165.0
177.150616956039	167.0
177.16061755539295	169.0
177.1706181547469	171.0
177.18061875410086	175.0
177.19061935345482	177.0
177.20061995280878	179.0
177.21062055216274	181.0
177.2206211515167	181.0
177.23062175087065	179.0
177.2406223502246	179.0
177.25062294957857	177.0
177.26062354893253	177.0
177.2706241482865	175.0
177.28062474764045	173.0
177.2906253469944	173.0
177.30062594634836	171.0
177.31062654570232	171.0
177.32062714505628	171.0
177.33062774441024	171.0
177.3406283437642	171.0
177.35062894311815	171.0
177.3606295424721	169.0
177.37063014182607	169.0
177.38063074118006	167.0
177.39063134053401	163.0
177.40063193988797	159.0
177.41063253924193	156.0
177.4206331385959	154.0
177.43063373794985	152.0
177.4406343373038	152.0
177.45063493665776	152.0
177.46063553601172	150.0
177.47063613536568	152.0
177.48063673471964	154.0
177.4906373340736	161.0
177.50063793342756	165.0
177.5106385327815	167.0
177.52063913213547	167.0
177.53063973148943	169.0
177.5406403308434	169.0
177.55064093019735	169.0
177.5606415295513	169.0
177.57064212890526	0.0
177.58064272825922	0.0
177.59064332761318	0.0
177.60064392696717	0.0
177.61064452632112	0.0
177.62064512567508	0.0
177.63064572502904	0.0
177.640646324383	0.0
177.65064692373696	0.0
177.66064752309092	0.0
177.67064812244487	0.0
177.68064872179883	0.0
177.6906493211528	0.0
177.70064992050675	0.0
177.7106505198607	0.0
177.72065111921466	0.0
177.73065171856862	0.0
177.74065231792258	0.0
177.75065291727654	0.0
177.7606535166305	0.0
177.77065411598446	0.0
177.78065471533841	0.0
177.79065531469237	0.0
177.80065591404633	0.0
177.8106565134003	0.0
177.82065711275428	0.0
177.83065771210823	0.0
177.8406583114622	0.0
177.85065891081615	0.0
177.8606595101701	179.0
177.87066010952407	173.0
177.88066070887803	167.0
177.89066130823198	165.0
177.90066190758594	165.0
177.9106625069399	165.0
177.92066310629386	165.0
177.93066370564782	165.0
177.94066430500177	167.0
177.95066490435573	169.0
177.9606655037097	171.0
177.97066610306365	173.0
177.9806667024176	175.0
177.99066730177157	179.0
178.00066790112552	183.0
178.01066850047948	187.0
178.02066909983344	194.0
178.0306696991874	194.0
178.04067029854136	192.0
178.05067089789534	185.0
178.0606714972493	181.0
178.07067209660326	177.0
178.08067269595722	173.0
178.09067329531118	167.0
178.10067389466514	163.0
178.1106744940191	163.0
178.12067509337305	163.0
178.130675692727	165.0
178.14067629208097	167.0
178.15067689143493	171.0
178.16067749078888	175.0
178.17067809014284	0.0
178.1806786894968	0.0
178.19067928885076	0.0
178.20067988820472	0.0
178.21068048755868	308.0
178.22068108691263	316.0
178.2306816862666	327.0
178.24068228562055	338.0
178.2506828849745	334.0
178.26068348432847	319.0
178.27068408368245	301.0
178.2806846830364	281.0
178.29068528239037	272.0
178.30068588174433	262.0
178.3106864810983	253.0
178.32068708045225	248.0
178.3306876798062	242.0
178.34068827916016	236.0
178.35068887851412	234.0
178.36068947786808	234.0
178.37069007722204	234.0
178.380690676576	234.0
178.39069127592995	234.0
178.4006918752839	236.0
178.41069247463787	239.0
178.42069307399183	245.0
178.4306936733458	248.0
178.44069427269974	248.0
178.4506948720537	245.0
178.46069547140766	239.0
178.47069607076162	0.0
178.48069667011558	0.0
178.49069726946954	0.0
178.50069786882352	0.0
178.51069846817748	0.0
178.52069906753144	0.0
178.5306996668854	0.0
178.54070026623936	0.0
178.5507008655933	0.0
178.56070146494727	0.0
178.57070206430123	331.0
178.5807026636552	327.0
178.59070326300915	319.0
178.6007038623631	312.0
178.61070446171706	298.0
178.62070506107102	275.0
178.63070566042498	248.0
178.64070625977894	218.0
178.6507068591329	210.0
178.66070745848685	206.0
178.6707080578408	203.0
178.68070865719477	203.0
178.69070925654873	203.0
178.7007098559027	203.0
178.71071045525665	206.0
178.72071105461063	206.0
178.7307116539646	208.0
178.74071225331855	210.0
178.7507128526725	213.0
178.76071345202647	213.0
178.77071405138042	213.0
178.78071465073438	213.0
178.79071525008834	213.0
178.8007158494423	213.0
178.81071644879626	210.0
178.82071704815021	210.0
178.83071764750417	208.0
178.84071824685813	203.0
178.8507188462121	196.0
178.86071944556605	192.0
178.87072004492	190.0
178.88072064427396	187.0
178.89072124362792	187.0
178.90072184298188	190.0
178.91072244233584	192.0
178.9207230416898	196.0
178.93072364104376	201.0
178.94072424039774	203.0
178.9507248397517	206.0
178.96072543910566	208.0
178.97072603845962	208.0
178.98072663781358	210.0
178.99072723716753	210.0
179.0007278365215	210.0
179.01072843587545	210.0
179.0207290352294	210.0
179.03072963458337	210.0
179.04073023393732	208.0
179.05073083329128	208.0
179.06073143264524	206.0
179.0707320319992	203.0
179.08073263135316	201.0
179.09073323070712	194.0
179.10073383006107	190.0
179.11073442941503	183.0
179.120735028769	179.0
179.13073562812295	175.0
179.1407362274769	171.0
179.15073682683087	167.0
179.16073742618482	165.0
179.1707380255388	163.0
179.18073862489277	161.0
179.19073922424673	161.0
179.20073982360068	161.0
179.21074042295464	163.0
179.2207410223086	163.0
179.23074162166256	163.0
179.24074222101652	163.0
179.25074282037048	163.0
179.26074341972443	163.0
179.2707440190784	165.0
179.28074461843235	167.0
179.2907452177863	171.0
179.30074581714027	175.0
179.31074641649423	181.0
179.32074701584818	183.0
179.33074761520214	185.0
179.3407482145561	187.0
179.35074881391006	190.0
179.36074941326402	190.0
179.37075001261798	187.0
179.38075061197193	185.0
179.39075121132592	183.0
179.40075181067988	179.0
179.41075241003384	175.0
179.4207530093878	171.0
179.43075360874175	167.0
179.4407542080957	161.0
179.45075480744967	158.0
179.46075540680363	154.0
179.4707560061576	152.0
179.48075660551154	152.0
179.4907572048655	154.0
179.50075780421946	154.0
179.51075840357342	150.0
179.52075900292738	147.0
179.53075960228134	144.0
179.5407602016353	142.0
179.55076080098925	144.0
179.5607614003432	145.0
179.57076199969717	150.0
179.58076259905113	156.0
179.59076319840509	159.0
179.60076379775904	165.0
179.61076439711303	169.0
179.620764996467	171.0
179.63076559582095	169.0
179.6407661951749	169.0
179.65076679452886	165.0
179.66076739388282	159.0
179.67076799323678	154.0
179.68076859259074	149.0
179.6907691919447	147.0
179.70076979129865	145.0
179.7107703906526	145.0
179.72077099000657	147.0
179.73077158936053	149.0
179.7407721887145	152.0
179.75077278806845	156.0
179.7607733874224	158.0
179.77077398677636	161.0
179.78077458613032	163.0
179.79077518548428	167.0
179.80077578483824	169.0
179.8107763841922	173.0
179.82077698354615	179.0
179.8307775829001	185.0
179.8407781822541	194.0
179.85077878160806	201.0
179.86077938096201	208.0
179.87077998031597	213.0
179.88078057966993	218.0
179.8907811790239	218.0
179.90078177837785	215.0
179.9107823777318	213.0
179.92078297708576	208.0
179.93078357643972	201.0
179.94078417579368	196.0
179.95078477514764	192.0
179.9607853745016	187.0
179.97078597385556	181.0
179.9807865732095	177.0
179.99078717256347	175.0
180.00078777191743	173.0
180.0107883712714	171.0
180.02078897062535	171.0
180.0307895699793	171.0
180.04079016933326	171.0
180.05079076868722	171.0
180.0607913680412	173.0
180.07079196739517	173.0
180.08079256674912	173.0
180.09079316610308	173.0
180.10079376545704	171.0
180.110794364811	171.0
180.12079496416496	169.0
180.13079556351892	169.0
180.14079616287287	169.0
180.15079676222683	167.0
180.1607973615808	167.0
180.17079796093475	167.0
180.1807985602887	169.0
180.19079915964267	169.0
180.20079975899662	171.0
180.21080035835058	173.0
180.22080095770454	175.0
180.2308015570585	177.0
180.24080215641246	179.0
180.25080275576641	177.0
180.26080335512037	175.0
180.27080395447433	173.0
180.28080455382832	171.0
180.29080515318228	169.0
180.30080575253623	167.0
180.3108063518902	165.0
180.32080695124415	163.0
180.3308075505981	161.0
180.34080814995207	161.0
180.35080874930603	163.0
180.36080934865998	167.0
180.37080994801394	169.0
180.3808105473679	171.0
180.39081114672186	171.0
180.40081174607582	171.0
180.41081234542978	173.0
180.42081294478373	173.0
180.4308135441377	171.0
180.44081414349165	171.0
180.4508147428456	167.0
180.46081534219957	0.0
180.47081594155352	0.0
180.48081654090748	0.0
180.49081714026144	0.0
180.5008177396154	0.0
180.5108183389694	0.0
180.52081893832334	0.0
180.5308195376773	0.0
180.54082013703126	0.0
180.55082073638522	0.0
180.56082133573918	0.0
180.57082193509314	0.0
180.5808225344471	0.0
180.59082313380105	0.0
180.600823733155	0.0
180.61082433250897	0.0
180.62082493186293	0.0
180.63082553121689	0.0
180.64082613057084	0.0
180.6508267299248	0.0
180.66082732927876	0.0
180.67082792863272	0.0
180.68082852798668	0.0
180.69082912734063	0.0
180.7008297266946	0.0
180.71083032604855	0.0
180.7208309254025	0.0
180.7308315247565	0.0
180.74083212411045	327.0
180.7508327234644	319.0
180.76083332281837	308.0
180.77083392217233	294.0
180.7808345215263	288.0
180.79083512088025	284.0
180.8008357202342	281.0
180.81083631958816	281.0
180.82083691894212	281.0
180.83083751829608	281.0
180.84083811765004	284.0
180.850838717004	288.0
180.86083931635795	288.0
180.8708399157119	288.0
180.88084051506587	288.0
180.89084111441983	284.0
180.9008417137738	284.0
180.91084231312774	281.0
180.9208429124817	278.0
180.93084351183566	275.0
180.94084411118962	272.0
180.9508447105436	268.0
180.96084530989756	265.0
180.97084590925152	259.0
180.98084650860548	250.0
180.99084710795944	245.0
181.0008477073134	239.0
181.01084830666736	239.0
181.0208489060213	236.0
181.03084950537527	236.0
181.04085010472923	239.0
181.0508507040832	245.0
181.06085130343715	250.0
181.0708519027911	259.0
181.08085250214506	265.0
181.09085310149902	272.0
181.10085370085298	275.0
181.11085430020694	281.0
181.1208548995609	281.0
181.13085549891485	284.0
181.1408560982688	284.0
181.15085669762277	281.0
181.16085729697673	278.0
181.1708578963307	275.0
181.18085849568467	272.0
181.19085909503863	272.0
181.2008596943926	265.0
181.21086029374655	262.0
181.2208608931005	256.0
181.23086149245447	253.0
181.24086209180842	248.0
181.25086269116238	242.0
181.26086329051634	234.0
181.2708638898703	228.0
181.28086448922426	226.0
181.29086508857822	223.0
181.30086568793217	220.0
181.31086628728613	220.0
181.3208668866401	218.0
181.33086748599405	215.0
181.340868085348	210.0
181.35086868470196	208.0
181.36086928405592	0.0
181.37086988340988	0.0
181.38087048276384	0.0
181.3908710821178	0.0
181.40087168147178	0.0
181.41087228082574	0.0
181.4208728801797	0.0
181.43087347953366	331.0
181.44087407888762	338.0
181.45087467824158	346.0
181.46087527759553	346.0
181.4708758769495	346.0
181.48087647630345	342.0
181.4908770756574	323.0
181.50087767501137	288.0
181.51087827436533	259.0
181.52087887371928	248.0
181.53087947307324	242.0
181.5408800724272	236.0
181.55088067178116	231.0
181.56088127113512	228.0
181.57088187048907	226.0
181.58088246984303	223.0
181.590883069197	220.0
181.60088366855095	215.0
181.6108842679049	213.0
181.6208848672589	210.0
181.63088546661285	210.0
181.6408860659668	208.0
181.65088666532077	208.0
181.66088726467473	206.0
181.67088786402869	206.0
181.68088846338264	206.0
181.6908890627366	203.0
181.70088966209056	203.0
181.71089026144452	199.0
181.72089086079848	190.0
181.73089146015244	183.0
181.7408920595064	181.0
181.75089265886035	181.0
181.7608932582143	183.0
181.77089385756827	196.0
181.78089445692223	196.0
181.79089505627618	199.0
181.80089565563014	201.0
181.8108962549841	201.0
181.82089685433806	203.0
181.83089745369202	203.0
181.84089805304598	206.0
181.85089865239996	206.0
181.86089925175392	208.0
181.87089985110788	208.0
181.88090045046184	210.0
181.8909010498158	210.0
181.90090164916975	208.0
181.9109022485237	208.0
181.92090284787767	206.0
181.93090344723163	203.0
181.9409040465856	201.0
181.95090464593954	199.0
181.9609052452935	194.0
181.97090584464746	190.0
181.98090644400142	183.0
181.99090704335538	179.0
182.00090764270934	175.0
182.0109082420633	171.0
182.02090884141725	169.0
182.0309094407712	167.0
182.04091004012517	165.0
182.05091063947913	165.0
182.06091123883309	163.0
182.07091183818707	163.0
182.08091243754103	161.0
182.090913036895	159.0
182.10091363624895	156.0
182.1109142356029	152.0
182.12091483495686	152.0
182.13091543431082	156.0
182.14091603366478	159.0
182.15091663301874	163.0
182.1609172323727	169.0
182.17091783172665	175.0
182.1809184310806	179.0
182.19091903043457	185.0
182.20091962978853	190.0
182.2109202291425	194.0
182.22092082849645	194.0
182.2309214278504	190.0
182.24092202720436	185.0
182.25092262655832	181.0
182.26092322591228	175.0
182.27092382526624	169.0
182.2809244246202	161.0
182.29092502397415	156.0
182.30092562332814	154.0
182.3109262226821	152.0
182.32092682203606	152.0
182.33092742139002	152.0
182.34092802074397	154.0
182.35092862009793	154.0
182.3609292194519	156.0
182.37092981880585	158.0
182.3809304181598	158.0
182.39093101751376	156.0
182.40093161686772	156.0
182.41093221622168	154.0
182.42093281557564	152.0
182.4309334149296	0.0
182.44093401428356	0.0
182.45093461363751	0.0
182.46093521299147	0.0
182.47093581234543	0.0
182.4809364116994	0.0
182.49093701105335	0.0
182.5009376104073	0.0
182.51093820976126	0.0
182.52093880911525	0.0
182.5309394084692	187.0
182.54094000782317	181.0
182.55094060717713	169.0
182.56094120653108	165.0
182.57094180588504	163.0
182.580942405239	163.0
182.59094300459296	163.0
182.60094360394692	165.0
182.61094420330087	169.0
182.62094480265483	171.0
182.6309454020088	173.0
182.64094600136275	175.0
182.6509466007167	177.0
182.66094720007067	179.0
182.67094779942462	181.0
182.68094839877858	183.0
182.69094899813254	185.0
182.7009495974865	187.0
182.71095019684046	185.0
182.72095079619442	181.0
182.73095139554837	179.0
182.74095199490236	175.0
182.75095259425632	171.0
182.76095319361028	169.0
182.77095379296424	165.0
182.7809543923182	165.0
182.79095499167215	163.0
182.8009555910261	163.0
182.81095619038007	161.0
182.82095678973403	161.0
182.83095738908798	159.0
182.84095798844194	159.0
182.8509585877959	161.0
182.86095918714986	163.0
182.87095978650382	171.0
182.88096038585778	173.0
182.89096098521173	175.0
182.9009615845657	175.0
182.91096218391965	177.0
182.9209627832736	177.0
182.93096338262757	175.0
182.94096398198153	175.0
182.95096458133548	173.0
182.96096518068944	171.0
182.97096578004343	169.0
182.9809663793974	167.0
182.99096697875135	167.0
183.0009675781053	165.0
183.01096817745926	167.0
183.02096877681322	169.0
183.03096937616718	171.0
183.04096997552114	173.0
183.0509705748751	0.0
183.06097117422905	0.0
183.070971773583	0.0
183.08097237293697	0.0
183.09097297229093	0.0
183.1009735716449	0.0
183.11097417099884	0.0
183.1209747703528	0.0
183.13097536970676	0.0
183.14097596906072	0.0
183.15097656841468	0.0
183.16097716776864	0.0
183.1709777671226	0.0
183.18097836647655	0.0
183.19097896583054	210.0
183.2009795651845	201.0
183.21098016453846	194.0
183.2209807638924	187.0
183.23098136324637	183.0
183.24098196260033	177.0
183.2509825619543	171.0
183.26098316130825	167.0
183.2709837606622	165.0
183.28098436001616	165.0
183.29098495937012	165.0
183.30098555872408	167.0
183.31098615807804	171.0
183.320986757432	177.0
183.33098735678595	181.0
183.3409879561399	187.0
183.35098855549387	194.0
183.36098915484783	196.0
183.3709897542018	196.0
183.38099035355575	190.0
183.3909909529097	183.0
183.40099155226366	177.0
183.41099215161765	169.0
183.4209927509716	161.0
183.43099335032556	159.0
183.44099394967952	159.0
183.45099454903348	161.0
183.46099514838744	167.0
183.4709957477414	175.0
183.48099634709536	183.0
183.49099694644931	194.0
183.50099754580327	203.0
183.51099814515723	215.0
183.5209987445112	231.0
183.53099934386515	253.0
183.5409999432191	294.0
183.55100054257306	294.0
183.56100114192702	288.0
183.57100174128098	253.0
183.58100234063494	236.0
183.5910029399889	158.0
183.60100353934286	158.0
183.6110041386968	152.0
183.62100473805077	152.0
183.63100533740473	152.0
183.64100593675872	154.0
183.65100653611267	159.0
183.66100713546663	165.0
183.6710077348206	173.0
183.68100833417455	181.0
183.6910089335285	187.0
183.70100953288247	194.0
183.71101013223642	196.0
183.72101073159038	199.0
183.73101133094434	199.0
183.7410119302983	196.0
183.75101252965226	190.0
183.76101312900622	181.0
183.77101372836017	173.0
183.78101432771413	159.0
183.7910149270681	150.0
183.80101552642205	147.0
183.811016125776	144.0
183.82101672512997	142.0
183.83101732448392	142.0
183.84101792383788	144.0
183.85101852319184	147.0
183.86101912254583	149.0
183.87101972189978	150.0
183.88102032125374	152.0
183.8910209206077	152.0
183.90102151996166	152.0
183.91102211931562	154.0
183.92102271866958	156.0
183.93102331802353	158.0
183.9410239173775	163.0
183.95102451673145	163.0
183.9610251160854	161.0
183.97102571543937	159.0
183.98102631479333	158.0
183.99102691414728	158.0
184.00102751350124	158.0
184.0110281128552	158.0
184.02102871220916	159.0
184.03102931156312	161.0
184.04102991091708	161.0
184.05103051027103	161.0
184.061031109625	161.0
184.07103170897895	159.0
184.08103230833294	158.0
184.0910329076869	156.0
184.10103350704085	152.0
184.1110341063948	149.0
184.12103470574877	147.0
184.13103530510273	145.0
184.1410359044567	147.0
184.15103650381064	149.0
184.1610371031646	154.0
184.17103770251856	159.0
184.18103830187252	167.0
184.19103890122648	171.0
184.20103950058044	177.0
184.2110400999344	181.0
184.22104069928835	181.0
184.2310412986423	179.0
184.24104189799627	171.0
184.25104249735023	165.0
184.26104309670419	159.0
184.27104369605814	154.0
184.2810442954121	152.0
184.29104489476606	154.0
184.30104549412002	158.0
184.311046093474	167.0
184.32104669282796	183.0
184.33104729218192	187.0
184.34104789153588	192.0
184.35104849088984	201.0
184.3610490902438	215.0
184.37104968959775	228.0
184.3810502889517	242.0
184.39105088830567	245.0
184.40105148765963	245.0
184.4110520870136	239.0
184.42105268636755	228.0
184.4310532857215	208.0
184.44105388507546	194.0
184.45105448442942	183.0
184.46105508378338	175.0
184.47105568313734	171.0
184.4810562824913	167.0
184.49105688184525	167.0
184.5010574811992	167.0
184.51105808055317	167.0
184.52105867990713	171.0
184.53105927926111	175.0
184.54105987861507	179.0
184.55106047796903	181.0
184.561061077323	179.0
184.57106167667695	177.0
184.5810622760309	169.0
184.59106287538486	167.0
184.60106347473882	165.0
184.61106407409278	167.0
184.62106467344674	169.0
184.6310652728007	0.0
184.64106587215466	0.0
184.6510664715086	0.0
184.66106707086257	0.0
184.67106767021653	0.0
184.6810682695705	0.0
184.69106886892445	0.0
184.7010694682784	0.0
184.71107006763236	0.0
184.72107066698632	253.0
184.73107126634028	248.0
184.74107186569424	236.0
184.75107246504822	215.0
184.76107306440218	210.0
184.77107366375614	210.0
184.7810742631101	210.0
184.79107486246406	210.0
184.80107546181802	210.0
184.81107606117197	210.0
184.82107666052593	208.0
184.8310772598799	208.0
184.84107785923385	206.0
184.8510784585878	206.0
184.86107905794177	206.0
184.87107965729572	206.0
184.88108025664968	206.0
184.89108085600364	206.0
184.9010814553576	206.0
184.91108205471156	206.0
184.92108265406551	206.0
184.93108325341947	206.0
184.94108385277343	208.0
184.9510844521274	208.0
184.96108505148135	210.0
184.9710856508353	210.0
184.9810862501893	208.0
184.99108684954325	208.0
185.0010874488972	206.0
185.01108804825117	206.0
185.02108864760513	203.0
185.03108924695908	206.0
185.04108984631304	206.0
185.051090445667	206.0
185.06109104502096	206.0
185.07109164437492	206.0
185.08109224372888	201.0
185.09109284308283	0.0
185.1010934424368	0.0
185.11109404179075	0.0
185.1210946411447	0.0
185.13109524049867	0.0
185.14109583985262	0.0
185.15109643920658	0.0
185.16109703856054	0.0
185.1710976379145	0.0
185.18109823726846	0.0
185.19109883662242	0.0
185.2010994359764	0.0
185.21110003533036	0.0
185.22110063468432	0.0
185.23110123403828	0.0
185.24110183339224	0.0
185.2511024327462	0.0
185.26110303210015	0.0
185.2711036314541	0.0
185.28110423080807	0.0
185.29110483016203	0.0
185.30110542951599	0.0
185.31110602886994	0.0
185.3211066282239	0.0
185.33110722757786	0.0
185.34110782693182	0.0
185.35110842628578	0.0
185.36110902563973	0.0
185.3711096249937	0.0
185.38111022434765	0.0
185.3911108237016	0.0
185.40111142305557	0.0
185.41111202240953	0.0
185.4211126217635	167.0
185.43111322111747	165.0
185.44111382047143	163.0
185.4511144198254	159.0
185.46111501917935	158.0
185.4711156185333	156.0
185.48111621788726	156.0
185.49111681724122	158.0
185.50111741659518	159.0
185.51111801594914	161.0
185.5211186153031	165.0
185.53111921465705	169.0
185.541119814011	173.0
185.55112041336497	175.0
185.56112101271893	175.0
185.5711216120729	173.0
185.58112221142684	171.0
185.5911228107808	167.0
185.60112341013476	163.0
185.61112400948872	150.0
185.62112460884268	150.0
185.63112520819664	150.0
185.6411258075506	152.0
185.65112640690458	158.0
185.66112700625854	163.0
185.6711276056125	177.0
185.68112820496646	185.0
185.6911288043204	194.0
185.70112940367437	201.0
185.71113000302833	208.0
185.7211306023823	210.0
185.73113120173625	213.0
185.7411318010902	210.0
185.75113240044416	206.0
185.76113299979812	199.0
185.77113359915208	187.0
185.78113419850604	179.0
185.79113479786	173.0
185.80113539721395	167.0
185.8111359965679	163.0
185.82113659592187	159.0
185.83113719527583	159.0
185.8411377946298	161.0
185.85113839398375	165.0
185.8611389933377	173.0
185.8711395926917	181.0
185.88114019204565	192.0
185.8911407913996	218.0
185.90114139075357	242.0
185.91114199010752	259.0
185.92114258946148	284.0
185.93114318881544	305.0
185.9411437881694	319.0
185.95114438752336	331.0
185.96114498687731	331.0
185.97114558623127	331.0
185.98114618558523	323.0
185.9911467849392	308.0
186.00114738429315	294.0
186.0111479836471	250.0
186.02114858300106	236.0
186.03114918235502	228.0
186.04114978170898	226.0
186.05115038106294	228.0
186.0611509804169	231.0
186.07115157977086	236.0
186.0811521791248	242.0
186.09115277847877	248.0
186.10115337783276	256.0
186.11115397718672	268.0
186.12115457654068	278.0
186.13115517589463	288.0
186.1411557752486	298.0
186.15115637460255	316.0
186.1611569739565	327.0
186.17115757331047	327.0
186.18115817266442	312.0
186.19115877201838	301.0
186.20115937137234	294.0
186.2111599707263	215.0
186.22116057008026	210.0
186.23116116943422	206.0
186.24116176878817	203.0
186.25116236814213	203.0
186.2611629674961	203.0
186.27116356685005	203.0
186.281164166204	203.0
186.29116476555797	206.0
186.30116536491192	206.0
186.31116596426588	206.0
186.32116656361987	208.0
186.33116716297383	208.0
186.34116776232779	208.0
186.35116836168174	208.0
186.3611689610357	208.0
186.37116956038966	210.0
186.38117015974362	210.0
186.39117075909758	210.0
186.40117135845153	213.0
186.4111719578055	213.0
186.42117255715945	210.0
186.4311731565134	210.0
186.44117375586737	210.0
186.45117435522133	208.0
186.46117495457528	208.0
186.47117555392924	206.0
186.4811761532832	203.0
186.49117675263716	201.0
186.50117735199112	201.0
186.51117795134508	203.0
186.52117855069903	203.0
186.531179150053	206.0
186.54117974940698	206.0
186.55118034876094	206.0
186.5611809481149	206.0
186.57118154746885	206.0
186.5811821468228	206.0
186.59118274617677	206.0
186.60118334553073	206.0
186.6111839448847	208.0
186.62118454423864	210.0
186.6311851435926	210.0
186.64118574294656	213.0
186.65118634230052	213.0
186.66118694165448	213.0
186.67118754100844	210.0
186.6811881403624	208.0
186.69118873971635	203.0
186.7011893390703	199.0
186.71118993842427	190.0
186.72119053777823	181.0
186.73119113713219	173.0
186.74119173648614	163.0
186.7511923358401	156.0
186.76119293519406	150.0
186.77119353454805	150.0
186.781194133902	154.0
186.79119473325596	161.0
186.80119533260992	167.0
186.81119593196388	175.0
186.82119653131784	181.0
186.8311971306718	187.0
186.84119773002575	192.0
186.8511983293797	196.0
186.86119892873367	199.0
186.87119952808763	199.0
186.8812001274416	196.0
186.89120072679555	190.0
186.9012013261495	181.0
186.91120192550346	169.0
186.92120252485742	163.0
186.93120312421138	163.0
186.94120372356534	165.0
186.9512043229193	169.0
186.96120492227325	175.0
186.9712055216272	190.0
186.98120612098117	208.0
186.99120672033516	231.0
187.00120731968912	256.0
187.01120791904307	284.0
187.02120851839703	298.0
187.031209117751	305.0
187.04120971710495	305.0
187.0512103164589	301.0
187.06121091581286	291.0
187.07121151516682	278.0
187.08121211452078	208.0
187.09121271387474	201.0
187.1012133132287	203.0
187.11121391258266	203.0
187.1212145119366	208.0
187.13121511129057	210.0
187.14121571064453	213.0
187.1512163099985	215.0
187.16121690935245	218.0
187.1712175087064	215.0
187.18121810806036	206.0
187.19121870741432	201.0
187.20121930676828	194.0
187.21121990612227	190.0
187.22122050547623	0.0
187.23122110483018	0.0
187.24122170418414	0.0
187.2512223035381	256.0
187.26122290289206	253.0
187.27122350224602	228.0
187.28122410159997	0.0
187.29122470095393	144.0
187.3012253003079	142.0
187.31122589966185	140.0
187.3212264990158	142.0
187.33122709836977	147.0
187.34122769772372	152.0
187.35122829707768	158.0
187.36122889643164	163.0
187.3712294957856	169.0
187.38123009513956	175.0
187.39123069449352	181.0
187.40123129384747	187.0
187.41123189320143	192.0
187.4212324925554	199.0
187.43123309190935	201.0
187.44123369126334	199.0
187.4512342906173	185.0
187.46123488997125	177.0
187.4712354893252	165.0
187.48123608867917	158.0
187.49123668803313	154.0
187.50123728738708	154.0
187.51123788674104	161.0
187.521238486095	169.0
187.53123908544896	181.0
187.54123968480292	192.0
187.55124028415688	203.0
187.56124088351083	218.0
187.5712414828648	234.0
187.58124208221875	245.0
187.5912426815727	256.0
187.60124328092667	268.0
187.61124388028063	278.0
187.62124447963458	275.0
187.63124507898854	250.0
187.6412456783425	239.0
187.65124627769646	161.0
187.66124687705044	152.0
187.6712474764044	152.0
187.68124807575836	154.0
187.69124867511232	158.0
187.70124927446628	163.0
187.71124987382024	173.0
187.7212504731742	183.0
187.73125107252815	190.0
187.7412516718821	194.0
187.75125227123607	196.0
187.76125287059003	196.0
187.77125346994399	194.0
187.78125406929794	187.0
187.7912546686519	181.0
187.80125526800586	171.0
187.81125586735982	163.0
187.82125646671378	154.0
187.83125706606774	145.0
187.8412576654217	147.0
187.85125826477565	149.0
187.8612588641296	152.0
187.87125946348357	156.0
187.88126006283755	159.0
187.8912606621915	161.0
187.90126126154547	163.0
187.91126186089943	163.0
187.9212624602534	161.0
187.93126305960735	158.0
187.9412636589613	152.0
187.95126425831526	147.0
187.96126485766922	140.0
187.97126545702318	134.0
187.98126605637714	129.0
187.9912666557311	129.0
188.00126725508505	132.0
188.011267854439	137.0
188.02126845379297	142.0
188.03126905314693	144.0
188.0412696525009	144.0
188.05127025185485	0.0
188.0612708512088	0.0
188.07127145056276	0.0
188.08127204991672	0.0
188.09127264927068	0.0
188.10127324862464	0.0
188.11127384797862	0.0
188.12127444733258	0.0
188.13127504668654	0.0
188.1412756460405	0.0
188.15127624539446	0.0
188.16127684474841	0.0
188.17127744410237	0.0
188.18127804345633	0.0
188.1912786428103	0.0
188.20127924216425	0.0
188.2112798415182	0.0
188.22128044087216	0.0
188.23128104022612	0.0
188.24128163958008	0.0
188.25128223893404	0.0
188.261282838288	0.0
188.27128343764196	0.0
188.2812840369959	0.0
188.29128463634987	0.0
188.30128523570383	0.0
188.3112858350578	0.0
188.32128643441175	0.0
188.33128703376573	187.0
188.3412876331197	185.0
188.35128823247365	185.0
188.3612888318276	179.0
188.37128943118157	173.0
188.38129003053552	167.0
188.39129062988948	163.0
188.40129122924344	161.0
188.4112918285974	159.0
188.42129242795136	161.0
188.43129302730532	161.0
188.44129362665927	163.0
188.45129422601323	167.0
188.4612948253672	169.0
188.47129542472115	171.0
188.4812960240751	173.0
188.49129662342906	175.0
188.50129722278302	177.0
188.51129782213698	177.0
188.52129842149094	177.0
188.5312990208449	175.0
188.54129962019886	173.0
188.55130021955284	171.0
188.5613008189068	169.0
188.57130141826076	167.0
188.58130201761472	167.0
188.59130261696868	167.0
188.60130321632263	169.0
188.6113038156766	171.0
188.62130441503055	173.0
188.6313050143845	173.0
188.64130561373847	175.0
188.65130621309243	175.0
188.66130681244638	173.0
188.67130741180034	173.0
188.6813080111543	175.0
188.69130861050826	179.0
188.70130920986222	185.0
188.71130980921617	192.0
188.72131040857013	190.0
188.7313110079241	185.0
188.74131160727805	177.0
188.751312206632	171.0
188.76131280598597	167.0
188.77131340533992	165.0
188.7813140046939	165.0
188.79131460404787	169.0
188.80131520340183	175.0
188.8113158027558	185.0
188.82131640210974	192.0
188.8313170014637	199.0
188.84131760081766	201.0
188.85131820017162	199.0
188.86131879952558	196.0
188.87131939887954	194.0
188.8813199982335	192.0
188.89132059758745	187.0
188.9013211969414	181.0
188.91132179629537	173.0
188.92132239564933	163.0
188.93132299500328	156.0
188.94132359435724	147.0
188.9513241937112	144.0
188.96132479306516	144.0
188.97132539241912	145.0
188.98132599177308	150.0
188.99132659112703	154.0
189.00132719048102	158.0
189.01132778983498	161.0
189.02132838918894	165.0
189.0313289885429	169.0
189.04132958789685	171.0
189.0513301872508	173.0
189.06133078660477	173.0
189.07133138595873	171.0
189.0813319853127	163.0
189.09133258466665	152.0
189.1013331840206	145.0
189.11133378337456	140.0
189.12133438272852	140.0
189.13133498208248	140.0
189.14133558143644	145.0
189.1513361807904	150.0
189.16133678014435	179.0
189.1713373794983	190.0
189.18133797885227	203.0
189.19133857820623	231.0
189.2013391775602	262.0
189.21133977691414	275.0
189.22134037626813	278.0
189.2313409756221	278.0
189.24134157497605	275.0
189.25134217433	262.0
189.26134277368396	248.0
189.27134337303792	236.0
189.28134397239188	147.0
189.29134457174584	149.0
189.3013451710998	150.0
189.31134577045376	152.0
189.3213463698077	154.0
189.33134696916167	159.0
189.34134756851563	165.0
189.3513481678696	173.0
189.36134876722355	177.0
189.3713493665775	177.0
189.38134996593146	173.0
189.39135056528542	171.0
189.40135116463938	169.0
189.41135176399334	171.0
189.4213523633473	173.0
189.43135296270125	185.0
189.4413535620552	190.0
189.4513541614092	144.0
189.46135476076316	140.0
189.47135536011712	139.0
189.48135595947107	139.0
189.49135655882503	139.0
189.501357158179	139.0
189.51135775753295	140.0
189.5213583568869	142.0
189.53135895624087	144.0
189.54135955559482	144.0
189.55136015494878	144.0
189.56136075430274	140.0
189.5713613536567	139.0
189.58136195301066	137.0
189.59136255236461	136.0
189.60136315171857	136.0
189.61136375107253	136.0
189.6213643504265	137.0
189.63136494978045	137.0
189.6413655491344	136.0
189.65136614848836	137.0
189.66136674784232	137.0
189.6713673471963	139.0
189.68136794655027	144.0
189.69136854590423	149.0
189.70136914525818	154.0
189.71136974461214	161.0
189.7213703439661	165.0
189.73137094332006	169.0
189.74137154267402	171.0
189.75137214202798	171.0
189.76137274138193	171.0
189.7713733407359	169.0
189.78137394008985	169.0
189.7913745394438	167.0
189.80137513879777	165.0
189.81137573815172	161.0
189.82137633750568	159.0
189.83137693685964	158.0
189.8413775362136	156.0
189.85137813556756	158.0
189.86137873492152	159.0
189.87137933427547	163.0
189.88137993362943	167.0
189.8913805329834	171.0
189.90138113233738	173.0
189.91138173169134	175.0
189.9213823310453	175.0
189.93138293039925	175.0
189.9413835297532	173.0
189.95138412910717	173.0
189.96138472846113	171.0
189.97138532781509	169.0
189.98138592716904	169.0
189.991386526523	167.0
190.00138712587696	167.0
190.01138772523092	167.0
190.02138832458488	169.0
190.03138892393883	169.0
190.0413895232928	171.0
190.05139012264675	173.0
190.0613907220007	177.0
190.07139132135467	179.0
190.08139192070863	179.0
190.09139252006258	177.0
190.10139311941654	173.0
190.1113937187705	0.0
190.1213943181245	171.0
190.13139491747845	171.0
190.1413955168324	171.0
190.15139611618636	169.0
190.16139671554032	167.0
190.17139731489428	167.0
190.18139791424824	165.0
190.1913985136022	163.0
190.20139911295615	165.0
190.2113997123101	167.0
190.22140031166407	171.0
190.23140091101803	175.0
190.241401510372	177.0
190.25140210972594	179.0
190.2614027090799	175.0
190.27140330843386	169.0
190.28140390778782	0.0
190.29140450714178	0.0
190.30140510649574	0.0
190.3114057058497	0.0
190.32140630520365	0.0
190.3314069045576	0.0
190.3414075039116	0.0
190.35140810326556	0.0
190.3614087026195	0.0
190.37140930197347	0.0
190.38140990132743	0.0
190.3914105006814	0.0
190.40141110003535	0.0
190.4114116993893	0.0
190.42141229874326	0.0
190.43141289809722	0.0
190.44141349745118	0.0
190.45141409680514	0.0
190.4614146961591	0.0
190.47141529551305	0.0
190.481415894867	0.0
190.49141649422097	0.0
190.50141709357493	0.0
190.5114176929289	0.0
190.52141829228285	0.0
190.5314188916368	0.0
190.54141949099076	0.0
190.55142009034472	0.0
190.56142068969868	0.0
190.57142128905267	0.0
190.58142188840662	118.0
190.59142248776058	119.0
190.60142308711454	121.0
190.6114236864685	122.0
190.62142428582246	122.0
190.63142488517641	121.0
190.64142548453037	0.0
190.65142608388433	0.0
190.6614266832383	0.0
190.67142728259225	0.0
190.6814278819462	0.0
190.69142848130016	0.0
190.70142908065412	0.0
190.71142968000808	0.0
190.72143027936204	0.0
190.731430878716	122.0
190.74143147806996	119.0
190.7514320774239	118.0
190.76143267677787	117.0
190.77143327613183	115.0
190.7814338754858	115.0
190.79143447483978	115.0
190.80143507419373	0.0
190.8114356735477	0.0
190.82143627290165	0.0
190.8314368722556	0.0
190.84143747160957	0.0
190.85143807096352	0.0
190.86143867031748	0.0
190.87143926967144	0.0
190.8814398690254	0.0
190.89144046837936	0.0
190.90144106773332	149.0
190.91144166708727	147.0
190.92144226644123	145.0
190.9314428657952	144.0
190.94144346514915	142.0
190.9514440645031	140.0
190.96144466385707	140.0
190.97144526321102	140.0
190.98144586256498	139.0
190.99144646191894	139.0
191.0014470612729	137.0
191.01144766062689	136.0
191.02144825998084	136.0
191.0314488593348	134.0
191.04144945868876	136.0
191.05145005804272	137.0
191.06145065739668	139.0
191.07145125675063	142.0
191.0814518561046	144.0
191.09145245545855	145.0
191.1014530548125	147.0
191.11145365416647	150.0
191.12145425352043	154.0
191.13145485287438	158.0
191.14145545222834	163.0
191.1514560515823	167.0
191.16145665093626	165.0
191.17145725029022	161.0
191.18145784964418	156.0
191.19145844899813	149.0
191.2014590483521	142.0
191.21145964770605	139.0
191.22146024706	137.0
191.23146084641397	140.0
191.24146144576795	149.0
191.2514620451219	156.0
191.26146264447587	159.0
191.27146324382983	165.0
191.2814638431838	167.0
191.29146444253774	171.0
191.3014650418917	175.0
191.31146564124566	179.0
191.32146624059962	181.0
191.33146683995358	183.0
191.34146743930754	183.0
191.3514680386615	181.0
191.36146863801545	179.0
191.3714692373694	179.0
191.38146983672337	177.0
191.39147043607733	175.0
191.40147103543129	175.0
191.41147163478524	173.0
191.4214722341392	171.0
191.43147283349316	169.0
191.44147343284712	169.0
191.45147403220108	167.0
191.46147463155506	167.0
191.47147523090902	165.0
191.48147583026298	167.0
191.49147642961694	167.0
191.5014770289709	169.0
191.51147762832485	173.0
191.5214782276788	175.0
191.53147882703277	181.0
191.54147942638673	183.0
191.5514800257407	183.0
191.56148062509465	181.0
191.5714812244486	177.0
191.58148182380256	0.0
191.59148242315652	0.0
191.60148302251048	173.0
191.61148362186444	173.0
191.6214842212184	173.0
191.63148482057235	171.0
191.6414854199263	169.0
191.65148601928027	167.0
191.66148661863423	165.0
191.6714872179882	163.0
191.68148781734217	163.0
191.69148841669613	163.0
191.7014890160501	167.0
191.71148961540405	171.0
191.721490214758	173.0
191.73149081411196	175.0
191.74149141346592	175.0
191.75149201281988	175.0
191.76149261217384	179.0
191.7714932115278	183.0
191.78149381088176	190.0
191.7914944102357	190.0
191.80149500958967	185.0
191.81149560894363	177.0
191.8214962082976	167.0
191.83149680765155	163.0
191.8414974070055	161.0
191.85149800635946	159.0
191.86149860571342	159.0
191.87149920506738	161.0
191.88149980442134	163.0
191.8915004037753	169.0
191.90150100312925	177.0
191.91150160248324	181.0
191.9215022018372	183.0
191.93150280119116	187.0
191.94150340054512	192.0
191.95150399989907	192.0
191.96150459925303	187.0
191.971505198607	177.0
191.98150579796095	163.0
191.9915063973149	159.0
192.00150699666887	156.0
192.01150759602282	159.0
192.02150819537678	163.0
192.03150879473074	169.0
192.0415093940847	179.0
192.05150999343866	192.0
192.06151059279262	0.0
192.07151119214657	281.0
192.08151179150053	275.0
192.0915123908545	0.0
192.10151299020845	0.0
192.1115135895624	0.0
192.12151418891636	0.0
192.13151478827035	0.0
192.1415153876243	0.0
192.15151598697827	323.0
192.16151658633223	316.0
192.17151718568618	305.0
192.18151778504014	288.0
192.1915183843941	278.0
192.20151898374806	199.0
192.21151958310202	199.0
192.22152018245598	201.0
192.23152078180993	206.0
192.2415213811639	210.0
192.25152198051785	213.0
192.2615225798718	213.0
192.27152317922577	213.0
192.28152377857973	213.0
192.29152437793368	213.0
192.30152497728764	213.0
192.3115255766416	215.0
192.32152617599556	213.0
192.33152677534952	208.0
192.34152737470347	199.0
192.35152797405746	183.0
192.36152857341142	175.0
192.37152917276538	165.0
192.38152977211934	159.0
192.3915303714733	159.0
192.40153097082725	163.0
192.4115315701812	169.0
192.42153216953517	175.0
192.43153276888913	181.0
192.44153336824309	185.0
192.45153396759704	190.0
192.461534566951	190.0
192.47153516630496	190.0
192.48153576565892	190.0
192.49153636501288	187.0
192.50153696436684	187.0
192.5115375637208	183.0
192.52153816307475	179.0
192.5315387624287	173.0
192.54153936178267	163.0
192.55153996113663	158.0
192.56154056049058	152.0
192.57154115984454	150.0
192.58154175919853	152.0
192.5915423585525	156.0
192.60154295790645	161.0
192.6115435572604	163.0
192.62154415661436	161.0
192.63154475596832	154.0
192.64154535532228	152.0
192.65154595467624	150.0
192.6615465540302	152.0
192.67154715338415	156.0
192.6815477527381	169.0
192.69154835209207	173.0
192.70154895144603	175.0
192.7115495508	175.0
192.72155015015394	175.0
192.7315507495079	173.0
192.74155134886186	171.0
192.75155194821582	169.0
192.76155254756978	169.0
192.77155314692374	167.0
192.7815537462777	167.0
192.79155434563165	167.0
192.80155494498564	169.0
192.8115555443396	171.0
192.82155614369356	173.0
192.8315567430475	175.0
192.84155734240147	175.0
192.85155794175543	177.0
192.8615585411094	177.0
192.87155914046335	177.0
192.8815597398173	179.0
192.89156033917126	181.0
192.90156093852522	183.0
192.91156153787918	183.0
192.92156213723314	183.0
192.9315627365871	183.0
192.94156333594105	181.0
192.951563935295	177.0
192.96156453464897	173.0
192.97156513400293	169.0
192.9815657333569	165.0
192.99156633271085	165.0
193.0015669320648	167.0
193.01156753141876	169.0
193.02156813077275	173.0
193.0315687301267	177.0
193.04156932948067	183.0
193.05156992883462	185.0
193.06157052818858	185.0
193.07157112754254	181.0
193.0815717268965	175.0
193.09157232625046	171.0
193.10157292560442	169.0
193.11157352495837	169.0
193.12157412431233	171.0
193.1315747236663	177.0
193.14157532302025	183.0
193.1515759223742	190.0
193.16157652172816	192.0
193.17157712108212	194.0
193.18157772043608	185.0
193.19157831979004	177.0
193.201578919144	177.0
193.21157951849796	179.0
193.22158011785191	208.0
193.23158071720587	208.0
193.24158131655983	208.0
193.25158191591382	208.0
193.26158251526778	210.0
193.27158311462173	215.0
193.2815837139757	223.0
193.29158431332965	248.0
193.3015849126836	259.0
193.31158551203757	281.0
193.32158611139153	301.0
193.33158671074548	327.0
193.34158731009944	346.0
193.3515879094534	354.0
193.36158850880736	358.0
193.37158910816132	354.0
193.38158970751527	346.0
193.39159030686923	331.0
193.4015909062232	301.0
193.41159150557715	253.0
193.4215921049311	234.0
193.43159270428507	226.0
193.44159330363902	226.0
193.45159390299298	228.0
193.46159450234694	234.0
193.47159510170093	242.0
193.48159570105489	248.0
193.49159630040884	259.0
193.5015968997628	272.0
193.51159749911676	284.0
193.52159809847072	298.0
193.53159869782468	358.0
193.54159929717864	358.0
193.5515998965326	350.0
193.56160049588655	338.0
193.5716010952405	323.0
193.58160169459447	316.0
193.59160229394843	308.0
193.60160289330238	305.0
193.61160349265634	291.0
193.6216040920103	215.0
193.63160469136426	213.0
193.64160529071822	213.0
193.65160589007218	213.0
193.66160648942613	213.0
193.6716070887801	215.0
193.68160768813405	215.0
193.69160828748804	218.0
193.701608886842	218.0
193.71160948619595	215.0
193.7216100855499	213.0
193.73161068490387	210.0
193.74161128425783	206.0
193.7516118836118	199.0
193.76161248296575	194.0
193.7716130823197	187.0
193.78161368167366	179.0
193.79161428102762	171.0
193.80161488038158	163.0
193.81161547973554	152.0
193.8216160790895	147.0
193.83161667844345	145.0
193.8416172777974	147.0
193.85161787715137	152.0
193.86161847650533	158.0
193.8716190758593	165.0
193.88161967521324	173.0
193.8916202745672	183.0
193.90162087392116	196.0
193.91162147327512	210.0
193.9216220726291	226.0
193.93162267198306	250.0
193.94162327133702	262.0
193.95162387069098	265.0
193.96162447004494	259.0
193.9716250693989	181.0
193.98162566875286	169.0
193.9916262681068	161.0
194.00162686746077	154.0
194.01162746681473	150.0
194.0216280661687	152.0
194.03162866552265	154.0
194.0416292648766	159.0
194.05162986423056	167.0
194.06163046358452	173.0
194.07163106293848	175.0
194.08163166229244	175.0
194.0916322616464	173.0
194.10163286100035	171.0
194.1116334603543	169.0
194.12163405970827	171.0
194.13163465906223	181.0
194.14163525841622	192.0
194.15163585777017	196.0
194.16163645712413	194.0
194.1716370564781	190.0
194.18163765583205	183.0
194.191638255186	175.0
194.20163885453996	171.0
194.21163945389392	163.0
194.22164005324788	158.0
194.23164065260184	154.0
194.2416412519558	150.0
194.25164185130976	149.0
194.26164245066371	149.0
194.27164305001767	149.0
194.28164364937163	152.0
194.2916442487256	154.0
194.30164484807955	158.0
194.3116454474335	163.0
194.32164604678746	171.0
194.33164664614142	185.0
194.34164724549538	192.0
194.35164784484934	201.0
194.3616484442033	210.0
194.37164904355728	215.0
194.38164964291124	218.0
194.3916502422652	218.0
194.40165084161916	213.0
194.41165144097312	210.0
194.42165204032707	208.0
194.43165263968103	203.0
194.441653239035	201.0
194.45165383838895	196.0
194.4616544377429	192.0
194.47165503709687	187.0
194.48165563645082	183.0
194.49165623580478	179.0
194.50165683515874	177.0
194.5116574345127	175.0
194.52165803386666	173.0
194.53165863322062	171.0
194.54165923257457	171.0
194.55165983192853	171.0
194.5616604312825	171.0
194.57166103063645	171.0
194.5816616299904	173.0
194.5916622293444	173.0
194.60166282869835	173.0
194.6116634280523	175.0
194.62166402740627	175.0
194.63166462676023	175.0
194.64166522611418	173.0
194.65166582546814	171.0
194.6616664248221	169.0
194.67166702417606	167.0
194.68166762353002	165.0
194.69166822288398	163.0
194.70166882223793	163.0
194.7116694215919	163.0
194.72167002094585	165.0
194.7316706202998	167.0
194.74167121965377	169.0
194.75167181900773	171.0
194.76167241836168	171.0
194.77167301771564	173.0
194.7816736170696	173.0
194.79167421642356	173.0
194.80167481577752	175.0
194.8116754151315	177.0
194.82167601448546	181.0
194.83167661383942	187.0
194.84167721319338	194.0
194.85167781254734	194.0
194.8616784119013	194.0
194.87167901125525	190.0
194.8816796106092	183.0
194.89168020996317	181.0
194.90168080931713	177.0
194.9116814086711	175.0
194.92168200802504	173.0
194.931682607379	173.0
194.94168320673296	173.0
194.95168380608692	173.0
194.96168440544088	175.0
194.97168500479484	175.0
194.9816856041488	177.0
194.99168620350275	177.0
195.0016868028567	179.0
195.01168740221067	181.0
195.02168800156463	185.0
195.03168860091859	187.0
195.04168920027257	192.0
195.05168979962653	192.0
195.0616903989805	190.0
195.07169099833445	185.0
195.0816915976884	181.0
195.09169219704236	177.0
195.10169279639632	175.0
195.11169339575028	171.0
195.12169399510424	169.0
195.1316945944582	165.0
195.14169519381215	163.0
195.1516957931661	0.0
195.16169639252007	0.0
195.17169699187403	0.0
195.181697591228	0.0
195.19169819058195	0.0
195.2016987899359	0.0
195.21169938928986	0.0
195.22169998864382	0.0
195.23170058799778	0.0
195.24170118735174	0.0
195.2517017867057	0.0
195.26170238605968	0.0
195.27170298541364	0.0
195.2817035847676	0.0
195.29170418412156	0.0
195.30170478347551	0.0
195.31170538282947	0.0
195.32170598218343	0.0
195.3317065815374	0.0
195.34170718089135	0.0
195.3517077802453	0.0
195.36170837959926	0.0
195.37170897895322	0.0
195.38170957830718	0.0
195.39171017766114	0.0
195.4017107770151	0.0
195.41171137636906	0.0
195.421711975723	0.0
195.43171257507697	0.0
195.44171317443093	0.0
195.4517137737849	0.0
195.46171437313885	0.0
195.4717149724928	0.0
195.4817155718468	0.0
195.49171617120075	0.0
195.5017167705547	0.0
195.51171736990867	0.0
195.52171796926262	0.0
195.53171856861658	0.0
195.54171916797054	0.0
195.5517197673245	0.0
195.56172036667846	0.0
195.57172096603242	0.0
195.58172156538637	231.0
195.59172216474033	226.0
195.6017227640943	220.0
195.61172336344825	218.0
195.6217239628022	215.0
195.63172456215617	215.0
195.64172516151012	213.0
195.65172576086408	213.0
195.66172636021804	210.0
195.671726959572	210.0
195.68172755892596	208.0
195.69172815827991	206.0
195.70172875763387	203.0
195.71172935698786	201.0
195.72172995634182	201.0
195.73173055569578	201.0
195.74173115504973	201.0
195.7517317544037	203.0
195.76173235375765	203.0
195.7717329531116	203.0
195.78173355246557	203.0
195.79173415181953	203.0
195.80173475117348	201.0
195.81173535052744	199.0
195.8217359498814	194.0
195.83173654923536	190.0
195.84173714858932	183.0
195.85173774794328	159.0
195.86173834729723	156.0
195.8717389466512	145.0
195.88173954600515	145.0
195.8917401453591	145.0
195.90174074471307	147.0
195.91174134406702	150.0
195.92174194342098	156.0
195.93174254277497	161.0
195.94174314212893	169.0
195.9517437414829	181.0
195.96174434083684	192.0
195.9717449401908	203.0
195.98174553954476	213.0
195.99174613889872	220.0
196.00174673825268	226.0
196.01174733760664	228.0
196.0217479369606	226.0
196.03174853631455	218.0
196.0417491356685	213.0
196.05174973502247	206.0
196.06175033437643	201.0
196.07175093373039	194.0
196.08175153308434	187.0
196.0917521324383	183.0
196.10175273179226	181.0
196.11175333114622	177.0
196.12175393050018	175.0
196.13175452985413	175.0
196.1417551292081	175.0
196.15175572856208	175.0
196.16175632791604	175.0
196.17175692727	175.0
196.18175752662395	175.0
196.1917581259779	173.0
196.20175872533187	173.0
196.21175932468583	171.0
196.2217599240398	169.0
196.23176052339375	165.0
196.2417611227477	161.0
196.25176172210166	159.0
196.26176232145562	158.0
196.27176292080958	158.0
196.28176352016354	159.0
196.2917641195175	163.0
196.30176471887145	171.0
196.3117653182254	177.0
196.32176591757937	185.0
196.33176651693333	194.0
196.3417671162873	201.0
196.35176771564124	208.0
196.3617683149952	213.0
196.37176891434916	215.0
196.38176951370315	213.0
196.3917701130571	210.0
196.40177071241106	206.0
196.41177131176502	201.0
196.42177191111898	196.0
196.43177251047294	190.0
196.4417731098269	183.0
196.45177370918086	177.0
196.4617743085348	173.0
196.47177490788877	171.0
196.48177550724273	169.0
196.4917761065967	167.0
196.50177670595065	167.0
196.5117773053046	167.0
196.52177790465856	169.0
196.53177850401252	169.0
196.54177910336648	169.0
196.55177970272044	171.0
196.5617803020744	171.0
196.57178090142835	173.0
196.5817815007823	173.0
196.59178210013627	175.0
196.60178269949026	175.0
196.61178329884422	175.0
196.62178389819817	173.0
196.63178449755213	173.0
196.6417850969061	171.0
196.65178569626005	171.0
196.661786295614	171.0
196.67178689496797	171.0
196.68178749432192	173.0
196.69178809367588	175.0
196.70178869302984	179.0
196.7117892923838	183.0
196.72178989173776	190.0
196.73179049109172	194.0
196.74179109044567	199.0
196.75179168979963	201.0
196.7617922891536	203.0
196.77179288850755	206.0
196.7817934878615	206.0
196.79179408721546	206.0
196.80179468656942	203.0
196.81179528592338	201.0
196.82179588527737	196.0
196.83179648463133	192.0
196.84179708398528	185.0
196.85179768333924	179.0
196.8617982826932	173.0
196.87179888204716	167.0
196.88179948140112	161.0
196.89180008075508	156.0
196.90180068010903	150.0
196.911801279463	147.0
196.92180187881695	147.0
196.9318024781709	147.0
196.94180307752487	149.0
196.95180367687882	150.0
196.96180427623278	152.0
196.97180487558674	158.0
196.9818054749407	161.0
196.99180607429466	161.0
197.00180667364862	161.0
197.01180727300257	159.0
197.02180787235653	158.0
197.0318084717105	158.0
197.04180907106445	159.0
197.05180967041844	161.0
197.0618102697724	163.0
197.07181086912635	161.0
197.0818114684803	161.0
197.09181206783427	158.0
197.10181266718823	156.0
197.11181326654219	154.0
197.12181386589614	152.0
197.1318144652501	150.0
197.14181506460406	150.0
197.15181566395802	150.0
197.16181626331198	150.0
197.17181686266593	150.0
197.1818174620199	152.0
197.19181806137385	156.0
197.2018186607278	158.0
197.21181926008177	161.0
197.22181985943573	163.0
197.23182045878968	171.0
197.24182105814364	177.0
197.2518216574976	181.0
197.26182225685156	181.0
197.27182285620555	179.0
197.2818234555595	175.0
197.29182405491346	169.0
197.30182465426742	165.0
197.31182525362138	159.0
197.32182585297534	156.0
197.3318264523293	156.0
197.34182705168325	156.0
197.3518276510372	156.0
197.36182825039117	158.0
197.37182884974513	158.0
197.3818294490991	158.0
197.39183004845304	159.0
197.401830647807	161.0
197.41183124716096	167.0
197.42183184651492	173.0
197.43183244586888	185.0
197.44183304522284	196.0
197.4518336445768	206.0
197.46183424393075	210.0
197.4718348432847	210.0
197.48183544263867	206.0
197.49183604199266	199.0
197.5018366413466	194.0
197.51183724070057	187.0
197.52183784005453	183.0
197.5318384394085	179.0
197.54183903876245	177.0
197.5518396381164	173.0
197.56184023747036	173.0
197.57184083682432	173.0
197.58184143617828	173.0
197.59184203553224	173.0
197.6018426348862	175.0
197.61184323424015	175.0
197.6218438335941	175.0
197.63184443294807	175.0
197.64184503230203	175.0
197.651845631656	173.0
197.66184623100995	171.0
197.6718468303639	169.0
197.68184742971786	169.0
197.69184802907182	169.0
197.70184862842578	169.0
197.71184922777974	173.0
197.72184982713372	179.0
197.73185042648768	190.0
197.74185102584164	201.0
197.7518516251956	218.0
197.76185222454956	228.0
197.77185282390352	239.0
197.78185342325747	248.0
197.79185402261143	253.0
197.8018546219654	253.0
197.81185522131935	245.0
197.8218558206733	218.0
197.83185642002726	213.0
197.84185701938122	208.0
197.85185761873518	208.0
197.86185821808914	208.0
197.8718588174431	208.0
197.88185941679706	208.0
197.891860016151	208.0
197.90186061550497	208.0
197.91186121485893	208.0
197.9218618142129	208.0
197.93186241356685	208.0
197.94186301292083	206.0
197.9518636122748	206.0
197.96186421162875	206.0
197.9718648109827	203.0
197.98186541033667	203.0
197.99186600969063	206.0
198.00186660904458	206.0
198.01186720839854	206.0
198.0218678077525	206.0
198.03186840710646	206.0
198.04186900646042	206.0
198.05186960581437	206.0
198.06187020516833	206.0
198.0718708045223	206.0
198.08187140387625	206.0
198.0918720032302	208.0
198.10187260258417	208.0
198.11187320193812	210.0
198.12187380129208	210.0
198.13187440064604	210.0
198.141875	210.0
198.15187559935396	210.0
198.16187619870792	210.0
198.1718767980619	210.0
198.18187739741586	210.0
198.19187799676982	210.0
198.20187859612378	208.0
198.21187919547774	206.0
198.2218797948317	201.0
198.23188039418565	196.0
198.2418809935396	190.0
198.25188159289357	181.0
198.26188219224753	173.0
198.27188279160148	167.0
198.28188339095544	163.0
198.2918839903094	161.0
198.30188458966336	161.0
198.31188518901732	161.0
198.32188578837128	159.0
198.33188638772523	159.0
198.3418869870792	156.0
198.35188758643315	0.0
198.3618881857871	0.0
198.37188878514107	0.0
198.38188938449503	0.0
198.391889983849	0.0
198.40189058320297	0.0
198.41189118255693	0.0
198.4218917819109	0.0
198.43189238126484	0.0
198.4418929806188	0.0
198.45189357997276	0.0
198.46189417932672	0.0
198.47189477868068	0.0
198.48189537803464	0.0
198.4918959773886	262.0
198.50189657674255	265.0
198.5118971760965	259.0
198.52189777545047	0.0
198.53189837480443	0.0
198.54189897415839	0.0
198.55189957351234	0.0
198.5619001728663	0.0
198.57190077222026	0.0
198.58190137157422	0.0
198.59190197092818	0.0
198.60190257028214	0.0
198.61190316963612	0.0
198.62190376899008	0.0
198.63190436834404	0.0
198.641904967698	0.0
198.65190556705195	0.0
198.6619061664059	0.0
198.67190676575987	0.0
198.68190736511383	0.0
198.6919079644678	0.0
198.70190856382175	0.0
198.7119091631757	0.0
198.72190976252966	0.0
198.73191036188362	0.0
198.74191096123758	0.0
198.75191156059154	0.0
198.7619121599455	0.0
198.77191275929945	0.0
198.7819133586534	0.0
198.79191395800737	0.0
198.80191455736133	0.0
198.8119151567153	0.0
198.82191575606925	0.0
198.8319163554232	0.0
198.8419169547772	0.0
198.85191755413115	0.0
198.8619181534851	218.0
198.87191875283906	220.0
198.88191935219302	0.0
198.89191995154698	0.0
198.90192055090094	0.0
198.9119211502549	0.0
198.92192174960886	0.0
198.93192234896281	0.0
198.94192294831677	0.0
198.95192354767073	0.0
198.9619241470247	0.0
198.97192474637865	0.0
198.9819253457326	0.0
198.99192594508656	0.0
199.00192654444052	0.0
199.01192714379448	0.0
199.02192774314844	0.0
199.0319283425024	0.0
199.04192894185636	0.0
199.0519295412103	0.0
199.0619301405643	0.0
199.07193073991826	0.0
199.08193133927222	0.0
199.09193193862617	0.0
199.10193253798013	0.0
199.1119331373341	0.0
199.12193373668805	0.0
199.131934336042	0.0
199.14193493539597	0.0
199.15193553474992	0.0
199.16193613410388	0.0
199.17193673345784	0.0
199.1819373328118	0.0
199.19193793216576	0.0
199.20193853151972	0.0
199.21193913087367	0.0
199.22193973022763	0.0
199.2319403295816	0.0
199.24194092893555	0.0
199.2519415282895	0.0
199.26194212764347	0.0
199.27194272699742	0.0
199.2819433263514	0.0
199.29194392570537	0.0
199.30194452505933	0.0
199.31194512441328	0.0
199.32194572376724	0.0
199.3319463231212	0.0
199.34194692247516	0.0
199.35194752182912	0.0
199.36194812118308	0.0
199.37194872053703	0.0
199.381949319891	0.0
199.39194991924495	0.0
199.4019505185989	0.0
199.41195111795287	0.0
199.42195171730683	0.0
199.43195231666078	0.0
199.44195291601474	0.0
199.4519535153687	0.0
199.46195411472266	0.0
199.47195471407662	0.0
199.48195531343057	0.0
199.49195591278453	0.0
199.5019565121385	0.0
199.51195711149248	0.0
199.52195771084644	0.0
199.5319583102004	0.0
199.54195890955435	0.0
199.5519595089083	0.0
199.56196010826227	0.0
199.57196070761623	0.0
199.5819613069702	0.0
199.59196190632414	0.0
199.6019625056781	0.0
199.61196310503206	0.0
199.62196370438602	0.0
199.63196430373998	0.0
199.64196490309394	0.0
199.6519655024479	0.0
199.66196610180185	0.0
199.6719667011558	0.0
199.68196730050977	0.0
199.69196789986373	0.0
199.70196849921768	0.0
199.71196909857164	0.0
199.7219696979256	0.0
199.7319702972796	0.0
199.74197089663355	0.0
199.7519714959875	0.0
199.76197209534146	0.0
199.77197269469542	0.0
199.78197329404938	0.0
199.79197389340334	0.0
199.8019744927573	0.0
199.81197509211125	0.0
199.8219756914652	0.0
199.83197629081917	0.0
199.84197689017313	0.0
199.8519774895271	0.0
199.86197808888105	0.0
199.871978688235	0.0
199.88197928758896	0.0
199.89197988694292	0.0
199.90198048629688	0.0
199.91198108565084	0.0
199.9219816850048	0.0
199.93198228435875	0.0
199.9419828837127	0.0
199.9519834830667	0.0
199.96198408242066	0.0
199.97198468177461	0.0
199.98198528112857	0.0
199.99198588048253	0.0
200.0019864798365	0.0
200.01198707919045	0.0
200.0219876785444	0.0
200.03198827789836	0.0
200.04198887725232	0.0
200.05198947660628	0.0
200.06199007596024	0.0
200.0719906753142	0.0
200.08199127466816	0.0
200.0919918740221	0.0
200.10199247337607	0.0
200.11199307273003	0.0
200.121993672084	0.0
200.13199427143795	0.0
200.1419948707919	0.0
200.15199547014586	0.0
200.16199606949982	208.0
200.17199666885378	208.0
200.18199726820777	206.0
200.19199786756172	203.0
200.20199846691568	0.0
200.21199906626964	0.0
200.2219996656236	0.0
200.23200026497756	175.0
200.24200086433152	169.0
200.25200146368547	167.0
200.26200206303943	163.0
200.2720026623934	161.0
200.28200326174735	159.0
200.2920038611013	159.0
200.30200446045527	161.0
200.31200505980922	163.0
200.32200565916318	165.0
200.33200625851714	169.0
200.3420068578711	173.0
200.35200745722506	179.0
200.36200805657901	181.0
200.37200865593297	183.0
200.38200925528693	185.0
200.3920098546409	185.0
200.40201045399488	187.0
200.41201105334883	190.0
200.4220116527028	194.0
200.43201225205675	199.0
200.4420128514107	203.0
200.45201345076467	208.0
200.46201405011863	208.0
200.47201464947258	206.0
200.48201524882654	203.0
200.4920158481805	199.0
200.50201644753446	196.0
200.51201704688842	190.0
200.52201764624238	185.0
200.53201824559633	181.0
200.5420188449503	177.0
200.55201944430425	175.0
200.5620200436582	171.0
200.57202064301217	171.0
200.58202124236612	169.0
200.59202184172008	171.0
200.60202244107404	173.0
200.612023040428	173.0
200.622023639782	175.0
200.63202423913594	177.0
200.6420248384899	177.0
200.65202543784386	177.0
200.66202603719782	175.0
200.67202663655178	175.0
200.68202723590574	175.0
200.6920278352597	173.0
200.70202843461365	173.0
200.7120290339676	171.0
200.72202963332157	173.0
200.73203023267553	173.0
200.74203083202949	179.0
200.75203143138344	185.0
200.7620320307374	201.0
200.77203263009136	215.0
200.78203322944532	231.0
200.79203382879928	248.0
200.80203442815323	262.0
200.8120350275072	272.0
200.82203562686115	288.0
200.8320362262151	301.0
200.84203682556907	327.0
200.85203742492305	331.0
200.862038024277	327.0
200.87203862363097	316.0
200.88203922298493	294.0
200.8920398223389	281.0
200.90204042169285	265.0
200.9120410210468	259.0
200.92204162040076	250.0
200.93204221975472	245.0
200.94204281910868	239.0
200.95204341846264	234.0
200.9620440178166	231.0
200.97204461717055	231.0
200.9820452165245	231.0
200.99204581587847	231.0
201.00204641523243	231.0
201.0120470145864	234.0
201.02204761394034	234.0
201.0320482132943	234.0
201.04204881264826	234.0
201.05204941200222	234.0
201.06205001135618	234.0
201.07205061071016	231.0
201.08205121006412	228.0
201.09205180941808	226.0
201.10205240877204	226.0
201.112053008126	226.0
201.12205360747996	231.0
201.1320542068339	236.0
201.14205480618787	242.0
201.15205540554183	248.0
201.1620560048958	256.0
201.17205660424975	265.0
201.1820572036037	272.0
201.19205780295766	278.0
201.20205840231162	281.0
201.21205900166558	281.0
201.22205960101954	275.0
201.2320602003735	265.0
201.24206079972745	259.0
201.2520613990814	253.0
201.26206199843537	248.0
201.27206259778933	242.0
201.2820631971433	236.0
201.29206379649727	234.0
201.30206439585123	231.0
201.3120649952052	228.0
201.32206559455915	228.0
201.3320661939131	231.0
201.34206679326707	231.0
201.35206739262102	231.0
201.36206799197498	231.0
201.37206859132894	234.0
201.3820691906829	234.0
201.39206979003686	234.0
201.40207038939081	236.0
201.41207098874477	236.0
201.42207158809873	236.0
201.4320721874527	239.0
201.44207278680665	242.0
201.4520733861606	248.0
201.46207398551456	253.0
201.47207458486852	259.0
201.48207518422248	265.0
201.49207578357644	272.0
201.5020763829304	278.0
201.51207698228436	284.0
201.52207758163834	294.0
201.5320781809923	308.0
201.54207878034626	331.0
201.55207937970022	334.0
201.56207997905418	331.0
201.57208057840813	316.0
201.5820811777621	298.0
201.59208177711605	262.0
201.60208237647	248.0
201.61208297582397	236.0
201.62208357517792	228.0
201.63208417453188	218.0
201.64208477388584	213.0
201.6520853732398	210.0
201.66208597259376	210.0
201.67208657194772	210.0
201.68208717130167	210.0
201.69208777065563	210.0
201.7020883700096	210.0
201.71208896936355	0.0
201.7220895687175	0.0
201.73209016807147	0.0
201.74209076742545	0.0
201.7520913667794	0.0
201.76209196613337	0.0
201.77209256548733	0.0
201.78209316484129	0.0
201.79209376419524	0.0
201.8020943635492	0.0
201.81209496290316	0.0
201.82209556225712	208.0
201.83209616161108	208.0
201.84209676096503	208.0
201.852097360319	208.0
201.86209795967295	208.0
201.8720985590269	208.0
201.88209915838087	208.0
201.89209975773483	208.0
201.90210035708878	208.0
201.91210095644274	208.0
201.9221015557967	210.0
201.93210215515066	210.0
201.94210275450462	210.0
201.95210335385858	208.0
201.96210395321253	203.0
201.97210455256652	0.0
201.98210515192048	0.0
201.99210575127444	0.0
202.0021063506284	0.0
202.01210694998235	0.0
202.0221075493363	0.0
202.03210814869027	0.0
202.04210874804423	0.0
202.0521093473982	0.0
202.06210994675214	0.0
202.0721105461061	0.0
202.08211114546006	0.0
202.09211174481402	0.0
202.10211234416798	0.0
202.11211294352194	0.0
202.1221135428759	0.0
202.13211414222985	0.0
202.1421147415838	0.0
202.15211534093777	0.0
202.16211594029173	0.0
202.17211653964569	0.0
202.18211713899964	0.0
202.19211773835363	0.0
202.2021183377076	0.0
202.21211893706155	0.0
202.2221195364155	0.0
202.23212013576946	0.0
202.24212073512342	0.0
202.25212133447738	0.0
202.26212193383134	0.0
202.2721225331853	0.0
202.28212313253925	0.0
202.2921237318932	201.0
202.30212433124717	199.0
202.31212493060113	199.0
202.3221255299551	199.0
202.33212612930905	201.0
202.342126728663	201.0
202.35212732801696	201.0
202.36212792737092	203.0
202.37212852672488	203.0
202.38212912607884	206.0
202.3921297254328	206.0
202.40213032478675	208.0
202.41213092414074	208.0
202.4221315234947	210.0
202.43213212284866	213.0
202.44213272220262	215.0
202.45213332155657	215.0
202.46213392091053	215.0
202.4721345202645	215.0
202.48213511961845	213.0
202.4921357189724	210.0
202.50213631832636	208.0
202.51213691768032	203.0
202.52213751703428	199.0
202.53213811638824	194.0
202.5421387157422	190.0
202.55213931509616	183.0
202.5621399144501	175.0
202.57214051380407	169.0
202.58214111315803	159.0
202.592141712512	154.0
202.60214231186595	149.0
202.6121429112199	145.0
202.62214351057386	145.0
202.63214410992782	147.0
202.6421447092818	149.0
202.65214530863577	154.0
202.66214590798972	161.0
202.67214650734368	169.0
202.68214710669764	181.0
202.6921477060516	192.0
202.70214830540556	201.0
202.71214890475952	208.0
202.72214950411347	210.0
202.73215010346743	213.0
202.7421507028214	213.0
202.75215130217535	210.0
202.7621519015293	208.0
202.77215250088327	203.0
202.78215310023722	199.0
202.79215369959118	192.0
202.80215429894514	185.0
202.8121548982991	179.0
202.82215549765306	177.0
202.83215609700702	175.0
202.84215669636097	173.0
202.85215729571493	171.0
202.86215789506892	171.0
202.87215849442288	171.0
202.88215909377683	171.0
202.8921596931308	173.0
202.90216029248475	175.0
202.9121608918387	175.0
202.92216149119267	177.0
202.93216209054663	177.0
202.94216268990058	177.0
202.95216328925454	177.0
202.9621638886085	177.0
202.97216448796246	179.0
202.98216508731642	183.0
202.99216568667038	187.0
203.00216628602433	192.0
203.0121668853783	196.0
203.02216748473225	206.0
203.0321680840862	223.0
203.04216868344017	236.0
203.05216928279413	256.0
203.06216988214808	278.0
203.07217048150204	294.0
203.08217108085603	312.0
203.09217168021	323.0
203.10217227956394	323.0
203.1121728789179	323.0
203.12217347827186	319.0
203.13217407762582	312.0
203.14217467697978	301.0
203.15217527633374	284.0
203.1621758756877	268.0
203.17217647504165	259.0
203.1821770743956	253.0
203.19217767374957	248.0
203.20217827310353	245.0
203.21217887245749	242.0
203.22217947181144	239.0
203.2321800711654	239.0
203.24218067051936	239.0
203.25218126987332	239.0
203.26218186922728	239.0
203.27218246858124	239.0
203.2821830679352	239.0
203.29218366728915	236.0
203.3021842666431	234.0
203.3121848659971	234.0
203.32218546535105	231.0
203.332186064705	231.0
203.34218666405897	231.0
203.35218726341293	231.0
203.3621878627669	231.0
203.37218846212085	234.0
203.3821890614748	236.0
203.39218966082876	239.0
203.40219026018272	245.0
203.41219085953668	253.0
203.42219145889064	265.0
203.4321920582446	275.0
203.44219265759855	284.0
203.4521932569525	291.0
203.46219385630647	298.0
203.47219445566043	298.0
203.4821950550144	294.0
203.49219565436835	281.0
203.5021962537223	245.0
203.51219685307626	226.0
203.52219745243022	218.0
203.5321980517842	213.0
203.54219865113816	213.0
203.55219925049212	210.0
203.56219984984608	210.0
203.57220044920004	210.0
203.582201048554	210.0
203.59220164790796	210.0
203.6022022472619	210.0
203.61220284661587	213.0
203.62220344596983	213.0
203.6322040453238	213.0
203.64220464467775	213.0
203.6522052440317	210.0
203.66220584338566	210.0
203.67220644273962	208.0
203.68220704209358	206.0
203.69220764144754	203.0
203.7022082408015	196.0
203.71220884015545	185.0
203.7222094395094	177.0
203.73221003886337	175.0
203.74221063821733	173.0
203.75221123757132	0.0
203.76221183692527	0.0
203.77221243627923	0.0
203.7822130356332	0.0
203.79221363498715	208.0
203.8022142343411	208.0
203.81221483369507	206.0
203.82221543304902	206.0
203.83221603240298	203.0
203.84221663175694	203.0
203.8522172311109	206.0
203.86221783046486	206.0
203.87221842981882	206.0
203.88221902917277	206.0
203.89221962852673	208.0
203.9022202278807	208.0
203.91222082723465	208.0
203.9222214265886	208.0
203.93222202594256	208.0
203.94222262529652	208.0
203.95222322465048	208.0
203.96222382400444	208.0
203.9722244233584	208.0
203.98222502271238	208.0
203.99222562206634	208.0
204.0022262214203	208.0
204.01222682077426	208.0
204.02222742012822	208.0
204.03222801948218	206.0
204.04222861883613	203.0
204.0522292181901	201.0
204.06222981754405	196.0
204.072230416898	190.0
204.08223101625197	181.0
204.09223161560593	173.0
204.10223221495988	163.0
204.11223281431384	158.0
204.1222334136678	154.0
204.13223401302176	152.0
204.14223461237572	152.0
204.15223521172967	154.0
204.16223581108363	158.0
204.1722364104376	161.0
204.18223700979155	169.0
204.1922376091455	177.0
204.2022382084995	187.0
204.21223880785345	199.0
204.2222394072074	208.0
204.23224000656137	215.0
204.24224060591533	220.0
204.25224120526929	223.0
204.26224180462324	220.0
204.2722424039772	218.0
204.28224300333116	213.0
204.29224360268512	208.0
204.30224420203908	203.0
204.31224480139304	199.0
204.322245400747	192.0
204.33224600010095	187.0
204.3422465994549	183.0
204.35224719880887	179.0
204.36224779816283	177.0
204.37224839751678	173.0
204.38224899687074	173.0
204.3922495962247	171.0
204.40225019557866	169.0
204.41225079493262	169.0
204.4222513942866	167.0
204.43225199364056	167.0
204.44225259299452	163.0
204.45225319234848	161.0
204.46225379170244	159.0
204.4722543910564	161.0
204.48225499041035	163.0
204.4922555897643	167.0
204.50225618911827	171.0
204.51225678847223	177.0
204.5222573878262	181.0
204.53225798718015	185.0
204.5422585865341	192.0
204.55225918588806	199.0
204.56225978524202	206.0
204.57226038459598	215.0
204.58226098394994	223.0
204.5922615833039	231.0
204.60226218265785	236.0
204.6122627820118	236.0
204.62226338136577	231.0
204.63226398071973	218.0
204.6422645800737	206.0
204.65226517942767	201.0
204.66226577878163	194.0
204.6722663781356	190.0
204.68226697748955	183.0
204.6922675768435	179.0
204.70226817619746	175.0
204.71226877555142	171.0
204.72226937490538	169.0
204.73226997425934	167.0
204.7422705736133	165.0
204.75227117296726	165.0
204.7622717723212	163.0
204.77227237167517	163.0
204.78227297102913	163.0
204.7922735703831	165.0
204.80227416973705	167.0
204.812274769091	169.0
204.82227536844496	171.0
204.83227596779892	173.0
204.84227656715288	175.0
204.85227716650684	175.0
204.8622777658608	177.0
204.87227836521478	179.0
204.88227896456874	181.0
204.8922795639227	183.0
204.90228016327666	187.0
204.91228076263062	190.0
204.92228136198457	192.0
204.93228196133853	194.0
204.9422825606925	199.0
204.95228316004645	201.0
204.9622837594004	201.0
204.97228435875437	201.0
204.98228495810832	196.0
204.99228555746228	192.0
205.00228615681624	185.0
205.0122867561702	181.0
205.02228735552416	171.0
205.03228795487811	163.0
205.04228855423207	156.0
205.05228915358603	152.0
205.06228975294	149.0
205.07229035229395	149.0
205.0822909516479	149.0
205.0922915510019	150.0
205.10229215035585	152.0
205.1122927497098	154.0
205.12229334906377	158.0
205.13229394841773	159.0
205.14229454777168	163.0
205.15229514712564	165.0
205.1622957464796	167.0
205.17229634583356	169.0
205.18229694518752	173.0
205.19229754454147	177.0
205.20229814389543	183.0
205.2122987432494	190.0
205.22229934260335	196.0
205.2322999419573	201.0
205.24230054131127	201.0
205.25230114066522	201.0
205.26230174001918	194.0
205.27230233937314	187.0
205.2823029387271	179.0
205.29230353808106	167.0
205.30230413743502	150.0
205.31230473678897	144.0
205.32230533614296	137.0
205.33230593549692	134.0
205.34230653485088	132.0
205.35230713420484	131.0
205.3623077335588	132.0
205.37230833291275	132.0
205.3823089322667	134.0
205.39230953162067	137.0
205.40231013097463	139.0
205.41231073032858	140.0
205.42231132968254	142.0
205.4323119290365	144.0
205.44231252839046	142.0
205.45231312774442	142.0
205.46231372709838	140.0
205.47231432645233	137.0
205.4823149258063	137.0
205.49231552516025	136.0
205.5023161245142	136.0
205.51231672386817	136.0
205.52231732322213	136.0
205.53231792257608	137.0
205.54231852193007	137.0
205.55231912128403	139.0
205.562319720638	140.0
205.57232031999195	140.0
205.5823209193459	140.0
205.59232151869986	139.0
205.60232211805382	137.0
205.61232271740778	136.0
205.62232331676174	134.0
205.6323239161157	132.0
205.64232451546965	132.0
205.6523251148236	134.0
205.66232571417757	134.0
205.67232631353153	137.0
205.6823269128855	140.0
205.69232751223944	145.0
205.7023281115934	152.0
205.71232871094736	161.0
205.72232931030132	171.0
205.73232990965528	177.0
205.74233050900924	183.0
205.7523311083632	185.0
205.76233170771718	185.0
205.77233230707114	183.0
205.7823329064251	0.0
205.79233350577906	0.0
205.802334105133	0.0
205.81233470448697	0.0
205.82233530384093	0.0
205.8323359031949	0.0
205.84233650254885	0.0
205.8523371019028	0.0
205.86233770125676	0.0
205.87233830061072	0.0
205.88233889996468	0.0
205.89233949931864	0.0
205.9023400986726	0.0
205.91234069802655	0.0
205.9223412973805	0.0
205.93234189673447	0.0
205.94234249608843	0.0
205.9523430954424	0.0
205.96234369479635	0.0
205.9723442941503	0.0
205.98234489350426	0.0
205.99234549285825	0.0
206.0023460922122	0.0
206.01234669156617	0.0
206.02234729092012	0.0
206.03234789027408	0.0
206.04234848962804	0.0
206.052349088982	0.0
206.06234968833596	0.0
206.07235028768991	0.0
206.08235088704387	0.0
206.09235148639783	284.0
206.1023520857518	278.0
206.11235268510575	0.0
206.1223532844597	220.0
206.13235388381366	215.0
206.14235448316762	213.0
206.15235508252158	213.0
206.16235568187554	213.0
206.1723562812295	213.0
206.18235688058346	213.0
206.1923574799374	213.0
206.20235807929137	213.0
206.21235867864536	210.0
206.22235927799932	210.0
206.23235987735328	210.0
206.24236047670723	210.0
206.2523610760612	210.0
206.26236167541515	210.0
206.2723622747691	210.0
206.28236287412307	210.0
206.29236347347702	210.0
206.30236407283098	210.0
206.31236467218494	210.0
206.3223652715389	210.0
206.33236587089286	208.0
206.34236647024682	208.0
206.35236706960077	208.0
206.36236766895473	206.0
206.3723682683087	203.0
206.38236886766265	201.0
206.3923694670166	199.0
206.40237006637057	199.0
206.41237066572452	199.0
206.42237126507848	203.0
206.43237186443244	208.0
206.44237246378643	210.0
206.45237306314039	215.0
206.46237366249434	215.0
206.4723742618483	218.0
206.48237486120226	218.0
206.49237546055622	218.0
206.50237605991018	218.0
206.51237665926413	218.0
206.5223772586181	218.0
206.53237785797205	218.0
206.542378457326	218.0
206.55237905667997	218.0
206.56237965603393	218.0
206.57238025538788	218.0
206.58238085474184	218.0
206.5923814540958	220.0
206.60238205344976	220.0
206.61238265280372	218.0
206.62238325215768	218.0
206.63238385151163	218.0
206.6423844508656	215.0
206.65238505021955	213.0
206.66238564957354	210.0
206.6723862489275	206.0
206.68238684828145	201.0
206.6923874476354	194.0
206.70238804698937	187.0
206.71238864634333	185.0
206.7223892456973	183.0
206.73238984505124	183.0
206.7423904444052	183.0
206.75239104375916	187.0
206.76239164311312	194.0
206.77239224246708	203.0
206.78239284182104	236.0
206.792393441175	245.0
206.80239404052895	253.0
206.8123946398829	259.0
206.82239523923687	265.0
206.83239583859083	268.0
206.84239643794479	268.0
206.85239703729874	262.0
206.8623976366527	253.0
206.87239823600666	248.0
206.88239883536065	242.0
206.8923994347146	239.0
206.90240003406856	236.0
206.91240063342252	234.0
206.92240123277648	234.0
206.93240183213044	231.0
206.9424024314844	231.0
206.95240303083835	231.0
206.9624036301923	234.0
206.97240422954627	236.0
206.98240482890023	236.0
206.9924054282542	236.0
207.00240602760815	231.0
207.0124066269621	226.0
207.02240722631606	220.0
207.03240782567002	218.0
207.04240842502398	215.0
207.05240902437794	215.0
207.0624096237319	218.0
207.07241022308585	218.0
207.0824108224398	223.0
207.09241142179377	231.0
207.10241202114773	0.0
207.11241262050171	288.0
207.12241321985567	294.0
207.13241381920963	294.0
207.1424144185636	294.0
207.15241501791755	294.0
207.1624156172715	291.0
207.17241621662546	288.0
207.18241681597942	275.0
207.19241741533338	262.0
207.20241801468734	248.0
207.2124186140413	239.0
207.22241921339526	234.0
207.2324198127492	231.0
207.24242041210317	226.0
207.25242101145713	226.0
207.2624216108111	223.0
207.27242221016505	223.0
207.282422809519	223.0
207.29242340887296	226.0
207.30242400822692	231.0
207.31242460758088	234.0
207.32242520693484	239.0
207.33242580628882	248.0
207.34242640564278	256.0
207.35242700499674	262.0
207.3624276043507	272.0
207.37242820370466	0.0
207.38242880305862	0.0
207.39242940241257	0.0
207.40243000176653	0.0
207.4124306011205	0.0
207.42243120047445	0.0
207.4324317998284	0.0
207.44243239918237	0.0
207.45243299853632	0.0
207.46243359789028	0.0
207.47243419724424	0.0
207.4824347965982	0.0
207.49243539595216	0.0
207.50243599530612	0.0
207.51243659466007	301.0
207.52243719401403	294.0
207.532437793368	288.0
207.54243839272195	281.0
207.55243899207593	275.0
207.5624395914299	206.0
207.57244019078385	201.0
207.5824407901378	201.0
207.59244138949177	203.0
207.60244198884573	203.0
207.61244258819968	203.0
207.62244318755364	206.0
207.6324437869076	208.0
207.64244438626156	208.0
207.65244498561552	210.0
207.66244558496948	210.0
207.67244618432343	213.0
207.6824467836774	213.0
207.69244738303135	213.0
207.7024479823853	213.0
207.71244858173927	213.0
207.72244918109322	213.0
207.73244978044718	210.0
207.74245037980114	210.0
207.7524509791551	208.0
207.76245157850906	206.0
207.77245217786302	203.0
207.782452777217	201.0
207.79245337657096	201.0
207.80245397592492	201.0
207.81245457527888	201.0
207.82245517463284	201.0
207.8324557739868	201.0
207.84245637334075	203.0
207.8524569726947	206.0
207.86245757204867	208.0
207.87245817140263	210.0
207.88245877075659	210.0
207.89245937011054	213.0
207.9024599694645	213.0
207.91246056881846	210.0
207.92246116817242	208.0
207.93246176752638	206.0
207.94246236688033	203.0
207.9524629662343	203.0
207.96246356558825	203.0
207.9724641649422	203.0
207.98246476429617	203.0
207.99246536365013	206.0
208.0024659630041	206.0
208.01246656235807	206.0
208.02246716171203	206.0
208.032467761066	208.0
208.04246836041995	210.0
208.0524689597739	213.0
208.06246955912786	215.0
208.07247015848182	215.0
208.08247075783578	215.0
208.09247135718974	213.0
208.1024719565437	208.0
208.11247255589765	201.0
208.1224731552516	194.0
208.13247375460557	185.0
208.14247435395953	181.0
208.1524749533135	179.0
208.16247555266744	177.0
208.1724761520214	179.0
208.18247675137536	181.0
208.19247735072932	183.0
208.20247795008328	190.0
208.21247854943724	194.0
208.22247914879122	199.0
208.23247974814518	203.0
208.24248034749914	206.0
208.2524809468531	210.0
208.26248154620706	213.0
208.272482145561	213.0
208.28248274491497	215.0
208.29248334426893	213.0
208.3024839436229	213.0
208.31248454297685	213.0
208.3224851423308	210.0
208.33248574168476	206.0
208.34248634103872	203.0
208.35248694039268	199.0
208.36248753974664	192.0
208.3724881391006	185.0
208.38248873845455	179.0
208.3924893378085	173.0
208.40248993716247	169.0
208.41249053651643	165.0
208.4224911358704	163.0
208.43249173522435	165.0
208.4424923345783	165.0
208.4524929339323	165.0
208.46249353328625	167.0
208.4724941326402	165.0
208.48249473199417	161.0
208.49249533134812	158.0
208.50249593070208	158.0
208.51249653005604	163.0
208.52249712941	169.0
208.53249772876396	177.0
208.54249832811792	185.0
208.55249892747187	190.0
208.56249952682583	194.0
208.5725001261798	196.0
208.58250072553375	196.0
208.5925013248877	199.0
208.60250192424166	196.0
208.61250252359562	194.0
208.62250312294958	187.0
208.63250372230354	181.0
208.6425043216575	175.0
208.65250492101146	171.0
208.66250552036541	169.0
208.6725061197194	165.0
208.68250671907336	158.0
208.69250731842732	156.0
208.70250791778128	154.0
208.71250851713523	152.0
208.7225091164892	152.0
208.73250971584315	152.0
208.7425103151971	152.0
208.75251091455107	154.0
208.76251151390503	156.0
208.77251211325898	159.0
208.78251271261294	163.0
208.7925133119669	165.0
208.80251391132086	169.0
208.81251451067482	171.0
208.82251511002877	171.0
208.83251570938273	171.0
208.8425163087367	171.0
208.85251690809065	171.0
208.8625175074446	171.0
208.87251810679857	171.0
208.88251870615252	171.0
208.8925193055065	171.0
208.90251990486047	171.0
208.91252050421443	173.0
208.92252110356839	173.0
208.93252170292234	175.0
208.9425223022763	175.0
208.95252290163026	177.0
208.96252350098422	179.0
208.97252410033818	179.0
208.98252469969214	175.0
208.9925252990461	163.0
209.00252589840005	154.0
209.012526497754	142.0
209.02252709710797	139.0
209.03252769646193	136.0
209.04252829581588	132.0
209.05252889516984	132.0
209.0625294945238	132.0
209.07253009387776	132.0
209.08253069323172	134.0
209.09253129258568	137.0
209.10253189193963	142.0
209.1125324912936	144.0
209.12253309064758	145.0
209.13253369000154	147.0
209.1425342893555	147.0
209.15253488870945	147.0
209.1625354880634	147.0
209.17253608741737	145.0
209.18253668677133	144.0
209.1925372861253	140.0
209.20253788547925	139.0
209.2125384848332	136.0
209.22253908418716	136.0
209.23253968354112	134.0
209.24254028289508	134.0
209.25254088224904	134.0
209.262541481603	136.0
209.27254208095695	136.0
209.2825426803109	137.0
209.29254327966487	137.0
209.30254387901883	137.0
209.31254447837279	137.0
209.32254507772674	137.0
209.3325456770807	137.0
209.3425462764347	137.0
209.35254687578865	136.0
209.3625474751426	134.0
209.37254807449656	134.0
209.38254867385052	134.0
209.39254927320448	134.0
209.40254987255844	134.0
209.4125504719124	136.0
209.42255107126635	137.0
209.4325516706203	137.0
209.44255226997427	139.0
209.45255286932823	140.0
209.4625534686822	142.0
209.47255406803615	144.0
209.4825546673901	144.0
209.49255526674406	144.0
209.50255586609802	142.0
209.51255646545198	139.0
209.52255706480594	136.0
209.5325576641599	134.0
209.54255826351385	132.0
209.5525588628678	129.0
209.5625594622218	126.0
209.57256006157576	122.0
209.58256066092972	117.0
209.59256126028367	114.0
209.60256185963763	111.0
209.6125624589916	113.0
209.62256305834555	115.0
209.6325636576995	121.0
209.64256425705346	154.0
209.65256485640742	159.0
209.66256545576138	167.0
209.67256605511534	173.0
209.6825666544693	177.0
209.69256725382326	181.0
209.70256785317721	185.0
209.71256845253117	187.0
209.72256905188513	190.0
209.7325696512391	190.0
209.74257025059305	187.0
209.752570849947	183.0
209.76257144930096	179.0
209.77257204865492	175.0
209.78257264800888	169.0
209.79257324736287	163.0
209.80257384671683	158.0
209.81257444607078	152.0
209.82257504542474	152.0
209.8325756447787	150.0
209.84257624413266	150.0
209.85257684348662	150.0
209.86257744284057	150.0
209.87257804219453	150.0
209.8825786415485	150.0
209.89257924090245	150.0
209.9025798402564	152.0
209.91258043961037	152.0
209.92258103896432	0.0
209.93258163831828	0.0
209.94258223767224	0.0
209.9525828370262	0.0
209.96258343638016	0.0
209.97258403573412	177.0
209.98258463508807	179.0
209.99258523444203	181.0
210.002585833796	181.0
210.01258643314998	179.0
210.02258703250394	177.0
210.0325876318579	173.0
210.04258823121185	169.0
210.0525888305658	167.0
210.06258942991977	163.0
210.07259002927373	163.0
210.08259062862768	163.0
210.09259122798164	165.0
210.1025918273356	167.0
210.11259242668956	171.0
210.12259302604352	173.0
210.13259362539748	177.0
210.14259422475143	179.0
210.1525948241054	179.0
210.16259542345935	179.0
210.1725960228133	179.0
210.18259662216727	179.0
210.19259722152123	179.0
210.20259782087518	177.0
210.21259842022914	175.0
210.2225990195831	173.0
210.23259961893706	169.0
210.24260021829105	167.0
210.252600817645	163.0
210.26260141699896	161.0
210.27260201635292	159.0
210.28260261570688	161.0
210.29260321506084	165.0
210.3026038144148	173.0
210.31260441376875	183.0
210.3226050131227	196.0
210.33260561247667	208.0
210.34260621183063	220.0
210.3526068111846	226.0
210.36260741053854	228.0
210.3726080098925	226.0
210.38260860924646	215.0
210.39260920860042	206.0
210.40260980795438	192.0
210.41261040730834	179.0
210.4226110066623	173.0
210.43261160601625	169.0
210.4426122053702	165.0
210.45261280472417	165.0
210.46261340407816	165.0
210.4726140034321	167.0
210.48261460278607	169.0
210.49261520214003	173.0
210.502615801494	175.0
210.51261640084795	179.0
210.5226170002019	183.0
210.53261759955586	190.0
210.54261819890982	196.0
210.55261879826378	203.0
210.56261939761774	206.0
210.5726199969717	208.0
210.58262059632565	208.0
210.5926211956796	206.0
210.60262179503357	201.0
210.61262239438753	196.0
210.6226229937415	187.0
210.63262359309545	183.0
210.6426241924494	177.0
210.65262479180336	173.0
210.66262539115732	169.0
210.67262599051128	165.0
210.68262658986527	161.0
210.69262718921922	159.0
210.70262778857318	156.0
210.71262838792714	154.0
210.7226289872811	154.0
210.73262958663506	154.0
210.74263018598901	154.0
210.75263078534297	156.0
210.76263138469693	156.0
210.7726319840509	156.0
210.78263258340485	156.0
210.7926331827588	154.0
210.80263378211276	154.0
210.81263438146672	152.0
210.82263498082068	152.0
210.83263558017464	150.0
210.8426361795286	150.0
210.85263677888256	150.0
210.8626373782365	152.0
210.87263797759047	154.0
210.88263857694443	158.0
210.8926391762984	163.0
210.90263977565235	169.0
210.91264037500633	173.0
210.9226409743603	179.0
210.93264157371425	0.0
210.9426421730682	0.0
210.95264277242217	0.0
210.96264337177612	262.0
210.97264397113008	0.0
210.98264457048404	245.0
210.992645169838	0.0
211.00264576919196	0.0
211.01264636854592	0.0
211.02264696789987	0.0
211.03264756725383	0.0
211.0426481666078	0.0
211.05264876596175	0.0
211.0626493653157	0.0
211.07264996466967	0.0
211.08265056402362	0.0
211.09265116337758	0.0
211.10265176273154	144.0
211.1126523620855	142.0
211.12265296143946	142.0
211.13265356079344	142.0
211.1426541601474	144.0
211.15265475950136	145.0
211.16265535885532	147.0
211.17265595820928	147.0
211.18265655756323	145.0
211.1926571569172	145.0
211.20265775627115	145.0
211.2126583556251	140.0
211.22265895497907	140.0
211.23265955433303	139.0
211.24266015368698	139.0
211.25266075304094	137.0
211.2626613523949	137.0
211.27266195174886	137.0
211.28266255110282	139.0
211.29266315045678	139.0
211.30266374981073	140.0
211.3126643491647	140.0
211.32266494851865	0.0
211.3326655478726	0.0
211.34266614722657	0.0
211.35266674658055	0.0
211.3626673459345	0.0
211.37266794528847	0.0
211.38266854464243	0.0
211.3926691439964	125.0
211.40266974335034	126.0
211.4126703427043	129.0
211.42267094205826	132.0
211.43267154141222	139.0
211.44267214076618	139.0
211.45267274012014	140.0
211.4626733394741	140.0
211.47267393882805	140.0
211.482674538182	142.0
211.49267513753597	142.0
211.50267573688993	142.0
211.51267633624389	142.0
211.52267693559784	142.0
211.5326775349518	142.0
211.54267813430576	142.0
211.55267873365972	140.0
211.56267933301368	139.0
211.57267993236763	137.0
211.58268053172162	136.0
211.59268113107558	136.0
211.60268173042954	136.0
211.6126823297835	134.0
211.62268292913745	132.0
211.6326835284914	131.0
211.64268412784537	128.0
211.65268472719933	125.0
211.6626853265533	119.0
211.67268592590725	114.0
211.6826865252612	0.0
211.69268712461516	0.0
211.70268772396912	0.0
211.71268832332308	0.0
211.72268892267704	0.0
211.732689522031	0.0
211.74269012138495	0.0
211.7526907207389	0.0
211.76269132009287	0.0
211.77269191944683	0.0
211.7826925188008	0.0
211.79269311815474	0.0
211.80269371750873	137.0
211.8126943168627	136.0
211.82269491621665	137.0
211.8326955155706	139.0
211.84269611492456	140.0
211.85269671427852	142.0
211.86269731363248	144.0
211.87269791298644	144.0
211.8826985123404	144.0
211.89269911169436	144.0
211.9026997110483	142.0
211.91270031040227	140.0
211.92270090975623	139.0
211.9327015091102	139.0
211.94270210846415	137.0
211.9527027078181	136.0
211.96270330717206	136.0
211.97270390652602	136.0
211.98270450587998	136.0
211.99270510523394	136.0
212.0027057045879	136.0
212.01270630394185	136.0
212.02270690329584	137.0
212.0327075026498	139.0
212.04270810200376	140.0
212.05270870135772	142.0
212.06270930071167	142.0
212.07270990006563	142.0
212.0827104994196	140.0
212.09271109877355	137.0
212.1027116981275	134.0
212.11271229748147	132.0
212.12271289683542	129.0
212.13271349618938	0.0
212.14271409554334	0.0
212.1527146948973	0.0
212.16271529425126	0.0
212.17271589360521	0.0
212.18271649295917	0.0
212.19271709231313	0.0
212.2027176916671	0.0
212.21271829102105	0.0
212.222718890375	0.0
212.23271948972896	0.0
212.24272008908292	0.0
212.2527206884369	0.0
212.26272128779087	0.0
212.27272188714483	0.0
212.28272248649878	0.0
212.29272308585274	0.0
212.3027236852067	0.0
212.31272428456066	0.0
212.32272488391462	0.0
212.33272548326858	0.0
212.34272608262253	0.0
212.3527266819765	0.0
212.36272728133045	0.0
212.3727278806844	0.0
212.38272848003837	0.0
212.39272907939232	0.0
212.40272967874628	0.0
212.41273027810024	0.0
212.4227308774542	0.0
212.43273147680816	0.0
212.44273207616212	0.0
212.45273267551607	0.0
212.46273327487003	0.0
212.47273387422402	0.0
212.48273447357798	0.0
212.49273507293194	152.0
212.5027356722859	156.0
212.51273627163985	159.0
212.5227368709938	163.0
212.53273747034777	167.0
212.54273806970173	173.0
212.55273866905569	177.0
212.56273926840964	181.0
212.5727398677636	185.0
212.58274046711756	187.0
212.59274106647152	192.0
212.60274166582548	192.0
212.61274226517943	194.0
212.6227428645334	192.0
212.63274346388735	187.0
212.6427440632413	183.0
212.65274466259527	179.0
212.66274526194923	175.0
212.67274586130318	169.0
212.68274646065714	165.0
212.69274706001113	163.0
212.7027476593651	159.0
212.71274825871905	158.0
212.722748858073	156.0
212.73274945742696	152.0
212.74275005678092	150.0
212.75275065613488	149.0
212.76275125548884	144.0
212.7727518548428	144.0
212.78275245419675	145.0
212.7927530535507	150.0
212.80275365290467	156.0
212.81275425225863	159.0
212.8227548516126	163.0
212.83275545096654	165.0
212.8427560503205	171.0
212.85275664967446	175.0
212.86275724902842	177.0
212.87275784838238	175.0
212.88275844773634	173.0
212.8927590470903	171.0
212.90275964644425	169.0
212.9127602457982	167.0
212.9227608451522	167.0
212.93276144450616	167.0
212.9427620438601	167.0
212.95276264321407	169.0
212.96276324256803	169.0
212.972763841922	171.0
212.98276444127595	171.0
212.9927650406299	173.0
213.00276563998386	175.0
213.01276623933782	179.0
213.02276683869178	181.0
213.03276743804574	183.0
213.0427680373997	183.0
213.05276863675365	181.0
213.0627692361076	175.0
213.07276983546157	169.0
213.08277043481553	0.0
213.0927710341695	0.0
213.10277163352345	0.0
213.1127722328774	0.0
213.12277283223136	0.0
213.13277343158532	0.0
213.1427740309393	0.0
213.15277463029327	0.0
213.16277522964722	0.0
213.17277582900118	0.0
213.18277642835514	0.0
213.1927770277091	0.0
213.20277762706306	0.0
213.21277822641702	0.0
213.22277882577097	0.0
213.23277942512493	215.0
213.2427800244789	213.0
213.25278062383285	210.0
213.2627812231868	210.0
213.27278182254076	210.0
213.28278242189472	210.0
213.29278302124868	208.0
213.30278362060264	208.0
213.3127842199566	208.0
213.32278481931056	206.0
213.3327854186645	206.0
213.34278601801847	208.0
213.35278661737243	208.0
213.36278721672642	208.0
213.37278781608038	208.0
213.38278841543433	208.0
213.3927890147883	210.0
213.40278961414225	210.0
213.4127902134962	210.0
213.42279081285017	210.0
213.43279141220412	213.0
213.44279201155808	213.0
213.45279261091204	213.0
213.462793210266	213.0
213.47279380961996	210.0
213.48279440897392	208.0
213.49279500832787	208.0
213.50279560768183	206.0
213.5127962070358	206.0
213.52279680638975	206.0
213.5327974057437	203.0
213.54279800509767	203.0
213.55279860445162	203.0
213.56279920380558	206.0
213.57279980315954	206.0
213.5828004025135	206.0
213.59280100186749	208.0
213.60280160122144	208.0
213.6128022005754	210.0
213.62280279992936	213.0
213.63280339928332	213.0
213.64280399863728	213.0
213.65280459799123	210.0
213.6628051973452	210.0
213.67280579669915	210.0
213.6828063960531	210.0
213.69280699540707	210.0
213.70280759476103	210.0
213.71280819411498	210.0
213.72280879346894	210.0
213.7328093928229	210.0
213.74280999217686	213.0
213.75281059153082	213.0
213.76281119088478	213.0
213.77281179023873	210.0
213.7828123895927	210.0
213.79281298894665	210.0
213.8028135883006	210.0
213.8128141876546	210.0
213.82281478700855	210.0
213.8328153863625	210.0
213.84281598571647	210.0
213.85281658507043	206.0
213.8628171844244	203.0
213.87281778377834	199.0
213.8828183831323	190.0
213.89281898248626	185.0
213.90281958184022	181.0
213.91282018119418	181.0
213.92282078054814	199.0
213.9328213799021	203.0
213.94282197925605	206.0
213.95282257861	208.0
213.96282317796397	210.0
213.97282377731793	210.0
213.98282437667189	210.0
213.99282497602584	210.0
214.0028255753798	210.0
214.01282617473376	208.0
214.02282677408772	208.0
214.03282737344168	206.0
214.04282797279566	206.0
214.05282857214962	203.0
214.06282917150358	203.0
214.07282977085754	201.0
214.0828303702115	201.0
214.09283096956545	199.0
214.1028315689194	196.0
214.11283216827337	196.0
214.12283276762733	196.0
214.1328333669813	201.0
214.14283396633525	208.0
214.1528345656892	215.0
214.16283516504316	231.0
214.17283576439712	250.0
214.18283636375108	265.0
214.19283696310504	278.0
214.202837562459	284.0
214.21283816181295	288.0
214.2228387611669	284.0
214.23283936052087	281.0
214.24283995987483	275.0
214.2528405592288	272.0
214.26284115858277	265.0
214.27284175793673	262.0
214.2828423572907	256.0
214.29284295664465	253.0
214.3028435559986	250.0
214.31284415535256	248.0
214.32284475470652	245.0
214.33284535406048	239.0
214.34284595341444	236.0
214.3528465527684	234.0
214.36284715212236	231.0
214.37284775147631	231.0
214.38284835083027	234.0
214.39284895018423	234.0
214.4028495495382	234.0
214.41285014889215	234.0
214.4228507482461	234.0
214.43285134760006	231.0
214.44285194695402	0.0
214.45285254630798	0.0
214.46285314566194	0.0
214.4728537450159	0.0
214.48285434436988	0.0
214.49285494372384	0.0
214.5028555430778	0.0
214.51285614243176	0.0
214.52285674178572	0.0
214.53285734113967	0.0
214.54285794049363	0.0
214.5528585398476	0.0
214.56285913920155	0.0
214.5728597385555	0.0
214.58286033790947	0.0
214.59286093726342	0.0
214.60286153661738	0.0
214.61286213597134	0.0
214.6228627353253	0.0
214.63286333467926	0.0
214.64286393403322	0.0
214.65286453338717	0.0
214.66286513274113	0.0
214.6728657320951	0.0
214.68286633144905	0.0
214.692866930803	0.0
214.70286753015696	0.0
214.71286812951095	323.0
214.7228687288649	316.0
214.73286932821887	312.0
214.74286992757283	301.0
214.75287052692678	294.0
214.76287112628074	288.0
214.7728717256347	281.0
214.78287232498866	278.0
214.79287292434262	275.0
214.80287352369658	272.0
214.81287412305053	272.0
214.8228747224045	272.0
214.83287532175845	268.0
214.8428759211124	268.0
214.85287652046637	268.0
214.86287711982033	268.0
214.87287771917428	272.0
214.88287831852824	272.0
214.8928789178822	272.0
214.90287951723616	272.0
214.91288011659012	272.0
214.92288071594407	275.0
214.93288131529806	275.0
214.94288191465202	275.0
214.95288251400598	275.0
214.96288311335994	275.0
214.9728837127139	275.0
214.98288431206785	275.0
214.9928849114218	275.0
215.00288551077577	275.0
215.01288611012973	275.0
215.02288670948369	278.0
215.03288730883764	278.0
215.0428879081916	278.0
215.05288850754556	278.0
215.06288910689952	278.0
215.07288970625348	275.0
215.08289030560744	272.0
215.0928909049614	265.0
215.10289150431535	0.0
215.1128921036693	0.0
215.12289270302327	0.0
215.13289330237723	0.0
215.14289390173118	0.0
215.15289450108517	0.0
215.16289510043913	0.0
215.1728956997931	0.0
215.18289629914705	0.0
215.192896898501	0.0
215.20289749785496	0.0
215.21289809720892	275.0
215.22289869656288	248.0
215.23289929591684	239.0
215.2428998952708	234.0
215.25290049462475	231.0
215.2629010939787	228.0
215.27290169333267	223.0
215.28290229268663	220.0
215.2929028920406	220.0
215.30290349139455	220.0
215.3129040907485	220.0
215.32290469010246	226.0
215.33290528945642	234.0
215.34290588881038	242.0
215.35290648816434	250.0
215.3629070875183	256.0
215.37290768687225	265.0
215.38290828622624	272.0
215.3929088855802	278.0
215.40290948493416	281.0
215.41291008428811	281.0
215.42291068364207	278.0
215.43291128299603	275.0
215.44291188235	272.0
215.45291248170395	268.0
215.4629130810579	268.0
215.47291368041186	268.0
215.48291427976582	265.0
215.49291487911978	265.0
215.50291547847374	265.0
215.5129160778277	268.0
215.52291667718166	268.0
215.5329172765356	268.0
215.54291787588957	272.0
215.55291847524353	272.0
215.5629190745975	272.0
215.57291967395145	275.0
215.5829202733054	275.0
215.59292087265936	275.0
215.60292147201335	278.0
215.6129220713673	278.0
215.62292267072127	278.0
215.63292327007522	278.0
215.64292386942918	275.0
215.65292446878314	268.0
215.6629250681371	259.0
215.67292566749106	248.0
215.68292626684502	242.0
215.69292686619897	239.0
215.70292746555293	236.0
215.7129280649069	236.0
215.72292866426085	239.0
215.7329292636148	242.0
215.74292986296877	294.0
215.75293046232272	294.0
215.76293106167668	291.0
215.77293166103064	288.0
215.7829322603846	284.0
215.79293285973856	281.0
215.80293345909251	278.0
215.81293405844647	272.0
215.82293465780046	268.0
215.83293525715442	262.0
215.84293585650838	259.0
215.85293645586233	256.0
215.8629370552163	250.0
215.87293765457025	248.0
215.8829382539242	242.0
215.89293885327817	239.0
215.90293945263213	236.0
215.91294005198608	234.0
215.92294065134004	231.0
215.932941250694	231.0
215.94294185004796	231.0
215.95294244940192	231.0
215.96294304875587	234.0
215.97294364810983	236.0
215.9829442474638	239.0
215.99294484681775	242.0
216.0029454461717	242.0
216.01294604552567	239.0
216.02294664487962	231.0
216.03294724423358	226.0
216.04294784358754	0.0
216.05294844294153	0.0
216.0629490422955	0.0
216.07294964164944	0.0
216.0829502410034	0.0
216.09295084035736	0.0
216.10295143971132	0.0
216.11295203906528	0.0
216.12295263841924	0.0
216.1329532377732	0.0
216.14295383712715	327.0
216.1529544364811	319.0
216.16295503583507	312.0
216.17295563518903	301.0
216.18295623454298	291.0
216.19295683389694	281.0
216.2029574332509	199.0
216.21295803260486	196.0
216.22295863195882	196.0
216.23295923131278	199.0
216.24295983066673	201.0
216.2529604300207	206.0
216.26296102937465	208.0
216.27296162872864	210.0
216.2829622280826	213.0
216.29296282743655	215.0
216.3029634267905	215.0
216.31296402614447	213.0
216.32296462549843	213.0
216.3329652248524	213.0
216.34296582420635	213.0
216.3529664235603	213.0
216.36296702291426	213.0
216.37296762226822	213.0
216.38296822162218	213.0
216.39296882097614	213.0
216.4029694203301	210.0
216.41297001968405	208.0
216.422970619038	208.0
216.43297121839197	206.0
216.44297181774593	203.0
216.4529724170999	203.0
216.46297301645384	201.0
216.4729736158078	201.0
216.48297421516176	201.0
216.49297481451575	201.0
216.5029754138697	203.0
216.51297601322366	206.0
216.52297661257762	208.0
216.53297721193158	210.0
216.54297781128554	210.0
216.5529784106395	213.0
216.56297900999346	213.0
216.5729796093474	213.0
216.58298020870137	213.0
216.59298080805533	213.0
216.6029814074093	210.0
216.61298200676325	208.0
216.6229826061172	208.0
216.63298320547116	208.0
216.64298380482512	206.0
216.65298440417908	206.0
216.66298500353304	206.0
216.672985602887	206.0
216.68298620224095	206.0
216.6929868015949	203.0
216.70298740094887	203.0
216.71298800030283	201.0
216.72298859965682	201.0
216.73298919901077	201.0
216.74298979836473	201.0
216.7529903977187	196.0
216.76299099707265	192.0
216.7729915964266	190.0
216.78299219578057	187.0
216.79299279513452	185.0
216.80299339448848	185.0
216.81299399384244	185.0
216.8229945931964	190.0
216.83299519255036	196.0
216.84299579190431	203.0
216.85299639125827	208.0
216.86299699061223	208.0
216.8729975899662	210.0
216.88299818932015	210.0
216.8929987886741	213.0
216.90299938802806	215.0
216.91299998738202	215.0
216.92300058673598	215.0
216.93300118608994	213.0
216.94300178544393	213.0
216.95300238479788	208.0
216.96300298415184	203.0
216.9730035835058	196.0
216.98300418285976	187.0
216.99300478221372	181.0
217.00300538156768	177.0
217.01300598092163	175.0
217.0230065802756	173.0
217.03300717962955	171.0
217.0430077789835	169.0
217.05300837833747	167.0
217.06300897769142	165.0
217.07300957704538	165.0
217.08301017639934	163.0
217.0930107757533	163.0
217.10301137510726	163.0
217.11301197446122	163.0
217.12301257381517	163.0
217.13301317316913	165.0
217.1430137725231	167.0
217.15301437187705	167.0
217.16301497123104	169.0
217.173015570585	173.0
217.18301616993895	177.0
217.1930167692929	181.0
217.20301736864687	187.0
217.21301796800083	190.0
217.22301856735479	192.0
217.23301916670874	194.0
217.2430197660627	192.0
217.25302036541666	190.0
217.26302096477062	185.0
217.27302156412458	183.0
217.28302216347853	179.0
217.2930227628325	177.0
217.30302336218645	171.0
217.3130239615404	167.0
217.32302456089437	163.0
217.33302516024833	158.0
217.34302575960228	154.0
217.35302635895624	152.0
217.3630269583102	150.0
217.37302755766416	150.0
217.38302815701812	150.0
217.3930287563721	150.0
217.40302935572606	152.0
217.41302995508002	154.0
217.42303055443398	156.0
217.43303115378794	158.0
217.4430317531419	156.0
217.45303235249585	152.0
217.4630329518498	144.0
217.47303355120377	0.0
217.48303415055773	0.0
217.4930347499117	0.0
217.50303534926564	0.0
217.5130359486196	0.0
217.52303654797356	0.0
217.53303714732752	0.0
217.54303774668148	0.0
217.55303834603544	0.0
217.5630389453894	250.0
217.57303954474335	248.0
217.5830401440973	242.0
217.59304074345127	181.0
217.60304134280523	175.0
217.6130419421592	171.0
217.62304254151317	171.0
217.63304314086713	171.0
217.6430437402211	173.0
217.65304433957505	173.0
217.663044938929	173.0
217.67304553828296	173.0
217.68304613763692	173.0
217.69304673699088	173.0
217.70304733634484	173.0
217.7130479356988	173.0
217.72304853505275	175.0
217.7330491344067	177.0
217.74304973376067	177.0
217.75305033311463	177.0
217.7630509324686	177.0
217.77305153182255	175.0
217.7830521311765	173.0
217.79305273053046	169.0
217.80305332988442	167.0
217.81305392923838	165.0
217.82305452859234	161.0
217.8330551279463	158.0
217.84305572730028	156.0
217.85305632665424	156.0
217.8630569260082	156.0
217.87305752536216	158.0
217.88305812471611	159.0
217.89305872407007	161.0
217.90305932342403	165.0
217.913059922778	167.0
217.92306052213195	169.0
217.9330611214859	171.0
217.94306172083986	173.0
217.95306232019382	173.0
217.96306291954778	171.0
217.97306351890174	171.0
217.9830641182557	169.0
217.99306471760966	169.0
218.0030653169636	169.0
218.01306591631757	169.0
218.02306651567153	169.0
218.0330671150255	167.0
218.04306771437945	167.0
218.0530683137334	165.0
218.0630689130874	163.0
218.07306951244135	161.0
218.0830701117953	0.0
218.09307071114927	0.0
218.10307131050322	0.0
218.11307190985718	0.0
218.12307250921114	0.0
218.1330731085651	0.0
218.14307370791906	0.0
218.15307430727302	0.0
218.16307490662697	0.0
218.17307550598093	0.0
218.1830761053349	0.0
218.19307670468885	0.0
218.2030773040428	0.0
218.21307790339677	0.0
218.22307850275072	0.0
218.23307910210468	0.0
218.24307970145864	203.0
218.2530803008126	196.0
218.26308090016656	185.0
218.27308149952052	173.0
218.2830820988745	161.0
218.29308269822846	150.0
218.30308329758242	147.0
218.31308389693638	147.0
218.32308449629033	149.0
218.3330850956443	154.0
218.34308569499825	158.0
218.3530862943522	167.0
218.36308689370617	175.0
218.37308749306013	183.0
218.38308809241408	190.0
218.39308869176804	199.0
218.403089291122	203.0
218.41308989047596	206.0
218.42309048982992	206.0
218.43309108918388	203.0
218.44309168853783	196.0
218.4530922878918	187.0
218.46309288724575	177.0
218.4730934865997	169.0
218.48309408595367	165.0
218.49309468530763	161.0
218.50309528466158	161.0
218.51309588401557	163.0
218.52309648336953	167.0
218.5330970827235	171.0
218.54309768207744	179.0
218.5530982814314	190.0
218.56309888078536	196.0
218.57309948013932	213.0
218.58310007949328	231.0
218.59310067884724	242.0
218.6031012782012	259.0
218.61310187755515	272.0
218.6231024769091	268.0
218.63310307626307	245.0
218.64310367561703	234.0
218.65310427497099	177.0
218.66310487432494	158.0
218.6731054736789	158.0
218.68310607303286	158.0
218.69310667238682	159.0
218.70310727174078	163.0
218.71310787109473	173.0
218.7231084704487	179.0
218.73310906980268	185.0
218.74310966915664	192.0
218.7531102685106	196.0
218.76311086786455	201.0
218.7731114672185	203.0
218.78311206657247	201.0
218.79311266592643	196.0
218.8031132652804	187.0
218.81311386463435	181.0
218.8231144639883	169.0
218.83311506334226	159.0
218.84311566269622	149.0
218.85311626205018	144.0
218.86311686140414	142.0
218.8731174607581	144.0
218.88311806011205	145.0
218.893118659466	145.0
218.90311925881997	149.0
218.91311985817393	152.0
218.9231204575279	156.0
218.93312105688184	158.0
218.9431216562358	159.0
218.9531222555898	158.0
218.96312285494375	156.0
218.9731234542977	156.0
218.98312405365166	156.0
218.99312465300562	156.0
219.00312525235958	156.0
219.01312585171354	152.0
219.0231264510675	150.0
219.03312705042146	150.0
219.0431276497754	149.0
219.05312824912937	150.0
219.06312884848333	152.0
219.0731294478373	154.0
219.08313004719125	156.0
219.0931306465452	158.0
219.10313124589916	159.0
219.11313184525312	161.0
219.12313244460708	161.0
219.13313304396104	161.0
219.143133643315	159.0
219.15313424266895	156.0
219.1631348420229	154.0
219.17313544137687	149.0
219.18313604073086	144.0
219.19313664008482	140.0
219.20313723943877	137.0
219.21313783879273	137.0
219.2231384381467	140.0
219.23313903750065	147.0
219.2431396368546	154.0
219.25314023620857	167.0
219.26314083556252	173.0
219.27314143491648	179.0
219.28314203427044	183.0
219.2931426336244	185.0
219.30314323297836	183.0
219.31314383233232	179.0
219.32314443168627	173.0
219.33314503104023	167.0
219.3431456303942	156.0
219.35314622974815	152.0
219.3631468291021	152.0
219.37314742845606	154.0
219.38314802781002	159.0
219.39314862716398	171.0
219.40314922651797	187.0
219.41314982587193	196.0
219.42315042522588	206.0
219.43315102457984	215.0
219.4431516239338	223.0
219.45315222328776	228.0
219.46315282264172	228.0
219.47315342199568	223.0
219.48315402134963	213.0
219.4931546207036	206.0
219.50315522005755	196.0
219.5131558194115	185.0
219.52315641876547	175.0
219.53315701811943	167.0
219.54315761747338	161.0
219.55315821682734	159.0
219.5631588161813	159.0
219.57315941553526	161.0
219.58316001488922	163.0
219.59316061424317	167.0
219.60316121359713	169.0
219.6131618129511	169.0
219.62316241230508	169.0
219.63316301165904	167.0
219.643163611013	0.0
219.65316421036695	0.0
219.6631648097209	0.0
219.67316540907487	0.0
219.68316600842883	0.0
219.69316660778279	0.0
219.70316720713674	0.0
219.7131678064907	0.0
219.72316840584466	0.0
219.73316900519862	0.0
219.74316960455258	259.0
219.75317020390654	265.0
219.7631708032605	268.0
219.77317140261445	272.0
219.7831720019684	272.0
219.79317260132237	256.0
219.80317320067633	242.0
219.81317380003028	215.0
219.82317439938424	208.0
219.8331749987382	208.0
219.84317559809216	206.0
219.85317619744615	206.0
219.8631767968001	206.0
219.87317739615406	206.0
219.88317799550802	203.0
219.89317859486198	203.0
219.90317919421594	203.0
219.9131797935699	201.0
219.92318039292385	201.0
219.9331809922778	203.0
219.94318159163177	203.0
219.95318219098573	203.0
219.9631827903397	206.0
219.97318338969365	206.0
219.9831839890476	208.0
219.99318458840156	210.0
220.00318518775552	210.0
220.01318578710948	213.0
220.02318638646344	213.0
220.0331869858174	213.0
220.04318758517135	210.0
220.0531881845253	210.0
220.06318878387927	208.0
220.07318938323326	208.0
220.08318998258721	206.0
220.09319058194117	203.0
220.10319118129513	203.0
220.1131917806491	203.0
220.12319238000305	201.0
220.133192979357	201.0
220.14319357871096	196.0
220.15319417806492	0.0
220.16319477741888	0.0
220.17319537677284	0.0
220.1831959761268	0.0
220.19319657548075	0.0
220.2031971748347	0.0
220.21319777418867	0.0
220.22319837354263	0.0
220.2331989728966	0.0
220.24319957225055	0.0
220.2532001716045	0.0
220.26320077095846	0.0
220.27320137031242	0.0
220.28320196966638	0.0
220.29320256902037	0.0
220.30320316837432	0.0
220.31320376772828	0.0
220.32320436708224	0.0
220.3332049664362	0.0
220.34320556579016	0.0
220.35320616514412	0.0
220.36320676449807	0.0
220.37320736385203	0.0
220.383207963206	0.0
220.39320856255995	0.0
220.4032091619139	0.0
220.41320976126786	0.0
220.42321036062182	0.0
220.43321095997578	0.0
220.44321155932974	0.0
220.4532121586837	0.0
220.46321275803766	0.0
220.47321335739161	0.0
220.48321395674557	169.0
220.49321455609953	165.0
220.5032151554535	161.0
220.51321575480745	159.0
220.52321635416143	158.0
220.5332169535154	158.0
220.54321755286935	158.0
220.5532181522233	159.0
220.56321875157727	161.0
220.57321935093123	163.0
220.58321995028518	169.0
220.59322054963914	173.0
220.6032211489931	181.0
220.61322174834706	187.0
220.62322234770102	192.0
220.63322294705497	194.0
220.64322354640893	196.0
220.6532241457629	192.0
220.66322474511685	187.0
220.6732253444708	181.0
220.68322594382477	175.0
220.69322654317872	169.0
220.70322714253268	161.0
220.71322774188664	159.0
220.7232283412406	159.0
220.73322894059456	161.0
220.74322953994854	163.0
220.7532301393025	169.0
220.76323073865646	175.0
220.77323133801042	181.0
220.78323193736438	187.0
220.79323253671834	190.0
220.8032331360723	194.0
220.81323373542625	196.0
220.8232343347802	196.0
220.83323493413417	196.0
220.84323553348813	194.0
220.85323613284208	190.0
220.86323673219604	185.0
220.87323733155	177.0
220.88323793090396	169.0
220.89323853025792	165.0
220.90323912961188	161.0
220.91323972896583	159.0
220.9232403283198	163.0
220.93324092767375	169.0
220.9432415270277	177.0
220.95324212638167	190.0
220.96324272573565	203.0
220.9732433250896	228.0
220.98324392444357	245.0
220.99324452379753	275.0
221.0032451231515	301.0
221.01324572250545	316.0
221.0232463218594	323.0
221.03324692121336	323.0
221.04324752056732	323.0
221.05324811992128	319.0
221.06324871927524	308.0
221.0732493186292	301.0
221.08324991798315	291.0
221.0932505173371	275.0
221.10325111669107	236.0
221.11325171604503	226.0
221.123252315399	223.0
221.13325291475294	226.0
221.1432535141069	228.0
221.15325411346086	234.0
221.16325471281482	239.0
221.17325531216878	248.0
221.18325591152274	256.0
221.19325651087672	272.0
221.20325711023068	284.0
221.21325770958464	298.0
221.2232583089386	327.0
221.23325890829256	331.0
221.2432595076465	323.0
221.25326010700047	316.0
221.26326070635443	305.0
221.2732613057084	291.0
221.28326190506235	281.0
221.2932625044163	259.0
221.30326310377026	203.0
221.31326370312422	201.0
221.32326430247818	199.0
221.33326490183214	201.0
221.3432655011861	201.0
221.35326610054005	203.0
221.363266699894	203.0
221.37326729924797	206.0
221.38326789860193	203.0
221.3932684979559	203.0
221.40326909730985	203.0
221.41326969666383	203.0
221.4232702960178	206.0
221.43327089537175	206.0
221.4432714947257	206.0
221.45327209407967	208.0
221.46327269343362	208.0
221.47327329278758	210.0
221.48327389214154	210.0
221.4932744914955	213.0
221.50327509084946	213.0
221.51327569020341	213.0
221.52327628955737	213.0
221.53327688891133	213.0
221.5432774882653	210.0
221.55327808761925	210.0
221.5632786869732	208.0
221.57327928632716	206.0
221.58327988568112	206.0
221.59328048503508	206.0
221.60328108438904	208.0
221.613281683743	208.0
221.62328228309696	208.0
221.63328288245094	208.0
221.6432834818049	206.0
221.65328408115886	206.0
221.66328468051282	206.0
221.67328527986677	206.0
221.68328587922073	208.0
221.6932864785747	208.0
221.70328707792865	210.0
221.7132876772826	210.0
221.72328827663657	213.0
221.73328887599052	213.0
221.74328947534448	213.0
221.75329007469844	213.0
221.7632906740524	208.0
221.77329127340636	203.0
221.78329187276032	199.0
221.79329247211427	192.0
221.80329307146823	183.0
221.8132936708222	175.0
221.82329427017615	163.0
221.8332948695301	152.0
221.84329546888407	147.0
221.85329606823802	145.0
221.863296667592	149.0
221.87329726694597	156.0
221.88329786629993	163.0
221.89329846565388	171.0
221.90329906500784	177.0
221.9132996643618	183.0
221.92330026371576	185.0
221.93330086306972	187.0
221.94330146242368	187.0
221.95330206177763	183.0
221.9633026611316	179.0
221.97330326048555	173.0
221.9833038598395	165.0
221.99330445919347	161.0
222.00330505854743	161.0
222.01330565790138	163.0
222.02330625725534	173.0
222.0333068566093	183.0
222.04330745596326	194.0
222.05330805531722	218.0
222.06330865467118	231.0
222.07330925402513	281.0
222.08330985337912	294.0
222.09331045273308	308.0
222.10331105208704	312.0
222.113311651441	308.0
222.12331225079495	301.0
222.1333128501489	284.0
222.14331344950287	213.0
222.15331404885683	206.0
222.1633146482108	199.0
222.17331524756474	199.0
222.1833158469187	201.0
222.19331644627266	201.0
222.20331704562662	206.0
222.21331764498058	208.0
222.22331824433454	210.0
222.2333188436885	213.0
222.24331944304245	213.0
222.2533200423964	208.0
222.26332064175037	201.0
222.27332124110433	196.0
222.28332184045829	190.0
222.29332243981224	0.0
222.3033230391662	0.0
222.3133236385202	0.0
222.32332423787415	0.0
222.3333248372281	259.0
222.34332543658206	250.0
222.35332603593602	171.0
222.36332663528998	163.0
222.37332723464394	152.0
222.3833278339979	147.0
222.39332843335185	145.0
222.4033290327058	145.0
222.41332963205977	149.0
222.42333023141373	154.0
222.4333308307677	161.0
222.44333143012165	167.0
222.4533320294756	177.0
222.46333262882956	185.0
222.47333322818352	194.0
222.48333382753748	196.0
222.49333442689144	196.0
222.5033350262454	192.0
222.51333562559935	183.0
222.5233362249533	175.0
222.5333368243073	165.0
222.54333742366126	158.0
222.55333802301521	152.0
222.56333862236917	154.0
222.57333922172313	159.0
222.5833398210771	169.0
222.59334042043105	179.0
222.603341019785	192.0
222.61334161913896	203.0
222.62334221849292	218.0
222.63334281784688	234.0
222.64334341720084	248.0
222.6533440165548	268.0
222.66334461590876	284.0
222.6733452152627	288.0
222.68334581461667	284.0
222.69334641397063	245.0
222.7033470133246	239.0
222.71334761267855	0.0
222.7233482120325	147.0
222.73334881138646	149.0
222.74334941074042	150.0
222.7533500100944	152.0
222.76335060944837	158.0
222.77335120880232	163.0
222.78335180815628	171.0
222.79335240751024	177.0
222.8033530068642	183.0
222.81335360621816	190.0
222.82335420557212	196.0
222.83335480492607	199.0
222.84335540428003	199.0
222.853356003634	196.0
222.86335660298795	190.0
222.8733572023419	181.0
222.88335780169587	165.0
222.89335840104982	154.0
222.90335900040378	145.0
222.91335959975774	139.0
222.9233601991117	139.0
222.93336079846566	140.0
222.94336139781961	144.0
222.95336199717357	147.0
222.96336259652753	150.0
222.9733631958815	152.0
222.98336379523548	152.0
222.99336439458943	152.0
223.0033649939434	149.0
223.01336559329735	144.0
223.0233661926513	140.0
223.03336679200527	137.0
223.04336739135923	0.0
223.05336799071318	0.0
223.06336859006714	0.0
223.0733691894211	0.0
223.08336978877506	0.0
223.09337038812902	0.0
223.10337098748298	0.0
223.11337158683693	0.0
223.1233721861909	0.0
223.13337278554485	0.0
223.1433733848988	0.0
223.15337398425277	0.0
223.16337458360672	0.0
223.17337518296068	0.0
223.18337578231464	0.0
223.1933763816686	0.0
223.2033769810226	0.0
223.21337758037654	0.0
223.2233781797305	0.0
223.23337877908446	0.0
223.24337937843842	0.0
223.25337997779238	0.0
223.26338057714634	0.0
223.2733811765003	0.0
223.28338177585425	0.0
223.2933823752082	0.0
223.30338297456217	0.0
223.31338357391613	0.0
223.32338417327009	0.0
223.33338477262404	0.0
223.343385371978	0.0
223.35338597133196	0.0
223.36338657068592	0.0
223.37338717003988	0.0
223.38338776939383	0.0
223.3933883687478	0.0
223.40338896810175	0.0
223.4133895674557	194.0
223.4233901668097	190.0
223.43339076616365	187.0
223.4433913655176	185.0
223.45339196487157	185.0
223.46339256422553	187.0
223.4733931635795	192.0
223.48339376293345	194.0
223.4933943622874	199.0
223.50339496164136	203.0
223.51339556099532	206.0
223.52339616034928	210.0
223.53339675970324	213.0
223.5433973590572	218.0
223.55339795841115	220.0
223.5633985577651	220.0
223.57339915711907	220.0
223.58339975647303	220.0
223.593400355827	218.0
223.60340095518094	215.0
223.6134015545349	215.0
223.62340215388886	213.0
223.63340275324282	213.0
223.64340335259678	210.0
223.65340395195076	208.0
223.66340455130472	206.0
223.67340515065868	206.0
223.68340575001264	203.0
223.6934063493666	201.0
223.70340694872056	194.0
223.7134075480745	187.0
223.72340814742847	187.0
223.73340874678243	196.0
223.7434093461364	203.0
223.75340994549035	210.0
223.7634105448443	213.0
223.77341114419826	215.0
223.78341174355222	223.0
223.79341234290618	228.0
223.80341294226014	236.0
223.8134135416141	242.0
223.82341414096805	250.0
223.833414740322	262.0
223.84341533967597	272.0
223.85341593902993	275.0
223.8634165383839	278.0
223.87341713773787	281.0
223.88341773709183	284.0
223.8934183364458	298.0
223.90341893579975	294.0
223.9134195351537	291.0
223.92342013450767	288.0
223.93342073386162	284.0
223.94342133321558	275.0
223.95342193256954	226.0
223.9634225319235	228.0
223.97342313127746	234.0
223.98342373063142	239.0
223.99342432998537	248.0
224.00342492933933	253.0
224.0134255286933	262.0
224.02342612804725	0.0
224.0334267274012	0.0
224.04342732675516	0.0
224.05342792610912	0.0
224.06342852546308	0.0
224.07342912481704	0.0
224.083429724171	0.0
224.09343032352498	0.0
224.10343092287894	308.0
224.1134315222329	298.0
224.12343212158686	291.0
224.13343272094082	284.0
224.14343332029478	0.0
224.15343391964873	213.0
224.1634345190027	210.0
224.17343511835665	210.0
224.1834357177106	213.0
224.19343631706457	213.0
224.20343691641853	215.0
224.21343751577248	218.0
224.22343811512644	218.0
224.2334387144804	215.0
224.24343931383436	215.0
224.25343991318832	213.0
224.26344051254227	213.0
224.27344111189623	213.0
224.2834417112502	213.0
224.29344231060415	213.0
224.3034429099581	213.0
224.31344350931207	213.0
224.32344410866605	215.0
224.33344470802	215.0
224.34344530737397	215.0
224.35344590672793	215.0
224.36344650608189	215.0
224.37344710543584	213.0
224.3834477047898	213.0
224.39344830414376	210.0
224.40344890349772	206.0
224.41344950285168	199.0
224.42345010220563	192.0
224.4334507015596	185.0
224.44345130091355	179.0
224.4534519002675	171.0
224.46345249962147	163.0
224.47345309897543	158.0
224.48345369832938	152.0
224.49345429768334	149.0
224.5034548970373	149.0
224.51345549639126	150.0
224.52345609574522	154.0
224.53345669509918	159.0
224.54345729445316	165.0
224.55345789380712	171.0
224.56345849316108	179.0
224.57345909251504	185.0
224.583459691869	194.0
224.59346029122295	199.0
224.6034608905769	203.0
224.61346148993087	206.0
224.62346208928483	236.0
224.6334626886388	242.0
224.64346328799274	236.0
224.6534638873467	208.0
224.66346448670066	147.0
224.67346508605462	144.0
224.68346568540858	145.0
224.69346628476254	149.0
224.7034668841165	152.0
224.71346748347045	158.0
224.7234680828244	165.0
224.73346868217837	173.0
224.74346928153233	179.0
224.75346988088629	181.0
224.76347048024027	183.0
224.77347107959423	185.0
224.7834716789482	185.0
224.79347227830215	185.0
224.8034728776561	185.0
224.81347347701006	0.0
224.82347407636402	262.0
224.83347467571798	259.0
224.84347527507194	248.0
224.8534758744259	185.0
224.86347647377985	175.0
224.8734770731338	159.0
224.88347767248777	147.0
224.89347827184173	132.0
224.9034788711957	128.0
224.91347947054965	129.0
224.9234800699036	131.0
224.93348066925756	132.0
224.94348126861152	134.0
224.95348186796548	137.0
224.96348246731944	140.0
224.9734830666734	142.0
224.98348366602735	142.0
224.99348426538134	142.0
225.0034848647353	140.0
225.01348546408926	139.0
225.02348606344322	137.0
225.03348666279717	136.0
225.04348726215113	134.0
225.0534878615051	134.0
225.06348846085905	132.0
225.073489060213	132.0
225.08348965956696	129.0
225.09349025892092	128.0
225.10349085827488	128.0
225.11349145762884	129.0
225.1234920569828	132.0
225.13349265633676	137.0
225.14349325569071	149.0
225.15349385504467	156.0
225.16349445439863	161.0
225.1734950537526	167.0
225.18349565310655	171.0
225.1934962524605	175.0
225.20349685181446	177.0
225.21349745116845	179.0
225.2234980505224	179.0
225.23349864987637	175.0
225.24349924923033	169.0
225.25349984858428	165.0
225.26350044793824	158.0
225.2735010472922	149.0
225.28350164664616	137.0
225.29350224600012	136.0
225.30350284535407	136.0
225.31350344470803	137.0
225.323504044062	142.0
225.33350464341595	149.0
225.3435052427699	152.0
225.35350584212387	156.0
225.36350644147782	161.0
225.37350704083178	169.0
225.38350764018574	175.0
225.3935082395397	181.0
225.40350883889366	190.0
225.41350943824762	194.0
225.42351003760157	0.0
225.43351063695556	278.0
225.44351123630952	278.0
225.45351183566348	0.0
225.46351243501744	0.0
225.4735130343714	0.0
225.48351363372535	152.0
225.4935142330793	149.0
225.50351483243327	144.0
225.51351543178723	140.0
225.52351603114118	140.0
225.53351663049514	142.0
225.5435172298491	145.0
225.55351782920306	150.0
225.56351842855702	156.0
225.57351902791098	163.0
225.58351962726493	171.0
225.5935202266189	177.0
225.60352082597285	185.0
225.6135214253268	0.0
225.62352202468077	0.0
225.63352262403473	275.0
225.64352322338868	275.0
225.65352382274264	272.0
225.66352442209663	256.0
225.6735250214506	236.0
225.68352562080455	0.0
225.6935262201585	147.0
225.70352681951246	149.0
225.71352741886642	152.0
225.72352801822038	156.0
225.73352861757434	165.0
225.7435292169283	171.0
225.75352981628225	183.0
225.7635304156362	183.0
225.77353101499017	179.0
225.78353161434413	173.0
225.7935322136981	167.0
225.80353281305204	165.0
225.813533412406	165.0
225.82353401175996	165.0
225.83353461111392	0.0
225.84353521046788	0.0
225.85353580982184	0.0
225.8635364091758	0.0
225.87353700852975	154.0
225.88353760788374	149.0
225.8935382072377	142.0
225.90353880659165	139.0
225.9135394059456	137.0
225.92354000529957	136.0
225.93354060465353	136.0
225.9435412040075	137.0
225.95354180336145	140.0
225.9635424027154	142.0
225.97354300206936	144.0
225.98354360142332	144.0
225.99354420077728	142.0
226.00354480013124	140.0
226.0135453994852	137.0
226.02354599883915	132.0
226.0335465981931	115.0
226.04354719754707	115.0
226.05354779690103	115.0
226.063548396255	118.0
226.07354899560895	118.0
226.0835495949629	119.0
226.09355019431686	122.0
226.10355079367082	124.0
226.1135513930248	0.0
226.12355199237876	0.0
226.13355259173272	0.0
226.14355319108668	0.0
226.15355379044064	0.0
226.1635543897946	0.0
226.17355498914856	0.0
226.18355558850251	0.0
226.19355618785647	0.0
226.20355678721043	0.0
226.2135573865644	0.0
226.22355798591835	0.0
226.2335585852723	0.0
226.24355918462626	0.0
226.25355978398022	0.0
226.26356038333418	0.0
226.27356098268814	156.0
226.2835615820421	154.0
226.29356218139606	152.0
226.30356278075	136.0
226.31356338010397	136.0
226.32356397945793	136.0
226.33356457881192	137.0
226.34356517816587	139.0
226.35356577751983	142.0
226.3635663768738	144.0
226.37356697622775	147.0
226.3835675755817	149.0
226.39356817493567	149.0
226.40356877428962	147.0
226.41356937364358	144.0
226.42356997299754	140.0
226.4335705723515	137.0
226.44357117170546	136.0
226.45357177105942	134.0
226.46357237041337	134.0
226.47357296976733	134.0
226.4835735691213	134.0
226.49357416847525	136.0
226.5035747678292	136.0
226.51357536718317	136.0
226.52357596653712	134.0
226.53357656589108	136.0
226.54357716524504	0.0
226.55357776459903	0.0
226.56357836395298	0.0
226.57357896330694	158.0
226.5835795626609	159.0
226.59358016201486	163.0
226.60358076136882	167.0
226.61358136072278	173.0
226.62358196007673	179.0
226.6335825594307	185.0
226.64358315878465	194.0
226.6535837581386	201.0
226.66358435749257	203.0
226.67358495684653	201.0
226.68358555620048	190.0
226.69358615555444	181.0
226.7035867549084	171.0
226.71358735426236	158.0
226.72358795361632	150.0
226.73358855297028	136.0
226.74358915232423	136.0
226.7535897516782	137.0
226.76359035103215	145.0
226.7735909503861	152.0
226.7835915497401	158.0
226.79359214909405	163.0
226.803592748448	169.0
226.81359334780197	175.0
226.82359394715593	179.0
226.8335945465099	185.0
226.84359514586384	187.0
226.8535957452178	187.0
226.86359634457176	185.0
226.87359694392572	181.0
226.88359754327968	175.0
226.89359814263364	167.0
226.9035987419876	163.0
226.91359934134155	167.0
226.9235999406955	0.0
226.93360054004947	0.0
226.94360113940343	196.0
226.95360173875738	196.0
226.96360233811134	199.0
226.9736029374653	201.0
226.98360353681926	206.0
226.99360413617322	210.0
227.0036047355272	215.0
227.01360533488116	220.0
227.02360593423512	220.0
227.03360653358908	220.0
227.04360713294304	218.0
227.053607732297	218.0
227.06360833165095	218.0
227.0736089310049	218.0
227.08360953035887	218.0
227.09361012971283	218.0
227.1036107290668	218.0
227.11361132842075	218.0
227.1236119277747	215.0
227.13361252712866	213.0
227.14361312648262	210.0
227.15361372583658	210.0
227.16361432519054	210.0
227.1736149245445	210.0
227.18361552389845	213.0
227.1936161232524	210.0
227.20361672260637	206.0
227.21361732196033	201.0
227.22361792131431	196.0
227.23361852066827	192.0
227.24361912002223	192.0
227.2536197193762	194.0
227.26362031873015	196.0
227.2736209180841	201.0
227.28362151743806	203.0
227.29362211679202	208.0
227.30362271614598	210.0
227.31362331549994	210.0
227.3236239148539	213.0
227.33362451420786	223.0
227.3436251135618	234.0
227.35362571291577	245.0
227.36362631226973	259.0
227.3736269116237	275.0
227.38362751097765	284.0
227.3936281103316	288.0
227.40362870968556	284.0
227.41362930903952	281.0
227.42362990839348	275.0
227.43363050774744	272.0
227.4436311071014	268.0
227.45363170645538	262.0
227.46363230580934	256.0
227.4736329051633	250.0
227.48363350451726	245.0
227.49363410387122	242.0
227.50363470322517	239.0
227.51363530257913	234.0
227.5236359019331	231.0
227.53363650128705	228.0
227.543637100641	226.0
227.55363769999497	226.0
227.56363829934892	228.0
227.57363889870288	234.0
227.58363949805684	236.0
227.5936400974108	236.0
227.60364069676476	0.0
227.61364129611871	0.0
227.62364189547267	0.0
227.63364249482663	0.0
227.6436430941806	327.0
227.65364369353455	319.0
227.6636442928885	305.0
227.6736448922425	291.0
227.68364549159645	284.0
227.6936460909504	281.0
227.70364669030437	278.0
227.71364728965833	275.0
227.72364788901228	272.0
227.73364848836624	272.0
227.7436490877202	272.0
227.75364968707416	272.0
227.76365028642812	268.0
227.77365088578208	268.0
227.78365148513603	268.0
227.79365208449	265.0
227.80365268384395	268.0
227.8136532831979	268.0
227.82365388255187	272.0
227.83365448190582	275.0
227.84365508125978	275.0
227.85365568061374	278.0
227.8636562799677	278.0
227.87365687932166	278.0
227.88365747867562	278.0
227.8936580780296	275.0
227.90365867738356	275.0
227.91365927673752	268.0
227.92365987609148	265.0
227.93366047544544	259.0
227.9436610747994	253.0
227.95366167415335	248.0
227.9636622735073	239.0
227.97366287286127	228.0
227.98366347221523	208.0
227.99366407156919	201.0
228.00366467092314	201.0
228.0136652702771	203.0
228.02366586963106	210.0
228.03366646898502	223.0
228.04366706833898	236.0
228.05366766769293	248.0
228.0636682670469	256.0
228.07366886640085	265.0
228.0836694657548	268.0
228.09367006510877	272.0
228.10367066446273	272.0
228.11367126381668	272.0
228.12367186317067	272.0
228.13367246252463	272.0
228.1436730618786	268.0
228.15367366123255	265.0
228.1636742605865	256.0
228.17367485994046	250.0
228.18367545929442	275.0
228.19367605864838	284.0
228.20367665800234	284.0
228.2136772573563	278.0
228.22367785671025	275.0
228.2336784560642	268.0
228.24367905541817	256.0
228.25367965477213	248.0
228.2636802541261	236.0
228.27368085348004	223.0
228.283681452834	215.0
228.29368205218796	213.0
228.30368265154192	213.0
228.31368325089588	218.0
228.32368385024984	228.0
228.3336844496038	236.0
228.34368504895778	239.0
228.35368564831174	242.0
228.3636862476657	245.0
228.37368684701966	248.0
228.3836874463736	256.0
228.39368804572757	316.0
228.40368864508153	327.0
228.4136892444355	350.0
228.42368984378945	350.0
228.4336904431434	346.0
228.44369104249736	338.0
228.45369164185132	319.0
228.46369224120528	308.0
228.47369284055924	218.0
228.4836934399132	215.0
228.49369403926715	213.0
228.5036946386211	215.0
228.51369523797507	215.0
228.52369583732903	215.0
228.533696436683	218.0
228.54369703603695	218.0
228.5536976353909	218.0
228.5636982347449	215.0
228.57369883409885	215.0
228.5836994334528	213.0
228.59370003280677	210.0
228.60370063216072	208.0
228.61370123151468	206.0
228.62370183086864	206.0
228.6337024302226	206.0
228.64370302957656	206.0
228.65370362893051	208.0
228.66370422828447	213.0
228.67370482763843	213.0
228.6837054269924	213.0
228.69370602634635	208.0
228.7037066257003	206.0
228.71370722505426	206.0
228.72370782440822	206.0
228.73370842376218	206.0
228.74370902311614	208.0
228.7537096224701	208.0
228.76371022182406	201.0
228.773710821178	194.0
228.78371142053197	165.0
228.79371201988596	158.0
228.80371261923992	149.0
228.81371321859388	144.0
228.82371381794783	144.0
228.8337144173018	145.0
228.84371501665575	150.0
228.8537156160097	156.0
228.86371621536367	165.0
228.87371681471762	175.0
228.88371741407158	181.0
228.89371801342554	185.0
228.9037186127795	185.0
228.91371921213346	185.0
228.92371981148742	185.0
228.93372041084137	181.0
228.94372101019533	177.0
228.9537216095493	171.0
228.96372220890325	163.0
228.9737228082572	154.0
228.98372340761117	145.0
228.99372400696512	144.0
229.00372460631908	145.0
229.01372520567307	147.0
229.02372580502703	150.0
229.03372640438099	156.0
229.04372700373494	159.0
229.0537276030889	165.0
229.06372820244286	167.0
229.07372880179682	167.0
229.08372940115078	167.0
229.09373000050473	169.0
229.1037305998587	175.0
229.11373119921265	181.0
229.1237317985666	192.0
229.13373239792057	185.0
229.14373299727453	181.0
229.15373359662848	175.0
229.16373419598244	169.0
229.1737347953364	159.0
229.18373539469036	149.0
229.19373599404432	144.0
229.20373659339828	139.0
229.21373719275223	137.0
229.2237377921062	137.0
229.23373839146018	139.0
229.24373899081414	144.0
229.2537395901681	149.0
229.26374018952205	154.0
229.273740788876	158.0
229.28374138822997	163.0
229.29374198758393	177.0
229.3037425869379	187.0
229.31374318629184	196.0
229.3237437856458	206.0
229.33374438499976	210.0
229.34374498435372	215.0
229.35374558370768	215.0
229.36374618306164	213.0
229.3737467824156	210.0
229.38374738176955	208.0
229.3937479811235	206.0
229.40374858047747	203.0
229.41374917983143	201.0
229.42374977918539	199.0
229.43375037853934	199.0
229.4437509778933	194.0
229.45375157724726	190.0
229.46375217660125	183.0
229.4737527759552	181.0
229.48375337530916	177.0
229.49375397466312	177.0
229.50375457401708	175.0
229.51375517337104	177.0
229.523755772725	177.0
229.53375637207895	177.0
229.5437569714329	177.0
229.55375757078687	177.0
229.56375817014083	177.0
229.5737587694948	177.0
229.58375936884875	177.0
229.5937599682027	177.0
229.60376056755666	175.0
229.61376116691062	175.0
229.62376176626458	171.0
229.63376236561854	169.0
229.6437629649725	167.0
229.65376356432645	165.0
229.6637641636804	163.0
229.67376476303437	163.0
229.68376536238836	165.0
229.69376596174232	167.0
229.70376656109627	169.0
229.71376716045023	171.0
229.7237677598042	173.0
229.73376835915815	175.0
229.7437689585121	175.0
229.75376955786606	177.0
229.76377015722002	179.0
229.77377075657398	179.0
229.78377135592794	181.0
229.7937719552819	185.0
229.80377255463586	187.0
229.8137731539898	187.0
229.82377375334377	187.0
229.83377435269773	183.0
229.8437749520517	181.0
229.85377555140565	177.0
229.8637761507596	175.0
229.87377675011356	175.0
229.88377734946752	173.0
229.89377794882148	173.0
229.90377854817544	173.0
229.91377914752943	173.0
229.92377974688338	173.0
229.93378034623734	173.0
229.9437809455913	173.0
229.95378154494526	173.0
229.96378214429922	175.0
229.97378274365317	177.0
229.98378334300713	183.0
229.9937839423611	190.0
230.00378454171505	194.0
230.013785141069	196.0
230.02378574042297	196.0
230.03378633977692	196.0
230.04378693913088	192.0
230.05378753848484	187.0
230.0637881378388	181.0
230.07378873719276	173.0
230.08378933654672	171.0
230.09378993590067	169.0
230.10379053525463	169.0
230.1137911346086	167.0
230.12379173396255	167.0
230.13379233331653	165.0
230.1437929326705	0.0
230.15379353202445	0.0
230.1637941313784	0.0
230.17379473073237	0.0
230.18379533008633	0.0
230.19379592944028	0.0
230.20379652879424	0.0
230.2137971281482	0.0
230.22379772750216	0.0
230.23379832685612	0.0
230.24379892621008	0.0
230.25379952556403	0.0
230.263800124918	0.0
230.27380072427195	0.0
230.2838013236259	0.0
230.29380192297987	0.0
230.30380252233383	0.0
230.31380312168778	0.0
230.32380372104174	0.0
230.3338043203957	0.0
230.34380491974966	0.0
230.35380551910364	0.0
230.3638061184576	0.0
230.37380671781156	0.0
230.38380731716552	0.0
230.39380791651948	0.0
230.40380851587344	0.0
230.4138091152274	0.0
230.42380971458135	0.0
230.4338103139353	0.0
230.44381091328927	0.0
230.45381151264323	0.0
230.46381211199719	0.0
230.47381271135114	0.0
230.4838133107051	0.0
230.49381391005906	0.0
230.50381450941302	0.0
230.51381510876698	0.0
230.52381570812094	0.0
230.5338163074749	0.0
230.54381690682885	0.0
230.5538175061828	0.0
230.56381810553677	0.0
230.57381870489073	173.0
230.5838193042447	171.0
230.59381990359867	171.0
230.60382050295263	171.0
230.6138211023066	171.0
230.62382170166055	173.0
230.6338223010145	173.0
230.64382290036846	175.0
230.65382349972242	177.0
230.66382409907638	177.0
230.67382469843034	179.0
230.6838252977843	177.0
230.69382589713825	177.0
230.7038264964922	177.0
230.71382709584617	175.0
230.72382769520013	175.0
230.7338282945541	175.0
230.74382889390805	175.0
230.753829493262	175.0
230.76383009261596	175.0
230.77383069196992	177.0
230.78383129132388	177.0
230.79383189067784	175.0
230.80383249003182	175.0
230.81383308938578	175.0
230.82383368873974	175.0
230.8338342880937	173.0
230.84383488744766	173.0
230.85383548680161	173.0
230.86383608615557	171.0
230.87383668550953	171.0
230.8838372848635	171.0
230.89383788421745	173.0
230.9038384835714	177.0
230.91383908292536	183.0
230.92383968227932	192.0
230.93384028163328	201.0
230.94384088098724	208.0
230.9538414803412	210.0
230.96384207969516	213.0
230.9738426790491	210.0
230.98384327840307	208.0
230.99384387775703	203.0
231.003844477111	194.0
231.01384507646495	185.0
231.02384567581893	181.0
231.0338462751729	177.0
231.04384687452685	175.0
231.0538474738808	173.0
231.06384807323477	169.0
231.07384867258872	167.0
231.08384927194268	167.0
231.09384987129664	167.0
231.1038504706506	167.0
231.11385107000456	169.0
231.12385166935852	171.0
231.13385226871247	171.0
231.14385286806643	173.0
231.1538534674204	173.0
231.16385406677435	173.0
231.1738546661283	173.0
231.18385526548226	175.0
231.19385586483622	179.0
231.20385646419018	185.0
231.21385706354414	192.0
231.2238576628981	196.0
231.23385826225206	201.0
231.24385886160601	206.0
231.25385946096	210.0
231.26386006031396	218.0
231.27386065966792	223.0
231.28386125902188	226.0
231.29386185837583	226.0
231.3038624577298	223.0
231.31386305708375	218.0
231.3238636564377	210.0
231.33386425579167	206.0
231.34386485514563	199.0
231.35386545449958	190.0
231.36386605385354	181.0
231.3738666532075	175.0
231.38386725256146	173.0
231.39386785191542	169.0
231.40386845126937	169.0
231.41386905062333	167.0
231.4238696499773	167.0
231.43387024933125	169.0
231.4438708486852	169.0
231.45387144803917	171.0
231.46387204739312	173.0
231.4738726467471	173.0
231.48387324610107	173.0
231.49387384545503	173.0
231.503874444809	173.0
231.51387504416294	173.0
231.5238756435169	173.0
231.53387624287086	173.0
231.54387684222482	173.0
231.55387744157878	173.0
231.56387804093274	173.0
231.5738786402867	171.0
231.58387923964065	171.0
231.5938798389946	171.0
231.60388043834857	173.0
231.61388103770253	173.0
231.62388163705648	177.0
231.63388223641044	181.0
231.6438828357644	187.0
231.65388343511836	194.0
231.66388403447232	199.0
231.67388463382628	203.0
231.68388523318023	206.0
231.69388583253422	206.0
231.70388643188818	206.0
231.71388703124214	203.0
231.7238876305961	199.0
231.73388822995005	194.0
231.743888829304	185.0
231.75388942865797	177.0
231.76389002801193	171.0
231.7738906273659	163.0
231.78389122671985	156.0
231.7938918260738	152.0
231.80389242542776	150.0
231.81389302478172	149.0
231.82389362413568	149.0
231.83389422348964	149.0
231.8438948228436	150.0
231.85389542219755	154.0
231.8638960215515	158.0
231.87389662090547	163.0
231.88389722025943	169.0
231.8938978196134	171.0
231.90389841896734	173.0
231.9138990183213	171.0
231.9238996176753	165.0
231.93390021702925	159.0
231.9439008163832	159.0
231.95390141573716	163.0
231.96390201509112	163.0
231.97390261444508	167.0
231.98390321379904	169.0
231.993903813153	169.0
232.00390441250696	167.0
232.0139050118609	165.0
232.02390561121487	161.0
232.03390621056883	158.0
232.0439068099228	154.0
232.05390740927675	150.0
232.0639080086307	149.0
232.07390860798466	145.0
232.08390920733862	145.0
232.09390980669258	145.0
232.10391040604654	149.0
232.1139110054005	152.0
232.12391160475445	158.0
232.1339122041084	161.0
232.1439128034624	163.0
232.15391340281636	169.0
232.16391400217032	173.0
232.17391460152427	177.0
232.18391520087823	183.0
232.1939158002322	187.0
232.20391639958615	187.0
232.2139169989401	187.0
232.22391759829407	181.0
232.23391819764802	175.0
232.24391879700198	169.0
232.25391939635594	161.0
232.2639199957099	158.0
232.27392059506386	158.0
232.28392119441781	158.0
232.29392179377177	158.0
232.30392239312573	159.0
232.3139229924797	159.0
232.32392359183365	161.0
232.3339241911876	161.0
232.34392479054156	163.0
232.35392538989552	165.0
232.3639259892495	165.0
232.37392658860347	167.0
232.38392718795743	169.0
232.39392778731138	169.0
232.40392838666534	171.0
232.4139289860193	173.0
232.42392958537326	175.0
232.43393018472722	177.0
232.44393078408118	179.0
232.45393138343513	181.0
232.4639319827891	183.0
232.47393258214305	183.0
232.483933181497	183.0
232.49393378085097	181.0
232.50393438020492	181.0
232.51393497955888	179.0
232.52393557891284	177.0
232.5339361782668	177.0
232.54393677762076	177.0
232.55393737697472	177.0
232.56393797632867	179.0
232.57393857568263	181.0
232.5839391750366	181.0
232.59393977439058	181.0
232.60394037374454	181.0
232.6139409730985	183.0
232.62394157245245	183.0
232.6339421718064	185.0
232.64394277116037	187.0
232.65394337051433	192.0
232.66394396986828	194.0
232.67394456922224	199.0
232.6839451685762	203.0
232.69394576793016	206.0
232.70394636728412	208.0
232.71394696663808	210.0
232.72394756599203	213.0
232.733948165346	213.0
232.74394876469995	213.0
232.7539493640539	213.0
232.76394996340787	213.0
232.77395056276183	210.0
232.78395116211578	210.0
232.79395176146974	208.0
232.8039523608237	208.0
232.8139529601777	208.0
232.82395355953165	208.0
232.8339541588856	208.0
232.84395475823956	208.0
232.85395535759352	208.0
232.86395595694748	208.0
232.87395655630144	206.0
232.8839571556554	206.0
232.89395775500935	206.0
232.9039583543633	203.0
232.91395895371727	203.0
232.92395955307123	203.0
232.9339601524252	203.0
232.94396075177914	203.0
232.9539613511331	203.0
232.96396195048706	203.0
232.97396254984102	203.0
232.98396314919498	206.0
232.99396374854894	206.0
233.0039643479029	208.0
233.01396494725685	210.0
233.0239655466108	210.0
233.0339661459648	210.0
233.04396674531876	210.0
233.0539673446727	210.0
233.06396794402667	210.0
233.07396854338063	208.0
233.0839691427346	208.0
233.09396974208855	208.0
233.1039703414425	208.0
233.11397094079646	208.0
233.12397154015042	208.0
233.13397213950438	206.0
233.14397273885834	206.0
233.1539733382123	203.0
233.16397393756625	201.0
233.1739745369202	199.0
233.18397513627417	196.0
233.19397573562813	192.0
233.2039763349821	187.0
233.21397693433605	181.0
233.22397753369	175.0
233.23397813304396	167.0
233.24397873239792	158.0
233.25397933175188	150.0
233.26397993110587	145.0
233.27398053045982	142.0
233.28398112981378	142.0
233.29398172916774	144.0
233.3039823285217	147.0
233.31398292787566	0.0
233.32398352722961	0.0
233.33398412658357	0.0
233.34398472593753	0.0
233.3539853252915	0.0
233.36398592464545	0.0
233.3739865239994	0.0
233.38398712335336	0.0
233.39398772270732	0.0
233.40398832206128	0.0
233.41398892141524	0.0
233.4239895207692	248.0
233.43399012012316	253.0
233.4439907194771	256.0
233.45399131883107	253.0
233.46399191818503	242.0
233.473992517539	220.0
233.48399311689298	213.0
233.49399371624693	210.0
233.5039943156009	210.0
233.51399491495485	208.0
233.5239955143088	208.0
233.53399611366277	208.0
233.54399671301672	208.0
233.55399731237068	208.0
233.56399791172464	208.0
233.5739985110786	208.0
233.58399911043256	210.0
233.59399970978652	210.0
233.60400030914047	210.0
233.61400090849443	210.0
233.6240015078484	210.0
233.63400210720235	210.0
233.6440027065563	210.0
233.65400330591027	208.0
233.66400390526422	208.0
233.67400450461818	208.0
233.68400510397214	208.0
233.6940057033261	208.0
233.70400630268009	208.0
233.71400690203404	206.0
233.724007501388	206.0
233.73400810074196	206.0
233.74400870009592	206.0
233.75400929944988	206.0
233.76400989880383	208.0
233.7740104981578	208.0
233.78401109751175	208.0
233.7940116968657	208.0
233.80401229621967	210.0
233.81401289557363	210.0
233.82401349492758	210.0
233.83401409428154	213.0
233.8440146936355	213.0
233.85401529298946	213.0
233.86401589234342	213.0
233.87401649169738	215.0
233.88401709105133	215.0
233.8940176904053	213.0
233.90401828975925	213.0
233.9140188891132	210.0
233.92401948846717	210.0
233.93402008782115	208.0
233.9440206871751	208.0
233.95402128652907	208.0
233.96402188588303	208.0
233.974022485237	208.0
233.98402308459094	210.0
233.9940236839449	210.0
234.00402428329886	210.0
234.01402488265282	213.0
234.02402548200678	213.0
234.03402608136074	213.0
234.0440266807147	213.0
234.05402728006865	213.0
234.0640278794226	213.0
234.07402847877657	213.0
234.08402907813053	213.0
234.09402967748449	210.0
234.10403027683844	210.0
234.1140308761924	210.0
234.12403147554636	208.0
234.13403207490032	208.0
234.14403267425428	208.0
234.15403327360826	210.0
234.16403387296222	210.0
234.17403447231618	210.0
234.18403507167014	208.0
234.1940356710241	208.0
234.20403627037805	206.0
234.214036869732	196.0
234.22403746908597	190.0
234.23403806843993	177.0
234.2440386677939	173.0
234.25403926714785	0.0
234.2640398665018	0.0
234.27404046585576	0.0
234.28404106520972	0.0
234.29404166456368	0.0
234.30404226391764	0.0
234.3140428632716	0.0
234.32404346262555	0.0
234.3340440619795	0.0
234.34404466133347	0.0
234.35404526068743	0.0
234.3640458600414	0.0
234.37404645939534	0.0
234.38404705874933	0.0
234.3940476581033	0.0
234.40404825745725	0.0
234.4140488568112	0.0
234.42404945616516	0.0
234.43405005551912	0.0
234.44405065487308	0.0
234.45405125422704	0.0
234.464051853581	0.0
234.47405245293496	0.0
234.4840530522889	0.0
234.49405365164287	0.0
234.50405425099683	0.0
234.5140548503508	0.0
234.52405544970475	0.0
234.5340560490587	0.0
234.54405664841266	0.0
234.55405724776662	0.0
234.56405784712058	0.0
234.57405844647454	0.0
234.5840590458285	0.0
234.59405964518245	0.0
234.60406024453644	0.0
234.6140608438904	0.0
234.62406144324436	0.0
234.63406204259832	0.0
234.64406264195227	0.0
234.65406324130623	0.0
234.6640638406602	0.0
234.67406444001415	0.0
234.6840650393681	0.0
234.69406563872207	0.0
234.70406623807602	0.0
234.71406683742998	0.0
234.72406743678394	0.0
234.7340680361379	0.0
234.74406863549186	0.0
234.75406923484582	0.0
234.76406983419977	0.0
234.77407043355373	194.0
234.7840710329077	194.0
234.79407163226165	194.0
234.8040722316156	196.0
234.81407283096956	199.0
234.82407343032355	201.0
234.8340740296775	203.0
234.84407462903147	206.0
234.85407522838543	208.0
234.86407582773938	208.0
234.87407642709334	208.0
234.8840770264473	208.0
234.89407762580126	208.0
234.90407822515522	208.0
234.91407882450918	208.0
234.92407942386313	208.0
234.9340800232171	208.0
234.94408062257105	210.0
234.954081221925	210.0
234.96408182127897	210.0
234.97408242063293	208.0
234.98408301998688	206.0
234.99408361934084	201.0
235.0040842186948	196.0
235.01408481804876	190.0
235.02408541740272	181.0
235.03408601675667	173.0
235.04408661611063	163.0
235.05408721546462	154.0
235.06408781481858	149.0
235.07408841417254	144.0
235.0840890135265	144.0
235.09408961288045	145.0
235.1040902122344	149.0
235.11409081158837	156.0
235.12409141094233	163.0
235.13409201029629	173.0
235.14409260965024	179.0
235.1540932090042	187.0
235.16409380835816	194.0
235.17409440771212	203.0
235.18409500706608	213.0
235.19409560642003	220.0
235.204096205774	226.0
235.21409680512795	228.0
235.2240974044819	226.0
235.23409800383587	218.0
235.24409860318983	210.0
235.25409920254378	203.0
235.26409980189774	199.0
235.27410040125173	190.0
235.2841010006057	183.0
235.29410159995965	177.0
235.3041021993136	171.0
235.31410279866756	167.0
235.32410339802152	165.0
235.33410399737548	163.0
235.34410459672944	161.0
235.3541051960834	161.0
235.36410579543735	161.0
235.3741063947913	163.0
235.38410699414527	165.0
235.39410759349923	167.0
235.4041081928532	169.0
235.41410879220714	171.0
235.4241093915611	173.0
235.43410999091506	173.0
235.44411059026902	175.0
235.45411118962298	183.0
235.46411178897694	196.0
235.4741123883309	210.0
235.48411298768485	226.0
235.49411358703884	242.0
235.5041141863928	256.0
235.51411478574676	265.0
235.5241153851007	275.0
235.53411598445467	284.0
235.54411658380863	294.0
235.5541171831626	308.0
235.56411778251655	316.0
235.5741183818705	316.0
235.58411898122446	312.0
235.59411958057842	298.0
235.60412017993238	288.0
235.61412077928634	278.0
235.6241213786403	265.0
235.63412197799425	256.0
235.6441225773482	248.0
235.65412317670217	239.0
235.66412377605613	234.0
235.6741243754101	228.0
235.68412497476405	226.0
235.694125574118	223.0
235.70412617347196	223.0
235.71412677282592	226.0
235.7241273721799	226.0
235.73412797153387	228.0
235.74412857088782	231.0
235.75412917024178	234.0
235.76412976959574	234.0
235.7741303689497	236.0
235.78413096830366	236.0
235.79413156765762	239.0
235.80413216701157	239.0
235.81413276636553	242.0
235.8241333657195	242.0
235.83413396507345	242.0
235.8441345644274	245.0
235.85413516378136	245.0
235.86413576313532	245.0
235.87413636248928	248.0
235.88413696184324	250.0
235.8941375611972	256.0
235.90413816055116	259.0
235.91413875990511	265.0
235.92413935925907	268.0
235.93413995861303	275.0
235.94414055796702	275.0
235.95414115732098	275.0
235.96414175667493	272.0
235.9741423560289	268.0
235.98414295538285	265.0
235.9941435547368	259.0
236.00414415409077	253.0
236.01414475344473	245.0
236.02414535279868	239.0
236.03414595215264	236.0
236.0441465515066	234.0
236.05414715086056	231.0
236.06414775021452	228.0
236.07414834956847	228.0
236.08414894892243	228.0
236.0941495482764	231.0
236.10415014763035	231.0
236.1141507469843	231.0
236.12415134633827	234.0
236.13415194569222	236.0
236.14415254504618	239.0
236.15415314440014	242.0
236.16415374375413	248.0
236.17415434310809	253.0
236.18415494246204	262.0
236.194155541816	272.0
236.20415614116996	281.0
236.21415674052392	288.0
236.22415733987788	294.0
236.23415793923184	301.0
236.2441585385858	305.0
236.25415913793975	308.0
236.2641597372937	308.0
236.27416033664767	305.0
236.28416093600163	298.0
236.29416153535558	291.0
236.30416213470954	281.0
236.3141627340635	272.0
236.32416333341746	250.0
236.33416393277142	226.0
236.34416453212538	213.0
236.35416513147933	206.0
236.3641657308333	203.0
236.37416633018725	201.0
236.3841669295412	201.0
236.3941675288952	201.0
236.40416812824915	203.0
236.4141687276031	206.0
236.42416932695707	208.0
236.43416992631103	208.0
236.444170525665	208.0
236.45417112501895	208.0
236.4641717243729	208.0
236.47417232372686	208.0
236.48417292308082	208.0
236.49417352243478	208.0
236.50417412178874	208.0
236.5141747211427	206.0
236.52417532049665	206.0
236.5341759198506	206.0
236.54417651920457	206.0
236.55417711855853	203.0
236.5641777179125	201.0
236.57417831726644	201.0
236.5841789166204	199.0
236.59417951597436	201.0
236.60418011532832	203.0
236.6141807146823	206.0
236.62418131403626	208.0
236.63418191339022	210.0
236.64418251274418	210.0
236.65418311209814	210.0
236.6641837114521	208.0
236.67418431080606	203.0
236.68418491016	199.0
236.69418550951397	192.0
236.70418610886793	0.0
236.7141867082219	0.0
236.72418730757585	0.0
236.7341879069298	0.0
236.74418850628376	0.0
236.75418910563772	0.0
236.76418970499168	0.0
236.77419030434564	0.0
236.7841909036996	0.0
236.79419150305355	0.0
236.8041921024075	0.0
236.81419270176147	0.0
236.82419330111543	0.0
236.83419390046942	0.0
236.84419449982337	0.0
236.85419509917733	0.0
236.8641956985313	0.0
236.87419629788525	0.0
236.8841968972392	0.0
236.89419749659316	0.0
236.90419809594712	0.0
236.91419869530108	0.0
236.92419929465504	0.0
236.934199894009	0.0
236.94420049336296	0.0
236.95420109271691	0.0
236.96420169207087	0.0
236.97420229142483	0.0
236.9842028907788	0.0
236.99420349013275	0.0
237.0042040894867	0.0
237.01420468884066	0.0
237.02420528819462	0.0
237.03420588754858	206.0
237.04420648690254	203.0
237.0542070862565	201.0
237.06420768561048	201.0
237.07420828496444	203.0
237.0842088843184	203.0
237.09420948367236	206.0
237.10421008302632	206.0
237.11421068238027	206.0
237.12421128173423	208.0
237.1342118810882	208.0
237.14421248044215	208.0
237.1542130797961	206.0
237.16421367915007	206.0
237.17421427850402	206.0
237.18421487785798	206.0
237.19421547721194	206.0
237.2042160765659	206.0
237.21421667591986	206.0
237.22421727527382	208.0
237.23421787462777	208.0
237.24421847398173	210.0
237.2542190733357	210.0
237.26421967268965	213.0
237.2742202720436	210.0
237.2842208713976	210.0
237.29422147075155	206.0
237.3042220701055	201.0
237.31422266945947	194.0
237.32422326881343	185.0
237.33422386816738	175.0
237.34422446752134	161.0
237.3542250668753	147.0
237.36422566622926	139.0
237.37422626558322	137.0
237.38422686493718	137.0
237.39422746429113	139.0
237.4042280636451	144.0
237.41422866299905	152.0
237.424229262353	163.0
237.43422986170697	173.0
237.44423046106093	179.0
237.45423106041488	190.0
237.46423165976884	206.0
237.4742322591228	213.0
237.48423285847676	220.0
237.49423345783072	228.0
237.5042340571847	228.0
237.51423465653866	228.0
237.52423525589262	223.0
237.53423585524658	218.0
237.54423645460054	210.0
237.5542370539545	206.0
237.56423765330845	201.0
237.5742382526624	194.0
237.58423885201637	187.0
237.59423945137033	183.0
237.6042400507243	179.0
237.61424065007824	177.0
237.6242412494322	177.0
237.63424184878616	177.0
237.64424244814012	179.0
237.65424304749408	179.0
237.66424364684804	179.0
237.674244246202	177.0
237.68424484555595	177.0
237.6942454449099	175.0
237.70424604426387	175.0
237.71424664361783	173.0
237.72424724297178	173.0
237.73424784232577	171.0
237.74424844167973	171.0
237.7542490410337	173.0
237.76424964038765	177.0
237.7742502397416	183.0
237.78425083909556	190.0
237.79425143844952	201.0
237.80425203780348	215.0
237.81425263715744	231.0
237.8242532365114	253.0
237.83425383586535	272.0
237.8442544352193	288.0
237.85425503457327	298.0
237.86425563392723	301.0
237.8742562332812	298.0
237.88425683263515	294.0
237.8942574319891	291.0
237.90425803134306	281.0
237.91425863069702	268.0
237.92425923005098	256.0
237.93425982940494	248.0
237.9442604287589	239.0
237.95426102811288	236.0
237.96426162746684	234.0
237.9742622268208	231.0
237.98426282617476	231.0
237.99426342552871	231.0
238.00426402488267	234.0
238.01426462423663	234.0
238.0242652235906	234.0
238.03426582294455	236.0
238.0442664222985	236.0
238.05426702165246	236.0
238.06426762100642	236.0
238.07426822036038	236.0
238.08426881971434	236.0
238.0942694190683	236.0
238.10427001842226	236.0
238.1142706177762	239.0
238.12427121713017	242.0
238.13427181648413	248.0
238.1442724158381	250.0
238.15427301519205	256.0
238.164273614546	265.0
238.17427421389996	268.0
238.18427481325395	275.0
238.1942754126079	281.0
238.20427601196187	291.0
238.21427661131582	298.0
238.22427721066978	298.0
238.23427781002374	298.0
238.2442784093777	291.0
238.25427900873166	281.0
238.26427960808562	275.0
238.27428020743957	0.0
238.28428080679353	203.0
238.2942814061475	201.0
238.30428200550145	203.0
238.3142826048554	203.0
238.32428320420937	203.0
238.33428380356332	206.0
238.34428440291728	206.0
238.35428500227124	206.0
238.3642856016252	208.0
238.37428620097916	208.0
238.38428680033311	208.0
238.39428739968707	208.0
238.40428799904106	208.0
238.41428859839502	208.0
238.42428919774898	206.0
238.43428979710293	206.0
238.4442903964569	203.0
238.45429099581085	196.0
238.4642915951648	185.0
238.47429219451877	177.0
238.48429279387273	175.0
238.49429339322668	0.0
238.50429399258064	0.0
238.5142945919346	0.0
238.52429519128856	0.0
238.53429579064252	0.0
238.54429638999648	208.0
238.55429698935043	206.0
238.5642975887044	203.0
238.57429818805835	203.0
238.5842987874123	203.0
238.59429938676627	203.0
238.60429998612022	203.0
238.61430058547418	203.0
238.62430118482817	203.0
238.63430178418213	203.0
238.6443023835361	206.0
238.65430298289004	206.0
238.664303582244	206.0
238.67430418159796	208.0
238.68430478095192	208.0
238.69430538030588	210.0
238.70430597965984	213.0
238.7143065790138	213.0
238.72430717836775	215.0
238.7343077777217	218.0
238.74430837707567	218.0
238.75430897642963	215.0
238.76430957578359	213.0
238.77431017513754	208.0
238.7843107744915	203.0
238.79431137384546	196.0
238.80431197319942	187.0
238.81431257255338	179.0
238.82431317190733	169.0
238.8343137712613	159.0
238.84431437061525	149.0
238.85431496996924	142.0
238.8643155693232	140.0
238.87431616867715	142.0
238.8843167680311	145.0
238.89431736738507	152.0
238.90431796673903	161.0
238.914318566093	169.0
238.92431916544695	177.0
238.9343197648009	185.0
238.94432036415486	194.0
238.95432096350882	203.0
238.96432156286278	210.0
238.97432216221674	218.0
238.9843227615707	220.0
238.99432336092465	220.0
239.0043239602786	218.0
239.01432455963257	213.0
239.02432515898653	208.0
239.0343257583405	203.0
239.04432635769444	199.0
239.0543269570484	192.0
239.06432755640236	187.0
239.07432815575635	181.0
239.0843287551103	175.0
239.09432935446426	171.0
239.10432995381822	169.0
239.11433055317218	167.0
239.12433115252614	165.0
239.1343317518801	163.0
239.14433235123406	161.0
239.154332950588	159.0
239.16433354994197	159.0
239.17433414929593	159.0
239.1843347486499	159.0
239.19433534800385	161.0
239.2043359473578	165.0
239.21433654671176	169.0
239.22433714606572	171.0
239.23433774541968	177.0
239.24433834477364	179.0
239.2543389441276	185.0
239.26433954348155	194.0
239.2743401428355	201.0
239.28434074218947	206.0
239.29434134154346	213.0
239.30434194089742	218.0
239.31434254025137	220.0
239.32434313960533	220.0
239.3343437389593	215.0
239.34434433831325	210.0
239.3543449376672	206.0
239.36434553702117	203.0
239.37434613637512	199.0
239.38434673572908	194.0
239.39434733508304	190.0
239.404347934437	185.0
239.41434853379096	183.0
239.42434913314491	181.0
239.43434973249887	179.0
239.44435033185283	177.0
239.4543509312068	175.0
239.46435153056075	175.0
239.4743521299147	173.0
239.48435272926866	173.0
239.49435332862262	171.0
239.50435392797658	169.0
239.51435452733054	167.0
239.52435512668453	165.0
239.53435572603848	165.0
239.54435632539244	163.0
239.5543569247464	163.0
239.56435752410036	163.0
239.57435812345432	165.0
239.58435872280828	167.0
239.59435932216223	169.0
239.6043599215162	173.0
239.61436052087015	177.0
239.6243611202241	183.0
239.63436171957807	187.0
239.64436231893202	192.0
239.65436291828598	196.0
239.66436351763994	199.0
239.6743641169939	199.0
239.68436471634786	199.0
239.69436531570182	196.0
239.70436591505577	192.0
239.71436651440973	187.0
239.7243671137637	183.0
239.73436771311765	179.0
239.74436831247164	173.0
239.7543689118256	169.0
239.76436951117955	163.0
239.7743701105335	158.0
239.78437070988747	154.0
239.79437130924143	152.0
239.80437190859539	150.0
239.81437250794934	150.0
239.8243731073033	150.0
239.83437370665726	152.0
239.84437430601122	154.0
239.85437490536518	156.0
239.86437550471913	158.0
239.8743761040731	161.0
239.88437670342705	163.0
239.894377302781	165.0
239.90437790213497	167.0
239.91437850148893	171.0
239.92437910084288	177.0
239.93437970019684	185.0
239.9443802995508	194.0
239.95438089890476	201.0
239.96438149825875	206.0
239.9743820976127	206.0
239.98438269696666	203.0
239.99438329632062	196.0
240.00438389567458	187.0
240.01438449502854	179.0
240.0243850943825	169.0
240.03438569373645	161.0
240.0443862930904	145.0
240.05438689244437	136.0
240.06438749179833	131.0
240.0743880911523	128.0
240.08438869050624	126.0
240.0943892898602	129.0
240.10438988921416	132.0
240.11439048856812	134.0
240.12439108792208	137.0
240.13439168727604	137.0
240.14439228663	137.0
240.15439288598395	136.0
240.1643934853379	134.0
240.17439408469187	134.0
240.18439468404583	132.0
240.1943952833998	132.0
240.20439588275377	132.0
240.21439648210773	132.0
240.2243970814617	134.0
240.23439768081565	134.0
240.2443982801696	136.0
240.25439887952356	136.0
240.26439947887752	137.0
240.27440007823148	139.0
240.28440067758544	142.0
240.2944012769394	144.0
240.30440187629335	145.0
240.3144024756473	145.0
240.32440307500127	145.0
240.33440367435523	144.0
240.3444042737092	0.0
240.35440487306315	0.0
240.3644054724171	0.0
240.37440607177106	0.0
240.38440667112502	0.0
240.39440727047898	0.0
240.40440786983294	0.0
240.41440846918692	0.0
240.42440906854088	0.0
240.43440966789484	0.0
240.4444102672488	0.0
240.45441086660276	0.0
240.46441146595672	0.0
240.47441206531067	0.0
240.48441266466463	0.0
240.4944132640186	0.0
240.50441386337255	0.0
240.5144144627265	0.0
240.52441506208046	0.0
240.53441566143442	0.0
240.54441626078838	0.0
240.55441686014234	0.0
240.5644174594963	0.0
240.57441805885026	0.0
240.5844186582042	0.0
240.59441925755817	0.0
240.60441985691213	0.0
240.6144204562661	0.0
240.62442105562005	0.0
240.63442165497403	0.0
240.644422254328	0.0
240.65442285368195	0.0
240.6644234530359	0.0
240.67442405238987	0.0
240.68442465174383	0.0
240.69442525109778	0.0
240.70442585045174	0.0
240.7144264498057	0.0
240.72442704915966	0.0
240.73442764851362	0.0
240.74442824786757	0.0
240.75442884722153	0.0
240.7644294465755	0.0
240.77443004592945	0.0
240.7844306452834	0.0
240.79443124463737	0.0
240.80443184399132	312.0
240.81443244334528	278.0
240.82443304269924	268.0
240.8344336420532	259.0
240.84443424140716	253.0
240.85443484076112	248.0
240.8644354401151	242.0
240.87443603946906	236.0
240.88443663882302	231.0
240.89443723817698	228.0
240.90443783753093	223.0
240.9144384368849	223.0
240.92443903623885	223.0
240.9344396355928	223.0
240.94444023494677	226.0
240.95444083430073	231.0
240.96444143365468	234.0
240.97444203300864	239.0
240.9844426323626	250.0
240.99444323171656	262.0
241.00444383107052	272.0
241.01444443042448	278.0
241.02444502977843	284.0
241.0344456291324	288.0
241.04444622848635	291.0
241.0544468278403	288.0
241.06444742719427	288.0
241.07444802654823	284.0
241.0844486259022	284.0
241.09444922525617	281.0
241.10444982461013	281.0
241.1144504239641	281.0
241.12445102331804	281.0
241.134451622672	281.0
241.14445222202596	281.0
241.15445282137992	284.0
241.16445342073388	284.0
241.17445402008784	284.0
241.1844546194418	281.0
241.19445521879575	281.0
241.2044558181497	278.0
241.21445641750367	278.0
241.22445701685763	278.0
241.23445761621159	278.0
241.24445821556554	278.0
241.2544588149195	275.0
241.26445941427346	275.0
241.27446001362742	275.0
241.28446061298138	275.0
241.29446121233534	275.0
241.30446181168932	275.0
241.31446241104328	275.0
241.32446301039724	275.0
241.3344636097512	275.0
241.34446420910515	278.0
241.3544648084591	278.0
241.36446540781307	278.0
241.37446600716703	281.0
241.384466606521	281.0
241.39446720587495	281.0
241.4044678052289	281.0
241.41446840458286	275.0
241.42446900393682	265.0
241.43446960329078	256.0
241.44447020264474	253.0
241.4544708019987	256.0
241.46447140135265	268.0
241.4744720007066	284.0
241.48447260006057	294.0
241.49447319941453	312.0
241.5044737987685	331.0
241.51447439812245	346.0
241.5244749974764	363.0
241.5344755968304	371.0
241.54447619618435	375.0
241.5544767955383	375.0
241.56447739489226	371.0
241.57447799424622	363.0
241.58447859360018	354.0
241.59447919295414	338.0
241.6044797923081	327.0
241.61448039166206	319.0
241.62448099101601	312.0
241.63448159036997	308.0
241.64448218972393	305.0
241.6544827890779	301.0
241.66448338843185	301.0
241.6744839877858	301.0
241.68448458713976	305.0
241.69448518649372	305.0
241.70448578584768	305.0
241.71448638520164	298.0
241.7244869845556	291.0
241.73448758390956	281.0
241.7444881832635	272.0
241.7544887826175	265.0
241.76448938197146	265.0
241.77448998132542	265.0
241.78449058067937	265.0
241.79449118003333	272.0
241.8044917793873	278.0
241.81449237874125	316.0
241.8244929780952	350.0
241.83449357744917	354.0
241.84449417680312	363.0
241.85449477615708	363.0
241.86449537551104	363.0
241.874495974865	363.0
241.88449657421896	358.0
241.89449717357292	354.0
241.90449777292687	350.0
241.91449837228083	346.0
241.9244989716348	342.0
241.93449957098875	342.0
241.9445001703427	342.0
241.95450076969666	338.0
241.96450136905062	338.0
241.97450196840458	338.0
241.98450256775857	338.0
241.99450316711253	338.0
242.00450376646648	342.0
242.01450436582044	342.0
242.0245049651744	346.0
242.03450556452836	346.0
242.04450616388232	350.0
242.05450676323628	350.0
242.06450736259023	354.0
242.0745079619442	354.0
242.08450856129815	354.0
242.0945091606521	350.0
242.10450976000607	346.0
242.11451035936003	334.0
242.12451095871398	323.0
242.13451155806794	319.0
242.1445121574219	0.0
242.15451275677586	375.0
242.16451335612982	389.0
242.17451395548377	398.0
242.18451455483773	407.0
242.1945151541917	412.0
242.20451575354568	417.0
242.21451635289964	417.0
242.2245169522536	417.0
242.23451755160755	407.0
242.2445181509615	398.0
242.25451875031547	384.0
242.26451934966943	371.0
242.2745199490234	354.0
242.28452054837734	334.0
242.2945211477313	319.0
242.30452174708526	312.0
242.31452234643922	305.0
242.32452294579318	301.0
242.33452354514714	298.0
242.3445241445011	298.0
242.35452474385505	298.0
242.364525343209	301.0
242.37452594256297	308.0
242.38452654191693	312.0
242.39452714127088	319.0
242.40452774062484	323.0
242.4145283399788	327.0
242.4245289393328	338.0
242.43452953868675	358.0
242.4445301380407	371.0
242.45453073739466	0.0
242.46453133674862	0.0
242.47453193610258	0.0
242.48453253545654	0.0
242.4945331348105	0.0
242.50453373416445	0.0
242.5145343335184	0.0
242.52453493287237	0.0
242.53453553222633	0.0
242.5445361315803	371.0
242.55453673093425	367.0
242.5645373302882	358.0
242.57453792964216	346.0
242.58453852899612	294.0
242.59453912835008	281.0
242.60453972770404	275.0
242.614540327058	272.0
242.62454092641195	268.0
242.6345415257659	268.0
242.64454212511987	268.0
242.65454272447386	268.0
242.66454332382781	272.0
242.67454392318177	272.0
242.68454452253573	275.0
242.6945451218897	278.0
242.70454572124365	278.0
242.7145463205976	281.0
242.72454691995156	281.0
242.73454751930552	281.0
242.74454811865948	281.0
242.75454871801344	281.0
242.7645493173674	281.0
242.77454991672136	278.0
242.7845505160753	278.0
242.79455111542927	278.0
242.80455171478323	278.0
242.8145523141372	275.0
242.82455291349115	275.0
242.8345535128451	272.0
242.84455411219906	265.0
242.85455471155302	262.0
242.86455531090698	262.0
242.87455591026097	259.0
242.88455650961492	256.0
242.89455710896888	250.0
242.90455770832284	245.0
242.9145583076768	242.0
242.92455890703076	0.0
242.93455950638472	0.0
242.94456010573867	384.0
242.95456070509263	389.0
242.9645613044466	393.0
242.97456190380055	398.0
242.9845625031545	402.0
242.99456310250847	402.0
243.00456370186242	402.0
243.01456430121638	398.0
243.02456490057034	393.0
243.0345654999243	389.0
243.04456609927826	380.0
243.05456669863221	375.0
243.06456729798617	367.0
243.07456789734013	354.0
243.0845684966941	338.0
243.09456909604808	319.0
243.10456969540203	308.0
243.114570294756	301.0
243.12457089410995	298.0
243.1345714934639	298.0
243.14457209281787	298.0
243.15457269217183	305.0
243.16457329152578	308.0
243.17457389087974	316.0
243.1845744902337	323.0
243.19457508958766	327.0
243.20457568894162	338.0
243.21457628829558	350.0
243.22457688764953	354.0
243.2345774870035	0.0
243.24457808635745	0.0
243.2545786857114	0.0
243.26457928506537	0.0
243.27457988441932	0.0
243.28458048377328	0.0
243.29458108312724	384.0
243.3045816824812	375.0
243.31458228183516	367.0
243.32458288118914	354.0
243.3345834805431	334.0
243.34458407989706	294.0
243.35458467925102	284.0
243.36458527860498	281.0
243.37458587795894	278.0
243.3845864773129	275.0
243.39458707666685	275.0
243.4045876760208	275.0
243.41458827537477	278.0
243.42458887472873	278.0
243.43458947408269	281.0
243.44459007343664	281.0
243.4545906727906	284.0
243.46459127214456	284.0
243.47459187149852	284.0
243.48459247085248	284.0
243.49459307020643	281.0
243.5045936695604	281.0
243.51459426891435	278.0
243.5245948682683	278.0
243.53459546762227	275.0
243.54459606697625	272.0
243.5545966663302	268.0
243.56459726568417	262.0
243.57459786503813	256.0
243.5845984643921	248.0
243.59459906374605	245.0
243.6045996631	245.0
243.61460026245396	250.0
243.62460086180792	262.0
243.63460146116188	272.0
243.64460206051584	275.0
243.6546026598698	275.0
243.66460325922375	275.0
243.6746038585777	275.0
243.68460445793167	275.0
243.69460505728563	275.0
243.7046056566396	275.0
243.71460625599354	275.0
243.7246068553475	275.0
243.73460745470146	278.0
243.74460805405542	278.0
243.75460865340938	278.0
243.76460925276336	278.0
243.77460985211732	278.0
243.78461045147128	278.0
243.79461105082524	278.0
243.8046116501792	275.0
243.81461224953316	272.0
243.8246128488871	268.0
243.83461344824107	262.0
243.84461404759503	256.0
243.854614646949	248.0
243.86461524630295	236.0
243.8746158456569	223.0
243.88461644501086	208.0
243.89461704436482	199.0
243.90461764371878	192.0
243.91461824307274	185.0
243.9246188424267	181.0
243.93461944178065	177.0
243.9446200411346	177.0
243.95462064048857	0.0
243.96462123984253	0.0
243.9746218391965	0.0
243.98462243855045	0.0
243.99462303790443	278.0
244.0046236372584	278.0
244.01462423661235	281.0
244.0246248359663	284.0
244.03462543532027	284.0
244.04462603467422	284.0
244.05462663402818	284.0
244.06462723338214	278.0
244.0746278327361	275.0
244.08462843209006	268.0
244.09462903144401	259.0
244.10462963079797	253.0
244.11463023015193	245.0
244.1246308295059	236.0
244.13463142885985	231.0
244.1446320282138	223.0
244.15463262756776	218.0
244.16463322692172	215.0
244.17463382627568	215.0
244.18463442562964	215.0
244.1946350249836	215.0
244.20463562433756	220.0
244.21463622369154	226.0
244.2246368230455	228.0
244.23463742239946	234.0
244.24463802175342	234.0
244.25463862110738	234.0
244.26463922046133	231.0
244.2746398198153	226.0
244.28464041916925	223.0
244.2946410185232	223.0
244.30464161787717	234.0
244.31464221723112	0.0
244.32464281658508	281.0
244.33464341593904	284.0
244.344644015293	288.0
244.35464461464696	291.0
244.36464521400092	294.0
244.37464581335487	294.0
244.38464641270883	291.0
244.3946470120628	288.0
244.40464761141675	284.0
244.4146482107707	278.0
244.42464881012467	268.0
244.43464940947865	262.0
244.4446500088326	253.0
244.45465060818657	248.0
244.46465120754053	242.0
244.47465180689449	234.0
244.48465240624844	228.0
244.4946530056024	223.0
244.50465360495636	223.0
244.51465420431032	223.0
244.52465480366428	223.0
244.53465540301823	226.0
244.5446560023722	228.0
244.55465660172615	234.0
244.5646572010801	236.0
244.57465780043407	239.0
244.58465839978803	245.0
244.59465899914198	250.0
244.60465959849594	262.0
244.6146601978499	265.0
244.62466079720386	268.0
244.63466139655782	0.0
244.64466199591178	0.0
244.65466259526573	0.0
244.66466319461972	0.0
244.67466379397368	0.0
244.68466439332764	0.0
244.6946649926816	0.0
244.70466559203555	0.0
244.7146661913895	0.0
244.72466679074347	0.0
244.73466739009743	291.0
244.7446679894514	284.0
244.75466858880534	281.0
244.7646691881593	275.0
244.77466978751326	206.0
244.78467038686722	206.0
244.79467098622118	208.0
244.80467158557514	208.0
244.8146721849291	208.0
244.82467278428305	208.0
244.834673383637	208.0
244.84467398299097	208.0
244.85467458234493	208.0
244.86467518169889	208.0
244.87467578105284	208.0
244.88467638040683	208.0
244.8946769797608	208.0
244.90467757911475	208.0
244.9146781784687	208.0
244.92467877782266	210.0
244.93467937717662	210.0
244.94467997653058	213.0
244.95468057588454	213.0
244.9646811752385	213.0
244.97468177459245	210.0
244.9846823739464	203.0
244.99468297330037	199.0
245.00468357265433	194.0
245.0146841720083	192.0
245.02468477136225	190.0
245.0346853707162	190.0
245.04468597007016	192.0
245.05468656942412	194.0
245.06468716877808	196.0
245.07468776813204	199.0
245.084688367486	201.0
245.09468896683995	203.0
245.10468956619394	206.0
245.1146901655479	208.0
245.12469076490186	210.0
245.13469136425581	210.0
245.14469196360977	208.0
245.15469256296373	208.0
245.1646931623177	208.0
245.17469376167165	208.0
245.1846943610256	208.0
245.19469496037956	208.0
245.20469555973352	208.0
245.21469615908748	206.0
245.22469675844144	203.0
245.2346973577954	199.0
245.24469795714936	194.0
245.2546985565033	185.0
245.26469915585727	179.0
245.27469975521123	173.0
245.2847003545652	167.0
245.29470095391915	161.0
245.3047015532731	154.0
245.31470215262706	152.0
245.32470275198102	152.0
245.334703351335	152.0
245.34470395068897	156.0
245.35470455004292	159.0
245.36470514939688	165.0
245.37470574875084	169.0
245.3847063481048	173.0
245.39470694745876	175.0
245.40470754681272	181.0
245.41470814616667	185.0
245.42470874552063	192.0
245.4347093448746	196.0
245.44470994422855	199.0
245.4547105435825	199.0
245.46471114293647	199.0
245.47471174229042	196.0
245.48471234164438	190.0
245.49471294099834	183.0
245.5047135403523	177.0
245.51471413970626	171.0
245.52471473906022	165.0
245.53471533841417	158.0
245.54471593776813	152.0
245.55471653712212	149.0
245.56471713647608	149.0
245.57471773583003	149.0
245.584718335184	150.0
245.59471893453795	152.0
245.6047195338919	154.0
245.61472013324587	156.0
245.62472073259983	159.0
245.63472133195378	163.0
245.64472193130774	167.0
245.6547225306617	171.0
245.66472313001566	173.0
245.67472372936962	175.0
245.68472432872358	175.0
245.69472492807753	175.0
245.7047255274315	0.0
245.71472612678545	0.0
245.7247267261394	0.0
245.73472732549337	0.0
245.74472792484733	0.0
245.75472852420128	0.0
245.76472912355524	0.0
245.77472972290923	0.0
245.7847303222632	0.0
245.79473092161714	0.0
245.8047315209711	0.0
245.81473212032506	0.0
245.82473271967902	139.0
245.83473331903298	132.0
245.84473391838694	132.0
245.8547345177409	132.0
245.86473511709485	134.0
245.8747357164488	137.0
245.88473631580277	140.0
245.89473691515673	145.0
245.90473751451069	149.0
245.91473811386464	150.0
245.9247387132186	150.0
245.93473931257256	149.0
245.94473991192652	145.0
245.95474051128048	142.0
245.96474111063444	140.0
245.9747417099884	137.0
245.98474230934235	136.0
245.9947429086963	134.0
246.0047435080503	132.0
246.01474410740425	132.0
246.0247447067582	131.0
246.03474530611217	129.0
246.04474590546613	128.0
246.0547465048201	0.0
246.06474710417405	0.0
246.074747703528	0.0
246.08474830288196	0.0
246.09474890223592	0.0
246.10474950158988	0.0
246.11475010094384	0.0
246.1247507002978	167.0
246.13475129965175	171.0
246.1447518990057	175.0
246.15475249835967	181.0
246.16475309771363	185.0
246.1747536970676	192.0
246.18475429642154	196.0
246.1947548957755	196.0
246.20475549512946	194.0
246.21475609448342	187.0
246.2247566938374	181.0
246.23475729319136	175.0
246.24475789254532	171.0
246.25475849189928	165.0
246.26475909125324	159.0
246.2747596906072	154.0
246.28476028996116	150.0
246.2947608893151	150.0
246.30476148866907	149.0
246.31476208802303	149.0
246.324762687377	150.0
246.33476328673095	152.0
246.3447638860849	154.0
246.35476448543886	158.0
246.36476508479282	161.0
246.37476568414678	163.0
246.38476628350074	163.0
246.3947668828547	161.0
246.40476748220865	158.0
246.4147680815626	154.0
246.42476868091657	154.0
246.43476928027053	0.0
246.4447698796245	0.0
246.45477047897847	0.0
246.46477107833243	0.0
246.4747716776864	0.0
246.48477227704035	0.0
246.4947728763943	0.0
246.50477347574827	0.0
246.51477407510222	245.0
246.52477467445618	236.0
246.53477527381014	231.0
246.5447758731641	223.0
246.55477647251806	210.0
246.56477707187202	201.0
246.57477767122597	187.0
246.58477827057993	175.0
246.5947788699339	161.0
246.60477946928785	152.0
246.6147800686418	149.0
246.62478066799576	145.0
246.63478126734972	144.0
246.64478186670368	144.0
246.65478246605764	145.0
246.6647830654116	147.0
246.67478366476558	149.0
246.68478426411954	152.0
246.6947848634735	156.0
246.70478546282746	159.0
246.71478606218142	163.0
246.72478666153538	167.0
246.73478726088933	171.0
246.7447878602433	175.0
246.75478845959725	175.0
246.7647890589512	177.0
246.77478965830517	177.0
246.78479025765913	175.0
246.79479085701308	173.0
246.80479145636704	171.0
246.814792055721	169.0
246.82479265507496	165.0
246.83479325442892	161.0
246.84479385378287	156.0
246.85479445313683	152.0
246.8647950524908	147.0
246.87479565184475	144.0
246.8847962511987	142.0
246.8947968505527	140.0
246.90479744990665	139.0
246.9147980492606	137.0
246.92479864861457	137.0
246.93479924796853	136.0
246.94479984732249	136.0
246.95480044667644	134.0
246.9648010460304	132.0
246.97480164538436	132.0
246.98480224473832	132.0
246.99480284409228	134.0
247.00480344344624	136.0
247.0148040428002	137.0
247.02480464215415	139.0
247.0348052415081	140.0
247.04480584086207	142.0
247.05480644021603	142.0
247.06480703956998	144.0
247.07480763892394	144.0
247.0848082382779	145.0
247.09480883763186	144.0
247.10480943698582	142.0
247.11481003633978	139.0
247.12481063569376	137.0
247.13481123504772	137.0
247.14481183440168	136.0
247.15481243375564	134.0
247.1648130331096	134.0
247.17481363246355	136.0
247.1848142318175	137.0
247.19481483117147	139.0
247.20481543052543	140.0
247.2148160298794	142.0
247.22481662923335	142.0
247.2348172285873	144.0
247.24481782794126	142.0
247.25481842729522	142.0
247.26481902664918	140.0
247.27481962600314	139.0
247.2848202253571	139.0
247.29482082471105	137.0
247.304821424065	136.0
247.31482202341897	134.0
247.32482262277293	132.0
247.3348232221269	131.0
247.34482382148087	129.0
247.35482442083483	129.0
247.3648250201888	129.0
247.37482561954275	0.0
247.3848262188967	0.0
247.39482681825066	0.0
247.40482741760462	0.0
247.41482801695858	0.0
247.42482861631254	0.0
247.4348292156665	0.0
247.44482981502046	0.0
247.4548304143744	0.0
247.46483101372837	0.0
247.47483161308233	0.0
247.4848322124363	0.0
247.49483281179025	0.0
247.5048334111442	0.0
247.51483401049816	0.0
247.52483460985212	0.0
247.53483520920608	0.0
247.54483580856004	0.0
247.554836407914	0.0
247.56483700726798	0.0
247.57483760662194	0.0
247.5848382059759	0.0
247.59483880532986	0.0
247.60483940468382	0.0
247.61484000403777	0.0
247.62484060339173	0.0
247.6348412027457	0.0
247.64484180209965	0.0
247.6548424014536	0.0
247.66484300080756	0.0
247.67484360016152	0.0
247.68484419951548	0.0
247.69484479886944	0.0
247.7048453982234	0.0
247.71484599757736	0.0
247.72484659693131	0.0
247.73484719628527	0.0
247.74484779563923	0.0
247.7548483949932	0.0
247.76484899434715	0.0
247.7748495937011	0.0
247.78485019305506	0.0
247.79485079240905	0.0
247.804851391763	0.0
247.81485199111697	0.0
247.82485259047093	0.0
247.83485318982488	0.0
247.84485378917884	0.0
247.8548543885328	0.0
247.86485498788676	0.0
247.87485558724072	0.0
247.88485618659467	0.0
247.89485678594863	0.0
247.9048573853026	0.0
247.91485798465655	0.0
247.9248585840105	0.0
247.93485918336447	0.0
247.94485978271842	0.0
247.95486038207238	0.0
247.96486098142634	0.0
247.9748615807803	0.0
247.98486218013426	0.0
247.99486277948822	0.0
248.00486337884217	0.0
248.01486397819616	0.0
248.02486457755012	0.0
248.03486517690408	0.0
248.04486577625804	0.0
248.054866375612	0.0
248.06486697496595	0.0
248.0748675743199	0.0
248.08486817367387	0.0
248.09486877302783	0.0
248.10486937238178	0.0
248.11486997173574	0.0
248.1248705710897	0.0
248.13487117044366	0.0
248.14487176979762	0.0
248.15487236915158	0.0
248.16487296850553	0.0
248.1748735678595	0.0
248.18487416721345	0.0
248.1948747665674	0.0
248.20487536592137	0.0
248.21487596527533	0.0
248.22487656462928	0.0
248.23487716398327	0.0
248.24487776333723	0.0
248.2548783626912	0.0
248.26487896204515	0.0
248.2748795613991	0.0
248.28488016075306	0.0
248.29488076010702	0.0
248.30488135946098	0.0
248.31488195881494	0.0
248.3248825581689	0.0
248.33488315752285	0.0
248.3448837568768	0.0
248.35488435623077	0.0
248.36488495558473	0.0
248.3748855549387	0.0
248.38488615429264	0.0
248.3948867536466	0.0
248.40488735300056	0.0
248.41488795235452	0.0
248.42488855170848	0.0
248.43488915106244	0.0
248.4448897504164	0.0
248.45489034977035	0.0
248.46489094912434	0.0
248.4748915484783	0.0
248.48489214783226	0.0
248.4948927471862	0.0
248.50489334654017	0.0
248.51489394589413	0.0
248.5248945452481	0.0
248.53489514460205	0.0
248.544895743956	0.0
248.55489634330996	0.0
248.56489694266392	0.0
248.57489754201788	0.0
248.58489814137184	0.0
248.5948987407258	0.0
248.60489934007975	0.0
248.6148999394337	0.0
248.62490053878767	0.0
248.63490113814163	0.0
248.6449017374956	0.0
248.65490233684955	0.0
248.6649029362035	147.0
248.67490353555746	144.0
248.68490413491145	142.0
248.6949047342654	140.0
248.70490533361937	140.0
248.71490593297332	142.0
248.72490653232728	142.0
248.73490713168124	142.0
248.7449077310352	144.0
248.75490833038916	144.0
248.76490892974311	144.0
248.77490952909707	142.0
248.78491012845103	140.0
248.794910727805	139.0
248.80491132715895	139.0
248.8149119265129	137.0
248.82491252586686	137.0
248.83491312522082	137.0
248.84491372457478	139.0
248.85491432392874	140.0
248.8649149232827	142.0
248.87491552263666	145.0
248.8849161219906	149.0
248.89491672134457	150.0
248.90491732069856	150.0
248.91491792005252	149.0
248.92491851940648	145.0
248.93491911876043	0.0
248.9449197181144	0.0
248.95492031746835	0.0
248.9649209168223	0.0
248.97492151617627	0.0
248.98492211553022	0.0
248.99492271488418	0.0
249.00492331423814	0.0
249.0149239135921	0.0
249.02492451294606	142.0
249.03492511230002	137.0
249.04492571165397	134.0
249.05492631100793	129.0
249.0649269103619	128.0
249.07492750971585	125.0
249.0849281090698	124.0
249.09492870842377	124.0
249.10492930777772	124.0
249.11492990713168	124.0
249.12493050648564	125.0
249.13493110583963	126.0
249.14493170519359	129.0
249.15493230454754	131.0
249.1649329039015	134.0
249.17493350325546	137.0
249.18493410260942	140.0
249.19493470196338	142.0
249.20493530131733	144.0
249.2149359006713	144.0
249.22493650002525	144.0
249.2349370993792	144.0
249.24493769873317	142.0
249.25493829808713	142.0
249.26493889744108	140.0
249.27493949679504	140.0
249.284940096149	139.0
249.29494069550296	136.0
249.30494129485692	136.0
249.31494189421088	136.0
249.32494249356483	136.0
249.3349430929188	140.0
249.34494369227275	144.0
249.35494429162674	149.0
249.3649448909807	156.0
249.37494549033465	159.0
249.3849460896886	161.0
249.39494668904257	161.0
249.40494728839653	159.0
249.4149478877505	159.0
249.42494848710444	159.0
249.4349490864584	159.0
249.44494968581236	159.0
249.45495028516632	159.0
249.46495088452028	159.0
249.47495148387424	159.0
249.4849520832282	159.0
249.49495268258215	159.0
249.5049532819361	159.0
249.51495388129007	159.0
249.52495448064403	158.0
249.53495507999799	158.0
249.54495567935194	158.0
249.5549562787059	156.0
249.56495687805986	156.0
249.57495747741385	156.0
249.5849580767678	156.0
249.59495867612176	156.0
249.60495927547572	156.0
249.61495987482968	154.0
249.62496047418364	156.0
249.6349610735376	156.0
249.64496167289155	158.0
249.6549622722455	161.0
249.66496287159947	163.0
249.67496347095343	163.0
249.6849640703074	159.0
249.69496466966135	156.0
249.7049652690153	152.0
249.71496586836926	147.0
249.72496646772322	144.0
249.73496706707718	140.0
249.74496766643114	137.0
249.7549682657851	136.0
249.76496886513905	132.0
249.774969464493	131.0
249.78497006384697	131.0
249.79497066320093	132.0
249.80497126255491	134.0
249.81497186190887	137.0
249.82497246126283	142.0
249.8349730606168	145.0
249.84497365997075	149.0
249.8549742593247	154.0
249.86497485867866	158.0
249.87497545803262	159.0
249.88497605738658	161.0
249.89497665674054	163.0
249.9049772560945	163.0
249.91497785544846	161.0
249.9249784548024	159.0
249.93497905415637	156.0
249.94497965351033	152.0
249.9549802528643	149.0
249.96498085221825	147.0
249.9749814515722	142.0
249.98498205092616	140.0
249.99498265028012	140.0
250.00498324963408	149.0
250.01498384898804	152.0
250.02498444834202	156.0
250.03498504769598	165.0
250.04498564704994	169.0
250.0549862464039	173.0
250.06498684575786	175.0
250.07498744511182	173.0
250.08498804446577	173.0
250.09498864381973	171.0
250.1049892431737	171.0
250.11498984252765	171.0
250.1249904418816	171.0
250.13499104123557	171.0
250.14499164058952	173.0
250.15499223994348	173.0
250.16499283929744	173.0
250.1749934386514	173.0
250.18499403800536	173.0
250.19499463735931	175.0
250.20499523671327	175.0
250.21499583606723	175.0
250.2249964354212	175.0
250.23499703477515	175.0
250.2449976341291	175.0
250.2549982334831	175.0
250.26499883283705	175.0
250.274999432191	175.0
250.28500003154497	175.0
250.29500063089893	177.0
250.30500123025288	175.0
250.31500182960684	175.0
250.3250024289608	173.0
250.33500302831476	171.0
250.34500362766872	171.0
250.35500422702268	173.0
250.36500482637663	177.0
250.3750054257306	181.0
250.38500602508455	187.0
250.3950066244385	192.0
250.40500722379247	196.0
250.41500782314642	196.0
250.42500842250038	190.0
250.43500902185434	179.0
250.4450096212083	169.0
250.45501022056226	158.0
250.46501081991622	145.0
250.4750114192702	140.0
250.48501201862416	137.0
250.49501261797812	137.0
250.50501321733208	139.0
250.51501381668604	144.0
250.52501441604	147.0
250.53501501539395	152.0
250.5450156147479	158.0
250.55501621410187	163.0
250.56501681345583	169.0
250.57501741280979	173.0
250.58501801216374	177.0
250.5950186115177	179.0
250.60501921087166	181.0
250.61501981022562	181.0
250.62502040957958	181.0
250.63502100893353	181.0
250.6450216082875	175.0
250.65502220764145	167.0
250.6650228069954	163.0
250.67502340634937	0.0
250.68502400570333	0.0
250.6950246050573	0.0
250.70502520441127	0.0
250.71502580376523	0.0
250.7250264031192	0.0
250.73502700247315	0.0
250.7450276018271	0.0
250.75502820118106	0.0
250.76502880053502	210.0
250.77502939988898	210.0
250.78502999924294	213.0
250.7950305985969	213.0
250.80503119795085	213.0
250.8150317973048	213.0
250.82503239665877	213.0
250.83503299601273	210.0
250.8450335953667	208.0
250.85503419472064	208.0
250.8650347940746	206.0
250.87503539342856	206.0
250.88503599278252	206.0
250.89503659213648	206.0
250.90503719149044	206.0
250.9150377908444	208.0
250.92503839019838	210.0
250.93503898955234	213.0
250.9450395889063	215.0
250.95504018826026	215.0
250.9650407876142	210.0
250.97504138696817	203.0
250.98504198632213	196.0
250.9950425856761	190.0
251.00504318503005	0.0
251.015043784384	0.0
251.02504438373796	0.0
251.03504498309192	0.0
251.04504558244588	0.0
251.05504618179984	0.0
251.0650467811538	0.0
251.07504738050775	0.0
251.0850479798617	0.0
251.09504857921567	213.0
251.10504917856963	208.0
251.1150497779236	203.0
251.12505037727755	201.0
251.1350509766315	199.0
251.1450515759855	199.0
251.15505217533945	199.0
251.1650527746934	201.0
251.17505337404737	203.0
251.18505397340132	206.0
251.19505457275528	208.0
251.20505517210924	210.0
251.2150557714632	213.0
251.22505637081716	213.0
251.23505697017112	210.0
251.24505756952507	208.0
251.25505816887903	206.0
251.265058768233	203.0
251.27505936758695	203.0
251.2850599669409	203.0
251.29506056629486	203.0
251.30506116564882	206.0
251.31506176500278	208.0
251.32506236435674	210.0
251.3350629637107	213.0
251.34506356306466	218.0
251.3550641624186	220.0
251.3650647617726	220.0
251.37506536112656	220.0
251.38506596048052	215.0
251.39506655983448	210.0
251.40506715918843	206.0
251.4150677585424	203.0
251.42506835789635	203.0
251.4350689572503	203.0
251.44506955660427	206.0
251.45507015595823	223.0
251.46507075531218	242.0
251.47507135466614	256.0
251.4850719540201	265.0
251.49507255337406	272.0
251.50507315272802	281.0
251.51507375208197	284.0
251.52507435143593	284.0
251.5350749507899	284.0
251.54507555014385	281.0
251.5550761494978	275.0
251.56507674885177	272.0
251.57507734820572	268.0
251.58507794755968	262.0
251.59507854691367	259.0
251.60507914626763	256.0
251.61507974562159	253.0
251.62508034497554	248.0
251.6350809443295	245.0
251.64508154368346	239.0
251.65508214303742	234.0
251.66508274239138	231.0
251.67508334174534	226.0
251.6850839410993	223.0
251.69508454045325	223.0
251.7050851398072	220.0
251.71508573916117	218.0
251.72508633851513	218.0
251.73508693786908	215.0
251.74508753722304	213.0
251.755088136577	213.0
251.76508873593096	215.0
251.77508933528492	220.0
251.78508993463888	231.0
251.79509053399283	242.0
251.8050911333468	250.0
251.81509173270078	256.0
251.82509233205474	256.0
251.8350929314087	250.0
251.84509353076265	248.0
251.8550941301166	242.0
251.86509472947057	236.0
251.87509532882453	231.0
251.8850959281785	231.0
251.89509652753244	234.0
251.9050971268864	236.0
251.91509772624036	239.0
251.92509832559432	239.0
251.93509892494828	236.0
251.94509952430224	0.0
251.9551001236562	0.0
251.96510072301015	0.0
251.9751013223641	0.0
251.98510192171807	0.0
251.99510252107203	0.0
252.00510312042599	0.0
252.01510371977994	0.0
252.0251043191339	0.0
252.0351049184879	0.0
252.04510551784185	0.0
252.0551061171958	0.0
252.06510671654976	0.0
252.07510731590372	0.0
252.08510791525768	0.0
252.09510851461164	0.0
252.1051091139656	0.0
252.11510971331955	0.0
252.1251103126735	0.0
252.13511091202747	0.0
252.14511151138143	0.0
252.1551121107354	0.0
252.16511271008935	0.0
252.1751133094433	0.0
252.18511390879726	0.0
252.19511450815122	0.0
252.20511510750518	331.0
252.21511570685914	323.0
252.2251163062131	316.0
252.23511690556705	305.0
252.245117504921	294.0
252.25511810427497	284.0
252.26511870362896	278.0
252.27511930298292	275.0
252.28511990233687	275.0
252.29512050169083	275.0
252.3051211010448	275.0
252.31512170039875	278.0
252.3251222997527	278.0
252.33512289910666	278.0
252.34512349846062	278.0
252.35512409781458	278.0
252.36512469716854	278.0
252.3751252965225	278.0
252.38512589587646	278.0
252.39512649523041	278.0
252.40512709458437	278.0
252.41512769393833	275.0
252.4251282932923	275.0
252.43512889264625	275.0
252.4451294920002	275.0
252.45513009135416	278.0
252.46513069070812	278.0
252.47513129006208	278.0
252.48513188941607	275.0
252.49513248877003	265.0
252.50513308812398	256.0
252.51513368747794	250.0
252.5251342868319	250.0
252.53513488618586	0.0
252.54513548553982	0.0
252.55513608489377	354.0
252.56513668424773	367.0
252.5751372836017	371.0
252.58513788295565	380.0
252.5951384823096	389.0
252.60513908166357	393.0
252.61513968101752	393.0
252.62514028037148	393.0
252.63514087972544	389.0
252.6451414790794	380.0
252.65514207843336	371.0
252.66514267778732	358.0
252.67514327714127	342.0
252.68514387649523	327.0
252.6951444758492	319.0
252.70514507520318	316.0
252.71514567455714	312.0
252.7251462739111	312.0
252.73514687326505	312.0
252.745147472619	312.0
252.75514807197297	316.0
252.76514867132693	316.0
252.77514927068088	316.0
252.78514987003484	316.0
252.7951504693888	316.0
252.80515106874276	312.0
252.81515166809672	301.0
252.82515226745068	284.0
252.83515286680463	275.0
252.8451534661586	272.0
252.85515406551255	268.0
252.8651546648665	265.0
252.87515526422047	265.0
252.88515586357443	275.0
252.89515646292838	0.0
252.90515706228234	0.0
252.9151576616363	350.0
252.92515826099026	371.0
252.93515886034425	371.0
252.9451594596982	371.0
252.95516005905216	367.0
252.96516065840612	363.0
252.97516125776008	358.0
252.98516185711404	354.0
252.995162456468	350.0
253.00516305582195	346.0
253.0151636551759	342.0
253.02516425452987	338.0
253.03516485388383	338.0
253.0451654532378	334.0
253.05516605259174	334.0
253.0651666519457	334.0
253.07516725129966	334.0
253.08516785065362	338.0
253.09516845000758	338.0
253.10516904936154	338.0
253.1151696487155	338.0
253.12517024806945	338.0
253.1351708474234	338.0
253.14517144677737	342.0
253.15517204613136	342.0
253.1651726454853	342.0
253.17517324483927	342.0
253.18517384419323	338.0
253.1951744435472	331.0
253.20517504290115	308.0
253.2151756422551	305.0
253.22517624160906	316.0
253.23517684096302	327.0
253.24517744031698	338.0
253.25517803967094	350.0
253.2651786390249	367.0
253.27517923837885	384.0
253.2851798377328	398.0
253.29518043708677	402.0
253.30518103644073	407.0
253.3151816357947	407.0
253.32518223514865	402.0
253.3351828345026	393.0
253.34518343385656	380.0
253.35518403321052	371.0
253.36518463256448	358.0
253.37518523191846	350.0
253.38518583127242	338.0
253.39518643062638	327.0
253.40518702998034	319.0
253.4151876293343	312.0
253.42518822868826	312.0
253.43518882804221	312.0
253.44518942739617	308.0
253.45519002675013	308.0
253.4651906261041	308.0
253.47519122545805	308.0
253.485191824812	308.0
253.49519242416596	305.0
253.50519302351992	294.0
253.51519362287388	281.0
253.52519422222784	268.0
253.5351948215818	256.0
253.54519542093576	256.0
253.5551960202897	0.0
253.56519661964367	0.0
253.57519721899763	0.0
253.5851978183516	0.0
253.59519841770555	0.0
253.60519901705953	0.0
253.6151996164135	0.0
253.62520021576745	0.0
253.6352008151214	371.0
253.64520141447537	371.0
253.65520201382932	371.0
253.66520261318328	371.0
253.67520321253724	371.0
253.6852038118912	367.0
253.69520441124516	363.0
253.70520501059912	358.0
253.71520560995307	354.0
253.72520620930703	346.0
253.735206808661	346.0
253.74520740801495	342.0
253.7552080073689	342.0
253.76520860672287	338.0
253.77520920607682	338.0
253.78520980543078	338.0
253.79521040478474	338.0
253.8052110041387	342.0
253.81521160349266	342.0
253.82521220284664	342.0
253.8352128022006	346.0
253.84521340155456	346.0
253.85521400090852	346.0
253.86521460026248	350.0
253.87521519961643	350.0
253.8852157989704	350.0
253.89521639832435	350.0
253.9052169976783	350.0
253.91521759703227	350.0
253.92521819638623	346.0
253.93521879574018	342.0
253.94521939509414	350.0
253.9552199944481	358.0
253.96522059380206	375.0
253.97522119315602	398.0
253.98522179250998	407.0
253.99522239186393	417.0
254.0052229912179	417.0
254.01522359057185	421.0
254.0252241899258	417.0
254.03522478927977	407.0
254.04522538863372	398.0
254.0552259879877	380.0
254.06522658734167	363.0
254.07522718669563	342.0
254.0852277860496	323.0
254.09522838540354	316.0
254.1052289847575	308.0
254.11522958411146	305.0
254.12523018346542	305.0
254.13523078281938	301.0
254.14523138217334	301.0
254.1552319815273	301.0
254.16523258088125	305.0
254.1752331802352	308.0
254.18523377958917	312.0
254.19523437894313	316.0
254.20523497829709	319.0
254.21523557765104	323.0
254.225236177005	327.0
254.23523677635896	327.0
254.24523737571292	312.0
254.25523797506688	294.0
254.26523857442083	284.0
254.27523917377482	281.0
254.28523977312878	0.0
254.29524037248274	0.0
254.3052409718367	0.0
254.31524157119065	380.0
254.3252421705446	371.0
254.33524276989857	363.0
254.34524336925253	350.0
254.3552439686065	342.0
254.36524456796045	334.0
254.3752451673144	327.0
254.38524576666836	316.0
254.39524636602232	305.0
254.40524696537628	298.0
254.41524756473024	288.0
254.4252481640842	275.0
254.43524876343815	259.0
254.4452493627921	250.0
254.45524996214607	242.0
254.46525056150003	231.0
254.475251160854	223.0
254.48525176020794	218.0
254.49525235956193	215.0
254.5052529589159	215.0
254.51525355826985	218.0
254.5252541576238	223.0
254.53525475697776	226.0
254.54525535633172	231.0
254.55525595568568	231.0
254.56525655503964	234.0
254.5752571543936	228.0
254.58525775374756	223.0
254.5952583531015	203.0
254.60525895245547	206.0
254.61525955180943	206.0
254.6252601511634	0.0
254.63526075051735	0.0
254.6452613498713	0.0
254.65526194922526	0.0
254.66526254857922	0.0
254.67526314793318	0.0
254.68526374728714	291.0
254.6952643466411	288.0
254.70526494599505	288.0
254.715265545349	284.0
254.725266144703	284.0
254.73526674405696	284.0
254.74526734341092	281.0
254.75526794276487	281.0
254.76526854211883	278.0
254.7752691414728	278.0
254.78526974082675	278.0
254.7952703401807	278.0
254.80527093953467	278.0
254.81527153888862	275.0
254.82527213824258	275.0
254.83527273759654	275.0
254.8452733369505	278.0
254.85527393630446	278.0
254.86527453565841	278.0
254.87527513501237	278.0
254.88527573436633	278.0
254.8952763337203	278.0
254.90527693307425	278.0
254.9152775324282	275.0
254.92527813178216	268.0
254.93527873113612	262.0
254.9452793304901	253.0
254.95527992984407	245.0
254.96528052919803	242.0
254.97528112855198	239.0
254.98528172790594	236.0
254.9952823272599	236.0
255.00528292661386	239.0
255.01528352596782	242.0
255.02528412532178	0.0
255.03528472467573	358.0
255.0452853240297	371.0
255.05528592338365	375.0
255.0652865227376	384.0
255.07528712209157	384.0
255.08528772144552	389.0
255.09528832079948	389.0
255.10528892015344	389.0
255.1152895195074	384.0
255.12529011886136	380.0
255.13529071821532	371.0
255.14529131756927	363.0
255.15529191692323	350.0
255.16529251627722	338.0
255.17529311563118	323.0
255.18529371498514	316.0
255.1952943143391	308.0
255.20529491369305	305.0
255.215295513047	305.0
255.22529611240097	305.0
255.23529671175493	305.0
255.24529731110889	308.0
255.25529791046284	312.0
255.2652985098168	316.0
255.27529910917076	316.0
255.28529970852472	316.0
255.29530030787868	308.0
255.30530090723263	298.0
255.3153015065866	0.0
255.32530210594055	0.0
255.3353027052945	0.0
255.34530330464847	0.0
255.35530390400243	0.0
255.36530450335638	0.0
255.37530510271034	407.0
255.3853057020643	398.0
255.3953063014183	389.0
255.40530690077225	380.0
255.4153075001262	367.0
255.42530809948016	350.0
255.43530869883412	312.0
255.44530929818808	298.0
255.45530989754204	291.0
255.465310496896	284.0
255.47531109624995	281.0
255.4853116956039	278.0
255.49531229495787	275.0
255.50531289431183	275.0
255.5153134936658	278.0
255.52531409301974	281.0
255.5353146923737	284.0
255.54531529172766	284.0
255.55531589108162	288.0
255.56531649043558	291.0
255.57531708978954	291.0
255.5853176891435	291.0
255.59531828849745	288.0
255.6053188878514	284.0
255.6153194872054	281.0
255.62532008655936	278.0
255.6353206859133	272.0
255.64532128526727	262.0
255.65532188462123	256.0
255.6653224839752	242.0
255.67532308332915	236.0
255.6853236826831	231.0
255.69532428203706	228.0
255.70532488139102	228.0
255.71532548074498	234.0
255.72532608009894	242.0
255.7353266794529	256.0
255.74532727880685	272.0
255.7553278781608	342.0
255.76532847751477	358.0
255.77532907686873	375.0
255.7853296762227	389.0
255.79533027557665	393.0
255.8053308749306	398.0
255.81533147428456	398.0
255.82533207363852	398.0
255.8353326729925	393.0
255.84533327234647	384.0
255.85533387170042	371.0
255.86533447105438	363.0
255.87533507040834	342.0
255.8853356697623	319.0
255.89533626911626	308.0
255.90533686847021	305.0
255.91533746782417	301.0
255.92533806717813	301.0
255.9353386665321	301.0
255.94533926588605	305.0
255.95533986524	308.0
255.96534046459396	312.0
255.97534106394792	316.0
255.98534166330188	319.0
255.99534226265584	323.0
256.0053428620098	338.0
256.0153434613638	331.0
256.0253440607177	354.0
256.0353446600717	354.0
256.04534525942563	0.0
256.0553458587796	0.0
256.06534645813355	0.0
256.07534705748753	0.0
256.08534765684146	0.0
256.09534825619545	0.0
256.1053488555494	375.0
256.11534945490337	342.0
256.1253500542573	319.0
256.1353506536113	288.0
256.1453512529652	275.0
256.1553518523192	272.0
256.16535245167313	268.0
256.1753530510271	272.0
256.1853536503811	275.0
256.19535424973503	278.0
256.205354849089	278.0
256.21535544844295	278.0
256.22535604779694	275.0
256.23535664715087	272.0
256.24535724650485	0.0
256.2553578458588	0.0
256.26535844521277	0.0
256.2753590445667	0.0
256.2853596439207	0.0
256.2953602432746	0.0
256.3053608426286	0.0
256.31536144198253	0.0
256.3253620413365	0.0
256.33536264069045	0.0
256.34536324004443	0.0
256.35536383939836	0.0
256.36536443875235	0.0
256.3753650381063	0.0
256.38536563746027	0.0
256.39536623681425	0.0
256.4053668361682	0.0
256.41536743552217	0.0
256.4253680348761	0.0
256.4353686342301	0.0
256.445369233584	0.0
256.455369832938	0.0
256.46537043229193	0.0
256.4753710316459	0.0
256.48537163099985	0.0
256.49537223035384	0.0
256.50537282970777	185.0
256.51537342906175	181.0
256.5253740284157	179.0
256.53537462776967	177.0
256.5453752271236	177.0
256.5553758264776	179.0
256.5653764258315	181.0
256.5753770251855	185.0
256.58537762453943	187.0
256.5953782238934	192.0
256.60537882324735	194.0
256.61537942260134	199.0
256.6253800219553	201.0
256.63538062130925	203.0
256.64538122066324	203.0
256.65538182001717	203.0
256.66538241937116	203.0
256.6753830187251	201.0
256.6853836180791	201.0
256.695384217433	201.0
256.705384816787	201.0
256.7153854161409	201.0
256.7253860154949	201.0
256.73538661484884	201.0
256.7453872142028	199.0
256.75538781355675	196.0
256.76538841291074	192.0
256.77538901226467	190.0
256.78538961161865	190.0
256.7953902109726	190.0
256.80539081032657	192.0
256.8153914096805	196.0
256.8253920090345	203.0
256.8353926083884	208.0
256.8453932077424	223.0
256.8553938070964	253.0
256.8653944064503	256.0
256.8753950058043	259.0
256.88539560515824	262.0
256.8953962045122	265.0
256.90539680386615	265.0
256.91539740322014	265.0
256.92539800257407	262.0
256.93539860192806	259.0
256.945399201282	256.0
256.955399800636	253.0
256.9654003999899	250.0
256.9754009993439	248.0
256.9854015986978	245.0
256.9954021980518	242.0
257.00540279740574	239.0
257.0154033967597	236.0
257.02540399611365	236.0
257.03540459546764	236.0
257.04540519482157	236.0
257.05540579417556	236.0
257.06540639352954	236.0
257.0754069928835	239.0
257.08540759223746	242.0
257.0954081915914	242.0
257.1054087909454	242.0
257.1154093902993	239.0
257.1254099896533	234.0
257.1354105890072	226.0
257.1454111883612	0.0
257.15541178771514	0.0
257.1654123870691	0.0
257.17541298642305	0.0
257.18541358577704	0.0
257.19541418513097	0.0
257.20541478448496	0.0
257.2154153838389	0.0
257.2254159831929	0.0
257.2354165825468	323.0
257.2454171819008	308.0
257.2554177812547	298.0
257.2654183806087	291.0
257.27541897996264	284.0
257.2854195793166	281.0
257.2954201786706	281.0
257.30542077802454	278.0
257.3154213773785	278.0
257.32542197673246	278.0
257.33542257608644	278.0
257.3454231754404	278.0
257.35542377479436	278.0
257.3654243741483	278.0
257.3754249735023	278.0
257.3854255728562	278.0
257.3954261722102	278.0
257.4054267715641	278.0
257.4154273709181	278.0
257.42542797027204	278.0
257.435428569626	275.0
257.44542916897996	275.0
257.45542976833394	275.0
257.4654303676879	272.0
257.47543096704186	268.0
257.4854315663958	265.0
257.4954321657498	256.0
257.5054327651037	250.0
257.5154333644577	242.0
257.5254339638117	236.0
257.5354345631656	234.0
257.5454351625196	236.0
257.5554357618735	236.0
257.5654363612275	278.0
257.57543696058144	278.0
257.58543755993543	275.0
257.59543815928936	275.0
257.60543875864334	275.0
257.6154393579973	275.0
257.62543995735126	275.0
257.6354405567052	278.0
257.6454411560592	278.0
257.6554417554131	278.0
257.6654423547671	278.0
257.675442954121	278.0
257.685443553475	278.0
257.69544415282894	278.0
257.7054447521829	275.0
257.71544535153686	272.0
257.72544595089084	268.0
257.73544655024483	262.0
257.74544714959876	253.0
257.75544774895275	248.0
257.7654483483067	242.0
257.77544894766066	236.0
257.7854495470146	231.0
257.7954501463686	226.0
257.8054507457225	223.0
257.8154513450765	223.0
257.8254519444304	223.0
257.8354525437844	220.0
257.84545314313834	215.0
257.85545374249233	210.0
257.86545434184626	208.0
257.87545494120025	210.0
257.8854555405542	0.0
257.89545613990816	0.0
257.9054567392621	0.0
257.9154573386161	0.0
257.92545793797	0.0
257.935458537324	0.0
257.9454591366779	334.0
257.9554597360319	0.0
257.9654603353859	0.0
257.97546093473983	0.0
257.9854615340938	294.0
257.99546213344775	291.0
258.00546273280173	284.0
258.01546333215566	281.0
258.02546393150965	278.0
258.0354645308636	278.0
258.04546513021756	278.0
258.0554657295715	275.0
258.0654663289255	275.0
258.0754669282794	275.0
258.0854675276334	275.0
258.0954681269873	275.0
258.1054687263413	275.0
258.11546932569524	278.0
258.12546992504923	278.0
258.13547052440316	278.0
258.14547112375715	281.0
258.1554717231111	281.0
258.16547232246506	278.0
258.175472921819	278.0
258.185473521173	275.0
258.19547412052697	272.0
258.2054747198809	265.0
258.2154753192349	262.0
258.2254759185888	253.0
258.2354765179428	248.0
258.24547711729673	242.0
258.2554777166507	245.0
258.26547831600465	259.0
258.27547891535863	275.0
258.28547951471256	278.0
258.29548011406655	281.0
258.3054807134205	281.0
258.31548131277447	281.0
258.3254819121284	281.0
258.3354825114824	284.0
258.3454831108363	284.0
258.3554837101903	288.0
258.36548430954423	288.0
258.3754849088982	288.0
258.38548550825215	284.0
258.39548610760613	281.0
258.4054867069601	278.0
258.41548730631405	275.0
258.42548790566804	268.0
258.43548850502197	262.0
258.44548910437595	253.0
258.4554897037299	245.0
258.46549030308387	236.0
258.4754909024378	228.0
258.4854915017918	226.0
258.4954921011457	226.0
258.5054927004997	228.0
258.51549329985363	231.0
258.5254938992076	234.0
258.53549449856155	234.0
258.54549509791553	234.0
258.55549569726946	234.0
258.56549629662345	234.0
258.5754968959774	226.0
258.58549749533137	220.0
258.5954980946853	215.0
258.6054986940393	213.0
258.6154992933932	213.0
258.6254998927472	218.0
258.6355004921012	231.0
258.6455010914551	250.0
258.6555016908091	253.0
258.66550229016303	256.0
258.675502889517	256.0
258.68550348887095	259.0
258.69550408822494	259.0
258.70550468757887	259.0
258.71550528693285	253.0
258.7255058862868	250.0
258.73550648564077	242.0
258.7455070849947	234.0
258.7555076843487	226.0
258.7655082837026	213.0
258.7755088830566	203.0
258.78550948241053	194.0
258.7955100817645	190.0
258.80551068111845	183.0
258.81551128047244	179.0
258.82551187982637	175.0
258.83551247918035	171.0
258.8455130785343	169.0
258.85551367788827	165.0
258.86551427724226	161.0
258.8755148765962	156.0
258.88551547595017	149.0
258.8955160753041	145.0
258.9055166746581	145.0
258.915517274012	0.0
258.925517873366	0.0
258.93551847271993	0.0
258.9455190720739	0.0
258.95551967142785	0.0
258.96552027078184	0.0
258.97552087013577	0.0
258.98552146948975	0.0
258.9955220688437	203.0
259.00552266819767	203.0
259.0155232675516	201.0
259.0255238669056	203.0
259.0355244662595	203.0
259.0455250656135	206.0
259.05552566496743	206.0
259.0655262643214	208.0
259.0755268636754	208.0
259.08552746302934	208.0
259.0955280623833	208.0
259.10552866173725	208.0
259.11552926109124	208.0
259.12552986044517	208.0
259.13553045979916	208.0
259.1455310591531	206.0
259.1555316585071	206.0
259.165532257861	206.0
259.175532857215	203.0
259.1855334565689	206.0
259.1955340559229	206.0
259.20553465527684	208.0
259.2155352546308	210.0
259.22553585398475	213.0
259.23553645333874	210.0
259.24553705269267	206.0
259.25553765204666	201.0
259.2655382514006	196.0
259.2755388507546	196.0
259.2855394501085	196.0
259.2955400494625	199.0
259.3055406488165	203.0
259.3155412481704	215.0
259.3255418475244	234.0
259.3355424468783	253.0
259.3455430462323	259.0
259.35554364558624	268.0
259.3655442449402	275.0
259.37554484429415	281.0
259.38554544364814	281.0
259.39554604300207	281.0
259.40554664235606	281.0
259.41554724171	275.0
259.425547841064	265.0
259.4355484404179	256.0
259.4455490397719	250.0
259.4555496391258	242.0
259.4655502384798	236.0
259.47555083783374	234.0
259.4855514371877	228.0
259.49555203654165	226.0
259.50555263589564	226.0
259.51555323524957	226.0
259.52555383460356	228.0
259.53555443395754	231.0
259.5455550333115	236.0
259.55555563266546	239.0
259.5655562320194	242.0
259.5755568313734	242.0
259.5855574307273	236.0
259.5955580300813	231.0
259.6055586294352	226.0
259.6155592287892	215.0
259.62555982814314	0.0
259.6355604274971	0.0
259.64556102685106	0.0
259.65556162620504	0.0
259.665562225559	0.0
259.67556282491296	0.0
259.6855634242669	305.0
259.6955640236209	298.0
259.7055646229748	284.0
259.7155652223288	272.0
259.7255658216827	259.0
259.7355664210367	248.0
259.7455670203907	242.0
259.7555676197446	234.0
259.7655682190986	226.0
259.77556881845254	218.0
259.7855694178065	213.0
259.79557001716046	210.0
259.80557061651444	208.0
259.8155712158684	208.0
259.82557181522236	206.0
259.8355724145763	208.0
259.8455730139303	208.0
259.8555736132842	208.0
259.8655742126382	208.0
259.8755748119921	208.0
259.8855754113461	210.0
259.89557601070004	210.0
259.905576610054	213.0
259.91557720940796	213.0
259.92557780876194	213.0
259.9355784081159	210.0
259.94557900746986	206.0
259.9555796068238	201.0
259.9655802061778	196.0
259.97558080553176	194.0
259.9855814048857	196.0
259.9955820042397	196.0
260.0055826035936	201.0
260.0155832029476	206.0
260.0255838023015	213.0
260.0355844016555	272.0
260.04558500100944	275.0
260.05558560036343	278.0
260.06558619971736	284.0
260.07558679907135	291.0
260.0855873984253	291.0
260.09558799777926	291.0
260.1055885971332	284.0
260.1155891964872	278.0
260.1255897958411	268.0
260.1355903951951	262.0
260.145590994549	253.0
260.155591593903	248.0
260.16559219325694	239.0
260.1755927926109	234.0
260.18559339196486	228.0
260.19559399131884	226.0
260.20559459067283	228.0
260.21559519002676	231.0
260.22559578938075	234.0
260.2355963887347	239.0
260.24559698808866	242.0
260.2555975874426	248.0
260.2655981867966	253.0
260.2755987861505	256.0
260.2855993855045	259.0
260.2955999848584	256.0
260.3056005842124	250.0
260.31560118356634	250.0
260.32560178292033	250.0
260.33560238227426	253.0
260.34560298162825	253.0
260.3556035809822	0.0
260.36560418033616	0.0
260.3756047796901	301.0
260.3856053790441	291.0
260.395605978398	215.0
260.405606577752	210.0
260.4156071771059	206.0
260.4256077764599	206.0
260.4356083758139	206.0
260.44560897516783	206.0
260.4556095745218	208.0
260.46561017387575	208.0
260.47561077322973	208.0
260.48561137258366	203.0
260.49561197193765	0.0
260.5056125712916	0.0
260.51561317064557	0.0
260.5256137699995	0.0
260.5356143693535	0.0
260.5456149687074	0.0
260.5556155680614	0.0
260.5656161674153	0.0
260.5756167667693	0.0
260.58561736612324	0.0
260.59561796547723	0.0
260.60561856483116	0.0
260.61561916418515	0.0
260.6256197635391	0.0
260.63562036289306	0.0
260.64562096224705	0.0
260.655621561601	0.0
260.66562216095497	0.0
260.6756227603089	0.0
260.6856233596629	0.0
260.6956239590168	0.0
260.7056245583708	0.0
260.71562515772473	0.0
260.7256257570787	0.0
260.73562635643265	0.0
260.74562695578663	234.0
260.75562755514056	236.0
260.76562815449455	239.0
260.7756287538485	239.0
260.78562935320247	242.0
260.7956299525564	245.0
260.8056305519104	250.0
260.8156311512643	256.0
260.8256317506183	262.0
260.83563234997223	268.0
260.8456329493262	272.0
260.85563354868015	278.0
260.86563414803413	281.0
260.8756347473881	288.0
260.88563534674205	291.0
260.89563594609604	298.0
260.90563654544997	298.0
260.91563714480395	301.0
260.9256377441579	305.0
260.93563834351187	308.0
260.9456389428658	312.0
260.9556395422198	312.0
260.9656401415737	312.0
260.9756407409277	312.0
260.98564134028163	308.0
260.9956419396356	298.0
261.00564253898955	291.0
261.01564313834353	272.0
261.02564373769746	0.0
261.03564433705145	0.0
261.0456449364054	0.0
261.05564553575937	0.0
261.0656461351133	0.0
261.0756467344673	0.0
261.0856473338212	319.0
261.0956479331752	350.0
261.1056485325292	342.0
261.1156491318831	334.0
261.1256497312371	281.0
261.13565033059103	281.0
261.145650929945	275.0
261.15565152929895	275.0
261.16565212865294	275.0
261.17565272800687	275.0
261.18565332736085	275.0
261.1956539267148	278.0
261.20565452606877	278.0
261.2156551254227	278.0
261.2256557247767	281.0
261.2356563241306	281.0
261.2456569234846	281.0
261.25565752283853	281.0
261.2656581221925	281.0
261.27565872154645	281.0
261.28565932090044	281.0
261.29565992025437	278.0
261.30566051960835	278.0
261.31566111896234	278.0
261.32566171831627	278.0
261.33566231767026	278.0
261.3456629170242	275.0
261.3556635163782	275.0
261.3656641157321	272.0
261.3756647150861	268.0
261.38566531444	262.0
261.395665913794	256.0
261.40566651314793	253.0
261.4156671125019	256.0
261.42566771185585	281.0
261.43566831120984	281.0
261.44566891056377	281.0
261.45566950991775	281.0
261.4656701092717	281.0
261.47567070862567	281.0
261.4856713079796	284.0
261.4956719073336	284.0
261.5056725066875	281.0
261.5156731060415	281.0
261.52567370539543	275.0
261.5356743047494	272.0
261.5456749041034	268.0
261.55567550345734	265.0
261.5656761028113	262.0
261.57567670216525	256.0
261.58567730151924	248.0
261.59567790087317	239.0
261.60567850022716	234.0
261.6156790995811	228.0
261.6256796989351	223.0
261.635680298289	223.0
261.645680897643	226.0
261.6556814969969	231.0
261.6656820963509	234.0
261.67568269570484	239.0
261.6856832950588	242.0
261.69568389441275	239.0
261.70568449376674	239.0
261.71568509312067	234.0
261.72568569247466	234.0
261.7356862918286	234.0
261.7456868911826	234.0
261.7556874905365	0.0
261.7656880898905	0.0
261.7756886892445	0.0
261.7856892885984	0.0
261.7956898879524	331.0
261.8056904873063	334.0
261.8156910866603	338.0
261.82569168601424	338.0
261.8356922853682	338.0
261.84569288472215	338.0
261.85569348407614	334.0
261.86569408343007	226.0
261.87569468278406	220.0
261.885695282138	215.0
261.895695881492	210.0
261.9056964808459	206.0
261.9156970801999	203.0
261.9256976795538	201.0
261.9356982789078	201.0
261.94569887826174	201.0
261.9556994776157	203.0
261.96570007696965	203.0
261.97570067632364	206.0
261.9857012756776	208.0
261.99570187503156	208.0
262.00570247438554	208.0
262.0157030737395	210.0
262.02570367309346	210.0
262.0357042724474	210.0
262.0457048718014	208.0
262.0557054711553	208.0
262.0657060705093	203.0
262.0757066698632	201.0
262.0857072692172	196.0
262.09570786857114	192.0
262.1057084679251	190.0
262.11570906727906	187.0
262.12570966663304	187.0
262.135710265987	190.0
262.14571086534096	194.0
262.1557114646949	196.0
262.1657120640489	201.0
262.1757126634028	206.0
262.1857132627568	208.0
262.1957138621107	210.0
262.2057144614647	213.0
262.2157150608187	215.0
262.2257156601726	215.0
262.2357162595266	215.0
262.24571685888054	213.0
262.2557174582345	213.0
262.26571805758846	208.0
262.27571865694244	206.0
262.2857192562964	201.0
262.29571985565036	199.0
262.3057204550043	196.0
262.3157210543583	196.0
262.3257216537122	194.0
262.3357222530662	192.0
262.3457228524201	190.0
262.3557234517741	187.0
262.36572405112804	183.0
262.375724650482	179.0
262.38572524983596	175.0
262.39572584918994	171.0
262.4057264485439	167.0
262.41572704789786	167.0
262.4257276472518	165.0
262.4357282466058	163.0
262.44572884595976	161.0
262.4557294453137	161.0
262.4657300446677	161.0
262.4757306440216	163.0
262.4857312433756	169.0
262.4957318427295	177.0
262.5057324420835	183.0
262.51573304143744	0.0
262.52573364079143	275.0
262.53573424014536	275.0
262.54573483949935	268.0
262.5557354388533	196.0
262.56573603820726	190.0
262.5757366375612	183.0
262.5857372369152	177.0
262.5957378362691	171.0
262.6057384356231	167.0
262.615739034977	165.0
262.625739634331	165.0
262.63574023368494	161.0
262.64574083303893	159.0
262.6557414323929	156.0
262.66574203174684	152.0
262.67574263110083	150.0
262.68574323045476	149.0
262.69574382980875	149.0
262.7057444291627	149.0
262.71574502851666	149.0
262.7257456278706	150.0
262.7357462272246	152.0
262.7457468265785	154.0
262.7557474259325	158.0
262.7657480252864	159.0
262.7757486246404	161.0
262.78574922399434	163.0
262.79574982334833	163.0
262.80575042270226	161.0
262.81575102205625	159.0
262.8257516214102	156.0
262.83575222076416	0.0
262.8457528201181	0.0
262.8557534194721	0.0
262.865754018826	0.0
262.87575461818	0.0
262.885755217534	201.0
262.8957558168879	196.0
262.9057564162419	187.0
262.91575701559583	181.0
262.9257576149498	173.0
262.93575821430375	165.0
262.94575881365773	152.0
262.95575941301166	142.0
262.96576001236565	139.0
262.9757606117196	136.0
262.98576121107357	132.0
262.9957618104275	132.0
263.0057624097815	132.0
263.0157630091354	134.0
263.0257636084894	136.0
263.03576420784333	139.0
263.0457648071973	144.0
263.05576540655125	149.0
263.06576600590523	154.0
263.07576660525916	161.0
263.08576720461315	161.0
263.0957678039671	154.0
263.10576840332106	150.0
263.11576900267505	147.0
263.125769602029	142.0
263.13577020138297	140.0
263.1457708007369	137.0
263.1557714000909	131.0
263.1657719994448	122.0
263.1757725987988	113.0
263.18577319815273	110.0
263.1957737975067	109.0
263.20577439686065	110.0
263.21577499621463	111.0
263.22577559556856	113.0
263.23577619492255	0.0
263.2457767942765	159.0
263.25577739363047	167.0
263.2657779929844	171.0
263.2757785923384	173.0
263.2857791916923	173.0
263.2957797910463	173.0
263.30578039040023	173.0
263.3157809897542	171.0
263.3257815891082	169.0
263.33578218846213	167.0
263.3457827878161	163.0
263.35578338717005	159.0
263.36578398652404	154.0
263.37578458587797	152.0
263.38578518523195	150.0
263.3957857845859	149.0
263.40578638393987	150.0
263.4157869832938	152.0
263.4257875826478	154.0
263.4357881820017	158.0
263.4457887813557	161.0
263.45578938070963	163.0
263.4657899800636	163.0
263.47579057941755	161.0
263.48579117877154	156.0
263.49579177812547	154.0
263.50579237747945	0.0
263.5157929768334	0.0
263.52579357618737	0.0
263.5357941755413	0.0
263.5457947748953	0.0
263.55579537424927	0.0
263.5657959736032	0.0
263.5757965729572	0.0
263.5857971723111	0.0
263.5957977716651	0.0
263.60579837101903	203.0
263.615798970373	194.0
263.62579956972695	187.0
263.63580016908094	181.0
263.64580076843487	177.0
263.65580136778885	173.0
263.6658019671428	171.0
263.67580256649677	169.0
263.6858031658507	167.0
263.6958037652047	169.0
263.7058043645586	169.0
263.7158049639126	169.0
263.72580556326653	169.0
263.7358061626205	167.0
263.74580676197445	167.0
263.75580736132844	167.0
263.76580796068237	165.0
263.77580856003635	167.0
263.78580915939034	169.0
263.79580975874427	171.0
263.80581035809826	173.0
263.8158109574522	173.0
263.8258115568062	173.0
263.8358121561601	173.0
263.8458127555141	171.0
263.855813354868	171.0
263.865813954222	169.0
263.87581455357594	167.0
263.8858151529299	165.0
263.89581575228385	165.0
263.90581635163784	167.0
263.91581695099177	167.0
263.92581755034576	167.0
263.9358181496997	169.0
263.9458187490537	169.0
263.9558193484076	171.0
263.9658199477616	171.0
263.9758205471155	173.0
263.9858211464695	173.0
263.9958217458235	173.0
264.0058223451774	173.0
264.0158229445314	173.0
264.02582354388534	173.0
264.0358241432393	173.0
264.04582474259325	171.0
264.05582534194724	169.0
264.06582594130117	169.0
264.07582654065516	169.0
264.0858271400091	171.0
264.0958277393631	173.0
264.105828338717	179.0
264.115828938071	185.0
264.1258295374249	192.0
264.1358301367789	192.0
264.14583073613284	0.0
264.1558313354868	177.0
264.16583193484075	175.0
264.17583253419474	175.0
264.18583313354867	0.0
264.19583373290266	0.0
264.2058343322566	0.0
264.2158349316106	0.0
264.22583553096456	0.0
264.2358361303185	0.0
264.2458367296725	0.0
264.2558373290264	0.0
264.2658379283804	0.0
264.2758385277343	0.0
264.2858391270883	196.0
264.29583972644224	192.0
264.3058403257962	187.0
264.31584092515016	181.0
264.32584152450414	177.0
264.3358421238581	169.0
264.34584272321206	159.0
264.355843322566	154.0
264.36584392192	150.0
264.3758445212739	149.0
264.3858451206279	150.0
264.3958457199818	154.0
264.4058463193358	161.0
264.41584691868974	169.0
264.4258475180437	177.0
264.43584811739765	185.0
264.44584871675164	190.0
264.4558493161056	196.0
264.46584991545956	199.0
264.47585051481354	199.0
264.4858511141675	199.0
264.49585171352146	192.0
264.5058523128754	185.0
264.5158529122294	175.0
264.5258535115833	165.0
264.5358541109373	158.0
264.5458547102912	156.0
264.5558553096452	156.0
264.56585590899914	159.0
264.5758565083531	167.0
264.58585710770706	179.0
264.59585770706104	187.0
264.605858306415	196.0
264.61585890576896	206.0
264.6258595051229	220.0
264.6358601044769	234.0
264.6458607038308	242.0
264.6558613031848	248.0
264.6658619025388	253.0
264.6758625018927	256.0
264.6858631012467	194.0
264.6958637006006	171.0
264.7058642999546	161.0
264.71586489930854	154.0
264.72586549866253	154.0
264.73586609801646	156.0
264.74586669737045	159.0
264.7558672967244	165.0
264.76586789607836	173.0
264.7758684954323	181.0
264.7858690947863	187.0
264.7958696941402	194.0
264.8058702934942	199.0
264.8158708928481	201.0
264.8258714922021	203.0
264.83587209155604	201.0
264.84587269091	196.0
264.85587329026396	187.0
264.86587388961794	179.0
264.8758744889719	169.0
264.88587508832586	161.0
264.89587568767985	156.0
264.9058762870338	150.0
264.91587688638776	147.0
264.9258774857417	145.0
264.9358780850957	147.0
264.9458786844496	147.0
264.9558792838036	149.0
264.9658798831575	150.0
264.9758804825115	152.0
264.98588108186544	152.0
264.99588168121943	154.0
265.00588228057336	154.0
265.01588287992735	154.0
265.0258834792813	154.0
265.03588407863526	154.0
265.0458846779892	152.0
265.0558852773432	152.0
265.0658858766971	150.0
265.0758864760511	150.0
265.085887075405	149.0
265.095887674759	149.0
265.10588827411294	149.0
265.11588887346693	150.0
265.1258894728209	152.0
265.13589007217485	154.0
265.14589067152883	156.0
265.15589127088276	158.0
265.16589187023675	158.0
265.1758924695907	158.0
265.18589306894467	158.0
265.1958936682986	156.0
265.2058942676526	156.0
265.2158948670065	154.0
265.2258954663605	152.0
265.2358960657144	150.0
265.2458966650684	147.0
265.25589726442234	142.0
265.26589786377633	142.0
265.27589846313026	142.0
265.28589906248425	147.0
265.2958996618382	156.0
265.30590026119216	165.0
265.3159008605461	173.0
265.3259014599001	177.0
265.33590205925407	183.0
265.345902658608	185.0
265.355903257962	187.0
265.3659038573159	185.0
265.3759044566699	179.0
265.38590505602383	169.0
265.3959056553778	159.0
265.40590625473175	154.0
265.41590685408573	152.0
265.42590745343966	154.0
265.43590805279365	158.0
265.4459086521476	167.0
265.45590925150157	185.0
265.4659098508555	194.0
265.4759104502095	203.0
265.4859110495634	208.0
265.4959116489174	215.0
265.50591224827133	220.0
265.5159128476253	223.0
265.52591344697925	223.0
265.53591404633323	220.0
265.54591464568716	215.0
265.55591524504115	208.0
265.56591584439514	199.0
265.57591644374907	187.0
265.58591704310305	173.0
265.595917642457	163.0
265.60591824181097	159.0
265.6159188411649	159.0
265.6259194405189	159.0
265.6359200398728	163.0
265.6459206392268	171.0
265.65592123858073	177.0
265.6659218379347	177.0
265.67592243728865	175.0
265.68592303664263	171.0
265.69592363599656	169.0
265.70592423535055	167.0
265.7159248347045	169.0
265.72592543405847	169.0
265.7359260334124	171.0
265.7459266327664	171.0
265.7559272321203	0.0
265.7659278314743	0.0
265.77592843082823	259.0
265.7859290301822	272.0
265.7959296295362	278.0
265.80593022889013	281.0
265.8159308282441	278.0
265.82593142759805	272.0
265.83593202695204	248.0
265.84593262630597	223.0
265.85593322565995	215.0
265.8659338250139	213.0
265.87593442436787	210.0
265.8859350237218	210.0
265.8959356230758	210.0
265.9059362224297	210.0
265.9159368217837	208.0
265.92593742113763	206.0
265.9359380204916	206.0
265.94593861984555	203.0
265.95593921919954	203.0
265.96593981855347	203.0
265.97594041790745	203.0
265.9859410172614	203.0
265.99594161661537	206.0
266.00594221596936	206.0
266.0159428153233	206.0
266.0259434146773	208.0
266.0359440140312	210.0
266.0459446133852	213.0
266.0559452127391	215.0
266.0659458120931	218.0
266.07594641144703	218.0
266.085947010801	215.0
266.09594761015495	213.0
266.10594820950894	208.0
266.11594880886287	201.0
266.12594940821685	192.0
266.1359500075708	0.0
266.14595060692477	0.0
266.1559512062787	0.0
266.1659518056327	0.0
266.1759524049866	0.0
266.1859530043406	0.0
266.19595360369453	0.0
266.2059542030485	0.0
266.21595480240245	0.0
266.22595540175644	0.0
266.2359560011104	0.0
266.24595660046435	0.0
266.25595719981834	0.0
266.26595779917227	0.0
266.27595839852626	0.0
266.2859589978802	0.0
266.2959595972342	0.0
266.3059601965881	0.0
266.3159607959421	0.0
266.325961395296	0.0
266.33596199465	0.0
266.34596259400394	0.0
266.3559631933579	0.0
266.36596379271185	0.0
266.37596439206584	0.0
266.38596499141977	0.0
266.39596559077376	0.0
266.4059661901277	0.0
266.4159667894817	0.0
266.4259673888356	0.0
266.4359679881896	0.0
266.4459685875435	0.0
266.4559691868975	0.0
266.4659697862515	0.0
266.4759703856054	0.0
266.4859709849594	0.0
266.49597158431334	0.0
266.5059721836673	167.0
266.51597278302125	165.0
266.52597338237524	163.0
266.53597398172917	161.0
266.54597458108316	161.0
266.5559751804371	159.0
266.5659757797911	159.0
266.575976379145	161.0
266.585976978499	163.0
266.5959775778529	167.0
266.6059781772069	173.0
266.61597877656084	179.0
266.6259793759148	185.0
266.63597997526875	194.0
266.64598057462274	196.0
266.65598117397667	199.0
266.66598177333066	194.0
266.67598237268464	190.0
266.6859829720386	183.0
266.69598357139256	177.0
266.7059841707465	167.0
266.7159847701005	159.0
266.7259853694544	154.0
266.7359859688084	152.0
266.7459865681623	154.0
266.7559871675163	159.0
266.76598776687024	167.0
266.7759883662242	175.0
266.78598896557816	183.0
266.79598956493214	190.0
266.8059901642861	192.0
266.81599076364006	196.0
266.825991362994	199.0
266.835991962348	199.0
266.8459925617019	199.0
266.8559931610559	194.0
266.8659937604098	192.0
266.8759943597638	187.0
266.88599495911774	183.0
266.8959955584717	179.0
266.9059961578257	173.0
266.91599675717964	167.0
266.9259973565336	165.0
266.93599795588756	165.0
266.94599855524154	169.0
266.9559991545955	173.0
266.96599975394946	181.0
266.9760003533034	192.0
266.9860009526574	203.0
266.9960015520113	226.0
267.0060021513653	242.0
267.0160027507192	265.0
267.0260033500732	288.0
267.03600394942714	298.0
267.0460045487811	308.0
267.05600514813506	316.0
267.06600574748904	319.0
267.076006346843	319.0
267.08600694619696	312.0
267.0960075455509	301.0
267.1060081449049	291.0
267.1160087442588	245.0
267.1260093436128	234.0
267.1360099429668	228.0
267.1460105423207	228.0
267.1560111416747	231.0
267.1660117410286	234.0
267.1760123403826	236.0
267.18601293973654	239.0
267.19601353909053	245.0
267.20601413844446	253.0
267.21601473779845	262.0
267.2260153371524	275.0
267.23601593650636	291.0
267.2460165358603	327.0
267.2560171352143	331.0
267.2660177345682	323.0
267.2760183339222	316.0
267.2860189332761	308.0
267.2960195326301	298.0
267.30602013198404	288.0
267.316020731338	281.0
267.32602133069196	0.0
267.33602193004594	0.0
267.34602252939993	0.0
267.35602312875386	203.0
267.36602372810785	0.0
267.3760243274618	0.0
267.38602492681576	206.0
267.3960255261697	0.0
267.4060261255237	0.0
267.4160267248776	0.0
267.4260273242316	0.0
267.4360279235855	0.0
267.4460285229395	0.0
267.45602912229344	0.0
267.46602972164743	0.0
267.47603032100136	0.0
267.48603092035535	0.0
267.4960315197093	0.0
267.50603211906326	0.0
267.5160327184172	0.0
267.5260333177712	0.0
267.5360339171251	0.0
267.5460345164791	0.0
267.556035115833	0.0
267.566035715187	0.0
267.576036314541	0.0
267.58603691389493	0.0
267.5960375132489	203.0
267.60603811260285	203.0
267.61603871195683	203.0
267.62603931131076	203.0
267.63603991066475	203.0
267.6460405100187	203.0
267.65604110937267	206.0
267.6660417087266	206.0
267.6760423080806	412.0
267.6860429074345	412.0
267.6960435067885	412.0
267.70604410614243	417.0
267.7160447054964	417.0
267.72604530485035	417.0
267.73604590420433	421.0
267.74604650355826	426.0
267.75604710291225	426.0
267.7660477022662	0.0
267.77604830162016	0.0
267.7860489009741	0.0
267.7960495003281	389.0
267.80605009968207	375.0
267.816050699036	0.0
267.82605129839	0.0
267.8360518977439	0.0
267.8460524970979	0.0
267.85605309645183	284.0
267.8660536958058	284.0
267.87605429515975	288.0
267.88605489451373	0.0
267.89605549386766	0.0
267.90605609322165	342.0
267.9160566925756	354.0
267.92605729192957	371.0
267.9360578912835	384.0
267.9460584906375	389.0
267.9560590899914	389.0
267.9660596893454	384.0
267.97606028869933	371.0
267.9860608880533	363.0
267.99606148740725	346.0
268.00606208676123	308.0
268.01606268611516	305.0
268.02606328546915	301.0
268.03606388482314	0.0
268.04606448417707	0.0
268.05606508353105	0.0
268.066065682885	0.0
268.07606628223897	0.0
268.0860668815929	0.0
268.0960674809469	0.0
268.1060680803008	0.0
268.1160686796548	319.0
268.12606927900873	319.0
268.1360698783627	316.0
268.14607047771665	305.0
268.15607107707064	291.0
268.16607167642456	0.0
268.17607227577855	208.0
268.1860728751325	203.0
268.19607347448647	201.0
268.2060740738404	201.0
268.2160746731944	203.0
268.2260752725483	206.0
268.2360758719023	208.0
268.2460764712563	213.0
268.2560770706102	218.0
268.2660776699642	218.0
268.27607826931813	218.0
268.2860788686721	421.0
268.29607946802605	0.0
268.30608006738004	0.0
268.31608066673397	0.0
268.32608126608795	0.0
268.3360818654419	0.0
268.34608246479587	0.0
268.3560830641498	0.0
268.3660836635038	0.0
268.3760842628577	0.0
268.3860848622117	0.0
268.39608546156563	0.0
268.4060860609196	288.0
268.41608666027355	284.0
268.42608725962754	0.0
268.43608785898147	0.0
268.44608845833545	0.0
268.4560890576894	0.0
268.46608965704337	0.0
268.47609025639736	0.0
268.4860908557513	0.0
268.4960914551053	0.0
268.5060920544592	398.0
268.5160926538132	398.0
268.5260932531671	0.0
268.5360938525211	380.0
268.54609445187504	363.0
268.556095051229	0.0
268.56609565058295	0.0
268.57609624993694	308.0
268.58609684929087	308.0
268.59609744864485	312.0
268.6060980479988	0.0
268.61609864735277	0.0
268.6260992467067	0.0
268.6360998460607	0.0
268.6461004454146	0.0
268.6561010447686	0.0
268.66610164412253	0.0
268.6761022434765	0.0
268.68610284283045	0.0
268.69610344218444	0.0
268.7061040415384	0.0
268.71610464089235	0.0
268.72610524024634	0.0
268.73610583960027	0.0
268.74610643895426	0.0
268.7561070383082	0.0
268.7661076376622	0.0
268.7761082370161	0.0
268.7861088363701	0.0
268.796109435724	0.0
268.806110035078	0.0
268.81611063443194	0.0
268.8261112337859	0.0
268.83611183313985	0.0
268.84611243249384	0.0
268.85611303184777	0.0
268.86611363120176	0.0
268.8761142305557	0.0
268.8861148299097	0.0
268.8961154292636	0.0
268.9061160286176	0.0
268.9161166279716	0.0
268.9261172273255	0.0
268.9361178266795	0.0
268.9461184260334	0.0
268.9561190253874	0.0
268.96611962474134	0.0
268.9761202240953	0.0
268.98612082344926	0.0
268.99612142280324	0.0
269.0061220221572	0.0
269.01612262151116	363.0
269.0261232208651	358.0
269.0361238202191	354.0
269.046124419573	0.0
269.056125018927	0.0
269.0661256182809	0.0
269.0761262176349	0.0
269.08612681698884	0.0
269.0961274163428	0.0
269.10612801569675	259.0
269.11612861505074	262.0
269.12612921440467	265.0
269.13612981375866	0.0
269.14613041311264	0.0
269.1561310124666	0.0
269.16613161182056	0.0
269.1761322111745	0.0
269.1861328105285	0.0
269.1961334098824	0.0
269.2061340092364	0.0
269.2161346085903	0.0
269.2261352079443	0.0
269.23613580729824	0.0
269.2461364066522	0.0
269.25613700600616	0.0
269.26613760536014	0.0
269.2761382047141	0.0
269.28613880406806	0.0
269.296139403422	0.0
269.306140002776	0.0
269.3161406021299	0.0
269.3261412014839	0.0
269.3361418008378	0.0
269.3461424001918	0.0
269.35614299954574	0.0
269.3661435988997	0.0
269.3761441982537	0.0
269.38614479760764	0.0
269.39614539696163	0.0
269.40614599631556	0.0
269.41614659566955	0.0
269.4261471950235	0.0
269.43614779437746	0.0
269.4461483937314	0.0
269.4561489930854	0.0
269.4661495924393	0.0
269.4761501917933	0.0
269.4861507911472	0.0
269.4961513905012	0.0
269.50615198985514	0.0
269.5161525892091	0.0
269.52615318856306	0.0
269.53615378791704	0.0
269.546154387271	0.0
269.55615498662496	0.0
269.5661555859789	0.0
269.5761561853329	0.0
269.58615678468686	0.0
269.5961573840408	0.0
269.6061579833948	0.0
269.6161585827487	0.0
269.6261591821027	0.0
269.6361597814566	0.0
269.6461603808106	0.0
269.65616098016454	0.0
269.66616157951853	0.0
269.67616217887246	0.0
269.68616277822645	0.0
269.6961633775804	0.0
269.70616397693436	0.0
269.7161645762883	0.0
269.7261651756423	0.0
269.7361657749962	0.0
269.7461663743502	0.0
269.7561669737041	0.0
269.7661675730581	0.0
269.77616817241204	0.0
269.78616877176603	0.0
269.79616937111996	0.0
269.80616997047395	0.0
269.81617056982793	0.0
269.82617116918186	0.0
269.83617176853585	0.0
269.8461723678898	0.0
269.85617296724377	0.0
269.8661735665977	0.0
269.8761741659517	0.0
269.8861747653056	0.0
269.8961753646596	0.0
269.9061759640135	0.0
269.9161765633675	173.0
269.92617716272144	173.0
269.93617776207543	173.0
269.94617836142936	0.0
269.95617896078335	0.0
269.9661795601373	0.0
269.97618015949126	0.0
269.9861807588452	0.0
269.9961813581992	0.0
270.0061819575531	0.0
270.0161825569071	0.0
270.026183156261	0.0
270.036183755615	0.0
270.046184354969	0.0
270.05618495432293	0.0
270.0661855536769	0.0
270.07618615303085	0.0
270.08618675238483	0.0
270.09618735173876	0.0
270.10618795109275	0.0
270.1161885504467	0.0
270.12618914980067	0.0
270.1361897491546	0.0
270.1461903485086	0.0
270.1561909478625	0.0
270.1661915472165	0.0
270.17619214657043	0.0
270.1861927459244	158.0
270.19619334527835	154.0
270.20619394463233	152.0
270.21619454398626	152.0
270.22619514334025	154.0
270.2361957426942	158.0
270.24619634204817	163.0
270.25619694140215	171.0
270.2661975407561	177.0
270.27619814011007	185.0
270.286198739464	192.0
270.296199338818	199.0
270.3061999381719	203.0
270.3162005375259	203.0
270.32620113687983	201.0
270.3362017362338	194.0
270.34620233558775	185.0
270.35620293494173	175.0
270.36620353429566	169.0
270.37620413364965	163.0
270.3862047330036	161.0
270.39620533235757	163.0
270.4062059317115	167.0
270.4162065310655	175.0
270.4262071304194	181.0
270.4362077297734	194.0
270.44620832912733	203.0
270.4562089284813	215.0
270.46620952783525	231.0
270.47621012718923	242.0
270.4862107265432	253.0
270.49621132589715	268.0
270.50621192525114	281.0
270.51621252460507	284.0
270.52621312395905	0.0
270.536213723313	179.0
270.54621432266697	173.0
270.5562149220209	165.0
270.5662155213749	161.0
270.5762161207288	161.0
270.5862167200828	165.0
270.59621731943673	169.0
270.6062179187907	175.0
270.61621851814465	181.0
270.62621911749864	185.0
270.63621971685257	192.0
270.64622031620655	196.0
270.6562209155605	199.0
270.66622151491447	199.0
270.6762221142684	196.0
270.6862227136224	194.0
270.6962233129763	187.0
270.7062239123303	181.0
270.7162245116843	171.0
270.7262251110382	163.0
270.7362257103922	156.0
270.74622630974613	152.0
270.7562269091001	150.0
270.76622750845405	150.0
270.77622810780804	150.0
270.78622870716197	152.0
270.79622930651595	154.0
270.8062299058699	156.0
270.81623050522387	156.0
270.8262311045778	158.0
270.8362317039318	158.0
270.8462323032857	158.0
270.8562329026397	154.0
270.86623350199363	150.0
270.8762341013476	149.0
270.88623470070155	149.0
270.89623530005554	149.0
270.90623589940947	149.0
270.91623649876345	150.0
270.92623709811744	150.0
270.93623769747137	152.0
270.94623829682536	152.0
270.9562388961793	154.0
270.9662394955333	156.0
270.9762400948872	158.0
270.9862406942412	158.0
270.9962412935951	159.0
271.0062418929491	159.0
271.01624249230304	159.0
271.026243091657	156.0
271.03624369101095	152.0
271.04624429036494	149.0
271.05624488971887	147.0
271.06624548907286	145.0
271.0762460884268	145.0
271.0862466877808	147.0
271.0962472871347	150.0
271.1062478864887	158.0
271.1162484858426	165.0
271.1262490851966	173.0
271.13624968455053	179.0
271.1462502839045	185.0
271.1562508832585	190.0
271.16625148261244	190.0
271.1762520819664	187.0
271.18625268132035	183.0
271.19625328067434	177.0
271.20625388002827	171.0
271.21625447938226	165.0
271.2262550787362	163.0
271.2362556780902	165.0
271.2462562774441	169.0
271.2562568767981	177.0
271.266257476152	185.0
271.276258075506	196.0
271.28625867485994	206.0
271.2962592742139	215.0
271.30625987356785	223.0
271.31626047292184	228.0
271.32626107227577	228.0
271.33626167162976	223.0
271.3462622709837	213.0
271.3562628703377	206.0
271.3662634696916	201.0
271.3762640690456	0.0
271.3862646683996	179.0
271.3962652677535	175.0
271.4062658671075	171.0
271.4162664664614	167.0
271.4262670658154	163.0
271.43626766516934	163.0
271.4462682645233	161.0
271.45626886387726	161.0
271.46626946323124	163.0
271.4762700625852	165.0
271.48627066193916	167.0
271.4962712612931	171.0
271.5062718606471	169.0
271.516272460001	167.0
271.526273059355	0.0
271.5362736587089	0.0
271.5462742580629	0.0
271.55627485741684	0.0
271.5662754567708	0.0
271.57627605612475	0.0
271.58627665547874	0.0
271.5962772548327	0.0
271.60627785418666	0.0
271.61627845354064	0.0
271.6262790528946	0.0
271.63627965224856	0.0
271.6462802516025	0.0
271.6562808509565	0.0
271.6662814503104	0.0
271.6762820496644	0.0
271.6862826490183	0.0
271.6962832483723	0.0
271.70628384772624	0.0
271.7162844470802	0.0
271.72628504643416	0.0
271.73628564578814	0.0
271.7462862451421	0.0
271.75628684449606	0.0
271.76628744385	0.0
271.776288043204	0.0
271.7862886425579	0.0
271.7962892419119	0.0
271.8062898412658	0.0
271.8162904406198	0.0
271.8262910399738	0.0
271.8362916393277	0.0
271.8462922386817	0.0
271.85629283803564	0.0
271.86629343738963	0.0
271.87629403674356	0.0
271.88629463609755	0.0
271.8962952354515	0.0
271.90629583480546	0.0
271.9162964341594	0.0
271.9262970335134	0.0
271.9362976328673	0.0
271.9462982322213	0.0
271.9562988315752	0.0
271.9662994309292	0.0
271.97630003028314	0.0
271.9863006296371	0.0
271.99630122899106	0.0
272.00630182834504	0.0
272.016302427699	0.0
272.02630302705296	0.0
272.0363036264069	0.0
272.0463042257609	0.0
272.05630482511486	0.0
272.0663054244688	0.0
272.0763060238228	0.0
272.0863066231767	0.0
272.0963072225307	0.0
272.1063078218846	0.0
272.1163084212386	0.0
272.12630902059254	0.0
272.13630961994653	0.0
272.14631021930046	0.0
272.15631081865445	0.0
272.1663114180084	0.0
272.17631201736236	0.0
272.1863126167163	0.0
272.1963132160703	0.0
272.2063138154242	0.0
272.2163144147782	0.0
272.2263150141321	0.0
272.2363156134861	0.0
272.24631621284004	0.0
272.25631681219403	0.0
272.266317411548	0.0
272.27631801090195	0.0
272.28631861025593	0.0
272.29631920960986	0.0
272.30631980896385	0.0
272.3163204083178	0.0
272.32632100767177	0.0
272.3363216070257	0.0
272.3463222063797	0.0
272.3563228057336	0.0
272.3663234050876	0.0
272.3763240044415	0.0
272.3863246037955	171.0
272.39632520314944	167.0
272.40632580250343	163.0
272.41632640185736	161.0
272.42632700121135	159.0
272.4363276005653	159.0
272.44632819991926	163.0
272.4563287992732	167.0
272.4663293986272	171.0
272.4763299979811	175.0
272.4863305973351	181.0
272.4963311966891	185.0
272.506331796043	192.0
272.516332395397	194.0
272.52633299475093	194.0
272.5363335941049	190.0
272.54633419345885	185.0
272.55633479281283	179.0
272.56633539216676	175.0
272.57633599152075	169.0
272.5863365908747	163.0
272.59633719022867	161.0
272.6063377895826	161.0
272.6163383889366	163.0
272.6263389882905	167.0
272.6363395876445	171.0
272.64634018699843	0.0
272.6563407863524	358.0
272.66634138570635	192.0
272.67634198506033	196.0
272.68634258441426	196.0
272.69634318376825	196.0
272.7063437831222	196.0
272.71634438247617	192.0
272.72634498183015	187.0
272.7363455811841	181.0
272.74634618053807	175.0
272.756346779892	169.0
272.766347379246	163.0
272.7763479785999	305.0
272.7863485779539	156.0
272.79634917730783	158.0
272.8063497766618	163.0
272.81635037601575	173.0
272.82635097536973	190.0
272.83635157472366	206.0
272.84635217407765	226.0
272.8563527734316	245.0
272.86635337278557	281.0
272.8763539721395	312.0
272.8863545714935	323.0
272.8963551708474	331.0
272.9063557702014	331.0
272.91635636955533	327.0
272.9263569689093	319.0
272.9363575682633	312.0
272.94635816761723	301.0
272.9563587669712	294.0
272.96635936632515	281.0
272.97635996567914	234.0
272.98636056503307	223.0
272.99636116438705	220.0
273.006361763741	223.0
273.01636236309497	231.0
273.0263629624489	236.0
273.0363635618029	239.0
273.0463641611568	245.0
273.0563647605108	256.0
273.06636535986473	268.0
273.0763659592187	281.0
273.08636655857265	338.0
273.09636715792664	338.0
273.10636775728057	334.0
273.11636835663455	323.0
273.1263689559885	312.0
273.13636955534247	301.0
273.1463701546964	291.0
273.1563707540504	281.0
273.1663713534044	275.0
273.1763719527583	268.0
273.1863725521123	0.0
273.1963731514662	208.0
273.2063737508202	208.0
273.21637435017414	208.0
273.2263749495281	210.0
273.23637554888205	210.0
273.24637614823604	210.0
273.25637674758997	210.0
273.26637734694395	210.0
273.2763779462979	208.0
273.28637854565187	208.0
273.2963791450058	208.0
273.3063797443598	210.0
273.3163803437137	210.0
273.3263809430677	213.0
273.33638154242163	215.0
273.3463821417756	215.0
273.35638274112955	215.0
273.36638334048354	215.0
273.37638393983747	213.0
273.38638453919145	213.0
273.39638513854544	213.0
273.40638573789937	213.0
273.41638633725336	213.0
273.4263869366073	210.0
273.4363875359613	210.0
273.4463881353152	210.0
273.4563887346692	208.0
273.4663893340231	208.0
273.4763899333771	206.0
273.48639053273104	206.0
273.496391132085	206.0
273.50639173143895	206.0
273.51639233079294	206.0
273.52639293014687	206.0
273.53639352950086	208.0
273.5463941288548	208.0
273.5563947282088	208.0
273.5663953275627	208.0
273.5763959269167	208.0
273.5863965262706	208.0
273.5963971256246	208.0
273.6063977249786	208.0
273.6163983243325	206.0
273.6263989236865	201.0
273.63639952304044	389.0
273.6464001223944	375.0
273.65640072174835	363.0
273.66640132110234	350.0
273.67640192045627	0.0
273.68640251981026	0.0
273.6964031191642	281.0
273.7064037185182	275.0
273.7164043178721	275.0
273.7264049172261	284.0
273.73640551658	301.0
273.746406115934	316.0
273.75640671528794	331.0
273.7664073146419	346.0
273.77640791399585	367.0
273.78640851334984	380.0
273.79640911270377	393.0
273.80640971205776	402.0
273.8164103114117	203.0
273.8264109107657	196.0
273.83641151011966	187.0
273.8464121094736	181.0
273.8564127088276	171.0
273.8664133081815	161.0
273.8764139075355	316.0
273.8864145068894	161.0
273.8964151062434	163.0
273.90641570559734	167.0
273.9164163049513	171.0
273.92641690430526	0.0
273.93641750365924	0.0
273.9464181030132	0.0
273.95641870236716	0.0
273.9664193017211	319.0
273.9764199010751	319.0
273.986420500429	316.0
273.996421099783	312.0
274.0064216991369	294.0
274.0164222984909	215.0
274.02642289784484	210.0
274.0364234971988	206.0
274.04642409655276	206.0
274.05642469590674	206.0
274.06642529526073	208.0
274.07642589461466	213.0
274.08642649396864	215.0
274.0964270933226	215.0
274.10642769267656	215.0
274.1164282920305	417.0
274.1264288913845	203.0
274.1364294907384	196.0
274.1464300900924	0.0
274.1564306894463	0.0
274.1664312888003	0.0
274.17643188815424	0.0
274.1864324875082	0.0
274.19643308686216	0.0
274.20643368621614	0.0
274.2164342855701	0.0
274.22643488492406	0.0
274.236435484278	294.0
274.246436083632	288.0
274.2564366829859	284.0
274.2664372823399	288.0
274.2764378816939	294.0
274.2864384810478	305.0
274.2964390804018	316.0
274.3064396797557	331.0
274.3164402791097	346.0
274.32644087846364	354.0
274.33644147781763	367.0
274.34644207717156	384.0
274.35644267652555	389.0
274.3664432758795	384.0
274.37644387523346	375.0
274.3864444745874	363.0
274.3964450739414	346.0
274.4064456732953	323.0
274.4164462726493	308.0
274.4264468720032	305.0
274.4364474713572	308.0
274.44644807071114	323.0
274.45644867006513	342.0
274.46644926941906	371.0
274.47644986877305	192.0
274.486450468127	199.0
274.49645106748096	206.0
274.50645166683495	210.0
274.5164522661889	0.0
274.52645286554286	288.0
274.5364534648968	288.0
274.5464540642508	284.0
274.5564546636047	275.0
274.5664552629587	259.0
274.5764558623126	0.0
274.5864564616666	173.0
274.59645706102054	163.0
274.60645766037453	161.0
274.61645825972846	161.0
274.62645885908245	161.0
274.6364594584364	165.0
274.64646005779036	169.0
274.6564606571443	354.0
274.6664612564983	367.0
274.6764618558522	380.0
274.6864624552062	389.0
274.6964630545601	389.0
274.7064636539141	384.0
274.71646425326804	375.0
274.72646485262203	358.0
274.736465451976	346.0
274.74646605132995	305.0
274.75646665068393	294.0
274.76646725003786	284.0
274.77646784939185	288.0
274.7864684487458	291.0
274.79646904809977	298.0
274.8064696474537	305.0
274.8164702468077	316.0
274.8264708461616	331.0
274.8364714455156	331.0
274.84647204486953	331.0
274.8564726442235	323.0
274.86647324357745	316.0
274.87647384293143	305.0
274.88647444228536	288.0
274.89647504163935	278.0
274.9064756409933	268.0
274.91647624034727	259.0
274.9264768397012	250.0
274.9364774390552	0.0
274.94647803840917	0.0
274.9564786377631	0.0
274.9664792371171	0.0
274.976479836471	0.0
274.986480435825	0.0
274.99648103517893	0.0
275.0064816345329	0.0
275.01648223388685	0.0
275.02648283324083	0.0
275.03648343259476	0.0
275.04648403194875	0.0
275.0564846313027	0.0
275.06648523065667	0.0
275.0764858300106	0.0
275.0864864293646	0.0
275.0964870287185	0.0
275.1064876280725	0.0
275.11648822742643	0.0
275.1264888267804	0.0
275.13648942613435	0.0
275.14649002548833	0.0
275.15649062484226	0.0
275.16649122419625	0.0
275.17649182355024	0.0
275.18649242290417	0.0
275.19649302225815	0.0
275.2064936216121	0.0
275.21649422096607	0.0
275.22649482032	0.0
275.236495419674	0.0
275.2464960190279	0.0
275.2564966183819	0.0
275.26649721773583	0.0
275.2764978170898	0.0
275.28649841644375	0.0
275.29649901579774	0.0
275.30649961515167	0.0
275.31650021450565	0.0
275.3265008138596	0.0
275.33650141321357	0.0
275.3465020125675	0.0
275.3565026119215	0.0
275.3665032112754	0.0
275.3765038106294	0.0
275.38650440998333	0.0
275.3965050093373	0.0
275.4065056086913	0.0
275.41650620804523	0.0
275.4265068073992	0.0
275.43650740675315	0.0
275.44650800610714	0.0
275.45650860546107	0.0
275.46650920481505	0.0
275.476509804169	0.0
275.48651040352297	0.0
275.4965110028769	0.0
275.5065116022309	0.0
275.5165122015848	0.0
275.5265128009388	0.0
275.53651340029273	0.0
275.5465139996467	0.0
275.55651459900065	0.0
275.56651519835464	275.0
275.57651579770857	275.0
275.58651639706255	278.0
275.5965169964165	281.0
275.60651759577047	281.0
275.61651819512446	0.0
275.6265187944784	0.0
275.6365193938324	334.0
275.6465199931863	346.0
275.6565205925403	358.0
275.6665211918942	363.0
275.6765217912482	363.0
275.68652239060214	358.0
275.6965229899561	354.0
275.70652358931005	346.0
275.71652418866404	334.0
275.72652478801797	323.0
275.73652538737196	312.0
275.7465259867259	305.0
275.7565265860799	298.0
275.7665271854338	291.0
275.7765277847878	281.0
275.7865283841417	275.0
275.7965289834957	268.0
275.80652958284963	294.0
275.8165301822036	301.0
275.82653078155755	327.0
275.83653138091154	342.0
275.8465319802655	350.0
275.85653257961945	358.0
275.86653317897344	367.0
275.87653377832737	371.0
275.88653437768136	375.0
275.8965349770353	371.0
275.9065355763893	367.0
275.9165361757432	358.0
275.9265367750972	354.0
275.9365373744511	350.0
275.9465379738051	346.0
275.95653857315904	338.0
275.966539172513	323.0
275.97653977186695	312.0
275.98654037122094	312.0
275.99654097057487	308.0
276.00654156992886	0.0
276.0165421692828	0.0
276.0265427686368	0.0
276.0365433679907	0.0
276.0465439673447	0.0
276.0565445666986	0.0
276.0665451660526	0.0
276.0765457654066	327.0
276.0865463647605	363.0
276.0965469641145	375.0
276.10654756346844	389.0
276.1165481628224	393.0
276.12654876217636	389.0
276.13654936153034	0.0
276.1465499608843	0.0
276.15655056023826	0.0
276.1665511595922	0.0
276.1765517589462	371.0
276.1865523583001	367.0
276.1965529576541	0.0
276.206553557008	0.0
276.216554156362	0.0
276.22655475571594	0.0
276.2365553550699	0.0
276.24655595442385	0.0
276.25655655377784	0.0
276.26655715313177	0.0
276.27655775248576	0.0
276.2865583518397	0.0
276.2965589511937	0.0
276.30655955054766	0.0
276.3165601499016	0.0
276.3265607492556	0.0
276.3365613486095	0.0
276.3465619479635	0.0
276.3565625473174	308.0
276.3665631466714	308.0
276.37656374602534	301.0
276.3865643453793	288.0
276.39656494473326	0.0
276.40656554408724	284.0
276.4165661434412	288.0
276.42656674279516	291.0
276.4365673421491	298.0
276.4465679415031	305.0
276.456568540857	316.0
276.466569140211	327.0
276.4765697395649	0.0
276.4865703389189	354.0
276.49657093827284	334.0
276.5065715376268	342.0
276.5165721369808	346.0
276.52657273633474	0.0
276.53657333568873	371.0
276.54657393504266	358.0
276.55657453439665	342.0
276.5665751337506	294.0
276.57657573310456	288.0
276.5865763324585	281.0
276.5965769318125	278.0
276.6065775311664	278.0
276.6165781305204	278.0
276.6265787298743	281.0
276.6365793292283	281.0
276.64657992858224	281.0
276.6565805279362	281.0
276.66658112729016	278.0
276.67658172664414	278.0
276.6865823259981	275.0
276.69658292535206	272.0
276.706583524706	268.0
276.71658412406	265.0
276.7265847234139	259.0
276.7365853227679	250.0
276.7465859221219	236.0
276.7565865214758	226.0
276.7665871208298	218.0
276.7765877201837	215.0
276.7865883195377	215.0
276.79658891889164	218.0
276.80658951824563	223.0
276.81659011759956	226.0
276.82659071695355	228.0
276.8365913163075	228.0
276.84659191566146	231.0
276.8565925150154	0.0
276.8665931143694	278.0
276.8765937137233	308.0
276.8865943130773	319.0
276.8965949124312	323.0
276.9065955117852	316.0
276.91659611113914	268.0
276.92659671049313	262.0
276.93659730984706	259.0
276.94659790920105	262.0
276.956598508555	262.0
276.96659910790896	265.0
276.97659970726295	268.0
276.9866003066169	272.0
276.99660090597087	268.0
277.0066015053248	253.0
277.0166021046788	242.0
277.0266027040327	242.0
277.0366033033867	245.0
277.0466039027406	338.0
277.0566045020946	338.0
277.06660510144854	327.0
277.07660570080253	308.0
277.08660630015646	291.0
277.09660689951045	213.0
277.1066074988644	208.0
277.11660809821836	208.0
277.1266086975723	210.0
277.1366092969263	215.0
277.1466098962802	223.0
277.1566104956342	228.0
277.1666110949881	231.0
277.1766116943421	234.0
277.1866122936961	234.0
277.19661289305003	234.0
277.206613492404	234.0
277.21661409175795	234.0
277.22661469111193	231.0
277.23661529046586	305.0
277.24661588981985	220.0
277.2566164891738	208.0
277.26661708852777	199.0
277.2766176878817	196.0
277.2866182872357	199.0
277.2966188865896	201.0
277.3066194859436	203.0
277.31662008529753	208.0
277.3266206846515	213.0
277.33662128400545	213.0
277.34662188335943	210.0
277.35662248271336	206.0
277.36662308206735	201.0
277.3766236814213	199.0
277.38662428077527	196.0
277.3966248801292	194.0
277.4066254794832	192.0
277.41662607883717	187.0
277.4266266781911	181.0
277.4366272775451	173.0
277.446627876899	159.0
277.456628476253	145.0
277.46662907560693	145.0
277.4766296749609	147.0
277.48663027431485	150.0
277.49663087366883	158.0
277.50663147302276	167.0
277.51663207237675	173.0
277.5266326717307	175.0
277.53663327108467	179.0
277.5466338704386	183.0
277.5566344697926	187.0
277.5666350691465	187.0
277.5766356685005	183.0
277.58663626785443	175.0
277.5966368672084	165.0
277.60663746656235	158.0
277.61663806591633	149.0
277.62663866527026	149.0
277.63663926462425	150.0
277.64663986397824	154.0
277.65664046333217	161.0
277.66664106268615	167.0
277.6766416620401	169.0
277.68664226139407	171.0
277.696642860748	171.0
277.706643460102	171.0
277.7166440594559	171.0
277.7266446588099	171.0
277.73664525816383	171.0
277.7466458575178	171.0
277.75664645687175	171.0
277.76664705622574	171.0
277.77664765557967	156.0
277.78664825493365	149.0
277.7966488542876	142.0
277.80664945364157	137.0
277.8166500529955	134.0
277.8266506523495	132.0
277.8366512517034	132.0
277.8466518510574	134.0
277.8566524504114	137.0
277.8666530497653	140.0
277.8766536491193	142.0
277.88665424847323	144.0
277.8966548478272	142.0
277.90665544718115	140.0
277.91665604653514	139.0
277.92665664588907	137.0
277.93665724524305	136.0
277.946657844597	132.0
277.95665844395097	128.0
277.9666590433049	125.0
277.9766596426589	124.0
277.9866602420128	124.0
277.9966608413668	126.0
278.00666144072073	131.0
278.0166620400747	137.0
278.02666263942865	145.0
278.03666323878264	154.0
278.04666383813657	161.0
278.05666443749055	167.0
278.0666650368445	173.0
278.07666563619847	175.0
278.08666623555246	0.0
278.0966668349064	253.0
278.1066674342604	250.0
278.1166680336143	245.0
278.1266686329683	234.0
278.1366692323222	223.0
278.1466698316762	208.0
278.15667043103014	194.0
278.1666710303841	177.0
278.17667162973805	161.0
278.18667222909204	152.0
278.19667282844597	144.0
278.20667342779996	139.0
278.2166740271539	139.0
278.2266746265079	139.0
278.2366752258618	140.0
278.2466758252158	144.0
278.2566764245697	147.0
278.2666770239237	152.0
278.27667762327764	158.0
278.2866782226316	163.0
278.29667882198555	171.0
278.30667942133954	175.0
278.3166800206935	179.0
278.32668062004745	181.0
278.33668121940144	183.0
278.34668181875537	183.0
278.35668241810936	183.0
278.3666830174633	181.0
278.3766836168173	177.0
278.3866842161712	173.0
278.3966848155252	169.0
278.4066854148791	165.0
278.4166860142331	161.0
278.42668661358704	154.0
278.436687212941	150.0
278.44668781229495	147.0
278.45668841164894	145.0
278.46668901100287	144.0
278.47668961035686	144.0
278.4866902097108	144.0
278.4966908090648	142.0
278.5066914084187	142.0
278.5166920077727	142.0
278.5266926071267	140.0
278.5366932064806	140.0
278.5466938058346	140.0
278.5566944051885	140.0
278.5666950045425	140.0
278.57669560389644	140.0
278.5866962032504	140.0
278.59669680260436	140.0
278.60669740195834	139.0
278.6166980013123	139.0
278.62669860066626	139.0
278.6366992000202	139.0
278.6466997993742	139.0
278.6567003987281	137.0
278.6667009980821	137.0
278.676701597436	137.0
278.68670219679	137.0
278.69670279614394	137.0
278.7067033954979	0.0
278.71670399485185	0.0
278.72670459420584	0.0
278.73670519355977	0.0
278.74670579291376	0.0
278.75670639226774	0.0
278.7667069916217	0.0
278.77670759097566	0.0
278.7867081903296	0.0
278.7967087896836	0.0
278.8067093890375	0.0
278.8167099883915	0.0
278.8267105877454	0.0
278.8367111870994	0.0
278.84671178645334	0.0
278.8567123858073	0.0
278.86671298516126	0.0
278.87671358451524	0.0
278.8867141838692	0.0
278.89671478322316	0.0
278.9067153825771	0.0
278.9167159819311	0.0
278.926716581285	0.0
278.936717180639	0.0
278.9467177799929	0.0
278.9567183793469	0.0
278.96671897870084	0.0
278.9767195780548	0.0
278.9867201774088	0.0
278.99672077676274	0.0
279.00672137611673	0.0
279.01672197547066	0.0
279.02672257482465	0.0
279.0367231741786	0.0
279.04672377353256	0.0
279.0567243728865	0.0
279.0667249722405	0.0
279.0767255715944	0.0
279.0867261709484	0.0
279.0967267703023	0.0
279.1067273696563	0.0
279.11672796901024	0.0
279.12672856836423	0.0
279.13672916771816	0.0
279.14672976707215	140.0
279.1567303664261	139.0
279.16673096578006	139.0
279.176731565134	139.0
279.186732164488	140.0
279.19673276384196	144.0
279.2067333631959	145.0
279.2167339625499	147.0
279.2267345619038	147.0
279.2367351612578	144.0
279.2467357606117	140.0
279.2567363599657	122.0
279.26673695931964	119.0
279.27673755867363	118.0
279.28673815802756	117.0
279.29673875738155	139.0
279.3067393567355	140.0
279.31673995608946	140.0
279.3267405554434	140.0
279.3367411547974	142.0
279.3467417541513	142.0
279.3567423535053	142.0
279.3667429528592	144.0
279.3767435522132	144.0
279.38674415156714	144.0
279.39674475092113	142.0
279.40674535027506	140.0
279.41674594962905	137.0
279.42674654898303	134.0
279.43674714833696	132.0
279.44674774769095	132.0
279.4567483470449	136.0
279.46674894639887	139.0
279.4767495457528	144.0
279.4867501451068	149.0
279.4967507444607	154.0
279.5067513438147	158.0
279.51675194316863	161.0
279.5267525425226	163.0
279.53675314187655	163.0
279.54675374123053	163.0
279.55675434058446	163.0
279.56675493993845	161.0
279.5767555392924	156.0
279.58675613864636	152.0
279.5967567380003	144.0
279.6067573373543	140.0
279.6167579367082	140.0
279.6267585360622	142.0
279.6367591354161	147.0
279.6467597347701	150.0
279.6567603341241	154.0
279.66676093347803	158.0
279.676761532832	159.0
279.68676213218595	163.0
279.69676273153993	165.0
279.70676333089386	167.0
279.71676393024785	167.0
279.7267645296018	165.0
279.73676512895577	161.0
279.7467657283097	156.0
279.7567663276637	150.0
279.7667669270176	142.0
279.7767675263716	139.0
279.78676812572553	139.0
279.7967687250795	163.0
279.80676932443345	165.0
279.81676992378743	165.0
279.82677052314136	167.0
279.83677112249535	167.0
279.8467717218493	169.0
279.85677232120327	175.0
279.86677292055725	177.0
279.8767735199112	181.0
279.88677411926517	183.0
279.8967747186191	185.0
279.9067753179731	185.0
279.916775917327	183.0
279.926776516681	179.0
279.93677711603493	177.0
279.9467777153889	159.0
279.95677831474285	159.0
279.96677891409684	171.0
279.97677951345077	173.0
279.98678011280475	169.0
279.9967807121587	167.0
280.00678131151267	163.0
280.0167819108666	161.0
280.0267825102206	161.0
280.0367831095745	161.0
280.0467837089285	165.0
280.05678430828243	173.0
280.0667849076364	179.0
280.07678550699035	181.0
280.08678610634433	179.0
280.0967867056983	173.0
280.10678730505225	169.0
280.11678790440624	169.0
280.12678850376017	169.0
280.13678910311415	0.0
280.1467897024681	0.0
280.15679030182207	206.0
280.166790901176	206.0
280.17679150053	206.0
280.1867920998839	206.0
280.1967926992379	206.0
280.20679329859183	206.0
280.2167938979458	208.0
280.22679449729975	208.0
280.23679509665374	208.0
280.24679569600767	208.0
280.25679629536165	203.0
280.2667968947156	199.0
280.27679749406957	192.0
280.2867980934235	187.0
280.2967986927775	192.0
280.3067992921314	206.0
280.3167998914854	208.0
280.3268004908394	208.0
280.3368010901933	208.0
280.3468016895473	208.0
280.35680228890124	208.0
280.3668028882552	208.0
280.37680348760915	208.0
280.38680408696314	208.0
280.39680468631707	208.0
280.40680528567106	208.0
280.416805885025	208.0
280.426806484379	208.0
280.4368070837329	206.0
280.4468076830869	206.0
280.4568082824408	203.0
280.4668088817948	203.0
280.47680948114873	206.0
280.4868100805027	210.0
280.49681067985665	215.0
280.50681127921064	220.0
280.51681187856457	223.0
280.52681247791855	226.0
280.53681307727254	228.0
280.54681367662647	234.0
280.55681427598046	234.0
280.5668148753344	236.0
280.5768154746884	236.0
280.5868160740423	236.0
280.5968166733963	234.0
280.6068172727502	228.0
280.6168178721042	223.0
280.62681847145814	218.0
280.6368190708121	220.0
280.64681967016605	226.0
280.65682026952004	239.0
280.66682086887397	236.0
280.67682146822796	234.0
280.6868220675819	231.0
280.6968226669359	231.0
280.7068232662898	231.0
280.7168238656438	231.0
280.7268244649977	234.0
280.7368250643517	239.0
280.74682566370564	239.0
280.7568262630596	239.0
280.7668268624136	239.0
280.77682746176754	231.0
280.7868280611215	226.0
280.79682866047546	0.0
280.80682925982944	0.0
280.8168298591834	0.0
280.82683045853736	0.0
280.8368310578913	0.0
280.8468316572453	0.0
280.8568322565992	0.0
280.8668328559532	288.0
280.8768334553071	281.0
280.8868340546611	278.0
280.89683465401504	278.0
280.906835253369	275.0
280.91683585272295	278.0
280.92683645207694	278.0
280.93683705143087	278.0
280.94683765078486	278.0
280.9568382501388	275.0
280.9668388494928	268.0
280.9768394488467	265.0
280.9868400482007	265.0
280.9968406475547	268.0
281.0068412469086	272.0
281.0168418462626	278.0
281.0268424456165	281.0
281.0368430449705	288.0
281.04684364432444	291.0
281.0568442436784	291.0
281.06684484303236	294.0
281.07684544238634	294.0
281.0868460417403	298.0
281.09684664109426	301.0
281.1068472404482	305.0
281.1168478398022	312.0
281.1268484391561	316.0
281.1368490385101	316.0
281.146849637864	316.0
281.156850237218	305.0
281.16685083657194	298.0
281.1768514359259	291.0
281.18685203527986	284.0
281.19685263463384	350.0
281.20685323398783	367.0
281.21685383334176	367.0
281.22685443269575	363.0
281.2368550320497	354.0
281.24685563140366	350.0
281.2568562307576	342.0
281.2668568301116	338.0
281.2768574294655	334.0
281.2868580288195	331.0
281.2968586281734	331.0
281.3068592275274	327.0
281.31685982688134	319.0
281.3268604262353	316.0
281.33686102558926	312.0
281.34686162494324	312.0
281.3568622242972	316.0
281.36686282365116	316.0
281.3768634230051	312.0
281.3868640223591	308.0
281.396864621713	301.0
281.406865221067	294.0
281.4168658204209	291.0
281.4268664197749	288.0
281.4368670191289	284.0
281.4468676184828	281.0
281.4568682178368	278.0
281.46686881719074	272.0
281.47686941654473	268.0
281.48687001589866	268.0
281.49687061525265	268.0
281.5068712146066	275.0
281.51687181396056	298.0
281.5268724133145	312.0
281.5368730126685	316.0
281.5468736120224	319.0
281.5568742113764	319.0
281.5668748107303	316.0
281.5768754100843	316.0
281.58687600943824	316.0
281.59687660879223	312.0
281.60687720814616	312.0
281.61687780750015	316.0
281.6268784068541	316.0
281.63687900620806	319.0
281.646879605562	327.0
281.656880204916	331.0
281.66688080426997	338.0
281.6768814036239	346.0
281.6868820029779	354.0
281.6968826023318	358.0
281.7068832016858	358.0
281.7168838010397	354.0
281.7268844003937	350.0
281.73688499974764	342.0
281.74688559910163	338.0
281.75688619845556	331.0
281.76688679780955	319.0
281.7768873971635	308.0
281.78688799651746	301.0
281.7968885958714	301.0
281.8068891952254	301.0
281.8168897945793	301.0
281.8268903939333	305.0
281.8368909932872	301.0
281.8468915926412	301.0
281.85689219199514	301.0
281.86689279134913	301.0
281.8768933907031	301.0
281.88689399005705	298.0
281.89689458941103	291.0
281.90689518876496	281.0
281.91689578811895	268.0
281.9268963874729	250.0
281.93689698682687	239.0
281.9468975861808	228.0
281.9568981855348	223.0
281.9668987848887	220.0
281.9768993842427	218.0
281.98689998359663	218.0
281.9969005829506	215.0
282.00690118230455	213.0
282.01690178165853	0.0
282.02690238101246	0.0
282.03690298036645	0.0
282.0469035797204	0.0
282.05690417907437	0.0
282.0669047784283	0.0
282.0769053777823	312.0
282.0869059771362	301.0
282.0969065764902	291.0
282.1069071758442	281.0
282.1169077751981	275.0
282.1269083745521	272.0
282.13690897390603	272.0
282.14690957326	272.0
282.15691017261395	272.0
282.16691077196793	272.0
282.17691137132186	268.0
282.18691197067585	268.0
282.1969125700298	265.0
282.20691316938377	265.0
282.2169137687377	268.0
282.2269143680917	275.0
282.2369149674456	278.0
282.2469155667996	284.0
282.25691616615353	294.0
282.2669167655075	305.0
282.27691736486145	323.0
282.28691796421543	334.0
282.29691856356936	342.0
282.30691916292335	346.0
282.3169197622773	350.0
282.32692036163127	354.0
282.33692096098525	354.0
282.3469215603392	350.0
282.35692215969317	346.0
282.3669227590471	342.0
282.3769233584011	319.0
282.386923957755	316.0
282.396924557109	312.0
282.40692515646293	305.0
282.4169257558169	291.0
282.42692635517085	284.0
282.43692695452484	281.0
282.44692755387877	281.0
282.45692815323275	281.0
282.4669287525867	281.0
282.47692935194067	284.0
282.4869299512946	284.0
282.4969305506486	284.0
282.5069311500025	284.0
282.5169317493565	281.0
282.52693234871043	281.0
282.5369329480644	284.0
282.5469335474184	291.0
282.55693414677233	298.0
282.5669347461263	308.0
282.57693534548025	316.0
282.58693594483424	319.0
282.59693654418817	319.0
282.60693714354215	323.0
282.6169377428961	323.0
282.62693834225007	323.0
282.636938941604	319.0
282.646939540958	319.0
282.6569401403119	319.0
282.6669407396659	316.0
282.67694133901983	308.0
282.6869419383738	291.0
282.69694253772775	265.0
282.70694313708174	259.0
282.71694373643567	265.0
282.72694433578965	275.0
282.7369449351436	275.0
282.74694553449757	275.0
282.7569461338515	275.0
282.7669467332055	275.0
282.7769473325595	278.0
282.7869479319134	278.0
282.7969485312674	278.0
282.8069491306213	278.0
282.8169497299753	278.0
282.82695032932924	272.0
282.8369509286832	265.0
282.84695152803715	245.0
282.85695212739114	234.0
282.86695272674507	231.0
282.87695332609906	228.0
282.886953925453	226.0
282.896954524807	203.0
282.9069551241609	199.0
282.9169557235149	194.0
282.9269563228688	190.0
282.9369569222228	190.0
282.94695752157673	192.0
282.9569581209307	194.0
282.96695872028465	196.0
282.97695931963864	196.0
282.98695991899257	199.0
282.99696051834655	201.0
283.00696111770054	201.0
283.01696171705447	203.0
283.02696231640846	203.0
283.0369629157624	203.0
283.0469635151164	199.0
283.0569641144703	196.0
283.0669647138243	194.0
283.0769653131782	194.0
283.0869659125322	192.0
283.09696651188614	192.0
283.1069671112401	194.0
283.11696771059405	199.0
283.12696830994804	206.0
283.13696890930197	213.0
283.14696950865596	220.0
283.1569701080099	231.0
283.1669707073639	239.0
283.1769713067178	250.0
283.1869719060718	275.0
283.1969725054257	291.0
283.2069731047797	291.0
283.2169737041337	0.0
283.2269743034876	0.0
283.2369749028416	0.0
283.24697550219554	278.0
283.2569761015495	272.0
283.26697670090346	268.0
283.27697730025744	259.0
283.2869778996114	259.0
283.29697849896536	259.0
283.3069790983193	265.0
283.3169796976733	268.0
283.3269802970272	272.0
283.3369808963812	275.0
283.3469814957351	275.0
283.3569820950891	275.0
283.36698269444304	275.0
283.376983293797	272.0
283.38698389315095	268.0
283.39698449250494	265.0
283.40698509185887	262.0
283.41698569121286	253.0
283.4269862905668	242.0
283.4369868899208	223.0
283.44698748927476	213.0
283.4569880886287	208.0
283.4669886879827	208.0
283.4769892873366	210.0
283.4869898866906	213.0
283.4969904860445	218.0
283.5069910853985	223.0
283.51699168475244	228.0
283.5269922841064	228.0
283.53699288346036	226.0
283.54699348281434	213.0
283.5569940821683	208.0
283.56699468152226	206.0
283.5769952808762	0.0
283.5869958802302	0.0
283.5969964795841	0.0
283.6069970789381	319.0
283.616997678292	312.0
283.626998277646	301.0
283.63699887699994	288.0
283.6469994763539	281.0
283.65700007570786	275.0
283.66700067506184	275.0
283.67700127441583	275.0
283.68700187376976	275.0
283.69700247312375	275.0
283.7070030724777	272.0
283.71700367183166	268.0
283.7270042711856	262.0
283.7370048705396	250.0
283.7470054698935	253.0
283.7570060692475	259.0
283.7670066686014	265.0
283.7770072679554	262.0
283.78700786730934	253.0
283.7970084666633	245.0
283.80700906601726	228.0
283.81700966537124	213.0
283.8270102647252	203.0
283.83701086407916	201.0
283.8470114634331	203.0
283.8570120627871	208.0
283.867012662141	215.0
283.877013261495	220.0
283.8870138608489	223.0
283.8970144602029	223.0
283.9070150595569	223.0
283.9170156589108	223.0
283.9270162582648	226.0
283.93701685761874	228.0
283.94701745697273	231.0
283.95701805632666	223.0
283.96701865568065	213.0
283.9770192550346	199.0
283.98701985438856	185.0
283.9970204537425	173.0
284.0070210530965	165.0
284.0170216524504	159.0
284.0270222518044	158.0
284.0370228511583	156.0
284.0470234505123	156.0
284.05702404986624	154.0
284.06702464922023	154.0
284.07702524857416	0.0
284.08702584792815	0.0
284.0970264472821	0.0
284.10702704663606	183.0
284.11702764599005	183.0
284.127028245344	185.0
284.13702884469797	187.0
284.1470294440519	190.0
284.1570300434059	194.0
284.1670306427598	196.0
284.1770312421138	199.0
284.18703184146773	201.0
284.1970324408217	203.0
284.20703304017565	206.0
284.21703363952963	206.0
284.22703423888356	206.0
284.23703483823755	206.0
284.2470354375915	208.0
284.25703603694546	210.0
284.2670366362994	213.0
284.2770372356534	220.0
284.2870378350073	226.0
284.2970384343613	228.0
284.3070390337152	231.0
284.3170396330692	236.0
284.32704023242314	242.0
284.33704083177713	250.0
284.3470414311311	259.0
284.35704203048505	338.0
284.36704262983903	338.0
284.37704322919296	334.0
284.38704382854695	0.0
284.3970444279009	259.0
284.40704502725487	245.0
284.4170456266088	215.0
284.4270462259628	206.0
284.4370468253167	203.0
284.4470474246707	201.0
284.45704802402463	199.0
284.4670486233786	199.0
284.47704922273255	199.0
284.48704982208653	201.0
284.49705042144046	203.0
284.50705102079445	206.0
284.5170516201484	208.0
284.52705221950237	210.0
284.5370528188563	213.0
284.5470534182103	215.0
284.5570540175642	213.0
284.5670546169182	210.0
284.5770552162722	208.0
284.5870558156261	208.0
284.5970564149801	208.0
284.60705701433403	210.0
284.617057613688	213.0
284.62705821304195	215.0
284.63705881239594	220.0
284.64705941174986	228.0
284.65706001110385	234.0
284.6670606104578	242.0
284.67706120981177	250.0
284.6870618091657	265.0
284.6970624085197	281.0
284.7070630078736	319.0
284.7170636072276	338.0
284.72706420658153	331.0
284.7370648059355	319.0
284.74706540528945	312.0
284.75706600464343	305.0
284.76706660399736	301.0
284.77706720335135	288.0
284.78706780270534	0.0
284.79706840205927	199.0
284.80706900141325	196.0
284.8170696007672	196.0
284.82707020012117	199.0
284.8370707994751	199.0
284.8470713988291	201.0
284.857071998183	203.0
284.867072597537	208.0
284.87707319689093	210.0
284.8870737962449	210.0
284.89707439559885	213.0
284.90707499495284	210.0
284.91707559430677	210.0
284.92707619366075	210.0
284.9370767930147	215.0
284.94707739236867	220.0
284.9570779917226	226.0
284.9670785910766	231.0
284.9770791904305	239.0
284.9870797897845	248.0
284.99708038913843	265.0
285.0070809884924	281.0
285.0170815878464	308.0
285.02708218720034	363.0
285.0370827865543	380.0
285.04708338590825	393.0
285.05708398526224	398.0
285.06708458461617	393.0
285.07708518397015	380.0
285.0870857833241	375.0
285.09708638267807	371.0
285.107086982032	367.0
285.117087581386	367.0
285.1270881807399	358.0
285.1370887800939	346.0
285.14708937944783	331.0
285.1570899788018	288.0
285.16709057815575	278.0
285.17709117750974	272.0
285.18709177686367	272.0
285.19709237621765	272.0
285.2070929755716	275.0
285.21709357492557	278.0
285.2270941742795	278.0
285.2370947736335	278.0
285.2470953729875	272.0
285.2570959723414	265.0
285.2670965716954	259.0
285.2770971710493	253.0
285.2870977704033	0.0
285.29709836975724	331.0
285.3070989691112	323.0
285.31709956846515	316.0
285.32710016781914	218.0
285.33710076717307	210.0
285.34710136652706	201.0
285.357101965881	196.0
285.367102565235	199.0
285.3771031645889	203.0
285.3871037639429	210.0
285.3971043632968	218.0
285.4071049626508	223.0
285.41710556200474	228.0
285.4271061613587	234.0
285.43710676071265	234.0
285.44710736006664	312.0
285.4571079594206	236.0
285.46710855877456	319.0
285.47710915812854	319.0
285.4871097574825	316.0
285.49711035683646	312.0
285.5071109561904	203.0
285.5171115555444	194.0
285.5271121548983	192.0
285.5371127542523	194.0
285.5471133536062	201.0
285.5571139529602	208.0
285.56711455231414	218.0
285.5771151516681	220.0
285.58711575102205	218.0
285.59711635037604	206.0
285.60711694972997	199.0
285.61711754908396	194.0
285.6271181484379	187.0
285.6371187477919	185.0
285.6471193471458	183.0
285.6571199464998	179.0
285.6671205458537	175.0
285.6771211452077	167.0
285.6871217445617	159.0
285.6971223439156	147.0
285.7071229432696	144.0
285.71712354262354	145.0
285.7271241419775	150.0
285.73712474133146	158.0
285.74712534068544	165.0
285.7571259400394	171.0
285.76712653939336	177.0
285.7771271387473	181.0
285.7871277381013	181.0
285.7971283374552	179.0
285.8071289368092	177.0
285.8171295361631	175.0
285.8271301355171	169.0
285.83713073487104	163.0
285.847131334225	154.0
285.85713193357896	145.0
285.86713253293294	139.0
285.8771331322869	136.0
285.88713373164086	139.0
285.8971343309948	145.0
285.9071349303488	152.0
285.91713552970276	161.0
285.9271361290567	169.0
285.9371367284107	171.0
285.9471373277646	169.0
285.9571379271186	169.0
285.9671385264725	167.0
285.9771391258265	167.0
285.98713972518044	167.0
285.9971403245344	181.0
286.00714092388836	171.0
286.01714152324234	163.0
286.0271421225963	154.0
286.03714272195026	147.0
286.0471433213042	134.0
286.0571439206582	131.0
286.0671445200121	131.0
286.0771451193661	134.0
286.08714571872	137.0
286.097146318074	142.0
286.10714691742794	145.0
286.1171475167819	147.0
286.1271481161359	147.0
286.13714871548984	147.0
286.14714931484383	142.0
286.15714991419776	139.0
286.16715051355175	136.0
286.1771511129057	134.0
286.18715171225966	131.0
286.1971523116136	129.0
286.2071529109676	126.0
286.2171535103215	125.0
286.2271541096755	126.0
286.2371547090294	128.0
286.2471553083834	132.0
286.25715590773734	140.0
286.26715650709133	149.0
286.27715710644526	156.0
286.28715770579925	165.0
286.2971583051532	169.0
286.30715890450716	173.0
286.3171595038611	177.0
286.3271601032151	185.0
286.337160702569	203.0
286.347161301923	215.0
286.357161901277	218.0
286.3671625006309	215.0
286.3771630999849	210.0
286.3871636993388	203.0
286.3971642986928	194.0
286.40716489804674	181.0
286.41716549740073	171.0
286.42716609675466	161.0
286.43716669610865	147.0
286.4471672954626	139.0
286.45716789481656	132.0
286.4671684941705	132.0
286.4771690935245	134.0
286.4871696928784	137.0
286.4971702922324	142.0
286.5071708915863	147.0
286.5171714909403	152.0
286.52717209029424	158.0
286.53717268964823	163.0
286.54717328900216	171.0
286.55717388835615	177.0
286.5671744877101	187.0
286.57717508706406	196.0
286.58717568641805	203.0
286.597176285772	208.0
286.60717688512597	210.0
286.6171774844799	210.0
286.6271780838339	208.0
286.6371786831878	206.0
286.6471792825418	201.0
286.65717988189573	194.0
286.6671804812497	187.0
286.67718108060365	183.0
286.68718167995763	181.0
286.69718227931156	179.0
286.70718287866555	177.0
286.7171834780195	175.0
286.72718407737347	171.0
286.7371846767274	167.0
286.7471852760814	165.0
286.7571858754353	165.0
286.7671864747893	165.0
286.7771870741432	165.0
286.7871876734972	167.0
286.7971882728512	169.0
286.80718887220513	169.0
286.8171894715591	171.0
286.82719007091305	171.0
286.83719067026703	171.0
286.84719126962096	171.0
286.85719186897495	171.0
286.8671924683289	171.0
286.87719306768287	171.0
286.8871936670368	169.0
286.8971942663908	169.0
286.9071948657447	165.0
286.9171954650987	163.0
286.92719606445263	159.0
286.9371966638066	159.0
286.94719726316055	159.0
286.95719786251453	159.0
286.96719846186846	163.0
286.97719906122245	167.0
286.9871996605764	175.0
286.99720025993037	181.0
287.0072008592843	190.0
287.0172014586383	194.0
287.02720205799227	194.0
287.0372026573462	190.0
287.0472032567002	183.0
287.0572038560541	177.0
287.0672044554081	173.0
287.07720505476203	169.0
287.087205654116	169.0
287.09720625346995	169.0
287.10720685282394	169.0
287.11720745217787	171.0
287.12720805153185	171.0
287.1372086508858	173.0
287.14720925023977	173.0
287.1572098495937	173.0
287.1672104489477	173.0
287.1772110483016	177.0
287.1872116476556	181.0
287.19721224700953	185.0
287.2072128463635	190.0
287.21721344571745	192.0
287.22721404507143	192.0
287.23721464442536	190.0
287.24721524377935	183.0
287.25721584313334	181.0
287.26721644248727	177.0
287.27721704184125	175.0
287.2872176411952	173.0
287.29721824054917	169.0
287.3072188399031	167.0
287.3172194392571	167.0
287.327220038611	167.0
287.337220637965	169.0
287.34722123731893	0.0
287.3572218366729	0.0
287.36722243602685	0.0
287.37722303538084	0.0
287.38722363473477	0.0
287.39722423408875	0.0
287.4072248334427	0.0
287.41722543279667	0.0
287.4272260321506	0.0
287.4372266315046	0.0
287.4472272308585	0.0
287.4572278302125	0.0
287.4672284295665	0.0
287.4772290289204	0.0
287.4872296282744	0.0
287.49723022762834	0.0
287.5072308269823	0.0
287.51723142633625	0.0
287.52723202569024	0.0
287.53723262504417	0.0
287.54723322439816	0.0
287.5572338237521	0.0
287.5672344231061	0.0
287.57723502246	0.0
287.587235621814	0.0
287.5972362211679	0.0
287.6072368205219	0.0
287.61723741987583	0.0
287.6272380192298	0.0
287.63723861858375	0.0
287.64723921793774	0.0
287.65723981729167	0.0
287.66724041664565	0.0
287.6772410159996	0.0
287.68724161535357	0.0
287.69724221470756	0.0
287.7072428140615	0.0
287.7172434134155	0.0
287.7272440127694	0.0
287.7372446121234	0.0
287.7472452114773	0.0
287.7572458108313	0.0
287.76724641018524	0.0
287.7772470095392	218.0
287.78724760889315	213.0
287.79724820824714	208.0
287.80724880760107	208.0
287.81724940695506	208.0
287.827250006309	208.0
287.837250605663	208.0
287.8472512050169	208.0
287.8572518043709	206.0
287.8672524037248	206.0
287.8772530030788	206.0
287.88725360243274	206.0
287.8972542017867	206.0
287.90725480114065	206.0
287.91725540049464	206.0
287.9272559998486	206.0
287.93725659920256	206.0
287.94725719855654	206.0
287.9572577979105	203.0
287.96725839726446	201.0
287.9772589966184	196.0
287.9872595959724	192.0
287.9972601953263	185.0
288.0072607946803	181.0
288.0172613940342	161.0
288.0272619933882	159.0
288.03726259274214	150.0
288.0472631920961	147.0
288.05726379145005	147.0
288.06726439080404	149.0
288.07726499015797	156.0
288.08726558951196	161.0
288.0972661888659	165.0
288.1072667882199	171.0
288.1172673875738	177.0
288.1272679869278	183.0
288.1372685862818	190.0
288.1472691856357	201.0
288.1572697849897	210.0
288.1672703843436	215.0
288.1772709836976	220.0
288.18727158305154	220.0
288.1972721824055	220.0
288.20727278175946	215.0
288.21727338111344	213.0
288.2272739804674	208.0
288.23727457982136	201.0
288.2472751791753	194.0
288.2572757785293	187.0
288.2672763778832	183.0
288.2772769772372	181.0
288.2872775765911	181.0
288.2972781759451	179.0
288.30727877529904	177.0
288.317279374653	175.0
288.32727997400696	175.0
288.33728057336094	173.0
288.3472811727149	171.0
288.35728177206886	169.0
288.36728237142285	167.0
288.3772829707768	165.0
288.38728357013076	163.0
288.3972841694847	161.0
288.4072847688387	159.0
288.4172853681926	159.0
288.4272859675466	159.0
288.4372865669005	161.0
288.4472871662545	165.0
288.45728776560844	175.0
288.4672883649624	183.0
288.47728896431636	190.0
288.48728956367034	196.0
288.4972901630243	203.0
288.50729076237826	213.0
288.5172913617322	223.0
288.5272919610862	228.0
288.5372925604401	231.0
288.5472931597941	231.0
288.557293759148	231.0
288.567294358502	223.0
288.57729495785594	218.0
288.5872955572099	210.0
288.5972961565639	206.0
288.60729675591784	201.0
288.61729735527183	194.0
288.62729795462576	187.0
288.63729855397975	183.0
288.6472991533337	179.0
288.65729975268766	177.0
288.6673003520416	175.0
288.6773009513956	173.0
288.6873015507495	173.0
288.6973021501035	173.0
288.7073027494574	173.0
288.7173033488114	171.0
288.72730394816534	171.0
288.73730454751933	171.0
288.74730514687326	169.0
288.75730574622725	169.0
288.7673063455812	167.0
288.77730694493516	167.0
288.7873075442891	167.0
288.7973081436431	167.0
288.80730874299707	169.0
288.817309342351	171.0
288.827309941705	171.0
288.8373105410589	173.0
288.8473111404129	173.0
288.8573117397668	173.0
288.8673123391208	173.0
288.87731293847474	175.0
288.88731353782873	177.0
288.89731413718266	181.0
288.90731473653665	187.0
288.9173153358906	192.0
288.92731593524456	194.0
288.9373165345985	196.0
288.9473171339525	196.0
288.9573177333064	196.0
288.9673183326604	194.0
288.9773189320143	192.0
288.9873195313683	190.0
288.99732013072224	185.0
289.00732073007623	181.0
289.01732132943016	177.0
289.02732192878415	171.0
289.03732252813813	165.0
289.04732312749206	161.0
289.05732372684605	156.0
289.0673243262	152.0
289.07732492555397	152.0
289.0873255249079	152.0
289.0973261242619	152.0
289.1073267236158	154.0
289.1173273229698	156.0
289.12732792232373	158.0
289.1373285216777	161.0
289.14732912103165	161.0
289.15732972038563	161.0
289.16733031973956	161.0
289.17733091909355	156.0
289.1873315184475	156.0
289.19733211780147	152.0
289.2073327171554	154.0
289.2173333165094	156.0
289.2273339158633	156.0
289.2373345152173	158.0
289.24733511457123	158.0
289.2573357139252	158.0
289.2673363132792	156.0
289.27733691263313	156.0
289.2873375119871	154.0
289.29733811134105	152.0
289.30733871069503	152.0
289.31733931004896	154.0
289.32733990940295	156.0
289.3373405087569	158.0
289.34734110811087	159.0
289.3573417074648	161.0
289.3673423068188	163.0
289.3773429061727	165.0
289.3873435055267	167.0
289.39734410488063	167.0
289.4073447042346	169.0
289.41734530358855	177.0
289.42734590294253	183.0
289.43734650229646	190.0
289.44734710165045	206.0
289.4573477010044	206.0
289.46734830035837	242.0
289.47734889971235	220.0
289.4873494990663	190.0
289.49735009842027	156.0
289.5073506977742	149.0
289.5173512971282	147.0
289.5273518964821	150.0
289.5373524958361	152.0
289.54735309519003	154.0
289.557353694544	156.0
289.56735429389795	158.0
289.57735489325194	159.0
289.58735549260587	161.0
289.59735609195985	161.0
289.6073566913138	165.0
289.61735729066777	171.0
289.6273578900217	177.0
289.6373584893757	181.0
289.6473590887296	187.0
289.6573596880836	192.0
289.66736028743753	194.0
289.6773608867915	194.0
289.68736148614545	192.0
289.69736208549944	185.0
289.7073626848534	181.0
289.71736328420735	177.0
289.72736388356134	175.0
289.73736448291527	171.0
289.74736508226925	169.0
289.7573656816232	167.0
289.76736628097717	167.0
289.7773668803311	167.0
289.7873674796851	167.0
289.797368079039	169.0
289.807368678393	171.0
289.81736927774693	171.0
289.8273698771009	173.0
289.83737047645485	173.0
289.84737107580884	175.0
289.85737167516277	177.0
289.86737227451675	177.0
289.8773728738707	181.0
289.88737347322467	185.0
289.8973740725786	190.0
289.9073746719326	192.0
289.9173752712865	196.0
289.9273758706405	199.0
289.9373764699945	203.0
289.9473770693484	206.0
289.9573776687024	210.0
289.96737826805634	213.0
289.9773788674103	215.0
289.98737946676425	215.0
289.99738006611824	213.0
290.00738066547217	210.0
290.01738126482616	210.0
290.0273818641801	210.0
290.0373824635341	208.0
290.047383062888	208.0
290.057383662242	208.0
290.0673842615959	210.0
290.0773848609499	210.0
290.08738546030384	210.0
290.0973860596578	210.0
290.10738665901175	210.0
290.11738725836574	210.0
290.12738785771967	210.0
290.13738845707365	210.0
290.14738905642764	210.0
290.15738965578157	210.0
290.16739025513556	210.0
290.1773908544895	210.0
290.1873914538435	208.0
290.1973920531974	208.0
290.2073926525514	208.0
290.2173932519053	208.0
290.2273938512593	208.0
290.23739445061324	208.0
290.2473950499672	208.0
290.25739564932115	210.0
290.26739624867514	210.0
290.27739684802907	210.0
290.28739744738306	210.0
290.297398046737	213.0
290.307398646091	213.0
290.3173992454449	213.0
290.3273998447989	213.0
290.3374004441528	213.0
290.3474010435068	213.0
290.35740164286074	213.0
290.3674022422147	213.0
290.3774028415687	213.0
290.38740344092264	213.0
290.3974040402766	210.0
290.40740463963056	210.0
290.41740523898454	208.0
290.4274058383385	206.0
290.43740643769246	201.0
290.4474070370464	192.0
290.4574076364004	181.0
290.4674082357543	169.0
290.4774088351083	161.0
290.4874094344622	156.0
290.4974100338162	149.0
290.50741063317014	144.0
290.5174112325241	0.0
290.52741183187806	0.0
290.53741243123204	0.0
290.547413030586	0.0
290.55741362993996	0.0
290.5674142292939	0.0
290.5774148286479	0.0
290.5874154280018	0.0
290.5974160273558	0.0
290.6074166267098	0.0
290.6174172260637	0.0
290.6274178254177	0.0
290.6374184247716	0.0
290.6474190241256	231.0
290.65741962347954	228.0
290.6674202228335	223.0
290.67742082218746	218.0
290.68742142154144	210.0
290.6974220208954	203.0
290.70742262024936	199.0
290.7174232196033	194.0
290.7274238189573	187.0
290.7374244183112	183.0
290.7474250176652	179.0
290.7574256170191	177.0
290.7674262163731	173.0
290.77742681572704	169.0
290.787427415081	167.0
290.79742801443496	165.0
290.80742861378894	163.0
290.81742921314293	163.0
290.82742981249686	161.0
290.83743041185085	161.0
290.8474310112048	161.0
290.85743161055876	161.0
290.8674322099127	161.0
290.8774328092667	163.0
290.8874334086206	165.0
290.8974340079746	167.0
290.9074346073285	171.0
290.9174352066825	175.0
290.92743580603644	179.0
290.93743640539043	185.0
290.94743700474436	194.0
290.95743760409835	203.0
290.9674382034523	210.0
290.97743880280626	228.0
290.9874394021602	259.0
290.9974400015142	215.0
291.0074406008681	210.0
291.0174412002221	206.0
291.027441799576	203.0
291.03744239893	201.0
291.047442998284	201.0
291.0574435976379	199.0
291.0674441969919	199.0
291.07744479634584	199.0
291.08744539569983	199.0
291.09744599505376	199.0
291.10744659440775	199.0
291.1174471937617	199.0
291.12744779311566	199.0
291.1374483924696	199.0
291.1474489918236	201.0
291.1574495911775	203.0
291.1674501905315	203.0
291.1774507898854	206.0
291.1874513892394	206.0
291.19745198859334	206.0
291.20745258794733	206.0
291.21745318730126	208.0
291.22745378665525	208.0
291.2374543860092	208.0
291.24745498536316	208.0
291.2574555847171	210.0
291.2674561840711	210.0
291.27745678342507	210.0
291.287457382779	210.0
291.297457982133	210.0
291.3074585814869	210.0
291.3174591808409	210.0
291.32745978019483	210.0
291.3374603795488	210.0
291.34746097890275	213.0
291.35746157825673	213.0
291.36746217761066	213.0
291.37746277696465	213.0
291.3874633763186	213.0
291.39746397567257	210.0
291.4074645750265	210.0
291.4174651743805	208.0
291.4274657737344	206.0
291.4374663730884	206.0
291.4474669724423	206.0
291.4574675717963	206.0
291.46746817115024	206.0
291.47746877050423	208.0
291.4874693698582	208.0
291.49746996921215	208.0
291.50747056856613	208.0
291.51747116792006	206.0
291.52747176727405	201.0
291.537472366628	192.0
291.54747296598197	177.0
291.5574735653359	0.0
291.5674741646899	0.0
291.5774747640438	0.0
291.5874753633978	0.0
291.59747596275173	0.0
291.6074765621057	0.0
291.61747716145965	0.0
291.62747776081363	0.0
291.63747836016756	0.0
291.64747895952155	0.0
291.6574795588755	0.0
291.66748015822947	0.0
291.6774807575834	0.0
291.6874813569374	0.0
291.6974819562913	0.0
291.7074825556453	0.0
291.7174831549993	0.0
291.7274837543532	0.0
291.7374843537072	0.0
291.74748495306113	0.0
291.7574855524151	0.0
291.76748615176905	0.0
291.77748675112304	0.0
291.78748735047697	0.0
291.79748794983095	0.0
291.8074885491849	0.0
291.81748914853887	0.0
291.8274897478928	0.0
291.8374903472468	0.0
291.8474909466007	0.0
291.8574915459547	0.0
291.86749214530863	0.0
291.8774927446626	0.0
291.88749334401655	0.0
291.89749394337053	0.0
291.90749454272446	0.0
291.91749514207845	0.0
291.9274957414324	0.0
291.93749634078637	0.0
291.94749694014035	0.0
291.9574975394943	0.0
291.96749813884827	0.0
291.9774987382022	0.0
291.9874993375562	0.0
291.9974999369101	0.0
292.0075005362641	0.0
292.01750113561803	0.0
292.027501734972	0.0
292.03750233432595	0.0
292.04750293367994	0.0
292.05750353303387	190.0
292.06750413238785	190.0
292.0775047317418	190.0
292.08750533109577	192.0
292.0975059304497	196.0
292.1075065298037	199.0
292.1175071291576	203.0
292.1275077285116	203.0
292.13750832786553	206.0
292.1475089272195	206.0
292.15750952657345	208.0
292.16751012592744	208.0
292.1775107252814	210.0
292.18751132463535	210.0
292.19751192398934	208.0
292.20751252334327	206.0
292.21751312269726	206.0
292.2275137220512	203.0
292.2375143214052	203.0
292.2475149207591	201.0
292.2575155201131	201.0
292.267516119467	201.0
292.277516718821	201.0
292.28751731817493	201.0
292.2975179175289	196.0
292.30751851688285	192.0
292.31751911623684	187.0
292.32751971559077	183.0
292.33752031494475	175.0
292.3475209142987	165.0
292.35752151365267	156.0
292.3675221130066	149.0
292.3775227123606	145.0
292.3875233117146	145.0
292.3975239110685	147.0
292.4075245104225	152.0
292.4175251097764	159.0
292.4275257091304	167.0
292.43752630848434	177.0
292.4475269078383	185.0
292.45752750719225	196.0
292.46752810654624	208.0
292.47752870590017	218.0
292.48752930525416	226.0
292.4975299046081	231.0
292.5075305039621	231.0
292.517531103316	226.0
292.52753170267	220.0
292.5375323020239	213.0
292.5475329013779	208.0
292.55753350073184	201.0
292.5675341000858	192.0
292.57753469943975	183.0
292.58753529879374	177.0
292.59753589814767	175.0
292.60753649750166	171.0
292.61753709685564	169.0
292.6275376962096	167.0
292.63753829556356	165.0
292.6475388949175	163.0
292.6575394942715	165.0
292.6675400936254	165.0
292.6775406929794	167.0
292.6875412923333	171.0
292.6975418916873	173.0
292.70754249104124	175.0
292.7175430903952	175.0
292.72754368974915	177.0
292.73754428910314	179.0
292.74754488845707	181.0
292.75754548781106	187.0
292.767546087165	196.0
292.777546686519	206.0
292.7875472858729	218.0
292.7975478852269	234.0
292.8075484845808	245.0
292.8175490839348	259.0
292.82754968328874	272.0
292.8375502826427	281.0
292.8475508819967	291.0
292.85755148135064	301.0
292.8675520807046	312.0
292.87755268005856	316.0
292.88755327941254	316.0
292.8975538787665	301.0
292.90755447812046	291.0
292.9175550774744	281.0
292.9275556768284	272.0
292.9375562761823	262.0
292.9475568755363	253.0
292.9575574748902	245.0
292.9675580742442	239.0
292.97755867359814	231.0
292.9875592729521	228.0
292.99755987230606	226.0
293.00756047166004	226.0
293.017561071014	226.0
293.02756167036796	226.0
293.0375622697219	228.0
293.0475628690759	228.0
293.05756346842986	231.0
293.0675640677838	231.0
293.0775646671378	234.0
293.0875652664917	234.0
293.0975658658457	234.0
293.1075664651996	234.0
293.1175670645536	234.0
293.12756766390754	234.0
293.1375682632615	236.0
293.14756886261546	236.0
293.15756946196944	239.0
293.1675700613234	242.0
293.17757066067736	248.0
293.1875712600313	253.0
293.1975718593853	259.0
293.2075724587392	265.0
293.2175730580932	272.0
293.2275736574471	278.0
293.2375742568011	281.0
293.24757485615504	281.0
293.257575455509	281.0
293.26757605486296	278.0
293.27757665421694	272.0
293.28757725357093	265.0
293.29757785292486	259.0
293.30757845227885	253.0
293.3175790516328	245.0
293.32757965098676	239.0
293.3375802503407	236.0
293.3475808496947	234.0
293.3575814490486	231.0
293.3675820484026	231.0
293.3775826477565	228.0
293.3875832471105	228.0
293.39758384646444	231.0
293.40758444581843	231.0
293.41758504517236	231.0
293.42758564452635	231.0
293.4375862438803	234.0
293.44758684323426	234.0
293.4575874425882	234.0
293.4675880419422	236.0
293.4775886412961	239.0
293.4875892406501	242.0
293.497589840004	248.0
293.507590439358	256.0
293.517591038712	262.0
293.5275916380659	272.0
293.5375922374199	278.0
293.54759283677384	284.0
293.55759343612783	294.0
293.56759403548176	305.0
293.57759463483575	316.0
293.5875952341897	323.0
293.59759583354366	323.0
293.6075964328976	319.0
293.6175970322516	312.0
293.6275976316055	301.0
293.6375982309595	288.0
293.6475988303134	239.0
293.6575994296674	228.0
293.66760002902134	220.0
293.67760062837533	215.0
293.68760122772926	213.0
293.69760182708325	210.0
293.7076024264372	208.0
293.71760302579116	208.0
293.72760362514515	208.0
293.7376042244991	208.0
293.74760482385307	210.0
293.757605423207	210.0
293.767606022561	210.0
293.7776066219149	210.0
293.7876072212689	213.0
293.79760782062283	213.0
293.8076084199768	213.0
293.81760901933075	213.0
293.82760961868473	215.0
293.83761021803866	215.0
293.84761081739265	213.0
293.8576114167466	213.0
293.86761201610057	210.0
293.8776126154545	210.0
293.8876132148085	208.0
293.8976138141624	206.0
293.9076144135164	206.0
293.91761501287033	206.0
293.9276156122243	206.0
293.93761621157824	206.0
293.94761681093223	206.0
293.9576174102862	206.0
293.96761800964015	206.0
293.97761860899413	203.0
293.98761920834806	196.0
293.99761980770205	0.0
294.007620407056	0.0
294.01762100640997	0.0
294.0276216057639	0.0
294.0376222051179	0.0
294.0476228044718	0.0
294.0576234038258	0.0
294.06762400317973	0.0
294.0776246025337	0.0
294.08762520188765	0.0
294.09762580124163	0.0
294.10762640059556	0.0
294.11762699994955	0.0
294.1276275993035	0.0
294.13762819865747	0.0
294.1476287980114	0.0
294.1576293973654	0.0
294.1676299967193	0.0
294.1776305960733	0.0
294.1876311954273	0.0
294.1976317947812	0.0
294.2076323941352	0.0
294.21763299348913	0.0
294.2276335928431	0.0
294.23763419219705	0.0
294.24763479155104	0.0
294.25763539090497	0.0
294.26763599025895	0.0
294.2776365896129	0.0
294.28763718896687	0.0
294.2976377883208	0.0
294.3076383876748	213.0
294.3176389870287	208.0
294.3276395863827	206.0
294.33764018573663	203.0
294.3476407850906	203.0
294.35764138444455	203.0
294.36764198379853	203.0
294.37764258315246	203.0
294.38764318250645	206.0
294.39764378186044	206.0
294.40764438121437	206.0
294.41764498056835	203.0
294.4276455799223	203.0
294.43764617927627	203.0
294.4476467786302	203.0
294.4576473779842	201.0
294.4676479773381	201.0
294.4776485766921	203.0
294.48764917604603	203.0
294.4976497754	206.0
294.50765037475395	208.0
294.51765097410794	210.0
294.52765157346187	213.0
294.53765217281585	213.0
294.5476527721698	215.0
294.55765337152377	213.0
294.5676539708777	210.0
294.5776545702317	206.0
294.5876551695856	199.0
294.5976557689396	190.0
294.60765636829353	177.0
294.6176569676475	165.0
294.6276575670015	156.0
294.63765816635544	147.0
294.6476587657094	142.0
294.65765936506335	140.0
294.66765996441734	140.0
294.67766056377127	144.0
294.68766116312526	149.0
294.6976617624792	156.0
294.7076623618332	163.0
294.7176629611871	175.0
294.7276635605411	185.0
294.737664159895	194.0
294.747664759249	206.0
294.75766535860294	213.0
294.7676659579569	218.0
294.77766655731085	220.0
294.78766715666484	220.0
294.79766775601877	220.0
294.80766835537275	218.0
294.8176689547267	213.0
294.82766955408067	208.0
294.8376701534346	201.0
294.8476707527886	194.0
294.8576713521426	187.0
294.8676719514965	183.0
294.8776725508505	181.0
294.8876731502044	177.0
294.8976737495584	175.0
294.90767434891234	173.0
294.9176749482663	171.0
294.92767554762025	169.0
294.93767614697424	169.0
294.94767674632817	167.0
294.95767734568216	169.0
294.9676779450361	169.0
294.9776785443901	173.0
294.987679143744	175.0
294.997679743098	177.0
295.0076803424519	179.0
295.0176809418059	185.0
295.02768154115984	192.0
295.0376821405138	201.0
295.04768273986775	210.0
295.05768333922174	228.0
295.0676839385757	242.0
295.07768453792966	272.0
295.08768513728364	284.0
295.0976857366376	312.0
295.10768633599156	323.0
295.1176869353455	331.0
295.1276875346995	334.0
295.1376881340534	334.0
295.1476887334074	331.0
295.1576893327613	323.0
295.1676899321153	312.0
295.17769053146924	265.0
295.1876911308232	250.0
295.19769173017716	245.0
295.20769232953114	239.0
295.21769292888507	236.0
295.22769352823906	234.0
295.237694127593	231.0
295.247694726947	231.0
295.2576953263009	231.0
295.2676959256549	231.0
295.2776965250088	231.0
295.2876971243628	234.0
295.2976977237168	234.0
295.3076983230707	236.0
295.3176989224247	236.0
295.32769952177864	236.0
295.3377001211326	239.0
295.34770072048656	239.0
295.35770131984054	239.0
295.3677019191945	242.0
295.37770251854846	245.0
295.3877031179024	245.0
295.3977037172564	248.0
295.4077043166103	250.0
295.4177049159643	256.0
295.4277055153182	259.0
295.4377061146722	265.0
295.44770671402614	272.0
295.4577073133801	275.0
295.46770791273406	275.0
295.47770851208804	268.0
295.487709111442	256.0
295.49770971079596	248.0
295.5077103101499	236.0
295.5177109095039	218.0
295.52771150885786	208.0
295.5377121082118	203.0
295.5477127075658	203.0
295.5577133069197	203.0
295.5677139062737	203.0
295.5777145056276	203.0
295.5877151049816	206.0
295.59771570433554	208.0
295.60771630368953	208.0
295.61771690304346	210.0
295.62771750239745	210.0
295.6377181017514	210.0
295.64771870110536	213.0
295.6577193004593	210.0
295.6677198998133	210.0
295.6777204991672	210.0
295.6877210985212	208.0
295.6977216978751	208.0
295.7077222972291	206.0
295.71772289658304	201.0
295.727723495937	185.0
295.737724095291	179.0
295.74772469464494	175.0
295.75772529399893	0.0
295.76772589335286	0.0
295.77772649270685	0.0
295.7877270920608	0.0
295.79772769141476	208.0
295.8077282907687	210.0
295.8177288901227	210.0
295.8277294894766	208.0
295.8377300888306	206.0
295.8477306881845	206.0
295.8577312875385	203.0
295.86773188689244	203.0
295.87773248624643	203.0
295.88773308560036	203.0
295.89773368495435	206.0
295.9077342843083	208.0
295.91773488366226	208.0
295.9277354830162	210.0
295.9377360823702	210.0
295.9477366817241	213.0
295.9577372810781	213.0
295.9677378804321	215.0
295.977738479786	215.0
295.98773907914	215.0
295.99773967849393	215.0
296.0077402778479	215.0
296.01774087720185	213.0
296.02774147655583	208.0
296.03774207590976	206.0
296.04774267526375	199.0
296.0577432746177	192.0
296.06774387397166	181.0
296.0777444733256	173.0
296.0877450726796	163.0
296.0977456720335	156.0
296.1077462713875	150.0
296.1177468707414	149.0
296.1277474700954	149.0
296.13774806944934	154.0
296.14774866880333	159.0
296.15774926815726	163.0
296.16774986751125	167.0
296.1777504668652	171.0
296.18775106621916	181.0
296.19775166557315	187.0
296.2077522649271	196.0
296.21775286428107	203.0
296.227753463635	210.0
296.237754062989	215.0
296.2477546623429	218.0
296.2577552616969	218.0
296.26775586105083	215.0
296.2777564604048	213.0
296.28775705975875	208.0
296.29775765911273	203.0
296.30775825846666	201.0
296.31775885782065	194.0
296.3277594571746	187.0
296.33776005652857	181.0
296.3477606558825	177.0
296.3577612552365	175.0
296.3677618545904	171.0
296.3777624539444	171.0
296.38776305329833	169.0
296.3977636526523	169.0
296.4077642520063	169.0
296.41776485136023	171.0
296.4277654507142	173.0
296.43776605006815	173.0
296.44776664942214	175.0
296.45776724877607	175.0
296.46776784813005	173.0
296.477768447484	173.0
296.48776904683797	171.0
296.4977696461919	169.0
296.5077702455459	169.0
296.5177708448998	167.0
296.5277714442538	167.0
296.53777204360773	171.0
296.5477726429617	175.0
296.55777324231565	179.0
296.56777384166963	185.0
296.57777444102356	194.0
296.58777504037755	199.0
296.5977756397315	203.0
296.60777623908547	206.0
296.6177768384394	208.0
296.6277774377934	210.0
296.63777803714737	210.0
296.6477786365013	208.0
296.6577792358553	203.0
296.6677798352092	201.0
296.6777804345632	196.0
296.68778103391713	190.0
296.6977816332711	185.0
296.70778223262505	181.0
296.71778283197904	179.0
296.72778343133297	177.0
296.73778403068695	177.0
296.7477846300409	177.0
296.75778522939487	175.0
296.7677858287488	175.0
296.7777864281028	173.0
296.7877870274567	171.0
296.7977876268107	171.0
296.80778822616463	169.0
296.8177888255186	169.0
296.82778942487255	167.0
296.83779002422654	167.0
296.84779062358047	167.0
296.85779122293445	167.0
296.86779182228844	165.0
296.87779242164237	165.0
296.88779302099636	165.0
296.8977936203503	167.0
296.9077942197043	169.0
296.9177948190582	173.0
296.9277954184122	177.0
296.9377960177661	183.0
296.9477966171201	187.0
296.95779721647403	192.0
296.967797815828	194.0
296.97779841518195	194.0
296.98779901453594	192.0
296.99779961388987	187.0
297.00780021324385	183.0
297.0178008125978	179.0
297.02780141195177	175.0
297.0378020113057	171.0
297.0478026106597	163.0
297.0578032100136	158.0
297.0678038093676	150.0
297.0778044087216	147.0
297.0878050080755	145.0
297.0978056074295	145.0
297.10780620678344	147.0
297.1178068061374	149.0
297.12780740549135	150.0
297.13780800484534	152.0
297.14780860419927	156.0
297.15780920355326	158.0
297.1678098029072	161.0
297.1778104022612	165.0
297.1878110016151	169.0
297.1978116009691	173.0
297.207812200323	181.0
297.217812799677	187.0
297.22781339903094	194.0
297.2378139983849	199.0
297.24781459773885	199.0
297.25781519709284	196.0
297.26781579644677	192.0
297.27781639580076	183.0
297.2878169951547	175.0
297.2978175945087	165.0
297.30781819386266	152.0
297.3178187932166	142.0
297.3278193925706	136.0
297.3378199919245	131.0
297.3478205912785	129.0
297.3578211906324	129.0
297.3678217899864	131.0
297.37782238934034	132.0
297.3878229886943	136.0
297.39782358804825	137.0
297.40782418740224	142.0
297.41782478675617	145.0
297.42782538611016	149.0
297.4378259854641	152.0
297.4478265848181	154.0
297.457827184172	156.0
297.467827783526	154.0
297.4778283828799	152.0
297.4878289822339	0.0
297.49782958158784	0.0
297.5078301809418	0.0
297.51783078029575	0.0
297.52783137964974	0.0
297.5378319790037	0.0
297.54783257835766	0.0
297.55783317771164	134.0
297.5678337770656	134.0
297.57783437641956	0.0
297.5878349757735	0.0
297.5978355751275	0.0
297.6078361744814	0.0
297.6178367738354	0.0
297.6278373731893	0.0
297.6378379725433	145.0
297.64783857189724	147.0
297.6578391712512	150.0
297.66783977060516	152.0
297.67784036995914	158.0
297.6878409693131	163.0
297.69784156866706	169.0
297.707842168021	175.0
297.717842767375	181.0
297.7278433667289	187.0
297.7378439660829	192.0
297.7478445654369	194.0
297.7578451647908	192.0
297.7678457641448	187.0
297.7778463634987	181.0
297.7878469628527	173.0
297.79784756220664	165.0
297.8078481615606	159.0
297.81784876091456	154.0
297.82784936026854	150.0
297.8378499596225	149.0
297.84785055897646	149.0
297.8578511583304	150.0
297.8678517576844	152.0
297.8778523570383	152.0
297.8878529563923	150.0
297.8978535557462	147.0
297.9078541551002	0.0
297.91785475445414	0.0
297.9278553538081	0.0
297.93785595316206	0.0
297.94785655251604	0.0
297.95785715187	0.0
297.96785775122396	0.0
297.97785835057795	0.0
297.9878589499319	0.0
297.99785954928586	0.0
298.0078601486398	0.0
298.0178607479938	278.0
298.0278613473477	275.0
298.0378619467017	272.0
298.0478625460556	0.0
298.0578631454096	0.0
298.06786374476354	183.0
298.07786434411753	179.0
298.08786494347146	175.0
298.09786554282545	171.0
298.1078661421794	169.0
298.11786674153336	169.0
298.1278673408873	167.0
298.1378679402413	167.0
298.1478685395952	167.0
298.1578691389492	167.0
298.1678697383031	169.0
298.1778703376571	169.0
298.18787093701104	171.0
298.197871536365	173.0
298.207872135719	175.0
298.21787273507294	179.0
298.22787333442693	181.0
298.23787393378086	185.0
298.24787453313485	187.0
298.2578751324888	190.0
298.26787573184276	192.0
298.2778763311967	192.0
298.2878769305507	192.0
298.2978775299046	190.0
298.3078781292586	187.0
298.3178787286125	185.0
298.3278793279665	181.0
298.33787992732044	175.0
298.34788052667443	171.0
298.35788112602836	169.0
298.36788172538235	167.0
298.3778823247363	165.0
298.38788292409026	163.0
298.3978835234442	161.0
298.4078841227982	163.0
298.41788472215217	163.0
298.4278853215061	165.0
298.4378859208601	165.0
298.447886520214	167.0
298.457887119568	169.0
298.46788771892193	171.0
298.4778883182759	171.0
298.48788891762985	171.0
298.49788951698383	171.0
298.50789011633776	171.0
298.51789071569175	171.0
298.5278913150457	171.0
298.53789191439967	171.0
298.5478925137536	171.0
298.5578931131076	169.0
298.5678937124615	167.0
298.5778943118155	165.0
298.5878949111694	163.0
298.5978955105234	161.0
298.60789610987734	161.0
298.61789670923133	161.0
298.62789730858526	161.0
298.63789790793925	163.0
298.64789850729323	165.0
298.65789910664716	167.0
298.66789970600115	169.0
298.6779003053551	171.0
298.68790090470907	173.0
298.697901504063	175.0
298.707902103417	179.0
298.7179027027709	181.0
298.7279033021249	185.0
298.73790390147883	185.0
298.7479045008328	183.0
298.75790510018675	181.0
298.76790569954073	177.0
298.77790629889466	173.0
298.78790689824865	169.0
298.7979074976026	167.0
298.80790809695657	167.0
298.8179086963105	167.0
298.8279092956645	167.0
298.8379098950184	167.0
298.8479104943724	169.0
298.85791109372633	171.0
298.8679116930803	173.0
298.8779122924343	175.0
298.88791289178823	179.0
298.8979134911422	185.0
298.90791409049615	190.0
298.91791468985014	192.0
298.92791528920407	194.0
298.93791588855805	194.0
298.947916487912	190.0
298.95791708726597	185.0
298.9679176866199	181.0
298.9779182859739	175.0
298.9879188853278	169.0
298.9979194846818	167.0
299.00792008403573	167.0
299.0179206833897	167.0
299.02792128274365	167.0
299.03792188209763	167.0
299.04792248145156	167.0
299.05792308080555	163.0
299.0679236801595	163.0
299.07792427951347	0.0
299.08792487886745	0.0
299.0979254782214	0.0
299.10792607757537	0.0
299.1179266769293	0.0
299.1279272762833	0.0
299.1379278756372	0.0
299.1479284749912	0.0
299.15792907434513	0.0
299.1679296736991	0.0
299.17793027305305	0.0
299.18793087240704	0.0
299.19793147176097	0.0
299.20793207111495	0.0
299.2179326704689	0.0
299.22793326982287	0.0
299.2379338691768	0.0
299.2479344685308	0.0
299.2579350678847	0.0
299.2679356672387	0.0
299.27793626659263	0.0
299.2879368659466	0.0
299.29793746530055	0.0
299.30793806465454	0.0
299.3179386640085	0.0
299.32793926336245	0.0
299.33793986271644	0.0
299.34794046207037	0.0
299.35794106142436	0.0
299.3679416607783	0.0
299.3779422601323	0.0
299.3879428594862	0.0
299.3979434588402	0.0
299.4079440581941	0.0
299.4179446575481	0.0
299.42794525690203	0.0
299.437945856256	0.0
299.44794645560995	0.0
299.45794705496394	253.0
299.46794765431787	248.0
299.47794825367185	234.0
299.4879488530258	223.0
299.49794945237977	218.0
299.5079500517337	215.0
299.5179506510877	215.0
299.5279512504416	215.0
299.5379518497956	215.0
299.5479524491496	215.0
299.5579530485035	215.0
299.5679536478575	215.0
299.57795424721144	215.0
299.5879548465654	215.0
299.59795544591935	215.0
299.60795604527334	215.0
299.61795664462727	215.0
299.62795724398126	215.0
299.6379578433352	215.0
299.6479584426892	213.0
299.6579590420431	208.0
299.6679596413971	203.0
299.677960240751	192.0
299.687960840105	183.0
299.69796143945894	175.0
299.7079620388129	167.0
299.71796263816685	159.0
299.72796323752084	152.0
299.73796383687477	147.0
299.74796443622876	145.0
299.7579650355827	150.0
299.7679656349367	154.0
299.77796623429066	158.0
299.7879668336446	163.0
299.7979674329986	171.0
299.8079680323525	181.0
299.8179686317065	190.0
299.8279692310604	199.0
299.8379698304144	208.0
299.84797042976834	215.0
299.8579710291223	223.0
299.86797162847625	226.0
299.87797222783024	226.0
299.88797282718417	220.0
299.89797342653816	215.0
299.9079740258921	210.0
299.9179746252461	206.0
299.9279752246	199.0
299.937975823954	190.0
299.9479764233079	181.0
299.9579770226619	175.0
299.96797762201584	169.0
299.9779782213698	163.0
299.9879788207238	0.0
299.99797942007774	0.0
300.0079800194317	165.0
300.01798061878566	167.0
300.02798121813964	167.0
300.0379818174936	169.0
300.04798241684756	171.0
300.0579830162015	171.0
300.0679836155555	173.0
300.0779842149094	175.0
300.0879848142634	175.0
300.0979854136173	177.0
300.1079860129713	177.0
300.11798661232524	179.0
300.1279872116792	181.0
300.13798781103316	183.0
300.14798841038714	187.0
300.1579890097411	190.0
300.16798960909506	194.0
300.177990208449	199.0
300.187990807803	206.0
300.1979914071569	210.0
300.2079920065109	215.0
300.2179926058649	220.0
300.2279932052188	223.0
300.2379938045728	223.0
300.2479944039267	220.0
300.2579950032807	218.0
300.26799560263464	210.0
300.2779962019886	206.0
300.28799680134256	199.0
300.29799740069654	190.0
300.3079980000505	181.0
300.31799859940446	175.0
300.3279991987584	173.0
300.3379997981124	171.0
300.3480003974663	171.0
300.3580009968203	171.0
300.3680015961742	171.0
300.3780021955282	171.0
300.38800279488214	169.0
300.3980033942361	169.0
300.40800399359006	171.0
300.41800459294404	171.0
300.428005192298	171.0
300.43800579165196	171.0
300.44800639100595	171.0
300.4580069903599	171.0
300.46800758971386	169.0
300.4780081890678	169.0
300.4880087884218	167.0
300.4980093877757	167.0
300.5080099871297	167.0
300.5180105864836	167.0
300.5280111858376	167.0
300.53801178519154	169.0
300.54801238454553	171.0
300.55801298389946	177.0
300.56801358325345	183.0
300.5780141826074	190.0
300.58801478196136	196.0
300.5980153813153	201.0
300.6080159806693	206.0
300.6180165800232	206.0
300.6280171793772	206.0
300.6380177787311	206.0
300.6480183780851	201.0
300.6580189774391	196.0
300.66801957679303	192.0
300.678020176147	183.0
300.68802077550095	177.0
300.69802137485493	171.0
300.70802197420886	165.0
300.71802257356285	159.0
300.7280231729168	156.0
300.73802377227076	154.0
300.7480243716247	152.0
300.7580249709787	150.0
300.7680255703326	149.0
300.7780261696866	150.0
300.7880267690405	152.0
300.7980273683945	154.0
300.80802796774844	158.0
300.81802856710243	163.0
300.82802916645636	167.0
300.83802976581035	169.0
300.8480303651643	169.0
300.85803096451826	167.0
300.8680315638722	167.0
300.8780321632262	167.0
300.88803276258017	163.0
300.8980333619341	163.0
300.9080339612881	161.0
300.918034560642	159.0
300.928035159996	156.0
300.93803575934993	154.0
300.9480363587039	152.0
300.95803695805785	150.0
300.96803755741183	150.0
300.97803815676576	149.0
300.98803875611975	149.0
300.9980393554737	149.0
301.00803995482767	149.0
301.0180405541816	149.0
301.0280411535356	149.0
301.0380417528895	150.0
301.0480423522435	154.0
301.05804295159743	158.0
301.0680435509514	161.0
301.07804415030535	163.0
301.08804474965933	165.0
301.09804534901326	167.0
301.10804594836725	171.0
301.11804654772124	175.0
301.12804714707516	181.0
301.13804774642915	185.0
301.1480483457831	203.0
301.15804894513707	215.0
301.168049544491	161.0
301.178050143845	156.0
301.1880507431989	152.0
301.1980513425529	145.0
301.20805194190683	139.0
301.2180525412608	139.0
301.22805314061475	140.0
301.23805373996873	147.0
301.24805433932266	152.0
301.25805493867665	156.0
301.2680555380306	158.0
301.27805613738457	159.0
301.2880567367385	161.0
301.2980573360925	163.0
301.3080579354464	169.0
301.3180585348004	173.0
301.3280591341544	179.0
301.3380597335083	185.0
301.3480603328623	190.0
301.35806093221623	192.0
301.3680615315702	194.0
301.37806213092415	192.0
301.38806273027814	187.0
301.39806332963207	183.0
301.40806392898605	179.0
301.41806452834	177.0
301.42806512769397	175.0
301.4380657270479	173.0
301.4480663264019	171.0
301.4580669257558	171.0
301.4680675251098	171.0
301.47806812446373	173.0
301.4880687238177	173.0
301.49806932317165	173.0
301.50806992252564	175.0
301.51807052187957	175.0
301.52807112123355	177.0
301.5380717205875	181.0
301.54807231994147	187.0
301.55807291929545	196.0
301.5680735186494	203.0
301.57807411800337	208.0
301.5880747173573	213.0
301.5980753167113	218.0
301.6080759160652	223.0
301.6180765154192	223.0
301.62807711477313	220.0
301.6380777141271	213.0
301.64807831348105	210.0
301.65807891283504	208.0
301.66807951218897	208.0
301.67808011154295	206.0
301.6880807108969	203.0
301.69808131025087	201.0
301.7080819096048	201.0
301.7180825089588	201.0
301.7280831083127	203.0
301.7380837076667	203.0
301.74808430702063	206.0
301.7580849063746	206.0
301.76808550572855	208.0
301.77808610508254	208.0
301.7880867044365	210.0
301.79808730379045	210.0
301.80808790314444	210.0
301.81808850249837	210.0
301.82808910185236	210.0
301.8380897012063	208.0
301.8480903005603	208.0
301.8580908999142	208.0
301.8680914992682	206.0
301.8780920986221	206.0
301.8880926979761	206.0
301.89809329733004	206.0
301.908093896684	206.0
301.91809449603795	203.0
301.92809509539194	203.0
301.93809569474587	201.0
301.94809629409986	201.0
301.9580968934538	201.0
301.9680974928078	201.0
301.9780980921617	203.0
301.9880986915157	206.0
301.9980992908697	206.0
302.0080998902236	208.0
302.0181004895776	208.0
302.0281010889315	208.0
302.0381016882855	208.0
302.04810228763944	208.0
302.0581028869934	208.0
302.06810348634735	208.0
302.07810408570134	208.0
302.08810468505527	210.0
302.09810528440926	210.0
302.1081058837632	213.0
302.1181064831172	213.0
302.1281070824711	213.0
302.1381076818251	213.0
302.148108281179	210.0
302.158108880533	208.0
302.16810947988694	206.0
302.1781100792409	201.0
302.18811067859485	194.0
302.19811127794884	185.0
302.20811187730277	175.0
302.21811247665676	167.0
302.22811307601074	163.0
302.2381136753647	163.0
302.24811427471866	167.0
302.2581148740726	0.0
302.2681154734266	169.0
302.2781160727805	167.0
302.2881166721345	159.0
302.2981172714884	163.0
302.3081178708424	167.0
302.31811847019634	0.0
302.3281190695503	0.0
302.33811966890426	0.0
302.34812026825824	0.0
302.3581208676122	0.0
302.36812146696616	0.0
302.3781220663201	0.0
302.3881226656741	0.0
302.398123265028	0.0
302.408123864382	0.0
302.4181244637359	0.0
302.4281250630899	210.0
302.43812566244384	208.0
302.4481262617978	206.0
302.4581268611518	203.0
302.46812746050574	203.0
302.4781280598597	201.0
302.48812865921366	203.0
302.49812925856764	203.0
302.5081298579216	203.0
302.51813045727556	206.0
302.5281310566295	206.0
302.5381316559835	206.0
302.5481322553374	206.0
302.5581328546914	203.0
302.5681334540453	199.0
302.5781340533993	194.0
302.58813465275324	190.0
302.5981352521072	185.0
302.60813585146116	181.0
302.61813645081514	177.0
302.6281370501691	173.0
302.63813764952306	169.0
302.648138248877	167.0
302.658138848231	165.0
302.66813944758496	165.0
302.6781400469389	165.0
302.6881406462929	165.0
302.6981412456468	165.0
302.7081418450008	167.0
302.7181424443547	171.0
302.7281430437087	175.0
302.73814364306264	179.0
302.74814424241663	185.0
302.75814484177056	190.0
302.76814544112455	196.0
302.7781460404785	201.0
302.78814663983246	203.0
302.7981472391864	206.0
302.8081478385404	206.0
302.8181484378943	206.0
302.8281490372483	203.0
302.8381496366022	201.0
302.8481502359562	199.0
302.85815083531014	196.0
302.8681514346641	194.0
302.87815203401806	194.0
302.88815263337204	194.0
302.89815323272603	196.0
302.90815383207996	196.0
302.91815443143395	199.0
302.9281550307879	199.0
302.93815563014186	201.0
302.9481562294958	203.0
302.9581568288498	203.0
302.9681574282037	206.0
302.9781580275577	206.0
302.9881586269116	208.0
302.9981592262656	208.0
303.00815982561954	206.0
303.01816042497353	206.0
303.02816102432746	206.0
303.03816162368145	206.0
303.0481622230354	206.0
303.05816282238936	206.0
303.0681634217433	206.0
303.0781640210973	206.0
303.0881646204512	206.0
303.0981652198052	206.0
303.1081658191591	206.0
303.1181664185131	206.0
303.1281670178671	208.0
303.13816761722103	210.0
303.148168216575	213.0
303.15816881592895	215.0
303.16816941528293	215.0
303.17817001463686	215.0
303.18817061399085	215.0
303.1981712133448	213.0
303.20817181269877	213.0
303.2181724120527	208.0
303.2281730114067	206.0
303.2381736107606	203.0
303.2481742101146	201.0
303.2581748094685	199.0
303.2681754088225	199.0
303.27817600817644	199.0
303.28817660753043	201.0
303.29817720688436	201.0
303.30817780623835	201.0
303.3181784055923	201.0
303.32817900494626	203.0
303.33817960430025	203.0
303.3481802036542	206.0
303.35818080300817	208.0
303.3681814023621	208.0
303.3781820017161	208.0
303.38818260107	208.0
303.398183200424	208.0
303.40818379977793	208.0
303.4181843991319	208.0
303.42818499848585	208.0
303.43818559783983	208.0
303.44818619719376	208.0
303.45818679654775	206.0
303.4681873959017	206.0
303.47818799525567	206.0
303.4881885946096	206.0
303.4981891939636	206.0
303.5081897933175	208.0
303.5181903926715	208.0
303.52819099202543	208.0
303.5381915913794	208.0
303.54819219073335	208.0
303.55819279008733	208.0
303.5681933894413	210.0
303.57819398879525	210.0
303.58819458814924	210.0
303.59819518750317	208.0
303.60819578685715	208.0
303.6181963862111	208.0
303.62819698556507	208.0
303.638197584919	206.0
303.648198184273	206.0
303.6581987836269	206.0
303.6681993829809	206.0
303.67819998233483	206.0
303.6882005816888	206.0
303.69820118104275	206.0
303.70820178039673	206.0
303.71820237975066	206.0
303.72820297910465	206.0
303.7382035784586	208.0
303.74820417781257	208.0
303.7582047771665	208.0
303.7682053765205	210.0
303.7782059758744	210.0
303.7882065752284	210.0
303.7982071745824	210.0
303.8082077739363	210.0
303.8182083732903	210.0
303.82820897264423	210.0
303.8382095719982	210.0
303.84821017135215	208.0
303.85821077070614	206.0
303.86821137006007	206.0
303.87821196941405	206.0
303.888212568768	206.0
303.89821316812197	206.0
303.9082137674759	206.0
303.9182143668299	206.0
303.9282149661838	206.0
303.9382155655378	206.0
303.94821616489173	208.0
303.9582167642457	208.0
303.96821736359965	208.0
303.97821796295364	208.0
303.98821856230757	208.0
303.99821916166155	208.0
304.00821976101554	208.0
304.01822036036947	208.0
304.02822095972346	208.0
304.0382215590774	208.0
304.0482221584314	208.0
304.0582227577853	208.0
304.0682233571393	208.0
304.0782239564932	206.0
304.0882245558472	206.0
304.09822515520113	206.0
304.1082257545551	206.0
304.11822635390905	206.0
304.12822695326304	206.0
304.13822755261697	206.0
304.14822815197095	208.0
304.1582287513249	208.0
304.16822935067887	208.0
304.1782299500328	208.0
304.1882305493868	208.0
304.1982311487407	208.0
304.2082317480947	208.0
304.21823234744863	208.0
304.2282329468026	208.0
304.2382335461566	206.0
304.24823414551054	206.0
304.2582347448645	206.0
304.26823534421845	206.0
304.27823594357244	206.0
304.28823654292637	206.0
304.29823714228036	206.0
304.3082377416343	206.0
304.3182383409883	206.0
304.3282389403422	206.0
304.3382395396962	208.0
304.3482401390501	208.0
304.3582407384041	208.0
304.36824133775804	208.0
304.378241937112	208.0
304.38824253646595	208.0
304.39824313581994	208.0
304.40824373517387	208.0
304.41824433452786	208.0
304.4282449338818	208.0
304.4382455332358	208.0
304.4482461325897	208.0
304.4582467319437	208.0
304.4682473312977	208.0
304.4782479306516	208.0
304.4882485300056	208.0
304.4982491293595	208.0
304.5082497287135	208.0
304.51825032806744	208.0
304.5282509274214	208.0
304.53825152677535	208.0
304.54825212612934	208.0
304.55825272548327	208.0
304.56825332483726	208.0
304.5782539241912	208.0
304.5882545235452	208.0
304.5982551228991	208.0
304.6082557222531	208.0
304.618256321607	208.0
304.628256920961	208.0
304.63825752031494	208.0
304.6482581196689	208.0
304.65825871902285	208.0
304.66825931837684	208.0
304.6782599177308	208.0
304.68826051708476	208.0
304.69826111643874	206.0
304.7082617157927	206.0
304.71826231514666	206.0
304.7282629145006	208.0
304.7382635138546	208.0
304.7482641132085	208.0
304.7582647125625	208.0
304.7682653119164	208.0
304.7782659112704	208.0
304.78826651062434	208.0
304.7982671099783	208.0
304.80826770933226	206.0
304.81826830868624	206.0
304.8282689080402	206.0
304.83826950739416	206.0
304.8482701067481	206.0
304.8582707061021	206.0
304.868271305456	206.0
304.87827190481	206.0
304.8882725041639	206.0
304.8982731035179	206.0
304.9082737028719	208.0
304.9182743022258	208.0
304.9282749015798	210.0
304.93827550093374	210.0
304.9482761002877	210.0
304.95827669964166	208.0
304.96827729899564	208.0
304.9782778983496	206.0
304.98827849770356	206.0
304.9982790970575	206.0
305.0082796964115	203.0
305.0182802957654	203.0
305.0282808951194	203.0
305.0382814944733	203.0
305.0482820938273	203.0
305.05828269318124	203.0
305.0682832925352	203.0
305.07828389188916	203.0
305.08828449124314	203.0
305.0982850905971	206.0
305.10828568995106	208.0
305.118286289305	208.0
305.128286888659	210.0
305.13828748801296	208.0
305.1482880873669	208.0
305.1582886867209	208.0
305.1682892860748	208.0
305.1782898854288	208.0
305.1882904847827	208.0
305.1982910841367	208.0
305.20829168349064	206.0
305.21829228284463	206.0
305.22829288219856	206.0
305.23829348155255	206.0
305.2482940809065	206.0
305.25829468026046	206.0
305.2682952796144	206.0
305.2782958789684	206.0
305.2882964783223	208.0
305.2982970776763	208.0
305.3082976770302	208.0
305.3182982763842	210.0
305.32829887573814	210.0
305.33829947509213	213.0
305.3483000744461	213.0
305.35830067380004	213.0
305.36830127315403	210.0
305.37830187250796	210.0
305.38830247186195	208.0
305.3983030712159	208.0
305.40830367056986	208.0
305.4183042699238	208.0
305.4283048692778	206.0
305.4383054686317	206.0
305.4483060679857	206.0
305.4583066673396	206.0
305.4683072666936	206.0
305.47830786604754	208.0
305.48830846540153	208.0
305.49830906475546	208.0
305.50830966410945	208.0
305.5183102634634	210.0
305.52831086281736	210.0
305.5383114621713	210.0
305.5483120615253	213.0
305.5583126608792	213.0
305.5683132602332	210.0
305.5783138595872	210.0
305.5883144589411	210.0
305.5983150582951	208.0
305.60831565764903	208.0
305.618316257003	208.0
305.62831685635695	206.0
305.63831745571093	206.0
305.64831805506486	206.0
305.65831865441885	208.0
305.6683192537728	208.0
305.67831985312677	208.0
305.6883204524807	210.0
305.6983210518347	210.0
305.7083216511886	210.0
305.7183222505426	210.0
305.72832284989653	210.0
305.7383234492505	210.0
305.74832404860445	210.0
305.75832464795843	210.0
305.76832524731236	208.0
305.77832584666635	208.0
305.7883264460203	208.0
305.79832704537426	208.0
305.80832764472825	206.0
305.8183282440822	206.0
305.82832884343617	206.0
305.8383294427901	206.0
305.8483300421441	206.0
305.858330641498	206.0
305.868331240852	208.0
305.87833184020593	208.0
305.8883324395599	208.0
305.89833303891385	210.0
305.90833363826783	210.0
305.91833423762176	210.0
305.92833483697575	210.0
305.9383354363297	210.0
305.94833603568367	208.0
305.9583366350376	208.0
305.9683372343916	208.0
305.9783378337455	206.0
305.9883384330995	206.0
305.99833903245343	206.0
306.0083396318074	206.0
306.0183402311614	206.0
306.02834083051533	206.0
306.0383414298693	206.0
306.04834202922325	208.0
306.05834262857724	208.0
306.06834322793117	208.0
306.07834382728515	210.0
306.0883444266391	210.0
306.09834502599307	210.0
306.108345625347	210.0
306.118346224701	210.0
306.1283468240549	210.0
306.1383474234089	210.0
306.14834802276283	210.0
306.1583486221168	208.0
306.16834922147075	208.0
306.17834982082474	208.0
306.18835042017866	206.0
306.19835101953265	206.0
306.2083516188866	203.0
306.21835221824057	203.0
306.2283528175945	203.0
306.2383534169485	203.0
306.24835401630247	203.0
306.2583546156564	203.0
306.2683552150104	203.0
306.2783558143643	206.0
306.2883564137183	206.0
306.29835701307223	206.0
306.3083576124262	208.0
306.31835821178015	208.0
306.32835881113414	210.0
306.33835941048807	210.0
306.34836000984205	208.0
306.358360609196	208.0
306.36836120854997	208.0
306.3783618079039	208.0
306.3883624072579	208.0
306.3983630066118	206.0
306.4083636059658	0.0
306.41836420531973	0.0
306.4283648046737	0.0
306.43836540402765	0.0
306.44836600338164	0.0
306.45836660273557	0.0
306.46836720208955	0.0
306.47836780144354	0.0
306.48836840079747	0.0
306.49836900015146	0.0
306.5083695995054	0.0
306.5183701988594	0.0
306.5283707982133	0.0
306.5383713975673	0.0
306.5483719969212	0.0
306.5583725962752	0.0
306.56837319562914	0.0
306.5783737949831	0.0
306.58837439433705	0.0
306.59837499369104	0.0
306.60837559304497	0.0
306.61837619239896	0.0
306.6283767917529	0.0
306.63837739110687	0.0
306.6483779904608	0.0
306.6583785898148	0.0
306.6683791891687	0.0
306.6783797885227	0.0
306.6883803878767	0.0
306.6983809872306	0.0
306.7083815865846	0.0
306.71838218593854	0.0
306.7283827852925	0.0
306.73838338464645	0.0
306.74838398400044	0.0
306.75838458335437	0.0
306.76838518270836	0.0
306.7783857820623	0.0
306.7883863814163	0.0
306.7983869807702	0.0
306.8083875801242	0.0
306.8183881794781	0.0
306.8283887788321	0.0
306.83838937818604	0.0
306.84838997754	0.0
306.85839057689395	0.0
306.86839117624794	0.0
306.87839177560187	0.0
306.88839237495586	0.0
306.8983929743098	0.0
306.9083935736638	0.0
306.91839417301776	0.0
306.9283947723717	0.0
306.9383953717257	0.0
306.9483959710796	0.0
306.9583965704336	0.0
306.9683971697875	0.0
306.9783977691415	0.0
306.98839836849544	0.0
306.9983989678494	0.0
307.00839956720336	0.0
307.01840016655734	0.0
307.0284007659113	0.0
307.03840136526526	0.0
307.0484019646192	0.0
307.0584025639732	0.0
307.0684031633271	0.0
307.0784037626811	0.0
307.088404362035	0.0
307.098404961389	0.0
307.10840556074294	0.0
307.1184061600969	0.0
307.12840675945085	0.0
307.13840735880484	0.0
307.1484079581588	0.0
307.15840855751276	0.0
307.16840915686674	0.0
307.1784097562207	0.0
307.18841035557466	0.0
307.1984109549286	0.0
307.2084115542826	0.0
307.2184121536365	0.0
307.2284127529905	0.0
307.2384133523444	0.0
307.2484139516984	0.0
307.25841455105234	0.0
307.2684151504063	0.0
307.27841574976026	0.0
307.28841634911424	0.0
307.2984169484682	0.0
307.30841754782216	0.0
307.3184181471761	0.0
307.3284187465301	0.0
307.338419345884	0.0
307.348419945238	0.0
307.358420544592	0.0
307.3684211439459	0.0
307.3784217432999	0.0
307.3884223426538	0.0
307.3984229420078	0.0
307.40842354136174	0.0
307.41842414071573	0.0
307.42842474006966	0.0
307.43842533942365	0.0
307.4484259387776	0.0
307.45842653813156	0.0
307.4684271374855	0.0
307.4784277368395	0.0
307.4884283361934	0.0
307.4984289355474	0.0
307.5084295349013	0.0
307.5184301342553	0.0
307.52843073360924	0.0
307.5384313329632	0.0
307.54843193231716	0.0
307.55843253167114	0.0
307.5684331310251	0.0
307.57843373037906	0.0
307.58843432973305	0.0
307.598434929087	0.0
307.60843552844096	0.0
307.6184361277949	0.0
307.6284367271489	0.0
307.6384373265028	0.0
307.6484379258568	0.0
307.6584385252107	0.0
307.6684391245647	0.0
307.67843972391864	0.0
307.68844032327263	213.0
307.69844092262656	213.0
307.70844152198055	210.0
307.7184421213345	210.0
307.72844272068846	208.0
307.7384433200424	206.0
307.7484439193964	206.0
307.7584445187503	206.0
307.7684451181043	206.0
307.7784457174582	206.0
307.7884463168122	208.0
307.79844691616614	208.0
307.80844751552013	208.0
307.8184481148741	208.0
307.82844871422805	208.0
307.83844931358203	208.0
307.84844991293596	208.0
307.85845051228995	208.0
307.8684511116439	208.0
307.87845171099787	208.0
307.8884523103518	206.0
307.8984529097058	206.0
307.9084535090597	206.0
307.9184541084137	206.0
307.9284547077676	203.0
307.9384553071216	201.0
307.94845590647554	196.0
307.95845650582953	183.0
307.96845710518346	179.0
307.97845770453745	179.0
307.9884583038914	0.0
307.99845890324536	0.0
308.0084595025993	0.0
308.0184601019533	0.0
308.0284607013072	0.0
308.0384613006612	0.0
308.0484619000152	0.0
308.0584624993691	0.0
308.0684630987231	0.0
308.07846369807703	0.0
308.088464297431	0.0
308.09846489678495	0.0
308.10846549613893	0.0
308.11846609549286	0.0
308.12846669484685	0.0
308.1384672942008	0.0
308.14846789355477	0.0
308.1584684929087	0.0
308.1684690922627	0.0
308.1784696916166	0.0
308.1884702909706	0.0
308.19847089032453	0.0
308.2084714896785	0.0
308.21847208903245	0.0
308.22847268838643	0.0
308.23847328774036	0.0
308.24847388709435	0.0
308.25847448644834	0.0
308.26847508580227	0.0
308.27847568515625	0.0
308.2884762845102	0.0
308.29847688386417	0.0
308.3084774832181	0.0
308.3184780825721	0.0
308.328478681926	0.0
308.33847928128	0.0
308.34847988063393	0.0
308.3584804799879	0.0
308.36848107934185	0.0
308.37848167869583	0.0
308.38848227804976	0.0
308.39848287740375	0.0
308.4084834767577	0.0
308.41848407611167	0.0
308.4284846754656	0.0
308.4384852748196	0.0
308.4484858741735	0.0
308.4584864735275	0.0
308.46848707288143	0.0
308.4784876722354	0.0
308.4884882715894	0.0
308.49848887094333	0.0
308.5084894702973	0.0
308.51849006965125	0.0
308.52849066900524	0.0
308.53849126835917	0.0
308.54849186771315	0.0
308.5584924670671	0.0
308.56849306642107	0.0
308.578493665775	0.0
308.588494265129	0.0
308.5984948644829	0.0
308.6084954638369	0.0
308.61849606319083	0.0
308.6284966625448	0.0
308.63849726189875	0.0
308.64849786125274	0.0
308.65849846060667	0.0
308.66849905996065	0.0
308.6784996593146	0.0
308.68850025866857	0.0
308.6985008580225	0.0
308.7085014573765	0.0
308.7185020567305	0.0
308.7285026560844	0.0
308.7385032554384	0.0
308.7485038547923	0.0
308.7585044541463	0.0
308.76850505350023	0.0
308.7785056528542	0.0
308.78850625220815	0.0
308.79850685156214	0.0
308.80850745091607	0.0
308.81850805027005	0.0
308.828508649624	0.0
308.83850924897797	0.0
308.8485098483319	0.0
308.8585104476859	0.0
308.8685110470398	0.0
308.8785116463938	0.0
308.88851224574773	0.0
308.8985128451017	0.0
308.90851344445565	0.0
308.91851404380964	0.0
308.9285146431636	0.0
308.93851524251755	0.0
308.94851584187154	0.0
308.95851644122547	0.0
308.96851704057946	0.0
308.9785176399334	0.0
308.9885182392874	0.0
308.9985188386413	0.0
309.0085194379953	0.0
309.0185200373492	0.0
309.0285206367032	0.0
309.03852123605714	0.0
309.0485218354111	0.0
309.05852243476505	0.0
309.06852303411904	0.0
309.07852363347297	0.0
309.08852423282696	0.0
309.0985248321809	0.0
309.1085254315349	0.0
309.1185260308888	0.0
309.1285266302428	0.0
309.1385272295967	0.0
309.1485278289507	0.0
309.1585284283047	0.0
309.1685290276586	0.0
309.1785296270126	0.0
309.18853022636654	0.0
309.1985308257205	0.0
309.20853142507445	0.0
309.21853202442844	0.0
309.22853262378237	0.0
309.23853322313636	0.0
309.2485338224903	0.0
309.2585344218443	0.0
309.2685350211982	0.0
309.2785356205522	0.0
309.2885362199061	0.0
309.2985368192601	0.0
309.30853741861404	0.0
309.318538017968	0.0
309.32853861732195	0.0
309.33853921667594	0.0
309.34853981602987	0.0
309.35854041538386	0.0
309.3685410147378	0.0
309.3785416140918	0.0
309.38854221344576	0.0
309.3985428127997	0.0
309.4085434121537	0.0
309.4185440115076	0.0
309.4285446108616	0.0
309.4385452102155	0.0
309.4485458095695	0.0
309.45854640892344	0.0
309.4685470082774	0.0
309.47854760763136	0.0
309.48854820698534	0.0
309.4985488063393	0.0
309.50854940569326	0.0
309.5185500050472	0.0
309.5285506044012	0.0
309.5385512037551	0.0
309.5485518031091	0.0
309.558552402463	0.0
309.568553001817	0.0
309.57855360117094	0.0
309.5885542005249	0.0
309.5985547998789	0.0
309.60855539923284	0.0
309.6185559985868	0.0
309.62855659794076	0.0
309.63855719729474	0.0
309.6485577966487	0.0
309.65855839600266	0.0
309.6685589953566	0.0
309.6785595947106	0.0
309.6885601940645	0.0
309.6985607934185	0.0
309.7085613927724	0.0
309.7185619921264	0.0
309.72856259148034	0.0
309.7385631908343	0.0
309.74856379018826	0.0
309.75856438954224	0.0
309.7685649888962	0.0
309.77856558825016	0.0
309.7885661876041	0.0
309.7985667869581	0.0
309.808567386312	0.0
309.818567985666	0.0
309.82856858502	0.0
309.8385691843739	0.0
309.8485697837279	0.0
309.8585703830818	0.0
309.8685709824358	0.0
309.87857158178974	0.0
309.88857218114373	0.0
309.89857278049766	0.0
309.90857337985165	0.0
309.9185739792056	0.0
309.92857457855956	0.0
309.9385751779135	0.0
309.9485757772675	0.0
309.9585763766214	0.0
309.9685769759754	0.0
309.9785775753293	0.0
309.9885781746833	0.0
309.99857877403724	0.0
310.0085793733912	0.0
310.01857997274516	0.0
310.02858057209914	0.0
310.0385811714531	0.0
310.04858177080706	0.0
310.05858237016105	0.0
310.068582969515	0.0
310.07858356886896	0.0
310.0885841682229	0.0
310.0985847675769	0.0
310.1085853669308	0.0
310.1185859662848	0.0
310.1285865656387	0.0
310.1385871649927	0.0
310.14858776434664	0.0
310.15858836370063	0.0
310.16858896305456	0.0
310.17858956240855	0.0
310.1885901617625	632.0
310.19859076111646	632.0
310.2085913604704	0.0
310.2185919598244	0.0
310.2285925591783	0.0
310.2385931585323	0.0
310.2485937578862	1075.0
310.2585943572402	0.0
310.2685949565942	0.0
310.27859555594813	0.0
310.2885961553021	0.0
310.29859675465605	0.0
310.30859735401003	0.0
310.31859795336396	0.0
310.32859855271795	0.0
310.3385991520719	0.0
310.34859975142587	0.0
310.3586003507798	0.0
310.3686009501338	0.0
310.3786015494877	0.0
310.3886021488417	0.0
310.39860274819563	0.0
310.4086033475496	0.0
310.41860394690354	0.0
310.42860454625753	0.0
310.43860514561146	0.0
310.44860574496545	0.0
310.4586063443194	0.0
310.46860694367336	0.0
310.4786075430273	0.0
310.4886081423813	0.0
310.49860874173527	0.0
310.5086093410892	0.0
310.5186099404432	0.0
310.5286105397971	0.0
310.5386111391511	0.0
310.54861173850503	0.0
310.558612337859	0.0
310.56861293721295	0.0
310.57861353656693	0.0
310.58861413592086	0.0
310.59861473527485	0.0
310.6086153346288	0.0
310.61861593398277	0.0
310.6286165333367	0.0
310.6386171326907	0.0
310.6486177320446	0.0
310.6586183313986	0.0
310.66861893075253	0.0
310.6786195301065	0.0
310.68862012946045	0.0
310.69862072881443	0.0
310.70862132816836	0.0
310.71862192752235	0.0
310.72862252687634	0.0
310.73862312623027	0.0
310.74862372558425	0.0
310.7586243249382	0.0
310.76862492429217	0.0
310.7786255236461	0.0
310.7886261230001	0.0
310.798626722354	0.0
310.808627321708	0.0
310.81862792106193	0.0
310.8286285204159	0.0
310.83862911976985	0.0
310.84862971912384	0.0
310.85863031847776	0.0
310.86863091783175	0.0
310.8786315171857	0.0
310.88863211653967	0.0
310.8986327158936	0.0
310.9086333152476	0.0
310.9186339146015	0.0
310.9286345139555	0.0
310.9386351133095	0.0
310.9486357126634	0.0
310.9586363120174	0.0
310.96863691137133	0.0
310.9786375107253	0.0
310.98863811007925	0.0
310.99863870943324	0.0
311.00863930878717	0.0
311.01863990814115	0.0
311.0286405074951	0.0
311.03864110684907	0.0
311.048641706203	0.0
311.058642305557	0.0
311.0686429049109	0.0
311.0786435042649	0.0
311.08864410361883	0.0
311.0986447029728	0.0
311.10864530232675	0.0
311.11864590168074	0.0
311.12864650103467	0.0
311.13864710038865	0.0
311.1486476997426	0.0
311.15864829909657	0.0
311.16864889845056	0.0
311.1786494978045	0.0
311.1886500971585	0.0
311.1986506965124	0.0
311.2086512958664	0.0
311.2186518952203	0.0
311.2286524945743	0.0
311.23865309392824	0.0
311.2486536932822	0.0
311.25865429263615	0.0
311.26865489199014	0.0
311.27865549134407	0.0
311.28865609069805	0.0
311.298656690052	0.0
311.30865728940597	0.0
311.3186578887599	0.0
311.3286584881139	0.0
311.3386590874678	0.0
311.3486596868218	0.0
311.35866028617573	0.0
311.3686608855297	0.0
311.37866148488365	0.0
311.38866208423764	0.0
311.3986626835916	0.0
311.40866328294555	0.0
311.41866388229954	0.0
311.42866448165347	0.0
311.43866508100746	0.0
311.4486656803614	0.0
311.4586662797154	0.0
311.4686668790693	0.0
311.4786674784233	0.0
311.4886680777772	0.0
311.4986686771312	0.0
311.50866927648514	0.0
311.5186698758391	0.0
311.52867047519305	1075.0
311.53867107454704	0.0
311.54867167390097	0.0
311.55867227325496	0.0
311.5686728726089	0.0
311.5786734719629	0.0
311.5886740713168	0.0
311.5986746706708	0.0
311.6086752700248	0.0
311.6186758693787	0.0
311.6286764687327	0.0
311.6386770680866	0.0
311.6486776674406	0.0
311.65867826679454	0.0
311.6686788661485	0.0
311.67867946550246	0.0
311.68868006485644	0.0
311.69868066421037	0.0
311.70868126356436	0.0
311.7186818629183	0.0
311.7286824622723	0.0
311.7386830616262	0.0
311.7486836609802	0.0
311.7586842603341	0.0
311.7686848596881	0.0
311.77868545904204	0.0
311.788686058396	0.0
311.79868665774995	0.0
311.80868725710394	0.0
311.81868785645787	0.0
311.82868845581186	0.0
311.83868905516584	0.0
311.8486896545198	0.0
311.85869025387376	0.0
311.8686908532277	0.0
311.8786914525817	0.0
311.8886920519356	0.0
311.8986926512896	0.0
311.9086932506435	0.0
311.9186938499975	0.0
311.92869444935144	0.0
311.9386950487054	0.0
311.94869564805936	0.0
311.95869624741334	0.0
311.9686968467673	0.0
311.97869744612126	0.0
311.9886980454752	0.0
311.9986986448292	0.0
312.0086992441831	0.0
312.0186998435371	0.0
312.028700442891	0.0
312.038701042245	0.0
312.04870164159894	0.0
312.0587022409529	0.0
312.0687028403069	0.0
312.07870343966084	0.0
312.08870403901483	0.0
312.09870463836876	0.0
312.10870523772275	0.0
312.1187058370767	0.0
312.12870643643066	0.0
312.1387070357846	0.0
312.1487076351386	0.0
312.1587082344925	0.0
312.1687088338465	0.0
312.1787094332004	0.0
312.1887100325544	0.0
312.19871063190834	0.0
312.2087112312623	0.0
312.21871183061626	0.0
312.22871242997024	0.0
312.2387130293242	0.0
312.24871362867816	0.0
312.2587142280321	0.0
312.2687148273861	0.0
312.27871542674006	0.0
312.288716026094	0.0
312.298716625448	0.0
312.3087172248019	0.0
312.3187178241559	0.0
312.3287184235098	0.0
312.3387190228638	0.0
312.34871962221774	0.0
312.35872022157173	0.0
312.36872082092566	0.0
312.37872142027965	0.0
312.3887220196336	0.0
312.39872261898756	0.0
312.4087232183415	0.0
312.4187238176955	0.0
312.4287244170494	0.0
312.4387250164034	0.0
312.4487256157573	0.0
312.4587262151113	0.0
312.46872681446524	0.0
312.47872741381923	0.0
312.48872801317316	0.0
312.49872861252715	0.0
312.50872921188113	0.0
312.51872981123506	0.0
312.52873041058905	0.0
312.538731009943	0.0
312.54873160929696	0.0
312.5587322086509	0.0
312.5687328080049	0.0
312.5787334073588	0.0
312.5887340067128	0.0
312.5987346060667	0.0
312.6087352054207	0.0
312.61873580477464	0.0
312.62873640412863	0.0
312.63873700348256	0.0
312.64873760283655	0.0
312.6587382021905	0.0
312.66873880154446	0.0
312.6787394008984	0.0
312.6887400002524	0.0
312.6987405996063	0.0
312.7087411989603	0.0
312.7187417983142	0.0
312.7287423976682	0.0
312.7387429970222	0.0
312.74874359637613	0.0
312.7587441957301	0.0
312.76874479508405	0.0
312.77874539443803	0.0
312.78874599379196	0.0
312.79874659314595	0.0
312.8087471924999	1075.0
312.81874779185387	0.0
312.8287483912078	0.0
312.8387489905618	0.0
312.8487495899157	0.0
312.8587501892697	0.0
312.86875078862363	0.0
312.8787513879776	0.0
312.88875198733155	0.0
312.89875258668553	0.0
312.90875318603946	0.0
312.91875378539345	0.0
312.9287543847474	0.0
312.93875498410137	0.0
312.94875558345535	0.0
312.9587561828093	0.0
312.96875678216327	0.0
312.9787573815172	0.0
312.9887579808712	0.0
312.9987585802251	0.0
313.0087591795791	0.0
313.01875977893303	0.0
313.028760378287	0.0
313.03876097764095	0.0
313.04876157699493	0.0
313.05876217634886	0.0
313.06876277570285	0.0
313.0787633750568	0.0
313.08876397441077	0.0
313.0987645737647	0.0
313.1087651731187	0.0
313.1187657724726	0.0
313.1287663718266	0.0
313.13876697118053	0.0
313.1487675705345	0.0
313.15876816988845	0.0
313.16876876924243	0.0
313.1787693685964	0.0
313.18876996795035	0.0
313.19877056730434	0.0
313.20877116665827	0.0
313.21877176601225	0.0
313.2287723653662	0.0
313.23877296472017	0.0
313.2487735640741	0.0
313.2587741634281	0.0
313.268774762782	0.0
313.278775362136	0.0
313.28877596148993	0.0
313.2987765608439	0.0
313.30877716019785	0.0
313.31877775955184	0.0
313.32877835890577	0.0
313.33877895825975	0.0
313.3487795576137	0.0
313.35878015696767	0.0
313.3687807563216	0.0
313.3787813556756	0.0
313.3887819550295	0.0
313.3987825543835	0.0
313.4087831537375	0.0
313.4187837530914	0.0
313.4287843524454	0.0
313.43878495179933	0.0
313.4487855511533	0.0
313.45878615050725	0.0
313.46878674986124	0.0
313.47878734921517	0.0
313.48878794856915	0.0
313.4987885479231	0.0
313.50878914727707	0.0
313.518789746631	0.0
313.528790345985	0.0
313.5387909453389	0.0
313.5487915446929	0.0
313.55879214404683	0.0
313.5687927434008	0.0
313.57879334275475	0.0
313.58879394210874	0.0
313.59879454146267	0.0
313.60879514081665	0.0
313.61879574017064	0.0
313.62879633952457	0.0
313.63879693887856	0.0
313.6487975382325	0.0
313.6587981375865	0.0
313.6687987369404	0.0
313.6787993362944	0.0
313.6887999356483	0.0
313.6988005350023	0.0
313.70880113435624	0.0
313.7188017337102	0.0
313.72880233306415	0.0
313.73880293241814	0.0
313.74880353177207	0.0
313.75880413112606	0.0
313.76880473048	0.0
313.778805329834	0.0
313.7888059291879	0.0
313.7988065285419	0.0
313.8088071278958	0.0
313.8188077272498	0.0
313.82880832660373	0.0
313.8388089259577	0.0
313.8488095253117	0.0
313.85881012466564	0.0
313.8688107240196	0.0
313.87881132337355	0.0
313.88881192272754	0.0
313.89881252208147	0.0
313.90881312143546	0.0
313.9188137207894	0.0
313.9288143201434	0.0
313.9388149194973	0.0
313.9488155188513	0.0
313.9588161182052	0.0
313.9688167175592	0.0
313.97881731691314	0.0
313.9888179162671	0.0
313.99881851562105	0.0
314.00881911497504	0.0
314.01881971432897	0.0
314.02882031368296	0.0
314.0388209130369	0.0
314.0488215123909	0.0
314.0588221117448	0.0
314.0688227110988	0.0
314.0788233104528	0.0
314.0888239098067	1075.0
314.0988245091607	0.0
314.1088251085146	0.0
314.1188257078686	0.0
314.12882630722254	0.0
314.1388269065765	0.0
314.14882750593046	0.0
314.15882810528444	0.0
314.1688287046384	0.0
314.17882930399236	0.0
314.1888299033463	0.0
314.1988305027003	0.0
314.2088311020542	0.0
314.2188317014082	0.0
314.2288323007621	0.0
314.2388329001161	0.0
314.24883349947004	0.0
314.258834098824	0.0
314.26883469817795	0.0
314.27883529753194	0.0
314.2888358968859	0.0
314.29883649623986	0.0
314.30883709559384	0.0
314.3188376949478	0.0
314.32883829430176	0.0
314.3388388936557	0.0
314.3488394930097	0.0
314.3588400923636	0.0
314.3688406917176	0.0
314.3788412910715	0.0
314.3888418904255	0.0
314.39884248977944	0.0
314.4088430891334	0.0
314.41884368848736	0.0
314.42884428784134	0.0
314.4388448871953	0.0
314.44884548654926	0.0
314.4588460859032	0.0
314.4688466852572	0.0
314.4788472846111	0.0
314.4888478839651	0.0
314.498848483319	0.0
314.508849082673	0.0
314.518849682027	0.0
314.5288502813809	0.0
314.5388508807349	0.0
314.54885148008884	0.0
314.55885207944283	0.0
314.56885267879676	0.0
314.57885327815075	0.0
314.5888538775047	0.0
314.59885447685866	0.0
314.6088550762126	0.0
314.6188556755666	0.0
314.6288562749205	0.0
314.6388568742745	0.0
314.6488574736284	0.0
314.6588580729824	0.0
314.66885867233634	0.0
314.6788592716903	0.0
314.68885987104426	0.0
314.69886047039824	0.0
314.7088610697522	0.0
314.71886166910616	0.0
314.7288622684601	0.0
314.7388628678141	0.0
314.74886346716806	0.0
314.758864066522	0.0
314.768864665876	0.0
314.7788652652299	0.0
314.7888658645839	0.0
314.7988664639378	0.0
314.8088670632918	0.0
314.81886766264574	0.0
314.82886826199973	0.0
314.83886886135366	0.0
314.84886946070765	0.0
314.8588700600616	0.0
314.86887065941556	0.0
314.8788712587695	0.0
314.8888718581235	0.0
314.8988724574774	0.0
314.9088730568314	0.0
314.9188736561853	0.0
314.9288742555393	0.0
314.93887485489324	0.0
314.94887545424723	0.0
314.9588760536012	0.0
314.96887665295515	0.0
314.97887725230913	0.0
314.98887785166306	0.0
314.99887845101705	0.0
315.008879050371	0.0
315.01887964972497	0.0
315.0288802490789	0.0
315.0388808484329	0.0
315.0488814477868	0.0
315.0588820471408	0.0
315.0688826464947	0.0
315.0788832458487	0.0
315.08888384520264	0.0
315.09888444455663	0.0
315.10888504391056	0.0
315.11888564326455	0.0
315.1288862426185	0.0
315.13888684197246	0.0
315.1488874413264	0.0
315.1588880406804	0.0
315.1688886400343	0.0
315.1788892393883	0.0
315.1888898387423	0.0
315.1988904380962	0.0
315.2088910374502	0.0
315.21889163680413	0.0
315.2288922361581	0.0
315.23889283551205	0.0
315.24889343486603	0.0
315.25889403421996	0.0
315.26889463357395	0.0
315.2788952329279	0.0
315.28889583228187	0.0
315.2988964316358	0.0
315.3088970309898	0.0
315.3188976303437	0.0
315.3288982296977	0.0
315.33889882905163	0.0
315.3488994284056	0.0
315.35890002775955	0.0
315.36890062711353	1075.0
315.37890122646746	0.0
315.38890182582145	0.0
315.3989024251754	0.0
315.40890302452937	0.0
315.41890362388335	0.0
315.4289042232373	0.0
315.43890482259127	0.0
315.4489054219452	0.0
315.4589060212992	0.0
315.4689066206531	0.0
315.4789072200071	0.0
315.48890781936103	0.0
315.498908418715	0.0
315.50890901806895	0.0
315.51890961742293	0.0
315.52891021677686	0.0
315.53891081613085	0.0
315.5489114154848	0.0
315.55891201483877	0.0
315.5689126141927	0.0
315.5789132135467	0.0
315.5889138129006	0.0
315.5989144122546	0.0
315.60891501160853	0.0
315.6189156109625	0.0
315.6289162103165	0.0
315.63891680967043	0.0
315.6489174090244	0.0
315.65891800837835	0.0
315.66891860773234	0.0
315.67891920708627	0.0
315.68891980644025	0.0
315.6989204057942	0.0
315.70892100514817	0.0
315.7189216045021	0.0
315.7289222038561	0.0
315.73892280321	0.0
315.748923402564	0.0
315.75892400191793	0.0
315.7689246012719	0.0
315.77892520062585	0.0
315.78892579997984	0.0
315.79892639933377	0.0
315.80892699868775	0.0
315.8189275980417	0.0
315.82892819739567	0.0
315.8389287967496	0.0
315.8489293961036	0.0
315.8589299954576	0.0
315.8689305948115	0.0
315.8789311941655	0.0
315.8889317935194	0.0
315.8989323928734	0.0
315.90893299222734	0.0
315.9189335915813	0.0
315.92893419093525	0.0
315.93893479028924	0.0
315.94893538964317	0.0
315.95893598899715	0.0
315.9689365883511	0.0
315.97893718770507	0.0
315.988937787059	0.0
315.998938386413	0.0
316.0089389857669	0.0
316.0189395851209	0.0
316.02894018447483	0.0
316.0389407838288	0.0
316.04894138318275	0.0
316.05894198253674	0.0
316.06894258189067	0.0
316.07894318124465	0.0
316.08894378059864	0.0
316.09894437995257	0.0
316.10894497930656	0.0
316.1189455786605	0.0
316.1289461780145	0.0
316.1389467773684	0.0
316.1489473767224	0.0
316.1589479760763	0.0
316.1689485754303	0.0
316.17894917478424	0.0
316.1889497741382	0.0
316.19895037349215	0.0
316.20895097284614	0.0
316.21895157220007	0.0
316.22895217155406	0.0
316.238952770908	0.0
316.248953370262	0.0
316.2589539696159	0.0
316.2689545689699	0.0
316.2789551683238	0.0
316.2889557676778	0.0
316.29895636703174	0.0
316.3089569663857	0.0
316.3189575657397	0.0
316.32895816509364	0.0
316.3389587644476	0.0
316.34895936380155	0.0
316.35895996315554	0.0
316.36896056250947	0.0
316.37896116186346	0.0
316.3889617612174	0.0
316.3989623605714	0.0
316.4089629599253	0.0
316.4189635592793	0.0
316.4289641586332	0.0
316.4389647579872	0.0
316.44896535734114	0.0
316.4589659566951	0.0
316.46896655604905	0.0
316.47896715540304	0.0
316.48896775475697	0.0
316.49896835411096	0.0
316.5089689534649	0.0
316.5189695528189	0.0
316.52897015217286	0.0
316.5389707515268	0.0
316.5489713508808	0.0
316.5589719502347	0.0
316.5689725495887	0.0
316.5789731489426	0.0
316.5889737482966	0.0
316.59897434765054	0.0
316.6089749470045	0.0
316.61897554635846	0.0
316.62897614571244	0.0
316.6389767450664	0.0
316.64897734442036	1075.0
316.6589779437743	0.0
316.6689785431283	0.0
316.6789791424822	0.0
316.6889797418362	0.0
316.6989803411901	0.0
316.7089809405441	0.0
316.71898153989804	0.0
316.728982139252	0.0
316.73898273860596	0.0
316.74898333795994	0.0
316.75898393731393	0.0
316.76898453666786	0.0
316.77898513602184	0.0
316.7889857353758	0.0
316.79898633472976	0.0
316.8089869340837	0.0
316.8189875334377	0.0
316.8289881327916	0.0
316.8389887321456	0.0
316.8489893314995	0.0
316.8589899308535	0.0
316.86899053020744	0.0
316.8789911295614	0.0
316.88899172891536	0.0
316.89899232826934	0.0
316.9089929276233	0.0
316.91899352697726	0.0
316.9289941263312	0.0
316.9389947256852	0.0
316.9489953250391	0.0
316.9589959243931	0.0
316.968996523747	0.0
316.978997123101	0.0
316.988997722455	0.0
316.9989983218089	0.0
317.0089989211629	0.0
317.01899952051684	0.0
317.02900011987083	0.0
317.03900071922476	0.0
317.04900131857875	0.0
317.0590019179327	0.0
317.06900251728666	0.0
317.0790031166406	0.0
317.0890037159946	0.0
317.0990043153485	0.0
317.1090049147025	0.0
317.1190055140564	0.0
317.1290061134104	0.0
317.13900671276434	0.0
317.14900731211833	0.0
317.15900791147226	0.0
317.16900851082625	0.0
317.1790091101802	0.0
317.18900970953416	0.0
317.19901030888815	0.0
317.2090109082421	0.0
317.21901150759606	0.0
317.22901210695	0.0
317.239012706304	0.0
317.2490133056579	0.0
317.2590139050119	0.0
317.2690145043658	0.0
317.2790151037198	0.0
317.28901570307374	0.0
317.29901630242773	0.0
317.30901690178166	0.0
317.31901750113565	0.0
317.3290181004896	0.0
317.33901869984356	0.0
317.3490192991975	0.0
317.3590198985515	0.0
317.3690204979054	0.0
317.3790210972594	0.0
317.3890216966133	0.0
317.3990222959673	0.0
317.40902289532124	0.0
317.41902349467523	0.0
317.4290240940292	0.0
317.43902469338315	0.0
317.44902529273713	0.0
317.45902589209106	0.0
317.46902649144505	0.0
317.479027090799	0.0
317.48902769015297	0.0
317.4990282895069	0.0
317.5090288888609	0.0
317.5190294882148	0.0
317.5290300875688	0.0
317.53903068692273	0.0
317.5490312862767	0.0
317.55903188563065	0.0
317.56903248498463	0.0
317.57903308433856	0.0
317.58903368369255	0.0
317.5990342830465	0.0
317.60903488240046	0.0
317.6190354817544	0.0
317.6290360811084	0.0
317.6390366804623	0.0
317.6490372798163	0.0
317.6590378791703	0.0
317.6690384785242	0.0
317.6790390778782	0.0
317.68903967723213	0.0
317.6990402765861	0.0
317.70904087594005	0.0
317.71904147529403	0.0
317.72904207464796	0.0
317.73904267400195	0.0
317.7490432733559	0.0
317.75904387270987	0.0
317.7690444720638	0.0
317.7790450714178	0.0
317.7890456707717	0.0
317.7990462701257	0.0
317.80904686947963	0.0
317.8190474688336	0.0
317.82904806818755	0.0
317.83904866754153	0.0
317.84904926689546	0.0
317.85904986624945	0.0
317.86905046560344	0.0
317.87905106495737	0.0
317.88905166431135	0.0
317.8990522636653	0.0
317.90905286301927	0.0
317.9190534623732	0.0
317.9290540617272	1075.0
317.9390546610811	0.0
317.9490552604351	0.0
317.95905585978903	0.0
317.969056459143	0.0
317.97905705849695	0.0
317.98905765785094	0.0
317.99905825720487	0.0
318.00905885655885	0.0
318.0190594559128	0.0
318.02906005526677	0.0
318.0390606546207	0.0
318.0490612539747	0.0
318.0590618533286	0.0
318.0690624526826	0.0
318.07906305203653	0.0
318.0890636513905	0.0
318.0990642507445	0.0
318.10906485009843	0.0
318.1190654494524	0.0
318.12906604880635	0.0
318.13906664816034	0.0
318.14906724751427	0.0
318.15906784686825	0.0
318.1690684462222	0.0
318.17906904557617	0.0
318.1890696449301	0.0
318.1990702442841	0.0
318.209070843638	0.0
318.219071442992	0.0
318.22907204234593	0.0
318.2390726416999	0.0
318.24907324105385	0.0
318.25907384040784	0.0
318.26907443976177	0.0
318.27907503911575	0.0
318.2890756384697	0.0
318.29907623782367	0.0
318.3090768371776	0.0
318.3190774365316	0.0
318.3290780358856	0.0
318.3390786352395	0.0
318.3490792345935	0.0
318.3590798339474	0.0
318.3690804333014	0.0
318.37908103265534	0.0
318.3890816320093	0.0
318.39908223136325	0.0
318.40908283071724	0.0
318.41908343007117	0.0
318.42908402942516	0.0
318.4390846287791	0.0
318.4490852281331	0.0
318.459085827487	0.0
318.469086426841	0.0
318.4790870261949	0.0
318.4890876255489	0.0
318.49908822490283	0.0
318.5090888242568	0.0
318.51908942361075	0.0
318.52909002296474	0.0
318.5390906223187	0.0
318.54909122167265	0.0
318.55909182102664	0.0
318.56909242038057	0.0
318.57909301973456	0.0
318.5890936190885	0.0
318.5990942184425	0.0
318.6090948177964	0.0
318.6190954171504	0.0
318.6290960165043	0.0
318.6390966158583	0.0
318.64909721521224	0.0
318.6590978145662	0.0
318.66909841392015	0.0
318.67909901327414	0.0
318.68909961262807	0.0
318.69910021198206	0.0
318.709100811336	0.0
318.71910141069	0.0
318.7291020100439	0.0
318.7391026093979	0.0
318.7491032087518	0.0
318.7591038081058	0.0
318.7691044074598	0.0
318.7791050068137	0.0
318.7891056061677	0.0
318.79910620552164	0.0
318.8091068048756	0.0
318.81910740422956	0.0
318.82910800358354	0.0
318.8391086029375	0.0
318.84910920229146	0.0
318.8591098016454	0.0
318.8691104009994	0.0
318.8791110003533	0.0
318.8891115997073	0.0
318.8991121990612	0.0
318.9091127984152	0.0
318.91911339776914	0.0
318.9291139971231	0.0
318.93911459647705	0.0
318.94911519583104	0.0
318.95911579518497	0.0
318.96911639453896	0.0
318.9791169938929	0.0
318.9891175932469	0.0
318.99911819260086	0.0
319.0091187919548	0.0
319.0191193913088	0.0
319.0291199906627	0.0
319.0391205900167	0.0
319.0491211893706	0.0
319.0591217887246	0.0
319.06912238807854	0.0
319.0791229874325	0.0
319.08912358678646	0.0
319.09912418614044	0.0
319.1091247854944	0.0
319.11912538484836	0.0
319.1291259842023	0.0
319.1391265835563	0.0
319.1491271829102	0.0
319.1591277822642	0.0
319.1691283816181	0.0
319.1791289809721	0.0
319.18912958032604	0.0
319.19913017968	0.0
319.209130779034	1075.0
319.21913137838794	0.0
319.22913197774193	0.0
319.23913257709586	0.0
319.24913317644985	0.0
319.2591337758038	0.0
319.26913437515776	0.0
319.2791349745117	0.0
319.2891355738657	0.0
319.2991361732196	0.0
319.3091367725736	0.0
319.3191373719275	0.0
319.3291379712815	0.0
319.33913857063544	0.0
319.3491391699894	0.0
319.35913976934336	0.0
319.36914036869734	0.0
319.3791409680513	0.0
319.38914156740526	0.0
319.3991421667592	0.0
319.4091427661132	0.0
319.4191433654671	0.0
319.4291439648211	0.0
319.4391445641751	0.0
319.449145163529	0.0
319.459145762883	0.0
319.4691463622369	0.0
319.4791469615909	0.0
319.48914756094484	0.0
319.49914816029883	0.0
319.50914875965276	0.0
319.51914935900675	0.0
319.5291499583607	0.0
319.53915055771466	0.0
319.5491511570686	0.0
319.5591517564226	0.0
319.5691523557765	0.0
319.5791529551305	0.0
319.5891535544844	0.0
319.5991541538384	0.0
319.60915475319234	0.0
319.61915535254633	0.0
319.62915595190026	0.0
319.63915655125425	0.0
319.6491571506082	0.0
319.65915774996216	0.0
319.66915834931615	0.0
319.6791589486701	0.0
319.68915954802407	0.0
319.699160147378	0.0
319.709160746732	0.0
319.7191613460859	0.0
319.7291619454399	0.0
319.7391625447938	0.0
319.7491631441478	0.0
319.75916374350174	0.0
319.76916434285573	0.0
319.77916494220966	0.0
319.78916554156365	0.0
319.7991661409176	0.0
319.80916674027156	0.0
319.8191673396255	0.0
319.8291679389795	0.0
319.8391685383334	0.0
319.8491691376874	0.0
319.8591697370413	0.0
319.8691703363953	0.0
319.8791709357493	0.0
319.88917153510323	0.0
319.8991721344572	0.0
319.90917273381115	0.0
319.91917333316513	0.0
319.92917393251906	0.0
319.93917453187305	0.0
319.949175131227	0.0
319.95917573058097	0.0
319.9691763299349	0.0
319.9791769292889	0.0
319.9891775286428	0.0
319.9991781279968	0.0
320.00917872735073	0.0
320.0191793267047	0.0
320.02917992605865	0.0
320.03918052541263	0.0
320.04918112476656	0.0
320.05918172412055	0.0
320.0691823234745	0.0
320.07918292282847	0.0
320.0891835221824	0.0
320.0991841215364	0.0
320.10918472089037	0.0
320.1191853202443	0.0
320.1291859195983	0.0
320.1391865189522	0.0
320.1491871183062	0.0
320.15918771766013	0.0
320.1691883170141	0.0
320.17918891636805	0.0
320.18918951572203	0.0
320.19919011507596	0.0
320.20919071442995	0.0
320.2191913137839	0.0
320.22919191313787	0.0
320.2391925124918	0.0
320.2491931118458	0.0
320.2591937111997	0.0
320.2691943105537	0.0
320.27919490990763	0.0
320.2891955092616	0.0
320.29919610861555	0.0
320.30919670796953	0.0
320.31919730732346	0.0
320.32919790667745	0.0
320.33919850603144	0.0
320.34919910538537	0.0
320.35919970473935	0.0
320.3692003040933	0.0
320.37920090344727	0.0
320.3892015028012	0.0
320.3992021021552	0.0
320.4092027015091	0.0
320.4192033008631	0.0
320.42920390021703	0.0
320.439204499571	0.0
320.44920509892495	0.0
320.45920569827894	0.0
320.46920629763287	0.0
320.47920689698685	0.0
320.4892074963408	1075.0
320.49920809569477	0.0
320.5092086950487	0.0
320.5192092944027	0.0
320.5292098937566	0.0
320.5392104931106	0.0
320.5492110924646	0.0
320.5592116918185	0.0
320.5692122911725	0.0
320.57921289052643	0.0
320.5892134898804	0.0
320.59921408923435	0.0
320.60921468858834	0.0
320.61921528794227	0.0
320.62921588729625	0.0
320.6392164866502	0.0
320.64921708600417	0.0
320.6592176853581	0.0
320.6692182847121	0.0
320.679218884066	0.0
320.68921948342	0.0
320.69922008277393	0.0
320.7092206821279	0.0
320.71922128148185	0.0
320.72922188083584	0.0
320.73922248018977	0.0
320.74922307954375	0.0
320.7592236788977	0.0
320.76922427825167	0.0
320.77922487760566	0.0
320.7892254769596	0.0
320.7992260763136	0.0
320.8092266756675	0.0
320.8192272750215	0.0
320.8292278743754	0.0
320.8392284737294	0.0
320.84922907308334	0.0
320.8592296724373	0.0
320.86923027179125	0.0
320.87923087114524	0.0
320.88923147049917	0.0
320.89923206985316	0.0
320.9092326692071	0.0
320.9192332685611	0.0
320.929233867915	0.0
320.939234467269	0.0
320.9492350666229	0.0
320.9592356659769	0.0
320.96923626533084	0.0
320.9792368646848	0.0
320.98923746403875	0.0
320.99923806339274	0.0
321.0092386627467	0.0
321.01923926210065	0.0
321.02923986145464	0.0
321.03924046080857	0.0
321.04924106016256	0.0
321.0592416595165	0.0
321.0692422588705	0.0
321.0792428582244	0.0
321.0892434575784	0.0
321.0992440569323	0.0
321.1092446562863	0.0
321.11924525564024	0.0
321.1292458549942	0.0
321.13924645434815	0.0
321.14924705370214	0.0
321.15924765305607	0.0
321.16924825241006	0.0
321.179248851764	0.0
321.189249451118	0.0
321.1992500504719	0.0
321.2092506498259	0.0
321.2192512491799	0.0
321.2292518485338	0.0
321.2392524478878	0.0
321.2492530472417	0.0
321.2592536465957	0.0
321.26925424594964	0.0
321.2792548453036	0.0
321.28925544465756	0.0
321.29925604401154	0.0
321.3092566433655	0.0
321.31925724271946	0.0
321.3292578420734	0.0
321.3392584414274	0.0
321.3492590407813	0.0
321.3592596401353	0.0
321.3692602394892	0.0
321.3792608388432	0.0
321.38926143819714	0.0
321.3992620375511	0.0
321.40926263690505	0.0
321.41926323625904	0.0
321.42926383561297	0.0
321.43926443496696	0.0
321.44926503432094	0.0
321.4592656336749	0.0
321.46926623302886	0.0
321.4792668323828	0.0
321.4892674317368	0.0
321.4992680310907	0.0
321.5092686304447	0.0
321.5192692297986	0.0
321.5292698291526	0.0
321.53927042850654	0.0
321.5492710278605	0.0
321.55927162721446	0.0
321.56927222656844	0.0
321.5792728259224	0.0
321.58927342527636	0.0
321.5992740246303	0.0
321.6092746239843	0.0
321.6192752233382	0.0
321.6292758226922	0.0
321.6392764220461	0.0
321.6492770214001	0.0
321.65927762075404	0.0
321.669278220108	0.0
321.679278819462	0.0
321.68927941881594	0.0
321.69928001816993	0.0
321.70928061752386	0.0
321.71928121687785	0.0
321.7292818162318	0.0
321.73928241558576	0.0
321.7492830149397	0.0
321.7592836142937	0.0
321.7692842136476	1075.0
321.7792848130016	0.0
321.7892854123555	0.0
321.7992860117095	0.0
321.80928661106344	0.0
321.81928721041743	0.0
321.82928780977136	0.0
321.83928840912534	0.0
321.8492890084793	0.0
321.85928960783326	0.0
321.8692902071872	0.0
321.8792908065412	0.0
321.88929140589516	0.0
321.8992920052491	0.0
321.9092926046031	0.0
321.919293203957	0.0
321.929293803311	0.0
321.9392944026649	0.0
321.9492950020189	0.0
321.95929560137284	0.0
321.96929620072683	0.0
321.97929680008076	0.0
321.98929739943475	0.0
321.9992979987887	0.0
322.00929859814266	0.0
322.0192991974966	0.0
322.0292997968506	0.0
322.0393003962045	0.0
322.0493009955585	0.0
322.0593015949124	0.0
322.0693021942664	0.0
322.07930279362034	0.0
322.08930339297433	0.0
322.09930399232826	0.0
322.10930459168225	0.0
322.11930519103623	0.0
322.12930579039016	0.0
322.13930638974415	0.0
322.1493069890981	0.0
322.15930758845207	0.0
322.169308187806	0.0
322.17930878716	0.0
322.1893093865139	0.0
322.1993099858679	0.0
322.20931058522183	0.0
322.2193111845758	0.0
322.22931178392975	0.0
322.23931238328373	0.0
322.24931298263766	0.0
322.25931358199165	0.0
322.2693141813456	0.0
322.27931478069956	0.0
322.2893153800535	0.0
322.2993159794075	0.0
322.3093165787614	0.0
322.3193171781154	0.0
322.3293177774693	0.0
322.3393183768233	0.0
322.3493189761773	0.0
322.35931957553123	0.0
322.3693201748852	0.0
322.37932077423915	0.0
322.38932137359313	0.0
322.39932197294706	0.0
322.40932257230105	0.0
322.419323171655	0.0
322.42932377100897	0.0
322.4393243703629	0.0
322.4493249697169	0.0
322.4593255690708	0.0
322.4693261684248	0.0
322.47932676777873	0.0
322.4893273671327	0.0
322.49932796648665	0.0
322.50932856584063	0.0
322.51932916519456	0.0
322.52932976454855	0.0
322.5393303639025	0.0
322.54933096325647	0.0
322.55933156261045	0.0
322.5693321619644	0.0
322.57933276131837	0.0
322.5893333606723	0.0
322.5993339600263	0.0
322.6093345593802	0.0
322.6193351587342	0.0
322.62933575808813	0.0
322.6393363574421	0.0
322.64933695679605	0.0
322.65933755615004	0.0
322.66933815550397	0.0
322.67933875485795	0.0
322.6893393542119	0.0
322.69933995356587	0.0
322.7093405529198	0.0
322.7193411522738	0.0
322.7293417516277	0.0
322.7393423509817	0.0
322.74934295033563	0.0
322.7593435496896	0.0
322.76934414904355	0.0
322.77934474839753	0.0
322.7893453477515	0.0
322.79934594710545	0.0
322.80934654645944	0.0
322.81934714581337	0.0
322.82934774516735	0.0
322.8393483445213	0.0
322.84934894387527	0.0
322.8593495432292	0.0
322.8693501425832	0.0
322.8793507419371	0.0
322.8893513412911	0.0
322.89935194064503	0.0
322.909352539999	0.0
322.91935313935295	0.0
322.92935373870694	0.0
322.93935433806087	0.0
322.94935493741485	0.0
322.9593555367688	0.0
322.96935613612277	0.0
322.9793567354767	0.0
322.9893573348307	0.0
322.9993579341846	0.0
323.0093585335386	0.0
323.0193591328926	0.0
323.0293597322465	0.0
323.0393603316005	0.0
323.04936093095444	1075.0
323.0593615303084	0.0
323.06936212966235	0.0
323.07936272901634	0.0
323.08936332837027	0.0
323.09936392772426	0.0
323.1093645270782	0.0
323.11936512643217	0.0
323.1293657257861	0.0
323.1393663251401	0.0
323.149366924494	0.0
323.159367523848	0.0
323.16936812320193	0.0
323.1793687225559	0.0
323.18936932190985	0.0
323.19936992126384	0.0
323.20937052061777	0.0
323.21937111997175	0.0
323.22937171932574	0.0
323.23937231867967	0.0
323.24937291803366	0.0
323.2593735173876	0.0
323.2693741167416	0.0
323.2793747160955	0.0
323.2893753154495	0.0
323.2993759148034	0.0
323.3093765141574	0.0
323.31937711351134	0.0
323.3293777128653	0.0
323.33937831221925	0.0
323.34937891157324	0.0
323.35937951092717	0.0
323.36938011028116	0.0
323.3793807096351	0.0
323.3893813089891	0.0
323.399381908343	0.0
323.409382507697	0.0
323.4193831070509	0.0
323.4293837064049	0.0
323.43938430575884	0.0
323.4493849051128	0.0
323.4593855044668	0.0
323.46938610382074	0.0
323.4793867031747	0.0
323.48938730252866	0.0
323.49938790188264	0.0
323.5093885012366	0.0
323.51938910059056	0.0
323.5293896999445	0.0
323.5393902992985	0.0
323.5493908986524	0.0
323.5593914980064	0.0
323.5693920973603	0.0
323.5793926967143	0.0
323.58939329606824	0.0
323.5993938954222	0.0
323.60939449477615	0.0
323.61939509413014	0.0
323.62939569348407	0.0
323.63939629283806	0.0
323.649396892192	0.0
323.659397491546	0.0
323.6693980908999	0.0
323.6793986902539	0.0
323.6893992896079	0.0
323.6993998889618	0.0
323.7094004883158	0.0
323.7194010876697	0.0
323.7294016870237	0.0
323.73940228637764	0.0
323.7494028857316	0.0
323.75940348508556	0.0
323.76940408443954	0.0
323.7794046837935	0.0
323.78940528314746	0.0
323.7994058825014	0.0
323.8094064818554	0.0
323.8194070812093	0.0
323.8294076805633	0.0
323.8394082799172	0.0
323.8494088792712	0.0
323.85940947862514	0.0
323.8694100779791	0.0
323.87941067733306	0.0
323.88941127668704	0.0
323.899411876041	0.0
323.90941247539496	0.0
323.91941307474895	0.0
323.9294136741029	0.0
323.93941427345686	0.0
323.9494148728108	0.0
323.9594154721648	0.0
323.9694160715187	0.0
323.9794166708727	0.0
323.9894172702266	0.0
323.9994178695806	0.0
324.00941846893454	0.0
324.0194190682885	0.0
324.02941966764246	0.0
324.03942026699644	0.0
324.0494208663504	0.0
324.05942146570436	0.0
324.0694220650583	0.0
324.0794226644123	0.0
324.0894232637662	0.0
324.0994238631202	0.0
324.1094244624741	0.0
324.1194250618281	0.0
324.1294256611821	0.0
324.139426260536	0.0
324.14942685989	0.0
324.15942745924394	0.0
324.16942805859793	0.0
324.17942865795186	0.0
324.18942925730585	0.0
324.1994298566598	0.0
324.20943045601376	0.0
324.2194310553677	0.0
324.2294316547217	0.0
324.2394322540756	0.0
324.2494328534296	0.0
324.2594334527835	0.0
324.2694340521375	0.0
324.27943465149144	0.0
324.28943525084543	0.0
324.29943585019936	0.0
324.30943644955335	0.0
324.3194370489073	0.0
324.32943764826126	1075.0
324.3394382476152	0.0
324.3494388469692	0.0
324.35943944632317	0.0
324.3694400456771	0.0
324.3794406450311	0.0
324.389441244385	0.0
324.399441843739	0.0
324.4094424430929	0.0
324.4194430424469	0.0
324.42944364180084	0.0
324.43944424115483	0.0
324.44944484050876	0.0
324.45944543986275	0.0
324.4694460392167	0.0
324.47944663857066	0.0
324.4894472379246	0.0
324.4994478372786	0.0
324.5094484366325	0.0
324.5194490359865	0.0
324.5294496353404	0.0
324.5394502346944	0.0
324.54945083404834	0.0
324.55945143340233	0.0
324.56945203275626	0.0
324.57945263211025	0.0
324.58945323146423	0.0
324.59945383081816	0.0
324.60945443017215	0.0
324.6194550295261	0.0
324.62945562888007	0.0
324.639456228234	0.0
324.649456827588	0.0
324.6594574269419	0.0
324.6694580262959	0.0
324.67945862564983	0.0
324.6894592250038	0.0
324.69945982435775	0.0
324.70946042371173	0.0
324.71946102306566	0.0
324.72946162241965	0.0
324.7394622217736	0.0
324.74946282112757	0.0
324.7594634204815	0.0
324.7694640198355	0.0
324.7794646191894	0.0
324.7894652185434	0.0
324.7994658178974	0.0
324.8094664172513	0.0
324.8194670166053	0.0
324.82946761595923	0.0
324.8394682153132	0.0
324.84946881466715	0.0
324.85946941402113	0.0
324.86947001337506	0.0
324.87947061272905	0.0
324.889471212083	0.0
324.89947181143697	0.0
324.9094724107909	0.0
324.9194730101449	0.0
324.9294736094988	0.0
324.9394742088528	0.0
324.94947480820673	0.0
324.9594754075607	0.0
324.96947600691465	0.0
324.97947660626863	0.0
324.98947720562256	0.0
324.99947780497655	0.0
325.0094784043305	0.0
325.01947900368447	0.0
325.02947960303845	0.0
325.0394802023924	0.0
325.04948080174637	0.0
325.0594814011003	0.0
325.0694820004543	0.0
325.0794825998082	0.0
325.0894831991622	0.0
325.09948379851613	0.0
325.1094843978701	0.0
325.11948499722405	0.0
325.12948559657804	0.0
325.13948619593197	0.0
325.14948679528595	0.0
325.1594873946399	0.0
325.16948799399387	0.0
325.1794885933478	0.0
325.1894891927018	0.0
325.1994897920557	0.0
325.2094903914097	0.0
325.21949099076363	0.0
325.2294915901176	0.0
325.23949218947155	0.0
325.24949278882553	0.0
325.2594933881795	0.0
325.26949398753345	0.0
325.27949458688744	0.0
325.28949518624137	0.0
325.29949578559535	0.0
325.3094963849493	0.0
325.31949698430327	0.0
325.3294975836572	0.0
325.3394981830112	0.0
325.3494987823651	0.0
325.3594993817191	0.0
325.36949998107303	0.0
325.379500580427	0.0
325.38950117978095	0.0
325.39950177913494	0.0
325.40950237848887	0.0
325.41950297784285	0.0
325.4295035771968	0.0
325.43950417655077	0.0
325.4495047759047	0.0
325.4595053752587	0.0
325.4695059746127	0.0
325.4795065739666	0.0
325.4895071733206	0.0
325.4995077726745	0.0
325.5095083720285	0.0
325.51950897138244	0.0
325.5295095707364	0.0
325.53951017009035	0.0
325.54951076944434	0.0
325.55951136879827	0.0
325.56951196815226	0.0
325.5795125675062	0.0
325.5895131668602	0.0
325.5995137662141	0.0
325.6095143655681	1075.0
325.619514964922	0.0
325.629515564276	0.0
325.63951616362993	0.0
325.6495167629839	0.0
325.65951736233785	0.0
325.66951796169184	0.0
325.67951856104577	0.0
325.68951916039975	0.0
325.69951975975374	0.0
325.70952035910767	0.0
325.71952095846166	0.0
325.7295215578156	0.0
325.7395221571696	0.0
325.7495227565235	0.0
325.7595233558775	0.0
325.7695239552314	0.0
325.7795245545854	0.0
325.78952515393934	0.0
325.7995257532933	0.0
325.80952635264725	0.0
325.81952695200124	0.0
325.82952755135517	0.0
325.83952815070916	0.0
325.8495287500631	0.0
325.8595293494171	0.0
325.869529948771	0.0
325.879530548125	0.0
325.8895311474789	0.0
325.8995317468329	0.0
325.90953234618684	0.0
325.9195329455408	0.0
325.9295335448948	0.0
325.93953414424874	0.0
325.9495347436027	0.0
325.95953534295666	0.0
325.96953594231064	0.0
325.9795365416646	0.0
325.98953714101856	0.0
325.9995377403725	0.0
326.0095383397265	0.0
326.0195389390804	0.0
326.0295395384344	0.0
326.0395401377883	0.0
326.0495407371423	0.0
326.05954133649624	0.0
326.0695419358502	0.0
326.07954253520415	0.0
326.08954313455814	0.0
326.09954373391207	0.0
326.10954433326606	0.0
326.11954493262	0.0
326.129545531974	0.0
326.13954613132796	0.0
326.1495467306819	0.0
326.1595473300359	0.0
326.1695479293898	0.0
326.1795485287438	0.0
326.1895491280977	0.0
326.1995497274517	0.0
326.20955032680564	0.0
326.2195509261596	0.0
326.22955152551356	0.0
326.23955212486754	0.0
326.2495527242215	0.0
326.25955332357546	0.0
326.2695539229294	0.0
326.2795545222834	0.0
326.2895551216373	0.0
326.2995557209913	0.0
326.3095563203452	0.0
326.3195569196992	0.0
326.32955751905314	0.0
326.3395581184071	0.0
326.34955871776106	0.0
326.35955931711504	0.0
326.36955991646903	0.0
326.37956051582296	0.0
326.38956111517695	0.0
326.3995617145309	0.0
326.40956231388486	0.0
326.4195629132388	0.0
326.4295635125928	0.0
326.4395641119467	0.0
326.4495647113007	0.0
326.4595653106546	0.0
326.4695659100086	0.0
326.47956650936254	0.0
326.4895671087165	0.0
326.49956770807046	0.0
326.50956830742444	0.0
326.5195689067784	0.0
326.52956950613236	0.0
326.5395701054863	0.0
326.5495707048403	0.0
326.5595713041942	0.0
326.5695719035482	0.0
326.5795725029021	0.0
326.5895731022561	0.0
326.5995737016101	0.0
326.609574300964	0.0
326.619574900318	0.0
326.62957549967194	0.0
326.63957609902593	0.0
326.64957669837986	0.0
326.65957729773385	0.0
326.6695778970878	0.0
326.67957849644176	0.0
326.6895790957957	0.0
326.6995796951497	0.0
326.7095802945036	0.0
326.7195808938576	0.0
326.7295814932115	0.0
326.7395820925655	0.0
326.74958269191944	0.0
326.75958329127343	0.0
326.76958389062736	0.0
326.77958448998135	0.0
326.7895850893353	0.0
326.79958568868926	0.0
326.80958628804325	0.0
326.8195868873972	0.0
326.82958748675117	0.0
326.8395880861051	0.0
326.8495886854591	0.0
326.859589284813	0.0
326.869589884167	0.0
326.87959048352093	0.0
326.8895910828749	1075.0
326.89959168222885	0.0
326.90959228158283	0.0
326.91959288093676	0.0
326.92959348029075	0.0
326.9395940796447	0.0
326.94959467899866	0.0
326.9595952783526	0.0
326.9695958777066	0.0
326.9795964770605	0.0
326.9895970764145	0.0
326.9995976757684	0.0
327.0095982751224	0.0
327.01959887447634	0.0
327.02959947383033	0.0
327.0396000731843	0.0
327.04960067253825	0.0
327.05960127189223	0.0
327.06960187124616	0.0
327.07960247060015	0.0
327.0896030699541	0.0
327.09960366930807	0.0
327.109604268662	0.0
327.119604868016	0.0
327.1296054673699	0.0
327.1396060667239	0.0
327.14960666607783	0.0
327.1596072654318	0.0
327.16960786478575	0.0
327.17960846413973	0.0
327.18960906349366	0.0
327.19960966284765	0.0
327.2096102622016	0.0
327.21961086155557	0.0
327.2296114609095	0.0
327.2396120602635	0.0
327.2496126596174	0.0
327.2596132589714	0.0
327.2696138583254	0.0
327.2796144576793	0.0
327.2896150570333	0.0
327.29961565638723	0.0
327.3096162557412	0.0
327.31961685509515	0.0
327.32961745444914	0.0
327.33961805380306	0.0
327.34961865315705	0.0
327.359619252511	0.0
327.36961985186497	0.0
327.3796204512189	0.0
327.3896210505729	0.0
327.3996216499268	0.0
327.4096222492808	0.0
327.41962284863473	0.0
327.4296234479887	0.0
327.43962404734265	0.0
327.44962464669663	0.0
327.45962524605056	0.0
327.46962584540455	0.0
327.47962644475854	0.0
327.48962704411247	0.0
327.49962764346645	0.0
327.5096282428204	0.0
327.51962884217437	0.0
327.5296294415283	0.0
327.5396300408823	0.0
327.5496306402362	0.0
327.5596312395902	0.0
327.56963183894413	0.0
327.5796324382981	0.0
327.58963303765205	0.0
327.59963363700604	0.0
327.60963423635997	0.0
327.61963483571395	0.0
327.6296354350679	0.0
327.63963603442187	0.0
327.6496366337758	0.0
327.6596372331298	0.0
327.6696378324837	0.0
327.6796384318377	0.0
327.68963903119163	0.0
327.6996396305456	0.0
327.7096402298996	0.0
327.71964082925354	0.0
327.7296414286075	0.0
327.73964202796145	0.0
327.74964262731544	0.0
327.75964322666937	0.0
327.76964382602335	0.0
327.7796444253773	0.0
327.78964502473127	0.0
327.7996456240852	0.0
327.8096462234392	0.0
327.8196468227931	0.0
327.8296474221471	0.0
327.83964802150103	0.0
327.849648620855	0.0
327.85964922020895	0.0
327.86964981956294	0.0
327.87965041891687	0.0
327.88965101827085	0.0
327.8996516176248	0.0
327.90965221697877	0.0
327.9196528163327	0.0
327.9296534156867	0.0
327.9396540150407	0.0
327.9496546143946	0.0
327.9596552137486	0.0
327.9696558131025	0.0
327.9796564124565	0.0
327.98965701181044	0.0
327.9996576111644	0.0
328.00965821051835	0.0
328.01965880987234	0.0
328.02965940922627	0.0
328.03966000858026	0.0
328.0496606079342	0.0
328.0596612072882	0.0
328.0696618066421	0.0
328.0796624059961	0.0
328.08966300535	0.0
328.099663604704	0.0
328.10966420405794	0.0
328.1196648034119	0.0
328.12966540276585	0.0
328.13966600211984	0.0
328.1496666014738	0.0
328.15966720082776	0.0
328.16966780018174	1075.0
328.1796683995357	0.0
328.18966899888966	0.0
328.1996695982436	0.0
328.2096701975976	0.0
328.2196707969515	0.0
328.2296713963055	0.0
328.2396719956594	0.0
328.2496725950134	0.0
328.25967319436734	0.0
328.2696737937213	0.0
328.27967439307525	0.0
328.28967499242924	0.0
328.29967559178317	0.0
328.30967619113716	0.0
328.3196767904911	0.0
328.3296773898451	0.0
328.339677989199	0.0
328.349678588553	0.0
328.3596791879069	0.0
328.3696797872609	0.0
328.3796803866149	0.0
328.3896809859688	0.0
328.3996815853228	0.0
328.40968218467674	0.0
328.4196827840307	0.0
328.42968338338466	0.0
328.43968398273864	0.0
328.4496845820926	0.0
328.45968518144656	0.0
328.4696857808005	0.0
328.4796863801545	0.0
328.4896869795084	0.0
328.4996875788624	0.0
328.5096881782163	0.0
328.5196887775703	0.0
328.52968937692424	0.0
328.5396899762782	0.0
328.54969057563216	0.0
328.55969117498614	0.0
328.5696917743401	0.0
328.57969237369406	0.0
328.589692973048	0.0
328.599693572402	0.0
328.60969417175596	0.0
328.6196947711099	0.0
328.6296953704639	0.0
328.6396959698178	0.0
328.6496965691718	0.0
328.6596971685257	0.0
328.6696977678797	0.0
328.67969836723364	0.0
328.6896989665876	0.0
328.69969956594156	0.0
328.70970016529554	0.0
328.7197007646495	0.0
328.72970136400346	0.0
328.7397019633574	0.0
328.7497025627114	0.0
328.7597031620653	0.0
328.7697037614193	0.0
328.7797043607732	0.0
328.7897049601272	0.0
328.79970555948114	0.0
328.8097061588351	0.0
328.8197067581891	0.0
328.82970735754304	0.0
328.83970795689703	0.0
328.84970855625096	0.0
328.85970915560495	0.0
328.8697097549589	0.0
328.87971035431286	0.0
328.8897109536668	0.0
328.8997115530208	0.0
328.9097121523747	0.0
328.9197127517287	0.0
328.9297133510826	0.0
328.9397139504366	0.0
328.94971454979054	0.0
328.95971514914453	0.0
328.96971574849846	0.0
328.97971634785245	0.0
328.9897169472064	0.0
328.99971754656036	0.0
329.0097181459143	0.0
329.0197187452683	0.0
329.0297193446222	0.0
329.0397199439762	0.0
329.0497205433302	0.0
329.0597211426841	0.0
329.0697217420381	0.0
329.079722341392	0.0
329.089722940746	0.0
329.09972354009994	0.0
329.10972413945393	0.0
329.11972473880786	0.0
329.12972533816185	0.0
329.1397259375158	0.0
329.14972653686976	0.0
329.1597271362237	0.0
329.1697277355777	0.0
329.1797283349316	0.0
329.1897289342856	0.0
329.1997295336395	0.0
329.2097301329935	0.0
329.21973073234744	0.0
329.22973133170143	0.0
329.23973193105536	0.0
329.24973253040935	0.0
329.2597331297633	0.0
329.26973372911726	0.0
329.27973432847125	0.0
329.2897349278252	0.0
329.29973552717917	0.0
329.3097361265331	0.0
329.3197367258871	0.0
329.329737325241	0.0
329.339737924595	0.0
329.34973852394893	0.0
329.3597391233029	0.0
329.36973972265685	0.0
329.37974032201083	0.0
329.38974092136476	0.0
329.39974152071875	0.0
329.4097421200727	0.0
329.41974271942667	0.0
329.4297433187806	0.0
329.4397439181346	0.0
329.4497445174885	1075.0
329.4597451168425	0.0
329.4697457161964	0.0
329.4797463155504	0.0
329.4897469149044	0.0
329.49974751425833	0.0
329.5097481136123	0.0
329.51974871296625	0.0
329.52974931232023	0.0
329.53974991167416	0.0
329.54975051102815	0.0
329.5597511103821	0.0
329.56975170973607	0.0
329.57975230909	0.0
329.589752908444	0.0
329.5997535077979	0.0
329.6097541071519	0.0
329.61975470650583	0.0
329.6297553058598	0.0
329.63975590521375	0.0
329.64975650456773	0.0
329.65975710392166	0.0
329.66975770327565	0.0
329.6797583026296	0.0
329.68975890198357	0.0
329.6997595013375	0.0
329.7097601006915	0.0
329.71976070004547	0.0
329.7297612993994	0.0
329.7397618987534	0.0
329.7497624981073	0.0
329.7597630974613	0.0
329.76976369681523	0.0
329.7797642961692	0.0
329.78976489552315	0.0
329.79976549487714	0.0
329.80976609423107	0.0
329.81976669358505	0.0
329.829767292939	0.0
329.83976789229297	0.0
329.8497684916469	0.0
329.8597690910009	0.0
329.8697696903548	0.0
329.8797702897088	0.0
329.88977088906273	0.0
329.8997714884167	0.0
329.90977208777065	0.0
329.91977268712463	0.0
329.92977328647856	0.0
329.93977388583255	0.0
329.94977448518654	0.0
329.95977508454047	0.0
329.96977568389445	0.0
329.9797762832484	0.0
329.98977688260237	0.0
329.9997774819563	0.0
330.0097780813103	0.0
330.0197786806642	0.0
330.0297792800182	0.0
330.03977987937213	0.0
330.0497804787261	0.0
330.05978107808005	0.0
330.06978167743404	0.0
330.07978227678797	0.0
330.08978287614195	0.0
330.0997834754959	0.0
330.10978407484987	0.0
330.1197846742038	0.0
330.1297852735578	0.0
330.1397858729117	0.0
330.1497864722657	0.0
330.1597870716197	0.0
330.1697876709736	0.0
330.1797882703276	0.0
330.18978886968154	0.0
330.1997894690355	0.0
330.20979006838945	0.0
330.21979066774344	0.0
330.22979126709737	0.0
330.23979186645136	0.0
330.2497924658053	0.0
330.2597930651593	0.0
330.2697936645132	0.0
330.2797942638672	0.0
330.2897948632211	0.0
330.2997954625751	0.0
330.30979606192903	0.0
330.319796661283	0.0
330.32979726063695	0.0
330.33979785999094	0.0
330.34979845934487	0.0
330.35979905869885	0.0
330.3697996580528	0.0
330.37980025740677	0.0
330.38980085676076	0.0
330.3998014561147	0.0
330.4098020554687	0.0
330.4198026548226	0.0
330.4298032541766	0.0
330.4398038535305	0.0
330.4498044528845	0.0
330.45980505223844	0.0
330.4698056515924	0.0
330.47980625094635	0.0
330.48980685030034	0.0
330.49980744965427	0.0
330.50980804900826	0.0
330.5198086483622	0.0
330.5298092477162	0.0
330.5398098470701	0.0
330.5498104464241	0.0
330.559811045778	0.0
330.569811645132	0.0
330.57981224448594	0.0
330.5898128438399	0.0
330.59981344319385	0.0
330.60981404254784	0.0
330.6198146419018	0.0
330.62981524125576	0.0
330.63981584060974	0.0
330.6498164399637	0.0
330.65981703931766	0.0
330.6698176386716	0.0
330.6798182380256	0.0
330.6898188373795	0.0
330.6998194367335	0.0
330.7098200360874	0.0
330.7198206354414	0.0
330.72982123479534	1075.0
330.7398218341493	0.0
330.74982243350325	0.0
330.75982303285724	0.0
330.76982363221117	0.0
330.77982423156516	0.0
330.7898248309191	0.0
330.7998254302731	0.0
330.809826029627	0.0
330.819826628981	0.0
330.829827228335	0.0
330.8398278276889	0.0
330.8498284270429	0.0
330.8598290263968	0.0
330.8698296257508	0.0
330.87983022510474	0.0
330.8898308244587	0.0
330.89983142381266	0.0
330.90983202316664	0.0
330.9198326225206	0.0
330.92983322187456	0.0
330.9398338212285	0.0
330.9498344205825	0.0
330.9598350199364	0.0
330.9698356192904	0.0
330.9798362186443	0.0
330.9898368179983	0.0
330.99983741735224	0.0
331.0098380167062	0.0
331.01983861606016	0.0
331.02983921541414	0.0
331.0398398147681	0.0
331.04984041412206	0.0
331.05984101347605	0.0
331.06984161283	0.0
331.07984221218396	0.0
331.0898428115379	0.0
331.0998434108919	0.0
331.1098440102458	0.0
331.1198446095998	0.0
331.1298452089537	0.0
331.1398458083077	0.0
331.14984640766164	0.0
331.1598470070156	0.0
331.16984760636956	0.0
331.17984820572354	0.0
331.1898488050775	0.0
331.19984940443146	0.0
331.2098500037854	0.0
331.2198506031394	0.0
331.2298512024933	0.0
331.2398518018473	0.0
331.2498524012012	0.0
331.2598530005552	0.0
331.26985359990914	0.0
331.2798541992631	0.0
331.2898547986171	0.0
331.29985539797104	0.0
331.30985599732503	0.0
331.31985659667896	0.0
331.32985719603295	0.0
331.3398577953869	0.0
331.34985839474086	0.0
331.3598589940948	0.0
331.3698595934488	0.0
331.3798601928027	0.0
331.3898607921567	0.0
331.3998613915106	0.0
331.4098619908646	0.0
331.41986259021854	0.0
331.42986318957253	0.0
331.43986378892646	0.0
331.44986438828045	0.0
331.4598649876344	0.0
331.46986558698836	0.0
331.4798661863423	0.0
331.4898667856963	0.0
331.49986738505027	0.0
331.5098679844042	0.0
331.5198685837582	0.0
331.5298691831121	0.0
331.5398697824661	0.0
331.54987038182	0.0
331.559870981174	0.0
331.56987158052794	0.0
331.57987217988193	0.0
331.58987277923586	0.0
331.59987337858985	0.0
331.6098739779438	0.0
331.61987457729776	0.0
331.6298751766517	0.0
331.6398757760057	0.0
331.6498763753596	0.0
331.6598769747136	0.0
331.6698775740675	0.0
331.6798781734215	0.0
331.68987877277544	0.0
331.69987937212943	0.0
331.70987997148336	0.0
331.71988057083735	0.0
331.72988117019133	0.0
331.73988176954526	0.0
331.74988236889925	0.0
331.7598829682532	0.0
331.76988356760717	0.0
331.7798841669611	0.0
331.7898847663151	0.0
331.799885365669	0.0
331.809885965023	0.0
331.81988656437693	0.0
331.8298871637309	0.0
331.83988776308485	0.0
331.84988836243883	0.0
331.85988896179276	0.0
331.86988956114675	0.0
331.8798901605007	0.0
331.88989075985467	0.0
331.8998913592086	0.0
331.9098919585626	0.0
331.9198925579165	0.0
331.9298931572705	0.0
331.93989375662443	0.0
331.9498943559784	0.0
331.9598949553324	0.0
331.96989555468633	0.0
331.9798961540403	0.0
331.98989675339425	0.0
331.99989735274823	0.0
332.00989795210216	1075.0
332.01989855145615	0.0
332.0298991508101	0.0
332.03989975016407	0.0
332.049900349518	0.0
332.059900948872	0.0
332.0699015482259	0.0
332.0799021475799	0.0
332.08990274693383	0.0
332.0999033462878	0.0
332.10990394564175	0.0
332.11990454499573	0.0
332.12990514434966	0.0
332.13990574370365	0.0
332.1499063430576	0.0
332.15990694241157	0.0
332.1699075417655	0.0
332.1799081411195	0.0
332.18990874047347	0.0
332.1999093398274	0.0
332.2099099391814	0.0
332.2199105385353	0.0
332.2299111378893	0.0
332.23991173724323	0.0
332.2499123365972	0.0
332.25991293595115	0.0
332.26991353530514	0.0
332.27991413465907	0.0
332.28991473401305	0.0
332.299915333367	0.0
332.30991593272097	0.0
332.3199165320749	0.0
332.3299171314289	0.0
332.3399177307828	0.0
332.3499183301368	0.0
332.35991892949073	0.0
332.3699195288447	0.0
332.37992012819865	0.0
332.38992072755264	0.0
332.3999213269066	0.0
332.40992192626055	0.0
332.41992252561454	0.0
332.42992312496847	0.0
332.43992372432245	0.0
332.4499243236764	0.0
332.45992492303037	0.0
332.4699255223843	0.0
332.4799261217383	0.0
332.4899267210922	0.0
332.4999273204462	0.0
332.50992791980013	0.0
332.5199285191541	0.0
332.52992911850805	0.0
332.53992971786204	0.0
332.54993031721597	0.0
332.55993091656995	0.0
332.5699315159239	0.0
332.57993211527787	0.0
332.5899327146318	0.0
332.5999333139858	0.0
332.6099339133397	0.0
332.6199345126937	0.0
332.6299351120477	0.0
332.6399357114016	0.0
332.6499363107556	0.0
332.65993691010954	0.0
332.6699375094635	0.0
332.67993810881745	0.0
332.68993870817144	0.0
332.69993930752537	0.0
332.70993990687936	0.0
332.7199405062333	0.0
332.7299411055873	0.0
332.7399417049412	0.0
332.7499423042952	0.0
332.7599429036491	0.0
332.7699435030031	0.0
332.77994410235704	0.0
332.789944701711	0.0
332.79994530106495	0.0
332.80994590041894	0.0
332.81994649977287	0.0
332.82994709912685	0.0
332.8399476984808	0.0
332.84994829783477	0.0
332.85994889718876	0.0
332.8699494965427	0.0
332.8799500958967	0.0
332.8899506952506	0.0
332.8999512946046	0.0
332.9099518939585	0.0
332.9199524933125	0.0
332.92995309266644	0.0
332.9399536920204	0.0
332.94995429137435	0.0
332.95995489072834	0.0
332.96995549008227	0.0
332.97995608943626	0.0
332.9899566887902	0.0
332.9999572881442	0.0
333.0099578874981	0.0
333.0199584868521	0.0
333.029959086206	0.0
333.03995968556	0.0
333.04996028491394	0.0
333.0599608842679	0.0
333.0699614836219	0.0
333.07996208297584	0.0
333.0899626823298	0.0
333.09996328168376	0.0
333.10996388103774	0.0
333.1199644803917	0.0
333.12996507974566	0.0
333.1399656790996	0.0
333.1499662784536	0.0
333.1599668778075	0.0
333.1699674771615	0.0
333.1799680765154	0.0
333.1899686758694	0.0
333.19996927522334	0.0
333.2099698745773	0.0
333.21997047393126	0.0
333.22997107328524	0.0
333.2399716726392	0.0
333.24997227199316	0.0
333.2599728713471	0.0
333.2699734707011	0.0
333.279974070055	0.0
333.289974669409	1075.0
333.299975268763	0.0
333.3099758681169	0.0
333.3199764674709	0.0
333.3299770668248	0.0
333.3399776661788	0.0
333.34997826553274	0.0
333.3599788648867	0.0
333.36997946424066	0.0
333.37998006359464	0.0
333.3899806629486	0.0
333.39998126230256	0.0
333.4099818616565	0.0
333.4199824610105	0.0
333.4299830603644	0.0
333.4399836597184	0.0
333.4499842590723	0.0
333.4599848584263	0.0
333.46998545778024	0.0
333.4799860571342	0.0
333.48998665648816	0.0
333.49998725584214	0.0
333.5099878551961	0.0
333.51998845455006	0.0
333.52998905390405	0.0
333.539989653258	0.0
333.54999025261196	0.0
333.5599908519659	0.0
333.5699914513199	0.0
333.5799920506738	0.0
333.5899926500278	0.0
333.5999932493817	0.0
333.6099938487357	0.0
333.61999444808964	0.0
333.62999504744363	0.0
333.63999564679756	0.0
333.64999624615155	0.0
333.6599968455055	0.0
333.66999744485946	0.0
333.6799980442134	0.0
333.6899986435674	0.0
333.6999992429213	0.0
333.7099998422753	0.0
333.7200004416292	0.0
333.7300010409832	0.0
333.7400016403372	0.0
333.7500022396911	0.0
333.7600028390451	0.0
333.77000343839904	0.0
333.78000403775303	0.0
333.79000463710696	0.0
333.80000523646095	0.0
333.8100058358149	0.0
333.82000643516886	0.0
333.8300070345228	0.0
333.8400076338768	0.0
333.8500082332307	0.0
333.8600088325847	0.0
333.8700094319386	0.0
333.8800100312926	0.0
333.89001063064654	0.0
333.90001123000053	0.0
333.91001182935446	0.0
333.92001242870845	0.0
333.9300130280624	0.0
333.94001362741636	0.0
333.9500142267703	0.0
333.9600148261243	0.0
333.97001542547827	0.0
333.9800160248322	0.0
333.9900166241862	0.0
334.0000172235401	0.0
334.0100178228941	0.0
334.02001842224803	0.0
334.030019021602	0.0
334.04001962095595	0.0
334.05002022030993	0.0
334.06002081966386	0.0
334.07002141901785	0.0
334.0800220183718	0.0
334.09002261772577	0.0
334.1000232170797	0.0
334.1100238164337	0.0
334.1200244157876	0.0
334.1300250151416	0.0
334.1400256144955	0.0
334.1500262138495	0.0
334.16002681320344	0.0
334.17002741255743	0.0
334.18002801191136	0.0
334.19002861126535	0.0
334.20002921061933	0.0
334.21002980997326	0.0
334.22003040932725	0.0
334.2300310086812	0.0
334.24003160803517	0.0
334.2500322073891	0.0
334.2600328067431	0.0
334.270033406097	0.0
334.280034005451	0.0
334.29003460480493	0.0
334.3000352041589	0.0
334.31003580351285	0.0
334.32003640286683	0.0
334.33003700222076	0.0
334.34003760157475	0.0
334.3500382009287	0.0
334.36003880028267	0.0
334.3700393996366	0.0
334.3800399989906	0.0
334.3900405983445	0.0
334.4000411976985	0.0
334.4100417970525	0.0
334.4200423964064	0.0
334.4300429957604	0.0
334.44004359511433	0.0
334.4500441944683	0.0
334.46004479382225	0.0
334.47004539317624	0.0
334.48004599253017	0.0
334.49004659188415	0.0
334.5000471912381	0.0
334.51004779059207	0.0
334.520048389946	0.0
334.5300489893	0.0
334.5400495886539	0.0
334.5500501880079	0.0
334.56005078736183	0.0
334.5700513867158	1075.0
334.58005198606975	0.0
334.59005258542373	0.0
334.60005318477766	0.0
334.61005378413165	0.0
334.6200543834856	0.0
334.63005498283957	0.0
334.64005558219355	0.0
334.6500561815475	0.0
334.66005678090147	0.0
334.6700573802554	0.0
334.6800579796094	0.0
334.6900585789633	0.0
334.7000591783173	0.0
334.71005977767123	0.0
334.7200603770252	0.0
334.73006097637915	0.0
334.74006157573314	0.0
334.75006217508707	0.0
334.76006277444105	0.0
334.770063373795	0.0
334.78006397314897	0.0
334.7900645725029	0.0
334.8000651718569	0.0
334.8100657712108	0.0
334.8200663705648	0.0
334.83006696991873	0.0
334.8400675692727	0.0
334.85006816862665	0.0
334.86006876798064	0.0
334.8700693673346	0.0
334.88006996668855	0.0
334.89007056604254	0.0
334.90007116539647	0.0
334.91007176475046	0.0
334.9200723641044	0.0
334.9300729634584	0.0
334.9400735628123	0.0
334.9500741621663	0.0
334.9600747615202	0.0
334.9700753608742	0.0
334.98007596022813	0.0
334.9900765595821	0.0
335.00007715893605	0.0
335.01007775829004	0.0
335.02007835764397	0.0
335.03007895699795	0.0
335.0400795563519	0.0
335.05008015570587	0.0
335.0600807550598	0.0
335.0700813544138	0.0
335.0800819537678	0.0
335.0900825531217	0.0
335.1000831524757	0.0
335.1100837518296	0.0
335.1200843511836	0.0
335.13008495053754	0.0
335.1400855498915	0.0
335.15008614924545	0.0
335.16008674859944	0.0
335.17008734795337	0.0
335.18008794730736	0.0
335.1900885466613	0.0
335.2000891460153	0.0
335.2100897453692	0.0
335.2200903447232	0.0
335.2300909440771	0.0
335.2400915434311	0.0
335.25009214278504	0.0
335.260092742139	0.0
335.27009334149295	0.0
335.28009394084694	0.0
335.29009454020087	0.0
335.30009513955486	0.0
335.31009573890884	0.0
335.3200963382628	0.0
335.33009693761676	0.0
335.3400975369707	0.0
335.3500981363247	0.0
335.3600987356786	0.0
335.3700993350326	0.0
335.3800999343865	0.0
335.3901005337405	0.0
335.40010113309444	0.0
335.4101017324484	0.0
335.42010233180235	0.0
335.43010293115634	0.0
335.44010353051027	0.0
335.45010412986426	0.0
335.4601047292182	0.0
335.4701053285722	0.0
335.4801059279261	0.0
335.4901065272801	0.0
335.500107126634	0.0
335.510107725988	0.0
335.52010832534194	0.0
335.5301089246959	0.0
335.5401095240499	0.0
335.55011012340384	0.0
335.5601107227578	0.0
335.57011132211176	0.0
335.58011192146574	0.0
335.5901125208197	0.0
335.60011312017366	0.0
335.6101137195276	0.0
335.6201143188816	0.0
335.6301149182355	0.0
335.6401155175895	0.0
335.6501161169434	0.0
335.6601167162974	0.0
335.67011731565134	0.0
335.6801179150053	0.0
335.69011851435926	0.0
335.70011911371324	0.0
335.7101197130672	0.0
335.72012031242116	0.0
335.7301209117751	0.0
335.7401215111291	0.0
335.75012211048306	0.0
335.760122709837	0.0
335.770123309191	0.0
335.7801239085449	0.0
335.7901245078989	0.0
335.8001251072528	0.0
335.8101257066068	0.0
335.82012630596074	0.0
335.8301269053147	0.0
335.84012750466866	0.0
335.85012810402264	1075.0
335.8601287033766	0.0
335.87012930273056	0.0
335.8801299020845	0.0
335.8901305014385	0.0
335.9001311007924	0.0
335.9101317001464	0.0
335.9201322995003	0.0
335.9301328988543	0.0
335.94013349820824	0.0
335.9501340975622	0.0
335.96013469691616	0.0
335.97013529627014	0.0
335.98013589562413	0.0
335.99013649497806	0.0
336.00013709433205	0.0
336.010137693686	0.0
336.02013829303996	0.0
336.0301388923939	0.0
336.0401394917479	0.0
336.0501400911018	0.0
336.0601406904558	0.0
336.0701412898097	0.0
336.0801418891637	0.0
336.09014248851764	0.0
336.10014308787163	0.0
336.11014368722556	0.0
336.12014428657955	0.0
336.1301448859335	0.0
336.14014548528746	0.0
336.1501460846414	0.0
336.1601466839954	0.0
336.1701472833493	0.0
336.1801478827033	0.0
336.1901484820572	0.0
336.2001490814112	0.0
336.2101496807652	0.0
336.2201502801191	0.0
336.2301508794731	0.0
336.24015147882704	0.0
336.25015207818103	0.0
336.26015267753496	0.0
336.27015327688895	0.0
336.2801538762429	0.0
336.29015447559686	0.0
336.3001550749508	0.0
336.3101556743048	0.0
336.3201562736587	0.0
336.3301568730127	0.0
336.3401574723666	0.0
336.3501580717206	0.0
336.36015867107454	0.0
336.37015927042853	0.0
336.38015986978246	0.0
336.39016046913645	0.0
336.4001610684904	0.0
336.41016166784436	0.0
336.42016226719835	0.0
336.4301628665523	0.0
336.44016346590627	0.0
336.4501640652602	0.0
336.4601646646142	0.0
336.4701652639681	0.0
336.4801658633221	0.0
336.49016646267603	0.0
336.50016706203	0.0
336.51016766138395	0.0
336.52016826073793	0.0
336.53016886009186	0.0
336.54016945944585	0.0
336.5501700587998	0.0
336.56017065815377	0.0
336.5701712575077	0.0
336.5801718568617	0.0
336.5901724562156	0.0
336.6001730555696	0.0
336.6101736549235	0.0
336.6201742542775	0.0
336.63017485363144	0.0
336.64017545298543	0.0
336.6501760523394	0.0
336.66017665169335	0.0
336.67017725104733	0.0
336.68017785040126	0.0
336.69017844975525	0.0
336.7001790491092	0.0
336.71017964846317	0.0
336.7201802478171	0.0
336.7301808471711	0.0
336.740181446525	0.0
336.750182045879	0.0
336.76018264523293	0.0
336.7701832445869	0.0
336.78018384394085	0.0
336.79018444329483	0.0
336.80018504264876	0.0
336.81018564200275	0.0
336.8201862413567	0.0
336.83018684071067	0.0
336.8401874400646	0.0
336.8501880394186	0.0
336.8601886387725	0.0
336.8701892381265	0.0
336.8801898374805	0.0
336.8901904368344	0.0
336.9001910361884	0.0
336.91019163554233	0.0
336.9201922348963	0.0
336.93019283425025	0.0
336.94019343360424	0.0
336.95019403295817	0.0
336.96019463231215	0.0
336.9701952316661	0.0
336.98019583102007	0.0
336.990196430374	0.0
337.000197029728	0.0
337.0101976290819	0.0
337.0201982284359	0.0
337.03019882778983	0.0
337.0401994271438	0.0
337.05020002649775	0.0
337.06020062585173	0.0
337.07020122520566	0.0
337.08020182455965	0.0
337.09020242391364	0.0
337.10020302326757	0.0
337.11020362262155	0.0
337.1202042219755	0.0
337.13020482132947	1075.0
337.1402054206834	0.0
337.1502060200374	0.0
337.1602066193913	0.0
337.1702072187453	0.0
337.18020781809923	0.0
337.1902084174532	0.0
337.20020901680715	0.0
337.21020961616114	0.0
337.22021021551507	0.0
337.23021081486905	0.0
337.240211414223	0.0
337.25021201357697	0.0
337.2602126129309	0.0
337.2702132122849	0.0
337.2802138116388	0.0
337.2902144109928	0.0
337.30021501034673	0.0
337.3102156097007	0.0
337.3202162090547	0.0
337.33021680840864	0.0
337.3402174077626	0.0
337.35021800711655	0.0
337.36021860647054	0.0
337.37021920582447	0.0
337.38021980517846	0.0
337.3902204045324	0.0
337.4002210038864	0.0
337.4102216032403	0.0
337.4202222025943	0.0
337.4302228019482	0.0
337.4402234013022	0.0
337.45022400065614	0.0
337.4602246000101	0.0
337.47022519936405	0.0
337.48022579871804	0.0
337.49022639807197	0.0
337.50022699742595	0.0
337.5102275967799	0.0
337.52022819613387	0.0
337.5302287954878	0.0
337.5402293948418	0.0
337.5502299941958	0.0
337.5602305935497	0.0
337.5702311929037	0.0
337.5802317922576	0.0
337.5902323916116	0.0
337.60023299096554	0.0
337.6102335903195	0.0
337.62023418967345	0.0
337.63023478902744	0.0
337.64023538838137	0.0
337.65023598773536	0.0
337.6602365870893	0.0
337.6702371864433	0.0
337.6802377857972	0.0
337.6902383851512	0.0
337.7002389845051	0.0
337.7102395838591	0.0
337.72024018321304	0.0
337.730240782567	0.0
337.74024138192095	0.0
337.75024198127494	0.0
337.7602425806289	0.0
337.77024317998286	0.0
337.78024377933684	0.0
337.7902443786908	0.0
337.80024497804476	0.0
337.8102455773987	0.0
337.8202461767527	0.0
337.8302467761066	0.0
337.8402473754606	0.0
337.8502479748145	0.0
337.8602485741685	0.0
337.87024917352244	0.0
337.8802497728764	0.0
337.89025037223035	0.0
337.90025097158434	0.0
337.91025157093827	0.0
337.92025217029226	0.0
337.9302527696462	0.0
337.9402533690002	0.0
337.9502539683541	0.0
337.9602545677081	0.0
337.970255167062	0.0
337.980255766416	0.0
337.99025636577	0.0
338.0002569651239	0.0
338.0102575644779	0.0
338.02025816383184	0.0
338.0302587631858	0.0
338.04025936253976	0.0
338.05025996189374	0.0
338.0602605612477	0.0
338.07026116060166	0.0
338.0802617599556	0.0
338.0902623593096	0.0
338.1002629586635	0.0
338.1102635580175	0.0
338.1202641573714	0.0
338.1302647567254	0.0
338.14026535607934	0.0
338.1502659554333	0.0
338.16026655478726	0.0
338.17026715414124	0.0
338.1802677534952	0.0
338.19026835284916	0.0
338.2002689522031	0.0
338.2102695515571	0.0
338.22027015091106	0.0
338.230270750265	0.0
338.240271349619	0.0
338.2502719489729	0.0
338.2602725483269	0.0
338.2702731476808	0.0
338.2802737470348	0.0
338.29027434638874	0.0
338.30027494574273	0.0
338.31027554509666	0.0
338.32027614445065	0.0
338.3302767438046	0.0
338.34027734315856	0.0
338.3502779425125	0.0
338.3602785418665	0.0
338.3702791412204	0.0
338.3802797405744	0.0
338.3902803399283	0.0
338.4002809392823	0.0
338.41028153863624	1075.0
338.4202821379902	0.0
338.4302827373442	0.0
338.44028333669814	0.0
338.45028393605213	0.0
338.46028453540606	0.0
338.47028513476005	0.0
338.480285734114	0.0
338.49028633346796	0.0
338.5002869328219	0.0
338.5102875321759	0.0
338.5202881315298	0.0
338.5302887308838	0.0
338.5402893302377	0.0
338.5502899295917	0.0
338.56029052894564	0.0
338.57029112829963	0.0
338.58029172765356	0.0
338.59029232700755	0.0
338.6002929263615	0.0
338.61029352571546	0.0
338.6202941250694	0.0
338.6302947244234	0.0
338.6402953237773	0.0
338.6502959231313	0.0
338.6602965224853	0.0
338.6702971218392	0.0
338.6802977211932	0.0
338.69029832054713	0.0
338.7002989199011	0.0
338.71029951925505	0.0
338.72030011860903	0.0
338.73030071796296	0.0
338.74030131731695	0.0
338.7503019166709	0.0
338.76030251602486	0.0
338.7703031153788	0.0
338.7803037147328	0.0
338.7903043140867	0.0
338.8003049134407	0.0
338.8103055127946	0.0
338.8203061121486	0.0
338.83030671150254	0.0
338.84030731085653	0.0
338.85030791021046	0.0
338.86030850956445	0.0
338.8703091089184	0.0
338.88030970827236	0.0
338.89031030762635	0.0
338.9003109069803	0.0
338.91031150633427	0.0
338.9203121056882	0.0
338.9303127050422	0.0
338.9403133043961	0.0
338.9503139037501	0.0
338.96031450310403	0.0
338.970315102458	0.0
338.98031570181195	0.0
338.99031630116593	0.0
339.00031690051986	0.0
339.01031749987385	0.0
339.0203180992278	0.0
339.03031869858177	0.0
339.0403192979357	0.0
339.0503198972897	0.0
339.0603204966436	0.0
339.0703210959976	0.0
339.08032169535153	0.0
339.0903222947055	0.0
339.1003228940595	0.0
339.11032349341343	0.0
339.1203240927674	0.0
339.13032469212135	0.0
339.14032529147534	0.0
339.15032589082927	0.0
339.16032649018325	0.0
339.1703270895372	0.0
339.18032768889117	0.0
339.1903282882451	0.0
339.2003288875991	0.0
339.210329486953	0.0
339.220330086307	0.0
339.23033068566093	0.0
339.2403312850149	0.0
339.25033188436885	0.0
339.26033248372283	0.0
339.27033308307676	0.0
339.28033368243075	0.0
339.2903342817847	0.0
339.30033488113867	0.0
339.3103354804926	0.0
339.3203360798466	0.0
339.33033667920057	0.0
339.3403372785545	0.0
339.3503378779085	0.0
339.3603384772624	0.0
339.3703390766164	0.0
339.38033967597033	0.0
339.3903402753243	0.0
339.40034087467825	0.0
339.41034147403224	0.0
339.42034207338617	0.0
339.43034267274015	0.0
339.4403432720941	0.0
339.45034387144807	0.0
339.460344470802	0.0
339.470345070156	0.0
339.4803456695099	0.0
339.4903462688639	0.0
339.50034686821783	0.0
339.5103474675718	0.0
339.52034806692575	0.0
339.53034866627974	0.0
339.54034926563367	0.0
339.55034986498765	0.0
339.56035046434164	0.0
339.57035106369557	0.0
339.58035166304956	0.0
339.5903522624035	0.0
339.6003528617575	0.0
339.6103534611114	0.0
339.6203540604654	0.0
339.6303546598193	0.0
339.6403552591733	0.0
339.65035585852723	0.0
339.6603564578812	0.0
339.67035705723515	0.0
339.68035765658914	0.0
339.69035825594307	1075.0
339.70035885529705	0.0
339.710359454651	0.0
339.72036005400497	0.0
339.7303606533589	0.0
339.7403612527129	0.0
339.7503618520668	0.0
339.7603624514208	0.0
339.77036305077473	0.0
339.7803636501287	0.0
339.7903642494827	0.0
339.80036484883664	0.0
339.8103654481906	0.0
339.82036604754455	0.0
339.83036664689854	0.0
339.84036724625247	0.0
339.85036784560646	0.0
339.8603684449604	0.0
339.8703690443144	0.0
339.8803696436683	0.0
339.8903702430223	0.0
339.9003708423762	0.0
339.9103714417302	0.0
339.92037204108414	0.0
339.9303726404381	0.0
339.94037323979205	0.0
339.95037383914604	0.0
339.96037443849997	0.0
339.97037503785396	0.0
339.9803756372079	0.0
339.9903762365619	0.0
340.00037683591586	0.0
340.0103774352698	0.0
340.0203780346238	0.0
340.0303786339777	0.0
340.0403792333317	0.0
340.0503798326856	0.0
340.0603804320396	0.0
340.07038103139354	0.0
340.0803816307475	0.0
340.09038223010145	0.0
340.10038282945544	0.0
340.11038342880937	0.0
340.12038402816336	0.0
340.1303846275173	0.0
340.1403852268713	0.0
340.1503858262252	0.0
340.1603864255792	0.0
340.1703870249331	0.0
340.1803876242871	0.0
340.19038822364104	0.0
340.200388822995	0.0
340.21038942234895	0.0
340.22039002170294	0.0
340.2303906210569	0.0
340.24039122041086	0.0
340.25039181976484	0.0
340.2603924191188	0.0
340.27039301847276	0.0
340.2803936178267	0.0
340.2903942171807	0.0
340.3003948165346	0.0
340.3103954158886	0.0
340.3203960152425	0.0
340.3303966145965	0.0
340.34039721395044	0.0
340.3503978133044	0.0
340.36039841265836	0.0
340.37039901201234	0.0
340.3803996113663	0.0
340.39040021072026	0.0
340.4004008100742	0.0
340.4104014094282	0.0
340.4204020087821	0.0
340.4304026081361	0.0
340.44040320749	0.0
340.450403806844	0.0
340.460404406198	0.0
340.4704050055519	0.0
340.4804056049059	0.0
340.49040620425984	0.0
340.5004068036138	0.0
340.51040740296776	0.0
340.52040800232174	0.0
340.5304086016757	0.0
340.54040920102966	0.0
340.5504098003836	0.0
340.5604103997376	0.0
340.5704109990915	0.0
340.5804115984455	0.0
340.5904121977994	0.0
340.6004127971534	0.0
340.61041339650734	0.0
340.6204139958613	0.0
340.63041459521526	0.0
340.64041519456924	0.0
340.6504157939232	0.0
340.66041639327716	0.0
340.67041699263115	0.0
340.6804175919851	0.0
340.69041819133906	0.0
340.700418790693	0.0
340.710419390047	0.0
340.7204199894009	0.0
340.7304205887549	0.0
340.7404211881088	0.0
340.7504217874628	0.0
340.76042238681674	0.0
340.77042298617073	0.0
340.78042358552466	0.0
340.79042418487865	0.0
340.8004247842326	0.0
340.81042538358656	0.0
340.8204259829405	0.0
340.8304265822945	0.0
340.8404271816484	0.0
340.8504277810024	0.0
340.8604283803563	0.0
340.8704289797103	0.0
340.88042957906424	0.0
340.8904301784182	0.0
340.9004307777722	0.0
340.91043137712614	0.0
340.92043197648013	0.0
340.93043257583406	0.0
340.94043317518805	0.0
340.950433774542	0.0
340.96043437389596	0.0
340.9704349732499	1075.0
340.9804355726039	0.0
340.9904361719578	0.0
341.0004367713118	0.0
341.0104373706657	0.0
341.0204379700197	0.0
341.03043856937364	0.0
341.04043916872763	0.0
341.05043976808156	0.0
341.06044036743555	0.0
341.0704409667895	0.0
341.08044156614346	0.0
341.0904421654974	0.0
341.1004427648514	0.0
341.1104433642053	0.0
341.1204439635593	0.0
341.1304445629133	0.0
341.1404451622672	0.0
341.1504457616212	0.0
341.16044636097513	0.0
341.1704469603291	0.0
341.18044755968305	0.0
341.19044815903703	0.0
341.20044875839096	0.0
341.21044935774495	0.0
341.2204499570989	0.0
341.23045055645287	0.0
341.2404511558068	0.0
341.2504517551608	0.0
341.2604523545147	0.0
341.2704529538687	0.0
341.2804535532226	0.0
341.2904541525766	0.0
341.30045475193054	0.0
341.31045535128453	0.0
341.32045595063846	0.0
341.33045654999245	0.0
341.34045714934643	0.0
341.35045774870036	0.0
341.36045834805435	0.0
341.3704589474083	0.0
341.38045954676227	0.0
341.3904601461162	0.0
341.4004607454702	0.0
341.4104613448241	0.0
341.4204619441781	0.0
341.43046254353203	0.0
341.440463142886	0.0
341.45046374223995	0.0
341.46046434159393	0.0
341.47046494094786	0.0
341.48046554030185	0.0
341.4904661396558	0.0
341.50046673900977	0.0
341.5104673383637	0.0
341.5204679377177	0.0
341.5304685370716	0.0
341.5404691364256	0.0
341.55046973577953	0.0
341.5604703351335	0.0
341.5704709344875	0.0
341.58047153384143	0.0
341.5904721331954	0.0
341.60047273254935	0.0
341.61047333190334	0.0
341.62047393125727	0.0
341.63047453061125	0.0
341.6404751299652	0.0
341.65047572931917	0.0
341.6604763286731	0.0
341.6704769280271	0.0
341.680477527381	0.0
341.690478126735	0.0
341.70047872608893	0.0
341.7104793254429	0.0
341.72047992479685	0.0
341.73048052415083	0.0
341.74048112350476	0.0
341.75048172285875	0.0
341.7604823222127	0.0
341.77048292156667	0.0
341.7804835209206	0.0
341.7904841202746	0.0
341.80048471962857	0.0
341.8104853189825	0.0
341.8204859183365	0.0
341.8304865176904	0.0
341.8404871170444	0.0
341.85048771639833	0.0
341.8604883157523	0.0
341.87048891510625	0.0
341.88048951446024	0.0
341.89049011381417	0.0
341.90049071316815	0.0
341.9104913125221	0.0
341.92049191187607	0.0
341.93049251123	0.0
341.940493110584	0.0
341.9504937099379	0.0
341.9604943092919	0.0
341.97049490864583	0.0
341.9804955079998	0.0
341.99049610735375	0.0
342.00049670670774	0.0
342.0104973060617	0.0
342.02049790541565	0.0
342.03049850476964	0.0
342.04049910412357	0.0
342.05049970347756	0.0
342.0605003028315	0.0
342.0705009021855	0.0
342.0805015015394	0.0
342.0905021008934	0.0
342.1005027002473	0.0
342.1105032996013	0.0
342.12050389895523	0.0
342.1305044983092	0.0
342.14050509766315	0.0
342.15050569701714	0.0
342.16050629637107	0.0
342.17050689572505	0.0
342.180507495079	0.0
342.19050809443297	0.0
342.2005086937869	0.0
342.2105092931409	0.0
342.2205098924948	0.0
342.2305104918488	0.0
342.2405110912028	0.0
342.2505116905567	1075.0
342.2605122899107	0.0
342.27051288926464	0.0
342.2805134886186	0.0
342.29051408797255	0.0
342.30051468732654	0.0
342.31051528668047	0.0
342.32051588603446	0.0
342.3305164853884	0.0
342.3405170847424	0.0
342.3505176840963	0.0
342.3605182834503	0.0
342.3705188828042	0.0
342.3805194821582	0.0
342.39052008151214	0.0
342.4005206808661	0.0
342.41052128022005	0.0
342.42052187957404	0.0
342.43052247892797	0.0
342.44052307828196	0.0
342.4505236776359	0.0
342.4605242769899	0.0
342.47052487634386	0.0
342.4805254756978	0.0
342.4905260750518	0.0
342.5005266744057	0.0
342.5105272737597	0.0
342.5205278731136	0.0
342.5305284724676	0.0
342.54052907182154	0.0
342.5505296711755	0.0
342.56053027052945	0.0
342.57053086988344	0.0
342.58053146923737	0.0
342.59053206859136	0.0
342.6005326679453	0.0
342.6105332672993	0.0
342.6205338666532	0.0
342.6305344660072	0.0
342.6405350653611	0.0
342.6505356647151	0.0
342.66053626406904	0.0
342.670536863423	0.0
342.680537462777	0.0
342.69053806213094	0.0
342.7005386614849	0.0
342.71053926083886	0.0
342.72053986019284	0.0
342.7305404595468	0.0
342.74054105890076	0.0
342.7505416582547	0.0
342.7605422576087	0.0
342.7705428569626	0.0
342.7805434563166	0.0
342.7905440556705	0.0
342.8005446550245	0.0
342.81054525437844	0.0
342.8205458537324	0.0
342.83054645308636	0.0
342.84054705244034	0.0
342.8505476517943	0.0
342.86054825114826	0.0
342.8705488505022	0.0
342.8805494498562	0.0
342.8905500492101	0.0
342.9005506485641	0.0
342.9105512479181	0.0
342.920551847272	0.0
342.930552446626	0.0
342.9405530459799	0.0
342.9505536453339	0.0
342.96055424468784	0.0
342.9705548440418	0.0
342.98055544339576	0.0
342.99055604274974	0.0
343.0005566421037	0.0
343.01055724145766	0.0
343.0205578408116	0.0
343.0305584401656	0.0
343.0405590395195	0.0
343.0505596388735	0.0
343.0605602382274	0.0
343.0705608375814	0.0
343.08056143693534	0.0
343.0905620362893	0.0
343.10056263564326	0.0
343.11056323499724	0.0
343.1205638343512	0.0
343.13056443370516	0.0
343.14056503305915	0.0
343.1505656324131	0.0
343.16056623176706	0.0
343.170566831121	0.0
343.180567430475	0.0
343.1905680298289	0.0
343.2005686291829	0.0
343.2105692285368	0.0
343.2205698278908	0.0
343.23057042724474	0.0
343.24057102659873	0.0
343.25057162595266	0.0
343.26057222530665	0.0
343.2705728246606	0.0
343.28057342401456	0.0
343.2905740233685	0.0
343.3005746227225	0.0
343.3105752220764	0.0
343.3205758214304	0.0
343.3305764207843	0.0
343.3405770201383	0.0
343.3505776194923	0.0
343.36057821884623	0.0
343.3705788182002	0.0
343.38057941755415	0.0
343.39058001690813	0.0
343.40058061626206	0.0
343.41058121561605	0.0
343.42058181497	0.0
343.43058241432396	0.0
343.4405830136779	0.0
343.4505836130319	0.0
343.4605842123858	0.0
343.4705848117398	0.0
343.4805854110937	0.0
343.4905860104477	0.0
343.50058660980164	0.0
343.51058720915563	0.0
343.52058780850956	0.0
343.53058840786355	1075.0
343.5405890072175	0.0
343.55058960657146	0.0
343.5605902059254	0.0
343.5705908052794	0.0
343.58059140463337	0.0
343.5905920039873	0.0
343.6005926033413	0.0
343.6105932026952	0.0
343.6205938020492	0.0
343.63059440140313	0.0
343.6405950007571	0.0
343.65059560011105	0.0
343.66059619946503	0.0
343.67059679881896	0.0
343.68059739817295	0.0
343.6905979975269	0.0
343.70059859688087	0.0
343.7105991962348	0.0
343.7205997955888	0.0
343.7306003949427	0.0
343.7406009942967	0.0
343.75060159365063	0.0
343.7606021930046	0.0
343.77060279235855	0.0
343.78060339171253	0.0
343.79060399106646	0.0
343.80060459042045	0.0
343.81060518977444	0.0
343.82060578912836	0.0
343.83060638848235	0.0
343.8406069878363	0.0
343.85060758719027	0.0
343.8606081865442	0.0
343.8706087858982	0.0
343.8806093852521	0.0
343.8906099846061	0.0
343.90061058396003	0.0
343.910611183314	0.0
343.92061178266795	0.0
343.93061238202193	0.0
343.94061298137586	0.0
343.95061358072985	0.0
343.9606141800838	0.0
343.97061477943777	0.0
343.9806153787917	0.0
343.9906159781457	0.0
344.0006165774996	0.0
344.0106171768536	0.0
344.0206177762076	0.0
344.0306183755615	0.0
344.0406189749155	0.0
344.05061957426943	0.0
344.0606201736234	0.0
344.07062077297735	0.0
344.08062137233134	0.0
344.09062197168527	0.0
344.10062257103925	0.0
344.1106231703932	0.0
344.12062376974717	0.0
344.1306243691011	0.0
344.1406249684551	0.0
344.150625567809	0.0
344.160626167163	0.0
344.17062676651693	0.0
344.1806273658709	0.0
344.19062796522485	0.0
344.20062856457884	0.0
344.21062916393277	0.0
344.22062976328675	0.0
344.2306303626407	0.0
344.24063096199467	0.0
344.25063156134865	0.0
344.2606321607026	0.0
344.27063276005657	0.0
344.2806333594105	0.0
344.2906339587645	0.0
344.3006345581184	0.0
344.3106351574724	0.0
344.32063575682633	0.0
344.3306363561803	0.0
344.34063695553425	0.0
344.35063755488824	0.0
344.36063815424217	0.0
344.37063875359615	0.0
344.3806393529501	0.0
344.39063995230407	0.0
344.400640551658	0.0
344.410641151012	0.0
344.4206417503659	0.0
344.4306423497199	0.0
344.44064294907383	0.0
344.4506435484278	0.0
344.46064414778175	0.0
344.47064474713574	0.0
344.4806453464897	0.0
344.49064594584365	0.0
344.50064654519764	0.0
344.51064714455157	0.0
344.52064774390556	0.0
344.5306483432595	0.0
344.5406489426135	0.0
344.5506495419674	0.0
344.5606501413214	0.0
344.5706507406753	0.0
344.5806513400293	0.0
344.59065193938324	0.0
344.6006525387372	0.0
344.61065313809115	0.0
344.62065373744514	0.0
344.63065433679907	0.0
344.64065493615306	0.0
344.650655535507	0.0
344.660656134861	0.0
344.6706567342149	0.0
344.6806573335689	0.0
344.6906579329229	0.0
344.7006585322768	0.0
344.7106591316308	0.0
344.7206597309847	0.0
344.7306603303387	0.0
344.74066092969264	0.0
344.7506615290466	0.0
344.76066212840055	0.0
344.77066272775454	0.0
344.78066332710847	0.0
344.79066392646246	0.0
344.8006645258164	0.0
344.8106651251704	1075.0
344.8206657245243	0.0
344.8306663238783	0.0
344.8406669232322	0.0
344.8506675225862	0.0
344.86066812194014	0.0
344.8706687212941	0.0
344.88066932064805	0.0
344.89066992000204	0.0
344.90067051935597	0.0
344.91067111870996	0.0
344.92067171806394	0.0
344.9306723174179	0.0
344.94067291677186	0.0
344.9506735161258	0.0
344.9606741154798	0.0
344.9706747148337	0.0
344.9806753141877	0.0
344.9906759135416	0.0
345.0006765128956	0.0
345.01067711224954	0.0
345.0206777116035	0.0
345.03067831095746	0.0
345.04067891031144	0.0
345.0506795096654	0.0
345.06068010901936	0.0
345.0706807083733	0.0
345.0806813077273	0.0
345.0906819070812	0.0
345.1006825064352	0.0
345.1106831057891	0.0
345.1206837051431	0.0
345.13068430449704	0.0
345.140684903851	0.0
345.150685503205	0.0
345.16068610255894	0.0
345.1706867019129	0.0
345.18068730126686	0.0
345.19068790062084	0.0
345.2006884999748	0.0
345.21068909932876	0.0
345.2206896986827	0.0
345.2306902980367	0.0
345.2406908973906	0.0
345.2506914967446	0.0
345.2606920960985	0.0
345.2706926954525	0.0
345.28069329480644	0.0
345.2906938941604	0.0
345.30069449351436	0.0
345.31069509286834	0.0
345.3206956922223	0.0
345.33069629157626	0.0
345.3406968909302	0.0
345.3506974902842	0.0
345.36069808963816	0.0
345.3706986889921	0.0
345.3806992883461	0.0
345.3906998877	0.0
345.400700487054	0.0
345.4107010864079	0.0
345.4207016857619	0.0
345.43070228511584	0.0
345.44070288446983	0.0
345.45070348382376	0.0
345.46070408317775	0.0
345.4707046825317	0.0
345.48070528188566	0.0
345.4907058812396	0.0
345.5007064805936	0.0
345.5107070799475	0.0
345.5207076793015	0.0
345.5307082786554	0.0
345.5407088780094	0.0
345.55070947736334	0.0
345.5607100767173	0.0
345.57071067607126	0.0
345.58071127542524	0.0
345.59071187477923	0.0
345.60071247413316	0.0
345.61071307348715	0.0
345.6207136728411	0.0
345.63071427219506	0.0
345.640714871549	0.0
345.650715470903	0.0
345.6607160702569	0.0
345.6707166696109	0.0
345.6807172689648	0.0
345.6907178683188	0.0
345.70071846767274	0.0
345.71071906702673	0.0
345.72071966638066	0.0
345.73072026573465	0.0
345.7407208650886	0.0
345.75072146444256	0.0
345.7607220637965	0.0
345.7707226631505	0.0
345.7807232625044	0.0
345.7907238618584	0.0
345.8007244612123	0.0
345.8107250605663	0.0
345.8207256599203	0.0
345.83072625927423	0.0
345.8407268586282	0.0
345.85072745798215	0.0
345.86072805733613	0.0
345.87072865669006	0.0
345.88072925604405	0.0
345.890729855398	0.0
345.90073045475197	0.0
345.9107310541059	0.0
345.9207316534599	0.0
345.9307322528138	0.0
345.9407328521678	0.0
345.9507334515217	0.0
345.9607340508757	0.0
345.97073465022964	0.0
345.98073524958363	0.0
345.99073584893756	0.0
346.00073644829155	0.0
346.0107370476455	0.0
346.02073764699946	0.0
346.03073824635345	0.0
346.0407388457074	0.0
346.05073944506137	0.0
346.0607400444153	0.0
346.0707406437693	0.0
346.0807412431232	0.0
346.0907418424772	1075.0
346.10074244183113	0.0
346.1107430411851	0.0
346.12074364053905	0.0
346.13074423989303	0.0
346.14074483924696	0.0
346.15074543860095	0.0
346.1607460379549	0.0
346.17074663730887	0.0
346.1807472366628	0.0
346.1907478360168	0.0
346.2007484353707	0.0
346.2107490347247	0.0
346.22074963407863	0.0
346.2307502334326	0.0
346.24075083278655	0.0
346.25075143214053	0.0
346.2607520314945	0.0
346.27075263084845	0.0
346.28075323020244	0.0
346.29075382955637	0.0
346.30075442891035	0.0
346.3107550282643	0.0
346.32075562761827	0.0
346.3307562269722	0.0
346.3407568263262	0.0
346.3507574256801	0.0
346.3607580250341	0.0
346.37075862438803	0.0
346.380759223742	0.0
346.39075982309595	0.0
346.40076042244993	0.0
346.41076102180386	0.0
346.42076162115785	0.0
346.4307622205118	0.0
346.44076281986577	0.0
346.4507634192197	0.0
346.4607640185737	0.0
346.4707646179276	0.0
346.4807652172816	0.0
346.4907658166356	0.0
346.5007664159895	0.0
346.5107670153435	0.0
346.52076761469743	0.0
346.5307682140514	0.0
346.54076881340535	0.0
346.55076941275934	0.0
346.56077001211327	0.0
346.57077061146725	0.0
346.5807712108212	0.0
346.59077181017517	0.0
346.6007724095291	0.0
346.6107730088831	0.0
346.620773608237	0.0
346.630774207591	0.0
346.64077480694493	0.0
346.6507754062989	0.0
346.66077600565285	0.0
346.67077660500684	0.0
346.68077720436077	0.0
346.69077780371475	0.0
346.70077840306874	0.0
346.71077900242267	0.0
346.72077960177666	0.0
346.7307802011306	0.0
346.7407808004846	0.0
346.7507813998385	0.0
346.7607819991925	0.0
346.7707825985464	0.0
346.7807831979004	0.0
346.79078379725433	0.0
346.8007843966083	0.0
346.81078499596225	0.0
346.82078559531624	0.0
346.83078619467017	0.0
346.84078679402415	0.0
346.8507873933781	0.0
346.86078799273207	0.0
346.870788592086	0.0
346.88078919144	0.0
346.8907897907939	0.0
346.9007903901479	0.0
346.91079098950183	0.0
346.9207915888558	0.0
346.9307921882098	0.0
346.94079278756374	0.0
346.9507933869177	0.0
346.96079398627165	0.0
346.97079458562564	0.0
346.98079518497957	0.0
346.99079578433356	0.0
347.0007963836875	0.0
347.0107969830415	0.0
347.0207975823954	0.0
347.0307981817494	0.0
347.0407987811033	0.0
347.0507993804573	0.0
347.06079997981124	0.0
347.0708005791652	0.0
347.08080117851915	0.0
347.09080177787314	0.0
347.10080237722707	0.0
347.11080297658106	0.0
347.120803575935	0.0
347.130804175289	0.0
347.1408047746429	0.0
347.1508053739969	0.0
347.1608059733509	0.0
347.1708065727048	0.0
347.1808071720588	0.0
347.1908077714127	0.0
347.2008083707667	0.0
347.21080897012064	0.0
347.2208095694746	0.0
347.23081016882855	0.0
347.24081076818254	0.0
347.25081136753647	0.0
347.26081196689046	0.0
347.2708125662444	0.0
347.2808131655984	0.0
347.2908137649523	0.0
347.3008143643063	0.0
347.3108149636602	0.0
347.3208155630142	0.0
347.33081616236814	0.0
347.3408167617221	0.0
347.35081736107605	0.0
347.36081796043004	0.0
347.370818559784	1075.0
347.38081915913796	0.0
347.39081975849194	0.0
347.4008203578459	0.0
347.41082095719986	0.0
347.4208215565538	0.0
347.4308221559078	0.0
347.4408227552617	0.0
347.4508233546157	0.0
347.4608239539696	0.0
347.4708245533236	0.0
347.48082515267754	0.0
347.4908257520315	0.0
347.50082635138546	0.0
347.51082695073944	0.0
347.5208275500934	0.0
347.53082814944736	0.0
347.5408287488013	0.0
347.5508293481553	0.0
347.5608299475092	0.0
347.5708305468632	0.0
347.5808311462171	0.0
347.5908317455711	0.0
347.6008323449251	0.0
347.610832944279	0.0
347.620833543633	0.0
347.63083414298694	0.0
347.6408347423409	0.0
347.65083534169486	0.0
347.66083594104884	0.0
347.6708365404028	0.0
347.68083713975676	0.0
347.6908377391107	0.0
347.7008383384647	0.0
347.7108389378186	0.0
347.7208395371726	0.0
347.7308401365265	0.0
347.7408407358805	0.0
347.75084133523444	0.0
347.7608419345884	0.0
347.77084253394236	0.0
347.78084313329634	0.0
347.7908437326503	0.0
347.80084433200426	0.0
347.8108449313582	0.0
347.8208455307122	0.0
347.83084613006616	0.0
347.8408467294201	0.0
347.8508473287741	0.0
347.860847928128	0.0
347.870848527482	0.0
347.8808491268359	0.0
347.8908497261899	0.0
347.90085032554384	0.0
347.91085092489783	0.0
347.92085152425176	0.0
347.93085212360575	0.0
347.9408527229597	0.0
347.95085332231366	0.0
347.9608539216676	0.0
347.9708545210216	0.0
347.9808551203755	0.0
347.9908557197295	0.0
348.0008563190834	0.0
348.0108569184374	0.0
348.02085751779134	0.0
348.0308581171453	0.0
348.04085871649926	0.0
348.05085931585324	0.0
348.06085991520723	0.0
348.07086051456116	0.0
348.08086111391515	0.0
348.0908617132691	0.0
348.10086231262306	0.0
348.110862911977	0.0
348.120863511331	0.0
348.1308641106849	0.0
348.1408647100389	0.0
348.1508653093928	0.0
348.1608659087468	0.0
348.17086650810074	0.0
348.18086710745473	0.0
348.19086770680866	0.0
348.20086830616265	0.0
348.2108689055166	0.0
348.22086950487056	0.0
348.2308701042245	0.0
348.2408707035785	0.0
348.2508713029324	0.0
348.2608719022864	0.0
348.2708725016404	0.0
348.2808731009943	0.0
348.2908737003483	0.0
348.30087429970223	0.0
348.3108748990562	0.0
348.32087549841015	0.0
348.33087609776413	0.0
348.34087669711806	0.0
348.35087729647205	0.0
348.360877895826	0.0
348.37087849517997	0.0
348.3808790945339	0.0
348.3908796938879	0.0
348.4008802932418	0.0
348.4108808925958	0.0
348.42088149194973	0.0
348.4308820913037	0.0
348.44088269065765	0.0
348.45088329001163	0.0
348.46088388936556	0.0
348.47088448871955	0.0
348.4808850880735	0.0
348.49088568742746	0.0
348.50088628678145	0.0
348.5108868861354	0.0
348.52088748548937	0.0
348.5308880848433	0.0
348.5408886841973	0.0
348.5508892835512	0.0
348.5608898829052	0.0
348.57089048225913	0.0
348.5808910816131	0.0
348.59089168096705	0.0
348.60089228032103	0.0
348.61089287967496	0.0
348.62089347902895	0.0
348.6308940783829	0.0
348.64089467773687	0.0
348.6508952770908	1075.0
348.6608958764448	0.0
348.6708964757987	0.0
348.6808970751527	0.0
348.69089767450663	0.0
348.7008982738606	0.0
348.71089887321455	0.0
348.72089947256853	0.0
348.7309000719225	0.0
348.74090067127645	0.0
348.75090127063044	0.0
348.76090186998437	0.0
348.77090246933835	0.0
348.7809030686923	0.0
348.79090366804627	0.0
348.8009042674002	0.0
348.8109048667542	0.0
348.8209054661081	0.0
348.8309060654621	0.0
348.84090666481603	0.0
348.85090726417	0.0
348.86090786352395	0.0
348.87090846287794	0.0
348.88090906223186	0.0
348.89090966158585	0.0
348.9009102609398	0.0
348.91091086029377	0.0
348.9209114596477	0.0
348.9309120590017	0.0
348.94091265835567	0.0
348.9509132577096	0.0
348.9609138570636	0.0
348.9709144564175	0.0
348.9809150557715	0.0
348.99091565512543	0.0
349.0009162544794	0.0
349.01091685383335	0.0
349.02091745318734	0.0
349.03091805254127	0.0
349.04091865189525	0.0
349.0509192512492	0.0
349.06091985060317	0.0
349.0709204499571	0.0
349.0809210493111	0.0
349.090921648665	0.0
349.100922248019	0.0
349.11092284737293	0.0
349.1209234467269	0.0
349.13092404608085	0.0
349.14092464543484	0.0
349.15092524478877	0.0
349.16092584414275	0.0
349.17092644349674	0.0
349.18092704285067	0.0
349.19092764220466	0.0
349.2009282415586	0.0
349.2109288409126	0.0
349.2209294402665	0.0
349.2309300396205	0.0
349.2409306389744	0.0
349.2509312383284	0.0
349.26093183768234	0.0
349.2709324370363	0.0
349.28093303639025	0.0
349.29093363574424	0.0
349.30093423509817	0.0
349.31093483445215	0.0
349.3209354338061	0.0
349.33093603316007	0.0
349.340936632514	0.0
349.350937231868	0.0
349.3609378312219	0.0
349.3709384305759	0.0
349.38093902992983	0.0
349.3909396292838	0.0
349.4009402286378	0.0
349.41094082799174	0.0
349.4209414273457	0.0
349.43094202669965	0.0
349.44094262605364	0.0
349.45094322540757	0.0
349.46094382476156	0.0
349.4709444241155	0.0
349.4809450234695	0.0
349.4909456228234	0.0
349.5009462221774	0.0
349.5109468215313	0.0
349.5209474208853	0.0
349.53094802023924	0.0
349.5409486195932	0.0
349.55094921894715	0.0
349.56094981830114	0.0
349.57095041765507	0.0
349.58095101700906	0.0
349.590951616363	0.0
349.600952215717	0.0
349.61095281507096	0.0
349.6209534144249	0.0
349.6309540137789	0.0
349.6409546131328	0.0
349.6509552124868	0.0
349.6609558118407	0.0
349.6709564111947	0.0
349.68095701054864	0.0
349.6909576099026	0.0
349.70095820925656	0.0
349.71095880861054	0.0
349.7209594079645	0.0
349.73096000731846	0.0
349.7409606066724	0.0
349.7509612060264	0.0
349.7609618053803	0.0
349.7709624047343	0.0
349.7809630040882	0.0
349.7909636034422	0.0
349.80096420279614	0.0
349.8109648021501	0.0
349.82096540150405	0.0
349.83096600085804	0.0
349.840966600212	0.0
349.85096719956596	0.0
349.86096779891994	0.0
349.8709683982739	0.0
349.88096899762786	0.0
349.8909695969818	0.0
349.9009701963358	0.0
349.9109707956897	0.0
349.9209713950437	0.0
349.9309719943976	1075.0
349.9409725937516	0.0
349.95097319310554	0.0
349.9609737924595	0.0
349.97097439181346	0.0
349.98097499116744	0.0
349.9909755905214	0.0
350.00097618987536	0.0
350.0109767892293	0.0
350.0209773885833	0.0
350.0309779879372	0.0
350.0409785872912	0.0
350.0509791866451	0.0
350.0609797859991	0.0
350.0709803853531	0.0
350.080980984707	0.0
350.090981584061	0.0
350.10098218341494	0.0
350.11098278276893	0.0
350.12098338212286	0.0
350.13098398147685	0.0
350.1409845808308	0.0
350.15098518018476	0.0
350.1609857795387	0.0
350.1709863788927	0.0
350.1809869782466	0.0
350.1909875776006	0.0
350.2009881769545	0.0
350.2109887763085	0.0
350.22098937566244	0.0
350.2309899750164	0.0
350.24099057437036	0.0
350.25099117372434	0.0
350.2609917730783	0.0
350.27099237243226	0.0
350.28099297178625	0.0
350.2909935711402	0.0
350.30099417049416	0.0
350.3109947698481	0.0
350.3209953692021	0.0
350.330995968556	0.0
350.34099656791	0.0
350.3509971672639	0.0
350.3609977666179	0.0
350.37099836597184	0.0
350.38099896532583	0.0
350.39099956467976	0.0
350.40100016403375	0.0
350.4110007633877	0.0
350.42100136274166	0.0
350.4310019620956	0.0
350.4410025614496	0.0
350.4510031608035	0.0
350.4610037601575	0.0
350.4710043595114	0.0
350.4810049588654	0.0
350.49100555821934	0.0
350.50100615757333	0.0
350.5110067569273	0.0
350.52100735628125	0.0
350.53100795563523	0.0
350.54100855498916	0.0
350.55100915434315	0.0
350.5610097536971	0.0
350.57101035305107	0.0
350.581010952405	0.0
350.591011551759	0.0
350.6010121511129	0.0
350.6110127504669	0.0
350.6210133498208	0.0
350.6310139491748	0.0
350.64101454852874	0.0
350.65101514788273	0.0
350.66101574723666	0.0
350.67101634659065	0.0
350.6810169459446	0.0
350.69101754529856	0.0
350.7010181446525	0.0
350.7110187440065	0.0
350.7210193433604	0.0
350.7310199427144	0.0
350.7410205420684	0.0
350.7510211414223	0.0
350.7610217407763	0.0
350.77102234013023	0.0
350.7810229394842	0.0
350.79102353883815	0.0
350.80102413819213	0.0
350.81102473754606	0.0
350.82102533690005	0.0
350.831025936254	0.0
350.84102653560797	0.0
350.8510271349619	0.0
350.8610277343159	0.0
350.8710283336698	0.0
350.8810289330238	0.0
350.89102953237773	0.0
350.9010301317317	0.0
350.91103073108565	0.0
350.92103133043963	0.0
350.93103192979356	0.0
350.94103252914755	0.0
350.95103312850154	0.0
350.96103372785547	0.0
350.97103432720945	0.0
350.9810349265634	0.0
350.99103552591737	0.0
351.0010361252713	0.0
351.0110367246253	0.0
351.0210373239792	0.0
351.0310379233332	0.0
351.04103852268713	0.0
351.0510391220411	0.0
351.06103972139505	0.0
351.07104032074903	0.0
351.08104092010296	0.0
351.09104151945695	0.0
351.1010421188109	0.0
351.11104271816487	0.0
351.1210433175188	0.0
351.1310439168728	0.0
351.1410445162267	0.0
351.1510451155807	0.0
351.16104571493463	0.0
351.1710463142886	0.0
351.1810469136426	0.0
351.19104751299653	0.0
351.2010481123505	0.0
351.21104871170445	1075.0
351.22104931105844	0.0
351.23104991041237	0.0
351.24105050976635	0.0
351.2510511091203	0.0
351.26105170847427	0.0
351.2710523078282	0.0
351.2810529071822	0.0
351.2910535065361	0.0
351.3010541058901	0.0
351.31105470524403	0.0
351.321055304598	0.0
351.33105590395195	0.0
351.34105650330594	0.0
351.35105710265987	0.0
351.36105770201385	0.0
351.3710583013678	0.0
351.38105890072177	0.0
351.3910595000757	0.0
351.4010600994297	0.0
351.4110606987837	0.0
351.4210612981376	0.0
351.4310618974916	0.0
351.4410624968455	0.0
351.4510630961995	0.0
351.46106369555343	0.0
351.4710642949074	0.0
351.48106489426135	0.0
351.49106549361534	0.0
351.50106609296927	0.0
351.51106669232325	0.0
351.5210672916772	0.0
351.53106789103117	0.0
351.5410684903851	0.0
351.5510690897391	0.0
351.561069689093	0.0
351.571070288447	0.0
351.58107088780093	0.0
351.5910714871549	0.0
351.60107208650885	0.0
351.61107268586284	0.0
351.6210732852168	0.0
351.63107388457075	0.0
351.64107448392474	0.0
351.65107508327867	0.0
351.66107568263266	0.0
351.6710762819866	0.0
351.6810768813406	0.0
351.6910774806945	0.0
351.7010780800485	0.0
351.7110786794024	0.0
351.7210792787564	0.0
351.73107987811034	0.0
351.7410804774643	0.0
351.75108107681825	0.0
351.76108167617224	0.0
351.77108227552617	0.0
351.78108287488016	0.0
351.7910834742341	0.0
351.8010840735881	0.0
351.811084672942	0.0
351.821085272296	0.0
351.8310858716499	0.0
351.8410864710039	0.0
351.8510870703579	0.0
351.8610876697118	0.0
351.8710882690658	0.0
351.88108886841974	0.0
351.8910894677737	0.0
351.90109006712765	0.0
351.91109066648164	0.0
351.92109126583557	0.0
351.93109186518956	0.0
351.9410924645435	0.0
351.9510930638975	0.0
351.9610936632514	0.0
351.9710942626054	0.0
351.9810948619593	0.0
351.9910954613133	0.0
352.00109606066724	0.0
352.0110966600212	0.0
352.02109725937515	0.0
352.03109785872914	0.0
352.04109845808307	0.0
352.05109905743706	0.0
352.061099656791	0.0
352.071100256145	0.0
352.08110085549896	0.0
352.0911014548529	0.0
352.1011020542069	0.0
352.1111026535608	0.0
352.1211032529148	0.0
352.1311038522687	0.0
352.1411044516227	0.0
352.15110505097664	0.0
352.1611056503306	0.0
352.17110624968456	0.0
352.18110684903854	0.0
352.1911074483925	0.0
352.20110804774646	0.0
352.2111086471004	0.0
352.2211092464544	0.0
352.2311098458083	0.0
352.2411104451623	0.0
352.2511110445162	0.0
352.2611116438702	0.0
352.27111224322414	0.0
352.2811128425781	0.0
352.2911134419321	0.0
352.30111404128604	0.0
352.31111464064	0.0
352.32111523999396	0.0
352.33111583934794	0.0
352.3411164387019	0.0
352.35111703805586	0.0
352.3611176374098	0.0
352.3711182367638	0.0
352.3811188361177	0.0
352.3911194354717	0.0
352.4011200348256	0.0
352.4111206341796	0.0
352.42112123353354	0.0
352.4311218328875	0.0
352.44112243224146	0.0
352.45112303159544	0.0
352.4611236309494	0.0
352.47112423030336	0.0
352.4811248296573	0.0
352.4911254290113	1075.0
352.5011260283652	0.0
352.5111266277192	0.0
352.5211272270732	0.0
352.5311278264271	0.0
352.5411284257811	0.0
352.551129025135	0.0
352.561129624489	0.0
352.57113022384294	0.0
352.58113082319693	0.0
352.59113142255086	0.0
352.60113202190485	0.0
352.6111326212588	0.0
352.62113322061276	0.0
352.6311338199667	0.0
352.6411344193207	0.0
352.6511350186746	0.0
352.6611356180286	0.0
352.6711362173825	0.0
352.6811368167365	0.0
352.69113741609044	0.0
352.7011380154444	0.0
352.71113861479836	0.0
352.72113921415234	0.0
352.7311398135063	0.0
352.74114041286026	0.0
352.75114101221425	0.0
352.7611416115682	0.0
352.77114221092216	0.0
352.7811428102761	0.0
352.7911434096301	0.0
352.801144008984	0.0
352.811144608338	0.0
352.8211452076919	0.0
352.8311458070459	0.0
352.84114640639984	0.0
352.85114700575383	0.0
352.86114760510776	0.0
352.87114820446175	0.0
352.8811488038157	0.0
352.89114940316966	0.0
352.9011500025236	0.0
352.9111506018776	0.0
352.9211512012315	0.0
352.9311518005855	0.0
352.9411523999394	0.0
352.9511529992934	0.0
352.9611535986474	0.0
352.97115419800133	0.0
352.9811547973553	0.0
352.99115539670925	0.0
353.00115599606323	0.0
353.01115659541716	0.0
353.02115719477115	0.0
353.0311577941251	0.0
353.04115839347907	0.0
353.051158992833	0.0
353.061159592187	0.0
353.0711601915409	0.0
353.0811607908949	0.0
353.0911613902488	0.0
353.1011619896028	0.0
353.11116258895674	0.0
353.12116318831073	0.0
353.13116378766466	0.0
353.14116438701865	0.0
353.1511649863726	0.0
353.16116558572656	0.0
353.1711661850805	0.0
353.1811667844345	0.0
353.19116738378847	0.0
353.2011679831424	0.0
353.2111685824964	0.0
353.2211691818503	0.0
353.2311697812043	0.0
353.24117038055823	0.0
353.2511709799122	0.0
353.26117157926615	0.0
353.27117217862013	0.0
353.28117277797406	0.0
353.29117337732805	0.0
353.301173976682	0.0
353.31117457603597	0.0
353.3211751753899	0.0
353.3311757747439	0.0
353.3411763740978	0.0
353.3511769734518	0.0
353.36117757280573	0.0
353.3711781721597	0.0
353.38117877151365	0.0
353.39117937086763	0.0
353.40117997022156	0.0
353.41118056957555	0.0
353.42118116892954	0.0
353.43118176828347	0.0
353.44118236763745	0.0
353.4511829669914	0.0
353.46118356634537	0.0
353.4711841656993	0.0
353.4811847650533	0.0
353.4911853644072	0.0
353.5011859637612	0.0
353.51118656311513	0.0
353.5211871624691	0.0
353.53118776182305	0.0
353.54118836117703	0.0
353.55118896053096	0.0
353.56118955988495	0.0
353.5711901592389	0.0
353.58119075859287	0.0
353.5911913579468	0.0
353.6011919573008	0.0
353.6111925566547	0.0
353.6211931560087	0.0
353.6311937553627	0.0
353.6411943547166	0.0
353.6511949540706	0.0
353.66119555342453	0.0
353.6711961527785	0.0
353.68119675213245	0.0
353.69119735148644	0.0
353.70119795084037	0.0
353.71119855019435	0.0
353.7211991495483	0.0
353.73119974890227	0.0
353.7412003482562	0.0
353.7512009476102	0.0
353.7612015469641	0.0
353.7712021463181	1075.0
353.78120274567203	0.0
353.791203345026	0.0
353.80120394437995	0.0
353.81120454373394	0.0
353.82120514308787	0.0
353.83120574244185	0.0
353.8412063417958	0.0
353.85120694114977	0.0
353.86120754050376	0.0
353.8712081398577	0.0
353.8812087392117	0.0
353.8912093385656	0.0
353.9012099379196	0.0
353.9112105372735	0.0
353.9212111366275	0.0
353.93121173598144	0.0
353.9412123353354	0.0
353.95121293468935	0.0
353.96121353404334	0.0
353.97121413339727	0.0
353.98121473275125	0.0
353.9912153321052	0.0
354.00121593145917	0.0
354.0112165308131	0.0
354.0212171301671	0.0
354.031217729521	0.0
354.041218328875	0.0
354.05121892822893	0.0
354.0612195275829	0.0
354.07122012693685	0.0
354.08122072629084	0.0
354.0912213256448	0.0
354.10122192499875	0.0
354.11122252435274	0.0
354.12122312370667	0.0
354.13122372306066	0.0
354.1412243224146	0.0
354.1512249217686	0.0
354.1612255211225	0.0
354.1712261204765	0.0
354.1812267198304	0.0
354.1912273191844	0.0
354.20122791853834	0.0
354.2112285178923	0.0
354.22122911724625	0.0
354.23122971660024	0.0
354.24123031595417	0.0
354.25123091530816	0.0
354.2612315146621	0.0
354.2712321140161	0.0
354.28123271337	0.0
354.291233312724	0.0
354.301233912078	0.0
354.3112345114319	0.0
354.3212351107859	0.0
354.3312357101398	0.0
354.3412363094938	0.0
354.35123690884774	0.0
354.3612375082017	0.0
354.37123810755566	0.0
354.38123870690964	0.0
354.39123930626357	0.0
354.40123990561756	0.0
354.4112405049715	0.0
354.4212411043255	0.0
354.4312417036794	0.0
354.4412423030334	0.0
354.4512429023873	0.0
354.4612435017413	0.0
354.47124410109524	0.0
354.4812447004492	0.0
354.49124529980315	0.0
354.50124589915714	0.0
354.51124649851107	0.0
354.52124709786506	0.0
354.53124769721904	0.0
354.541248296573	0.0
354.55124889592696	0.0
354.5612494952809	0.0
354.5712500946349	0.0
354.5812506939888	0.0
354.5912512933428	0.0
354.6012518926967	0.0
354.6112524920507	0.0
354.62125309140464	0.0
354.6312536907586	0.0
354.64125429011256	0.0
354.65125488946654	0.0
354.6612554888205	0.0
354.67125608817446	0.0
354.6812566875284	0.0
354.6912572868824	0.0
354.7012578862363	0.0
354.7112584855903	0.0
354.7212590849442	0.0
354.7312596842982	0.0
354.74126028365214	0.0
354.7512608830061	0.0
354.7612614823601	0.0
354.77126208171404	0.0
354.78126268106803	0.0
354.79126328042196	0.0
354.80126387977595	0.0
354.8112644791299	0.0
354.82126507848386	0.0
354.8312656778378	0.0
354.8412662771918	0.0
354.8512668765457	0.0
354.8612674758997	0.0
354.8712680752536	0.0
354.8812686746076	0.0
354.89126927396154	0.0
354.9012698733155	0.0
354.91127047266946	0.0
354.92127107202344	0.0
354.9312716713774	0.0
354.94127227073136	0.0
354.9512728700853	0.0
354.9612734694393	0.0
354.97127406879326	0.0
354.9812746681472	0.0
354.9912752675012	0.0
355.0012758668551	0.0
355.0112764662091	0.0
355.021277065563	0.0
355.031277664917	0.0
355.04127826427094	0.0
355.05127886362493	1075.0
355.06127946297886	0.0
355.07128006233285	0.0
355.0812806616868	0.0
355.09128126104076	0.0
355.1012818603947	0.0
355.1112824597487	0.0
355.1212830591026	0.0
355.1312836584566	0.0
355.1412842578105	0.0
355.1512848571645	0.0
355.16128545651844	0.0
355.17128605587243	0.0
355.18128665522636	0.0
355.19128725458035	0.0
355.20128785393433	0.0
355.21128845328826	0.0
355.22128905264225	0.0
355.2312896519962	0.0
355.24129025135016	0.0
355.2512908507041	0.0
355.2612914500581	0.0
355.271292049412	0.0
355.281292648766	0.0
355.2912932481199	0.0
355.3012938474739	0.0
355.31129444682784	0.0
355.32129504618183	0.0
355.33129564553576	0.0
355.34129624488975	0.0
355.3512968442437	0.0
355.36129744359766	0.0
355.3712980429516	0.0
355.3812986423056	0.0
355.3912992416595	0.0
355.4012998410135	0.0
355.4113004403674	0.0
355.4213010397214	0.0
355.4313016390754	0.0
355.44130223842933	0.0
355.4513028377833	0.0
355.46130343713725	0.0
355.47130403649123	0.0
355.48130463584516	0.0
355.49130523519915	0.0
355.5013058345531	0.0
355.51130643390707	0.0
355.521307033261	0.0
355.531307632615	0.0
355.5413082319689	0.0
355.5513088313229	0.0
355.56130943067683	0.0
355.5713100300308	0.0
355.58131062938475	0.0
355.59131122873873	0.0
355.60131182809266	0.0
355.61131242744665	0.0
355.6213130268006	0.0
355.63131362615457	0.0
355.64131422550855	0.0
355.6513148248625	0.0
355.66131542421647	0.0
355.6713160235704	0.0
355.6813166229244	0.0
355.6913172222783	0.0
355.7013178216323	0.0
355.71131842098623	0.0
355.7213190203402	0.0
355.73131961969415	0.0
355.74132021904813	0.0
355.75132081840206	0.0
355.76132141775605	0.0
355.77132201711	0.0
355.78132261646397	0.0
355.7913232158179	0.0
355.8013238151719	0.0
355.8113244145258	0.0
355.8213250138798	0.0
355.83132561323373	0.0
355.8413262125877	0.0
355.85132681194165	0.0
355.86132741129563	0.0
355.8713280106496	0.0
355.88132861000355	0.0
355.89132920935754	0.0
355.90132980871147	0.0
355.91133040806545	0.0
355.9213310074194	0.0
355.93133160677337	0.0
355.9413322061273	0.0
355.9513328054813	0.0
355.9613334048352	0.0
355.9713340041892	0.0
355.98133460354313	0.0
355.9913352028971	0.0
356.00133580225105	0.0
356.01133640160504	0.0
356.02133700095897	0.0
356.03133760031295	0.0
356.0413381996669	0.0
356.05133879902087	0.0
356.0613393983748	0.0
356.0713399977288	0.0
356.0813405970827	0.0
356.0913411964367	0.0
356.1013417957907	0.0
356.1113423951446	0.0
356.1213429944986	0.0
356.13134359385253	0.0
356.1413441932065	0.0
356.15134479256045	0.0
356.16134539191444	0.0
356.17134599126837	0.0
356.18134659062235	0.0
356.1913471899763	0.0
356.20134778933027	0.0
356.2113483886842	0.0
356.2213489880382	0.0
356.2313495873921	0.0
356.2413501867461	0.0
356.25135078610003	0.0
356.261351385454	0.0
356.27135198480795	0.0
356.28135258416194	0.0
356.29135318351587	0.0
356.30135378286985	0.0
356.3113543822238	0.0
356.32135498157777	0.0
356.33135558093176	1075.0
356.3413561802857	0.0
356.3513567796397	0.0
356.3613573789936	0.0
356.3713579783476	0.0
356.3813585777015	0.0
356.3913591770555	0.0
356.40135977640944	0.0
356.4113603757634	0.0
356.42136097511735	0.0
356.43136157447134	0.0
356.44136217382527	0.0
356.45136277317926	0.0
356.4613633725332	0.0
356.4713639718872	0.0
356.4813645712411	0.0
356.4913651705951	0.0
356.501365769949	0.0
356.511366369303	0.0
356.52136696865693	0.0
356.5313675680109	0.0
356.5413681673649	0.0
356.55136876671884	0.0
356.5613693660728	0.0
356.57136996542675	0.0
356.58137056478074	0.0
356.59137116413467	0.0
356.60137176348866	0.0
356.6113723628426	0.0
356.6213729621966	0.0
356.6313735615505	0.0
356.6413741609045	0.0
356.6513747602584	0.0
356.6613753596124	0.0
356.67137595896634	0.0
356.6813765583203	0.0
356.69137715767425	0.0
356.70137775702824	0.0
356.71137835638217	0.0
356.72137895573616	0.0
356.7313795550901	0.0
356.7413801544441	0.0
356.751380753798	0.0
356.761381353152	0.0
356.771381952506	0.0
356.7813825518599	0.0
356.7913831512139	0.0
356.8013837505678	0.0
356.8113843499218	0.0
356.82138494927574	0.0
356.8313855486297	0.0
356.84138614798366	0.0
356.85138674733764	0.0
356.8613873466916	0.0
356.87138794604556	0.0
356.8813885453995	0.0
356.8913891447535	0.0
356.9013897441074	0.0
356.9113903434614	0.0
356.9213909428153	0.0
356.9313915421693	0.0
356.94139214152324	0.0
356.9513927408772	0.0
356.96139334023115	0.0
356.97139393958514	0.0
356.98139453893907	0.0
356.99139513829306	0.0
357.00139573764704	0.0
357.011396337001	0.0
357.02139693635496	0.0
357.0313975357089	0.0
357.0413981350629	0.0
357.0513987344168	0.0
357.0613993337708	0.0
357.0713999331247	0.0
357.0814005324787	0.0
357.09140113183264	0.0
357.1014017311866	0.0
357.11140233054056	0.0
357.12140292989454	0.0
357.1314035292485	0.0
357.14140412860246	0.0
357.1514047279564	0.0
357.1614053273104	0.0
357.1714059266643	0.0
357.1814065260183	0.0
357.1914071253722	0.0
357.2014077247262	0.0
357.2114083240802	0.0
357.2214089234341	0.0
357.2314095227881	0.0
357.24141012214204	0.0
357.25141072149603	0.0
357.26141132084996	0.0
357.27141192020395	0.0
357.2814125195579	0.0
357.29141311891186	0.0
357.3014137182658	0.0
357.3114143176198	0.0
357.3214149169737	0.0
357.3314155163277	0.0
357.3414161156816	0.0
357.3514167150356	0.0
357.36141731438954	0.0
357.3714179137435	0.0
357.38141851309746	0.0
357.39141911245144	0.0
357.4014197118054	0.0
357.41142031115936	0.0
357.4214209105133	0.0
357.4314215098673	0.0
357.44142210922126	0.0
357.4514227085752	0.0
357.4614233079292	0.0
357.4714239072831	0.0
357.4814245066371	0.0
357.491425105991	0.0
357.501425705345	0.0
357.51142630469894	0.0
357.52142690405293	0.0
357.53142750340686	0.0
357.54142810276085	0.0
357.5514287021148	0.0
357.56142930146876	0.0
357.5714299008227	0.0
357.5814305001767	0.0
357.5914310995306	0.0
357.6014316988846	0.0
357.6114322982385	1075.0
357.6214328975925	0.0
357.63143349694644	0.0
357.64143409630043	0.0
357.65143469565436	0.0
357.66143529500835	0.0
357.67143589436233	0.0
357.68143649371626	0.0
357.69143709307025	0.0
357.7014376924242	0.0
357.71143829177817	0.0
357.7214388911321	0.0
357.7314394904861	0.0
357.74144008984	0.0
357.751440689194	0.0
357.7614412885479	0.0
357.7714418879019	0.0
357.78144248725584	0.0
357.79144308660983	0.0
357.80144368596376	0.0
357.81144428531775	0.0
357.8214448846717	0.0
357.83144548402566	0.0
357.8414460833796	0.0
357.8514466827336	0.0
357.8614472820875	0.0
357.8714478814415	0.0
357.8814484807955	0.0
357.8914490801494	0.0
357.9014496795034	0.0
357.91145027885733	0.0
357.9214508782113	0.0
357.93145147756525	0.0
357.94145207691923	0.0
357.95145267627316	0.0
357.96145327562715	0.0
357.9714538749811	0.0
357.98145447433507	0.0
357.991455073689	0.0
358.001455673043	0.0
358.0114562723969	0.0
358.0214568717509	0.0
358.03145747110483	0.0
358.0414580704588	0.0
358.05145866981275	0.0
358.06145926916673	0.0
358.07145986852066	0.0
358.08146046787465	0.0
358.0914610672286	0.0
358.10146166658257	0.0
358.11146226593655	0.0
358.1214628652905	0.0
358.13146346464447	0.0
358.1414640639984	0.0
358.1514646633524	0.0
358.1614652627063	0.0
358.1714658620603	0.0
358.18146646141423	0.0
358.1914670607682	0.0
358.20146766012215	0.0
358.21146825947613	0.0
358.22146885883006	0.0
358.23146945818405	0.0
358.241470057538	0.0
358.25147065689197	0.0
358.2614712562459	0.0
358.2714718555999	0.0
358.2814724549538	0.0
358.2914730543078	0.0
358.30147365366173	0.0
358.3114742530157	0.0
358.32147485236965	0.0
358.33147545172363	0.0
358.3414760510776	0.0
358.35147665043155	0.0
358.36147724978554	0.0
358.37147784913947	0.0
358.38147844849345	0.0
358.3914790478474	0.0
358.40147964720137	0.0
358.4114802465553	0.0
358.4214808459093	0.0
358.4314814452632	0.0
358.4414820446172	0.0
358.45148264397113	0.0
358.4614832433251	0.0
358.47148384267905	0.0
358.48148444203304	0.0
358.49148504138697	0.0
358.50148564074095	0.0
358.5114862400949	0.0
358.52148683944887	0.0
358.5314874388028	0.0
358.5414880381568	0.0
358.5514886375108	0.0
358.5614892368647	0.0
358.5714898362187	0.0
358.5814904355726	0.0
358.5914910349266	0.0
358.60149163428053	0.0
358.6114922336345	0.0
358.62149283298845	0.0
358.63149343234244	0.0
358.64149403169637	0.0
358.65149463105035	0.0
358.6614952304043	0.0
358.67149582975827	0.0
358.6814964291122	0.0
358.6914970284662	0.0
358.7014976278201	0.0
358.7114982271741	0.0
358.72149882652803	0.0
358.731499425882	0.0
358.74150002523595	0.0
358.75150062458994	0.0
358.76150122394387	0.0
358.77150182329785	0.0
358.78150242265184	0.0
358.79150302200577	0.0
358.80150362135976	0.0
358.8115042207137	0.0
358.8215048200677	0.0
358.8315054194216	0.0
358.8415060187756	0.0
358.8515066181295	0.0
358.8615072174835	0.0
358.87150781683744	0.0
358.8815084161914	0.0
358.89150901554535	1075.0
358.90150961489934	0.0
358.91151021425327	0.0
358.92151081360726	0.0
358.9315114129612	0.0
358.9415120123152	0.0
358.9515126116691	0.0
358.9615132110231	0.0
358.971513810377	0.0
358.981514409731	0.0
358.99151500908494	0.0
359.0015156084389	0.0
359.0115162077929	0.0
359.02151680714684	0.0
359.0315174065008	0.0
359.04151800585475	0.0
359.05151860520874	0.0
359.06151920456267	0.0
359.07151980391666	0.0
359.0815204032706	0.0
359.0915210026246	0.0
359.1015216019785	0.0
359.1115222013325	0.0
359.1215228006864	0.0
359.1315234000404	0.0
359.14152399939434	0.0
359.1515245987483	0.0
359.16152519810225	0.0
359.17152579745624	0.0
359.18152639681017	0.0
359.19152699616416	0.0
359.2015275955181	0.0
359.2115281948721	0.0
359.22152879422606	0.0
359.23152939358	0.0
359.241529992934	0.0
359.2515305922879	0.0
359.2615311916419	0.0
359.2715317909958	0.0
359.2815323903498	0.0
359.29153298970374	0.0
359.3015335890577	0.0
359.31153418841166	0.0
359.32153478776564	0.0
359.3315353871196	0.0
359.34153598647356	0.0
359.3515365858275	0.0
359.3615371851815	0.0
359.3715377845354	0.0
359.3815383838894	0.0
359.3915389832433	0.0
359.4015395825973	0.0
359.41154018195124	0.0
359.4215407813052	0.0
359.43154138065916	0.0
359.44154198001314	0.0
359.4515425793671	0.0
359.46154317872106	0.0
359.47154377807504	0.0
359.481544377429	0.0
359.49154497678296	0.0
359.5015455761369	0.0
359.5115461754909	0.0
359.5215467748448	0.0
359.5315473741988	0.0
359.5415479735527	0.0
359.5515485729067	0.0
359.56154917226064	0.0
359.5715497716146	0.0
359.58155037096856	0.0
359.59155097032254	0.0
359.6015515696765	0.0
359.61155216903046	0.0
359.6215527683844	0.0
359.6315533677384	0.0
359.6415539670923	0.0
359.6515545664463	0.0
359.6615551658002	0.0
359.6715557651542	0.0
359.6815563645082	0.0
359.6915569638621	0.0
359.7015575632161	0.0
359.71155816257004	0.0
359.72155876192403	0.0
359.73155936127796	0.0
359.74155996063195	0.0
359.7515605599859	0.0
359.76156115933986	0.0
359.7715617586938	0.0
359.7815623580478	0.0
359.7915629574017	0.0
359.8015635567557	0.0
359.8115641561096	0.0
359.8215647554636	0.0
359.83156535481754	0.0
359.84156595417153	0.0
359.85156655352546	0.0
359.86156715287945	0.0
359.8715677522334	0.0
359.88156835158736	0.0
359.89156895094135	0.0
359.9015695502953	0.0
359.91157014964926	0.0
359.9215707490032	0.0
359.9315713483572	0.0
359.9415719477111	0.0
359.9515725470651	0.0
359.961573146419	0.0
359.971573745773	0.0
359.98157434512694	0.0
359.99157494448093	0.0
360.00157554383486	0.0
360.01157614318885	0.0
360.0215767425428	0.0
360.03157734189676	0.0
360.0415779412507	0.0
360.0515785406047	0.0
360.0615791399586	0.0
360.0715797393126	0.0
360.0815803386665	0.0
360.0915809380205	0.0
360.10158153737444	0.0
360.11158213672843	0.0
360.1215827360824	0.0
360.13158333543635	0.0
360.14158393479033	0.0
360.15158453414426	0.0
360.16158513349825	0.0
360.1715857328522	1075.0
360.18158633220617	0.0
360.1915869315601	0.0
360.2015875309141	0.0
360.211588130268	0.0
360.221588729622	0.0
360.23158932897593	0.0
360.2415899283299	0.0
360.25159052768385	0.0
360.26159112703783	0.0
360.27159172639176	0.0
360.28159232574575	0.0
360.2915929250997	0.0
360.30159352445366	0.0
360.3115941238076	0.0
360.3215947231616	0.0
360.3315953225155	0.0
360.3415959218695	0.0
360.3515965212235	0.0
360.3615971205774	0.0
360.3715977199314	0.0
360.38159831928533	0.0
360.3915989186393	0.0
360.40159951799325	0.0
360.41160011734723	0.0
360.42160071670116	0.0
360.43160131605515	0.0
360.4416019154091	0.0
360.45160251476307	0.0
360.461603114117	0.0
360.471603713471	0.0
360.4816043128249	0.0
360.4916049121789	0.0
360.50160551153283	0.0
360.5116061108868	0.0
360.52160671024075	0.0
360.53160730959473	0.0
360.54160790894866	0.0
360.55160850830265	0.0
360.56160910765664	0.0
360.57160970701057	0.0
360.58161030636455	0.0
360.5916109057185	0.0
360.60161150507247	0.0
360.6116121044264	0.0
360.6216127037804	0.0
360.6316133031343	0.0
360.6416139024883	0.0
360.65161450184223	0.0
360.6616151011962	0.0
360.67161570055015	0.0
360.68161629990414	0.0
360.69161689925807	0.0
360.70161749861205	0.0
360.711618097966	0.0
360.72161869731997	0.0
360.7316192966739	0.0
360.7416198960279	0.0
360.7516204953818	0.0
360.7616210947358	0.0
360.77162169408973	0.0
360.7816222934437	0.0
360.7916228927977	0.0
360.80162349215163	0.0
360.8116240915056	0.0
360.82162469085955	0.0
360.83162529021354	0.0
360.84162588956747	0.0
360.85162648892145	0.0
360.8616270882754	0.0
360.87162768762937	0.0
360.8816282869833	0.0
360.8916288863373	0.0
360.9016294856912	0.0
360.9116300850452	0.0
360.92163068439913	0.0
360.9316312837531	0.0
360.94163188310705	0.0
360.95163248246104	0.0
360.96163308181497	0.0
360.97163368116895	0.0
360.9816342805229	0.0
360.99163487987687	0.0
361.0016354792308	0.0
361.0116360785848	0.0
361.0216366779388	0.0
361.0316372772927	0.0
361.0416378766467	0.0
361.0516384760006	0.0
361.0616390753546	0.0
361.07163967470854	0.0
361.0816402740625	0.0
361.09164087341645	0.0
361.10164147277044	0.0
361.11164207212437	0.0
361.12164267147836	0.0
361.1316432708323	0.0
361.1416438701863	0.0
361.1516444695402	0.0
361.1616450688942	0.0
361.1716456682481	0.0
361.1816462676021	0.0
361.19164686695603	0.0
361.20164746631	0.0
361.21164806566395	0.0
361.22164866501794	0.0
361.2316492643719	0.0
361.24164986372585	0.0
361.25165046307984	0.0
361.26165106243377	0.0
361.27165166178776	0.0
361.2816522611417	0.0
361.2916528604957	0.0
361.3016534598496	0.0
361.3116540592036	0.0
361.3216546585575	0.0
361.3316552579115	0.0
361.34165585726544	0.0
361.3516564566194	0.0
361.36165705597335	0.0
361.37165765532734	0.0
361.38165825468127	0.0
361.39165885403526	0.0
361.4016594533892	0.0
361.4116600527432	0.0
361.4216606520971	0.0
361.4316612514511	0.0
361.441661850805	0.0
361.451662450159	1075.0
361.461663049513	0.0
361.4716636488669	0.0
361.4816642482209	0.0
361.49166484757484	0.0
361.5016654469288	0.0
361.51166604628276	0.0
361.52166664563674	0.0
361.5316672449907	0.0
361.54166784434466	0.0
361.5516684436986	0.0
361.5616690430526	0.0
361.5716696424065	0.0
361.5816702417605	0.0
361.5916708411144	0.0
361.6016714404684	0.0
361.61167203982234	0.0
361.6216726391763	0.0
361.63167323853025	0.0
361.64167383788424	0.0
361.65167443723817	0.0
361.66167503659216	0.0
361.6716756359461	0.0
361.6816762353001	0.0
361.69167683465406	0.0
361.701677434008	0.0
361.711678033362	0.0
361.7216786327159	0.0
361.7316792320699	0.0
361.7416798314238	0.0
361.7516804307778	0.0
361.76168103013174	0.0
361.7716816294857	0.0
361.78168222883966	0.0
361.79168282819364	0.0
361.8016834275476	0.0
361.81168402690156	0.0
361.8216846262555	0.0
361.8316852256095	0.0
361.8416858249634	0.0
361.8516864243174	0.0
361.8616870236713	0.0
361.8716876230253	0.0
361.88168822237924	0.0
361.8916888217332	0.0
361.9016894210872	0.0
361.91169002044114	0.0
361.92169061979513	0.0
361.93169121914906	0.0
361.94169181850305	0.0
361.951692417857	0.0
361.96169301721096	0.0
361.9716936165649	0.0
361.9816942159189	0.0
361.9916948152728	0.0
362.0016954146268	0.0
362.0116960139807	0.0
362.0216966133347	0.0
362.03169721268864	0.0
362.0416978120426	0.0
362.05169841139656	0.0
362.06169901075054	0.0
362.0716996101045	0.0
362.08170020945846	0.0
362.0917008088124	0.0
362.1017014081664	0.0
362.1117020075203	0.0
362.1217026068743	0.0
362.1317032062283	0.0
362.1417038055822	0.0
362.1517044049362	0.0
362.1617050042901	0.0
362.1717056036441	0.0
362.18170620299804	0.0
362.19170680235203	0.0
362.20170740170596	0.0
362.21170800105995	0.0
362.2217086004139	0.0
362.23170919976786	0.0
362.2417097991218	0.0
362.2517103984758	0.0
362.2617109978297	0.0
362.2717115971837	0.0
362.2817121965376	0.0
362.2917127958916	0.0
362.30171339524554	0.0
362.31171399459953	0.0
362.32171459395346	0.0
362.33171519330745	0.0
362.3417157926614	0.0
362.35171639201536	0.0
362.36171699136935	0.0
362.3717175907233	0.0
362.38171819007727	0.0
362.3917187894312	0.0
362.4017193887852	0.0
362.4117199881391	0.0
362.4217205874931	0.0
362.431721186847	0.0
362.441721786201	0.0
362.45172238555494	0.0
362.46172298490893	0.0
362.47172358426286	0.0
362.48172418361685	0.0
362.4917247829708	0.0
362.50172538232476	0.0
362.5117259816787	0.0
362.5217265810327	0.0
362.5317271803866	0.0
362.5417277797406	0.0
362.5517283790945	0.0
362.5617289784485	0.0
362.5717295778025	0.0
362.58173017715643	0.0
362.5917307765104	0.0
362.60173137586435	0.0
362.61173197521833	0.0
362.62173257457226	0.0
362.63173317392625	0.0
362.6417337732802	0.0
362.65173437263417	0.0
362.6617349719881	0.0
362.6717355713421	0.0
362.681736170696	0.0
362.69173677005	0.0
362.70173736940393	0.0
362.7117379687579	0.0
362.72173856811185	0.0
362.73173916746583	1075.0
362.74173976681976	0.0
362.75174036617375	0.0
362.7617409655277	0.0
362.77174156488167	0.0
362.7817421642356	0.0
362.7917427635896	0.0
362.80174336294357	0.0
362.8117439622975	0.0
362.8217445616515	0.0
362.8317451610054	0.0
362.8417457603594	0.0
362.85174635971333	0.0
362.8617469590673	0.0
362.87174755842125	0.0
362.88174815777523	0.0
362.89174875712916	0.0
362.90174935648315	0.0
362.9117499558371	0.0
362.92175055519107	0.0
362.931751154545	0.0
362.941751753899	0.0
362.9517523532529	0.0
362.9617529526069	0.0
362.97175355196083	0.0
362.9817541513148	0.0
362.99175475066875	0.0
363.00175535002273	0.0
363.01175594937666	0.0
363.02175654873065	0.0
363.03175714808464	0.0
363.04175774743857	0.0
363.05175834679255	0.0
363.0617589461465	0.0
363.07175954550047	0.0
363.0817601448544	0.0
363.0917607442084	0.0
363.1017613435623	0.0
363.1117619429163	0.0
363.12176254227023	0.0
363.1317631416242	0.0
363.14176374097815	0.0
363.15176434033214	0.0
363.16176493968607	0.0
363.17176553904005	0.0
363.181766138394	0.0
363.19176673774797	0.0
363.2017673371019	0.0
363.2117679364559	0.0
363.2217685358098	0.0
363.2317691351638	0.0
363.2417697345178	0.0
363.2517703338717	0.0
363.2617709332257	0.0
363.27177153257963	0.0
363.2817721319336	0.0
363.29177273128755	0.0
363.30177333064154	0.0
363.31177392999547	0.0
363.32177452934945	0.0
363.3317751287034	0.0
363.34177572805737	0.0
363.3517763274113	0.0
363.3617769267653	0.0
363.3717775261192	0.0
363.3817781254732	0.0
363.39177872482713	0.0
363.4017793241811	0.0
363.41177992353505	0.0
363.42178052288904	0.0
363.43178112224297	0.0
363.44178172159695	0.0
363.4517823209509	0.0
363.46178292030487	0.0
363.47178351965886	0.0
363.4817841190128	0.0
363.4917847183668	0.0
363.5017853177207	0.0
363.5117859170747	0.0
363.5217865164286	0.0
363.5317871157826	0.0
363.54178771513654	0.0
363.5517883144905	0.0
363.56178891384445	0.0
363.57178951319844	0.0
363.58179011255237	0.0
363.59179071190636	0.0
363.6017913112603	0.0
363.6117919106143	0.0
363.6217925099682	0.0
363.6317931093222	0.0
363.6417937086761	0.0
363.6517943080301	0.0
363.66179490738404	0.0
363.671795506738	0.0
363.68179610609195	0.0
363.69179670544594	0.0
363.7017973047999	0.0
363.71179790415385	0.0
363.72179850350784	0.0
363.73179910286177	0.0
363.74179970221576	0.0
363.7518003015697	0.0
363.7618009009237	0.0
363.7718015002776	0.0
363.7818020996316	0.0
363.7918026989855	0.0
363.8018032983395	0.0
363.81180389769344	0.0
363.8218044970474	0.0
363.83180509640135	0.0
363.84180569575534	0.0
363.85180629510927	0.0
363.86180689446326	0.0
363.8718074938172	0.0
363.8818080931712	0.0
363.8918086925251	0.0
363.9018092918791	0.0
363.911809891233	0.0
363.921810490587	0.0
363.931811089941	0.0
363.9418116892949	0.0
363.9518122886489	0.0
363.96181288800284	0.0
363.9718134873568	0.0
363.98181408671076	0.0
363.99181468606474	0.0
364.0018152854187	0.0
364.01181588477266	1075.0
364.0218164841266	0.0
364.0318170834806	0.0
364.0418176828345	0.0
364.0518182821885	0.0
364.0618188815424	0.0
364.0718194808964	0.0
364.08182008025034	0.0
364.0918206796043	0.0
364.10182127895825	0.0
364.11182187831224	0.0
364.12182247766617	0.0
364.13182307702016	0.0
364.14182367637414	0.0
364.1518242757281	0.0
364.16182487508206	0.0
364.171825474436	0.0
364.18182607379	0.0
364.1918266731439	0.0
364.2018272724979	0.0
364.2118278718518	0.0
364.2218284712058	0.0
364.23182907055974	0.0
364.2418296699137	0.0
364.25183026926766	0.0
364.26183086862164	0.0
364.2718314679756	0.0
364.28183206732956	0.0
364.2918326666835	0.0
364.3018332660375	0.0
364.3118338653914	0.0
364.3218344647454	0.0
364.3318350640993	0.0
364.3418356634533	0.0
364.35183626280724	0.0
364.3618368621612	0.0
364.3718374615152	0.0
364.38183806086914	0.0
364.39183866022313	0.0
364.40183925957706	0.0
364.41183985893105	0.0
364.421840458285	0.0
364.43184105763896	0.0
364.4418416569929	0.0
364.4518422563469	0.0
364.4618428557008	0.0
364.4718434550548	0.0
364.4818440544087	0.0
364.4918446537627	0.0
364.50184525311664	0.0
364.5118458524706	0.0
364.52184645182456	0.0
364.53184705117854	0.0
364.5418476505325	0.0
364.55184824988646	0.0
364.5618488492404	0.0
364.5718494485944	0.0
364.5818500479483	0.0
364.5918506473023	0.0
364.6018512466563	0.0
364.6118518460102	0.0
364.6218524453642	0.0
364.6318530447181	0.0
364.6418536440721	0.0
364.65185424342604	0.0
364.66185484278003	0.0
364.67185544213396	0.0
364.68185604148795	0.0
364.6918566408419	0.0
364.70185724019586	0.0
364.7118578395498	0.0
364.7218584389038	0.0
364.7318590382577	0.0
364.7418596376117	0.0
364.7518602369656	0.0
364.7618608363196	0.0
364.77186143567354	0.0
364.78186203502753	0.0
364.79186263438146	0.0
364.80186323373545	0.0
364.81186383308943	0.0
364.82186443244336	0.0
364.83186503179735	0.0
364.8418656311513	0.0
364.85186623050527	0.0
364.8618668298592	0.0
364.8718674292132	0.0
364.8818680285671	0.0
364.8918686279211	0.0
364.90186922727503	0.0
364.911869826629	0.0
364.92187042598295	0.0
364.93187102533693	0.0
364.94187162469086	0.0
364.95187222404485	0.0
364.9618728233988	0.0
364.97187342275276	0.0
364.9818740221067	0.0
364.9918746214607	0.0
365.0018752208146	0.0
365.0118758201686	0.0
365.0218764195225	0.0
365.0318770188765	0.0
365.0418776182305	0.0
365.05187821758443	0.0
365.0618788169384	0.0
365.07187941629235	0.0
365.08188001564633	0.0
365.09188061500026	0.0
365.10188121435425	0.0
365.1118818137082	0.0
365.12188241306217	0.0
365.1318830124161	0.0
365.1418836117701	0.0
365.151884211124	0.0
365.161884810478	0.0
365.17188540983193	0.0
365.1818860091859	0.0
365.19188660853985	0.0
365.20188720789383	0.0
365.21188780724776	0.0
365.22188840660175	0.0
365.2318890059557	0.0
365.24188960530967	0.0
365.2518902046636	0.0
365.2618908040176	0.0
365.27189140337157	0.0
365.2818920027255	0.0
365.2918926020795	1075.0
365.3018932014334	0.0
365.3118938007874	0.0
365.32189440014133	0.0
365.3318949994953	0.0
365.34189559884925	0.0
365.35189619820324	0.0
365.36189679755716	0.0
365.37189739691115	0.0
365.3818979962651	0.0
365.39189859561907	0.0
365.401899194973	0.0
365.411899794327	0.0
365.4219003936809	0.0
365.4319009930349	0.0
365.44190159238883	0.0
365.4519021917428	0.0
365.46190279109675	0.0
365.47190339045073	0.0
365.4819039898047	0.0
365.49190458915865	0.0
365.50190518851264	0.0
365.51190578786657	0.0
365.52190638722055	0.0
365.5319069865745	0.0
365.54190758592847	0.0
365.5519081852824	0.0
365.5619087846364	0.0
365.5719093839903	0.0
365.5819099833443	0.0
365.59191058269823	0.0
365.6019111820522	0.0
365.61191178140615	0.0
365.62191238076014	0.0
365.63191298011407	0.0
365.64191357946805	0.0
365.651914178822	0.0
365.66191477817597	0.0
365.6719153775299	0.0
365.6819159768839	0.0
365.6919165762378	0.0
365.7019171755918	0.0
365.7119177749458	0.0
365.7219183742997	0.0
365.7319189736537	0.0
365.74191957300764	0.0
365.7519201723616	0.0
365.76192077171555	0.0
365.77192137106954	0.0
365.78192197042347	0.0
365.79192256977746	0.0
365.8019231691314	0.0
365.81192376848537	0.0
365.8219243678393	0.0
365.8319249671933	0.0
365.8419255665472	0.0
365.8519261659012	0.0
365.86192676525513	0.0
365.8719273646091	0.0
365.88192796396305	0.0
365.89192856331704	0.0
365.90192916267097	0.0
365.91192976202495	0.0
365.9219303613789	0.0
365.93193096073287	0.0
365.94193156008686	0.0
365.9519321594408	0.0
365.9619327587948	0.0
365.9719333581487	0.0
365.9819339575027	0.0
365.9919345568566	0.0
366.0019351562106	0.0
366.01193575556454	0.0
366.0219363549185	0.0
366.03193695427245	0.0
366.04193755362644	0.0
366.05193815298037	0.0
366.06193875233436	0.0
366.0719393516883	0.0
366.0819399510423	0.0
366.0919405503962	0.0
366.1019411497502	0.0
366.1119417491041	0.0
366.1219423484581	0.0
366.13194294781204	0.0
366.141943547166	0.0
366.15194414652	0.0
366.16194474587394	0.0
366.1719453452279	0.0
366.18194594458186	0.0
366.19194654393584	0.0
366.2019471432898	0.0
366.21194774264376	0.0
366.2219483419977	0.0
366.2319489413517	0.0
366.2419495407056	0.0
366.2519501400596	0.0
366.2619507394135	0.0
366.2719513387675	0.0
366.28195193812144	0.0
366.2919525374754	0.0
366.30195313682935	0.0
366.31195373618334	0.0
366.32195433553727	0.0
366.33195493489126	0.0
366.3419555342452	0.0
366.3519561335992	0.0
366.3619567329531	0.0
366.3719573323071	0.0
366.3819579316611	0.0
366.391958531015	0.0
366.401959130369	0.0
366.4119597297229	0.0
366.4219603290769	0.0
366.43196092843084	0.0
366.4419615277848	0.0
366.45196212713876	0.0
366.46196272649274	0.0
366.4719633258467	0.0
366.48196392520066	0.0
366.4919645245546	0.0
366.5019651239086	0.0
366.5119657232625	0.0
366.5219663226165	0.0
366.5319669219704	0.0
366.5419675213244	0.0
366.55196812067834	0.0
366.5619687200323	0.0
366.57196931938626	1075.0
366.58196991874024	0.0
366.5919705180942	0.0
366.60197111744816	0.0
366.61197171680215	0.0
366.6219723161561	0.0
366.63197291551006	0.0
366.641973514864	0.0
366.651974114218	0.0
366.6619747135719	0.0
366.6719753129259	0.0
366.6819759122798	0.0
366.6919765116338	0.0
366.70197711098774	0.0
366.7119777103417	0.0
366.72197830969566	0.0
366.73197890904964	0.0
366.7419795084036	0.0
366.75198010775756	0.0
366.7619807071115	0.0
366.7719813064655	0.0
366.7819819058194	0.0
366.7919825051734	0.0
366.8019831045273	0.0
366.8119837038813	0.0
366.8219843032353	0.0
366.8319849025892	0.0
366.8419855019432	0.0
366.85198610129714	0.0
366.86198670065113	0.0
366.87198730000506	0.0
366.88198789935905	0.0
366.891988498713	0.0
366.90198909806696	0.0
366.9119896974209	0.0
366.9219902967749	0.0
366.9319908961288	0.0
366.9419914954828	0.0
366.9519920948367	0.0
366.9619926941907	0.0
366.97199329354464	0.0
366.98199389289863	0.0
366.99199449225256	0.0
367.00199509160655	0.0
367.0119956909605	0.0
367.02199629031446	0.0
367.0319968896684	0.0
367.0419974890224	0.0
367.05199808837637	0.0
367.0619986877303	0.0
367.0719992870843	0.0
367.0819998864382	0.0
367.0920004857922	0.0
367.1020010851461	0.0
367.1120016845001	0.0
367.12200228385404	0.0
367.13200288320803	0.0
367.14200348256196	0.0
367.15200408191595	0.0
367.1620046812699	0.0
367.17200528062386	0.0
367.1820058799778	0.0
367.1920064793318	0.0
367.2020070786857	0.0
367.2120076780397	0.0
367.2220082773936	0.0
367.2320088767476	0.0
367.24200947610154	0.0
367.25201007545553	0.0
367.26201067480946	0.0
367.27201127416345	0.0
367.28201187351743	0.0
367.29201247287136	0.0
367.30201307222535	0.0
367.3120136715793	0.0
367.32201427093327	0.0
367.3320148702872	0.0
367.3420154696412	0.0
367.3520160689951	0.0
367.3620166683491	0.0
367.37201726770303	0.0
367.382017867057	0.0
367.39201846641095	0.0
367.40201906576493	0.0
367.41201966511886	0.0
367.42202026447285	0.0
367.4320208638268	0.0
367.44202146318077	0.0
367.4520220625347	0.0
367.4620226618887	0.0
367.4720232612426	0.0
367.4820238605966	0.0
367.4920244599506	0.0
367.5020250593045	0.0
367.5120256586585	0.0
367.52202625801243	0.0
367.5320268573664	0.0
367.54202745672035	0.0
367.55202805607433	0.0
367.56202865542826	0.0
367.57202925478225	0.0
367.5820298541362	0.0
367.59203045349017	0.0
367.6020310528441	0.0
367.6120316521981	0.0
367.622032251552	0.0
367.632032850906	0.0
367.64203345025993	0.0
367.6520340496139	0.0
367.66203464896785	0.0
367.67203524832183	0.0
367.68203584767576	0.0
367.69203644702975	0.0
367.7020370463837	0.0
367.71203764573767	0.0
367.72203824509165	0.0
367.7320388444456	0.0
367.74203944379957	0.0
367.7520400431535	0.0
367.7620406425075	0.0
367.7720412418614	0.0
367.7820418412154	0.0
367.79204244056933	0.0
367.8020430399233	0.0
367.81204363927725	0.0
367.82204423863124	0.0
367.83204483798517	0.0
367.84204543733915	0.0
367.8520460366931	1075.0
367.86204663604707	0.0
367.872047235401	0.0
367.882047834755	0.0
367.8920484341089	0.0
367.9020490334629	0.0
367.91204963281683	0.0
367.9220502321708	0.0
367.93205083152475	0.0
367.94205143087873	0.0
367.9520520302327	0.0
367.96205262958665	0.0
367.97205322894064	0.0
367.98205382829457	0.0
367.99205442764855	0.0
368.0020550270025	0.0
368.01205562635647	0.0
368.0220562257104	0.0
368.0320568250644	0.0
368.0420574244183	0.0
368.0520580237723	0.0
368.06205862312623	0.0
368.0720592224802	0.0
368.08205982183415	0.0
368.09206042118814	0.0
368.10206102054207	0.0
368.11206161989605	0.0
368.12206221925	0.0
368.13206281860397	0.0
368.1420634179579	0.0
368.1520640173119	0.0
368.1620646166659	0.0
368.1720652160198	0.0
368.1820658153738	0.0
368.1920664147277	0.0
368.2020670140817	0.0
368.21206761343564	0.0
368.2220682127896	0.0
368.23206881214355	0.0
368.24206941149754	0.0
368.25207001085147	0.0
368.26207061020546	0.0
368.2720712095594	0.0
368.2820718089134	0.0
368.2920724082673	0.0
368.3020730076213	0.0
368.3120736069752	0.0
368.3220742063292	0.0
368.33207480568313	0.0
368.3420754050371	0.0
368.35207600439105	0.0
368.36207660374504	0.0
368.37207720309897	0.0
368.38207780245295	0.0
368.39207840180694	0.0
368.40207900116087	0.0
368.41207960051486	0.0
368.4220801998688	0.0
368.4320807992228	0.0
368.4420813985767	0.0
368.4520819979307	0.0
368.4620825972846	0.0
368.4720831966386	0.0
368.48208379599254	0.0
368.4920843953465	0.0
368.50208499470045	0.0
368.51208559405444	0.0
368.52208619340837	0.0
368.53208679276236	0.0
368.5420873921163	0.0
368.5520879914703	0.0
368.5620885908242	0.0
368.5720891901782	0.0
368.5820897895321	0.0
368.5920903888861	0.0
368.60209098824004	0.0
368.612091587594	0.0
368.622092186948	0.0
368.63209278630194	0.0
368.6420933856559	0.0
368.65209398500986	0.0
368.66209458436384	0.0
368.6720951837178	0.0
368.68209578307176	0.0
368.6920963824257	0.0
368.7020969817797	0.0
368.7120975811336	0.0
368.7220981804876	0.0
368.7320987798415	0.0
368.7420993791955	0.0
368.75209997854944	0.0
368.7621005779034	0.0
368.77210117725735	0.0
368.78210177661134	0.0
368.79210237596527	0.0
368.80210297531926	0.0
368.8121035746732	0.0
368.8221041740272	0.0
368.83210477338116	0.0
368.8421053727351	0.0
368.8521059720891	0.0
368.862106571443	0.0
368.872107170797	0.0
368.8821077701509	0.0
368.8921083695049	0.0
368.90210896885884	0.0
368.9121095682128	0.0
368.92211016756676	0.0
368.93211076692074	0.0
368.9421113662747	0.0
368.95211196562866	0.0
368.9621125649826	0.0
368.9721131643366	0.0
368.9821137636905	0.0
368.9921143630445	0.0
369.0021149623984	0.0
369.0121155617524	0.0
369.02211616110634	0.0
369.0321167604603	0.0
369.04211735981426	0.0
369.05211795916824	0.0
369.06211855852223	0.0
369.07211915787616	0.0
369.08211975723015	0.0
369.0921203565841	0.0
369.10212095593806	0.0
369.112121555292	0.0
369.122122154646	0.0
369.1321227539999	1075.0
369.1421233533539	0.0
369.1521239527078	0.0
369.1621245520618	0.0
369.17212515141574	0.0
369.1821257507697	0.0
369.19212635012366	0.0
369.20212694947764	0.0
369.2121275488316	0.0
369.22212814818556	0.0
369.2321287475395	0.0
369.2421293468935	0.0
369.2521299462474	0.0
369.2621305456014	0.0
369.2721311449553	0.0
369.2821317443093	0.0
369.2921323436633	0.0
369.3021329430172	0.0
369.3121335423712	0.0
369.32213414172514	0.0
369.33213474107913	0.0
369.34213534043306	0.0
369.35213593978705	0.0
369.362136539141	0.0
369.37213713849496	0.0
369.3821377378489	0.0
369.3921383372029	0.0
369.4021389365568	0.0
369.4121395359108	0.0
369.4221401352647	0.0
369.4321407346187	0.0
369.44214133397264	0.0
369.45214193332663	0.0
369.46214253268056	0.0
369.47214313203455	0.0
369.4821437313885	0.0
369.49214433074246	0.0
369.50214493009645	0.0
369.5121455294504	0.0
369.52214612880437	0.0
369.5321467281583	0.0
369.5421473275123	0.0
369.5521479268662	0.0
369.5621485262202	0.0
369.57214912557413	0.0
369.5821497249281	0.0
369.59215032428204	0.0
369.60215092363603	0.0
369.61215152298996	0.0
369.62215212234395	0.0
369.6321527216979	0.0
369.64215332105186	0.0
369.6521539204058	0.0
369.6621545197598	0.0
369.6721551191137	0.0
369.6821557184677	0.0
369.6921563178216	0.0
369.7021569171756	0.0
369.71215751652954	0.0
369.72215811588353	0.0
369.7321587152375	0.0
369.74215931459145	0.0
369.75215991394543	0.0
369.76216051329936	0.0
369.77216111265335	0.0
369.7821617120073	0.0
369.79216231136127	0.0
369.8021629107152	0.0
369.8121635100692	0.0
369.8221641094231	0.0
369.8321647087771	0.0
369.84216530813103	0.0
369.852165907485	0.0
369.86216650683895	0.0
369.87216710619293	0.0
369.88216770554686	0.0
369.89216830490085	0.0
369.9021689042548	0.0
369.91216950360877	0.0
369.9221701029627	0.0
369.9321707023167	0.0
369.9421713016706	0.0
369.9521719010246	0.0
369.9621725003786	0.0
369.9721730997325	0.0
369.9821736990865	0.0
369.99217429844043	0.0
370.0021748977944	0.0
370.01217549714835	0.0
370.02217609650233	0.0
370.03217669585626	0.0
370.04217729521025	0.0
370.0521778945642	0.0
370.06217849391817	0.0
370.0721790932721	0.0
370.0821796926261	0.0
370.09218029198	0.0
370.102180891334	0.0
370.11218149068793	0.0
370.1221820900419	0.0
370.13218268939585	0.0
370.14218328874983	0.0
370.15218388810376	0.0
370.16218448745775	0.0
370.17218508681174	0.0
370.18218568616567	0.0
370.19218628551965	0.0
370.2021868848736	0.0
370.21218748422757	0.0
370.2221880835815	0.0
370.2321886829355	0.0
370.2421892822894	0.0
370.2521898816434	0.0
370.26219048099733	0.0
370.2721910803513	0.0
370.28219167970525	0.0
370.29219227905924	0.0
370.30219287841317	0.0
370.31219347776715	0.0
370.3221940771211	0.0
370.33219467647507	0.0
370.342195275829	0.0
370.352195875183	0.0
370.3621964745369	0.0
370.3721970738909	0.0
370.38219767324483	0.0
370.3921982725988	0.0
370.4021988719528	0.0
370.41219947130674	1075.0
370.4222000706607	0.0
370.43220067001465	0.0
370.44220126936864	0.0
370.45220186872257	0.0
370.46220246807655	0.0
370.4722030674305	0.0
370.48220366678447	0.0
370.4922042661384	0.0
370.5022048654924	0.0
370.5122054648463	0.0
370.5222060642003	0.0
370.53220666355423	0.0
370.5422072629082	0.0
370.55220786226215	0.0
370.56220846161614	0.0
370.57220906097007	0.0
370.58220966032405	0.0
370.592210259678	0.0
370.60221085903197	0.0
370.6122114583859	0.0
370.6222120577399	0.0
370.6322126570939	0.0
370.6422132564478	0.0
370.6522138558018	0.0
370.6622144551557	0.0
370.6722150545097	0.0
370.68221565386364	0.0
370.6922162532176	0.0
370.70221685257155	0.0
370.71221745192554	0.0
370.72221805127947	0.0
370.73221865063346	0.0
370.7422192499874	0.0
370.7522198493414	0.0
370.7622204486953	0.0
370.7722210480493	0.0
370.7822216474032	0.0
370.7922222467572	0.0
370.80222284611114	0.0
370.8122234454651	0.0
370.82222404481905	0.0
370.83222464417304	0.0
370.842225243527	0.0
370.85222584288096	0.0
370.86222644223494	0.0
370.87222704158887	0.0
370.88222764094286	0.0
370.8922282402968	0.0
370.9022288396508	0.0
370.9122294390047	0.0
370.9222300383587	0.0
370.9322306377126	0.0
370.9422312370666	0.0
370.95223183642054	0.0
370.9622324357745	0.0
370.97223303512845	0.0
370.98223363448244	0.0
370.99223423383637	0.0
371.00223483319036	0.0
371.0122354325443	0.0
371.0222360318983	0.0
371.0322366312522	0.0
371.0422372306062	0.0
371.0522378299601	0.0
371.0622384293141	0.0
371.0722390286681	0.0
371.082239628022	0.0
371.092240227376	0.0
371.10224082672994	0.0
371.1122414260839	0.0
371.12224202543786	0.0
371.13224262479184	0.0
371.1422432241458	0.0
371.15224382349976	0.0
371.1622444228537	0.0
371.1722450222077	0.0
371.1822456215616	0.0
371.1922462209156	0.0
371.2022468202695	0.0
371.2122474196235	0.0
371.22224801897744	0.0
371.2322486183314	0.0
371.24224921768536	0.0
371.25224981703934	0.0
371.2622504163933	0.0
371.27225101574726	0.0
371.2822516151012	0.0
371.2922522144552	0.0
371.30225281380916	0.0
371.3122534131631	0.0
371.3222540125171	0.0
371.332254611871	0.0
371.342255211225	0.0
371.3522558105789	0.0
371.3622564099329	0.0
371.37225700928684	0.0
371.3822576086408	0.0
371.39225820799476	0.0
371.40225880734874	0.0
371.4122594067027	0.0
371.42226000605666	0.0
371.4322606054106	0.0
371.4422612047646	0.0
371.4522618041185	0.0
371.4622624034725	0.0
371.4722630028264	0.0
371.4822636021804	0.0
371.49226420153434	0.0
371.5022648008883	0.0
371.5122654002423	0.0
371.52226599959624	0.0
371.53226659895023	0.0
371.54226719830416	0.0
371.55226779765815	0.0
371.5622683970121	0.0
371.57226899636606	0.0
371.58226959572	0.0
371.592270195074	0.0
371.6022707944279	0.0
371.6122713937819	0.0
371.6222719931358	0.0
371.6322725924898	0.0
371.64227319184374	0.0
371.65227379119773	0.0
371.66227439055166	0.0
371.67227498990565	0.0
371.6822755892596	0.0
371.69227618861356	1075.0
371.7022767879675	0.0
371.7122773873215	0.0
371.7222779866754	0.0
371.7322785860294	0.0
371.7422791853834	0.0
371.7522797847373	0.0
371.7622803840913	0.0
371.7722809834452	0.0
371.7822815827992	0.0
371.79228218215314	0.0
371.80228278150713	0.0
371.81228338086106	0.0
371.82228398021505	0.0
371.832284579569	0.0
371.84228517892296	0.0
371.8522857782769	0.0
371.8622863776309	0.0
371.8722869769848	0.0
371.8822875763388	0.0
371.8922881756927	0.0
371.9022887750467	0.0
371.91228937440064	0.0
371.92228997375463	0.0
371.93229057310856	0.0
371.94229117246255	0.0
371.9522917718165	0.0
371.96229237117046	0.0
371.97229297052445	0.0
371.9822935698784	0.0
371.99229416923237	0.0
372.0022947685863	0.0
372.0122953679403	0.0
372.0222959672942	0.0
372.0322965666482	0.0
372.04229716600213	0.0
372.0522977653561	0.0
372.06229836471005	0.0
372.07229896406403	0.0
372.08229956341796	0.0
372.09230016277195	0.0
372.1023007621259	0.0
372.11230136147987	0.0
372.1223019608338	0.0
372.1323025601878	0.0
372.1423031595417	0.0
372.1523037588957	0.0
372.1623043582496	0.0
372.1723049576036	0.0
372.18230555695754	0.0
372.19230615631153	0.0
372.2023067556655	0.0
372.21230735501945	0.0
372.22230795437343	0.0
372.23230855372736	0.0
372.24230915308135	0.0
372.2523097524353	0.0
372.26231035178927	0.0
372.2723109511432	0.0
372.2823115504972	0.0
372.2923121498511	0.0
372.3023127492051	0.0
372.31231334855903	0.0
372.322313947913	0.0
372.33231454726695	0.0
372.34231514662093	0.0
372.35231574597486	0.0
372.36231634532885	0.0
372.3723169446828	0.0
372.38231754403677	0.0
372.3923181433907	0.0
372.4023187427447	0.0
372.41231934209867	0.0
372.4223199414526	0.0
372.4323205408066	0.0
372.4423211401605	0.0
372.4523217395145	0.0
372.46232233886843	0.0
372.4723229382224	0.0
372.48232353757635	0.0
372.49232413693034	0.0
372.50232473628427	0.0
372.51232533563825	0.0
372.5223259349922	0.0
372.53232653434617	0.0
372.5423271337001	0.0
372.5523277330541	0.0
372.562328332408	0.0
372.572328931762	0.0
372.58232953111593	0.0
372.5923301304699	0.0
372.60233072982385	0.0
372.61233132917783	0.0
372.62233192853176	0.0
372.63233252788575	0.0
372.64233312723974	0.0
372.65233372659367	0.0
372.66233432594765	0.0
372.6723349253016	0.0
372.68233552465557	0.0
372.6923361240095	0.0
372.7023367233635	0.0
372.7123373227174	0.0
372.7223379220714	0.0
372.73233852142533	0.0
372.7423391207793	0.0
372.75233972013325	0.0
372.76234031948724	0.0
372.77234091884117	0.0
372.78234151819515	0.0
372.7923421175491	0.0
372.80234271690307	0.0
372.812343316257	0.0
372.822343915611	0.0
372.8323445149649	0.0
372.8423451143189	0.0
372.85234571367283	0.0
372.8623463130268	0.0
372.8723469123808	0.0
372.88234751173474	0.0
372.8923481110887	0.0
372.90234871044265	0.0
372.91234930979664	0.0
372.92234990915057	0.0
372.93235050850456	0.0
372.9423511078585	0.0
372.9523517072125	0.0
372.9623523065664	0.0
372.9723529059204	1075.0
372.9823535052743	0.0
372.9923541046283	0.0
373.00235470398223	0.0
373.0123553033362	0.0
373.02235590269015	0.0
373.03235650204414	0.0
373.04235710139807	0.0
373.05235770075205	0.0
373.062358300106	0.0
373.07235889945997	0.0
373.08235949881396	0.0
373.0923600981679	0.0
373.1023606975219	0.0
373.1123612968758	0.0
373.1223618962298	0.0
373.1323624955837	0.0
373.1423630949377	0.0
373.15236369429164	0.0
373.1623642936456	0.0
373.17236489299955	0.0
373.18236549235354	0.0
373.19236609170747	0.0
373.20236669106146	0.0
373.2123672904154	0.0
373.2223678897694	0.0
373.2323684891233	0.0
373.2423690884773	0.0
373.2523696878312	0.0
373.2623702871852	0.0
373.27237088653914	0.0
373.2823714858931	0.0
373.29237208524705	0.0
373.30237268460104	0.0
373.312373283955	0.0
373.32237388330896	0.0
373.33237448266294	0.0
373.3423750820169	0.0
373.35237568137086	0.0
373.3623762807248	0.0
373.3723768800788	0.0
373.3823774794327	0.0
373.3923780787867	0.0
373.4023786781406	0.0
373.4123792774946	0.0
373.42237987684854	0.0
373.4323804762025	0.0
373.44238107555645	0.0
373.45238167491044	0.0
373.46238227426437	0.0
373.47238287361836	0.0
373.4823834729723	0.0
373.4923840723263	0.0
373.5023846716802	0.0
373.5123852710342	0.0
373.5223858703881	0.0
373.5323864697421	0.0
373.5423870690961	0.0
373.55238766845	0.0
373.562388267804	0.0
373.57238886715794	0.0
373.5823894665119	0.0
373.59239006586586	0.0
373.60239066521984	0.0
373.6123912645738	0.0
373.62239186392776	0.0
373.6323924632817	0.0
373.6423930626357	0.0
373.6523936619896	0.0
373.6623942613436	0.0
373.6723948606975	0.0
373.6823954600515	0.0
373.69239605940544	0.0
373.7023966587594	0.0
373.71239725811336	0.0
373.72239785746734	0.0
373.7323984568213	0.0
373.74239905617526	0.0
373.75239965552925	0.0
373.7624002548832	0.0
373.77240085423716	0.0
373.7824014535911	0.0
373.7924020529451	0.0
373.802402652299	0.0
373.812403251653	0.0
373.8224038510069	0.0
373.8324044503609	0.0
373.84240504971484	0.0
373.8524056490688	0.0
373.86240624842276	0.0
373.87240684777674	0.0
373.8824074471307	0.0
373.89240804648466	0.0
373.9024086458386	0.0
373.9124092451926	0.0
373.9224098445465	0.0
373.9324104439005	0.0
373.9424110432544	0.0
373.9524116426084	0.0
373.96241224196234	0.0
373.9724128413163	0.0
373.9824134406703	0.0
373.99241404002424	0.0
374.00241463937823	0.0
374.01241523873216	0.0
374.02241583808615	0.0
374.0324164374401	0.0
374.04241703679406	0.0
374.052417636148	0.0
374.062418235502	0.0
374.0724188348559	0.0
374.0824194342099	0.0
374.0924200335638	0.0
374.1024206329178	0.0
374.11242123227174	0.0
374.12242183162573	0.0
374.13242243097966	0.0
374.14242303033365	0.0
374.1524236296876	0.0
374.16242422904156	0.0
374.1724248283955	0.0
374.1824254277495	0.0
374.1924260271034	0.0
374.2024266264574	0.0
374.2124272258114	0.0
374.2224278251653	0.0
374.2324284245193	0.0
374.2424290238732	0.0
374.2524296232272	1075.0
374.26243022258114	0.0
374.27243082193513	0.0
374.28243142128906	0.0
374.29243202064305	0.0
374.302432619997	0.0
374.31243321935096	0.0
374.3224338187049	0.0
374.3324344180589	0.0
374.3424350174128	0.0
374.3524356167668	0.0
374.3624362161207	0.0
374.3724368154747	0.0
374.38243741482864	0.0
374.39243801418263	0.0
374.40243861353656	0.0
374.41243921289055	0.0
374.42243981224453	0.0
374.43244041159846	0.0
374.44244101095245	0.0
374.4524416103064	0.0
374.46244220966037	0.0
374.4724428090143	0.0
374.4824434083683	0.0
374.4924440077222	0.0
374.5024446070762	0.0
374.51244520643013	0.0
374.5224458057841	0.0
374.53244640513805	0.0
374.54244700449203	0.0
374.55244760384596	0.0
374.56244820319995	0.0
374.5724488025539	0.0
374.58244940190787	0.0
374.5924500012618	0.0
374.6024506006158	0.0
374.6124511999697	0.0
374.6224517993237	0.0
374.63245239867763	0.0
374.6424529980316	0.0
374.6524535973856	0.0
374.66245419673953	0.0
374.6724547960935	0.0
374.68245539544745	0.0
374.69245599480143	0.0
374.70245659415536	0.0
374.71245719350935	0.0
374.7224577928633	0.0
374.73245839221727	0.0
374.7424589915712	0.0
374.7524595909252	0.0
374.7624601902791	0.0
374.7724607896331	0.0
374.78246138898703	0.0
374.792461988341	0.0
374.80246258769495	0.0
374.81246318704893	0.0
374.82246378640286	0.0
374.83246438575685	0.0
374.8424649851108	0.0
374.85246558446477	0.0
374.8624661838187	0.0
374.8724667831727	0.0
374.88246738252667	0.0
374.8924679818806	0.0
374.9024685812346	0.0
374.9124691805885	0.0
374.9224697799425	0.0
374.93247037929643	0.0
374.9424709786504	0.0
374.95247157800435	0.0
374.96247217735834	0.0
374.97247277671227	0.0
374.98247337606625	0.0
374.9924739754202	0.0
375.00247457477417	0.0
375.0124751741281	0.0
375.0224757734821	0.0
375.032476372836	0.0
375.04247697219	0.0
375.05247757154393	0.0
375.0624781708979	0.0
375.07247877025185	0.0
375.08247936960584	0.0
375.0924799689598	0.0
375.10248056831375	0.0
375.11248116766774	0.0
375.12248176702167	0.0
375.13248236637565	0.0
375.1424829657296	0.0
375.15248356508357	0.0
375.1624841644375	0.0
375.1724847637915	0.0
375.1824853631454	0.0
375.1924859624994	0.0
375.20248656185333	0.0
375.2124871612073	0.0
375.22248776056125	0.0
375.23248835991524	0.0
375.24248895926917	0.0
375.25248955862315	0.0
375.2624901579771	0.0
375.27249075733107	0.0
375.282491356685	0.0
375.292491956039	0.0
375.3024925553929	0.0
375.3124931547469	0.0
375.3224937541009	0.0
375.3324943534548	0.0
375.3424949528088	0.0
375.35249555216274	0.0
375.3624961515167	0.0
375.37249675087065	0.0
375.38249735022464	0.0
375.39249794957857	0.0
375.40249854893256	0.0
375.4124991482865	0.0
375.4224997476405	0.0
375.4325003469944	0.0
375.4425009463484	0.0
375.4525015457023	0.0
375.4625021450563	0.0
375.47250274441024	0.0
375.4825033437642	0.0
375.49250394311815	0.0
375.50250454247214	0.0
375.51250514182607	0.0
375.52250574118005	0.0
375.532506340534	1075.0
375.54250693988797	0.0
375.55250753924196	0.0
375.5625081385959	0.0
375.5725087379499	0.0
375.5825093373038	0.0
375.5925099366578	0.0
375.6025105360117	0.0
375.6125111353657	0.0
375.62251173471964	0.0
375.6325123340736	0.0
375.64251293342755	0.0
375.65251353278154	0.0
375.66251413213547	0.0
375.67251473148946	0.0
375.6825153308434	0.0
375.6925159301974	0.0
375.7025165295513	0.0
375.7125171289053	0.0
375.7225177282592	0.0
375.7325183276132	0.0
375.74251892696714	0.0
375.7525195263211	0.0
375.7625201256751	0.0
375.77252072502904	0.0
375.782521324383	0.0
375.79252192373696	0.0
375.80252252309094	0.0
375.8125231224449	0.0
375.82252372179886	0.0
375.8325243211528	0.0
375.8425249205068	0.0
375.8525255198607	0.0
375.8625261192147	0.0
375.8725267185686	0.0
375.8825273179226	0.0
375.89252791727654	0.0
375.9025285166305	0.0
375.91252911598446	0.0
375.92252971533844	0.0
375.93253031469237	0.0
375.94253091404636	0.0
375.9525315134003	0.0
375.9625321127543	0.0
375.9725327121082	0.0
375.9825333114622	0.0
375.9925339108162	0.0
376.0025345101701	0.0
376.0125351095241	0.0
376.022535708878	0.0
376.032536308232	0.0
376.04253690758594	0.0
376.0525375069399	0.0
376.06253810629386	0.0
376.07253870564784	0.0
376.0825393050018	0.0
376.09253990435576	0.0
376.1025405037097	0.0
376.1125411030637	0.0
376.1225417024176	0.0
376.1325423017716	0.0
376.1425429011255	0.0
376.1525435004795	0.0
376.16254409983344	0.0
376.1725446991874	0.0
376.18254529854136	0.0
376.19254589789534	0.0
376.2025464972493	0.0
376.21254709660326	0.0
376.22254769595725	0.0
376.2325482953112	0.0
376.24254889466516	0.0
376.2525494940191	0.0
376.2625500933731	0.0
376.272550692727	0.0
376.282551292081	0.0
376.2925518914349	0.0
376.3025524907889	0.0
376.31255309014284	0.0
376.32255368949683	0.0
376.33255428885076	0.0
376.34255488820475	0.0
376.3525554875587	0.0
376.36255608691266	0.0
376.3725566862666	0.0
376.3825572856206	0.0
376.3925578849745	0.0
376.4025584843285	0.0
376.4125590836824	0.0
376.4225596830364	0.0
376.4325602823904	0.0
376.4425608817443	0.0
376.4525614810983	0.0
376.46256208045224	0.0
376.47256267980623	0.0
376.48256327916016	0.0
376.49256387851415	0.0
376.5025644778681	0.0
376.51256507722206	0.0
376.522565676576	0.0
376.53256627593	0.0
376.5425668752839	0.0
376.5525674746379	0.0
376.5625680739918	0.0
376.5725686733458	0.0
376.58256927269974	0.0
376.59256987205373	0.0
376.60257047140766	0.0
376.61257107076165	0.0
376.6225716701156	0.0
376.63257226946956	0.0
376.6425728688235	0.0
376.6525734681775	0.0
376.66257406753147	0.0
376.6725746668854	0.0
376.6825752662394	0.0
376.6925758655933	0.0
376.7025764649473	0.0
376.71257706430123	0.0
376.7225776636552	0.0
376.73257826300915	0.0
376.74257886236313	0.0
376.75257946171706	0.0
376.76258006107105	0.0
376.772580660425	0.0
376.78258125977896	0.0
376.7925818591329	0.0
376.8025824584869	0.0
376.8125830578408	1075.0
376.8225836571948	0.0
376.8325842565487	0.0
376.8425848559027	0.0
376.85258545525664	0.0
376.86258605461063	0.0
376.87258665396456	0.0
376.88258725331855	0.0
376.89258785267253	0.0
376.90258845202646	0.0
376.91258905138045	0.0
376.9225896507344	0.0
376.93259025008837	0.0
376.9425908494423	0.0
376.9525914487963	0.0
376.9625920481502	0.0
376.9725926475042	0.0
376.98259324685813	0.0
376.9925938462121	0.0
377.00259444556605	0.0
377.01259504492003	0.0
377.02259564427396	0.0
377.03259624362795	0.0
377.0425968429819	0.0
377.05259744233587	0.0
377.0625980416898	0.0
377.0725986410438	0.0
377.0825992403977	0.0
377.0925998397517	0.0
377.1026004391057	0.0
377.1126010384596	0.0
377.1226016378136	0.0
377.13260223716753	0.0
377.1426028365215	0.0
377.15260343587545	0.0
377.16260403522944	0.0
377.17260463458337	0.0
377.18260523393735	0.0
377.1926058332913	0.0
377.20260643264527	0.0
377.2126070319992	0.0
377.2226076313532	0.0
377.2326082307071	0.0
377.2426088300611	0.0
377.25260942941503	0.0
377.262610028769	0.0
377.27261062812295	0.0
377.28261122747693	0.0
377.29261182683086	0.0
377.30261242618485	0.0
377.3126130255388	0.0
377.32261362489277	0.0
377.33261422424675	0.0
377.3426148236007	0.0
377.35261542295467	0.0
377.3626160223086	0.0
377.3726166216626	0.0
377.3826172210165	0.0
377.3926178203705	0.0
377.40261841972443	0.0
377.4126190190784	0.0
377.42261961843235	0.0
377.43262021778634	0.0
377.44262081714027	0.0
377.45262141649425	0.0
377.4626220158482	0.0
377.47262261520217	0.0
377.4826232145561	0.0
377.4926238139101	0.0
377.502624413264	0.0
377.512625012618	0.0
377.52262561197193	0.0
377.5326262113259	0.0
377.54262681067985	0.0
377.55262741003384	0.0
377.5626280093878	0.0
377.57262860874175	0.0
377.58262920809574	0.0
377.59262980744967	0.0
377.60263040680366	0.0
377.6126310061576	0.0
377.6226316055116	0.0
377.6326322048655	0.0
377.6426328042195	0.0
377.6526334035734	0.0
377.6626340029274	0.0
377.67263460228133	0.0
377.6826352016353	0.0
377.69263580098925	0.0
377.70263640034324	0.0
377.71263699969717	0.0
377.72263759905115	0.0
377.7326381984051	0.0
377.74263879775907	0.0
377.752639397113	0.0
377.762639996467	0.0
377.772640595821	0.0
377.7826411951749	0.0
377.7926417945289	0.0
377.8026423938828	0.0
377.8126429932368	0.0
377.82264359259074	0.0
377.8326441919447	0.0
377.84264479129865	0.0
377.85264539065264	0.0
377.86264599000657	0.0
377.87264658936056	0.0
377.8826471887145	0.0
377.8926477880685	0.0
377.9026483874224	0.0
377.9126489867764	0.0
377.9226495861303	0.0
377.9326501854843	0.0
377.94265078483824	0.0
377.9526513841922	0.0
377.96265198354615	0.0
377.97265258290014	0.0
377.98265318225407	0.0
377.99265378160806	0.0
378.00265438096204	0.0
378.012654980316	0.0
378.02265557966996	0.0
378.0326561790239	0.0
378.0426567783779	0.0
378.0526573777318	0.0
378.0626579770858	0.0
378.0726585764397	0.0
378.0826591757937	0.0
378.09265977514764	1075.0
378.1026603745016	0.0
378.11266097385555	0.0
378.12266157320954	0.0
378.13266217256347	0.0
378.14266277191746	0.0
378.1526633712714	0.0
378.1626639706254	0.0
378.1726645699793	0.0
378.1826651693333	0.0
378.1926657686872	0.0
378.2026663680412	0.0
378.21266696739514	0.0
378.2226675667491	0.0
378.2326681661031	0.0
378.24266876545704	0.0
378.252669364811	0.0
378.26266996416496	0.0
378.27267056351894	0.0
378.2826711628729	0.0
378.29267176222686	0.0
378.3026723615808	0.0
378.3126729609348	0.0
378.3226735602887	0.0
378.3326741596427	0.0
378.3426747589966	0.0
378.3526753583506	0.0
378.36267595770454	0.0
378.3726765570585	0.0
378.38267715641246	0.0
378.39267775576644	0.0
378.4026783551204	0.0
378.41267895447436	0.0
378.4226795538283	0.0
378.4326801531823	0.0
378.44268075253626	0.0
378.4526813518902	0.0
378.4626819512442	0.0
378.4726825505981	0.0
378.4826831499521	0.0
378.492683749306	0.0
378.50268434866	0.0
378.51268494801394	0.0
378.5226855473679	0.0
378.53268614672186	0.0
378.54268674607584	0.0
378.5526873454298	0.0
378.56268794478376	0.0
378.5726885441377	0.0
378.5826891434917	0.0
378.5926897428456	0.0
378.6026903421996	0.0
378.6126909415535	0.0
378.6226915409075	0.0
378.63269214026144	0.0
378.6426927396154	0.0
378.65269333896936	0.0
378.66269393832334	0.0
378.67269453767733	0.0
378.68269513703126	0.0
378.69269573638525	0.0
378.7026963357392	0.0
378.71269693509316	0.0
378.7226975344471	0.0
378.7326981338011	0.0
378.742698733155	0.0
378.752699332509	0.0
378.7626999318629	0.0
378.7727005312169	0.0
378.78270113057084	0.0
378.79270172992483	0.0
378.80270232927876	0.0
378.81270292863275	0.0
378.8227035279867	0.0
378.83270412734066	0.0
378.8427047266946	0.0
378.8527053260486	0.0
378.8627059254025	0.0
378.8727065247565	0.0
378.8827071241104	0.0
378.8927077234644	0.0
378.9027083228184	0.0
378.9127089221723	0.0
378.9227095215263	0.0
378.93271012088024	0.0
378.94271072023423	0.0
378.95271131958816	0.0
378.96271191894215	0.0
378.9727125182961	0.0
378.98271311765006	0.0
378.992713717004	0.0
379.002714316358	0.0
379.0127149157119	0.0
379.0227155150659	0.0
379.0327161144198	0.0
379.0427167137738	0.0
379.05271731312774	0.0
379.06271791248173	0.0
379.07271851183566	0.0
379.08271911118965	0.0
379.0927197105436	0.0
379.10272030989756	0.0
379.11272090925155	0.0
379.1227215086055	0.0
379.13272210795947	0.0
379.1427227073134	0.0
379.1527233066674	0.0
379.1627239060213	0.0
379.1727245053753	0.0
379.18272510472923	0.0
379.1927257040832	0.0
379.20272630343715	0.0
379.21272690279113	0.0
379.22272750214506	0.0
379.23272810149905	0.0
379.242728700853	0.0
379.25272930020697	0.0
379.2627298995609	0.0
379.2727304989149	0.0
379.2827310982688	0.0
379.2927316976228	0.0
379.3027322969767	0.0
379.3127328963307	0.0
379.32273349568464	0.0
379.33273409503863	0.0
379.3427346943926	0.0
379.35273529374655	0.0
379.36273589310053	0.0
379.37273649245446	1075.0
379.38273709180845	0.0
379.3927376911624	0.0
379.40273829051637	0.0
379.4127388898703	0.0
379.4227394892243	0.0
379.4327400885782	0.0
379.4427406879322	0.0
379.45274128728613	0.0
379.4627418866401	0.0
379.47274248599405	0.0
379.48274308534803	0.0
379.49274368470196	0.0
379.50274428405595	0.0
379.5127448834099	0.0
379.52274548276387	0.0
379.5327460821178	0.0
379.5427466814718	0.0
379.5527472808257	0.0
379.5627478801797	0.0
379.5727484795337	0.0
379.5827490788876	0.0
379.5927496782416	0.0
379.60275027759553	0.0
379.6127508769495	0.0
379.62275147630345	0.0
379.63275207565744	0.0
379.64275267501137	0.0
379.65275327436535	0.0
379.6627538737193	0.0
379.67275447307327	0.0
379.6827550724272	0.0
379.6927556717812	0.0
379.7027562711351	0.0
379.7127568704891	0.0
379.72275746984303	0.0
379.732758069197	0.0
379.74275866855095	0.0
379.75275926790493	0.0
379.76275986725886	0.0
379.77276046661285	0.0
379.7827610659668	0.0
379.79276166532077	0.0
379.80276226467475	0.0
379.8127628640287	0.0
379.82276346338267	0.0
379.8327640627366	0.0
379.8427646620906	0.0
379.8527652614445	0.0
379.8627658607985	0.0
379.87276646015243	0.0
379.8827670595064	0.0
379.89276765886035	0.0
379.90276825821434	0.0
379.91276885756827	0.0
379.92276945692225	0.0
379.9327700562762	0.0
379.94277065563017	0.0
379.9527712549841	0.0
379.9627718543381	0.0
379.972772453692	0.0
379.982773053046	0.0
379.99277365239993	0.0
380.0027742517539	0.0
380.0127748511079	0.0
380.02277545046184	0.0
380.0327760498158	0.0
380.04277664916975	0.0
380.05277724852374	0.0
380.06277784787767	0.0
380.07277844723166	0.0
380.0827790465856	0.0
380.0927796459396	0.0
380.1027802452935	0.0
380.1127808446475	0.0
380.1227814440014	0.0
380.1327820433554	0.0
380.14278264270934	0.0
380.1527832420633	0.0
380.16278384141725	0.0
380.17278444077124	0.0
380.18278504012517	0.0
380.19278563947915	0.0
380.2027862388331	0.0
380.21278683818707	0.0
380.222787437541	0.0
380.232788036895	0.0
380.242788636249	0.0
380.2527892356029	0.0
380.2627898349569	0.0
380.2727904343108	0.0
380.2827910336648	0.0
380.29279163301874	0.0
380.3027922323727	0.0
380.31279283172665	0.0
380.32279343108064	0.0
380.33279403043457	0.0
380.34279462978856	0.0
380.3527952291425	0.0
380.3627958284965	0.0
380.3727964278504	0.0
380.3827970272044	0.0
380.3927976265583	0.0
380.4027982259123	0.0
380.41279882526624	0.0
380.4227994246202	0.0
380.43280002397415	0.0
380.44280062332814	0.0
380.45280122268207	0.0
380.46280182203606	0.0
380.47280242139004	0.0
380.482803020744	0.0
380.49280362009796	0.0
380.5028042194519	0.0
380.5128048188059	0.0
380.5228054181598	0.0
380.5328060175138	0.0
380.5428066168677	0.0
380.5528072162217	0.0
380.56280781557564	0.0
380.5728084149296	0.0
380.58280901428355	0.0
380.59280961363754	0.0
380.60281021299147	0.0
380.61281081234546	0.0
380.6228114116994	0.0
380.6328120110534	0.0
380.6428126104073	0.0
380.6528132097613	1075.0
380.6628138091152	0.0
380.6728144084692	0.0
380.6828150078232	0.0
380.6928156071771	0.0
380.7028162065311	0.0
380.71281680588504	0.0
380.722817405239	0.0
380.73281800459296	0.0
380.74281860394694	0.0
380.7528192033009	0.0
380.76281980265486	0.0
380.7728204020088	0.0
380.7828210013628	0.0
380.7928216007167	0.0
380.8028222000707	0.0
380.8128227994246	0.0
380.8228233987786	0.0
380.83282399813254	0.0
380.8428245974865	0.0
380.85282519684046	0.0
380.86282579619444	0.0
380.8728263955484	0.0
380.88282699490236	0.0
380.8928275942563	0.0
380.9028281936103	0.0
380.91282879296426	0.0
380.9228293923182	0.0
380.9328299916722	0.0
380.9428305910261	0.0
380.9528311903801	0.0
380.962831789734	0.0
380.972832389088	0.0
380.98283298844194	0.0
380.99283358779593	0.0
381.00283418714986	0.0
381.01283478650384	0.0
381.0228353858578	0.0
381.03283598521176	0.0
381.0428365845657	0.0
381.0528371839197	0.0
381.0628377832736	0.0
381.0728383826276	0.0
381.0828389819815	0.0
381.0928395813355	0.0
381.10284018068944	0.0
381.1128407800434	0.0
381.12284137939736	0.0
381.13284197875134	0.0
381.14284257810533	0.0
381.15284317745926	0.0
381.16284377681325	0.0
381.1728443761672	0.0
381.18284497552116	0.0
381.1928455748751	0.0
381.2028461742291	0.0
381.212846773583	0.0
381.222847372937	0.0
381.2328479722909	0.0
381.2428485716449	0.0
381.25284917099884	0.0
381.26284977035283	0.0
381.27285036970676	0.0
381.28285096906075	0.0
381.2928515684147	0.0
381.30285216776866	0.0
381.3128527671226	0.0
381.3228533664766	0.0
381.3328539658305	0.0
381.3428545651845	0.0
381.3528551645385	0.0
381.3628557638924	0.0
381.3728563632464	0.0
381.38285696260033	0.0
381.3928575619543	0.0
381.40285816130825	0.0
381.41285876066223	0.0
381.42285936001616	0.0
381.43285995937015	0.0
381.4428605587241	0.0
381.45286115807806	0.0
381.462861757432	0.0
381.472862356786	0.0
381.4828629561399	0.0
381.4928635554939	0.0
381.5028641548478	0.0
381.5128647542018	0.0
381.52286535355574	0.0
381.53286595290973	0.0
381.54286655226366	0.0
381.55286715161765	0.0
381.5628677509716	0.0
381.57286835032556	0.0
381.58286894967955	0.0
381.5928695490335	0.0
381.60287014838747	0.0
381.6128707477414	0.0
381.6228713470954	0.0
381.6328719464493	0.0
381.6428725458033	0.0
381.65287314515723	0.0
381.6628737445112	0.0
381.67287434386515	0.0
381.68287494321913	0.0
381.69287554257306	0.0
381.70287614192705	0.0
381.712876741281	0.0
381.72287734063497	0.0
381.7328779399889	0.0
381.7428785393429	0.0
381.7528791386968	0.0
381.7628797380508	0.0
381.77288033740473	0.0
381.7828809367587	0.0
381.79288153611265	0.0
381.80288213546663	0.0
381.8128827348206	0.0
381.82288333417455	0.0
381.83288393352854	0.0
381.84288453288247	0.0
381.85288513223645	0.0
381.8628857315904	0.0
381.87288633094437	0.0
381.8828869302983	0.0
381.8928875296523	0.0
381.9028881290062	0.0
381.9128887283602	0.0
381.92288932771413	0.0
381.9328899270681	1075.0
381.94289052642205	0.0
381.95289112577603	0.0
381.96289172512996	0.0
381.97289232448395	0.0
381.9828929238379	0.0
381.99289352319187	0.0
382.0028941225458	0.0
382.0128947218998	0.0
382.02289532125377	0.0
382.0328959206077	0.0
382.0428965199617	0.0
382.0528971193156	0.0
382.0628977186696	0.0
382.07289831802353	0.0
382.0828989173775	0.0
382.09289951673145	0.0
382.10290011608544	0.0
382.11290071543937	0.0
382.12290131479335	0.0
382.1329019141473	0.0
382.14290251350127	0.0
382.1529031128552	0.0
382.1629037122092	0.0
382.1729043115631	0.0
382.1829049109171	0.0
382.19290551027103	0.0
382.202906109625	0.0
382.21290670897895	0.0
382.22290730833294	0.0
382.23290790768687	0.0
382.24290850704085	0.0
382.25290910639484	0.0
382.26290970574877	0.0
382.27291030510276	0.0
382.2829109044567	0.0
382.29291150381067	0.0
382.3029121031646	0.0
382.3129127025186	0.0
382.3229133018725	0.0
382.3329139012265	0.0
382.34291450058043	0.0
382.3529150999344	0.0
382.36291569928835	0.0
382.37291629864234	0.0
382.38291689799627	0.0
382.39291749735025	0.0
382.4029180967042	0.0
382.41291869605817	0.0
382.4229192954121	0.0
382.4329198947661	0.0
382.44292049412	0.0
382.452921093474	0.0
382.46292169282793	0.0
382.4729222921819	0.0
382.4829228915359	0.0
382.49292349088984	0.0
382.5029240902438	0.0
382.51292468959775	0.0
382.52292528895174	0.0
382.53292588830567	0.0
382.54292648765966	0.0
382.5529270870136	0.0
382.5629276863676	0.0
382.5729282857215	0.0
382.5829288850755	0.0
382.5929294844294	0.0
382.6029300837834	0.0
382.61293068313734	0.0
382.6229312824913	0.0
382.63293188184525	0.0
382.64293248119924	0.0
382.65293308055317	0.0
382.66293367990716	0.0
382.6729342792611	0.0
382.6829348786151	0.0
382.69293547796906	0.0
382.702936077323	0.0
382.712936676677	0.0
382.7229372760309	0.0
382.7329378753849	0.0
382.7429384747388	0.0
382.7529390740928	0.0
382.76293967344674	0.0
382.7729402728007	0.0
382.78294087215465	0.0
382.79294147150864	0.0
382.80294207086257	0.0
382.81294267021656	0.0
382.8229432695705	0.0
382.8329438689245	0.0
382.8429444682784	0.0
382.8529450676324	0.0
382.8629456669863	0.0
382.8729462663403	0.0
382.88294686569424	0.0
382.8929474650482	0.0
382.90294806440215	0.0
382.91294866375614	0.0
382.9229492631101	0.0
382.93294986246406	0.0
382.94295046181804	0.0
382.952951061172	0.0
382.96295166052596	0.0
382.9729522598799	0.0
382.9829528592339	0.0
382.9929534585878	0.0
383.0029540579418	0.0
383.0129546572957	0.0
383.0229552566497	0.0
383.03295585600364	0.0
383.0429564553576	0.0
383.05295705471156	0.0
383.06295765406554	0.0
383.0729582534195	0.0
383.08295885277346	0.0
383.0929594521274	0.0
383.1029600514814	0.0
383.1129606508353	0.0
383.1229612501893	0.0
383.1329618495432	0.0
383.1429624488972	0.0
383.1529630482512	0.0
383.1629636476051	0.0
383.1729642469591	0.0
383.18296484631304	0.0
383.192965445667	0.0
383.20296604502096	0.0
383.21296664437494	1075.0
383.2229672437289	0.0
383.23296784308286	0.0
383.2429684424368	0.0
383.2529690417908	0.0
383.2629696411447	0.0
383.2729702404987	0.0
383.2829708398526	0.0
383.2929714392066	0.0
383.30297203856054	0.0
383.3129726379145	0.0
383.32297323726846	0.0
383.33297383662244	0.0
383.3429744359764	0.0
383.35297503533036	0.0
383.36297563468435	0.0
383.3729762340383	0.0
383.38297683339226	0.0
383.3929774327462	0.0
383.4029780321002	0.0
383.4129786314541	0.0
383.4229792308081	0.0
383.432979830162	0.0
383.442980429516	0.0
383.45298102886994	0.0
383.46298162822393	0.0
383.47298222757786	0.0
383.48298282693185	0.0
383.4929834262858	0.0
383.50298402563976	0.0
383.5129846249937	0.0
383.5229852243477	0.0
383.5329858237016	0.0
383.5429864230556	0.0
383.5529870224095	0.0
383.5629876217635	0.0
383.57298822111744	0.0
383.5829888204714	0.0
383.5929894198254	0.0
383.60299001917934	0.0
383.61299061853333	0.0
383.62299121788726	0.0
383.63299181724125	0.0
383.6429924165952	0.0
383.65299301594916	0.0
383.6629936153031	0.0
383.6729942146571	0.0
383.682994814011	0.0
383.692995413365	0.0
383.7029960127189	0.0
383.7129966120729	0.0
383.72299721142684	0.0
383.73299781078083	0.0
383.74299841013476	0.0
383.75299900948875	0.0
383.7629996088427	0.0
383.77300020819666	0.0
383.7830008075506	0.0
383.7930014069046	0.0
383.8030020062585	0.0
383.8130026056125	0.0
383.8230032049665	0.0
383.8330038043204	0.0
383.8430044036744	0.0
383.85300500302833	0.0
383.8630056023823	0.0
383.87300620173625	0.0
383.88300680109023	0.0
383.89300740044416	0.0
383.90300799979815	0.0
383.9130085991521	0.0
383.92300919850607	0.0
383.93300979786	0.0
383.943010397214	0.0
383.9530109965679	0.0
383.9630115959219	0.0
383.9730121952758	0.0
383.9830127946298	0.0
383.99301339398374	0.0
384.00301399333773	0.0
384.01301459269166	0.0
384.02301519204565	0.0
384.03301579139963	0.0
384.04301639075356	0.0
384.05301699010755	0.0
384.0630175894615	0.0
384.07301818881547	0.0
384.0830187881694	0.0
384.0930193875234	0.0
384.1030199868773	0.0
384.1130205862313	0.0
384.12302118558523	0.0
384.1330217849392	0.0
384.14302238429315	0.0
384.15302298364713	0.0
384.16302358300106	0.0
384.17302418235505	0.0
384.183024781709	0.0
384.19302538106297	0.0
384.2030259804169	0.0
384.2130265797709	0.0
384.2230271791248	0.0
384.2330277784788	0.0
384.24302837783273	0.0
384.2530289771867	0.0
384.2630295765407	0.0
384.27303017589463	0.0
384.2830307752486	0.0
384.29303137460255	0.0
384.30303197395654	0.0
384.31303257331047	0.0
384.32303317266445	0.0
384.3330337720184	0.0
384.34303437137237	0.0
384.3530349707263	0.0
384.3630355700803	0.0
384.3730361694342	0.0
384.3830367687882	0.0
384.39303736814213	0.0
384.4030379674961	0.0
384.41303856685005	0.0
384.42303916620403	0.0
384.43303976555796	0.0
384.44304036491195	0.0
384.4530409642659	0.0
384.46304156361987	0.0
384.4730421629738	0.0
384.4830427623278	0.0
384.49304336168177	1075.0
384.5030439610357	0.0
384.5130445603897	0.0
384.5230451597436	0.0
384.5330457590976	0.0
384.54304635845153	0.0
384.5530469578055	0.0
384.56304755715945	0.0
384.57304815651344	0.0
384.58304875586737	0.0
384.59304935522135	0.0
384.6030499545753	0.0
384.61305055392927	0.0
384.6230511532832	0.0
384.6330517526372	0.0
384.6430523519911	0.0
384.6530529513451	0.0
384.66305355069903	0.0
384.673054150053	0.0
384.68305474940695	0.0
384.69305534876094	0.0
384.7030559481149	0.0
384.71305654746885	0.0
384.72305714682284	0.0
384.73305774617677	0.0
384.74305834553076	0.0
384.7530589448847	0.0
384.7630595442387	0.0
384.7730601435926	0.0
384.7830607429466	0.0
384.7930613423005	0.0
384.8030619416545	0.0
384.81306254100843	0.0
384.8230631403624	0.0
384.83306373971635	0.0
384.84306433907034	0.0
384.85306493842427	0.0
384.86306553777825	0.0
384.8730661371322	0.0
384.88306673648617	0.0
384.8930673358401	0.0
384.9030679351941	0.0
384.913068534548	0.0
384.923069133902	0.0
384.933069733256	0.0
384.9430703326099	0.0
384.9530709319639	0.0
384.96307153131784	0.0
384.9730721306718	0.0
384.98307273002575	0.0
384.99307332937974	0.0
385.00307392873367	0.0
385.01307452808766	0.0
385.0230751274416	0.0
385.0330757267956	0.0
385.0430763261495	0.0
385.0530769255035	0.0
385.0630775248574	0.0
385.0730781242114	0.0
385.08307872356534	0.0
385.0930793229193	0.0
385.10307992227325	0.0
385.11308052162724	0.0
385.12308112098117	0.0
385.13308172033516	0.0
385.1430823196891	0.0
385.1530829190431	0.0
385.16308351839706	0.0
385.173084117751	0.0
385.183084717105	0.0
385.1930853164589	0.0
385.2030859158129	0.0
385.2130865151668	0.0
385.2230871145208	0.0
385.23308771387474	0.0
385.2430883132287	0.0
385.25308891258265	0.0
385.26308951193664	0.0
385.27309011129057	0.0
385.28309071064456	0.0
385.2930913099985	0.0
385.3030919093525	0.0
385.3130925087064	0.0
385.3230931080604	0.0
385.3330937074143	0.0
385.3430943067683	0.0
385.35309490612224	0.0
385.3630955054762	0.0
385.3730961048302	0.0
385.38309670418414	0.0
385.3930973035381	0.0
385.40309790289206	0.0
385.41309850224604	0.0
385.4230991016	0.0
385.43309970095396	0.0
385.4431003003079	0.0
385.4531008996619	0.0
385.4631014990158	0.0
385.4731020983698	0.0
385.4831026977237	0.0
385.4931032970777	0.0
385.50310389643164	0.0
385.5131044957856	0.0
385.52310509513956	0.0
385.53310569449354	0.0
385.5431062938475	0.0
385.55310689320146	0.0
385.5631074925554	0.0
385.5731080919094	0.0
385.5831086912633	0.0
385.5931092906173	0.0
385.6031098899713	0.0
385.6131104893252	0.0
385.6231110886792	0.0
385.6331116880331	0.0
385.6431122873871	0.0
385.65311288674104	0.0
385.663113486095	0.0
385.67311408544896	0.0
385.68311468480294	0.0
385.6931152841569	0.0
385.70311588351086	0.0
385.7131164828648	0.0
385.7231170822188	0.0
385.7331176815727	0.0
385.7431182809267	0.0
385.7531188802806	0.0
385.7631194796346	0.0
385.77312007898854	1075.0
385.7831206783425	0.0
385.79312127769646	0.0
385.80312187705044	0.0
385.8131224764044	0.0
385.82312307575836	0.0
385.83312367511235	0.0
385.8431242744663	0.0
385.85312487382026	0.0
385.8631254731742	0.0
385.8731260725282	0.0
385.8831266718821	0.0
385.8931272712361	0.0
385.90312787059	0.0
385.913128469944	0.0
385.92312906929794	0.0
385.93312966865193	0.0
385.94313026800586	0.0
385.95313086735985	0.0
385.9631314667138	0.0
385.97313206606776	0.0
385.9831326654217	0.0
385.9931332647757	0.0
386.0031338641296	0.0
386.0131344634836	0.0
386.0231350628375	0.0
386.0331356621915	0.0
386.0431362615455	0.0
386.05313686089943	0.0
386.0631374602534	0.0
386.07313805960734	0.0
386.08313865896133	0.0
386.09313925831526	0.0
386.10313985766925	0.0
386.1131404570232	0.0
386.12314105637716	0.0
386.1331416557311	0.0
386.1431422550851	0.0
386.153142854439	0.0
386.163143453793	0.0
386.1731440531469	0.0
386.1831446525009	0.0
386.19314525185484	0.0
386.20314585120883	0.0
386.21314645056276	0.0
386.22314704991675	0.0
386.2331476492707	0.0
386.24314824862466	0.0
386.2531488479786	0.0
386.2631494473326	0.0
386.27315004668657	0.0
386.2831506460405	0.0
386.2931512453945	0.0
386.3031518447484	0.0
386.3131524441024	0.0
386.32315304345633	0.0
386.3331536428103	0.0
386.34315424216425	0.0
386.35315484151823	0.0
386.36315544087216	0.0
386.37315604022615	0.0
386.3831566395801	0.0
386.39315723893407	0.0
386.403157838288	0.0
386.413158437642	0.0
386.4231590369959	0.0
386.4331596363499	0.0
386.44316023570383	0.0
386.4531608350578	0.0
386.46316143441175	0.0
386.47316203376573	0.0
386.48316263311966	0.0
386.49316323247365	0.0
386.50316383182764	0.0
386.51316443118156	0.0
386.52316503053555	0.0
386.5331656298895	0.0
386.54316622924347	0.0
386.5531668285974	0.0
386.5631674279514	0.0
386.5731680273053	0.0
386.5831686266593	0.0
386.59316922601323	0.0
386.6031698253672	0.0
386.61317042472115	0.0
386.62317102407513	0.0
386.63317162342906	0.0
386.64317222278305	0.0
386.653172822137	0.0
386.66317342149097	0.0
386.6731740208449	0.0
386.6831746201989	0.0
386.6931752195528	0.0
386.7031758189068	0.0
386.7131764182608	0.0
386.7231770176147	0.0
386.7331776169687	0.0
386.74317821632263	0.0
386.7531788156766	0.0
386.76317941503055	0.0
386.77318001438454	0.0
386.78318061373847	0.0
386.79318121309245	0.0
386.8031818124464	0.0
386.81318241180037	0.0
386.8231830111543	0.0
386.8331836105083	0.0
386.8431842098622	0.0
386.8531848092162	0.0
386.86318540857013	0.0
386.8731860079241	0.0
386.88318660727805	0.0
386.89318720663204	0.0
386.90318780598597	0.0
386.91318840533995	0.0
386.9231890046939	0.0
386.93318960404787	0.0
386.94319020340185	0.0
386.9531908027558	0.0
386.96319140210977	0.0
386.9731920014637	0.0
386.9831926008177	0.0
386.9931932001716	0.0
387.0031937995256	0.0
387.01319439887953	0.0
387.0231949982335	0.0
387.03319559758745	0.0
387.04319619694144	0.0
387.05319679629537	1075.0
387.06319739564935	0.0
387.0731979950033	0.0
387.08319859435727	0.0
387.0931991937112	0.0
387.1031997930652	0.0
387.1132003924191	0.0
387.1232009917731	0.0
387.13320159112703	0.0
387.143202190481	0.0
387.15320278983495	0.0
387.16320338918894	0.0
387.1732039885429	0.0
387.18320458789685	0.0
387.19320518725084	0.0
387.20320578660477	0.0
387.21320638595876	0.0
387.2232069853127	0.0
387.2332075846667	0.0
387.2432081840206	0.0
387.2532087833746	0.0
387.2632093827285	0.0
387.2732099820825	0.0
387.28321058143644	0.0
387.2932111807904	0.0
387.30321178014435	0.0
387.31321237949834	0.0
387.32321297885227	0.0
387.33321357820626	0.0
387.3432141775602	0.0
387.3532147769142	0.0
387.3632153762681	0.0
387.3732159756221	0.0
387.3832165749761	0.0
387.39321717433	0.0
387.403217773684	0.0
387.4132183730379	0.0
387.4232189723919	0.0
387.43321957174584	0.0
387.4432201710998	0.0
387.45322077045375	0.0
387.46322136980774	0.0
387.47322196916167	0.0
387.48322256851566	0.0
387.4932231678696	0.0
387.5032237672236	0.0
387.5132243665775	0.0
387.5232249659315	0.0
387.5332255652854	0.0
387.5432261646394	0.0
387.55322676399334	0.0
387.5632273633473	0.0
387.57322796270125	0.0
387.58322856205524	0.0
387.59322916140917	0.0
387.60322976076316	0.0
387.61323036011714	0.0
387.6232309594711	0.0
387.63323155882506	0.0
387.643232158179	0.0
387.653232757533	0.0
387.6632333568869	0.0
387.6732339562409	0.0
387.6832345555948	0.0
387.6932351549488	0.0
387.70323575430274	0.0
387.7132363536567	0.0
387.72323695301066	0.0
387.73323755236464	0.0
387.7432381517186	0.0
387.75323875107256	0.0
387.7632393504265	0.0
387.7732399497805	0.0
387.7832405491344	0.0
387.7932411484884	0.0
387.8032417478423	0.0
387.8132423471963	0.0
387.82324294655024	0.0
387.8332435459042	0.0
387.8432441452582	0.0
387.85324474461214	0.0
387.8632453439661	0.0
387.87324594332006	0.0
387.88324654267404	0.0
387.893247142028	0.0
387.90324774138196	0.0
387.9132483407359	0.0
387.9232489400899	0.0
387.9332495394438	0.0
387.9432501387978	0.0
387.9532507381517	0.0
387.9632513375057	0.0
387.97325193685964	0.0
387.9832525362136	0.0
387.99325313556756	0.0
388.00325373492154	0.0
388.0132543342755	0.0
388.02325493362946	0.0
388.0332555329834	0.0
388.0432561323374	0.0
388.0532567316913	0.0
388.0632573310453	0.0
388.0732579303993	0.0
388.0832585297532	0.0
388.0932591291072	0.0
388.1032597284611	0.0
388.1132603278151	0.0
388.12326092716904	0.0
388.13326152652303	0.0
388.14326212587696	0.0
388.15326272523095	0.0
388.1632633245849	0.0
388.17326392393886	0.0
388.1832645232928	0.0
388.1932651226468	0.0
388.2032657220007	0.0
388.2132663213547	0.0
388.2232669207086	0.0
388.2332675200626	0.0
388.24326811941654	0.0
388.2532687187705	0.0
388.26326931812446	0.0
388.27326991747844	0.0
388.28327051683243	0.0
388.29327111618636	0.0
388.30327171554035	0.0
388.3132723148943	0.0
388.32327291424826	0.0
388.3332735136022	1075.0
388.3432741129562	0.0
388.3532747123101	0.0
388.3632753116641	0.0
388.373275911018	0.0
388.383276510372	0.0
388.39327710972594	0.0
388.40327770907993	0.0
388.41327830843386	0.0
388.42327890778785	0.0
388.4332795071418	0.0
388.44328010649576	0.0
388.4532807058497	0.0
388.4632813052037	0.0
388.4732819045576	0.0
388.4832825039116	0.0
388.4932831032655	0.0
388.5032837026195	0.0
388.5132843019735	0.0
388.52328490132743	0.0
388.5332855006814	0.0
388.54328610003535	0.0
388.55328669938933	0.0
388.56328729874326	0.0
388.57328789809725	0.0
388.5832884974512	0.0
388.59328909680517	0.0
388.6032896961591	0.0
388.6132902955131	0.0
388.623290894867	0.0
388.633291494221	0.0
388.6432920935749	0.0
388.6532926929289	0.0
388.66329329228284	0.0
388.67329389163683	0.0
388.68329449099076	0.0
388.69329509034475	0.0
388.7032956896987	0.0
388.71329628905266	0.0
388.7232968884066	0.0
388.7332974877606	0.0
388.74329808711457	0.0
388.7532986864685	0.0
388.7632992858225	0.0
388.7732998851764	0.0
388.7833004845304	0.0
388.79330108388433	0.0
388.8033016832383	0.0
388.81330228259225	0.0
388.82330288194623	0.0
388.83330348130016	0.0
388.84330408065415	0.0
388.8533046800081	0.0
388.86330527936207	0.0
388.873305878716	0.0
388.88330647807	0.0
388.8933070774239	0.0
388.9033076767779	0.0
388.91330827613183	0.0
388.9233088754858	0.0
388.93330947483975	0.0
388.94331007419373	0.0
388.9533106735477	0.0
388.96331127290165	0.0
388.97331187225564	0.0
388.98331247160957	0.0
388.99331307096355	0.0
389.0033136703175	0.0
389.01331426967147	0.0
389.0233148690254	0.0
389.0333154683794	0.0
389.0433160677333	0.0
389.0533166670873	0.0
389.06331726644123	0.0
389.0733178657952	0.0
389.08331846514915	0.0
389.09331906450313	0.0
389.10331966385706	0.0
389.11332026321105	0.0
389.123320862565	0.0
389.13332146191897	0.0
389.1433220612729	0.0
389.1533226606269	0.0
389.1633232599808	0.0
389.1733238593348	0.0
389.1833244586888	0.0
389.1933250580427	0.0
389.2033256573967	0.0
389.21332625675063	0.0
389.2233268561046	0.0
389.23332745545855	0.0
389.24332805481254	0.0
389.25332865416647	0.0
389.26332925352045	0.0
389.2733298528744	0.0
389.28333045222837	0.0
389.2933310515823	0.0
389.3033316509363	0.0
389.3133322502902	0.0
389.3233328496442	0.0
389.33333344899813	0.0
389.3433340483521	0.0
389.35333464770605	0.0
389.36333524706004	0.0
389.37333584641397	0.0
389.38333644576795	0.0
389.3933370451219	0.0
389.40333764447587	0.0
389.41333824382986	0.0
389.4233388431838	0.0
389.4333394425378	0.0
389.4433400418917	0.0
389.4533406412457	0.0
389.4633412405996	0.0
389.4733418399536	0.0
389.48334243930753	0.0
389.4933430386615	0.0
389.50334363801545	0.0
389.51334423736944	0.0
389.52334483672337	0.0
389.53334543607735	0.0
389.5433460354313	0.0
389.55334663478527	0.0
389.5633472341392	0.0
389.5733478334932	0.0
389.5833484328471	0.0
389.5933490322011	0.0
389.60334963155503	0.0
389.613350230909	1075.0
389.623350830263	0.0
389.63335142961694	0.0
389.6433520289709	0.0
389.65335262832485	0.0
389.66335322767884	0.0
389.67335382703277	0.0
389.68335442638676	0.0
389.6933550257407	0.0
389.7033556250947	0.0
389.7133562244486	0.0
389.7233568238026	0.0
389.7333574231565	0.0
389.7433580225105	0.0
389.75335862186444	0.0
389.7633592212184	0.0
389.77335982057235	0.0
389.78336041992634	0.0
389.79336101928027	0.0
389.80336161863426	0.0
389.8133622179882	0.0
389.8233628173422	0.0
389.8333634166961	0.0
389.8433640160501	0.0
389.8533646154041	0.0
389.863365214758	0.0
389.873365814112	0.0
389.8833664134659	0.0
389.8933670128199	0.0
389.90336761217384	0.0
389.9133682115278	0.0
389.92336881088175	0.0
389.93336941023574	0.0
389.94337000958967	0.0
389.95337060894366	0.0
389.9633712082976	0.0
389.9733718076516	0.0
389.9833724070055	0.0
389.9933730063595	0.0
390.0033736057134	0.0
390.0133742050674	0.0
390.02337480442134	0.0
390.0333754037753	0.0
390.04337600312925	0.0
390.05337660248324	0.0
390.06337720183717	0.0
390.07337780119116	0.0
390.08337840054514	0.0
390.0933789998991	0.0
390.10337959925306	0.0
390.113380198607	0.0
390.123380797961	0.0
390.1333813973149	0.0
390.1433819966689	0.0
390.1533825960228	0.0
390.1633831953768	0.0
390.17338379473074	0.0
390.1833843940847	0.0
390.19338499343866	0.0
390.20338559279264	0.0
390.2133861921466	0.0
390.22338679150056	0.0
390.2333873908545	0.0
390.2433879902085	0.0
390.2533885895624	0.0
390.2633891889164	0.0
390.2733897882703	0.0
390.2833903876243	0.0
390.2933909869783	0.0
390.3033915863322	0.0
390.3133921856862	0.0
390.32339278504014	0.0
390.3333933843941	0.0
390.34339398374806	0.0
390.35339458310204	0.0
390.363395182456	0.0
390.37339578180996	0.0
390.3833963811639	0.0
390.3933969805179	0.0
390.4033975798718	0.0
390.4133981792258	0.0
390.4233987785797	0.0
390.4333993779337	0.0
390.44339997728764	0.0
390.4534005766416	0.0
390.46340117599556	0.0
390.47340177534954	0.0
390.4834023747035	0.0
390.49340297405746	0.0
390.5034035734114	0.0
390.5134041727654	0.0
390.52340477211936	0.0
390.5334053714733	0.0
390.5434059708273	0.0
390.5534065701812	0.0
390.5634071695352	0.0
390.5734077688891	0.0
390.5834083682431	0.0
390.59340896759704	0.0
390.60340956695103	0.0
390.61341016630496	0.0
390.62341076565895	0.0
390.6334113650129	0.0
390.64341196436686	0.0
390.6534125637208	0.0
390.6634131630748	0.0
390.6734137624287	0.0
390.6834143617827	0.0
390.6934149611366	0.0
390.7034155604906	0.0
390.71341615984454	0.0
390.7234167591985	0.0
390.73341735855246	0.0
390.74341795790644	0.0
390.75341855726043	0.0
390.76341915661436	0.0
390.77341975596835	0.0
390.7834203553223	0.0
390.79342095467626	0.0
390.8034215540302	0.0
390.8134221533842	0.0
390.8234227527381	0.0
390.8334233520921	0.0
390.843423951446	0.0
390.8534245508	0.0
390.86342515015394	0.0
390.87342574950793	0.0
390.88342634886186	0.0
390.89342694821585	1075.0
390.9034275475698	0.0
390.91342814692376	0.0
390.9234287462777	0.0
390.9334293456317	0.0
390.9434299449856	0.0
390.9534305443396	0.0
390.9634311436936	0.0
390.9734317430475	0.0
390.9834323424015	0.0
390.99343294175543	0.0
391.0034335411094	0.0
391.01343414046335	0.0
391.02343473981733	0.0
391.03343533917126	0.0
391.04343593852525	0.0
391.0534365378792	0.0
391.06343713723317	0.0
391.0734377365871	0.0
391.0834383359411	0.0
391.093438935295	0.0
391.103439534649	0.0
391.11344013400293	0.0
391.1234407333569	0.0
391.13344133271085	0.0
391.14344193206483	0.0
391.15344253141876	0.0
391.16344313077275	0.0
391.1734437301267	0.0
391.18344432948066	0.0
391.19344492883465	0.0
391.2034455281886	0.0
391.21344612754257	0.0
391.2234467268965	0.0
391.2334473262505	0.0
391.2434479256044	0.0
391.2534485249584	0.0
391.26344912431233	0.0
391.2734497236663	0.0
391.28345032302025	0.0
391.29345092237423	0.0
391.30345152172816	0.0
391.31345212108215	0.0
391.3234527204361	0.0
391.33345331979007	0.0
391.343453919144	0.0
391.353454518498	0.0
391.3634551178519	0.0
391.3734557172059	0.0
391.38345631655983	0.0
391.3934569159138	0.0
391.40345751526775	0.0
391.41345811462173	0.0
391.4234587139757	0.0
391.43345931332965	0.0
391.44345991268364	0.0
391.45346051203757	0.0
391.46346111139155	0.0
391.4734617107455	0.0
391.48346231009947	0.0
391.4934629094534	0.0
391.5034635088074	0.0
391.5134641081613	0.0
391.5234647075153	0.0
391.53346530686923	0.0
391.5434659062232	0.0
391.55346650557715	0.0
391.56346710493114	0.0
391.57346770428506	0.0
391.58346830363905	0.0
391.593468902993	0.0
391.60346950234697	0.0
391.6134701017009	0.0
391.6234707010549	0.0
391.63347130040887	0.0
391.6434718997628	0.0
391.6534724991168	0.0
391.6634730984707	0.0
391.6734736978247	0.0
391.68347429717863	0.0
391.6934748965326	0.0
391.70347549588655	0.0
391.71347609524054	0.0
391.72347669459447	0.0
391.73347729394845	0.0
391.7434778933024	0.0
391.75347849265637	0.0
391.7634790920103	0.0
391.7734796913643	0.0
391.7834802907182	0.0
391.7934808900722	0.0
391.80348148942613	0.0
391.8134820887801	0.0
391.82348268813405	0.0
391.83348328748804	0.0
391.84348388684197	0.0
391.85348448619595	0.0
391.86348508554994	0.0
391.87348568490387	0.0
391.88348628425786	0.0
391.8934868836118	0.0
391.9034874829658	0.0
391.9134880823197	0.0
391.9234886816737	0.0
391.9334892810276	0.0
391.9434898803816	0.0
391.95349047973554	0.0
391.9634910790895	0.0
391.97349167844345	0.0
391.98349227779744	0.0
391.99349287715137	0.0
392.00349347650535	0.0
392.0134940758593	0.0
392.02349467521327	0.0
392.0334952745672	0.0
392.0434958739212	0.0
392.0534964732751	0.0
392.0634970726291	0.0
392.07349767198303	0.0
392.083498271337	0.0
392.093498870691	0.0
392.10349947004494	0.0
392.1135000693989	0.0
392.12350066875285	0.0
392.13350126810684	0.0
392.14350186746077	0.0
392.15350246681476	0.0
392.1635030661687	0.0
392.1735036655227	1075.0
392.1835042648766	0.0
392.1935048642306	0.0
392.2035054635845	0.0
392.2135060629385	0.0
392.22350666229244	0.0
392.2335072616464	0.0
392.24350786100035	0.0
392.25350846035434	0.0
392.26350905970827	0.0
392.27350965906226	0.0
392.2835102584162	0.0
392.2935108577702	0.0
392.30351145712416	0.0
392.3135120564781	0.0
392.3235126558321	0.0
392.333513255186	0.0
392.34351385454	0.0
392.3535144538939	0.0
392.3635150532479	0.0
392.37351565260184	0.0
392.3835162519558	0.0
392.39351685130976	0.0
392.40351745066374	0.0
392.4135180500177	0.0
392.42351864937166	0.0
392.4335192487256	0.0
392.4435198480796	0.0
392.4535204474335	0.0
392.4635210467875	0.0
392.4735216461414	0.0
392.4835222454954	0.0
392.49352284484934	0.0
392.5035234442033	0.0
392.51352404355725	0.0
392.52352464291124	0.0
392.5335252422652	0.0
392.54352584161916	0.0
392.55352644097314	0.0
392.5635270403271	0.0
392.57352763968106	0.0
392.583528239035	0.0
392.593528838389	0.0
392.6035294377429	0.0
392.6135300370969	0.0
392.6235306364508	0.0
392.6335312358048	0.0
392.64353183515874	0.0
392.6535324345127	0.0
392.66353303386666	0.0
392.67353363322064	0.0
392.6835342325746	0.0
392.69353483192856	0.0
392.7035354312825	0.0
392.7135360306365	0.0
392.7235366299904	0.0
392.7335372293444	0.0
392.7435378286983	0.0
392.7535384280523	0.0
392.7635390274063	0.0
392.7735396267602	0.0
392.7835402261142	0.0
392.79354082546814	0.0
392.80354142482213	0.0
392.81354202417606	0.0
392.82354262353005	0.0
392.833543222884	0.0
392.84354382223796	0.0
392.8535444215919	0.0
392.8635450209459	0.0
392.8735456202998	0.0
392.8835462196538	0.0
392.8935468190077	0.0
392.9035474183617	0.0
392.91354801771564	0.0
392.9235486170696	0.0
392.93354921642356	0.0
392.94354981577754	0.0
392.9535504151315	0.0
392.96355101448546	0.0
392.97355161383945	0.0
392.9835522131934	0.0
392.99355281254736	0.0
393.0035534119013	0.0
393.0135540112553	0.0
393.0235546106092	0.0
393.0335552099632	0.0
393.0435558093171	0.0
393.0535564086711	0.0
393.06355700802504	0.0
393.07355760737903	0.0
393.08355820673296	0.0
393.09355880608695	0.0
393.1035594054409	0.0
393.11356000479486	0.0
393.1235606041488	0.0
393.1335612035028	0.0
393.1435618028567	0.0
393.1535624022107	0.0
393.1635630015646	0.0
393.1735636009186	0.0
393.18356420027254	0.0
393.19356479962653	0.0
393.2035653989805	0.0
393.21356599833445	0.0
393.22356659768843	0.0
393.23356719704236	0.0
393.24356779639635	0.0
393.2535683957503	0.0
393.26356899510427	0.0
393.2735695944582	0.0
393.2835701938122	0.0
393.2935707931661	0.0
393.3035713925201	0.0
393.313571991874	0.0
393.323572591228	0.0
393.33357319058194	0.0
393.34357378993593	0.0
393.35357438928986	0.0
393.36357498864385	0.0
393.3735755879978	0.0
393.38357618735176	0.0
393.3935767867057	0.0
393.4035773860597	0.0
393.4135779854136	0.0
393.4235785847676	0.0
393.4335791841216	0.0
393.4435797834755	0.0
393.4535803828295	1075.0
393.46358098218343	0.0
393.4735815815374	0.0
393.48358218089135	0.0
393.49358278024533	0.0
393.50358337959926	0.0
393.51358397895325	0.0
393.5235845783072	0.0
393.53358517766117	0.0
393.5435857770151	0.0
393.5535863763691	0.0
393.563586975723	0.0
393.573587575077	0.0
393.58358817443093	0.0
393.5935887737849	0.0
393.60358937313885	0.0
393.61358997249283	0.0
393.62359057184676	0.0
393.63359117120075	0.0
393.64359177055474	0.0
393.65359236990867	0.0
393.66359296926265	0.0
393.6735935686166	0.0
393.68359416797057	0.0
393.6935947673245	0.0
393.7035953666785	0.0
393.7135959660324	0.0
393.7235965653864	0.0
393.73359716474033	0.0
393.7435977640943	0.0
393.75359836344825	0.0
393.76359896280223	0.0
393.77359956215616	0.0
393.78360016151015	0.0
393.7936007608641	0.0
393.80360136021807	0.0
393.813601959572	0.0
393.823602558926	0.0
393.8336031582799	0.0
393.8436037576339	0.0
393.85360435698783	0.0
393.8636049563418	0.0
393.8736055556958	0.0
393.88360615504973	0.0
393.8936067544037	0.0
393.90360735375765	0.0
393.91360795311164	0.0
393.92360855246557	0.0
393.93360915181955	0.0
393.9436097511735	0.0
393.95361035052747	0.0
393.9636109498814	0.0
393.9736115492354	0.0
393.9836121485893	0.0
393.9936127479433	0.0
394.00361334729723	0.0
394.0136139466512	0.0
394.02361454600515	0.0
394.03361514535914	0.0
394.04361574471307	0.0
394.05361634406705	0.0
394.063616943421	0.0
394.07361754277497	0.0
394.0836181421289	0.0
394.0936187414829	0.0
394.1036193408369	0.0
394.1136199401908	0.0
394.1236205395448	0.0
394.1336211388987	0.0
394.1436217382527	0.0
394.15362233760663	0.0
394.1636229369606	0.0
394.17362353631455	0.0
394.18362413566854	0.0
394.19362473502247	0.0
394.20362533437645	0.0
394.2136259337304	0.0
394.22362653308437	0.0
394.2336271324383	0.0
394.2436277317923	0.0
394.2536283311462	0.0
394.2636289305002	0.0
394.27362952985413	0.0
394.2836301292081	0.0
394.29363072856205	0.0
394.30363132791604	0.0
394.31363192727	0.0
394.32363252662395	0.0
394.33363312597794	0.0
394.34363372533187	0.0
394.35363432468586	0.0
394.3636349240398	0.0
394.3736355233938	0.0
394.3836361227477	0.0
394.3936367221017	0.0
394.4036373214556	0.0
394.4136379208096	0.0
394.42363852016354	0.0
394.4336391195175	0.0
394.44363971887145	0.0
394.45364031822544	0.0
394.46364091757937	0.0
394.47364151693336	0.0
394.4836421162873	0.0
394.4936427156413	0.0
394.5036433149952	0.0
394.5136439143492	0.0
394.5236445137031	0.0
394.5336451130571	0.0
394.5436457124111	0.0
394.553646311765	0.0
394.563646911119	0.0
394.57364751047294	0.0
394.5836481098269	0.0
394.59364870918085	0.0
394.60364930853484	0.0
394.61364990788877	0.0
394.62365050724276	0.0
394.6336511065967	0.0
394.6436517059507	0.0
394.6536523053046	0.0
394.6636529046586	0.0
394.6736535040125	0.0
394.6836541033665	0.0
394.69365470272044	0.0
394.7036553020744	0.0
394.71365590142835	0.0
394.72365650078234	0.0
394.73365710013627	1075.0
394.74365769949026	0.0
394.7536582988442	0.0
394.7636588981982	0.0
394.77365949755216	0.0
394.7836600969061	0.0
394.7936606962601	0.0
394.803661295614	0.0
394.813661894968	0.0
394.8236624943219	0.0
394.8336630936759	0.0
394.84366369302984	0.0
394.8536642923838	0.0
394.86366489173776	0.0
394.87366549109174	0.0
394.8836660904457	0.0
394.89366668979966	0.0
394.9036672891536	0.0
394.9136678885076	0.0
394.9236684878615	0.0
394.9336690872155	0.0
394.9436696865694	0.0
394.9536702859234	0.0
394.96367088527734	0.0
394.9736714846313	0.0
394.9836720839853	0.0
394.99367268333924	0.0
395.0036732826932	0.0
395.01367388204716	0.0
395.02367448140114	0.0
395.0336750807551	0.0
395.04367568010906	0.0
395.053676279463	0.0
395.063676878817	0.0
395.0736774781709	0.0
395.0836780775249	0.0
395.0936786768788	0.0
395.1036792762328	0.0
395.11367987558674	0.0
395.1236804749407	0.0
395.13368107429466	0.0
395.14368167364864	0.0
395.1536822730026	0.0
395.16368287235656	0.0
395.1736834717105	0.0
395.1836840710645	0.0
395.1936846704184	0.0
395.2036852697724	0.0
395.2136858691264	0.0
395.2236864684803	0.0
395.2336870678343	0.0
395.2436876671882	0.0
395.2536882665422	0.0
395.26368886589614	0.0
395.27368946525013	0.0
395.28369006460406	0.0
395.29369066395805	0.0
395.303691263312	0.0
395.31369186266596	0.0
395.3236924620199	0.0
395.3336930613739	0.0
395.3436936607278	0.0
395.3536942600818	0.0
395.3636948594357	0.0
395.3736954587897	0.0
395.38369605814364	0.0
395.3936966574976	0.0
395.40369725685156	0.0
395.41369785620554	0.0
395.4236984555595	0.0
395.43369905491346	0.0
395.44369965426745	0.0
395.4537002536214	0.0
395.46370085297536	0.0
395.4737014523293	0.0
395.4837020516833	0.0
395.4937026510372	0.0
395.5037032503912	0.0
395.5137038497451	0.0
395.5237044490991	0.0
395.53370504845304	0.0
395.54370564780703	0.0
395.55370624716096	0.0
395.56370684651495	0.0
395.5737074458689	0.0
395.58370804522286	0.0
395.5937086445768	0.0
395.6037092439308	0.0
395.6137098432847	0.0
395.6237104426387	0.0
395.6337110419926	0.0
395.6437116413466	0.0
395.65371224070054	0.0
395.66371284005453	0.0
395.6737134394085	0.0
395.68371403876245	0.0
395.69371463811643	0.0
395.70371523747036	0.0
395.71371583682435	0.0
395.7237164361783	0.0
395.73371703553227	0.0
395.7437176348862	0.0
395.7537182342402	0.0
395.7637188335941	0.0
395.7737194329481	0.0
395.783720032302	0.0
395.793720631656	0.0
395.80372123100994	0.0
395.81372183036393	0.0
395.82372242971786	0.0
395.83372302907185	0.0
395.8437236284258	0.0
395.85372422777976	0.0
395.8637248271337	0.0
395.8737254264877	0.0
395.88372602584167	0.0
395.8937266251956	0.0
395.9037272245496	0.0
395.9137278239035	0.0
395.9237284232575	0.0
395.93372902261143	0.0
395.9437296219654	0.0
395.95373022131935	0.0
395.96373082067333	0.0
395.97373142002726	0.0
395.98373201938125	0.0
395.9937326187352	0.0
396.00373321808917	0.0
396.0137338174431	1075.0
396.0237344167971	0.0
396.033735016151	0.0
396.043735615505	0.0
396.05373621485893	0.0
396.0637368142129	0.0
396.07373741356685	0.0
396.08373801292083	0.0
396.09373861227476	0.0
396.10373921162875	0.0
396.11373981098274	0.0
396.12374041033667	0.0
396.13374100969065	0.0
396.1437416090446	0.0
396.15374220839857	0.0
396.1637428077525	0.0
396.1737434071065	0.0
396.1837440064604	0.0
396.1937446058144	0.0
396.20374520516833	0.0
396.2137458045223	0.0
396.22374640387625	0.0
396.23374700323023	0.0
396.24374760258416	0.0
396.25374820193815	0.0
396.2637488012921	0.0
396.27374940064607	0.0
396.28375	0.0
