0.0	0.0
0.010000539336899476	0.0
0.020001078673798953	0.0
0.03000161801069843	0.0
0.040002157347597905	0.0
0.05000269668449738	0.0
0.06000323602139686	0.0
0.07000377535829633	0.0
0.08000431469519581	0.0
0.0900048540320953	0.0
0.10000539336899476	0.0
0.11000593270589423	0.0
0.12000647204279372	0.0
0.1300070113796932	0.0
0.14000755071659265	0.0
0.15000809005349214	0.0
0.16000862939039162	0.0
0.1700091687272911	0.0
0.1800097080641906	0.0
0.19001024740109004	0.0
0.20001078673798953	0.0
0.210011326074889	0.0
0.22001186541178847	0.0
0.23001240474868795	0.0
0.24001294408558743	0.0
0.2500134834224869	0.0
0.2600140227593864	0.0
0.2700145620962859	0.0
0.2800151014331853	0.0
0.2900156407700848	0.0
0.3000161801069843	0.0
0.31001671944388376	0.0
0.32001725878078324	0.0
0.3300177981176827	0.0
0.3400183374545822	0.0
0.3500188767914817	0.0
0.3600194161283812	0.0
0.3700199554652806	0.0
0.3800204948021801	0.0
0.39002103413907957	0.0
0.40002157347597905	0.0
0.41002211281287854	0.0
0.420022652149778	0.0
0.4300231914866775	0.0
0.44002373082357693	0.0
0.4500242701604764	0.0
0.4600248094973759	0.0
0.4700253488342754	0.0
0.48002588817117486	0.0
0.49002642750807435	0.0
0.5000269668449738	0.0
0.5100275061818733	0.0
0.5200280455187728	0.0
0.5300285848556723	0.0
0.5400291241925718	0.0
0.5500296635294712	0.0
0.5600302028663706	0.0
0.5700307422032701	0.0
0.5800312815401696	0.0
0.5900318208770691	0.0
0.6000323602139686	0.0
0.610032899550868	0.0
0.6200334388877675	0.0
0.630033978224667	0.0
0.6400345175615665	0.0
0.650035056898466	0.0
0.6600355962353655	0.0
0.6700361355722649	0.0
0.6800366749091644	0.0
0.6900372142460639	0.0
0.7000377535829634	0.0
0.7100382929198629	0.0
0.7200388322567624	0.0
0.7300393715936617	0.0
0.7400399109305612	0.0
0.7500404502674607	0.0
0.7600409896043602	0.0
0.7700415289412597	0.0
0.7800420682781591	0.0
0.7900426076150586	0.0
0.8000431469519581	0.0
0.8100436862888576	0.0
0.8200442256257571	0.0
0.8300447649626566	0.0
0.840045304299556	0.0
0.8500458436364555	0.0
0.860046382973355	0.0
0.8700469223102545	0.0
0.8800474616471539	0.0
0.8900480009840533	0.0
0.9000485403209528	0.0
0.9100490796578523	0.0
0.9200496189947518	0.0
0.9300501583316513	0.0
0.9400506976685508	0.0
0.9500512370054502	0.0
0.9600517763423497	0.0
0.9700523156792492	0.0
0.9800528550161487	0.0
0.9900533943530482	0.0
1.0000539336899477	0.0
1.010054473026847	0.0
1.0200550123637466	0.0
1.030055551700646	0.0
1.0400560910375456	0.0
1.050056630374445	0.0
1.0600571697113446	0.0
1.070057709048244	0.0
1.0800582483851435	0.0
1.090058787722043	0.0
1.1000593270589425	0.0
1.1100598663958419	0.0
1.1200604057327412	0.0
1.1300609450696408	0.0
1.1400614844065402	0.0
1.1500620237434398	0.0
1.1600625630803392	0.0
1.1700631024172388	0.0
1.1800636417541381	0.0
1.1900641810910377	0.0
1.200064720427937	0.0
1.2100652597648367	0.0
1.220065799101736	0.0
1.2300663384386357	0.0
1.240066877775535	0.0
1.2500674171124346	0.0
1.260067956449334	0.0
1.2700684957862336	0.0
1.280069035123133	0.0
1.2900695744600323	0.0
1.300070113796932	0.0
1.3100706531338313	0.0
1.320071192470731	0.0
1.3300717318076303	0.0
1.3400722711445299	0.0
1.3500728104814292	0.0
1.3600733498183288	0.0
1.3700738891552282	0.0
1.3800744284921278	0.0
1.3900749678290272	0.0
1.4000755071659268	0.0
1.4100760465028261	0.0
1.4200765858397257	0.0
1.430077125176625	0.0
1.4400776645135247	0.0
1.450078203850424	0.0
1.4600787431873234	0.0
1.470079282524223	0.0
1.4800798218611224	0.0
1.490080361198022	0.0
1.5000809005349214	0.0
1.510081439871821	0.0
1.5200819792087203	0.0
1.53008251854562	0.0
1.5400830578825193	0.0
1.550083597219419	0.0
1.5600841365563183	0.0
1.5700846758932179	0.0
1.5800852152301172	0.0
1.5900857545670168	0.0
1.6000862939039162	0.0
1.6100868332408156	0.0
1.6200873725777152	0.0
1.6300879119146146	0.0
1.6400884512515141	0.0
1.6500889905884135	0.0
1.6600895299253131	0.0
1.6700900692622125	0.0
1.680090608599112	0.0
1.6900911479360115	0.0
1.700091687272911	0.0
1.7100922266098104	0.0
1.72009276594671	0.0
1.7300933052836094	0.0
1.740093844620509	0.0
1.7500943839574084	0.0
1.7600949232943077	0.0
1.7700954626312073	0.0
1.7800960019681067	0.0
1.7900965413050063	0.0
1.8000970806419057	0.0
1.8100976199788053	0.0
1.8200981593157046	0.0
1.8300986986526042	0.0
1.8400992379895036	0.0
1.8500997773264032	0.0
1.8601003166633026	0.0
1.8701008560002021	0.0
1.8801013953371015	0.0
1.8901019346740011	0.0
1.9001024740109005	0.0
1.9101030133478	0.0
1.9201035526846995	0.0
1.9301040920215988	0.0
1.9401046313584984	0.0
1.9501051706953978	0.0
1.9601057100322974	0.0
1.9701062493691968	0.0
1.9801067887060964	0.0
1.9901073280429957	0.0
2.0001078673798953	0.0
2.0101084067167947	0.0
2.020108946053694	0.0
2.030109485390594	0.0
2.0401100247274933	0.0
2.0501105640643926	0.0
2.060111103401292	0.0
2.070111642738192	0.0
2.080112182075091	0.0
2.0901127214119906	0.0
2.10011326074889	0.0
2.1101138000857893	0.0
2.120114339422689	0.0
2.1301148787595885	0.0
2.140115418096488	0.0
2.1501159574333872	0.0
2.160116496770287	0.0
2.1701170361071864	0.0
2.180117575444086	0.0
2.190118114780985	0.0
2.200118654117885	0.0
2.2101191934547844	0.0
2.2201197327916837	0.0
2.230120272128583	0.0
2.2401208114654825	0.0
2.2501213508023823	0.0
2.2601218901392817	0.0
2.270122429476181	0.0
2.2801229688130804	0.0
2.2901235081499802	0.0
2.3001240474868796	0.0
2.310124586823779	0.0
2.3201251261606783	0.0
2.330125665497578	0.0
2.3401262048344775	0.0
2.350126744171377	0.0
2.3601272835082763	0.0
2.370127822845176	0.0
2.3801283621820755	0.0
2.390128901518975	0.0
2.400129440855874	0.0
2.4101299801927736	0.0
2.4201305195296734	0.0
2.4301310588665728	0.0
2.440131598203472	0.0
2.4501321375403715	0.0
2.4601326768772713	0.0
2.4701332162141707	0.0
2.48013375555107	0.0
2.4901342948879694	0.0
2.5001348342248693	0.0
2.5101353735617686	0.0
2.520135912898668	0.0
2.5301364522355674	0.0
2.540136991572467	0.0
2.5501375309093666	0.0
2.560138070246266	0.0
2.5701386095831653	0.0
2.5801391489200647	0.0
2.5901396882569645	0.0
2.600140227593864	0.0
2.6101407669307632	0.0
2.6201413062676626	0.0
2.6301418456045624	0.0
2.640142384941462	0.0
2.650142924278361	0.0
2.6601434636152606	0.0
2.6701440029521604	0.0
2.6801445422890597	0.0
2.690145081625959	0.0
2.7001456209628585	0.0
2.7101461602997583	0.0
2.7201466996366577	0.0
2.730147238973557	0.0
2.7401477783104564	0.0
2.750148317647356	0.0
2.7601488569842556	0.0
2.770149396321155	0.0
2.7801499356580543	0.0
2.7901504749949537	0.0
2.8001510143318535	0.0
2.810151553668753	0.0
2.8201520930056523	0.0
2.8301526323425517	0.0
2.8401531716794515	0.0
2.850153711016351	0.0
2.86015425035325	0.0
2.8701547896901496	0.0
2.8801553290270494	0.0
2.8901558683639488	0.0
2.900156407700848	0.0
2.9101569470377475	0.0
2.920157486374647	0.0
2.9301580257115467	0.0
2.940158565048446	0.0
2.9501591043853455	0.0
2.960159643722245	0.0
2.9701601830591446	0.0
2.980160722396044	0.0
2.9901612617329434	0.0
3.0001618010698428	0.0
3.0101623404067426	0.0
3.020162879743642	0.0
3.0301634190805413	0.0
3.0401639584174407	0.0
3.05016449775434	0.0
3.06016503709124	0.0
3.0701655764281393	0.0
3.0801661157650386	0.0
3.090166655101938	0.0
3.100167194438838	0.0
3.110167733775737	0.0
3.1201682731126366	0.0
3.130168812449536	0.0
3.1401693517864357	0.0
3.150169891123335	0.0
3.1601704304602345	0.0
3.170170969797134	0.0
3.1801715091340337	0.0
3.190172048470933	0.0
3.2001725878078324	0.0
3.210173127144732	0.0
3.220173666481631	0.0
3.230174205818531	0.0
3.2401747451554304	0.0
3.2501752844923297	0.0
3.260175823829229	0.0
3.270176363166129	0.0
3.2801769025030283	0.0
3.2901774418399277	0.0
3.300177981176827	0.0
3.310178520513727	0.0
3.3201790598506262	0.0
3.3301795991875256	0.0
3.340180138524425	0.0
3.350180677861325	0.0
3.360181217198224	0.0
3.3701817565351235	0.0
3.380182295872023	0.0
3.3901828352089223	0.0
3.400183374545822	0.0
3.4101839138827215	0.0
3.420184453219621	0.0
3.43018499255652	0.0
3.44018553189342	0.0
3.4501860712303194	0.0
3.4601866105672188	0.0
3.470187149904118	0.0
3.480187689241018	0.0
3.4901882285779173	0.0
3.5001887679148167	0.0
3.510189307251716	0.0
3.5201898465886154	0.0
3.5301903859255153	0.0
3.5401909252624146	0.0
3.550191464599314	0.0
3.5601920039362134	0.0
3.570192543273113	0.0
3.5801930826100126	0.0
3.590193621946912	0.0
3.6001941612838113	0.0
3.610194700620711	0.0
3.6201952399576105	0.0
3.63019577929451	0.0
3.6401963186314092	0.0
3.650196857968309	0.0
3.6601973973052084	0.0
3.670197936642108	0.0
3.680198475979007	0.0
3.6901990153159065	0.0
3.7001995546528064	0.0
3.7102000939897057	0.0
3.720200633326605	0.0
3.7302011726635045	0.0
3.7402017120004043	0.0
3.7502022513373037	0.0
3.760202790674203	0.0
3.7702033300111024	0.0
3.7802038693480022	0.0
3.7902044086849016	0.0
3.800204948021801	0.0
3.8102054873587003	0.0
3.8202060266956	0.0
3.8302065660324995	0.0
3.840207105369399	0.0
3.8502076447062983	0.0
3.8602081840431977	0.0
3.8702087233800975	0.0
3.880209262716997	0.0
3.890209802053896	0.0
3.9002103413907956	0.0
3.9102108807276954	0.0
3.9202114200645948	0.0
3.930211959401494	0.0
3.9402124987383935	0.0
3.9502130380752933	0.0
3.9602135774121927	0.0
3.970214116749092	0.0
3.9802146560859915	0.0
3.9902151954228913	0.0
4.000215734759791	0.0
4.01021627409669	0.0
4.020216813433589	0.0
4.030217352770489	0.0
4.040217892107388	0.0
4.0502184314442875	0.0
4.060218970781188	0.0
4.070219510118087	0.0
4.0802200494549865	0.0
4.090220588791886	0.0
4.100221128128785	0.0
4.110221667465685	0.0
4.120222206802584	0.0
4.130222746139483	0.0
4.140223285476384	0.0
4.150223824813283	0.0
4.160224364150182	0.0
4.170224903487082	0.0
4.180225442823981	0.0
4.1902259821608805	0.0
4.20022652149778	0.0
4.210227060834679	0.0
4.220227600171579	0.0
4.230228139508479	0.0
4.240228678845378	0.0
4.250229218182278	0.0
4.260229757519177	0.0
4.270230296856076	0.0
4.280230836192976	0.0
4.290231375529875	0.0
4.3002319148667745	0.0
4.310232454203675	0.0
4.320232993540574	0.0
4.3302335328774735	0.0
4.340234072214373	253.0
4.350234611551272	253.0
4.360235150888172	253.0
4.370235690225071	253.0
4.38023622956197	253.0
4.39023676889887	253.0
4.40023730823577	253.0
4.410237847572669	250.0
4.420238386909569	250.0
4.430238926246468	250.0
4.4402394655833675	250.0
4.450240004920267	250.0
4.460240544257166	250.0
4.470241083594066	250.0
4.480241622930965	250.0
4.490242162267865	250.0
4.500242701604765	250.0
4.510243240941664	250.0
4.520243780278563	253.0
4.530244319615463	253.0
4.540244858952362	253.0
4.5502453982892614	253.0
4.560245937626161	253.0
4.570246476963061	253.0
4.5802470162999604	253.0
4.59024755563686	253.0
4.600248094973759	250.0
4.610248634310659	250.0
4.620249173647558	250.0
4.630249712984457	250.0
4.640250252321357	250.0
4.650250791658256	253.0
4.660251330995156	253.0
4.670251870332056	253.0
4.680252409668955	250.0
4.690252949005854	250.0
4.700253488342754	250.0
4.710254027679653	250.0
4.7202545670165525	250.0
4.730255106353452	250.0
4.740255645690352	250.0
4.7502561850272516	253.0
4.760256724364151	253.0
4.77025726370105	253.0
4.78025780303795	253.0
4.790258342374849	253.0
4.800258881711748	253.0
4.810259421048648	253.0
4.820259960385547	253.0
4.830260499722447	256.0
4.840261039059347	256.0
4.850261578396246	256.0
4.8602621177331455	256.0
4.870262657070045	256.0
4.880263196406944	256.0
4.890263735743844	256.0
4.900264275080743	256.0
4.910264814417643	256.0
4.920265353754543	256.0
4.930265893091442	256.0
4.940266432428341	256.0
4.950266971765241	256.0
4.96026751110214	256.0
4.9702680504390395	256.0
4.980268589775939	256.0
4.990269129112838	256.0
5.0002696684497385	256.0
5.010270207786638	256.0
5.020270747123537	256.0
5.030271286460437	253.0
5.040271825797336	250.0
5.050272365134235	248.0
5.060272904471135	245.0
5.070273443808034	236.0
5.080273983144934	234.0
5.090274522481834	228.0
5.100275061818733	226.0
5.1102756011556325	226.0
5.120276140492532	231.0
5.130276679829431	234.0
5.140277219166331	239.0
5.15027775850323	242.0
5.160278297840129	248.0
5.17027883717703	250.0
5.180279376513929	253.0
5.190279915850828	253.0
5.200280455187728	256.0
5.210280994524627	256.0
5.2202815338615265	256.0
5.230282073198426	256.0
5.240282612535325	256.0
5.2502831518722255	253.0
5.260283691209125	253.0
5.270284230546024	253.0
5.280284769882924	253.0
5.290285309219823	256.0
5.300285848556722	256.0
5.310286387893622	256.0
5.320286927230521	256.0
5.3302874665674205	256.0
5.340288005904321	256.0
5.35028854524122	256.0
5.3602890845781195	256.0
5.370289623915019	259.0
5.380290163251918	259.0
5.390290702588818	259.0
5.400291241925717	259.0
5.410291781262616	259.0
5.420292320599517	259.0
5.430292859936416	259.0
5.440293399273315	256.0
5.450293938610215	256.0
5.460294477947114	256.0
5.4702950172840135	253.0
5.480295556620913	253.0
5.490296095957812	253.0
5.500296635294712	253.0
5.510297174631612	253.0
5.520297713968511	253.0
5.530298253305411	253.0
5.54029879264231	253.0
5.550299331979209	253.0
5.560299871316109	256.0
5.570300410653008	256.0
5.5803009499899074	256.0
5.590301489326808	256.0
5.600302028663707	256.0
5.6103025680006064	256.0
5.620303107337506	256.0
5.630303646674405	256.0
5.640304186011305	256.0
5.650304725348204	256.0
5.660305264685103	256.0
5.670305804022003	256.0
5.680306343358903	253.0
5.690306882695802	253.0
5.700307422032702	253.0
5.710307961369601	250.0
5.7203085007065	248.0
5.7303090400434	242.0
5.740309579380299	234.0
5.7503101187171985	228.0
5.760310658054099	0.0
5.770311197390998	0.0
5.7803117367278976	0.0
5.790312276064797	0.0
5.800312815401696	0.0
5.810313354738596	0.0
5.820313894075495	0.0
5.830314433412394	0.0
5.840314972749294	0.0
5.850315512086194	0.0
5.860316051423093	0.0
5.870316590759993	0.0
5.880317130096892	268.0
5.8903176694337915	265.0
5.900318208770691	265.0
5.91031874810759	268.0
5.92031928744449	268.0
5.930319826781389	268.0
5.940320366118289	265.0
5.950320905455189	265.0
5.960321444792088	262.0
5.970321984128987	259.0
5.980322523465887	256.0
5.990323062802786	253.0
6.0003236021396855	250.0
6.010324141476585	250.0
6.020324680813485	250.0
6.0303252201503845	250.0
6.040325759487284	250.0
6.050326298824183	250.0
6.060326838161083	250.0
6.070327377497982	250.0
6.080327916834881	250.0
6.090328456171781	250.0
6.10032899550868	253.0
6.11032953484558	253.0
6.12033007418248	253.0
6.130330613519379	253.0
6.1403311528562785	253.0
6.150331692193178	253.0
6.160332231530077	253.0
6.170332770866977	250.0
6.180333310203876	250.0
6.190333849540776	250.0
6.200334388877676	253.0
6.210334928214575	253.0
6.220335467551474	256.0
6.230336006888374	256.0
6.240336546225273	259.0
6.2503370855621725	259.0
6.260337624899072	262.0
6.270338164235971	265.0
6.2803387035728715	265.0
6.290339242909771	265.0
6.30033978224667	265.0
6.31034032158357	262.0
6.320340860920469	262.0
6.330341400257368	259.0
6.340341939594268	256.0
6.350342478931167	253.0
6.360343018268067	250.0
6.370343557604967	248.0
6.380344096941866	245.0
6.3903446362787655	239.0
6.400345175615665	239.0
6.410345714952564	234.0
6.420346254289464	234.0
6.430346793626363	231.0
6.440347332963262	228.0
6.450347872300163	228.0
6.460348411637062	228.0
6.470348950973961	226.0
6.480349490310861	226.0
6.49035002964776	226.0
6.5003505689846595	226.0
6.510351108321559	226.0
6.520351647658458	0.0
6.5303521869953585	0.0
6.540352726332258	226.0
6.550353265669157	226.0
6.560353805006057	0.0
6.570354344342956	228.0
6.580354883679855	0.0
6.590355423016755	226.0
6.600355962353654	226.0
6.610356501690553	226.0
6.620357041027454	226.0
6.630357580364353	0.0
6.6403581197012524	0.0
6.650358659038152	0.0
6.660359198375051	0.0
6.670359737711951	0.0
6.68036027704885	0.0
6.690360816385749	0.0
6.70036135572265	0.0
6.710361895059549	0.0
6.720362434396448	0.0
6.730362973733348	248.0
6.740363513070247	245.0
6.750364052407146	0.0
6.760364591744046	0.0
6.770365131080945	242.0
6.7803656704178445	242.0
6.790366209754745	239.0
6.800366749091644	236.0
6.8103672884285436	236.0
6.820367827765443	234.0
6.830368367102342	231.0
6.840368906439242	231.0
6.850369445776141	231.0
6.86036998511304	228.0
6.870370524449941	228.0
6.88037106378684	228.0
6.890371603123739	228.0
6.900372142460639	228.0
6.910372681797538	226.0
6.9203732211344375	226.0
6.930373760471337	223.0
6.940374299808236	226.0
6.950374839145136	226.0
6.960375378482036	0.0
6.970375917818935	0.0
6.980376457155835	0.0
6.990376996492734	0.0
7.000377535829633	0.0
7.010378075166533	234.0
7.020378614503432	234.0
7.0303791538403315	236.0
7.040379693177231	239.0
7.050380232514131	242.0
7.0603807718510305	245.0
7.07038131118793	245.0
7.080381850524829	245.0
7.090382389861729	242.0
7.100382929198628	242.0
7.110383468535527	239.0
7.120384007872427	236.0
7.130384547209327	234.0
7.140385086546226	234.0
7.150385625883126	231.0
7.160386165220025	228.0
7.1703867045569245	228.0
7.180387243893824	226.0
7.190387783230723	226.0
7.200388322567623	226.0
7.210388861904522	226.0
7.220389401241422	226.0
7.230389940578322	226.0
7.240390479915221	226.0
7.25039101925212	228.0
7.26039155858902	228.0
7.270392097925919	231.0
7.2803926372628185	236.0
7.290393176599718	239.0
7.300393715936618	245.0
7.3103942552735175	248.0
7.320394794610417	250.0
7.330395333947316	250.0
7.340395873284216	250.0
7.350396412621115	245.0
7.360396951958014	239.0
7.370397491294914	0.0
7.380398030631813	194.0
7.390398569968713	183.0
7.400399109305613	181.0
7.410399648642512	179.0
7.4204001879794115	181.0
7.430400727316311	181.0
7.44040126665321	183.0
7.45040180599011	187.0
7.460402345327009	194.0
7.470402884663909	199.0
7.480403424000809	203.0
7.490403963337708	206.0
7.500404502674607	206.0
7.510405042011507	206.0
7.520405581348406	203.0
7.5304061206853055	201.0
7.540406660022205	201.0
7.550407199359104	199.0
7.5604077386960045	199.0
7.570408278032904	201.0
7.580408817369803	201.0
7.590409356706703	201.0
7.600409896043602	203.0
7.610410435380501	203.0
7.620410974717401	203.0
7.6304115140543	206.0
7.6404120533912	206.0
7.6504125927281	206.0
7.660413132064999	206.0
7.6704136714018984	206.0
7.680414210738798	0.0
7.690414750075697	0.0
7.700415289412597	0.0
7.710415828749496	0.0
7.720416368086395	0.0
7.730416907423296	0.0
7.740417446760195	0.0
7.750417986097094	0.0
7.760418525433994	0.0
7.770419064770893	0.0
7.780419604107792	0.0
7.790420143444692	0.0
7.800420682781591	190.0
7.810421222118491	187.0
7.820421761455391	187.0
7.83042230079229	185.0
7.8404228401291896	185.0
7.850423379466089	185.0
7.860423918802988	185.0
7.870424458139888	187.0
7.880424997476787	190.0
7.890425536813686	194.0
7.900426076150587	196.0
7.910426615487486	199.0
7.920427154824385	201.0
7.930427694161285	203.0
7.940428233498184	203.0
7.9504287728350835	203.0
7.960429312171983	203.0
7.970429851508882	201.0
7.9804303908457825	201.0
7.990430930182682	201.0
8.000431469519581	201.0
8.01043200885648	201.0
8.02043254819338	201.0
8.03043308753028	201.0
8.040433626867179	203.0
8.050434166204079	203.0
8.060434705540978	203.0
8.070435244877878	203.0
8.080435784214776	201.0
8.090436323551677	201.0
8.100436862888575	201.0
8.110437402225475	201.0
8.120437941562376	199.0
8.130438480899274	199.0
8.140439020236174	199.0
8.150439559573073	199.0
8.160440098909973	194.0
8.170440638246872	190.0
8.180441177583772	190.0
8.19044171692067	0.0
8.20044225625757	0.0
8.21044279559447	220.0
8.22044333493137	231.0
8.23044387426827	239.0
8.240444413605168	245.0
8.250444952942068	250.0
8.260445492278967	253.0
8.270446031615867	256.0
8.280446570952767	256.0
8.290447110289666	256.0
8.300447649626566	253.0
8.310448188963464	250.0
8.320448728300365	250.0
8.330449267637263	245.0
8.340449806974163	242.0
8.350450346311062	239.0
8.360450885647962	236.0
8.370451424984862	234.0
8.380451964321761	231.0
8.390452503658661	231.0
8.40045304299556	231.0
8.41045358233246	231.0
8.420454121669358	231.0
8.430454661006259	231.0
8.440455200343157	228.0
8.450455739680057	228.0
8.460456279016958	228.0
8.470456818353856	226.0
8.480457357690756	226.0
8.490457897027655	226.0
8.500458436364555	226.0
8.510458975701454	226.0
8.520459515038354	226.0
8.530460054375252	228.0
8.540460593712153	231.0
8.550461133049053	234.0
8.560461672385951	236.0
8.570462211722852	242.0
8.58046275105975	245.0
8.59046329039665	250.0
8.600463829733549	253.0
8.61046436907045	253.0
8.62046490840735	253.0
8.630465447744248	253.0
8.640465987081148	253.0
8.650466526418047	250.0
8.660467065754947	248.0
8.670467605091845	245.0
8.680468144428746	242.0
8.690468683765644	236.0
8.700469223102544	234.0
8.710469762439445	234.0
8.720470301776343	231.0
8.730470841113243	231.0
8.740471380450142	231.0
8.750471919787042	231.0
8.76047245912394	228.0
8.770472998460841	228.0
8.78047353779774	228.0
8.79047407713464	226.0
8.80047461647154	226.0
8.810475155808438	223.0
8.820475695145339	223.0
8.830476234482237	223.0
8.840476773819137	223.0
8.850477313156036	226.0
8.860477852492936	228.0
8.870478391829835	231.0
8.880478931166735	234.0
8.890479470503635	239.0
8.900480009840534	245.0
8.910480549177434	248.0
8.920481088514332	253.0
8.930481627851233	253.0
8.940482167188131	253.0
8.950482706525031	253.0
8.96048324586193	253.0
8.97048378519883	253.0
8.98048432453573	253.0
8.990484863872629	250.0
9.00048540320953	250.0
9.010485942546428	245.0
9.020486481883328	242.0
9.030487021220226	236.0
9.040487560557127	234.0
9.050488099894027	231.0
9.060488639230925	228.0
9.070489178567826	228.0
9.080489717904724	228.0
9.090490257241624	228.0
9.100490796578523	228.0
9.110491335915423	228.0
9.120491875252322	228.0
9.130492414589222	231.0
9.140492953926122	231.0
9.15049349326302	234.0
9.160494032599921	236.0
9.17049457193682	242.0
9.18049511127372	248.0
9.190495650610618	250.0
9.200496189947518	253.0
9.210496729284417	256.0
9.220497268621317	259.0
9.230497807958217	262.0
9.240498347295116	265.0
9.250498886632016	265.0
9.260499425968915	262.0
9.270499965305815	259.0
9.280500504642713	259.0
9.290501043979614	256.0
9.300501583316512	253.0
9.310502122653412	250.0
9.320502661990313	250.0
9.330503201327211	250.0
9.340503740664111	250.0
9.35050428000101	250.0
9.36050481933791	250.0
9.370505358674809	250.0
9.380505898011709	250.0
9.39050643734861	250.0
9.400506976685508	250.0
9.410507516022408	250.0
9.420508055359306	250.0
9.430508594696207	250.0
9.440509134033105	250.0
9.450509673370005	250.0
9.460510212706904	250.0
9.470510752043804	250.0
9.480511291380704	250.0
9.490511830717603	250.0
9.500512370054503	253.0
9.510512909391402	253.0
9.520513448728302	253.0
9.5305139880652	253.0
9.5405145274021	256.0
9.550515066738999	259.0
9.5605156060759	262.0
9.5705161454128	262.0
9.580516684749698	265.0
9.590517224086598	268.0
9.600517763423497	268.0
9.610518302760397	268.0
9.620518842097296	265.0
9.630519381434196	262.0
9.640519920771094	262.0
9.650520460107995	256.0
9.660520999444895	253.0
9.670521538781793	250.0
9.680522078118694	248.0
9.690522617455592	242.0
9.700523156792492	239.0
9.71052369612939	236.0
9.720524235466291	234.0
9.730524774803191	231.0
9.74052531414009	231.0
9.75052585347699	231.0
9.760526392813889	231.0
9.770526932150789	231.0
9.780527471487687	231.0
9.790528010824588	228.0
9.800528550161486	228.0
9.810529089498386	228.0
9.820529628835287	228.0
9.830530168172185	228.0
9.840530707509085	226.0
9.850531246845984	226.0
9.860531786182884	226.0
9.870532325519783	226.0
9.880532864856683	226.0
9.890533404193581	226.0
9.900533943530482	228.0
9.910534482867382	231.0
9.92053502220428	234.0
9.93053556154118	236.0
9.940536100878079	239.0
9.95053664021498	245.0
9.960537179551878	248.0
9.970537718888778	248.0
9.980538258225677	250.0
9.990538797562577	250.0
10.000539336899477	248.0
10.010539876236376	248.0
10.020540415573276	245.0
10.030540954910174	239.0
10.040541494247075	236.0
10.050542033583973	231.0
10.060542572920873	228.0
10.070543112257774	226.0
10.080543651594672	226.0
10.090544190931572	223.0
10.10054473026847	223.0
10.110545269605371	223.0
10.12054580894227	223.0
10.13054634827917	223.0
10.140546887616068	223.0
10.150547426952969	226.0
10.160547966289869	228.0
10.170548505626767	234.0
10.180549044963668	239.0
10.190549584300566	248.0
10.200550123637466	253.0
10.210550662974365	256.0
10.220551202311265	256.0
10.230551741648163	256.0
10.240552280985064	250.0
10.250552820321964	245.0
10.260553359658863	236.0
10.270553898995763	228.0
10.280554438332661	203.0
10.290554977669562	192.0
10.30055551700646	190.0
10.31055605634336	192.0
10.320556595680259	194.0
10.330557135017159	196.0
10.34055767435406	199.0
10.350558213690958	201.0
10.360558753027858	203.0
10.370559292364756	203.0
10.380559831701657	203.0
10.390560371038555	203.0
10.400560910375455	203.0
10.410561449712354	203.0
10.420561989049254	203.0
10.430562528386154	203.0
10.440563067723053	203.0
10.450563607059953	203.0
10.460564146396852	203.0
10.470564685733752	203.0
10.48056522507065	203.0
10.49056576440755	203.0
10.500566303744451	203.0
10.51056684308135	203.0
10.52056738241825	203.0
10.530567921755148	203.0
10.540568461092048	203.0
10.550569000428947	206.0
10.560569539765847	206.0
10.570570079102746	208.0
10.580570618439646	208.0
10.590571157776546	206.0
10.600571697113445	206.0
10.610572236450345	206.0
10.620572775787243	203.0
10.630573315124144	203.0
10.640573854461042	203.0
10.650574393797942	201.0
10.660574933134841	201.0
10.670575472471741	201.0
10.680576011808641	201.0
10.69057655114554	201.0
10.70057709048244	203.0
10.710577629819339	206.0
10.720578169156239	208.0
10.730578708493137	215.0
10.740579247830038	220.0
10.750579787166936	228.0
10.760580326503836	236.0
10.770580865840737	245.0
10.780581405177635	250.0
10.790581944514535	256.0
10.800582483851434	259.0
10.810583023188334	259.0
10.820583562525233	256.0
10.830584101862133	256.0
10.840584641199033	253.0
10.850585180535932	250.0
10.860585719872832	248.0
10.87058625920973	242.0
10.88058679854663	239.0
10.89058733788353	236.0
10.90058787722043	234.0
10.910588416557328	231.0
10.920588955894228	231.0
10.930589495231128	228.0
10.940590034568027	228.0
10.950590573904927	228.0
10.960591113241826	228.0
10.970591652578726	228.0
10.980592191915624	226.0
10.990592731252525	228.0
11.000593270589423	228.0
11.010593809926323	231.0
11.020594349263224	234.0
11.030594888600122	239.0
11.040595427937022	245.0
11.050595967273921	250.0
11.060596506610821	256.0
11.07059704594772	262.0
11.08059758528462	265.0
11.090598124621518	268.0
11.100598663958419	268.0
11.110599203295319	268.0
11.120599742632217	265.0
11.130600281969118	262.0
11.140600821306016	259.0
11.150601360642916	256.0
11.160601899979815	253.0
11.170602439316715	253.0
11.180602978653615	253.0
11.190603517990514	253.0
11.200604057327414	253.0
11.210604596664313	256.0
11.220605136001213	256.0
11.230605675338111	256.0
11.240606214675012	256.0
11.25060675401191	256.0
11.26060729334881	256.0
11.27060783268571	253.0
11.28060837202261	253.0
11.29060891135951	250.0
11.300609450696408	250.0
11.310609990033308	250.0
11.320610529370207	248.0
11.330611068707107	248.0
11.340611608044005	250.0
11.350612147380906	250.0
11.360612686717806	253.0
11.370613226054704	259.0
11.380613765391605	262.0
11.390614304728503	268.0
11.400614844065403	272.0
11.410615383402302	272.0
11.420615922739202	272.0
11.4306164620761	268.0
11.440617001413	265.0
11.450617540749901	262.0
11.4606180800868	256.0
11.4706186194237	253.0
11.480619158760598	250.0
11.490619698097499	245.0
11.500620237434397	242.0
11.510620776771297	239.0
11.520621316108198	236.0
11.530621855445096	231.0
11.540622394781996	228.0
11.550622934118895	228.0
11.560623473455795	226.0
11.570624012792694	226.0
11.580624552129594	223.0
11.590625091466492	223.0
11.600625630803393	223.0
11.610626170140293	223.0
11.620626709477191	223.0
11.630627248814092	228.0
11.64062778815099	231.0
11.65062832748789	236.0
11.660628866824789	239.0
11.670629406161689	245.0
11.680629945498588	248.0
11.690630484835488	253.0
11.700631024172388	253.0
11.710631563509287	250.0
11.720632102846187	248.0
11.730632642183085	245.0
11.740633181519986	239.0
11.750633720856884	231.0
11.760634260193784	220.0
11.770634799530683	203.0
11.780635338867583	194.0
11.790635878204483	194.0
11.800636417541382	194.0
11.810636956878282	196.0
11.82063749621518	201.0
11.83063803555208	203.0
11.84063857488898	203.0
11.85063911422588	203.0
11.860639653562778	206.0
11.870640192899678	206.0
11.880640732236579	203.0
11.890641271573477	203.0
11.900641810910377	206.0
11.910642350247276	206.0
11.920642889584176	206.0
11.930643428921075	206.0
11.940643968257975	206.0
11.950644507594875	203.0
11.960645046931774	203.0
11.970645586268674	203.0
11.980646125605572	203.0
11.990646664942473	203.0
12.000647204279371	203.0
12.010647743616271	203.0
12.02064828295317	203.0
12.03064882229007	206.0
12.04064936162697	203.0
12.050649900963869	203.0
12.060650440300769	203.0
12.070650979637668	201.0
12.080651518974568	199.0
12.090652058311466	199.0
12.100652597648367	196.0
12.110653136985265	201.0
12.120653676322165	208.0
12.130654215659066	218.0
12.140654754995964	226.0
12.150655294332864	236.0
12.160655833669763	245.0
12.170656373006663	253.0
12.180656912343562	259.0
12.190657451680462	262.0
12.20065799101736	262.0
12.21065853035426	259.0
12.22065906969116	256.0
12.23065960902806	250.0
12.24066014836496	248.0
12.250660687701858	239.0
12.260661227038758	234.0
12.270661766375657	228.0
12.280662305712557	226.0
12.290662845049457	226.0
12.300663384386356	226.0
12.310663923723256	223.0
12.320664463060155	223.0
12.330665002397055	223.0
12.340665541733953	223.0
12.350666081070854	226.0
12.360666620407752	228.0
12.370667159744652	234.0
12.380667699081553	239.0
12.390668238418451	248.0
12.400668777755351	253.0
12.41066931709225	259.0
12.42066985642915	259.0
12.430670395766048	259.0
12.440670935102949	256.0
12.450671474439847	250.0
12.460672013776747	242.0
12.470672553113648	223.0
12.480673092450546	199.0
12.490673631787446	190.0
12.500674171124345	187.0
12.510674710461245	187.0
12.520675249798144	196.0
12.530675789135044	203.0
12.540676328471942	206.0
12.550676867808843	208.0
12.560677407145743	210.0
12.570677946482641	210.0
12.580678485819542	210.0
12.59067902515644	210.0
12.60067956449334	210.0
12.610680103830239	210.0
12.62068064316714	210.0
12.63068118250404	208.0
12.640681721840938	208.0
12.650682261177838	208.0
12.660682800514737	206.0
12.670683339851637	203.0
12.680683879188535	203.0
12.690684418525436	201.0
12.700684957862334	201.0
12.710685497199234	201.0
12.720686036536135	201.0
12.730686575873033	201.0
12.740687115209933	201.0
12.750687654546832	203.0
12.760688193883732	203.0
12.77068873322063	203.0
12.780689272557531	203.0
12.79068981189443	203.0
12.80069035123133	206.0
12.81069089056823	206.0
12.820691429905128	206.0
12.830691969242029	206.0
12.840692508578927	206.0
12.850693047915827	203.0
12.860693587252726	199.0
12.870694126589626	196.0
12.880694665926525	192.0
12.890695205263425	190.0
12.900695744600325	187.0
12.910696283937224	183.0
12.920696823274124	179.0
12.930697362611022	177.0
12.940697901947923	177.0
12.950698441284821	0.0
12.960698980621721	0.0
12.97069951995862	0.0
12.98070005929552	0.0
12.99070059863242	0.0
13.000701137969319	0.0
13.01070167730622	0.0
13.020702216643118	0.0
13.030702755980018	0.0
13.040703295316916	0.0
13.050703834653817	0.0
13.060704373990717	0.0
13.070704913327615	0.0
13.080705452664516	0.0
13.090705992001414	0.0
13.100706531338314	0.0
13.110707070675213	0.0
13.120707610012113	0.0
13.130708149349012	0.0
13.140708688685912	0.0
13.150709228022812	0.0
13.16070976735971	0.0
13.170710306696611	0.0
13.18071084603351	0.0
13.19071138537041	0.0
13.200711924707308	0.0
13.210712464044208	0.0
13.220713003381107	0.0
13.230713542718007	0.0
13.240714082054907	0.0
13.250714621391806	0.0
13.260715160728706	0.0
13.270715700065605	0.0
13.280716239402505	0.0
13.290716778739403	0.0
13.300717318076304	208.0
13.310717857413202	206.0
13.320718396750102	201.0
13.330718936087003	199.0
13.340719475423901	196.0
13.350720014760801	194.0
13.3607205540977	190.0
13.3707210934346	190.0
13.380721632771499	192.0
13.390722172108399	194.0
13.4007227114453	196.0
13.410723250782198	196.0
13.420723790119098	196.0
13.430724329455996	196.0
13.440724868792897	196.0
13.450725408129795	199.0
13.460725947466695	201.0
13.470726486803594	203.0
13.480727026140494	203.0
13.490727565477394	206.0
13.500728104814293	206.0
13.510728644151193	206.0
13.520729183488092	206.0
13.530729722824992	203.0
13.54073026216189	203.0
13.55073080149879	203.0
13.560731340835689	203.0
13.57073188017259	203.0
13.58073241950949	203.0
13.590732958846388	203.0
13.600733498183288	203.0
13.610734037520187	203.0
13.620734576857087	206.0
13.630735116193986	206.0
13.640735655530886	206.0
13.650736194867784	206.0
13.660736734204685	206.0
13.670737273541585	206.0
13.680737812878483	206.0
13.690738352215384	203.0
13.700738891552282	203.0
13.710739430889182	201.0
13.72073997022608	199.0
13.730740509562981	199.0
13.740741048899881	196.0
13.75074158823678	199.0
13.76074212757368	199.0
13.770742666910579	203.0
13.780743206247479	210.0
13.790743745584377	218.0
13.800744284921278	223.0
13.810744824258176	231.0
13.820745363595076	239.0
13.830745902931977	245.0
13.840746442268875	253.0
13.850746981605775	256.0
13.860747520942674	259.0
13.870748060279574	259.0
13.880748599616473	259.0
13.890749138953373	259.0
13.900749678290271	256.0
13.910750217627172	253.0
13.920750756964072	250.0
13.93075129630097	248.0
13.94075183563787	242.0
13.950752374974769	239.0
13.96075291431167	236.0
13.970753453648568	234.0
13.980753992985468	231.0
13.990754532322367	231.0
14.000755071659267	228.0
14.010755610996167	226.0
14.020756150333066	226.0
14.030756689669966	223.0
14.040757229006864	220.0
14.050757768343765	220.0
14.060758307680663	220.0
14.070758847017563	220.0
14.080759386354462	228.0
14.090759925691362	236.0
14.100760465028262	239.0
14.11076100436516	245.0
14.120761543702061	250.0
14.13076208303896	256.0
14.14076262237586	262.0
14.150763161712758	265.0
14.160763701049659	268.0
14.170764240386559	268.0
14.180764779723457	268.0
14.190765319060358	268.0
14.200765858397256	265.0
14.210766397734156	262.0
14.220766937071055	259.0
14.230767476407955	256.0
14.240768015744854	256.0
14.250768555081754	253.0
14.260769094418654	253.0
14.270769633755553	253.0
14.280770173092453	253.0
14.290770712429351	253.0
14.300771251766252	253.0
14.31077179110315	253.0
14.32077233044005	253.0
14.330772869776949	253.0
14.340773409113849	253.0
14.35077394845075	253.0
14.360774487787648	253.0
14.370775027124548	253.0
14.380775566461447	253.0
14.390776105798347	253.0
14.400776645135245	253.0
14.410777184472146	253.0
14.420777723809044	253.0
14.430778263145944	253.0
14.440778802482845	253.0
14.450779341819743	256.0
14.460779881156643	262.0
14.470780420493542	265.0
14.480780959830442	272.0
14.49078149916734	275.0
14.50078203850424	278.0
14.510782577841141	281.0
14.52078311717804	278.0
14.53078365651494	278.0
14.540784195851838	275.0
14.550784735188738	275.0
14.560785274525637	272.0
14.570785813862537	268.0
14.580786353199436	268.0
14.590786892536336	265.0
14.600787431873236	262.0
14.610787971210135	259.0
14.620788510547035	259.0
14.630789049883933	256.0
14.640789589220834	253.0
14.650790128557732	253.0
14.660790667894632	250.0
14.670791207231531	250.0
14.680791746568431	250.0
14.690792285905331	250.0
14.70079282524223	250.0
14.71079336457913	250.0
14.720793903916029	250.0
14.730794443252929	253.0
14.740794982589827	256.0
14.750795521926728	262.0
14.760796061263626	268.0
14.770796600600526	281.0
14.780797139937427	291.0
14.790797679274325	298.0
14.800798218611225	305.0
14.810798757948124	308.0
14.820799297285024	312.0
14.830799836621923	316.0
14.840800375958823	312.0
14.850800915295723	308.0
14.860801454632622	305.0
14.870801993969522	298.0
14.88080253330642	294.0
14.89080307264332	288.0
14.90080361198022	284.0
14.91080415131712	278.0
14.920804690654018	272.0
14.930805229990918	268.0
14.940805769327818	265.0
14.950806308664717	262.0
14.960806848001617	262.0
14.970807387338516	259.0
14.980807926675416	259.0
14.990808466012314	256.0
15.000809005349215	256.0
15.010809544686113	253.0
15.020810084023013	253.0
15.030810623359914	250.0
15.040811162696812	250.0
15.050811702033712	250.0
15.060812241370611	250.0
15.070812780707511	250.0
15.08081332004441	250.0
15.09081385938131	250.0
15.100814398718208	253.0
15.110814938055109	253.0
15.120815477392009	256.0
15.130816016728907	259.0
15.140816556065808	265.0
15.150817095402706	268.0
15.160817634739606	272.0
15.170818174076505	275.0
15.180818713413405	278.0
15.190819252750305	278.0
15.200819792087204	275.0
15.210820331424104	272.0
15.220820870761003	272.0
15.230821410097903	268.0
15.240821949434801	265.0
15.250822488771702	262.0
15.2608230281086	259.0
15.2708235674455	256.0
15.2808241067824	250.0
15.2908246461193	245.0
15.3008251854562	242.0
15.310825724793098	236.0
15.320826264129998	234.0
15.330826803466897	228.0
15.340827342803797	226.0
15.350827882140695	226.0
15.360828421477596	226.0
15.370828960814496	223.0
15.380829500151394	223.0
15.390830039488295	223.0
15.400830578825193	223.0
15.410831118162093	223.0
15.420831657498992	223.0
15.430832196835892	223.0
15.44083273617279	226.0
15.45083327550969	228.0
15.460833814846591	228.0
15.47083435418349	231.0
15.48083489352039	234.0
15.490835432857288	239.0
15.500835972194189	242.0
15.510836511531087	245.0
15.520837050867987	248.0
15.530837590204886	250.0
15.540838129541786	250.0
15.550838668878686	248.0
15.560839208215585	248.0
15.570839747552485	245.0
15.580840286889384	242.0
15.590840826226284	239.0
15.600841365563182	236.0
15.610841904900083	231.0
15.620842444236983	228.0
15.630842983573881	223.0
15.640843522910782	218.0
15.65084406224768	213.0
15.66084460158458	210.0
15.670845140921479	206.0
15.680845680258379	203.0
15.690846219595278	201.0
15.700846758932178	201.0
15.710847298269078	201.0
15.720847837605977	201.0
15.730848376942877	201.0
15.740848916279775	203.0
15.750849455616676	203.0
15.760849994953574	206.0
15.770850534290474	206.0
15.780851073627373	206.0
15.790851612964273	206.0
15.800852152301173	206.0
15.810852691638072	203.0
15.820853230974972	203.0
15.83085377031187	203.0
15.84085430964877	201.0
15.85085484898567	201.0
15.86085538832257	199.0
15.870855927659468	199.0
15.880856466996368	199.0
15.890857006333269	201.0
15.900857545670167	203.0
15.910858085007067	208.0
15.920858624343966	213.0
15.930859163680866	218.0
15.940859703017765	223.0
15.950860242354665	231.0
15.960860781691565	236.0
15.970861321028464	242.0
15.980861860365364	245.0
15.990862399702262	248.0
16.000862939039163	248.0
16.010863478376063	248.0
16.02086401771296	248.0
16.03086455704986	245.0
16.04086509638676	242.0
16.05086563572366	239.0
16.06086617506056	236.0
16.070866714397457	234.0
16.080867253734358	231.0
16.090867793071258	231.0
16.100868332408158	228.0
16.110868871745055	228.0
16.120869411081955	228.0
16.130869950418855	228.0
16.140870489755756	231.0
16.150871029092656	231.0
16.160871568429553	231.0
16.170872107766453	231.0
16.180872647103353	228.0
16.190873186440253	228.0
16.20087372577715	226.0
16.21087426511405	223.0
16.22087480445095	218.0
16.23087534378785	213.0
16.24087588312475	210.0
16.250876422461648	208.0
16.260876961798548	208.0
16.27087750113545	210.0
16.28087804047235	215.0
16.290878579809245	223.0
16.300879119146146	228.0
16.310879658483046	236.0
16.320880197819946	242.0
16.330880737156846	250.0
16.340881276493743	256.0
16.350881815830643	256.0
16.360882355167544	259.0
16.370882894504444	259.0
16.38088343384134	259.0
16.39088397317824	259.0
16.40088451251514	259.0
16.41088505185204	259.0
16.42088559118894	259.0
16.43088613052584	259.0
16.44088666986274	259.0
16.45088720919964	256.0
16.46088774853654	256.0
16.47088828787344	256.0
16.480888827210336	256.0
16.490889366547236	256.0
16.500889905884137	253.0
16.510890445221037	253.0
16.520890984557933	253.0
16.530891523894834	253.0
16.540892063231734	253.0
16.550892602568634	253.0
16.560893141905535	250.0
16.57089368124243	250.0
16.58089422057933	253.0
16.59089475991623	253.0
16.600895299253132	253.0
16.61089583859003	256.0
16.62089637792693	256.0
16.63089691726383	256.0
16.64089745660073	256.0
16.65089799593763	256.0
16.660898535274526	256.0
16.670899074611427	259.0
16.680899613948327	256.0
16.690900153285227	256.0
16.700900692622124	256.0
16.710901231959024	256.0
16.720901771295924	256.0
16.730902310632825	253.0
16.740902849969725	253.0
16.75090338930662	253.0
16.760903928643522	253.0
16.770904467980422	253.0
16.780905007317322	253.0
16.79090554665422	253.0
16.80090608599112	253.0
16.81090662532802	253.0
16.82090716466492	253.0
16.83090770400182	253.0
16.840908243338717	253.0
16.850908782675617	253.0
16.860909322012517	253.0
16.870909861349418	253.0
16.880910400686314	250.0
16.890910940023215	250.0
16.900911479360115	250.0
16.910912018697015	248.0
16.920912558033915	248.0
16.930913097370812	245.0
16.940913636707712	245.0
16.950914176044613	242.0
16.960914715381513	239.0
16.97091525471841	239.0
16.98091579405531	239.0
16.99091633339221	242.0
17.00091687272911	245.0
17.01091741206601	245.0
17.020917951402907	248.0
17.030918490739808	248.0
17.040919030076708	250.0
17.050919569413608	250.0
17.060920108750505	253.0
17.070920648087405	253.0
17.080921187424305	253.0
17.090921726761206	253.0
17.100922266098106	253.0
17.110922805435003	253.0
17.120923344771903	253.0
17.130923884108803	253.0
17.140924423445703	253.0
17.1509249627826	253.0
17.1609255021195	253.0
17.1709260414564	253.0
17.1809265807933	253.0
17.1909271201302	253.0
17.200927659467098	253.0
17.210928198803998	253.0
17.2209287381409	253.0
17.2309292774778	253.0
17.2409298168147	253.0
17.250930356151596	253.0
17.260930895488496	256.0
17.270931434825396	256.0
17.280931974162296	256.0
17.290932513499193	256.0
17.300933052836093	256.0
17.310933592172994	256.0
17.320934131509894	253.0
17.330934670846794	253.0
17.34093521018369	253.0
17.35093574952059	253.0
17.36093628885749	253.0
17.37093682819439	253.0
17.38093736753129	253.0
17.39093790686819	253.0
17.40093844620509	253.0
17.41093898554199	253.0
17.42093952487889	253.0
17.430940064215786	256.0
17.440940603552686	256.0
17.450941142889587	256.0
17.460941682226487	256.0
17.470942221563384	256.0
17.480942760900284	256.0
17.490943300237184	256.0
17.500943839574084	256.0
17.510944378910985	253.0
17.52094491824788	253.0
17.53094545758478	253.0
17.540945996921682	253.0
17.550946536258582	253.0
17.56094707559548	256.0
17.57094761493238	253.0
17.58094815426928	253.0
17.59094869360618	248.0
17.60094923294308	245.0
17.610949772279977	239.0
17.620950311616877	231.0
17.630950850953777	223.0
17.640951390290677	0.0
17.650951929627574	0.0
17.660952468964474	0.0
17.670953008301375	0.0
17.680953547638275	0.0
17.690954086975175	0.0
17.700954626312072	0.0
17.710955165648972	0.0
17.720955704985872	0.0
17.730956244322773	0.0
17.74095678365967	0.0
17.75095732299657	265.0
17.76095786233347	265.0
17.77095840167037	265.0
17.78095894100727	265.0
17.790959480344167	265.0
17.800960019681067	268.0
17.810960559017968	268.0
17.820961098354868	265.0
17.830961637691765	265.0
17.840962177028665	262.0
17.850962716365565	256.0
17.860963255702465	253.0
17.870963795039366	250.0
17.880964334376262	248.0
17.890964873713163	248.0
17.900965413050063	248.0
17.910965952386963	248.0
17.92096649172386	250.0
17.93096703106076	250.0
17.94096757039766	250.0
17.95096810973456	250.0
17.96096864907146	250.0
17.970969188408358	253.0
17.980969727745258	253.0
17.990970267082158	253.0
18.00097080641906	253.0
18.01097134575596	253.0
18.020971885092855	253.0
18.030972424429756	253.0
18.040972963766656	253.0
18.050973503103556	253.0
18.060974042440453	250.0
18.070974581777353	253.0
18.080975121114253	253.0
18.090975660451154	253.0
18.100976199788054	256.0
18.11097673912495	256.0
18.12097727846185	259.0
18.13097781779875	262.0
18.14097835713565	265.0
18.150978896472548	268.0
18.16097943580945	268.0
18.17097997514635	268.0
18.18098051448325	265.0
18.19098105382015	262.0
18.200981593157046	259.0
18.210982132493946	256.0
18.220982671830846	253.0
18.230983211167747	250.0
18.240983750504643	248.0
18.250984289841544	245.0
18.260984829178444	242.0
18.270985368515344	239.0
18.280985907852244	234.0
18.29098644718914	231.0
18.30098698652604	231.0
18.31098752586294	228.0
18.320988065199842	228.0
18.33098860453674	228.0
18.34098914387364	228.0
18.35098968321054	228.0
18.36099022254744	228.0
18.37099076188434	228.0
18.380991301221236	228.0
18.390991840558137	228.0
18.400992379895037	228.0
18.410992919231937	228.0
18.420993458568834	226.0
18.430993997905734	226.0
18.440994537242634	226.0
18.450995076579535	223.0
18.460995615916435	223.0
18.47099615525333	223.0
18.48099669459023	223.0
18.490997233927132	226.0
18.500997773264032	228.0
18.51099831260093	231.0
18.52099885193783	234.0
18.53099939127473	236.0
18.54099993061163	242.0
18.55100046994853	245.0
18.561001009285427	245.0
18.571001548622327	245.0
18.581002087959227	242.0
18.591002627296128	239.0
18.601003166633024	236.0
18.611003705969924	234.0
18.621004245306825	231.0
18.631004784643725	231.0
18.641005323980625	228.0
18.651005863317522	228.0
18.661006402654422	228.0
18.671006941991322	228.0
18.681007481328223	228.0
18.691008020665123	228.0
18.70100856000202	228.0
18.71100909933892	226.0
18.72100963867582	226.0
18.73101017801272	226.0
18.741010717349617	226.0
18.751011256686517	226.0
18.761011796023418	226.0
18.771012335360318	228.0
18.78101287469722	228.0
18.791013414034115	231.0
18.801013953371015	234.0
18.811014492707915	236.0
18.821015032044816	239.0
18.831015571381712	242.0
18.841016110718613	242.0
18.851016650055513	242.0
18.861017189392413	242.0
18.871017728729313	239.0
18.88101826806621	236.0
18.89101880740311	234.0
18.90101934674001	231.0
18.91101988607691	228.0
18.921020425413808	228.0
18.931020964750708	228.0
18.941021504087608	226.0
18.95102204342451	226.0
18.96102258276141	226.0
18.971023122098305	226.0
18.981023661435206	228.0
18.991024200772106	228.0
19.001024740109006	228.0
19.011025279445903	231.0
19.021025818782803	236.0
19.031026358119703	239.0
19.041026897456604	245.0
19.051027436793504	250.0
19.0610279761304	253.0
19.0710285154673	253.0
19.0810290548042	253.0
19.0910295941411	250.0
19.101030133477998	248.0
19.1110306728149	242.0
19.1210312121518	231.0
19.1310317514887	210.0
19.1410322908256	196.0
19.151032830162496	190.0
19.161033369499396	185.0
19.171033908836296	185.0
19.181034448173197	185.0
19.191034987510093	187.0
19.201035526846994	190.0
19.211036066183894	192.0
19.221036605520794	196.0
19.231037144857694	201.0
19.24103768419459	203.0
19.25103822353149	206.0
19.26103876286839	206.0
19.271039302205292	208.0
19.28103984154219	208.0
19.29104038087909	206.0
19.30104092021599	206.0
19.31104145955289	206.0
19.32104199888979	203.0
19.331042538226686	203.0
19.341043077563587	203.0
19.351043616900487	203.0
19.361044156237387	203.0
19.371044695574284	203.0
19.381045234911184	203.0
19.391045774248084	203.0
19.401046313584985	203.0
19.411046852921885	203.0
19.42104739225878	203.0
19.431047931595682	203.0
19.441048470932582	203.0
19.451049010269482	203.0
19.461049549606383	203.0
19.47105008894328	203.0
19.48105062828018	203.0
19.49105116761708	203.0
19.50105170695398	203.0
19.511052246290877	201.0
19.521052785627777	199.0
19.531053324964677	196.0
19.541053864301578	194.0
19.551054403638478	192.0
19.561054942975375	190.0
19.571055482312275	190.0
19.581056021649175	187.0
19.591056560986075	190.0
19.601057100322972	190.0
19.611057639659872	194.0
19.621058178996773	196.0
19.631058718333673	199.0
19.641059257670573	201.0
19.65105979700747	203.0
19.66106033634437	206.0
19.67106087568127	206.0
19.68106141501817	206.0
19.691061954355067	203.0
19.701062493691968	203.0
19.711063033028868	203.0
19.721063572365768	203.0
19.73106411170267	203.0
19.741064651039565	203.0
19.751065190376465	203.0
19.761065729713366	203.0
19.771066269050266	203.0
19.781066808387163	203.0
19.791067347724063	203.0
19.801067887060963	203.0
19.811068426397863	203.0
19.821068965734764	203.0
19.83106950507166	201.0
19.84107004440856	201.0
19.85107058374546	199.0
19.86107112308236	199.0
19.871071662419258	196.0
19.881072201756158	196.0
19.89107274109306	199.0
19.90107328042996	203.0
19.91107381976686	208.0
19.921074359103756	213.0
19.931074898440656	218.0
19.941075437777556	226.0
19.951075977114456	234.0
19.961076516451353	239.0
19.971077055788253	242.0
19.981077595125154	245.0
19.991078134462054	248.0
20.001078673798954	248.0
20.01107921313585	245.0
20.02107975247275	245.0
20.03108029180965	242.0
20.04108083114655	239.0
20.05108137048345	236.0
20.06108190982035	234.0
20.07108244915725	234.0
20.08108298849415	231.0
20.09108352783105	231.0
20.101084067167946	234.0
20.111084606504846	234.0
20.121085145841747	234.0
20.131085685178647	234.0
20.141086224515547	234.0
20.151086763852444	234.0
20.161087303189344	234.0
20.171087842526244	231.0
20.181088381863145	231.0
20.19108892120004	231.0
20.20108946053694	231.0
20.211089999873842	231.0
20.221090539210742	231.0
20.231091078547642	234.0
20.24109161788454	234.0
20.25109215722144	236.0
20.26109269655834	239.0
20.27109323589524	242.0
20.281093775232137	248.0
20.291094314569037	250.0
20.301094853905937	253.0
20.311095393242837	253.0
20.321095932579738	256.0
20.331096471916634	256.0
20.341097011253535	256.0
20.351097550590435	253.0
20.361098089927335	250.0
20.37109862926423	250.0
20.381099168601132	245.0
20.391099707938032	242.0
20.401100247274933	236.0
20.411100786611833	234.0
20.42110132594873	228.0
20.43110186528563	228.0
20.44110240462253	226.0
20.45110294395943	226.0
20.461103483296327	226.0
20.471104022633227	226.0
20.481104561970128	226.0
20.491105101307028	226.0
20.501105640643928	226.0
20.511106179980825	228.0
20.521106719317725	228.0
20.531107258654625	231.0
20.541107797991526	231.0
20.551108337328422	231.0
20.561108876665322	231.0
20.571109416002223	234.0
20.581109955339123	236.0
20.591110494676023	239.0
20.60111103401292	245.0
20.61111157334982	248.0
20.62111211268672	250.0
20.63111265202362	253.0
20.641113191360517	256.0
20.651113730697418	259.0
20.661114270034318	259.0
20.67111480937122	259.0
20.68111534870812	259.0
20.691115888045015	256.0
20.701116427381915	253.0
20.711116966718816	248.0
20.721117506055716	245.0
20.731118045392613	242.0
20.741118584729513	239.0
20.751119124066413	234.0
20.761119663403313	231.0
20.771120202740214	228.0
20.78112074207711	228.0
20.79112128141401	228.0
20.80112182075091	226.0
20.81112236008781	226.0
20.821122899424708	226.0
20.831123438761608	226.0
20.84112397809851	226.0
20.85112451743541	226.0
20.86112505677231	226.0
20.871125596109206	228.0
20.881126135446106	234.0
20.891126674783006	236.0
20.901127214119906	245.0
20.911127753456807	250.0
20.921128292793703	253.0
20.931128832130604	256.0
20.941129371467504	259.0
20.951129910804404	259.0
20.9611304501413	262.0
20.9711309894782	262.0
20.9811315288151	259.0
20.991132068152	259.0
21.001132607488902	256.0
21.0111331468258	256.0
21.0211336861627	253.0
21.0311342254996	253.0
21.0411347648365	253.0
21.051135304173396	250.0
21.061135843510296	250.0
21.071136382847197	250.0
21.081136922184097	250.0
21.091137461520997	250.0
21.101138000857894	250.0
21.111138540194794	250.0
21.121139079531694	250.0
21.131139618868595	250.0
21.14114015820549	250.0
21.15114069754239	250.0
21.161141236879292	250.0
21.171141776216192	250.0
21.181142315553092	250.0
21.19114285488999	250.0
21.20114339422689	250.0
21.21114393356379	253.0
21.22114447290069	253.0
21.231145012237587	256.0
21.241145551574487	259.0
21.251146090911387	262.0
21.261146630248287	262.0
21.271147169585188	265.0
21.281147708922084	268.0
21.291148248258985	268.0
21.301148787595885	268.0
21.311149326932785	268.0
21.321149866269682	265.0
21.331150405606582	262.0
21.341150944943482	262.0
21.351151484280383	259.0
21.361152023617283	256.0
21.37115256295418	253.0
21.38115310229108	250.0
21.39115364162798	250.0
21.40115418096488	248.0
21.411154720301777	242.0
21.421155259638677	239.0
21.431155798975578	234.0
21.441156338312478	231.0
21.451156877649378	228.0
21.461157416986275	226.0
21.471157956323175	223.0
21.481158495660075	220.0
21.491159034996976	218.0
21.501159574333872	218.0
21.511160113670773	218.0
21.521160653007673	218.0
21.531161192344573	218.0
21.541161731681473	220.0
21.55116227101837	226.0
21.56116281035527	228.0
21.57116334969217	234.0
21.58116388902907	239.0
21.59116442836597	248.0
21.601164967702868	250.0
21.611165507039768	256.0
21.62116604637667	259.0
21.63116658571357	259.0
21.641167125050465	262.0
21.651167664387366	259.0
21.661168203724266	259.0
21.671168743061166	256.0
21.681169282398066	253.0
21.691169821734963	248.0
21.701170361071863	245.0
21.711170900408764	239.0
21.721171439745664	234.0
21.73117197908256	228.0
21.74117251841946	223.0
21.75117305775636	220.0
21.76117359709326	220.0
21.77117413643016	220.0
21.78117467576706	220.0
21.79117521510396	220.0
21.80117575444086	220.0
21.81117629377776	220.0
21.821176833114656	223.0
21.831177372451556	223.0
21.841177911788456	226.0
21.851178451125357	228.0
21.861178990462257	234.0
21.871179529799154	239.0
21.881180069136054	245.0
21.891180608472954	248.0
21.901181147809854	248.0
21.91118168714675	248.0
21.92118222648365	245.0
21.93118276582055	242.0
21.941183305157452	236.0
21.951183844494352	231.0
21.96118438383125	223.0
21.97118492316815	210.0
21.98118546250505	199.0
21.99118600184195	196.0
22.001186541178846	194.0
22.011187080515747	192.0
22.021187619852647	194.0
22.031188159189547	194.0
22.041188698526447	196.0
22.051189237863344	199.0
22.061189777200244	201.0
22.071190316537145	201.0
22.081190855874045	203.0
22.09119139521094	203.0
22.101191934547842	203.0
22.111192473884742	203.0
22.121193013221642	203.0
22.131193552558543	203.0
22.14119409189544	206.0
22.15119463123234	206.0
22.16119517056924	206.0
22.17119570990614	208.0
22.181196249243037	208.0
22.191196788579937	208.0
22.201197327916837	208.0
22.211197867253738	206.0
22.221198406590638	206.0
22.231198945927535	206.0
22.241199485264435	206.0
22.251200024601335	206.0
22.261200563938235	206.0
22.271201103275132	206.0
22.281201642612032	206.0
22.291202181948933	206.0
22.301202721285833	206.0
22.311203260622733	206.0
22.32120379995963	206.0
22.33120433929653	206.0
22.34120487863343	206.0
22.35120541797033	206.0
22.36120595730723	203.0
22.371206496644128	201.0
22.381207035981028	201.0
22.391207575317928	199.0
22.40120811465483	199.0
22.411208653991725	199.0
22.421209193328625	201.0
22.431209732665526	203.0
22.441210272002426	208.0
22.451210811339326	210.0
22.461211350676223	215.0
22.471211890013123	220.0
22.481212429350023	228.0
22.491212968686924	234.0
22.50121350802382	239.0
22.51121404736072	245.0
22.52121458669762	248.0
22.53121512603452	250.0
22.54121566537142	253.0
22.551216204708318	253.0
22.56121674404522	253.0
22.57121728338212	250.0
22.58121782271902	245.0
22.591218362055915	242.0
22.601218901392816	239.0
22.611219440729716	236.0
22.621219980066616	234.0
22.631220519403517	231.0
22.641221058740413	231.0
22.651221598077314	228.0
22.661222137414214	228.0
22.671222676751114	228.0
22.68122321608801	228.0
22.69122375542491	228.0
22.70122429476181	228.0
22.71122483409871	228.0
22.72122537343561	231.0
22.73122591277251	234.0
22.74122645210941	239.0
22.75122699144631	245.0
22.76122753078321	248.0
22.771228070120106	253.0
22.781228609457006	259.0
22.791229148793906	265.0
22.801229688130807	268.0
22.811230227467707	268.0
22.821230766804604	268.0
22.831231306141504	268.0
22.841231845478404	265.0
22.851232384815304	262.0
22.8612329241522	256.0
22.8712334634891	253.0
22.881234002826	253.0
22.891234542162902	250.0
22.901235081499802	250.0
22.9112356208367	250.0
22.9212361601736	250.0
22.9312366995105	250.0
22.9412372388474	250.0
22.951237778184296	253.0
22.961238317521197	253.0
22.971238856858097	253.0
22.981239396194997	253.0
22.991239935531897	253.0
23.001240474868794	250.0
23.011241014205694	250.0
23.021241553542595	250.0
23.031242092879495	250.0
23.041242632216395	248.0
23.051243171553292	248.0
23.061243710890192	250.0
23.071244250227092	250.0
23.081244789563993	250.0
23.09124532890089	253.0
23.10124586823779	256.0
23.11124640757469	259.0
23.12124694691159	259.0
23.13124748624849	262.0
23.141248025585387	262.0
23.151248564922287	262.0
23.161249104259188	262.0
23.171249643596088	259.0
23.181250182932985	256.0
23.191250722269885	256.0
23.201251261606785	253.0
23.211251800943685	250.0
23.221252340280586	248.0
23.231252879617482	245.0
23.241253418954383	239.0
23.251253958291283	236.0
23.261254497628183	234.0
23.27125503696508	234.0
23.28125557630198	231.0
23.29125611563888	231.0
23.30125665497578	228.0
23.31125719431268	228.0
23.321257733649578	228.0
23.331258272986478	228.0
23.341258812323378	231.0
23.35125935166028	231.0
23.361259890997175	234.0
23.371260430334075	236.0
23.381260969670976	239.0
23.391261509007876	245.0
23.401262048344776	250.0
23.411262587681673	253.0
23.421263127018573	253.0
23.431263666355473	250.0
23.441264205692374	248.0
23.45126474502927	242.0
23.46126528436617	234.0
23.47126582370307	226.0
23.48126636303997	203.0
23.49126690237687	194.0
23.501267441713768	192.0
23.51126798105067	194.0
23.52126852038757	199.0
23.53126905972447	203.0
23.541269599061366	203.0
23.551270138398266	206.0
23.561270677735166	206.0
23.571271217072066	206.0
23.581271756408967	206.0
23.591272295745863	206.0
23.601272835082764	208.0
23.611273374419664	208.0
23.621273913756564	206.0
23.63127445309346	206.0
23.64127499243036	206.0
23.65127553176726	206.0
23.66127607110416	203.0
23.671276610441062	203.0
23.68127714977796	203.0
23.69127768911486	203.0
23.70127822845176	203.0
23.71127876778866	203.0
23.721279307125556	206.0
23.731279846462456	206.0
23.741280385799357	208.0
23.751280925136257	208.0
23.761281464473157	206.0
23.771282003810054	206.0
23.781282543146954	203.0
23.791283082483854	201.0
23.801283621820755	201.0
23.811284161157655	201.0
23.82128470049455	203.0
23.831285239831452	208.0
23.841285779168352	213.0
23.851286318505252	220.0
23.86128685784215	228.0
23.87128739717905	236.0
23.88128793651595	245.0
23.89128847585285	253.0
23.90128901518975	259.0
23.911289554526647	262.0
23.921290093863547	262.0
23.931290633200447	259.0
23.941291172537348	256.0
23.951291711874244	250.0
23.961292251211145	248.0
23.971292790548045	239.0
23.981293329884945	234.0
23.991293869221845	231.0
24.001294408558742	228.0
24.011294947895642	226.0
24.021295487232543	226.0
24.031296026569443	223.0
24.04129656590634	223.0
24.05129710524324	223.0
24.06129764458014	220.0
24.07129818391704	223.0
24.08129872325394	226.0
24.091299262590837	228.0
24.101299801927738	231.0
24.111300341264638	236.0
24.121300880601538	239.0
24.131301419938435	245.0
24.141301959275335	248.0
24.151302498612235	250.0
24.161303037949136	250.0
24.171303577286036	248.0
24.181304116622933	245.0
24.191304655959833	236.0
24.201305195296733	223.0
24.211305734633633	199.0
24.22130627397053	192.0
24.23130681330743	192.0
24.24130735264433	192.0
24.25130789198123	194.0
24.26130843131813	199.0
24.271308970655028	201.0
24.281309509991928	203.0
24.29131004932883	203.0
24.30131058866573	203.0
24.311311128002625	203.0
24.321311667339526	201.0
24.331312206676426	201.0
24.341312746013326	201.0
24.351313285350226	201.0
24.361313824687123	201.0
24.371314364024023	201.0
24.381314903360924	201.0
24.391315442697824	201.0
24.40131598203472	201.0
24.41131652137162	201.0
24.42131706070852	201.0
24.43131760004542	0.0
24.44131813938232	0.0
24.45131867871922	0.0
24.46131921805612	0.0
24.47131975739302	0.0
24.48132029672992	0.0
24.491320836066816	0.0
24.501321375403716	0.0
24.511321914740616	0.0
24.521322454077517	0.0
24.531322993414417	0.0
24.541323532751314	0.0
24.551324072088214	0.0
24.561324611425114	0.0
24.571325150762014	190.0
24.581325690098915	187.0
24.59132622943581	185.0
24.60132676877271	181.0
24.611327308109612	177.0
24.621327847446512	171.0
24.63132838678341	167.0
24.64132892612031	159.0
24.65132946545721	150.0
24.66133000479411	0.0
24.67133054413101	0.0
24.681331083467906	0.0
24.691331622804807	0.0
24.701332162141707	0.0
24.711332701478607	0.0
24.721333240815504	0.0
24.731333780152404	0.0
24.741334319489305	0.0
24.751334858826205	0.0
24.761335398163105	0.0
24.7713359375	0.0
24.781336476836902	0.0
24.791337016173802	0.0
24.801337555510703	0.0
24.8113380948476	0.0
24.8213386341845	0.0
24.8313391735214	0.0
24.8413397128583	0.0
24.8513402521952	0.0
24.861340791532097	0.0
24.871341330868997	0.0
24.881341870205897	0.0
24.891342409542798	0.0
24.901342948879694	0.0
24.911343488216595	0.0
24.921344027553495	0.0
24.931344566890395	0.0
24.941345106227296	0.0
24.951345645564192	0.0
24.961346184901092	0.0
24.971346724237993	0.0
24.981347263574893	0.0
24.99134780291179	0.0
25.00134834224869	0.0
25.01134888158559	0.0
25.02134942092249	0.0
25.03134996025939	0.0
25.041350499596287	0.0
25.051351038933188	210.0
25.061351578270088	210.0
25.07135211760699	210.0
25.081352656943885	208.0
25.091353196280785	203.0
25.101353735617685	199.0
25.111354274954586	199.0
25.121354814291486	203.0
25.131355353628383	206.0
25.141355892965283	206.0
25.151356432302183	206.0
25.161356971639083	206.0
25.17135751097598	203.0
25.18135805031288	203.0
25.19135858964978	203.0
25.20135912898668	203.0
25.21135966832358	203.0
25.221360207660478	203.0
25.231360746997378	203.0
25.24136128633428	206.0
25.25136182567118	206.0
25.26136236500808	206.0
25.271362904344976	206.0
25.281363443681876	206.0
25.291363983018776	206.0
25.301364522355676	206.0
25.311365061692573	206.0
25.321365601029473	206.0
25.331366140366374	206.0
25.341366679703274	208.0
25.351367219040174	208.0
25.36136775837707	208.0
25.37136829771397	208.0
25.38136883705087	208.0
25.39136937638777	206.0
25.40136991572467	206.0
25.41137045506157	206.0
25.42137099439847	203.0
25.43137153373537	201.0
25.44137207307227	199.0
25.451372612409166	196.0
25.461373151746066	194.0
25.471373691082967	194.0
25.481374230419867	196.0
25.491374769756764	199.0
25.501375309093664	203.0
25.511375848430564	210.0
25.521376387767464	218.0
25.531376927104365	226.0
25.54137746644126	234.0
25.55137800577816	242.0
25.561378545115062	248.0
25.571379084451962	253.0
25.58137962378886	259.0
25.59138016312576	259.0
25.60138070246266	262.0
25.61138124179956	262.0
25.62138178113646	262.0
25.631382320473357	259.0
25.641382859810257	256.0
25.651383399147157	253.0
25.661383938484057	250.0
25.671384477820954	248.0
25.681385017157854	245.0
25.691385556494755	242.0
25.701386095831655	239.0
25.711386635168555	236.0
25.721387174505452	234.0
25.731387713842352	234.0
25.741388253179252	234.0
25.751388792516153	231.0
25.76138933185305	231.0
25.77138987118995	231.0
25.78139041052685	228.0
25.79139094986375	228.0
25.80139148920065	228.0
25.811392028537547	228.0
25.821392567874447	231.0
25.831393107211348	231.0
25.841393646548248	234.0
25.851394185885145	239.0
25.861394725222045	245.0
25.871395264558945	250.0
25.881395803895845	256.0
25.891396343232746	259.0
25.901396882569642	265.0
25.911397421906543	268.0
25.921397961243443	268.0
25.931398500580343	268.0
25.94139903991724	265.0
25.95139957925414	262.0
25.96140011859104	259.0
25.97140065792794	256.0
25.98140119726484	253.0
25.991401736601738	253.0
26.001402275938638	250.0
26.011402815275538	250.0
26.02140335461244	250.0
26.03140389394934	248.0
26.041404433286235	248.0
26.051404972623136	248.0
26.061405511960036	248.0
26.071406051296936	250.0
26.081406590633833	250.0
26.091407129970733	250.0
26.101407669307633	250.0
26.111408208644534	250.0
26.121408747981434	250.0
26.13140928731833	250.0
26.14140982665523	250.0
26.15141036599213	253.0
26.16141090532903	253.0
26.171411444665928	253.0
26.18141198400283	256.0
26.19141252333973	259.0
26.20141306267663	262.0
26.21141360201353	265.0
26.221414141350426	272.0
26.231414680687326	275.0
26.241415220024226	275.0
26.251415759361127	275.0
26.261416298698023	275.0
26.271416838034924	272.0
26.281417377371824	268.0
26.291417916708724	265.0
26.301418456045624	262.0
26.31141899538252	259.0
26.32141953471942	256.0
26.33142007405632	253.0
26.341420613393222	253.0
26.35142115273012	253.0
26.36142169206702	250.0
26.37142223140392	250.0
26.38142277074082	250.0
26.39142331007772	250.0
26.401423849414616	250.0
26.411424388751517	250.0
26.421424928088417	250.0
26.431425467425317	250.0
26.441426006762214	250.0
26.451426546099114	250.0
26.461427085436014	253.0
26.471427624772915	256.0
26.481428164109815	259.0
26.49142870344671	268.0
26.501429242783612	278.0
26.511429782120512	288.0
26.521430321457412	298.0
26.53143086079431	305.0
26.54143140013121	308.0
26.55143193946811	312.0
26.56143247880501	312.0
26.57143301814191	312.0
26.581433557478807	308.0
26.591434096815707	301.0
26.601434636152607	298.0
26.611435175489508	291.0
26.621435714826404	288.0
26.631436254163305	284.0
26.641436793500205	278.0
26.651437332837105	272.0
26.661437872174005	268.0
26.671438411510902	265.0
26.681438950847802	262.0
26.691439490184703	259.0
26.701440029521603	259.0
26.711440568858503	256.0
26.7214411081954	256.0
26.7314416475323	256.0
26.7414421868692	256.0
26.7514427262061	256.0
26.761443265542997	256.0
26.771443804879897	253.0
26.781444344216798	253.0
26.791444883553698	253.0
26.8014454228906	253.0
26.811445962227495	253.0
26.821446501564395	253.0
26.831447040901296	253.0
26.841447580238196	253.0
26.851448119575092	253.0
26.861448658911993	256.0
26.871449198248893	259.0
26.881449737585793	259.0
26.891450276922694	262.0
26.90145081625959	268.0
26.91145135559649	272.0
26.92145189493339	272.0
26.93145243427029	272.0
26.941452973607188	272.0
26.951453512944088	268.0
26.96145405228099	268.0
26.97145459161789	265.0
26.98145513095479	262.0
26.991455670291685	262.0
27.001456209628586	259.0
27.011456748965486	256.0
27.021457288302386	253.0
27.031457827639283	250.0
27.041458366976183	248.0
27.051458906313083	242.0
27.061459445649984	239.0
27.071459984986884	236.0
27.08146052432378	234.0
27.09146106366068	234.0
27.10146160299758	231.0
27.11146214233448	231.0
27.121462681671378	228.0
27.13146322100828	226.0
27.14146376034518	226.0
27.15146429968208	226.0
27.16146483901898	226.0
27.171465378355876	226.0
27.181465917692776	226.0
27.191466457029676	226.0
27.201466996366577	226.0
27.211467535703473	228.0
27.221468075040374	231.0
27.231468614377274	234.0
27.241469153714174	236.0
27.251469693051074	239.0
27.26147023238797	242.0
27.27147077172487	245.0
27.28147131106177	248.0
27.291471850398672	248.0
27.30147238973557	248.0
27.31147292907247	248.0
27.32147346840937	245.0
27.33147400774627	245.0
27.34147454708317	242.0
27.351475086420066	239.0
27.361475625756967	234.0
27.371476165093867	231.0
27.381476704430767	228.0
27.391477243767664	223.0
27.401477783104564	220.0
27.411478322441464	215.0
27.421478861778365	213.0
27.431479401115265	210.0
27.44147994045216	210.0
27.451480479789062	208.0
27.461481019125962	208.0
27.471481558462862	208.0
27.481482097799763	208.0
27.49148263713666	208.0
27.50148317647356	208.0
27.51148371581046	208.0
27.52148425514736	208.0
27.531484794484257	208.0
27.541485333821157	206.0
27.551485873158057	206.0
27.561486412494958	206.0
27.571486951831858	206.0
27.581487491168755	208.0
27.591488030505655	210.0
27.601488569842555	213.0
27.611489109179455	218.0
27.621489648516352	226.0
27.631490187853252	234.0
27.641490727190153	239.0
27.651491266527053	245.0
27.661491805863953	250.0
27.67149234520085	253.0
27.68149288453775	253.0
27.69149342387465	253.0
27.70149396321155	250.0
27.711494502548447	248.0
27.721495041885348	242.0
27.731495581222248	239.0
27.741496120559148	236.0
27.75149665989605	231.0
27.761497199232945	228.0
27.771497738569845	226.0
27.781498277906746	223.0
27.791498817243646	223.0
27.801499356580543	220.0
27.811499895917443	0.0
27.821500435254343	0.0
27.831500974591243	0.0
27.841501513928144	0.0
27.85150205326504	0.0
27.86150259260194	0.0
27.87150313193884	0.0
27.88150367127574	0.0
27.891504210612638	0.0
27.901504749949538	0.0
27.91150528928644	0.0
27.92150582862334	0.0
27.93150636796024	0.0
27.941506907297136	0.0
27.951507446634036	0.0
27.961507985970936	0.0
27.971508525307836	0.0
27.981509064644733	0.0
27.991509603981633	0.0
28.001510143318534	0.0
28.011510682655434	0.0
28.021511221992334	0.0
28.03151176132923	0.0
28.04151230066613	0.0
28.05151284000303	0.0
28.06151337933993	0.0
28.07151391867683	0.0
28.08151445801373	0.0
28.09151499735063	0.0
28.10151553668753	0.0
28.11151607602443	0.0
28.121516615361326	256.0
28.131517154698226	259.0
28.141517694035127	262.0
28.151518233372027	262.0
28.161518772708924	265.0
28.171519312045824	272.0
28.181519851382724	272.0
28.191520390719624	272.0
28.201520930056525	272.0
28.21152146939342	268.0
28.22152200873032	265.0
28.231522548067222	262.0
28.241523087404122	256.0
28.251523626741022	253.0
28.26152416607792	250.0
28.27152470541482	250.0
28.28152524475172	250.0
28.29152578408862	248.0
28.301526323425517	248.0
28.311526862762417	248.0
28.321527402099317	250.0
28.331527941436217	253.0
28.341528480773118	256.0
28.351529020110014	262.0
28.361529559446915	268.0
28.371530098783815	275.0
28.381530638120715	278.0
28.391531177457612	284.0
28.401531716794512	284.0
28.411532256131412	284.0
28.421532795468313	284.0
28.431533334805213	281.0
28.44153387414211	275.0
28.45153441347901	272.0
28.46153495281591	265.0
28.47153549215281	262.0
28.481536031489707	259.0
28.491536570826607	256.0
28.501537110163508	253.0
28.511537649500408	250.0
28.521538188837308	250.0
28.531538728174205	250.0
28.541539267511105	250.0
28.551539806848005	253.0
28.561540346184906	256.0
28.571540885521802	265.0
28.581541424858703	275.0
28.591541964195603	284.0
28.601542503532503	291.0
28.611543042869403	298.0
28.6215435822063	301.0
28.6315441215432	305.0
28.6415446608801	305.0
28.651545200217	305.0
28.661545739553898	305.0
28.671546278890798	305.0
28.681546818227698	305.0
28.6915473575646	301.0
28.7015478969015	301.0
28.711548436238395	305.0
28.721548975575296	305.0
28.731549514912196	305.0
28.741550054249096	305.0
28.751550593585993	308.0
28.761551132922893	308.0
28.771551672259793	308.0
28.781552211596694	308.0
28.791552750933594	305.0
28.80155329027049	305.0
28.81155382960739	305.0
28.82155436894429	301.0
28.83155490828119	301.0
28.841555447618088	301.0
28.85155598695499	301.0
28.86155652629189	301.0
28.87155706562879	301.0
28.88155760496569	301.0
28.891558144302586	301.0
28.901558683639486	301.0
28.911559222976386	301.0
28.921559762313287	301.0
28.931560301650187	301.0
28.941560840987083	301.0
28.951561380323984	301.0
28.961561919660884	301.0
28.971562458997784	305.0
28.98156299833468	305.0
28.99156353767158	305.0
29.00156407700848	305.0
29.01156461634538	305.0
29.021565155682282	305.0
29.03156569501918	305.0
29.04156623435608	301.0
29.05156677369298	301.0
29.06156731302988	301.0
29.071567852366776	301.0
29.081568391703676	301.0
29.091568931040577	301.0
29.101569470377477	301.0
29.111570009714377	301.0
29.121570549051274	301.0
29.131571088388174	301.0
29.141571627725074	298.0
29.151572167061975	298.0
29.16157270639887	294.0
29.17157324573577	291.0
29.181573785072672	284.0
29.191574324409572	275.0
29.201574863746472	262.0
29.21157540308337	253.0
29.22157594242027	245.0
29.23157648175717	239.0
29.24157702109407	234.0
29.251577560430967	234.0
29.261578099767867	234.0
29.271578639104767	239.0
29.281579178441667	248.0
29.291579717778568	256.0
29.301580257115464	268.0
29.311580796452365	281.0
29.321581335789265	291.0
29.331581875126165	298.0
29.341582414463062	301.0
29.351582953799962	308.0
29.361583493136862	312.0
29.371584032473763	312.0
29.381584571810663	308.0
29.39158511114756	305.0
29.40158565048446	294.0
29.41158618982136	288.0
29.42158672915826	281.0
29.431587268495157	278.0
29.441587807832057	268.0
29.451588347168958	259.0
29.461588886505858	253.0
29.471589425842758	250.0
29.481589965179655	250.0
29.491590504516555	248.0
29.501591043853455	248.0
29.511591583190356	248.0
29.521592122527252	248.0
29.531592661864153	248.0
29.541593201201053	248.0
29.551593740537953	250.0
29.561594279874853	250.0
29.57159481921175	250.0
29.58159535854865	250.0
29.59159589788555	250.0
29.60159643722245	253.0
29.611596976559348	256.0
29.621597515896248	259.0
29.631598055233148	265.0
29.64159859457005	272.0
29.65159913390695	275.0
29.661599673243845	278.0
29.671600212580746	281.0
29.681600751917646	278.0
29.691601291254546	275.0
29.701601830591446	272.0
29.711602369928343	265.0
29.721602909265243	262.0
29.731603448602144	259.0
29.741603987939044	253.0
29.75160452727594	248.0
29.76160506661284	242.0
29.77160560594974	239.0
29.78160614528664	236.0
29.79160668462354	234.0
29.80160722396044	231.0
29.81160776329734	231.0
29.82160830263424	231.0
29.83160884197114	231.0
29.841609381308036	231.0
29.851609920644936	231.0
29.861610459981836	231.0
29.871610999318737	231.0
29.881611538655637	231.0
29.891612077992534	231.0
29.901612617329434	231.0
29.911613156666334	231.0
29.921613696003234	231.0
29.93161423534013	234.0
29.94161477467703	236.0
29.95161531401393	239.0
29.961615853350832	245.0
29.971616392687732	248.0
29.98161693202463	250.0
29.99161747136153	250.0
30.00161801069843	250.0
30.01161855003533	250.0
30.021619089372226	248.0
30.031619628709127	242.0
30.041620168046027	234.0
30.051620707382927	226.0
30.061621246719827	215.0
30.071621786056724	208.0
30.081622325393624	203.0
30.091622864730525	203.0
30.101623404067425	203.0
30.11162394340432	203.0
30.121624482741222	203.0
30.131625022078122	203.0
30.141625561415022	203.0
30.151626100751923	203.0
30.16162664008882	203.0
30.17162717942572	203.0
30.18162771876262	203.0
30.19162825809952	203.0
30.201628797436417	203.0
30.211629336773317	201.0
30.221629876110217	201.0
30.231630415447118	199.0
30.241630954784018	196.0
30.251631494120915	192.0
30.261632033457815	187.0
30.271632572794715	185.0
30.281633112131615	183.0
30.291633651468512	183.0
30.301634190805412	183.0
30.311634730142313	0.0
30.321635269479213	0.0
30.331635808816113	0.0
30.34163634815301	0.0
30.35163688748991	0.0
30.36163742682681	0.0
30.37163796616371	239.0
30.38163850550061	239.0
30.391639044837508	242.0
30.401639584174408	242.0
30.411640123511308	242.0
30.42164066284821	242.0
30.431641202185105	242.0
30.441641741522005	239.0
30.451642280858906	236.0
30.461642820195806	234.0
30.471643359532706	231.0
30.481643898869603	228.0
30.491644438206503	228.0
30.501644977543403	228.0
30.511645516880304	228.0
30.5216460562172	228.0
30.5316465955541	228.0
30.541647134891	228.0
30.5516476742279	231.0
30.5616482135648	234.0
30.571648752901698	239.0
30.5816492922386	242.0
30.5916498315755	245.0
30.6016503709124	248.0
30.611650910249296	248.0
30.621651449586196	248.0
30.631651988923096	245.0
30.641652528259996	245.0
30.651653067596897	242.0
30.661653606933793	236.0
30.671654146270694	234.0
30.681654685607594	228.0
30.691655224944494	226.0
30.70165576428139	223.0
30.71165630361829	220.0
30.72165684295519	220.0
30.73165738229209	220.0
30.741657921628992	220.0
30.75165846096589	223.0
30.76165900030279	226.0
30.77165953963969	231.0
30.78166007897659	234.0
30.791660618313486	239.0
30.801661157650386	245.0
30.811661696987287	248.0
30.821662236324187	250.0
30.831662775661087	253.0
30.841663314997984	253.0
30.851663854334884	256.0
30.861664393671784	256.0
30.871664933008685	256.0
30.88166547234558	256.0
30.89166601168248	256.0
30.90166655101938	256.0
30.911667090356282	253.0
30.921667629693182	253.0
30.93166816903008	256.0
30.94166870836698	256.0
30.95166924770388	256.0
30.96166978704078	256.0
30.971670326377676	256.0
30.981670865714577	256.0
30.991671405051477	256.0
31.001671944388377	256.0
31.011672483725278	256.0
31.021673023062174	256.0
31.031673562399074	256.0
31.041674101735975	256.0
31.051674641072875	256.0
31.06167518040977	256.0
31.071675719746672	253.0
31.081676259083572	253.0
31.091676798420472	253.0
31.101677337757373	253.0
31.11167787709427	253.0
31.12167841643117	253.0
31.13167895576807	253.0
31.14167949510497	253.0
31.15168003444187	253.0
31.161680573778767	256.0
31.171681113115667	256.0
31.181681652452568	256.0
31.191682191789468	256.0
31.201682731126365	256.0
31.211683270463265	256.0
31.221683809800165	256.0
31.231684349137065	256.0
31.241684888473966	256.0
31.251685427810862	256.0
31.261685967147763	256.0
31.271686506484663	256.0
31.281687045821563	256.0
31.29168758515846	256.0
31.30168812449536	253.0
31.31168866383226	250.0
31.32168920316916	248.0
31.33168974250606	245.0
31.341690281842958	239.0
31.351690821179858	231.0
31.361691360516758	223.0
31.37169189985366	218.0
31.381692439190555	213.0
31.391692978527455	210.0
31.401693517864356	210.0
31.411694057201256	215.0
31.421694596538156	223.0
31.431695135875053	231.0
31.441695675211953	239.0
31.451696214548853	248.0
31.461696753885754	253.0
31.47169729322265	262.0
31.48169783255955	265.0
31.49169837189645	268.0
31.50169891123335	272.0
31.51169945057025	272.0
31.521699989907148	268.0
31.53170052924405	268.0
31.54170106858095	265.0
31.55170160791785	259.0
31.561702147254746	253.0
31.571702686591646	248.0
31.581703225928546	242.0
31.591703765265446	236.0
31.601704304602347	228.0
31.611704843939243	226.0
31.621705383276144	226.0
31.631705922613044	226.0
31.641706461949944	226.0
31.65170700128684	226.0
31.66170754062374	226.0
31.67170807996064	226.0
31.68170861929754	228.0
31.691709158634442	228.0
31.70170969797134	228.0
31.71171023730824	231.0
31.72171077664514	234.0
31.73171131598204	236.0
31.741711855318936	242.0
31.751712394655836	248.0
31.761712933992737	253.0
31.771713473329637	253.0
31.781714012666537	250.0
31.791714552003434	248.0
31.801715091340334	242.0
31.811715630677234	234.0
31.821716170014135	223.0
31.831716709351035	208.0
31.84171724868793	203.0
31.851717788024832	203.0
31.861718327361732	203.0
31.871718866698632	203.0
31.88171940603553	206.0
31.89171994537243	206.0
31.90172048470933	206.0
31.91172102404623	206.0
31.92172156338313	206.0
31.931722102720027	203.0
31.941722642056927	203.0
31.951723181393827	203.0
31.961723720730728	201.0
31.971724260067624	201.0
31.981724799404525	201.0
31.991725338741425	201.0
32.001725878078325	199.0
32.011726417415225	199.0
32.021726956752126	199.0
32.031727496089026	199.0
32.04172803542592	199.0
32.05172857476282	201.0
32.06172911409972	201.0
32.07172965343662	201.0
32.08173019277352	201.0
32.09173073211042	201.0
32.10173127144732	199.0
32.11173181078422	199.0
32.12173235012112	199.0
32.131732889458014	199.0
32.141733428794915	199.0
32.151733968131815	199.0
32.161734507468715	201.0
32.171735046805615	201.0
32.181735586142516	201.0
32.191736125479416	201.0
32.201736664816316	203.0
32.211737204153216	203.0
32.22173774349011	203.0
32.23173828282701	203.0
32.24173882216391	206.0
32.25173936150081	203.0
32.26173990083771	203.0
32.27174044017461	203.0
32.28174097951151	201.0
32.29174151884841	199.0
32.30174205818531	196.0
32.311742597522205	194.0
32.321743136859105	194.0
32.331743676196005	192.0
32.341744215532906	187.0
32.351744754869806	185.0
32.361745294206706	181.0
32.371745833543606	177.0
32.38174637288051	171.0
32.39174691221741	165.0
32.4017474515543	159.0
32.4117479908912	156.0
32.4217485302281	154.0
32.431749069565	154.0
32.4417496089019	154.0
32.4517501482388	156.0
32.4617506875757	158.0
32.4717512269126	158.0
32.4817517662495	156.0
32.491752305586395	156.0
32.501752844923296	156.0
32.511753384260196	159.0
32.521753923597096	165.0
32.531754462933996	169.0
32.5417550022709	171.0
32.5517555416078	175.0
32.5617560809447	181.0
32.5717566202816	190.0
32.58175715961849	196.0
32.59175769895539	203.0
32.60175823829229	208.0
32.61175877762919	210.0
32.62175931696609	213.0
32.63175985630299	213.0
32.64176039563989	213.0
32.65176093497679	213.0
32.66176147431369	213.0
32.671762013650586	213.0
32.681762552987486	210.0
32.691763092324386	210.0
32.70176363166129	208.0
32.71176417099819	208.0
32.72176471033509	208.0
32.73176524967199	208.0
32.74176578900889	208.0
32.75176632834579	208.0
32.76176686768268	208.0
32.77176740701958	208.0
32.78176794635648	206.0
32.79176848569338	206.0
32.80176902503028	206.0
32.81176956436718	203.0
32.82177010370408	203.0
32.83177064304098	203.0
32.84177118237788	203.0
32.851771721714776	203.0
32.86177226105168	206.0
32.87177280038858	203.0
32.88177333972548	203.0
32.89177387906238	203.0
32.90177441839928	201.0
32.91177495773618	199.0
32.92177549707308	199.0
32.93177603640998	199.0
32.94177657574688	201.0
32.95177711508377	206.0
32.96177765442067	210.0
32.97177819375757	215.0
32.98177873309447	223.0
32.99177927243137	234.0
33.00177981176827	242.0
33.01178035110517	248.0
33.02178089044207	250.0
33.031781429778974	253.0
33.04178196911587	253.0
33.05178250845277	253.0
33.06178304778967	253.0
33.07178358712657	253.0
33.08178412646347	250.0
33.09178466580037	248.0
33.10178520513727	245.0
33.11178574447417	242.0
33.12178628381107	236.0
33.13178682314796	236.0
33.14178736248486	234.0
33.15178790182176	231.0
33.16178844115866	231.0
33.17178898049556	228.0
33.18178951983246	228.0
33.191790059169364	228.0
33.201790598506264	226.0
33.211791137843164	226.0
33.22179167718006	226.0
33.23179221651696	226.0
33.24179275585386	226.0
33.25179329519076	226.0
33.26179383452766	231.0
33.27179437386456	234.0
33.28179491320146	242.0
33.29179545253836	248.0
33.30179599187526	256.0
33.31179653121215	262.0
33.32179707054905	268.0
33.33179760988595	275.0
33.34179814922285	275.0
33.351798688559754	275.0
33.361799227896654	272.0
33.371799767233554	268.0
33.381800306570454	265.0
33.391800845907355	262.0
33.40180138524425	259.0
33.41180192458115	256.0
33.42180246391805	253.0
33.43180300325495	253.0
33.44180354259185	253.0
33.45180408192875	253.0
33.46180462126565	253.0
33.47180516060255	256.0
33.48180569993945	256.0
33.49180623927634	256.0
33.50180677861324	256.0
33.511807317950144	253.0
33.521807857287044	253.0
33.531808396623944	253.0
33.541808935960844	253.0
33.551809475297745	253.0
33.561810014634645	250.0
33.571810553971545	250.0
33.58181109330844	250.0
33.59181163264534	250.0
33.60181217198224	253.0
33.61181271131914	259.0
33.62181325065604	262.0
33.63181378999294	268.0
33.64181432932984	272.0
33.65181486866674	275.0
33.66181540800364	275.0
33.671815947340534	272.0
33.681816486677434	268.0
33.691817026014334	265.0
33.701817565351234	262.0
33.711818104688135	256.0
33.721818644025035	250.0
33.731819183361935	245.0
33.741819722698835	239.0
33.751820262035736	236.0
33.76182080137263	231.0
33.77182134070953	226.0
33.78182188004643	0.0
33.79182241938333	0.0
33.80182295872023	0.0
33.81182349805713	0.0
33.82182403739403	0.0
33.83182457673093	0.0
33.84182511606783	0.0
33.851825655404724	0.0
33.861826194741624	0.0
33.871826734078525	0.0
33.881827273415425	0.0
33.891827812752325	0.0
33.901828352089225	0.0
33.911828891426126	0.0
33.921829430763026	0.0
33.931829970099926	0.0
33.94183050943682	0.0
33.95183104877372	0.0
33.96183158811062	0.0
33.97183212744752	0.0
33.98183266678442	0.0
33.99183320612132	0.0
34.00183374545822	0.0
34.01183428479512	0.0
34.02183482413202	0.0
34.031835363468915	0.0
34.041835902805815	0.0
34.051836442142715	0.0
34.061836981479615	0.0
34.071837520816516	0.0
34.081838060153416	0.0
34.091838599490316	253.0
34.101839138827216	256.0
34.11183967816412	259.0
34.12184021750101	262.0
34.13184075683791	265.0
34.14184129617481	265.0
34.15184183551171	262.0
34.16184237484861	262.0
34.17184291418551	259.0
34.18184345352241	253.0
34.19184399285931	250.0
34.20184453219621	250.0
34.211845071533105	248.0
34.221845610870005	245.0
34.231846150206906	245.0
34.241846689543806	245.0
34.251847228880706	245.0
34.261847768217606	245.0
34.27184830755451	248.0
34.28184884689141	253.0
34.29184938622831	256.0
34.3018499255652	262.0
34.3118504649021	268.0
34.321851004239	275.0
34.3318515435759	281.0
34.3418520829128	281.0
34.3518526222497	281.0
34.3618531615866	281.0
34.3718537009235	278.0
34.3818542402604	272.0
34.3918547795973	268.0
34.401855318934196	265.0
34.411855858271096	262.0
34.421856397607996	256.0
34.4318569369449	253.0
34.4418574762818	250.0
34.4518580156187	248.0
34.4618585549556	245.0
34.4718590942925	245.0
34.4818596336294	245.0
34.49186017296629	248.0
34.50186071230319	248.0
34.51186125164009	253.0
34.52186179097699	256.0
34.53186233031389	262.0
34.54186286965079	268.0
34.55186340898769	275.0
34.56186394832459	281.0
34.57186448766149	288.0
34.581865026998386	294.0
34.59186556633529	298.0
34.60186610567219	298.0
34.61186664500909	301.0
34.62186718434599	301.0
34.63186772368289	301.0
34.64186826301979	301.0
34.65186880235669	298.0
34.66186934169359	298.0
34.67186988103048	298.0
34.68187042036738	298.0
34.69187095970428	298.0
34.70187149904118	298.0
34.71187203837808	298.0
34.72187257771498	298.0
34.73187311705188	298.0
34.74187365638878	298.0
34.751874195725684	298.0
34.76187473506258	298.0
34.77187527439948	298.0
34.78187581373638	298.0
34.79187635307328	298.0
34.80187689241018	301.0
34.81187743174708	301.0
34.82187797108398	301.0
34.83187851042088	301.0
34.84187904975778	301.0
34.85187958909467	301.0
34.86188012843157	301.0
34.87188066776847	301.0
34.88188120710537	301.0
34.89188174644227	301.0
34.90188228577917	301.0
34.91188282511607	301.0
34.921883364452974	301.0
34.931883903789874	301.0
34.94188444312677	301.0
34.95188498246367	298.0
34.96188552180057	294.0
34.97188606113747	291.0
34.98188660047437	288.0
34.99188713981127	278.0
35.00188767914817	268.0
35.01188821848507	259.0
35.02188875782197	253.0
35.03188929715886	248.0
35.04188983649576	239.0
35.05189037583266	234.0
35.06189091516956	226.0
35.07189145450646	223.0
35.081891993843364	220.0
35.091892533180264	0.0
35.101893072517164	0.0
35.111893611854065	0.0
35.12189415119096	0.0
35.13189469052786	0.0
35.14189522986476	0.0
35.15189576920166	0.0
35.16189630853856	0.0
35.17189684787546	308.0
35.18189738721236	312.0
35.19189792654926	312.0
35.20189846588616	312.0
35.21189900522305	312.0
35.22189954455995	308.0
35.23190008389685	308.0
35.241900623233754	308.0
35.251901162570654	308.0
35.261901701907554	308.0
35.271902241244455	308.0
35.281902780581355	308.0
35.291903319918255	305.0
35.30190385925515	305.0
35.31190439859205	305.0
35.32190493792895	305.0
35.33190547726585	305.0
35.34190601660275	301.0
35.35190655593965	301.0
35.36190709527655	301.0
35.37190763461345	301.0
35.38190817395035	301.0
35.39190871328724	301.0
35.401909252624144	301.0
35.411909791961044	301.0
35.421910331297944	298.0
35.431910870634844	298.0
35.441911409971745	298.0
35.451911949308645	298.0
35.461912488645545	298.0
35.471913027982445	298.0
35.48191356731934	301.0
35.49191410665624	308.0
35.50191464599314	316.0
35.51191518533004	323.0
35.52191572466694	331.0
35.53191626400384	342.0
35.54191680334074	354.0
35.55191734267764	363.0
35.56191788201454	367.0
35.571918421351434	371.0
35.581918960688334	367.0
35.591919500025234	363.0
35.601920039362135	358.0
35.611920578699035	354.0
35.621921118035935	350.0
35.631921657372835	350.0
35.641922196709736	346.0
35.651922736046636	346.0
35.66192327538353	346.0
35.67192381472043	342.0
35.68192435405733	342.0
35.69192489339423	342.0
35.70192543273113	342.0
35.71192597206803	342.0
35.72192651140493	338.0
35.73192705074183	338.0
35.74192759007873	338.0
35.751928129415624	338.0
35.761928668752525	338.0
35.771929208089425	338.0
35.781929747426325	342.0
35.791930286763225	346.0
35.801930826100126	350.0
35.811931365437026	358.0
35.821931904773926	363.0
35.83193244411083	371.0
35.84193298344772	371.0
35.85193352278462	375.0
35.86193406212152	375.0
35.87193460145842	375.0
35.88193514079532	375.0
35.89193568013222	371.0
35.90193621946912	367.0
35.91193675880602	363.0
35.92193729814292	358.0
35.93193783747982	354.0
35.941938376816715	350.0
35.951938916153615	346.0
35.961939455490516	338.0
35.971939994827416	334.0
35.981940534164316	327.0
35.991941073501216	323.0
36.00194161283812	319.0
36.01194215217502	316.0
36.02194269151192	316.0
36.03194323084881	312.0
36.04194377018571	308.0
36.05194430952261	308.0
36.06194484885951	308.0
36.07194538819641	308.0
36.08194592753331	308.0
36.09194646687021	308.0
36.10194700620711	308.0
36.11194754554401	308.0
36.121948084880906	301.0
36.131948624217806	294.0
36.141949163554706	288.0
36.151949702891606	284.0
36.16195024222851	278.0
36.17195078156541	278.0
36.18195132090231	278.0
36.19195186023921	288.0
36.20195239957611	294.0
36.211952938913	308.0
36.2219534782499	319.0
36.2319540175868	350.0
36.2419545569237	371.0
36.2519550962606	380.0
36.2619556355975	380.0
36.2719561749344	380.0
36.2819567142713	375.0
36.2919572536082	371.0
36.301957792945096	367.0
36.311958332281996	358.0
36.3219588716189	354.0
36.3319594109558	350.0
36.3419599502927	342.0
36.3519604896296	338.0
36.3619610289665	338.0
36.3719615683034	338.0
36.3819621076403	338.0
36.39196264697719	338.0
36.40196318631409	338.0
36.41196372565099	342.0
36.42196426498789	350.0
36.43196480432479	354.0
36.44196534366169	358.0
36.45196588299859	367.0
36.46196642233549	371.0
36.47196696167239	375.0
36.48196750100929	380.0
36.49196804034619	380.0
36.50196857968309	375.0
36.51196911901999	371.0
36.52196965835689	367.0
36.53197019769379	363.0
36.54197073703069	358.0
36.55197127636759	350.0
36.56197181570449	346.0
36.57197235504138	342.0
36.58197289437828	338.0
36.59197343371518	338.0
36.60197397305208	338.0
36.61197451238898	338.0
36.62197505172588	338.0
36.63197559106278	346.0
36.641976130399684	350.0
36.651976669736584	354.0
36.66197720907348	363.0
36.67197774841038	371.0
36.68197828774728	380.0
36.69197882708418	389.0
36.70197936642108	398.0
36.71197990575798	402.0
36.72198044509488	407.0
36.73198098443178	407.0
36.74198152376868	407.0
36.75198206310557	407.0
36.76198260244247	407.0
36.77198314177937	412.0
36.78198368111627	412.0
36.79198422045317	407.0
36.801984759790074	407.0
36.811985299126974	407.0
36.821985838463874	407.0
36.831986377800774	407.0
36.84198691713767	407.0
36.85198745647457	407.0
36.86198799581147	407.0
36.87198853514837	412.0
36.88198907448527	412.0
36.89198961382217	412.0
36.90199015315907	412.0
36.91199069249597	412.0
36.92199123183287	412.0
36.93199177116976	412.0
36.94199231050666	407.0
36.95199284984356	407.0
36.96199338918046	407.0
36.971993928517364	407.0
36.981994467854264	407.0
36.991995007191164	407.0
37.001995546528065	407.0
37.011996085864965	407.0
37.02199662520186	407.0
37.03199716453876	407.0
37.04199770387566	407.0
37.05199824321256	407.0
37.06199878254946	407.0
37.07199932188636	407.0
37.08199986122326	407.0
37.09200040056016	407.0
37.10200093989706	407.0
37.11200147923395	407.0
37.12200201857085	407.0
37.132002557907754	407.0
37.142003097244654	407.0
37.152003636581554	407.0
37.162004175918455	407.0
37.172004715255355	402.0
37.182005254592255	402.0
37.192005793929155	402.0
37.20200633326605	398.0
37.21200687260295	398.0
37.22200741193985	393.0
37.23200795127675	389.0
37.24200849061365	380.0
37.25200902995055	363.0
37.26200956928745	350.0
37.27201010862435	331.0
37.28201064796125	316.0
37.292011187298144	305.0
37.302011726635044	301.0
37.312012265971944	305.0
37.322012805308844	312.0
37.332013344645745	323.0
37.342013883982645	338.0
37.352014423319545	358.0
37.362014962656446	371.0
37.372015501993346	384.0
37.382016041330246	398.0
37.39201658066714	412.0
37.40201712000404	417.0
37.41201765934094	417.0
37.42201819867784	412.0
37.43201873801474	407.0
37.44201927735164	398.0
37.45201981668854	393.0
37.46202035602544	384.0
37.47202089536234	380.0
37.482021434699234	371.0
37.492021974036135	363.0
37.502022513373035	358.0
37.512023052709935	350.0
37.522023592046835	350.0
37.532024131383736	346.0
37.542024670720636	346.0
37.552025210057536	346.0
37.56202574939444	346.0
37.57202628873133	342.0
37.58202682806823	342.0
37.59202736740513	342.0
37.60202790674203	342.0
37.61202844607893	342.0
37.62202898541583	338.0
37.63202952475273	338.0
37.64203006408963	338.0
37.65203060342653	338.0
37.662031142763425	342.0
37.672031682100325	350.0
37.682032221437225	358.0
37.692032760774126	367.0
37.702033300111026	375.0
37.712033839447926	380.0
37.72203437878483	384.0
37.73203491812173	384.0
37.74203545745863	380.0
37.75203599679552	375.0
37.76203653613242	371.0
37.77203707546932	363.0
37.78203761480622	350.0
37.79203815414312	342.0
37.80203869348002	331.0
37.81203923281692	323.0
37.82203977215382	319.0
37.83204031149072	312.0
37.842040850827615	308.0
37.852041390164516	308.0
37.862041929501416	308.0
37.872042468838316	308.0
37.882043008175216	308.0
37.89204354751212	305.0
37.90204408684902	305.0
37.91204462618592	301.0
37.92204516552282	298.0
37.93204570485971	298.0
37.94204624419661	298.0
37.95204678353351	301.0
37.96204732287041	301.0
37.97204786220731	305.0
37.98204840154421	305.0
37.99204894088111	301.0
38.00204948021801	301.0
38.01205001955491	298.0
38.022050558891806	298.0
38.032051098228706	298.0
38.042051637565606	301.0
38.05205217690251	301.0
38.06205271623941	305.0
38.07205325557631	305.0
38.08205379491321	308.0
38.09205433425011	308.0
38.10205487358701	308.0
38.1120554129239	308.0
38.1220559522608	305.0
38.1320564915977	305.0
38.1420570309346	305.0
38.1520575702715	305.0
38.1620581096084	305.0
38.1720586489453	305.0
38.1820591882822	305.0
38.1920597276191	305.0
38.202060266955996	305.0
38.2120608062929	305.0
38.2220613456298	308.0
38.2320618849667	308.0
38.2420624243036	308.0
38.2520629636405	308.0
38.2620635029774	308.0
38.2720640423143	305.0
38.2820645816512	305.0
38.29206512098809	301.0
38.30206566032499	298.0
38.31206619966189	294.0
38.32206673899879	288.0
38.33206727833569	275.0
38.34206781767259	262.0
38.35206835700949	250.0
38.36206889634639	239.0
38.372069435683294	231.0
38.38206997502019	228.0
38.39207051435709	226.0
38.40207105369399	228.0
38.41207159303089	231.0
38.42207213236779	239.0
38.43207267170469	245.0
38.44207321104159	256.0
38.45207375037849	265.0
38.46207428971539	275.0
38.47207482905228	288.0
38.48207536838918	298.0
38.49207590772608	305.0
38.50207644706298	308.0
38.51207698639988	312.0
38.52207752573678	312.0
38.532078065073684	312.0
38.542078604410584	308.0
38.552079143747484	301.0
38.56207968308438	294.0
38.57208022242128	291.0
38.58208076175818	284.0
38.59208130109508	281.0
38.60208184043198	275.0
38.61208237976888	268.0
38.62208291910578	262.0
38.63208345844268	256.0
38.64208399777958	253.0
38.65208453711647	250.0
38.66208507645337	248.0
38.67208561579027	248.0
38.68208615512717	248.0
38.692086694464074	248.0
38.702087233800974	250.0
38.712087773137874	253.0
38.722088312474774	259.0
38.732088851811675	268.0
38.74208939114857	284.0
38.75208993048547	305.0
38.76209046982237	316.0
38.77209100915927	331.0
38.78209154849617	346.0
38.79209208783307	358.0
38.80209262716997	371.0
38.81209316650687	380.0
38.82209370584377	380.0
38.83209424518067	380.0
38.84209478451756	367.0
38.85209532385446	354.0
38.862095863191364	334.0
38.872096402528264	316.0
38.882096941865164	305.0
38.892097481202065	301.0
38.902098020538965	298.0
38.912098559875865	298.0
38.922099099212765	298.0
38.93209963854966	298.0
38.94210017788656	298.0
38.95210071722346	301.0
38.96210125656036	301.0
38.97210179589726	305.0
38.98210233523416	305.0
38.99210287457106	305.0
39.00210341390796	301.0
39.01210395324486	301.0
39.022104492581754	294.0
39.032105031918654	284.0
39.042105571255554	253.0
39.052106110592455	250.0
39.062106649929355	0.0
39.072107189266255	0.0
39.082107728603155	0.0
39.092108267940056	0.0
39.102108807276956	0.0
39.11210934661385	0.0
39.12210988595075	0.0
39.13211042528765	305.0
39.14211096462455	308.0
39.15211150396145	312.0
39.16211204329835	312.0
39.17211258263525	312.0
39.18211312197215	312.0
39.19211366130905	312.0
39.202114200645944	312.0
39.212114739982844	312.0
39.222115279319745	312.0
39.232115818656645	308.0
39.242116357993545	305.0
39.252116897330446	301.0
39.262117436667346	294.0
39.272117976004246	288.0
39.282118515341146	284.0
39.29211905467804	275.0
39.30211959401494	268.0
39.31212013335184	259.0
39.32212067268874	256.0
39.33212121202564	253.0
39.34212175136254	253.0
39.35212229069944	253.0
39.36212283003634	250.0
39.37212336937324	250.0
39.382123908710135	250.0
39.392124448047035	250.0
39.402124987383935	248.0
39.412125526720835	248.0
39.422126066057736	248.0
39.432126605394636	250.0
39.442127144731536	250.0
39.45212768406844	253.0
39.46212822340534	256.0
39.47212876274223	259.0
39.48212930207913	262.0
39.49212984141603	268.0
39.50213038075293	272.0
39.51213092008983	275.0
39.52213145942673	275.0
39.53213199876363	272.0
39.54213253810053	268.0
39.55213307743743	265.0
39.562133616774325	262.0
39.572134156111225	256.0
39.582134695448126	250.0
39.592135234785026	245.0
39.602135774121926	239.0
39.61213631345883	236.0
39.62213685279573	231.0
39.63213739213263	228.0
39.64213793146953	223.0
39.65213847080642	220.0
39.66213901014332	223.0
39.67213954948022	0.0
39.68214008881712	0.0
39.69214062815402	0.0
39.70214116749092	0.0
39.71214170682782	0.0
39.72214224616472	0.0
39.73214278550162	0.0
39.742143324838516	0.0
39.752143864175416	0.0
39.762144403512316	0.0
39.772144942849216	0.0
39.78214548218612	0.0
39.79214602152302	0.0
39.80214656085992	0.0
39.81214710019682	0.0
39.82214763953372	0.0
39.83214817887061	0.0
39.84214871820751	0.0
39.85214925754441	0.0
39.86214979688131	0.0
39.87215033621821	0.0
39.88215087555511	0.0
39.89215141489201	0.0
39.90215195422891	0.0
39.91215249356581	0.0
39.922153032902706	0.0
39.932153572239606	0.0
39.94215411157651	0.0
39.95215465091341	0.0
39.96215519025031	256.0
39.97215572958721	259.0
39.98215626892411	259.0
39.99215680826101	262.0
40.00215734759791	262.0
40.0121578869348	265.0
40.0221584262717	265.0
40.0321589656086	265.0
40.0421595049455	262.0
40.0521600442824	259.0
40.0621605836193	256.0
40.0721611229562	253.0
40.0821616622931	250.0
40.09216220163	248.0
40.1021627409669	245.0
40.1121632803038	245.0
40.1221638196407	245.0
40.1321643589776	245.0
40.1421648983145	248.0
40.1521654376514	250.0
40.1621659769883	253.0
40.1721665163252	256.0
40.1821670556621	262.0
40.19216759499899	268.0
40.20216813433589	275.0
40.21216867367279	278.0
40.22216921300969	281.0
40.23216975234659	281.0
40.24217029168349	278.0
40.25217083102039	278.0
40.262171370357294	272.0
40.272171909694194	268.0
40.282172449031094	265.0
40.29217298836799	262.0
40.30217352770489	259.0
40.31217406704179	253.0
40.32217460637869	250.0
40.33217514571559	248.0
40.34217568505249	245.0
40.35217622438939	245.0
40.36217676372629	248.0
40.37217730306319	250.0
40.38217784240008	256.0
40.39217838173698	265.0
40.40217892107388	275.0
40.41217946041078	288.0
40.422179999747684	298.0
40.432180539084584	301.0
40.442181078421484	308.0
40.452181617758384	312.0
40.462182157095285	316.0
40.47218269643218	316.0
40.48218323576908	312.0
40.49218377510598	312.0
40.50218431444288	308.0
40.51218485377978	308.0
40.52218539311668	305.0
40.53218593245358	305.0
40.54218647179048	305.0
40.55218701112738	305.0
40.56218755046427	305.0
40.57218808980117	305.0
40.582188629138074	305.0
40.592189168474974	301.0
40.602189707811874	301.0
40.612190247148774	301.0
40.622190786485675	301.0
40.632191325822575	301.0
40.642191865159475	301.0
40.65219240449637	301.0
40.66219294383327	305.0
40.67219348317017	305.0
40.68219402250707	305.0
40.69219456184397	305.0
40.70219510118087	305.0
40.71219564051777	305.0
40.72219617985467	305.0
40.73219671919157	305.0
40.74219725852846	305.0
40.752197797865364	305.0
40.762198337202264	305.0
40.772198876539164	305.0
40.782199415876065	305.0
40.792199955212965	305.0
40.802200494549865	305.0
40.812201033886765	301.0
40.822201573223666	301.0
40.83220211256056	301.0
40.84220265189746	301.0
40.85220319123436	301.0
40.86220373057126	305.0
40.87220426990816	305.0
40.88220480924506	305.0
40.89220534858196	305.0
40.90220588791886	305.0
40.91220642725576	305.0
40.922206966592654	305.0
40.932207505929554	301.0
40.942208045266455	301.0
40.952208584603355	298.0
40.962209123940255	298.0
40.972209663277155	298.0
40.982210202614056	294.0
40.992210741950956	284.0
41.002211281287856	268.0
41.01221182062475	259.0
41.02221235996165	250.0
41.03221289929855	248.0
41.04221343863545	245.0
41.05221397797235	242.0
41.06221451730925	242.0
41.07221505664615	245.0
41.08221559598305	250.0
41.09221613531995	256.0
41.102216674656844	272.0
41.112217213993745	284.0
41.122217753330645	298.0
41.132218292667545	305.0
41.142218832004446	312.0
41.152219371341346	319.0
41.162219910678246	319.0
41.172220450015146	319.0
41.18222098935205	316.0
41.19222152868894	312.0
41.20222206802584	308.0
41.21222260736274	301.0
41.22222314669964	291.0
41.23222368603654	281.0
41.24222422537344	272.0
41.25222476471034	262.0
41.26222530404724	259.0
41.27222584338414	256.0
41.282226382721035	253.0
41.292226922057935	253.0
41.302227461394835	253.0
41.312228000731736	250.0
41.322228540068636	253.0
41.332229079405536	253.0
41.34222961874244	253.0
41.35223015807934	253.0
41.36223069741624	253.0
41.37223123675313	253.0
41.38223177609003	253.0
41.39223231542693	253.0
41.40223285476383	253.0
41.41223339410073	253.0
41.42223393343763	253.0
41.43223447277453	256.0
41.44223501211143	259.0
41.45223555144833	262.0
41.462236090785225	268.0
41.472236630122126	272.0
41.482237169459026	275.0
41.492237708795926	278.0
41.50223824813283	278.0
41.51223878746973	278.0
41.52223932680663	275.0
41.53223986614353	272.0
41.54224040548043	268.0
41.55224094481732	262.0
41.56224148415422	256.0
41.57224202349112	250.0
41.58224256282802	245.0
41.59224310216492	239.0
41.60224364150182	236.0
41.61224418083872	234.0
41.62224472017562	234.0
41.63224525951252	231.0
41.642245798849416	231.0
41.652246338186316	231.0
41.662246877523216	231.0
41.67224741686012	231.0
41.68224795619702	231.0
41.69224849553392	231.0
41.70224903487082	228.0
41.71224957420772	228.0
41.72225011354462	226.0
41.73225065288152	226.0
41.74225119221841	226.0
41.75225173155531	226.0
41.76225227089221	228.0
41.77225281022911	228.0
41.78225334956601	231.0
41.79225388890291	234.0
41.80225442823981	239.0
41.81225496757671	242.0
41.82225550691361	248.0
41.83225604625051	250.0
41.84225658558741	250.0
41.85225712492431	248.0
41.86225766426121	245.0
41.87225820359811	242.0
41.88225874293501	236.0
41.89225928227191	231.0
41.90225982160881	228.0
41.91226036094571	223.0
41.9222609002826	215.0
41.9322614396195	210.0
41.9422619789564	208.0
41.9522625182933	206.0
41.9622630576302	203.0
41.9722635969671	203.0
41.982264136304	201.0
41.992264675640904	201.0
42.002265214977804	201.0
42.0122657543147	201.0
42.0222662936516	201.0
42.0322668329885	201.0
42.0422673723254	201.0
42.0522679116623	201.0
42.0622684509992	201.0
42.0722689903361	199.0
42.082269529673	194.0
42.0922700690099	190.0
42.10227060834679	185.0
42.11227114768369	185.0
42.12227168702059	183.0
42.13227222635749	183.0
42.14227276569439	183.0
42.152273305031294	183.0
42.162273844368194	0.0
42.172274383705094	0.0
42.182274923041994	0.0
42.19227546237889	0.0
42.20227600171579	0.0
42.21227654105269	250.0
42.22227708038959	250.0
42.23227761972649	250.0
42.24227815906339	250.0
42.25227869840029	250.0
42.26227923773719	248.0
42.27227977707409	245.0
42.28228031641098	242.0
42.29228085574788	236.0
42.30228139508478	234.0
42.312281934421684	231.0
42.322282473758584	228.0
42.332283013095484	226.0
42.342283552432384	226.0
42.352284091769285	226.0
42.362284631106185	226.0
42.37228517044308	226.0
42.38228570977998	228.0
42.39228624911688	228.0
42.40228678845378	234.0
42.41228732779068	236.0
42.42228786712758	239.0
42.43228840646448	242.0
42.44228894580138	245.0
42.45228948513828	248.0
42.46229002447517	248.0
42.472290563812074	248.0
42.482291103148974	245.0
42.492291642485874	245.0
42.502292181822774	242.0
42.512292721159675	239.0
42.522293260496575	236.0
42.532293799833475	234.0
42.542294339170375	231.0
42.55229487850727	228.0
42.56229541784417	226.0
42.57229595718107	226.0
42.58229649651797	223.0
42.59229703585487	223.0
42.60229757519177	223.0
42.61229811452867	226.0
42.62229865386557	228.0
42.63229919320247	234.0
42.642299732539364	236.0
42.652300271876264	245.0
42.662300811213164	248.0
42.672301350550065	253.0
42.682301889886965	256.0
42.692302429223865	256.0
42.702302968560765	259.0
42.712303507897666	259.0
42.722304047234566	256.0
42.73230458657146	256.0
42.74230512590836	256.0
42.75230566524526	253.0
42.76230620458216	253.0
42.77230674391906	253.0
42.78230728325596	253.0
42.79230782259286	253.0
42.80230836192976	256.0
42.81230890126666	256.0
42.822309440603554	256.0
42.832309979940455	253.0
42.842310519277355	253.0
42.852311058614255	253.0
42.862311597951155	253.0
42.872312137288056	253.0
42.882312676624956	253.0
42.892313215961856	253.0
42.902313755298756	253.0
42.91231429463565	253.0
42.92231483397255	253.0
42.93231537330945	256.0
42.94231591264635	256.0
42.95231645198325	256.0
42.96231699132015	253.0
42.97231753065705	253.0
42.98231806999395	253.0
42.99231860933085	253.0
43.002319148667745	253.0
43.012319688004645	253.0
43.022320227341545	253.0
43.032320766678446	253.0
43.042321306015346	253.0
43.052321845352246	253.0
43.062322384689146	253.0
43.07232292402605	253.0
43.08232346336295	253.0
43.09232400269984	253.0
43.10232454203674	253.0
43.11232508137364	253.0
43.12232562071054	253.0
43.13232616004744	253.0
43.14232669938434	253.0
43.15232723872124	253.0
43.16232777805814	253.0
43.17232831739504	250.0
43.18232885673194	248.0
43.192329396068835	245.0
43.202329935405736	242.0
43.212330474742636	239.0
43.222331014079536	234.0
43.23233155341644	231.0
43.24233209275334	228.0
43.25233263209024	223.0
43.26233317142714	220.0
43.27233371076404	220.0
43.28233425010093	223.0
43.29233478943783	228.0
43.30233532877473	234.0
43.31233586811163	242.0
43.32233640744853	250.0
43.33233694678543	256.0
43.34233748612233	262.0
43.35233802545923	265.0
43.36233856479613	268.0
43.372339104133026	272.0
43.382339643469926	272.0
43.39234018280683	272.0
43.40234072214373	268.0
43.41234126148063	262.0
43.42234180081753	259.0
43.43234234015443	253.0
43.44234287949133	250.0
43.45234341882823	245.0
43.46234395816512	242.0
43.47234449750202	236.0
43.48234503683892	231.0
43.49234557617582	228.0
43.50234611551272	226.0
43.51234665484962	226.0
43.52234719418652	223.0
43.53234773352342	223.0
43.54234827286032	223.0
43.552348812197216	223.0
43.56234935153412	223.0
43.57234989087102	223.0
43.58235043020792	223.0
43.59235096954482	226.0
43.60235150888172	231.0
43.61235204821862	236.0
43.62235258755552	245.0
43.63235312689242	250.0
43.64235366622931	253.0
43.65235420556621	253.0
43.66235474490311	253.0
43.67235528424001	250.0
43.68235582357691	245.0
43.69235636291381	239.0
43.70235690225071	231.0
43.71235744158761	218.0
43.722357980924514	199.0
43.73235852026141	194.0
43.74235905959831	194.0
43.75235959893521	196.0
43.76236013827211	199.0
43.77236067760901	201.0
43.78236121694591	203.0
43.79236175628281	203.0
43.80236229561971	203.0
43.81236283495661	203.0
43.8223633742935	203.0
43.8323639136304	203.0
43.8423644529673	203.0
43.8523649923042	203.0
43.8623655316411	201.0
43.872366070978	199.0
43.882366610314904	199.0
43.892367149651804	196.0
43.902367688988704	196.0
43.9123682283256	196.0
43.9223687676625	196.0
43.9323693069994	196.0
43.9423698463363	199.0
43.9523703856732	199.0
43.9623709250101	199.0
43.972371464347	201.0
43.9823720036839	201.0
43.9923725430208	201.0
44.00237308235769	201.0
44.01237362169459	201.0
44.02237416103149	201.0
44.03237470036839	201.0
44.042375239705294	201.0
44.052375779042194	201.0
44.062376318379094	203.0
44.072376857715994	206.0
44.082377397052895	206.0
44.09237793638979	206.0
44.10237847572669	206.0
44.11237901506359	203.0
44.12237955440049	199.0
44.13238009373739	194.0
44.14238063307429	190.0
44.15238117241119	185.0
44.16238171174809	181.0
44.17238225108499	179.0
44.18238279042188	179.0
44.19238332975878	181.0
44.202383869095684	0.0
44.212384408432584	0.0
44.222384947769484	0.0
44.232385487106384	0.0
44.242386026443285	0.0
44.252386565780185	0.0
44.262387105117085	0.0
44.27238764445398	0.0
44.28238818379088	0.0
44.29238872312778	0.0
44.30238926246468	0.0
44.31238980180158	0.0
44.32239034113848	0.0
44.33239088047538	0.0
44.34239141981228	0.0
44.35239195914918	0.0
44.362392498486074	0.0
44.372393037822974	0.0
44.382393577159874	0.0
44.392394116496774	0.0
44.402394655833675	0.0
44.412395195170575	0.0
44.422395734507475	0.0
44.432396273844375	0.0
44.442396813181276	0.0
44.45239735251817	0.0
44.46239789185507	0.0
44.47239843119197	0.0
44.48239897052887	203.0
44.49239950986577	203.0
44.50240004920267	203.0
44.51240058853957	203.0
44.52240112787647	203.0
44.53240166721337	201.0
44.542402206550264	201.0
44.552402745887164	201.0
44.562403285224065	201.0
44.572403824560965	201.0
44.582404363897865	201.0
44.592404903234765	201.0
44.602405442571666	203.0
44.612405981908566	203.0
44.622406521245466	203.0
44.632407060582366	203.0
44.64240759991926	203.0
44.65240813925616	201.0
44.66240867859306	201.0
44.67240921792996	201.0
44.68240975726686	201.0
44.69241029660376	199.0
44.70241083594066	201.0
44.71241137527756	201.0
44.72241191461446	201.0
44.732412453951355	201.0
44.742412993288255	201.0
44.752413532625155	203.0
44.762414071962056	203.0
44.772414611298956	203.0
44.782415150635856	203.0
44.792415689972756	203.0
44.80241622930966	203.0
44.81241676864656	203.0
44.82241730798345	201.0
44.83241784732035	201.0
44.84241838665725	199.0
44.85241892599415	196.0
44.86241946533105	196.0
44.87242000466795	199.0
44.88242054400485	201.0
44.89242108334175	206.0
44.90242162267865	208.0
44.912422162015545	215.0
44.922422701352446	223.0
44.932423240689346	231.0
44.942423780026246	239.0
44.952424319363146	248.0
44.96242485870005	256.0
44.97242539803695	259.0
44.98242593737385	262.0
44.99242647671075	262.0
45.00242701604764	259.0
45.01242755538454	256.0
45.02242809472144	253.0
45.03242863405834	250.0
45.04242917339524	248.0
45.05242971273214	245.0
45.06243025206904	242.0
45.07243079140594	239.0
45.08243133074284	234.0
45.092431870079736	234.0
45.102432409416636	231.0
45.112432948753536	231.0
45.12243348809044	228.0
45.13243402742734	228.0
45.14243456676424	228.0
45.15243510610114	228.0
45.16243564543804	226.0
45.17243618477494	226.0
45.18243672411183	226.0
45.19243726344873	228.0
45.20243780278563	228.0
45.21243834212253	231.0
45.22243888145943	234.0
45.23243942079633	236.0
45.24243996013323	242.0
45.25244049947013	248.0
45.26244103880703	253.0
45.272441578143926	259.0
45.28244211748083	262.0
45.29244265681773	268.0
45.30244319615463	268.0
45.31244373549153	272.0
45.32244427482843	272.0
45.33244481416533	268.0
45.34244535350223	265.0
45.35244589283913	259.0
45.36244643217602	256.0
45.37244697151292	256.0
45.38244751084982	253.0
45.39244805018672	253.0
45.40244858952362	253.0
45.41244912886052	256.0
45.42244966819742	256.0
45.43245020753432	256.0
45.44245074687122	256.0
45.45245128620812	253.0
45.46245182554502	253.0
45.47245236488192	253.0
45.48245290421882	253.0
45.49245344355572	253.0
45.50245398289262	253.0
45.51245452222952	253.0
45.52245506156642	253.0
45.53245560090332	253.0
45.54245614024021	253.0
45.55245667957711	253.0
45.56245721891401	253.0
45.57245775825091	253.0
45.58245829758781	253.0
45.59245883692471	256.0
45.60245937626161	259.0
45.612459915598514	262.0
45.622460454935414	265.0
45.63246099427231	268.0
45.64246153360921	272.0
45.65246207294611	275.0
45.66246261228301	275.0
45.67246315161991	275.0
45.68246369095681	275.0
45.69246423029371	272.0
45.70246476963061	272.0
45.71246530896751	268.0
45.7224658483044	265.0
45.7324663876413	262.0
45.7424669269782	259.0
45.7524674663151	256.0
45.762468005652	253.0
45.772468544988904	250.0
45.782469084325804	250.0
45.792469623662704	248.0
45.802470162999604	245.0
45.8124707023365	242.0
45.8224712416734	239.0
45.8324717810103	236.0
45.8424723203472	236.0
45.8524728596841	234.0
45.862473399021	234.0
45.8724739383579	231.0
45.8824744776948	231.0
45.8924750170317	228.0
45.90247555636859	228.0
45.91247609570549	228.0
45.92247663504239	228.0
45.932477174379294	228.0
45.942477713716194	231.0
45.952478253053094	234.0
45.962478792389994	236.0
45.972479331726895	239.0
45.982479871063795	245.0
45.99248041040069	250.0
46.00248094973759	256.0
46.01248148907449	265.0
46.02248202841139	272.0
46.03248256774829	275.0
46.04248310708519	272.0
46.05248364642209	268.0
46.06248418575899	265.0
46.07248472509589	265.0
46.08248526443279	259.0
46.092485803769684	256.0
46.102486343106584	253.0
46.112486882443484	250.0
46.122487421780384	248.0
46.132487961117285	248.0
46.142488500454185	245.0
46.152489039791085	242.0
46.162489579127985	242.0
46.172490118464886	242.0
46.18249065780178	245.0
46.19249119713868	248.0
46.20249173647558	253.0
46.21249227581248	259.0
46.22249281514938	262.0
46.23249335448628	268.0
46.24249389382318	275.0
46.25249443316008	278.0
46.26249497249698	278.0
46.272495511833874	278.0
46.282496051170774	275.0
46.292496590507675	272.0
46.302497129844575	268.0
46.312497669181475	265.0
46.322498208518375	259.0
46.332498747855276	256.0
46.342499287192176	253.0
46.352499826529076	250.0
46.36250036586597	248.0
46.37250090520287	248.0
46.38250144453977	248.0
46.39250198387667	250.0
46.40250252321357	250.0
46.41250306255047	256.0
46.42250360188737	262.0
46.43250414122427	268.0
46.44250468056117	281.0
46.452505219898065	288.0
46.462505759234965	298.0
46.472506298571865	301.0
46.482506837908765	305.0
46.492507377245666	308.0
46.502507916582566	312.0
46.512508455919466	312.0
46.522508995256366	312.0
46.53250953459327	312.0
46.54251007393016	312.0
46.55251061326706	308.0
46.56251115260396	308.0
46.57251169194086	305.0
46.58251223127776	305.0
46.59251277061466	301.0
46.60251330995156	301.0
46.61251384928846	298.0
46.62251438862536	298.0
46.632514927962255	298.0
46.642515467299155	301.0
46.652516006636056	301.0
46.662516545972956	301.0
46.672517085309856	305.0
46.682517624646756	305.0
46.69251816398366	305.0
46.70251870332056	305.0
46.71251924265746	308.0
46.72251978199435	308.0
46.73252032133125	305.0
46.74252086066815	305.0
46.75252140000505	305.0
46.76252193934195	301.0
46.77252247867885	301.0
46.78252301801575	301.0
46.79252355735265	301.0
46.80252409668955	305.0
46.812524636026446	305.0
46.822525175363346	305.0
46.832525714700246	305.0
46.842526254037146	305.0
46.85252679337405	305.0
46.86252733271095	305.0
46.87252787204785	305.0
46.88252841138475	305.0
46.89252895072165	301.0
46.90252949005854	298.0
46.91253002939544	294.0
46.92253056873234	291.0
46.93253110806924	288.0
46.94253164740614	278.0
46.95253218674304	268.0
46.96253272607994	259.0
46.97253326541684	256.0
46.98253380475374	253.0
46.992534344090636	250.0
47.002534883427536	248.0
47.01253542276444	248.0
47.02253596210134	245.0
47.03253650143824	239.0
47.04253704077514	231.0
47.05253758011204	226.0
47.06253811944894	226.0
47.07253865878584	0.0
47.08253919812273	0.0
47.09253973745963	0.0
47.10254027679653	0.0
47.11254081613343	0.0
47.12254135547033	0.0
47.13254189480723	312.0
47.14254243414413	316.0
47.15254297348103	316.0
47.16254351281793	316.0
47.17254405215483	312.0
47.18254459149173	312.0
47.19254513082863	312.0
47.20254567016553	308.0
47.21254620950243	308.0
47.22254674883933	308.0
47.23254728817623	308.0
47.24254782751313	305.0
47.25254836685003	305.0
47.26254890618692	305.0
47.27254944552382	305.0
47.28254998486072	305.0
47.29255052419762	305.0
47.30255106353452	305.0
47.31255160287142	305.0
47.32255214220832	301.0
47.33255268154522	301.0
47.342553220882124	301.0
47.35255376021902	301.0
47.36255429955592	301.0
47.37255483889282	301.0
47.38255537822972	301.0
47.39255591756662	301.0
47.40255645690352	301.0
47.41255699624042	298.0
47.42255753557732	298.0
47.43255807491422	294.0
47.44255861425111	294.0
47.45255915358801	294.0
47.46255969292491	298.0
47.47256023226181	305.0
47.48256077159871	316.0
47.49256131093561	327.0
47.502561850272514	338.0
47.512562389609414	350.0
47.522562928946314	358.0
47.53256346828321	371.0
47.54256400762011	371.0
47.55256454695701	371.0
47.56256508629391	363.0
47.57256562563081	354.0
47.58256616496771	350.0
47.59256670430461	342.0
47.60256724364151	338.0
47.61256778297841	338.0
47.62256832231531	338.0
47.6325688616522	338.0
47.6425694009891	338.0
47.652569940326	342.0
47.662570479662904	342.0
47.672571018999804	342.0
47.682571558336704	338.0
47.692572097673605	338.0
47.702572637010505	338.0
47.712573176347405	334.0
47.7225737156843	338.0
47.7325742550212	338.0
47.7425747943581	346.0
47.752575333695	354.0
47.7625758730319	363.0
47.7725764123688	371.0
47.7825769517057	375.0
47.7925774910426	380.0
47.8025780303795	384.0
47.81257856971639	380.0
47.822579109053294	371.0
47.832579648390194	367.0
47.842580187727094	358.0
47.852580727063994	350.0
47.862581266400895	342.0
47.872581805737795	331.0
47.882582345074695	319.0
47.892582884411596	308.0
47.90258342374849	305.0
47.91258396308539	305.0
47.92258450242229	301.0
47.93258504175919	301.0
47.94258558109609	298.0
47.95258612043299	294.0
47.96258665976989	294.0
47.97258719910679	298.0
47.98258773844369	301.0
47.992588277780584	0.0
48.002588817117484	0.0
48.012589356454384	0.0
48.022589895791285	0.0
48.032590435128185	0.0
48.042590974465085	0.0
48.052591513801985	0.0
48.062592053138886	0.0
48.072592592475786	0.0
48.08259313181268	0.0
48.09259367114958	0.0
48.10259421048648	0.0
48.11259474982338	0.0
48.12259528916028	0.0
48.13259582849718	0.0
48.14259636783408	0.0
48.15259690717098	0.0
48.16259744650788	0.0
48.172597985844774	0.0
48.182598525181675	0.0
48.192599064518575	0.0
48.202599603855475	0.0
48.212600143192375	0.0
48.222600682529276	0.0
48.232601221866176	248.0
48.242601761203076	248.0
48.25260230053998	250.0
48.26260283987687	250.0
48.27260337921377	253.0
48.28260391855067	256.0
48.29260445788757	259.0
48.30260499722447	265.0
48.31260553656137	268.0
48.32260607589827	272.0
48.33260661523517	275.0
48.34260715457207	275.0
48.352607693908965	275.0
48.362608233245865	278.0
48.372608772582765	278.0
48.382609311919666	284.0
48.392609851256566	291.0
48.402610390593466	298.0
48.412610929930366	308.0
48.42261146926727	319.0
48.43261200860417	334.0
48.44261254794106	346.0
48.45261308727796	358.0
48.46261362661486	367.0
48.47261416595176	384.0
48.48261470528866	398.0
48.49261524462556	407.0
48.50261578396246	412.0
48.51261632329936	412.0
48.52261686263626	407.0
48.532617401973155	402.0
48.542617941310056	398.0
48.552618480646956	393.0
48.562619019983856	393.0
48.572619559320756	384.0
48.58262009865766	380.0
48.59262063799456	371.0
48.60262117733146	363.0
48.61262171666836	358.0
48.62262225600525	350.0
48.63262279534215	346.0
48.64262333467905	338.0
48.65262387401595	338.0
48.66262441335285	334.0
48.67262495268975	334.0
48.68262549202665	334.0
48.69262603136355	338.0
48.70262657070045	342.0
48.712627110037346	350.0
48.722627649374246	358.0
48.732628188711146	367.0
48.74262872804805	380.0
48.75262926738495	389.0
48.76262980672185	393.0
48.77263034605875	398.0
48.78263088539565	398.0
48.79263142473255	398.0
48.80263196406944	402.0
48.81263250340634	402.0
48.82263304274324	398.0
48.83263358208014	398.0
48.84263412141704	398.0
48.85263466075394	398.0
48.86263520009084	398.0
48.87263573942774	402.0
48.88263627876464	407.0
48.892636818101536	407.0
48.90263735743844	407.0
48.91263789677534	412.0
48.92263843611224	412.0
48.93263897544914	412.0
48.94263951478604	412.0
48.95264005412294	412.0
48.96264059345984	412.0
48.97264113279674	412.0
48.98264167213363	412.0
48.99264221147053	412.0
49.00264275080743	412.0
49.01264329014433	412.0
49.02264382948123	412.0
49.03264436881813	412.0
49.04264490815503	412.0
49.05264544749193	412.0
49.062645986828834	412.0
49.072646526165734	407.0
49.08264706550263	407.0
49.09264760483953	407.0
49.10264814417643	407.0
49.11264868351333	407.0
49.12264922285023	407.0
49.13264976218713	407.0
49.14265030152403	407.0
49.15265084086093	407.0
49.16265138019783	407.0
49.17265191953472	407.0
49.18265245887162	407.0
49.19265299820852	407.0
49.20265353754542	407.0
49.21265407688232	407.0
49.222654616219224	407.0
49.232655155556124	402.0
49.242655694893024	402.0
49.252656234229924	398.0
49.26265677356682	389.0
49.27265731290372	380.0
49.28265785224062	371.0
49.29265839157752	354.0
49.30265893091442	338.0
49.31265947025132	327.0
49.32266000958822	316.0
49.33266054892512	316.0
49.34266108826202	319.0
49.35266162759891	323.0
49.36266216693581	331.0
49.37266270627271	342.0
49.38266324560961	350.0
49.392663784946514	363.0
49.402664324283414	375.0
49.412664863620314	389.0
49.422665402957215	402.0
49.432665942294115	412.0
49.44266648163101	412.0
49.45266702096791	412.0
49.46266756030481	407.0
49.47266809964171	402.0
49.48266863897861	398.0
49.49266917831551	384.0
49.50266971765241	375.0
49.51267025698931	371.0
49.52267079632621	363.0
49.5326713356631	358.0
49.542671875	354.0
49.552672414336904	350.0
49.562672953673804	346.0
49.572673493010704	342.0
49.582674032347605	338.0
49.592674571684505	338.0
49.602675111021405	334.0
49.612675650358305	334.0
49.6226761896952	334.0
49.6326767290321	334.0
49.642677268369	334.0
49.6526778077059	334.0
49.6626783470428	334.0
49.6726788863797	338.0
49.6826794257166	346.0
49.6926799650535	350.0
49.7026805043904	358.0
49.712681043727294	367.0
49.722681583064194	375.0
49.732682122401094	384.0
49.742682661737994	384.0
49.752683201074895	380.0
49.762683740411795	371.0
49.772684279748695	358.0
49.782684819085596	350.0
49.792685358422496	338.0
49.80268589775939	323.0
49.81268643709629	308.0
49.82268697643319	301.0
49.83268751577009	298.0
49.84268805510699	298.0
49.85268859444389	301.0
49.86268913378079	301.0
49.87268967311769	305.0
49.88269021245459	305.0
49.892690751791484	305.0
49.902691291128384	305.0
49.912691830465285	305.0
49.922692369802185	305.0
49.932692909139085	305.0
49.942693448475985	305.0
49.952693987812886	301.0
49.962694527149786	301.0
49.972695066486686	301.0
49.98269560582358	301.0
49.99269614516048	301.0
50.00269668449738	301.0
50.01269722383428	301.0
50.02269776317118	301.0
50.03269830250808	301.0
50.04269884184498	301.0
50.05269938118188	298.0
50.06269992051878	298.0
50.072700459855675	298.0
50.082700999192575	298.0
50.092701538529475	298.0
50.102702077866375	298.0
50.112702617203276	301.0
50.122703156540176	305.0
50.132703695877076	308.0
50.14270423521398	308.0
50.15270477455088	312.0
50.16270531388777	312.0
50.17270585322467	312.0
50.18270639256157	308.0
50.19270693189847	305.0
50.20270747123537	305.0
50.21270801057227	305.0
50.22270854990917	301.0
50.23270908924607	301.0
50.24270962858297	301.0
50.252710167919865	305.0
50.262710707256765	305.0
50.272711246593666	305.0
50.282711785930566	305.0
50.292712325267466	305.0
50.302712864604366	305.0
50.31271340394127	305.0
50.32271394327817	305.0
50.33271448261507	305.0
50.34271502195196	301.0
50.35271556128886	301.0
50.36271610062576	298.0
50.37271663996266	294.0
50.38271717929956	288.0
50.39271771863646	275.0
50.40271825797336	262.0
50.41271879731026	253.0
50.42271933664716	245.0
50.432719875984056	239.0
50.442720415320956	234.0
50.452720954657856	234.0
50.462721493994756	234.0
50.47272203333166	236.0
50.48272257266856	242.0
50.49272311200546	248.0
50.50272365134236	253.0
50.51272419067926	262.0
50.52272473001616	275.0
50.53272526935305	284.0
50.54272580868995	294.0
50.55272634802685	301.0
50.56272688736375	305.0
50.57272742670065	308.0
50.58272796603755	312.0
50.59272850537445	316.0
50.60272904471135	316.0
50.61272958404825	312.0
50.622730123385146	308.0
50.63273066272205	305.0
50.64273120205895	301.0
50.65273174139585	294.0
50.66273228073275	291.0
50.67273282006965	288.0
50.68273335940655	284.0
50.69273389874345	278.0
50.70273443808035	272.0
50.71273497741724	265.0
50.72273551675414	259.0
50.73273605609104	256.0
50.74273659542794	253.0
50.75273713476484	253.0
50.76273767410174	253.0
50.77273821343864	250.0
50.78273875277554	250.0
50.792739292112444	250.0
50.80273983144934	253.0
50.81274037078624	256.0
50.82274091012314	262.0
50.83274144946004	272.0
50.84274198879694	284.0
50.85274252813384	305.0
50.86274306747074	316.0
50.87274360680764	331.0
50.88274414614454	346.0
50.89274468548143	363.0
50.90274522481833	375.0
50.91274576415523	384.0
50.92274630349213	384.0
50.93274684282903	380.0
50.94274738216593	367.0
50.952747921502834	354.0
50.962748460839734	342.0
50.972749000176634	327.0
50.98274953951353	312.0
50.99275007885043	308.0
51.00275061818733	305.0
51.01275115752423	301.0
51.02275169686113	301.0
51.03275223619803	301.0
51.04275277553493	298.0
51.05275331487183	298.0
51.06275385420873	301.0
51.07275439354562	301.0
51.08275493288252	301.0
51.09275547221942	301.0
51.10275601155632	305.0
51.112756550893224	305.0
51.122757090230124	301.0
51.132757629567024	298.0
51.142758168903924	291.0
51.152758708240825	265.0
51.16275924757772	253.0
51.17275978691462	248.0
51.18276032625152	248.0
51.19276086558842	250.0
51.20276140492532	0.0
51.21276194426222	0.0
51.22276248359912	0.0
51.23276302293602	0.0
51.24276356227292	0.0
51.25276410160981	308.0
51.26276464094671	308.0
51.27276518028361	305.0
51.282765719620514	305.0
51.292766258957414	305.0
51.302766798294314	305.0
51.312767337631215	308.0
51.322767876968115	308.0
51.332768416305015	308.0
51.34276895564191	305.0
51.35276949497881	305.0
51.36277003431571	301.0
51.37277057365261	294.0
51.38277111298951	291.0
51.39277165232641	291.0
51.40277219166331	284.0
51.41277273100021	278.0
51.42277327033711	272.0
51.432773809674	265.0
51.442774349010904	262.0
51.452774888347804	262.0
51.462775427684704	259.0
51.472775967021605	256.0
51.482776506358505	256.0
51.492777045695405	256.0
51.502777585032305	253.0
51.512778124369206	253.0
51.5227786637061	253.0
51.532779203043	253.0
51.5427797423799	253.0
51.5527802817168	250.0
51.5627808210537	250.0
51.5727813603906	248.0
51.5827818997275	248.0
51.5927824390644	250.0
51.6027829784013	250.0
51.612783517738194	253.0
51.622784057075094	256.0
51.632784596411994	259.0
51.642785135748895	262.0
51.652785675085795	268.0
51.662786214422695	272.0
51.672786753759596	275.0
51.682787293096496	275.0
51.692787832433396	275.0
51.70278837177029	275.0
51.71278891110719	272.0
51.72278945044409	272.0
51.73278998978099	268.0
51.74279052911789	265.0
51.75279106845479	259.0
51.76279160779169	256.0
51.77279214712859	250.0
51.78279268646549	248.0
51.792793225802384	242.0
51.802793765139285	239.0
51.812794304476185	236.0
51.822794843813085	234.0
51.832795383149985	231.0
51.842795922486886	231.0
51.852796461823786	234.0
51.862797001160686	234.0
51.87279754049759	234.0
51.88279807983448	234.0
51.89279861917138	231.0
51.90279915850828	228.0
51.91279969784518	226.0
51.92280023718208	223.0
51.93280077651898	220.0
51.94280131585588	215.0
51.95280185519278	213.0
51.96280239452968	210.0
51.97280293386658	210.0
51.982803473203475	213.0
51.992804012540375	218.0
52.002804551877276	220.0
52.012805091214176	226.0
52.022805630551076	231.0
52.03280616988798	234.0
52.04280670922488	239.0
52.05280724856178	245.0
52.06280778789868	250.0
52.07280832723557	253.0
52.08280886657247	253.0
52.09280940590937	253.0
52.10280994524627	253.0
52.11281048458317	253.0
52.12281102392007	253.0
52.13281156325697	253.0
52.14281210259387	253.0
52.15281264193077	253.0
52.162813181267666	253.0
52.172813720604566	253.0
52.182814259941466	253.0
52.192814799278366	253.0
52.20281533861527	250.0
52.21281587795217	250.0
52.22281641728907	250.0
52.23281695662597	250.0
52.24281749596287	248.0
52.25281803529976	248.0
52.26281857463666	248.0
52.27281911397356	248.0
52.28281965331046	248.0
52.29282019264736	248.0
52.30282073198426	250.0
52.31282127132116	250.0
52.32282181065806	253.0
52.33282234999496	253.0
52.342822889331856	256.0
52.352823428668756	259.0
52.36282396800566	259.0
52.37282450734256	259.0
52.38282504667946	259.0
52.39282558601636	259.0
52.40282612535326	259.0
52.41282666469016	256.0
52.42282720402706	256.0
52.43282774336395	256.0
52.44282828270085	253.0
52.45282882203775	253.0
52.46282936137465	253.0
52.47282990071155	250.0
52.48283044004845	253.0
52.49283097938535	253.0
52.50283151872225	253.0
52.51283205805915	253.0
52.52283259739605	253.0
52.53283313673295	256.0
52.54283367606985	256.0
52.55283421540675	253.0
52.56283475474365	253.0
52.57283529408055	253.0
52.58283583341745	250.0
52.59283637275435	250.0
52.60283691209125	248.0
52.61283745142814	248.0
52.62283799076504	248.0
52.63283853010194	248.0
52.64283906943884	248.0
52.65283960877574	250.0
52.66284014811264	253.0
52.67284068744954	256.0
52.682841226786444	259.0
52.692841766123344	262.0
52.70284230546024	265.0
52.71284284479714	268.0
52.72284338413404	272.0
52.73284392347094	275.0
52.74284446280784	275.0
52.75284500214474	272.0
52.76284554148164	268.0
52.77284608081854	265.0
52.78284662015544	262.0
52.79284715949233	253.0
52.80284769882923	245.0
52.81284823816613	239.0
52.82284877750303	231.0
52.83284931683993	226.0
52.842849856176834	223.0
52.852850395513734	220.0
52.862850934850634	223.0
52.872851474187534	226.0
52.88285201352443	228.0
52.89285255286133	231.0
52.90285309219823	236.0
52.91285363153513	242.0
52.92285417087203	248.0
52.93285471020893	253.0
52.94285524954583	256.0
52.95285578888273	259.0
52.96285632821963	262.0
52.97285686755652	262.0
52.98285740689342	262.0
52.99285794623032	259.0
53.002858485567224	259.0
53.012859024904124	256.0
53.022859564241024	256.0
53.032860103577924	256.0
53.042860642914825	253.0
53.052861182251725	253.0
53.06286172158862	253.0
53.07286226092552	253.0
53.08286280026242	253.0
53.09286333959932	253.0
53.10286387893622	253.0
53.11286441827312	253.0
53.12286495761002	253.0
53.13286549694692	253.0
53.14286603628382	253.0
53.15286657562071	253.0
53.16286711495761	253.0
53.172867654294514	253.0
53.182868193631414	253.0
53.192868732968314	253.0
53.202869272305215	253.0
53.212869811642115	253.0
53.222870350979015	253.0
53.232870890315915	253.0
53.24287142965281	253.0
53.25287196898971	256.0
53.26287250832661	256.0
53.27287304766351	253.0
53.28287358700041	250.0
53.29287412633731	245.0
53.30287466567421	234.0
53.31287520501111	226.0
53.32287574434801	226.0
53.332876283684904	0.0
53.342876823021804	0.0
53.352877362358704	0.0
53.362877901695605	0.0
53.372878441032505	0.0
53.382878980369405	0.0
53.392879519706305	0.0
53.402880059043206	0.0
53.412880598380106	0.0
53.422881137717006	0.0
53.4328816770539	0.0
53.4428822163908	0.0
53.4528827557277	0.0
53.4628832950646	0.0
53.4728838344015	0.0
53.4828843737384	0.0
53.4928849130753	0.0
53.5028854524122	312.0
53.5128859917491	312.0
53.522886531085994	312.0
53.532887070422895	312.0
53.542887609759795	308.0
53.552888149096695	308.0
53.562888688433596	308.0
53.572889227770496	308.0
53.582889767107396	308.0
53.592890306444296	308.0
53.6028908457812	308.0
53.61289138511809	308.0
53.62289192445499	308.0
53.63289246379189	308.0
53.64289300312879	305.0
53.65289354246569	305.0
53.66289408180259	305.0
53.67289462113949	305.0
53.68289516047639	305.0
53.69289569981329	305.0
53.702896239150185	305.0
53.712896778487085	305.0
53.722897317823985	305.0
53.732897857160886	301.0
53.742898396497786	301.0
53.752898935834686	301.0
53.76289947517159	301.0
53.77290001450849	301.0
53.78290055384539	301.0
53.79290109318228	301.0
53.80290163251918	301.0
53.81290217185608	301.0
53.82290271119298	301.0
53.83290325052988	301.0
53.84290378986678	301.0
53.85290432920368	301.0
53.86290486854058	301.0
53.87290540787748	301.0
53.882905947214375	301.0
53.892906486551276	301.0
53.902907025888176	301.0
53.912907565225076	301.0
53.92290810456198	305.0
53.93290864389888	305.0
53.94290918323578	305.0
53.95290972257268	305.0
53.96291026190958	305.0
53.97291080124647	305.0
53.98291134058337	305.0
53.99291187992027	301.0
54.00291241925717	301.0
54.01291295859407	301.0
54.02291349793097	301.0
54.03291403726787	301.0
54.04291457660477	301.0
54.05291511594167	301.0
54.062915655278566	301.0
54.072916194615466	301.0
54.082916733952366	298.0
54.09291727328927	298.0
54.10291781262617	298.0
54.11291835196307	298.0
54.12291889129997	298.0
54.13291943063687	301.0
54.14291996997377	301.0
54.15292050931066	301.0
54.16292104864756	301.0
54.17292158798446	301.0
54.18292212732136	301.0
54.19292266665826	301.0
54.20292320599516	301.0
54.21292374533206	301.0
54.22292428466896	301.0
54.23292482400586	301.0
54.242925363342756	301.0
54.25292590267966	301.0
54.26292644201656	301.0
54.27292698135346	301.0
54.28292752069036	301.0
54.29292806002726	301.0
54.30292859936416	301.0
54.31292913870106	301.0
54.32292967803796	301.0
54.33293021737485	301.0
54.34293075671175	301.0
54.35293129604865	301.0
54.36293183538555	301.0
54.37293237472245	301.0
54.38293291405935	301.0
54.39293345339625	301.0
54.40293399273315	301.0
54.412934532070054	301.0
54.42293507140695	301.0
54.43293561074385	301.0
54.44293615008075	301.0
54.45293668941765	305.0
54.46293722875455	305.0
54.47293776809145	305.0
54.48293830742835	305.0
54.49293884676525	305.0
54.50293938610215	301.0
54.51293992543904	301.0
54.52294046477594	301.0
54.53294100411284	301.0
54.54294154344974	301.0
54.55294208278664	301.0
54.56294262212354	301.0
54.572943161460444	301.0
54.582943700797344	301.0
54.592944240134244	301.0
54.60294477947114	301.0
54.61294531880804	301.0
54.62294585814494	301.0
54.63294639748184	301.0
54.64294693681874	301.0
54.65294747615564	301.0
54.66294801549254	301.0
54.67294855482944	301.0
54.68294909416634	301.0
54.69294963350323	301.0
54.70295017284013	301.0
54.71295071217703	301.0
54.72295125151393	301.0
54.732951790850834	301.0
54.742952330187734	305.0
54.752952869524634	305.0
54.762953408861534	305.0
54.772953948198435	305.0
54.78295448753533	305.0
54.79295502687223	308.0
54.80295556620913	305.0
54.81295610554603	305.0
54.82295664488293	301.0
54.83295718421983	298.0
54.84295772355673	298.0
54.85295826289363	294.0
54.86295880223053	291.0
54.87295934156743	288.0
54.88295988090432	288.0
54.892960420241224	284.0
54.902960959578124	288.0
54.912961498915024	298.0
54.922962038251924	301.0
54.932962577588825	305.0
54.942963116925725	305.0
54.952963656262625	308.0
54.962964195599525	308.0
54.97296473493642	308.0
54.98296527427332	308.0
54.99296581361022	305.0
55.00296635294712	305.0
55.01296689228402	301.0
55.02296743162092	301.0
55.03296797095782	301.0
55.04296851029472	301.0
55.05296904963162	301.0
55.062969588968514	298.0
55.072970128305414	301.0
55.082970667642314	301.0
55.092971206979215	301.0
55.102971746316115	301.0
55.112972285653015	301.0
55.122972824989915	301.0
55.132973364326816	301.0
55.142973903663716	305.0
55.15297444300061	305.0
55.16297498233751	305.0
55.17297552167441	301.0
55.18297606101131	301.0
55.19297660034821	298.0
55.20297713968511	294.0
55.21297767902201	288.0
55.22297821835891	281.0
55.23297875769581	265.0
55.242979297032704	250.0
55.252979836369605	242.0
55.262980375706505	234.0
55.272980915043405	228.0
55.282981454380305	226.0
55.292981993717206	226.0
55.302982533054106	228.0
55.312983072391006	236.0
55.322983611727906	245.0
55.3329841510648	256.0
55.3429846904017	268.0
55.3529852297386	278.0
55.3629857690755	288.0
55.3729863084124	294.0
55.3829868477493	298.0
55.3929873870862	301.0
55.4029879264231	301.0
55.41298846576	305.0
55.422989005096895	301.0
55.432989544433795	301.0
55.442990083770695	298.0
55.452990623107596	294.0
55.462991162444496	294.0
55.472991701781396	291.0
55.482992241118296	284.0
55.4929927804552	278.0
55.5029933197921	268.0
55.51299385912899	262.0
55.52299439846589	259.0
55.53299493780279	256.0
55.54299547713969	253.0
55.55299601647659	253.0
55.56299655581349	253.0
55.57299709515039	253.0
55.58299763448729	253.0
55.59299817382419	253.0
55.602998713161085	256.0
55.612999252497985	259.0
55.622999791834886	262.0
55.633000331171786	272.0
55.643000870508686	278.0
55.65300140984559	284.0
55.66300194918249	291.0
55.67300248851939	294.0
55.68300302785629	298.0
55.69300356719318	301.0
55.70300410653008	301.0
55.71300464586698	305.0
55.72300518520388	301.0
55.73300572454078	301.0
55.74300626387768	301.0
55.75300680321458	298.0
55.76300734255148	298.0
55.77300788188838	301.0
55.783008421225276	301.0
55.793008960562176	301.0
55.803009499899076	301.0
55.81301003923598	305.0
55.82301057857288	305.0
55.83301111790978	305.0
55.84301165724668	305.0
55.85301219658358	308.0
55.86301273592048	305.0
55.87301327525737	305.0
55.88301381459427	305.0
55.89301435393117	305.0
55.90301489326807	301.0
55.91301543260497	301.0
55.92301597194187	301.0
55.93301651127877	301.0
55.94301705061567	301.0
55.95301758995257	301.0
55.963018129289466	301.0
55.973018668626366	298.0
55.98301920796327	291.0
55.99301974730017	284.0
56.00302028663707	268.0
56.01302082597397	256.0
56.02302136531087	248.0
56.03302190464777	242.0
56.04302244398467	239.0
56.05302298332156	242.0
56.06302352265846	248.0
56.07302406199536	253.0
56.08302460133226	265.0
56.09302514066916	278.0
56.10302568000606	288.0
56.11302621934296	291.0
56.12302675867986	294.0
56.13302729801676	298.0
56.14302783735366	301.0
56.15302837669056	305.0
56.16302891602746	308.0
56.17302945536436	312.0
56.18302999470126	312.0
56.19303053403816	312.0
56.20303107337506	312.0
56.21303161271196	312.0
56.22303215204886	312.0
56.23303269138575	312.0
56.24303323072265	312.0
56.25303377005955	308.0
56.26303430939645	308.0
56.27303484873335	308.0
56.28303538807025	305.0
56.29303592740715	305.0
56.303036466744054	301.0
56.313037006080954	298.0
56.32303754541785	298.0
56.33303808475475	298.0
56.34303862409165	316.0
56.35303916342855	323.0
56.36303970276545	331.0
56.37304024210235	338.0
56.38304078143925	346.0
56.39304132077615	350.0
56.40304186011305	354.0
56.41304239944995	354.0
56.42304293878684	354.0
56.43304347812374	350.0
56.44304401746064	350.0
56.45304455679754	346.0
56.463045096134444	346.0
56.473045635471344	342.0
56.483046174808244	342.0
56.493046714145144	342.0
56.503047253482045	342.0
56.51304779281894	346.0
56.52304833215584	346.0
56.53304887149274	346.0
56.54304941082964	346.0
56.55304995016654	346.0
56.56305048950344	346.0
56.57305102884034	346.0
56.58305156817724	346.0
56.59305210751414	350.0
56.60305264685103	350.0
56.61305318618793	354.0
56.623053725524834	363.0
56.633054264861734	367.0
56.643054804198634	367.0
56.653055343535534	363.0
56.663055882872435	358.0
56.673056422209335	350.0
56.683056961546235	342.0
56.69305750088313	327.0
56.70305804022003	301.0
56.71305857955693	288.0
56.72305911889383	278.0
56.73305965823073	275.0
56.74306019756763	278.0
56.75306073690453	281.0
56.76306127624143	288.0
56.77306181557833	294.0
56.783062354915224	301.0
56.793062894252124	308.0
56.803063433589024	316.0
56.813063972925924	323.0
56.823064512262825	327.0
56.833065051599725	334.0
56.843065590936625	338.0
56.853066130273525	338.0
56.863066669610426	338.0
56.87306720894732	338.0
56.88306774828422	338.0
56.89306828762112	338.0
56.90306882695802	342.0
56.91306936629492	342.0
56.92306990563182	346.0
56.93307044496872	350.0
56.94307098430562	354.0
56.95307152364252	358.0
56.963072062979414	358.0
56.973072602316314	354.0
56.983073141653215	342.0
56.993073680990115	331.0
57.003074220327015	298.0
57.013074759663915	284.0
57.023075299000816	284.0
57.033075838337716	262.0
57.043076377674616	0.0
57.05307691701151	0.0
57.06307745634841	0.0
57.07307799568531	0.0
57.08307853502221	0.0
57.09307907435911	305.0
57.10307961369601	308.0
57.11308015303291	312.0
57.12308069236981	308.0
57.13308123170671	308.0
57.143081771043605	308.0
57.153082310380505	305.0
57.163082849717405	305.0
57.173083389054305	305.0
57.183083928391206	305.0
57.193084467728106	305.0
57.203085007065006	305.0
57.213085546401906	305.0
57.22308608573881	301.0
57.2330866250757	301.0
57.2430871644126	301.0
57.2530877037495	301.0
57.2630882430864	301.0
57.2730887824233	301.0
57.2830893217602	301.0
57.2930898610971	301.0
57.303090400434	301.0
57.3130909397709	301.0
57.323091479107795	305.0
57.333092018444695	305.0
57.343092557781596	305.0
57.353093097118496	305.0
57.363093636455396	305.0
57.373094175792296	301.0
57.3830947151292	298.0
57.3930952544661	291.0
57.403095793803	288.0
57.41309633313989	0.0
57.42309687247679	0.0
57.43309741181369	0.0
57.44309795115059	0.0
57.45309849048749	0.0
57.46309902982439	0.0
57.47309956916129	0.0
57.48310010849819	0.0
57.49310064783509	0.0
57.503101187171985	0.0
57.513101726508886	0.0
57.523102265845786	0.0
57.533102805182686	0.0
57.54310334451959	0.0
57.55310388385649	0.0
57.56310442319339	0.0
57.57310496253029	0.0
57.58310550186719	0.0
57.59310604120408	0.0
57.60310658054098	0.0
57.61310711987788	0.0
57.62310765921478	0.0
57.63310819855168	0.0
57.64310873788858	0.0
57.65310927722548	0.0
57.66310981656238	0.0
57.67311035589928	0.0
57.683110895236176	0.0
57.693111434573076	0.0
57.70311197390998	0.0
57.71311251324688	0.0
57.72311305258378	0.0
57.73311359192068	0.0
57.74311413125758	0.0
57.75311467059448	0.0
57.76311520993138	0.0
57.77311574926827	0.0
57.78311628860517	0.0
57.79311682794207	0.0
57.80311736727897	0.0
57.81311790661587	0.0
57.82311844595277	0.0
57.83311898528967	0.0
57.84311952462657	0.0
57.85312006396347	0.0
57.86312060330037	0.0
57.87312114263727	367.0
57.88312168197417	375.0
57.89312222131107	389.0
57.90312276064797	393.0
57.91312329998487	393.0
57.92312383932177	393.0
57.93312437865867	389.0
57.94312491799557	384.0
57.95312545733247	375.0
57.96312599666936	367.0
57.97312653600626	358.0
57.98312707534316	350.0
57.99312761468006	346.0
58.00312815401696	346.0
58.01312869335386	342.0
58.02312923269076	342.0
58.033129772027664	338.0
58.043130311364564	338.0
58.05313085070146	338.0
58.06313139003836	338.0
58.07313192937526	342.0
58.08313246871216	342.0
58.09313300804906	350.0
58.10313354738596	354.0
58.11313408672286	358.0
58.12313462605976	363.0
58.13313516539666	367.0
58.14313570473355	367.0
58.15313624407045	367.0
58.16313678340735	367.0
58.17313732274425	363.0
58.18313786208115	358.0
58.193138401418054	350.0
58.203138940754954	346.0
58.213139480091854	338.0
58.223140019428754	334.0
58.23314055876565	331.0
58.24314109810255	331.0
58.25314163743945	331.0
58.26314217677635	331.0
58.27314271611325	334.0
58.28314325545015	338.0
58.29314379478705	346.0
58.30314433412395	358.0
58.31314487346085	367.0
58.32314541279774	375.0
58.33314595213464	389.0
58.34314649147154	393.0
58.353147030808444	398.0
58.363147570145344	402.0
58.373148109482244	402.0
58.383148648819144	402.0
58.393149188156045	402.0
58.403149727492945	402.0
58.41315026682984	398.0
58.42315080616674	398.0
58.43315134550364	398.0
58.44315188484054	398.0
58.45315242417744	398.0
58.46315296351434	398.0
58.47315350285124	398.0
58.48315404218814	398.0
58.49315458152504	402.0
58.50315512086193	402.0
58.513155660198834	402.0
58.523156199535734	407.0
58.533156738872634	407.0
58.543157278209534	412.0
58.553157817546435	412.0
58.563158356883335	412.0
58.573158896220235	412.0
58.583159435557135	412.0
58.59315997489403	412.0
58.60316051423093	407.0
58.61316105356783	407.0
58.62316159290473	407.0
58.63316213224163	407.0
58.64316267157853	402.0
58.65316321091543	402.0
58.66316375025233	402.0
58.67316428958923	402.0
58.683164828926124	407.0
58.693165368263024	407.0
58.703165907599924	407.0
58.713166446936825	407.0
58.723166986273725	407.0
58.733167525610625	407.0
58.743168064947525	407.0
58.753168604284426	407.0
58.763169143621326	407.0
58.77316968295822	402.0
58.78317022229512	402.0
58.79317076163202	402.0
58.80317130096892	402.0
58.81317184030582	398.0
58.82317237964272	393.0
58.83317291897962	389.0
58.84317345831652	380.0
58.85317399765342	371.0
58.863174536990314	358.0
58.873175076327215	350.0
58.883175615664115	346.0
58.893176155001015	338.0
58.903176694337915	334.0
58.913177233674816	331.0
58.923177773011716	331.0
58.933178312348616	331.0
58.943178851685516	331.0
58.95317939102241	338.0
58.96317993035931	346.0
58.97318046969621	354.0
58.98318100903311	371.0
58.99318154837001	384.0
59.00318208770691	398.0
59.01318262704381	402.0
59.02318316638071	412.0
59.03318370571761	412.0
59.043184245054505	412.0
59.053184784391405	412.0
59.063185323728305	407.0
59.073185863065206	402.0
59.083186402402106	393.0
59.093186941739006	389.0
59.103187481075906	375.0
59.11318802041281	367.0
59.12318855974971	358.0
59.1331890990866	354.0
59.1431896384235	350.0
59.1531901777604	346.0
59.1631907170973	342.0
59.1731912564342	342.0
59.1831917957711	338.0
59.193192335108	338.0
59.2031928744449	338.0
59.2131934137818	338.0
59.223193953118695	338.0
59.233194492455596	342.0
59.243195031792496	346.0
59.253195571129396	350.0
59.263196110466296	358.0
59.2731966498032	367.0
59.2831971891401	371.0
59.293197728477	375.0
59.3031982678139	375.0
59.3131988071508	371.0
59.32319934648769	367.0
59.33319988582459	354.0
59.34320042516149	342.0
59.35320096449839	327.0
59.36320150383529	316.0
59.37320204317219	308.0
59.38320258250909	305.0
59.39320312184599	305.0
59.40320366118289	305.0
59.413204200519786	305.0
59.423204739856686	308.0
59.43320527919359	308.0
59.44320581853049	308.0
59.45320635786739	308.0
59.46320689720429	308.0
59.47320743654119	305.0
59.48320797587809	301.0
59.49320851521499	301.0
59.50320905455188	298.0
59.51320959388878	298.0
59.52321013322568	298.0
59.53321067256258	301.0
59.54321121189948	301.0
59.55321175123638	301.0
59.56321229057328	305.0
59.57321282991018	305.0
59.58321336924708	301.0
59.59321390858398	301.0
59.60321444792088	301.0
59.61321498725778	301.0
59.62321552659468	301.0
59.63321606593158	301.0
59.64321660526848	301.0
59.65321714460538	301.0
59.66321768394228	301.0
59.67321822327918	301.0
59.68321876261607	301.0
59.69321930195297	301.0
59.70321984128987	305.0
59.71322038062677	305.0
59.72322091996367	305.0
59.73322145930057	305.0
59.74322199863747	305.0
59.75322253797437	305.0
59.763223077311274	305.0
59.77322361664817	305.0
59.78322415598507	305.0
59.79322469532197	305.0
59.80322523465887	305.0
59.81322577399577	301.0
59.82322631333267	301.0
59.83322685266957	298.0
59.84322739200647	298.0
59.85322793134337	294.0
59.86322847068026	288.0
59.87322901001716	278.0
59.88322954935406	265.0
59.89323008869096	253.0
59.90323062802786	245.0
59.91323116736476	239.0
59.923231706701664	234.0
59.933232246038564	234.0
59.943232785375464	236.0
59.95323332471236	242.0
59.96323386404926	250.0
59.97323440338616	256.0
59.98323494272306	262.0
59.99323548205996	275.0
60.00323602139686	284.0
60.01323656073376	288.0
60.02323710007066	294.0
60.03323763940756	301.0
60.04323817874445	312.0
60.05323871808135	319.0
60.06323925741825	323.0
60.07323979675515	319.0
60.083240336092054	316.0
60.093240875428954	312.0
60.103241414765854	305.0
60.113241954102755	301.0
60.123242493439655	294.0
60.13324303277655	288.0
60.14324357211345	281.0
60.15324411145035	278.0
60.16324465078725	272.0
60.17324519012415	265.0
60.18324572946105	259.0
60.19324626879795	256.0
60.20324680813485	256.0
60.21324734747175	253.0
60.22324788680864	253.0
60.23324842614554	253.0
60.243248965482444	253.0
60.253249504819344	253.0
60.263250044156244	253.0
60.273250583493144	256.0
60.283251122830045	259.0
60.293251662166945	262.0
60.303252201503845	278.0
60.31325274084074	291.0
60.32325328017764	312.0
60.33325381951454	327.0
60.34325435885144	342.0
60.35325489818834	354.0
60.36325543752524	367.0
60.37325597686214	380.0
60.38325651619904	384.0
60.39325705553594	384.0
60.403257594872834	371.0
60.413258134209734	358.0
60.423258673546634	342.0
60.433259212883534	319.0
60.443259752220435	308.0
60.453260291557335	301.0
60.463260830894235	301.0
60.473261370231135	301.0
60.483261909568036	301.0
60.49326244890493	301.0
60.50326298824183	305.0
60.51326352757873	305.0
60.52326406691563	305.0
60.53326460625253	308.0
60.54326514558943	308.0
60.55326568492633	308.0
60.56326622426323	308.0
60.57326676360013	308.0
60.583267302937024	308.0
60.593267842273924	308.0
60.603268381610825	305.0
60.613268920947725	305.0
60.623269460284625	305.0
60.633269999621525	305.0
60.643270538958426	305.0
60.653271078295326	305.0
60.663271617632226	301.0
60.67327215696912	301.0
60.68327269630602	301.0
60.69327323564292	301.0
60.70327377497982	301.0
60.71327431431672	301.0
60.72327485365362	301.0
60.73327539299052	305.0
60.74327593232742	308.0
60.75327647166432	316.0
60.76327701100122	323.0
60.773277550338115	331.0
60.783278089675015	338.0
60.793278629011915	346.0
60.803279168348816	354.0
60.813279707685716	358.0
60.823280247022616	363.0
60.833280786359516	363.0
60.84328132569642	358.0
60.85328186503332	350.0
60.86328240437021	346.0
60.87328294370711	342.0
60.88328348304401	338.0
60.89328402238091	338.0
60.90328456171781	338.0
60.91328510105471	338.0
60.92328564039161	338.0
60.93328617972851	338.0
60.94328671906541	334.0
60.953287258402305	334.0
60.963287797739206	334.0
60.973288337076106	334.0
60.983288876413006	331.0
60.993289415749906	331.0
61.00328995508681	331.0
61.01329049442371	334.0
61.02329103376061	334.0
61.03329157309751	334.0
61.0432921124344	338.0
61.0532926517713	338.0
61.0632931911082	342.0
61.0732937304451	350.0
61.083294269782	358.0
61.0932948091189	363.0
61.1032953484558	367.0
61.1132958877927	367.0
61.1232964271296	371.0
61.133296966466496	371.0
61.143297505803396	367.0
61.153298045140296	367.0
61.1632985844772	363.0
61.1732991238141	358.0
61.183299663151	354.0
61.1933002024879	350.0
61.2033007418248	346.0
61.2133012811617	342.0
61.22330182049859	334.0
61.23330235983549	331.0
61.24330289917239	323.0
61.25330343850929	316.0
61.26330397784619	305.0
61.27330451718309	298.0
61.28330505651999	288.0
61.29330559585689	281.0
61.30330613519379	278.0
61.313306674530686	272.0
61.32330721386759	268.0
61.33330775320449	265.0
61.34330829254139	262.0
61.35330883187829	262.0
61.36330937121519	259.0
61.37330991055209	259.0
61.38331044988899	259.0
61.39331098922589	256.0
61.40331152856278	253.0
61.41331206789968	250.0
61.42331260723658	248.0
61.43331314657348	245.0
61.44331368591038	245.0
61.45331422524728	248.0
61.46331476458418	248.0
61.47331530392108	253.0
61.483315843257984	256.0
61.49331638259488	262.0
61.50331692193178	268.0
61.51331746126868	275.0
61.52331800060558	281.0
61.53331853994248	284.0
61.54331907927938	284.0
61.55331961861628	284.0
61.56332015795318	281.0
61.57332069729008	278.0
61.58332123662697	272.0
61.59332177596387	268.0
61.60332231530077	265.0
61.61332285463767	262.0
61.62332339397457	259.0
61.63332393331147	259.0
61.643324472648374	256.0
61.653325011985274	253.0
61.663325551322174	253.0
61.67332609065907	253.0
61.68332662999597	253.0
61.69332716933287	253.0
61.70332770866977	253.0
61.71332824800667	253.0
61.72332878734357	256.0
61.73332932668047	256.0
61.74332986601737	262.0
61.75333040535427	272.0
61.76333094469116	281.0
61.77333148402806	294.0
61.78333202336496	305.0
61.79333256270186	319.0
61.80333310203876	334.0
61.813333641375664	350.0
61.823334180712564	371.0
61.833334720049464	384.0
61.843335259386365	389.0
61.85333579872326	393.0
61.86333633806016	393.0
61.87333687739706	389.0
61.88333741673396	380.0
61.89333795607086	358.0
61.90333849540776	346.0
61.91333903474466	334.0
61.92333957408156	319.0
61.93334011341846	308.0
61.94334065275535	301.0
61.95334119209225	294.0
61.96334173142915	291.0
61.973342270766054	291.0
61.983342810102954	291.0
61.993343349439854	294.0
62.003343888776755	294.0
62.013344428113655	294.0
62.023344967450555	294.0
62.03334550678745	298.0
62.04334604612435	298.0
62.05334658546125	298.0
62.06334712479815	301.0
62.07334766413505	301.0
62.08334820347195	305.0
62.09334874280885	305.0
62.10334928214575	305.0
62.11334982148265	305.0
62.12335036081954	301.0
62.133350900156444	298.0
62.143351439493344	291.0
62.153351978830244	291.0
62.163352518167144	291.0
62.173353057504045	291.0
62.183353596840945	291.0
62.193354136177845	291.0
62.203354675514746	291.0
62.213355214851646	294.0
62.22335575418854	298.0
62.23335629352544	301.0
62.24335683286234	305.0
62.25335737219924	308.0
62.26335791153614	308.0
62.27335845087304	308.0
62.28335899020994	308.0
62.29335952954684	308.0
62.30336006888374	308.0
62.313360608220634	308.0
62.323361147557534	308.0
62.333361686894435	308.0
62.343362226231335	308.0
62.353362765568235	308.0
62.363363304905135	308.0
62.373363844242036	305.0
62.383364383578936	298.0
62.393364922915836	294.0
62.40336546225273	288.0
62.41336600158963	284.0
62.42336654092653	281.0
62.43336708026343	278.0
62.44336761960033	272.0
62.45336815893723	268.0
62.46336869827413	265.0
62.47336923761103	262.0
62.48336977694793	262.0
62.493370316284825	259.0
62.503370855621725	256.0
62.513371394958625	256.0
62.523371934295525	256.0
62.533372473632426	256.0
62.543373012969326	256.0
62.553373552306226	256.0
62.56337409164313	256.0
62.57337463098003	253.0
62.58337517031692	253.0
62.59337570965382	253.0
62.60337624899072	253.0
62.61337678832762	253.0
62.62337732766452	256.0
62.63337786700142	262.0
62.64337840633832	265.0
62.65337894567522	272.0
62.66337948501212	275.0
62.673380024349015	275.0
62.683380563685915	275.0
62.693381103022816	275.0
62.703381642359716	272.0
62.713382181696616	268.0
62.723382721033516	268.0
62.73338326037042	265.0
62.74338379970732	259.0
62.75338433904422	253.0
62.76338487838111	250.0
62.77338541771801	245.0
62.78338595705491	242.0
62.79338649639181	236.0
62.80338703572871	234.0
62.81338757506561	231.0
62.82338811440251	228.0
62.83338865373941	228.0
62.84338919307631	228.0
62.853389732413206	226.0
62.863390271750106	226.0
62.873390811087006	226.0
62.883391350423906	223.0
62.89339188976081	218.0
62.90339242909771	215.0
62.91339296843461	213.0
62.92339350777151	215.0
62.93339404710841	223.0
62.9433945864453	231.0
62.9533951257822	236.0
62.9633956651191	242.0
62.973396204456	248.0
62.9833967437929	250.0
62.9933972831298	256.0
63.0033978224667	259.0
63.0133983618036	259.0
63.0233989011405	259.0
63.033399440477396	259.0
63.043399979814296	256.0
63.0534005191512	253.0
63.0634010584881	250.0
63.073401597825	248.0
63.0834021371619	242.0
63.0934026764988	239.0
63.1034032158357	231.0
63.1134037551726	226.0
63.12340429450949	220.0
63.13340483384639	215.0
63.14340537318329	210.0
63.15340591252019	203.0
63.16340645185709	201.0
63.17340699119399	199.0
63.18340753053089	196.0
63.19340806986779	196.0
63.20340860920469	196.0
63.21340914854159	196.0
63.22340968787849	196.0
63.23341022721539	196.0
63.24341076655229	196.0
63.25341130588919	199.0
63.26341184522609	203.0
63.27341238456299	210.0
63.28341292389989	218.0
63.29341346323679	226.0
63.30341400257368	236.0
63.31341454191058	248.0
63.32341508124748	256.0
63.33341562058438	259.0
63.34341615992128	262.0
63.35341669925818	262.0
63.36341723859508	259.0
63.373417777931984	253.0
63.383418317268884	248.0
63.39341885660578	239.0
63.40341939594268	234.0
63.41341993527958	228.0
63.42342047461648	226.0
63.43342101395338	223.0
63.44342155329028	220.0
63.45342209262718	0.0
63.46342263196408	0.0
63.47342317130098	0.0
63.48342371063787	0.0
63.49342424997477	0.0
63.50342478931167	0.0
63.51342532864857	0.0
63.52342586798547	0.0
63.533426407322374	0.0
63.543426946659274	0.0
63.553427485996174	0.0
63.563428025333074	0.0
63.57342856466997	0.0
63.58342910400687	0.0
63.59342964334377	0.0
63.60343018268067	0.0
63.61343072201757	0.0
63.62343126135447	0.0
63.63343180069137	0.0
63.64343234002827	0.0
63.65343287936517	0.0
63.66343341870207	0.0
63.67343395803896	0.0
63.68343449737586	0.0
63.69343503671276	0.0
63.703435576049664	0.0
63.713436115386564	0.0
63.723436654723464	0.0
63.733437194060365	248.0
63.743437733397265	250.0
63.753438272734165	253.0
63.76343881207106	253.0
63.77343935140796	253.0
63.78343989074486	253.0
63.79344043008176	253.0
63.80344096941866	253.0
63.81344150875556	253.0
63.82344204809246	253.0
63.83344258742936	253.0
63.84344312676626	253.0
63.85344366610315	253.0
63.863444205440054	253.0
63.873444744776954	253.0
63.883445284113854	253.0
63.893445823450755	253.0
63.903446362787655	253.0
63.913446902124555	253.0
63.923447441461455	256.0
63.933447980798356	256.0
63.94344852013525	256.0
63.95344905947215	256.0
63.96344959880905	256.0
63.97345013814595	253.0
63.98345067748285	253.0
63.99345121681975	253.0
64.00345175615665	253.0
64.01345229549355	253.0
64.02345283483045	253.0
64.03345337416735	253.0
64.04345391350425	253.0
64.05345445284115	256.0
64.06345499217805	256.0
64.07345553151494	256.0
64.08345607085184	253.0
64.09345661018874	253.0
64.10345714952564	250.0
64.11345768886254	245.0
64.12345822819944	239.0
64.13345876753634	231.0
64.14345930687324	226.0
64.15345984621014	223.0
64.16346038554704	220.0
64.17346092488394	223.0
64.18346146422084	226.0
64.19346200355774	231.0
64.20346254289464	236.0
64.21346308223154	242.0
64.22346362156844	248.0
64.23346416090534	253.0
64.24346470024224	256.0
64.25346523957913	259.0
64.26346577891603	259.0
64.27346631825293	259.0
64.28346685758983	256.0
64.29346739692673	256.0
64.30346793626363	253.0
64.31346847560053	253.0
64.32346901493743	253.0
64.33346955427433	253.0
64.34347009361123	256.0
64.35347063294813	256.0
64.36347117228503	256.0
64.37347171162193	256.0
64.38347225095883	256.0
64.39347279029573	256.0
64.40347332963263	256.0
64.41347386896953	253.0
64.42347440830643	253.0
64.43347494764333	250.0
64.44347548698022	245.0
64.45347602631712	239.0
64.46347656565402	234.0
64.47347710499092	231.0
64.48347764432782	231.0
64.49347818366472	234.0
64.50347872300162	242.0
64.51347926233852	250.0
64.52347980167542	262.0
64.53348034101232	275.0
64.54348088034922	288.0
64.55348141968612	294.0
64.56348195902302	301.0
64.57348249835992	305.0
64.58348303769682	308.0
64.59348357703372	312.0
64.60348411637062	312.0
64.61348465570752	312.0
64.62348519504441	312.0
64.63348573438131	308.0
64.64348627371821	308.0
64.65348681305511	305.0
64.66348735239201	305.0
64.67348789172891	305.0
64.68348843106581	305.0
64.69348897040271	305.0
64.70348950973961	305.0
64.71349004907651	301.0
64.72349058841341	301.0
64.73349112775031	301.0
64.74349166708721	301.0
64.75349220642411	301.0
64.76349274576101	305.0
64.77349328509791	305.0
64.78349382443481	305.0
64.79349436377171	305.0
64.8034949031086	305.0
64.8134954424455	305.0
64.8234959817824	301.0
64.8334965211193	298.0
64.8434970604562	294.0
64.8534975997931	288.0
64.86349813913	278.0
64.8734986784669	262.0
64.8834992178038	248.0
64.8934997571407	242.0
64.9035002964776	236.0
64.9135008358145	236.0
64.9235013751514	236.0
64.9335019144883	245.0
64.9435024538252	253.0
64.9535029931621	262.0
64.963503532499	278.0
64.9735040718359	291.0
64.98350461117279	298.0
64.99350515050969	305.0
65.00350568984659	308.0
65.01350622918349	316.0
65.02350676852039	316.0
65.03350730785729	316.0
65.04350784719419	316.0
65.05350838653109	312.0
65.06350892586799	312.0
65.07350946520489	312.0
65.0835100045418	312.0
65.0935105438787	312.0
65.1035110832156	312.0
65.1135116225525	312.0
65.1235121618894	308.0
65.1335127012263	308.0
65.1435132405632	305.0
65.1535137799001	301.0
65.16351431923698	298.0
65.17351485857388	301.0
65.18351539791078	308.0
65.19351593724768	319.0
65.20351647658458	331.0
65.21351701592148	342.0
65.22351755525838	358.0
65.23351809459528	384.0
65.24351863393218	398.0
65.25351917326908	407.0
65.26351971260598	412.0
65.27352025194288	412.0
65.28352079127978	412.0
65.29352133061668	407.0
65.30352186995358	398.0
65.31352240929048	389.0
65.32352294862739	380.0
65.33352348796429	371.0
65.34352402730117	363.0
65.35352456663807	354.0
65.36352510597497	350.0
65.37352564531187	350.0
65.38352618464877	346.0
65.39352672398567	342.0
65.40352726332257	342.0
65.41352780265947	338.0
65.42352834199637	338.0
65.43352888133327	338.0
65.44352942067017	334.0
65.45352996000707	334.0
65.46353049934397	334.0
65.47353103868087	334.0
65.48353157801778	334.0
65.49353211735468	338.0
65.50353265669158	342.0
65.51353319602848	350.0
65.52353373536536	358.0
65.53353427470226	363.0
65.54353481403916	371.0
65.55353535337606	375.0
65.56353589271296	375.0
65.57353643204986	380.0
65.58353697138676	375.0
65.59353751072366	375.0
65.60353805006056	375.0
65.61353858939746	371.0
65.62353912873436	367.0
65.63353966807126	363.0
65.64354020740817	354.0
65.65354074674507	350.0
65.66354128608197	342.0
65.67354182541887	334.0
65.68354236475577	327.0
65.69354290409267	319.0
65.70354344342955	312.0
65.71354398276645	308.0
65.72354452210335	305.0
65.73354506144025	301.0
65.74354560077715	301.0
65.75354614011405	301.0
65.76354667945095	301.0
65.77354721878785	301.0
65.78354775812475	301.0
65.79354829746165	301.0
65.80354883679856	301.0
65.81354937613546	305.0
65.82354991547236	308.0
65.83355045480926	308.0
65.84355099414616	308.0
65.85355153348306	301.0
65.86355207281996	294.0
65.87355261215686	288.0
65.88355315149376	288.0
65.89355369083064	288.0
65.90355423016754	291.0
65.91355476950444	298.0
65.92355530884134	308.0
65.93355584817824	319.0
65.94355638751514	331.0
65.95355692685204	338.0
65.96355746618894	354.0
65.97355800552585	389.0
65.98355854486275	389.0
65.99355908419965	384.0
66.00355962353655	375.0
66.01356016287345	367.0
66.02356070221035	358.0
66.03356124154725	354.0
66.04356178088415	346.0
66.05356232022105	338.0
66.06356285955795	334.0
66.07356339889483	334.0
66.08356393823173	334.0
66.09356447756863	334.0
66.10356501690553	334.0
66.11356555624243	338.0
66.12356609557933	342.0
66.13356663491624	350.0
66.14356717425314	358.0
66.15356771359004	367.0
66.16356825292694	375.0
66.17356879226384	380.0
66.18356933160074	380.0
66.19356987093764	380.0
66.20357041027454	375.0
66.21357094961144	371.0
66.22357148894834	367.0
66.23357202828524	363.0
66.24357256762214	358.0
66.25357310695902	354.0
66.26357364629592	350.0
66.27357418563282	346.0
66.28357472496972	342.0
66.29357526430663	342.0
66.30357580364353	342.0
66.31357634298043	342.0
66.32357688231733	342.0
66.33357742165423	346.0
66.34357796099113	354.0
66.35357850032803	363.0
66.36357903966493	371.0
66.37357957900183	380.0
66.38358011833873	389.0
66.39358065767563	398.0
66.40358119701253	402.0
66.41358173634943	407.0
66.42358227568633	407.0
66.43358281502321	412.0
66.44358335436011	407.0
66.45358389369702	407.0
66.46358443303392	407.0
66.47358497237082	407.0
66.48358551170772	402.0
66.49358605104462	402.0
66.50358659038152	402.0
66.51358712971842	402.0
66.52358766905532	407.0
66.53358820839222	407.0
66.54358874772912	407.0
66.55358928706602	407.0
66.56358982640292	407.0
66.57359036573982	407.0
66.58359090507672	407.0
66.59359144441362	407.0
66.60359198375052	407.0
66.6135925230874	407.0
66.6235930624243	407.0
66.6335936017612	412.0
66.6435941410981	412.0
66.653594680435	412.0
66.6635952197719	412.0
66.6735957591088	412.0
66.6835962984457	412.0
66.69359683778261	412.0
66.70359737711951	412.0
66.71359791645641	412.0
66.72359845579331	412.0
66.73359899513021	412.0
66.74359953446711	412.0
66.75360007380401	407.0
66.76360061314091	407.0
66.77360115247781	407.0
66.78360169181471	407.0
66.7936022311516	407.0
66.8036027704885	407.0
66.8136033098254	407.0
66.8236038491623	402.0
66.8336043884992	402.0
66.8436049278361	398.0
66.853605467173	393.0
66.8636060065099	384.0
66.8736065458468	380.0
66.8836070851837	371.0
66.8936076245206	363.0
66.9036081638575	358.0
66.9136087031944	354.0
66.9236092425313	350.0
66.9336097818682	350.0
66.9436103212051	350.0
66.953610860542	346.0
66.9636113998789	346.0
66.97361193921579	342.0
66.98361247855269	342.0
66.99361301788959	338.0
67.00361355722649	294.0
67.01361409656339	288.0
67.02361463590029	288.0
67.03361517523719	0.0
67.04361571457409	294.0
67.05361625391099	298.0
67.06361679324789	0.0
67.07361733258479	0.0
67.08361787192169	402.0
67.09361841125859	407.0
67.10361895059549	407.0
67.11361948993239	407.0
67.12362002926929	407.0
67.13362056860619	407.0
67.14362110794309	407.0
67.15362164727998	407.0
67.16362218661688	407.0
67.17362272595378	407.0
67.18362326529068	407.0
67.19362380462758	407.0
67.20362434396448	407.0
67.21362488330138	407.0
67.22362542263828	407.0
67.23362596197518	407.0
67.24362650131208	407.0
67.25362704064898	407.0
67.26362757998588	407.0
67.27362811932278	407.0
67.28362865865968	407.0
67.29362919799658	402.0
67.30362973733348	402.0
67.31363027667038	402.0
67.32363081600728	402.0
67.33363135534418	402.0
67.34363189468107	402.0
67.35363243401797	402.0
67.36363297335487	398.0
67.37363351269177	398.0
67.38363405202867	398.0
67.39363459136557	398.0
67.40363513070247	402.0
67.41363567003937	412.0
67.42363620937627	426.0
67.43363674871317	452.0
67.44363728805007	468.0
67.45363782738697	484.0
67.46363836672387	496.0
67.47363890606077	501.0
67.48363944539767	501.0
67.49363998473457	496.0
67.50364052407147	484.0
67.51364106340837	473.0
67.52364160274526	468.0
67.53364214208216	457.0
67.54364268141906	452.0
67.55364322075596	447.0
67.56364376009286	447.0
67.57364429942976	447.0
67.58364483876666	441.0
67.59364537810356	441.0
67.60364591744046	441.0
67.61364645677736	441.0
67.62364699611426	441.0
67.63364753545116	447.0
67.64364807478806	447.0
67.65364861412496	447.0
67.66364915346186	452.0
67.67364969279876	457.0
67.68365023213566	468.0
67.69365077147256	479.0
67.70365131080945	501.0
67.71365185014635	513.0
67.72365238948325	513.0
67.73365292882015	513.0
67.74365346815705	513.0
67.75365400749395	507.0
67.76365454683085	501.0
67.77365508616775	490.0
67.78365562550465	473.0
67.79365616484155	457.0
67.80365670417845	441.0
67.81365724351535	431.0
67.82365778285225	421.0
67.83365832218915	417.0
67.84365886152605	421.0
67.85365940086295	417.0
67.86365994019985	412.0
67.87366047953675	402.0
67.88366101887364	398.0
67.89366155821054	393.0
67.90366209754744	393.0
67.91366263688434	398.0
67.92366317622124	0.0
67.93366371555814	0.0
67.94366425489504	0.0
67.95366479423194	0.0
67.96366533356884	0.0
67.97366587290574	0.0
67.98366641224264	0.0
67.99366695157954	0.0
68.00366749091644	0.0
68.01366803025334	0.0
68.02366856959024	0.0
68.03366910892714	0.0
68.04366964826404	0.0
68.05367018760094	0.0
68.06367072693783	0.0
68.07367126627473	0.0
68.08367180561163	0.0
68.09367234494853	0.0
68.10367288428543	0.0
68.11367342362233	0.0
68.12367396295923	0.0
68.13367450229613	0.0
68.14367504163303	0.0
68.15367558096993	0.0
68.16367612030683	0.0
68.17367665964373	0.0
68.18367719898063	0.0
68.19367773831753	0.0
68.20367827765443	327.0
68.21367881699133	346.0
68.22367935632823	350.0
68.23367989566513	350.0
68.24368043500202	358.0
68.25368097433892	371.0
68.26368151367582	375.0
68.27368205301272	375.0
68.28368259234962	375.0
68.29368313168652	375.0
68.30368367102342	375.0
68.31368421036032	375.0
68.32368474969722	380.0
68.33368528903412	384.0
68.34368582837102	384.0
68.35368636770792	389.0
68.36368690704482	393.0
68.37368744638172	402.0
68.38368798571862	407.0
68.39368852505552	421.0
68.40368906439242	431.0
68.41368960372932	441.0
68.42369014306621	452.0
68.43369068240311	457.0
68.44369122174001	473.0
68.45369176107691	484.0
68.46369230041381	496.0
68.47369283975071	501.0
68.48369337908761	507.0
68.49369391842451	513.0
68.50369445776141	513.0
68.51369499709831	513.0
68.52369553643521	513.0
68.53369607577211	513.0
68.54369661510901	513.0
68.55369715444591	507.0
68.56369769378281	507.0
68.57369823311971	507.0
68.58369877245661	507.0
68.59369931179351	501.0
68.6036998511304	501.0
68.6137003904673	496.0
68.6237009298042	496.0
68.6337014691411	496.0
68.643702008478	501.0
68.6537025478149	501.0
68.6637030871518	507.0
68.6737036264887	513.0
68.6837041658256	513.0
68.6937047051625	519.0
68.7037052444994	525.0
68.7137057838363	525.0
68.7237063231732	531.0
68.7337068625101	531.0
68.743707401847	525.0
68.7537079411839	525.0
68.7637084805208	519.0
68.7737090198577	513.0
68.7837095591946	507.0
68.79371009853149	490.0
68.80371063786839	479.0
68.81371117720529	462.0
68.82371171654219	457.0
68.83371225587909	447.0
68.84371279521599	441.0
68.85371333455289	441.0
68.8637138738898	441.0
68.8737144132267	447.0
68.8837149525636	457.0
68.8937154919005	473.0
68.9037160312374	496.0
68.9137165705743	513.0
68.9237171099112	531.0
68.9337176492481	544.0
68.943718188585	550.0
68.9537187279219	563.0
68.9637192672588	563.0
68.97371980659568	563.0
68.98372034593258	563.0
68.99372088526948	550.0
69.00372142460638	537.0
69.01372196394328	519.0
69.02372250328018	501.0
69.03372304261708	479.0
69.04372358195398	468.0
69.05372412129088	457.0
69.06372466062778	452.0
69.07372519996468	452.0
69.08372573930158	452.0
69.09372627863848	452.0
69.10372681797539	462.0
69.11372735731229	473.0
69.12372789664919	468.0
69.13372843598609	479.0
69.14372897532299	496.0
69.15372951465987	507.0
69.16373005399677	519.0
69.17373059333367	531.0
69.18373113267057	537.0
69.19373167200747	537.0
69.20373221134437	544.0
69.21373275068127	537.0
69.22373329001817	537.0
69.23373382935507	0.0
69.24373436869197	0.0
69.25373490802887	0.0
69.26373544736578	0.0
69.27373598670268	0.0
69.28373652603958	0.0
69.29373706537648	0.0
69.30373760471338	402.0
69.31373814405028	402.0
69.32373868338718	402.0
69.33373922272406	407.0
69.34373976206096	407.0
69.35374030139786	412.0
69.36374084073476	417.0
69.37374138007166	417.0
69.38374191940856	417.0
69.39374245874546	417.0
69.40374299808236	412.0
69.41374353741926	412.0
69.42374407675617	412.0
69.43374461609307	412.0
69.44374515542997	412.0
69.45374569476687	412.0
69.46374623410377	412.0
69.47374677344067	412.0
69.48374731277757	412.0
69.49374785211447	412.0
69.50374839145137	407.0
69.51374893078825	407.0
69.52374947012515	407.0
69.53375000946205	407.0
69.54375054879895	407.0
69.55375108813585	407.0
69.56375162747275	407.0
69.57375216680965	407.0
69.58375270614656	412.0
69.59375324548346	412.0
69.60375378482036	412.0
69.61375432415726	407.0
69.62375486349416	407.0
69.63375540283106	407.0
69.64375594216796	407.0
69.65375648150486	407.0
69.66375702084176	407.0
69.67375756017866	402.0
69.68375809951556	402.0
69.69375863885244	398.0
69.70375917818934	398.0
69.71375971752624	398.0
69.72376025686314	398.0
69.73376079620004	398.0
69.74376133553695	398.0
69.75376187487385	402.0
69.76376241421075	402.0
69.77376295354765	402.0
69.78376349288455	402.0
69.79376403222145	402.0
69.80376457155835	402.0
69.81376511089525	402.0
69.82376565023215	402.0
69.83376618956905	402.0
69.84376672890595	402.0
69.85376726824285	398.0
69.86376780757975	398.0
69.87376834691663	393.0
69.88376888625353	389.0
69.89376942559043	380.0
69.90376996492733	375.0
69.91377050426424	367.0
69.92377104360114	363.0
69.93377158293804	354.0
69.94377212227494	350.0
69.95377266161184	346.0
69.96377320094874	346.0
69.97377374028564	342.0
69.98377427962254	338.0
69.99377481895944	334.0
70.00377535829634	334.0
70.01377589763324	331.0
70.02377643697014	331.0
70.03377697630704	327.0
70.04377751564394	327.0
70.05377805498082	331.0
70.06377859431772	334.0
70.07377913365463	338.0
70.08377967299153	346.0
70.09378021232843	350.0
70.10378075166533	363.0
70.11378129100223	375.0
70.12378183033913	389.0
70.13378236967603	398.0
70.14378290901293	407.0
70.15378344834983	417.0
70.16378398768673	421.0
70.17378452702363	421.0
70.18378506636053	421.0
70.19378560569743	421.0
70.20378614503433	417.0
70.21378668437123	417.0
70.22378722370813	417.0
70.23378776304503	417.0
70.24378830238192	417.0
70.25378884171882	417.0
70.26378938105572	412.0
70.27378992039262	412.0
70.28379045972952	412.0
70.29379099906642	412.0
70.30379153840332	412.0
70.31379207774022	407.0
70.32379261707712	393.0
70.33379315641402	384.0
70.34379369575092	375.0
70.35379423508782	371.0
70.36379477442472	367.0
70.37379531376162	0.0
70.38379585309852	0.0
70.39379639243542	0.0
70.40379693177232	0.0
70.41379747110922	0.0
70.4237980104461	0.0
70.433798549783	0.0
70.4437990891199	0.0
70.4537996284568	447.0
70.4638001677937	447.0
70.47380070713061	452.0
70.48380124646751	452.0
70.49380178580441	457.0
70.50380232514131	457.0
70.51380286447821	457.0
70.52380340381511	452.0
70.53380394315201	452.0
70.54380448248891	452.0
70.55380502182581	447.0
70.56380556116271	447.0
70.57380610049961	447.0
70.58380663983651	447.0
70.59380717917341	447.0
70.6038077185103	447.0
70.6138082578472	447.0
70.6238087971841	447.0
70.633809336521	447.0
70.6438098758579	447.0
70.6538104151948	447.0
70.6638109545317	452.0
70.6738114938686	452.0
70.6838120332055	452.0
70.6938125725424	452.0
70.7038131118793	452.0
70.7138136512162	452.0
70.7238141905531	452.0
70.73381472989	452.0
70.7438152692269	452.0
70.7538158085638	457.0
70.7638163479007	457.0
70.7738168872376	457.0
70.78381742657449	462.0
70.79381796591139	462.0
70.80381850524829	468.0
70.81381904458519	468.0
70.82381958392209	473.0
70.83382012325899	479.0
70.84382066259589	479.0
70.85382120193279	484.0
70.86382174126969	490.0
70.87382228060659	484.0
70.88382281994349	484.0
70.89382335928039	473.0
70.90382389861729	452.0
70.91382443795419	431.0
70.92382497729109	412.0
70.93382551662799	398.0
70.94382605596489	384.0
70.95382659530179	380.0
70.96382713463868	380.0
70.97382767397558	384.0
70.98382821331248	389.0
70.99382875264938	389.0
71.00382929198628	393.0
71.01382983132318	393.0
71.02383037066008	398.0
71.03383090999698	398.0
71.04383144933388	398.0
71.05383198867078	402.0
71.06383252800768	402.0
71.07383306734458	402.0
71.08383360668148	402.0
71.09383414601838	402.0
71.10383468535528	402.0
71.11383522469218	402.0
71.12383576402908	402.0
71.13383630336598	402.0
71.14383684270287	402.0
71.15383738203977	402.0
71.16383792137667	402.0
71.17383846071357	407.0
71.18383900005047	407.0
71.19383953938737	407.0
71.20384007872427	407.0
71.21384061806117	407.0
71.22384115739807	407.0
71.23384169673497	402.0
71.24384223607187	402.0
71.25384277540877	402.0
71.26384331474567	402.0
71.27384385408257	402.0
71.28384439341947	402.0
71.29384493275637	402.0
71.30384547209327	402.0
71.31384601143017	402.0
71.32384655076706	402.0
71.33384709010396	402.0
71.34384762944086	402.0
71.35384816877776	402.0
71.36384870811466	402.0
71.37384924745156	402.0
71.38384978678846	402.0
71.39385032612536	402.0
71.40385086546226	407.0
71.41385140479916	407.0
71.42385194413606	407.0
71.43385248347296	412.0
71.44385302280986	412.0
71.45385356214676	412.0
71.46385410148366	412.0
71.47385464082056	412.0
71.48385518015746	412.0
71.49385571949436	412.0
71.50385625883125	412.0
71.51385679816815	412.0
71.52385733750505	407.0
71.53385787684195	402.0
71.54385841617885	398.0
71.55385895551575	393.0
71.56385949485265	389.0
71.57386003418955	375.0
71.58386057352645	367.0
71.59386111286335	358.0
71.60386165220025	350.0
71.61386219153715	346.0
71.62386273087405	342.0
71.63386327021095	338.0
71.64386380954785	338.0
71.65386434888475	338.0
71.66386488822165	338.0
71.67386542755855	338.0
71.68386596689544	334.0
71.69386650623234	334.0
71.70386704556924	334.0
71.71386758490614	334.0
71.72386812424304	334.0
71.73386866357994	334.0
71.74386920291684	334.0
71.75386974225374	338.0
71.76387028159064	342.0
71.77387082092754	346.0
71.78387136026444	358.0
71.79387189960134	367.0
71.80387243893824	375.0
71.81387297827514	380.0
71.82387351761204	380.0
71.83387405694894	380.0
71.84387459628584	375.0
71.85387513562274	371.0
71.86387567495964	367.0
71.87387621429653	358.0
71.88387675363343	350.0
71.89387729297033	342.0
71.90387783230723	334.0
71.91387837164413	331.0
71.92387891098103	323.0
71.93387945031793	319.0
71.94387998965483	316.0
71.95388052899173	312.0
71.96388106832863	312.0
71.97388160766553	308.0
71.98388214700243	308.0
71.99388268633933	308.0
72.00388322567623	308.0
72.01388376501313	308.0
72.02388430435003	305.0
72.03388484368693	305.0
72.04388538302383	301.0
72.05388592236072	301.0
72.06388646169762	301.0
72.07388700103452	301.0
72.08388754037142	301.0
72.09388807970832	301.0
72.10388861904522	305.0
72.11388915838212	308.0
72.12388969771902	316.0
72.13389023705592	331.0
72.14389077639282	342.0
72.15389131572972	354.0
72.16389185506662	367.0
72.17389239440352	380.0
72.18389293374042	389.0
72.19389347307732	393.0
72.20389401241422	398.0
72.21389455175112	398.0
72.22389509108802	398.0
72.23389563042491	398.0
72.24389616976181	398.0
72.25389670909871	393.0
72.26389724843561	389.0
72.27389778777251	384.0
72.28389832710941	375.0
72.29389886644631	367.0
72.30389940578321	363.0
72.31389994512011	358.0
72.32390048445701	350.0
72.33390102379391	346.0
72.34390156313081	338.0
72.35390210246771	334.0
72.36390264180461	331.0
72.37390318114151	331.0
72.38390372047841	331.0
72.39390425981532	331.0
72.40390479915222	334.0
72.4139053384891	338.0
72.423905877826	338.0
72.4339064171629	338.0
72.4439069564998	331.0
72.4539074958367	323.0
72.4639080351736	0.0
72.4739085745105	0.0
72.4839091138474	402.0
72.4939096531843	402.0
72.5039101925212	402.0
72.5139107318581	402.0
72.523911271195	402.0
72.5339118105319	407.0
72.5439123498688	407.0
72.5539128892057	412.0
72.5639134285426	407.0
72.5739139678795	407.0
72.5839145072164	402.0
72.59391504655329	398.0
72.60391558589019	393.0
72.61391612522709	389.0
72.62391666456399	384.0
72.6339172039009	375.0
72.6439177432378	371.0
72.6539182825747	367.0
72.6639188219116	363.0
72.6739193612485	358.0
72.6839199005854	354.0
72.6939204399223	350.0
72.7039209792592	350.0
72.7139215185961	346.0
72.723922057933	342.0
72.7339225972699	338.0
72.7439231366068	338.0
72.7539236759437	334.0
72.7639242152806	331.0
72.77392475461748	331.0
72.78392529395438	331.0
72.79392583329128	331.0
72.80392637262818	331.0
72.81392691196508	331.0
72.82392745130198	331.0
72.83392799063888	331.0
72.84392852997578	334.0
72.85392906931268	338.0
72.86392960864958	342.0
72.87393014798648	350.0
72.88393068732339	363.0
72.89393122666029	380.0
72.90393176599719	389.0
72.91393230533409	398.0
72.92393284467099	402.0
72.93393338400789	407.0
72.94393392334479	407.0
72.95393446268167	407.0
72.96393500201857	402.0
72.97393554135547	398.0
72.98393608069237	393.0
72.99393662002927	384.0
73.00393715936617	380.0
73.01393769870307	371.0
73.02393823803997	363.0
73.03393877737687	354.0
73.04393931671378	350.0
73.05393985605068	342.0
73.06394039538758	338.0
73.07394093472448	334.0
73.08394147406138	331.0
73.09394201339828	331.0
73.10394255273518	327.0
73.11394309207208	327.0
73.12394363140898	331.0
73.13394417074586	331.0
73.14394471008276	338.0
73.15394524941966	346.0
73.16394578875656	358.0
73.17394632809346	371.0
73.18394686743036	389.0
73.19394740676726	398.0
73.20394794610417	407.0
73.21394848544107	412.0
73.22394902477797	417.0
73.23394956411487	412.0
73.24395010345177	407.0
73.25395064278867	402.0
73.26395118212557	393.0
73.27395172146247	384.0
73.28395226079937	375.0
73.29395280013627	367.0
73.30395333947317	358.0
73.31395387881007	354.0
73.32395441814695	350.0
73.33395495748385	346.0
73.34395549682075	342.0
73.35395603615765	342.0
73.36395657549456	342.0
73.37395711483146	342.0
73.38395765416836	342.0
73.39395819350526	342.0
73.40395873284216	342.0
73.41395927217906	342.0
73.42395981151596	342.0
73.43396035085286	342.0
73.44396089018976	342.0
73.45396142952666	346.0
73.46396196886356	350.0
73.47396250820046	354.0
73.48396304753736	363.0
73.49396358687426	367.0
73.50396412621114	375.0
73.51396466554804	375.0
73.52396520488495	380.0
73.53396574422185	375.0
73.54396628355875	371.0
73.55396682289565	363.0
73.56396736223255	358.0
73.57396790156945	350.0
73.58396844090635	342.0
73.59396898024325	338.0
73.60396951958015	331.0
73.61397005891705	323.0
73.62397059825395	316.0
73.63397113759085	312.0
73.64397167692775	308.0
73.65397221626465	308.0
73.66397275560155	305.0
73.67397329493845	305.0
73.68397383427533	301.0
73.69397437361224	301.0
73.70397491294914	301.0
73.71397545228604	301.0
73.72397599162294	301.0
73.73397653095984	301.0
73.74397707029674	298.0
73.75397760963364	298.0
73.76397814897054	291.0
73.77397868830744	284.0
73.78397922764434	284.0
73.79397976698124	284.0
73.80398030631814	288.0
73.81398084565504	294.0
73.82398138499194	305.0
73.83398192432884	305.0
73.84398246366574	308.0
73.85398300300264	308.0
73.86398354233953	308.0
73.87398408167643	308.0
73.88398462101333	308.0
73.89398516035023	308.0
73.90398569968713	308.0
73.91398623902403	308.0
73.92398677836093	305.0
73.93398731769783	301.0
73.94398785703473	298.0
73.95398839637163	294.0
73.96398893570853	291.0
73.97398947504543	288.0
73.98399001438233	281.0
73.99399055371923	275.0
74.00399109305613	268.0
74.01399163239303	265.0
74.02399217172993	262.0
74.03399271106683	259.0
74.04399325040372	256.0
74.05399378974062	256.0
74.06399432907752	253.0
74.07399486841442	253.0
74.08399540775132	253.0
74.09399594708822	253.0
74.10399648642512	253.0
74.11399702576202	253.0
74.12399756509892	253.0
74.13399810443582	253.0
74.14399864377272	253.0
74.15399918310962	253.0
74.16399972244652	253.0
74.17400026178342	256.0
74.18400080112032	262.0
74.19400134045722	265.0
74.20400187979412	268.0
74.21400241913102	272.0
74.2240029584679	275.0
74.2340034978048	275.0
74.2440040371417	275.0
74.25400457647861	275.0
74.26400511581551	272.0
74.27400565515241	272.0
74.28400619448931	268.0
74.29400673382621	262.0
74.30400727316311	259.0
74.31400781250001	253.0
74.32400835183691	250.0
74.33400889117381	245.0
74.34400943051071	242.0
74.35400996984761	239.0
74.36401050918451	236.0
74.37401104852141	234.0
74.38401158785831	231.0
74.39401212719521	231.0
74.4040126665321	228.0
74.414013205869	228.0
74.4240137452059	228.0
74.4340142845428	226.0
74.4440148238797	226.0
74.4540153632166	226.0
74.4640159025535	226.0
74.4740164418904	226.0
74.4840169812273	226.0
74.4940175205642	228.0
74.5040180599011	231.0
74.514018599238	234.0
74.5240191385749	239.0
74.5340196779118	245.0
74.5440202172487	250.0
74.5540207565856	253.0
74.5640212959225	256.0
74.5740218352594	256.0
74.58402237459629	256.0
74.59402291393319	256.0
74.60402345327009	253.0
74.61402399260699	250.0
74.62402453194389	248.0
74.63402507128079	245.0
74.64402561061769	242.0
74.65402614995459	236.0
74.66402668929149	234.0
74.67402722862839	231.0
74.68402776796529	226.0
74.69402830730219	223.0
74.70402884663909	218.0
74.71402938597599	213.0
74.72402992531289	208.0
74.73403046464979	206.0
74.74403100398669	203.0
74.75403154332359	201.0
74.76403208266049	199.0
74.77403262199738	199.0
74.78403316133428	196.0
74.79403370067118	196.0
74.80403424000808	196.0
74.81403477934498	196.0
74.82403531868188	196.0
74.83403585801878	199.0
74.84403639735568	199.0
74.85403693669258	201.0
74.86403747602948	201.0
74.87403801536638	206.0
74.88403855470328	210.0
74.89403909404018	220.0
74.90403963337708	231.0
74.91404017271398	239.0
74.92404071205088	248.0
74.93404125138778	256.0
74.94404179072468	256.0
74.95404233006157	256.0
74.96404286939847	253.0
74.97404340873537	248.0
74.98404394807227	236.0
74.99404448740917	228.0
75.00404502674607	223.0
75.01404556608297	220.0
75.02404610541987	218.0
75.03404664475677	218.0
75.04404718409367	0.0
75.05404772343057	0.0
75.06404826276747	0.0
75.07404880210437	0.0
75.08404934144127	0.0
75.09404988077817	0.0
75.10405042011507	0.0
75.11405095945197	0.0
75.12405149878887	0.0
75.13405203812576	0.0
75.14405257746266	0.0
75.15405311679956	0.0
75.16405365613646	0.0
75.17405419547336	0.0
75.18405473481026	0.0
75.19405527414716	0.0
75.20405581348406	0.0
75.21405635282096	0.0
75.22405689215786	0.0
75.23405743149476	0.0
75.24405797083166	0.0
75.25405851016856	0.0
75.26405904950546	0.0
75.27405958884236	0.0
75.28406012817926	0.0
75.29406066751616	0.0
75.30406120685306	0.0
75.31406174618995	0.0
75.32406228552685	0.0
75.33406282486375	0.0
75.34406336420065	0.0
75.35406390353755	0.0
75.36406444287445	239.0
75.37406498221135	245.0
75.38406552154825	248.0
75.39406606088515	248.0
75.40406660022205	248.0
75.41406713955895	248.0
75.42406767889585	250.0
75.43406821823275	250.0
75.44406875756965	253.0
75.45406929690655	253.0
75.46406983624345	256.0
75.47407037558035	256.0
75.48407091491725	256.0
75.49407145425414	256.0
75.50407199359104	253.0
75.51407253292794	253.0
75.52407307226484	253.0
75.53407361160174	253.0
75.54407415093864	253.0
75.55407469027554	253.0
75.56407522961244	253.0
75.57407576894934	253.0
75.58407630828624	253.0
75.59407684762314	253.0
75.60407738696004	253.0
75.61407792629694	253.0
75.62407846563384	256.0
75.63407900497074	256.0
75.64407954430764	256.0
75.65408008364454	256.0
75.66408062298144	256.0
75.67408116231833	256.0
75.68408170165523	253.0
75.69408224099213	253.0
75.70408278032903	253.0
75.71408331966593	250.0
75.72408385900283	250.0
75.73408439833973	250.0
75.74408493767663	250.0
75.75408547701353	250.0
75.76408601635043	253.0
75.77408655568733	253.0
75.78408709502423	256.0
75.79408763436113	259.0
75.80408817369803	259.0
75.81408871303493	262.0
75.82408925237183	262.0
75.83408979170873	262.0
75.84409033104563	262.0
75.85409087038252	259.0
75.86409140971942	256.0
75.87409194905632	256.0
75.88409248839322	253.0
75.89409302773012	253.0
75.90409356706702	253.0
75.91409410640392	253.0
75.92409464574082	253.0
75.93409518507772	253.0
75.94409572441462	253.0
75.95409626375152	253.0
75.96409680308842	253.0
75.97409734242532	253.0
75.98409788176222	250.0
75.99409842109912	250.0
76.00409896043602	248.0
76.01409949977293	248.0
76.02410003910983	245.0
76.03410057844671	245.0
76.04410111778361	248.0
76.05410165712051	248.0
76.06410219645741	253.0
76.07410273579431	259.0
76.08410327513121	262.0
76.09410381446811	268.0
76.10410435380501	275.0
76.11410489314191	284.0
76.12410543247881	288.0
76.13410597181571	291.0
76.14410651115261	291.0
76.15410705048951	288.0
76.16410758982641	284.0
76.17410812916332	278.0
76.18410866850022	265.0
76.19410920783712	256.0
76.20410974717402	250.0
76.21411028651092	245.0
76.2241108258478	236.0
76.2341113651847	228.0
76.2441119045216	226.0
76.2541124438585	223.0
76.2641129831954	220.0
76.2741135225323	223.0
76.2841140618692	223.0
76.2941146012061	228.0
76.304115140543	231.0
76.3141156798799	236.0
76.3241162192168	242.0
76.3341167585537	248.0
76.3441172978906	250.0
76.3541178372275	253.0
76.3641183765644	256.0
76.3741189159013	253.0
76.3841194552382	253.0
76.3941199945751	253.0
76.40412053391199	253.0
76.4141210732489	250.0
76.4241216125858	250.0
76.4341221519227	253.0
76.4441226912596	253.0
76.4541232305965	253.0
76.4641237699334	253.0
76.4741243092703	253.0
76.4841248486072	253.0
76.4941253879441	253.0
76.504125927281	253.0
76.5141264666179	253.0
76.5241270059548	253.0
76.5341275452917	253.0
76.5441280846286	253.0
76.5541286239655	253.0
76.5641291633024	253.0
76.5741297026393	250.0
76.58413024197618	250.0
76.59413078131308	250.0
76.60413132064998	253.0
76.61413185998688	253.0
76.62413239932378	256.0
76.63413293866068	256.0
76.64413347799758	256.0
76.65413401733448	253.0
76.66413455667139	248.0
76.67413509600829	239.0
76.68413563534519	234.0
76.69413617468209	228.0
76.70413671401899	226.0
76.71413725335589	0.0
76.72413779269279	0.0
76.73413833202969	0.0
76.74413887136659	0.0
76.75413941070349	0.0
76.76413995004037	0.0
76.77414048937727	0.0
76.78414102871417	0.0
76.79414156805107	0.0
76.80414210738797	0.0
76.81414264672487	0.0
76.82414318606178	0.0
76.83414372539868	0.0
76.84414426473558	305.0
76.85414480407248	301.0
76.86414534340938	298.0
76.87414588274628	301.0
76.88414642208318	301.0
76.89414696142008	301.0
76.90414750075698	301.0
76.91414804009388	301.0
76.92414857943078	301.0
76.93414911876768	298.0
76.94414965810456	298.0
76.95415019744146	298.0
76.96415073677836	301.0
76.97415127611526	301.0
76.98415181545217	301.0
76.99415235478907	305.0
77.00415289412597	305.0
77.01415343346287	305.0
77.02415397279977	305.0
77.03415451213667	305.0
77.04415505147357	305.0
77.05415559081047	301.0
77.06415613014737	301.0
77.07415666948427	305.0
77.08415720882117	305.0
77.09415774815807	305.0
77.10415828749497	301.0
77.11415882683187	301.0
77.12415936616875	301.0
77.13415990550565	301.0
77.14416044484256	301.0
77.15416098417946	301.0
77.16416152351636	301.0
77.17416206285326	301.0
77.18416260219016	301.0
77.19416314152706	301.0
77.20416368086396	301.0
77.21416422020086	301.0
77.22416475953776	301.0
77.23416529887466	305.0
77.24416583821156	305.0
77.25416637754846	305.0
77.26416691688536	305.0
77.27416745622226	305.0
77.28416799555916	305.0
77.29416853489606	305.0
77.30416907423295	301.0
77.31416961356985	301.0
77.32417015290675	301.0
77.33417069224365	301.0
77.34417123158055	301.0
77.35417177091745	301.0
77.36417231025435	305.0
77.37417284959125	305.0
77.38417338892815	305.0
77.39417392826505	305.0
77.40417446760195	305.0
77.41417500693885	305.0
77.42417554627575	305.0
77.43417608561265	305.0
77.44417662494955	305.0
77.45417716428645	305.0
77.46417770362335	305.0
77.47417824296025	305.0
77.48417878229714	305.0
77.49417932163404	305.0
77.50417986097094	305.0
77.51418040030784	305.0
77.52418093964474	305.0
77.53418147898164	305.0
77.54418201831854	305.0
77.55418255765544	305.0
77.56418309699234	305.0
77.57418363632924	305.0
77.58418417566614	305.0
77.59418471500304	305.0
77.60418525433994	305.0
77.61418579367684	305.0
77.62418633301374	305.0
77.63418687235064	305.0
77.64418741168754	301.0
77.65418795102444	301.0
77.66418849036134	301.0
77.67418902969823	301.0
77.68418956903513	301.0
77.69419010837203	301.0
77.70419064770893	301.0
77.71419118704583	301.0
77.72419172638273	305.0
77.73419226571963	305.0
77.74419280505653	305.0
77.75419334439343	305.0
77.76419388373033	305.0
77.77419442306723	305.0
77.78419496240413	305.0
77.79419550174103	305.0
77.80419604107793	305.0
77.81419658041483	305.0
77.82419711975173	305.0
77.83419765908863	305.0
77.84419819842553	305.0
77.85419873776242	305.0
77.86419927709932	305.0
77.87419981643622	305.0
77.88420035577312	305.0
77.89420089511002	305.0
77.90420143444692	305.0
77.91420197378382	305.0
77.92420251312072	305.0
77.93420305245762	305.0
77.94420359179452	305.0
77.95420413113142	305.0
77.96420467046832	305.0
77.97420520980522	305.0
77.98420574914212	305.0
77.99420628847902	305.0
78.00420682781592	305.0
78.01420736715282	305.0
78.02420790648972	305.0
78.03420844582661	305.0
78.04420898516351	305.0
78.05420952450041	305.0
78.06421006383731	305.0
78.07421060317421	301.0
78.08421114251111	305.0
78.09421168184801	305.0
78.10421222118491	305.0
78.11421276052181	305.0
78.12421329985871	305.0
78.13421383919561	305.0
78.14421437853251	305.0
78.15421491786941	305.0
78.16421545720631	305.0
78.17421599654321	301.0
78.18421653588011	301.0
78.19421707521701	301.0
78.20421761455391	301.0
78.2142181538908	301.0
78.2242186932277	298.0
78.2342192325646	298.0
78.2442197719015	294.0
78.2542203112384	291.0
78.2642208505753	291.0
78.2742213899122	298.0
78.2842219292491	301.0
78.294222468586	308.0
78.3042230079229	308.0
78.3142235472598	308.0
78.3242240865967	312.0
78.3342246259336	312.0
78.3442251652705	308.0
78.3542257046074	308.0
78.3642262439443	308.0
78.3742267832812	308.0
78.3842273226181	305.0
78.39422786195499	305.0
78.40422840129189	305.0
78.41422894062879	301.0
78.42422947996569	301.0
78.43423001930259	301.0
78.44423055863949	301.0
78.45423109797639	301.0
78.46423163731329	301.0
78.47423217665019	301.0
78.48423271598709	301.0
78.49423325532399	301.0
78.50423379466089	301.0
78.51423433399779	301.0
78.52423487333469	298.0
78.53423541267159	298.0
78.54423595200849	294.0
78.55423649134539	294.0
78.56423703068229	288.0
78.57423757001918	284.0
78.58423810935608	275.0
78.59423864869298	262.0
78.60423918802988	253.0
78.61423972736678	245.0
78.62424026670368	239.0
78.63424080604058	236.0
78.64424134537748	236.0
78.65424188471438	239.0
78.66424242405128	245.0
78.67424296338818	253.0
78.68424350272508	262.0
78.69424404206198	275.0
78.70424458139888	284.0
78.71424512073578	291.0
78.72424566007268	298.0
78.73424619940958	301.0
78.74424673874648	305.0
78.75424727808337	308.0
78.76424781742027	312.0
78.77424835675717	312.0
78.78424889609407	308.0
78.79424943543097	305.0
78.80424997476787	298.0
78.81425051410477	294.0
78.82425105344167	291.0
78.83425159277857	291.0
78.84425213211547	284.0
78.85425267145237	278.0
78.86425321078927	268.0
78.87425375012617	265.0
78.88425428946307	262.0
78.89425482879997	256.0
78.90425536813687	253.0
78.91425590747377	253.0
78.92425644681067	250.0
78.93425698614756	253.0
78.94425752548446	256.0
78.95425806482136	262.0
78.96425860415826	268.0
78.97425914349516	275.0
78.98425968283206	284.0
78.99426022216896	291.0
79.00426076150586	294.0
79.01426130084276	298.0
79.02426184017966	301.0
79.03426237951656	305.0
79.04426291885346	308.0
79.05426345819036	312.0
79.06426399752726	312.0
79.07426453686416	312.0
79.08426507620106	312.0
79.09426561553796	308.0
79.10426615487486	308.0
79.11426669421176	308.0
79.12426723354865	312.0
79.13426777288555	312.0
79.14426831222245	312.0
79.15426885155935	312.0
79.16426939089625	312.0
79.17426993023315	312.0
79.18427046957005	308.0
79.19427100890695	308.0
79.20427154824385	308.0
79.21427208758075	308.0
79.22427262691765	308.0
79.23427316625455	312.0
79.24427370559145	312.0
79.25427424492835	316.0
79.26427478426525	316.0
79.27427532360215	319.0
79.28427586293905	323.0
79.29427640227595	323.0
79.30427694161284	323.0
79.31427748094974	319.0
79.32427802028664	308.0
79.33427855962354	298.0
79.34427909896044	291.0
79.35427963829734	284.0
79.36428017763424	275.0
79.37428071697114	259.0
79.38428125630804	248.0
79.39428179564494	242.0
79.40428233498184	245.0
79.41428287431874	248.0
79.42428341365564	253.0
79.43428395299254	262.0
79.44428449232944	272.0
79.45428503166634	281.0
79.46428557100324	288.0
79.47428611034015	291.0
79.48428664967703	294.0
79.49428718901393	294.0
79.50428772835083	298.0
79.51428826768773	298.0
79.52428880702463	301.0
79.53428934636153	301.0
79.54428988569843	305.0
79.55429042503533	305.0
79.56429096437223	305.0
79.57429150370913	305.0
79.58429204304603	308.0
79.59429258238293	308.0
79.60429312171983	308.0
79.61429366105673	308.0
79.62429420039363	305.0
79.63429473973054	305.0
79.64429527906744	301.0
79.65429581840434	301.0
79.66429635774122	301.0
79.67429689707812	301.0
79.68429743641502	305.0
79.69429797575192	312.0
79.70429851508882	319.0
79.71429905442572	327.0
79.72429959376262	334.0
79.73430013309952	342.0
79.74430067243642	346.0
79.75430121177332	346.0
79.76430175111022	346.0
79.77430229044712	342.0
79.78430282978402	342.0
79.79430336912093	338.0
79.80430390845783	338.0
79.81430444779473	338.0
79.82430498713163	334.0
79.83430552646853	334.0
79.84430606580541	338.0
79.85430660514231	338.0
79.86430714447921	338.0
79.87430768381611	342.0
79.88430822315301	342.0
79.89430876248991	342.0
79.90430930182681	342.0
79.91430984116371	342.0
79.92431038050061	342.0
79.93431091983751	342.0
79.94431145917441	342.0
79.95431199851132	342.0
79.96431253784822	342.0
79.97431307718512	342.0
79.98431361652202	338.0
79.99431415585892	334.0
80.00431469519582	331.0
80.01431523453272	319.0
80.0243157738696	308.0
80.0343163132065	294.0
80.0443168525434	281.0
80.0543173918803	275.0
80.0643179312172	272.0
80.0743184705541	275.0
80.084319009891	281.0
80.0943195492279	288.0
80.1043200885648	294.0
80.1143206279017	301.0
80.1243211672386	312.0
80.1343217065755	319.0
80.1443222459124	327.0
80.1543227852493	334.0
80.1643233245862	338.0
80.1743238639231	338.0
80.18432440326	342.0
80.19432494259691	342.0
80.2043254819338	342.0
80.2143260212707	342.0
80.2243265606076	342.0
80.2343270999445	342.0
80.2443276392814	342.0
80.2543281786183	342.0
80.2643287179552	342.0
80.2743292572921	342.0
80.284329796629	338.0
80.2943303359659	331.0
80.3043308753028	312.0
80.3143314146397	294.0
80.3243319539766	284.0
80.3343324933135	272.0
80.3443330326504	262.0
80.3543335719873	256.0
80.3643341113242	0.0
80.3743346506611	0.0
80.38433518999798	0.0
80.39433572933488	0.0
80.40433626867178	0.0
80.41433680800868	305.0
80.42433734734558	305.0
80.43433788668248	301.0
80.44433842601939	301.0
80.45433896535629	301.0
80.46433950469319	301.0
80.47434004403009	305.0
80.48434058336699	305.0
80.49434112270389	305.0
80.50434166204079	305.0
80.51434220137769	305.0
80.52434274071459	305.0
80.53434328005149	305.0
80.54434381938839	305.0
80.55434435872529	305.0
80.56434489806219	301.0
80.57434543739907	301.0
80.58434597673597	301.0
80.59434651607287	301.0
80.60434705540978	301.0
80.61434759474668	301.0
80.62434813408358	301.0
80.63434867342048	301.0
80.64434921275738	294.0
80.65434975209428	298.0
80.66435029143118	0.0
80.67435083076808	0.0
80.68435137010498	0.0
80.69435190944188	0.0
80.70435244877878	0.0
80.71435298811568	0.0
80.72435352745258	0.0
80.73435406678948	0.0
80.74435460612638	0.0
80.75435514546326	0.0
80.76435568480017	0.0
80.77435622413707	0.0
80.78435676347397	0.0
80.79435730281087	0.0
80.80435784214777	0.0
80.81435838148467	0.0
80.82435892082157	0.0
80.83435946015847	0.0
80.84435999949537	0.0
80.85436053883227	0.0
80.86436107816917	0.0
80.87436161750607	0.0
80.88436215684297	0.0
80.89436269617987	0.0
80.90436323551677	0.0
80.91436377485367	0.0
80.92436431419057	0.0
80.93436485352746	0.0
80.94436539286436	0.0
80.95436593220126	0.0
80.96436647153816	0.0
80.97436701087506	0.0
80.98436755021196	0.0
80.99436808954886	0.0
81.00436862888576	0.0
81.01436916822266	0.0
81.02436970755956	0.0
81.03437024689646	0.0
81.04437078623336	0.0
81.05437132557026	0.0
81.06437186490716	0.0
81.07437240424406	0.0
81.08437294358096	0.0
81.09437348291786	0.0
81.10437402225476	0.0
81.11437456159165	0.0
81.12437510092855	0.0
81.13437564026545	0.0
81.14437617960235	0.0
81.15437671893925	0.0
81.16437725827615	354.0
81.17437779761305	358.0
81.18437833694995	367.0
81.19437887628685	371.0
81.20437941562375	371.0
81.21437995496065	367.0
81.22438049429755	358.0
81.23438103363445	354.0
81.24438157297135	350.0
81.25438211230825	342.0
81.26438265164515	338.0
81.27438319098205	338.0
81.28438373031895	338.0
81.29438426965584	334.0
81.30438480899274	334.0
81.31438534832964	338.0
81.32438588766654	338.0
81.33438642700344	338.0
81.34438696634034	342.0
81.35438750567724	346.0
81.36438804501414	350.0
81.37438858435104	354.0
81.38438912368794	358.0
81.39438966302484	363.0
81.40439020236174	363.0
81.41439074169864	363.0
81.42439128103554	363.0
81.43439182037244	358.0
81.44439235970934	354.0
81.45439289904624	350.0
81.46439343838314	346.0
81.47439397772003	338.0
81.48439451705693	331.0
81.49439505639383	327.0
81.50439559573073	327.0
81.51439613506763	327.0
81.52439667440453	327.0
81.53439721374143	331.0
81.54439775307833	338.0
81.55439829241523	342.0
81.56439883175213	346.0
81.57439937108903	354.0
81.58439991042593	363.0
81.59440044976283	371.0
81.60440098909973	384.0
81.61440152843663	393.0
81.62440206777353	398.0
81.63440260711043	402.0
81.64440314644733	402.0
81.65440368578422	407.0
81.66440422512112	407.0
81.67440476445802	407.0
81.68440530379492	407.0
81.69440584313182	407.0
81.70440638246872	407.0
81.71440692180562	407.0
81.72440746114252	412.0
81.73440800047942	412.0
81.74440853981632	407.0
81.75440907915322	407.0
81.76440961849012	407.0
81.77441015782702	407.0
81.78441069716392	407.0
81.79441123650082	407.0
81.80441177583772	407.0
81.81441231517462	407.0
81.82441285451152	407.0
81.83441339384841	407.0
81.84441393318531	407.0
81.85441447252221	407.0
81.86441501185911	407.0
81.87441555119601	407.0
81.88441609053291	407.0
81.89441662986981	402.0
81.90441716920671	402.0
81.91441770854361	402.0
81.92441824788051	402.0
81.93441878721741	402.0
81.94441932655431	402.0
81.95441986589121	402.0
81.96442040522811	402.0
81.97442094456501	402.0
81.98442148390191	402.0
81.99442202323881	402.0
82.00442256257571	407.0
82.01442310191261	407.0
82.0244236412495	407.0
82.0344241805864	407.0
82.0444247199233	407.0
82.0544252592602	402.0
82.0644257985971	402.0
82.074426337934	402.0
82.0844268772709	402.0
82.0944274166078	402.0
82.1044279559447	398.0
82.1144284952816	393.0
82.1244290346185	393.0
82.1344295739554	384.0
82.1444301132923	380.0
82.1544306526292	371.0
82.1644311919661	358.0
82.174431731303	350.0
82.1844322706399	342.0
82.1944328099768	334.0
82.20443334931369	327.0
82.21443388865059	327.0
82.22443442798749	331.0
82.23443496732439	338.0
82.24443550666129	346.0
82.25443604599819	363.0
82.26443658533509	375.0
82.27443712467199	393.0
82.28443766400889	407.0
82.29443820334579	417.0
82.30443874268269	426.0
82.31443928201959	431.0
82.32443982135649	431.0
82.33444036069339	426.0
82.34444090003029	417.0
82.35444143936719	407.0
82.3644419787041	398.0
82.374442518041	389.0
82.38444305737788	375.0
82.39444359671478	367.0
82.40444413605168	358.0
82.41444467538858	354.0
82.42444521472548	350.0
82.43444575406238	346.0
82.44444629339928	346.0
82.45444683273618	346.0
82.46444737207308	346.0
82.47444791140998	342.0
82.48444845074688	342.0
82.49444899008378	342.0
82.50444952942068	342.0
82.51445006875758	342.0
82.52445060809448	342.0
82.53445114743138	346.0
82.54445168676828	350.0
82.55445222610518	358.0
82.56445276544207	367.0
82.57445330477897	371.0
82.58445384411587	375.0
82.59445438345277	375.0
82.60445492278967	375.0
82.61445546212657	367.0
82.62445600146347	358.0
82.63445654080037	346.0
82.64445708013727	331.0
82.65445761947417	316.0
82.66445815881107	308.0
82.67445869814797	301.0
82.68445923748487	301.0
82.69445977682177	305.0
82.70446031615867	305.0
82.71446085549557	308.0
82.72446139483247	308.0
82.73446193416937	312.0
82.74446247350626	308.0
82.75446301284316	308.0
82.76446355218006	308.0
82.77446409151696	305.0
82.78446463085386	305.0
82.79446517019076	305.0
82.80446570952766	305.0
82.81446624886456	305.0
82.82446678820146	305.0
82.83446732753836	301.0
82.84446786687526	301.0
82.85446840621216	301.0
82.86446894554906	301.0
82.87446948488596	305.0
82.88447002422286	305.0
82.89447056355976	305.0
82.90447110289666	305.0
82.91447164223356	301.0
82.92447218157045	301.0
82.93447272090735	301.0
82.94447326024425	301.0
82.95447379958115	301.0
82.96447433891805	301.0
82.97447487825495	301.0
82.98447541759185	301.0
82.99447595692875	301.0
83.00447649626565	301.0
83.01447703560255	305.0
83.02447757493945	305.0
83.03447811427635	305.0
83.04447865361325	305.0
83.05447919295015	305.0
83.06447973228705	305.0
83.07448027162395	305.0
83.08448081096086	305.0
83.09448135029776	301.0
83.10448188963464	301.0
83.11448242897154	298.0
83.12448296830844	298.0
83.13448350764534	294.0
83.14448404698224	288.0
83.15448458631914	272.0
83.16448512565604	259.0
83.17448566499294	250.0
83.18448620432984	239.0
83.19448674366674	236.0
83.20448728300364	236.0
83.21448782234054	236.0
83.22448836167744	239.0
83.23448890101434	245.0
83.24448944035124	248.0
83.25448997968815	253.0
83.26449051902505	256.0
83.27449105836195	262.0
83.28449159769883	268.0
83.29449213703573	281.0
83.30449267637263	301.0
83.31449321570953	312.0
83.32449375504643	312.0
83.33449429438333	312.0
83.34449483372023	312.0
83.35449537305713	308.0
83.36449591239403	305.0
83.37449645173093	301.0
83.38449699106783	294.0
83.39449753040473	291.0
83.40449806974163	288.0
83.41449860907854	284.0
83.42449914841544	278.0
83.43449968775234	275.0
83.44450022708924	268.0
83.45450076642614	265.0
83.46450130576304	262.0
83.47450184509992	259.0
83.48450238443682	256.0
83.49450292377372	256.0
83.50450346311062	253.0
83.51450400244752	253.0
83.52450454178442	253.0
83.53450508112132	253.0
83.54450562045822	259.0
83.55450615979512	262.0
83.56450669913202	275.0
83.57450723846893	294.0
83.58450777780583	312.0
83.59450831714273	327.0
83.60450885647963	346.0
83.61450939581653	354.0
83.62450993515343	363.0
83.63451047449033	367.0
83.64451101382723	367.0
83.65451155316411	363.0
83.66451209250101	354.0
83.67451263183791	338.0
83.68451317117481	316.0
83.69451371051171	301.0
83.70451424984861	298.0
83.71451478918551	298.0
83.72451532852241	298.0
83.73451586785932	301.0
83.74451640719622	305.0
83.75451694653312	308.0
83.76451748587002	308.0
83.77451802520692	308.0
83.78451856454382	308.0
83.79451910388072	308.0
83.80451964321762	305.0
83.81452018255452	305.0
83.82452072189142	305.0
83.8345212612283	305.0
83.8445218005652	301.0
83.8545223399021	301.0
83.864522879239	301.0
83.8745234185759	301.0
83.8845239579128	301.0
83.8945244972497	301.0
83.9045250365866	301.0
83.9145255759235	301.0
83.9245261152604	301.0
83.9345266545973	298.0
83.9445271939342	298.0
83.9545277332711	298.0
83.964528272608	298.0
83.97452881194491	301.0
83.98452935128181	308.0
83.99452989061871	316.0
84.00453042995561	323.0
84.0145309692925	331.0
84.0245315086294	342.0
84.0345320479663	350.0
84.0445325873032	354.0
84.0545331266401	358.0
84.064533665977	363.0
84.0745342053139	358.0
84.0845347446508	358.0
84.0945352839877	350.0
84.1045358233246	346.0
84.1145363626615	342.0
84.1245369019984	338.0
84.1345374413353	338.0
84.1445379806722	338.0
84.1545385200091	334.0
84.164539059346	334.0
84.1745395986829	334.0
84.1845401380198	334.0
84.19454067735668	334.0
84.20454121669358	334.0
84.21454175603048	334.0
84.22454229536739	334.0
84.23454283470429	334.0
84.24454337404119	334.0
84.25454391337809	334.0
84.26454445271499	334.0
84.27454499205189	338.0
84.28454553138879	338.0
84.29454607072569	342.0
84.30454661006259	346.0
84.31454714939949	354.0
84.32454768873639	358.0
84.33454822807329	367.0
84.34454876741019	367.0
84.35454930674709	371.0
84.36454984608399	371.0
84.37455038542087	371.0
84.38455092475778	371.0
84.39455146409468	367.0
84.40455200343158	367.0
84.41455254276848	363.0
84.42455308210538	354.0
84.43455362144228	350.0
84.44455416077918	346.0
84.45455470011608	342.0
84.46455523945298	338.0
84.47455577878988	331.0
84.48455631812678	327.0
84.49455685746368	316.0
84.50455739680058	308.0
84.51455793613748	298.0
84.52455847547438	291.0
84.53455901481128	281.0
84.54455955414818	272.0
84.55456009348507	265.0
84.56456063282197	259.0
84.57456117215887	256.0
84.58456171149577	253.0
84.59456225083267	250.0
84.60456279016957	248.0
84.61456332950647	245.0
84.62456386884337	245.0
84.63456440818027	242.0
84.64456494751717	242.0
84.65456548685407	245.0
84.66456602619097	245.0
84.67456656552787	248.0
84.68456710486477	253.0
84.69456764420167	259.0
84.70456818353857	268.0
84.71456872287547	281.0
84.72456926221237	291.0
84.73456980154926	298.0
84.74457034088616	298.0
84.75457088022306	298.0
84.76457141955996	298.0
84.77457195889686	294.0
84.78457249823376	291.0
84.79457303757066	284.0
84.80457357690756	278.0
84.81457411624446	272.0
84.82457465558136	265.0
84.83457519491826	262.0
84.84457573425516	259.0
84.85457627359206	259.0
84.86457681292896	259.0
84.87457735226586	256.0
84.88457789160276	256.0
84.89457843093966	256.0
84.90457897027656	256.0
84.91457950961346	256.0
84.92458004895035	256.0
84.93458058828725	256.0
84.94458112762415	256.0
84.95458166696105	259.0
84.96458220629795	262.0
84.97458274563485	268.0
84.98458328497175	281.0
84.99458382430865	298.0
85.00458436364555	312.0
85.01458490298245	323.0
85.02458544231935	338.0
85.03458598165625	358.0
85.04458652099315	367.0
85.05458706033005	384.0
85.06458759966695	389.0
85.07458813900385	384.0
85.08458867834075	371.0
85.09458921767765	354.0
85.10458975701454	334.0
85.11459029635144	312.0
85.12459083568834	301.0
85.13459137502524	298.0
85.14459191436214	298.0
85.15459245369904	294.0
85.16459299303594	298.0
85.17459353237284	298.0
85.18459407170974	301.0
85.19459461104664	301.0
85.20459515038354	301.0
85.21459568972044	301.0
85.22459622905734	301.0
85.23459676839424	301.0
85.24459730773114	301.0
85.25459784706804	301.0
85.26459838640494	301.0
85.27459892574184	301.0
85.28459946507873	301.0
85.29460000441563	305.0
85.30460054375253	305.0
85.31460108308943	305.0
85.32460162242633	305.0
85.33460216176323	301.0
85.34460270110013	298.0
85.35460324043703	291.0
85.36460377977393	284.0
85.37460431911083	281.0
85.38460485844773	281.0
85.39460539778463	281.0
85.40460593712153	288.0
85.41460647645843	291.0
85.42460701579533	298.0
85.43460755513223	301.0
85.44460809446913	301.0
85.45460863380603	305.0
85.46460917314292	305.0
85.47460971247982	308.0
85.48461025181672	308.0
85.49461079115362	308.0
85.50461133049052	308.0
85.51461186982742	308.0
85.52461240916432	305.0
85.53461294850122	301.0
85.54461348783812	298.0
85.55461402717502	291.0
85.56461456651192	288.0
85.57461510584882	284.0
85.58461564518572	278.0
85.59461618452262	268.0
85.60461672385952	262.0
85.61461726319642	259.0
85.62461780253332	256.0
85.63461834187022	253.0
85.64461888120711	253.0
85.65461942054401	250.0
85.66461995988091	250.0
85.67462049921781	250.0
85.68462103855471	250.0
85.69462157789161	250.0
85.70462211722851	250.0
85.71462265656541	250.0
85.72462319590231	253.0
85.73462373523921	253.0
85.74462427457611	256.0
85.75462481391301	259.0
85.76462535324991	259.0
85.77462589258681	265.0
85.78462643192371	272.0
85.79462697126061	278.0
85.80462751059751	281.0
85.81462804993441	278.0
85.8246285892713	278.0
85.8346291286082	275.0
85.8446296679451	268.0
85.854630207282	265.0
85.8646307466189	262.0
85.8746312859558	256.0
85.8846318252927	250.0
85.8946323646296	242.0
85.9046329039665	239.0
85.9146334433034	234.0
85.9246339826403	231.0
85.9346345219772	231.0
85.9446350613141	228.0
85.954635600651	228.0
85.9646361399879	228.0
85.9746366793248	228.0
85.9846372186617	228.0
85.9946377579986	226.0
86.00463829733549	226.0
86.01463883667239	220.0
86.02463937600929	215.0
86.03463991534619	213.0
86.04464045468309	213.0
86.05464099401999	218.0
86.06464153335689	226.0
86.07464207269379	234.0
86.08464261203069	239.0
86.09464315136759	242.0
86.10464369070449	248.0
86.11464423004139	253.0
86.12464476937829	256.0
86.13464530871519	256.0
86.1446458480521	259.0
86.154646387389	256.0
86.1646469267259	253.0
86.1746474660628	250.0
86.18464800539968	245.0
86.19464854473658	236.0
86.20464908407348	228.0
86.21464962341038	220.0
86.22465016274728	215.0
86.23465070208418	208.0
86.24465124142108	203.0
86.25465178075798	201.0
86.26465232009488	201.0
86.27465285943178	201.0
86.28465339876868	201.0
86.29465393810558	203.0
86.30465447744248	203.0
86.31465501677938	203.0
86.32465555611628	203.0
86.33465609545318	203.0
86.34465663479008	203.0
86.35465717412698	203.0
86.36465771346388	206.0
86.37465825280077	208.0
86.38465879213767	213.0
86.39465933147457	218.0
86.40465987081147	226.0
86.41466041014837	242.0
86.42466094948527	253.0
86.43466148882217	262.0
86.44466202815907	265.0
86.45466256749597	262.0
86.46466310683287	259.0
86.47466364616977	253.0
86.48466418550667	245.0
86.49466472484357	239.0
86.50466526418047	231.0
86.51466580351737	228.0
86.52466634285427	226.0
86.53466688219117	0.0
86.54466742152808	0.0
86.55466796086496	0.0
86.56466850020186	0.0
86.57466903953876	0.0
86.58466957887566	0.0
86.59467011821256	0.0
86.60467065754946	0.0
86.61467119688636	0.0
86.62467173622326	0.0
86.63467227556016	0.0
86.64467281489706	0.0
86.65467335423396	0.0
86.66467389357086	0.0
86.67467443290776	0.0
86.68467497224466	0.0
86.69467551158156	0.0
86.70467605091847	0.0
86.71467659025537	0.0
86.72467712959227	0.0
86.73467766892915	0.0
86.74467820826605	0.0
86.75467874760295	0.0
86.76467928693985	0.0
86.77467982627675	0.0
86.78468036561365	0.0
86.79468090495055	0.0
86.80468144428745	0.0
86.81468198362435	0.0
86.82468252296125	0.0
86.83468306229815	250.0
86.84468360163505	248.0
86.85468414097195	250.0
86.86468468030886	250.0
86.87468521964576	253.0
86.88468575898266	253.0
86.89468629831956	253.0
86.90468683765646	256.0
86.91468737699334	256.0
86.92468791633024	256.0
86.93468845566714	256.0
86.94468899500404	256.0
86.95468953434094	256.0
86.96469007367784	256.0
86.97469061301474	253.0
86.98469115235164	253.0
86.99469169168854	253.0
87.00469223102544	253.0
87.01469277036234	253.0
87.02469330969924	253.0
87.03469384903615	253.0
87.04469438837305	253.0
87.05469492770995	253.0
87.06469546704685	253.0
87.07469600638375	253.0
87.08469654572065	253.0
87.09469708505753	253.0
87.10469762439443	253.0
87.11469816373133	256.0
87.12469870306823	256.0
87.13469924240513	256.0
87.14469978174203	256.0
87.15470032107893	256.0
87.16470086041583	256.0
87.17470139975273	256.0
87.18470193908963	253.0
87.19470247842654	250.0
87.20470301776344	245.0
87.21470355710034	234.0
87.22470409643724	223.0
87.23470463577414	215.0
87.24470517511104	210.0
87.25470571444794	210.0
87.26470625378484	213.0
87.27470679312172	218.0
87.28470733245862	223.0
87.29470787179552	228.0
87.30470841113242	234.0
87.31470895046932	242.0
87.32470948980622	248.0
87.33471002914312	250.0
87.34471056848002	253.0
87.35471110781693	256.0
87.36471164715383	256.0
87.37471218649073	256.0
87.38471272582763	256.0
87.39471326516453	256.0
87.40471380450143	256.0
87.41471434383833	253.0
87.42471488317523	253.0
87.43471542251213	253.0
87.44471596184903	253.0
87.45471650118591	253.0
87.46471704052281	253.0
87.47471757985971	253.0
87.48471811919661	253.0
87.49471865853351	250.0
87.50471919787041	250.0
87.51471973720732	245.0
87.52472027654422	242.0
87.53472081588112	239.0
87.54472135521802	239.0
87.55472189455492	242.0
87.56472243389182	248.0
87.57472297322872	259.0
87.58472351256562	268.0
87.59472405190252	284.0
87.60472459123942	298.0
87.61472513057632	305.0
87.62472566991322	308.0
87.6347262092501	312.0
87.644726748587	316.0
87.6547272879239	316.0
87.6647278272608	316.0
87.6747283665977	312.0
87.6847289059346	308.0
87.6947294452715	308.0
87.7047299846084	305.0
87.7147305239453	305.0
87.7247310632822	305.0
87.7347316026191	301.0
87.744732141956	301.0
87.75473268129291	301.0
87.76473322062981	301.0
87.77473375996671	305.0
87.78473429930361	305.0
87.79473483864051	305.0
87.80473537797741	305.0
87.81473591731431	305.0
87.8247364566512	308.0
87.8347369959881	308.0
87.844737535325	312.0
87.8547380746619	312.0
87.8647386139988	312.0
87.8747391533357	312.0
87.8847396926726	308.0
87.8947402320095	305.0
87.9047407713464	298.0
87.9147413106833	288.0
87.9247418500202	275.0
87.9347423893571	262.0
87.944742928694	245.0
87.9547434680309	236.0
87.9647440073678	231.0
87.9747445467047	231.0
87.9847450860416	234.0
87.9947456253785	242.0
88.00474616471539	250.0
88.01474670405229	259.0
88.02474724338919	272.0
88.03474778272609	284.0
88.04474832206299	298.0
88.05474886139989	305.0
88.06474940073679	308.0
88.07474994007369	312.0
88.08475047941059	316.0
88.09475101874749	316.0
88.10475155808439	312.0
88.11475209742129	312.0
88.12475263675819	308.0
88.13475317609509	308.0
88.14475371543199	308.0
88.15475425476889	305.0
88.16475479410579	305.0
88.17475533344269	305.0
88.18475587277958	301.0
88.19475641211648	301.0
88.20475695145338	301.0
88.21475749079028	305.0
88.22475803012718	312.0
88.23475856946408	319.0
88.24475910880098	327.0
88.25475964813788	334.0
88.26476018747478	346.0
88.27476072681168	354.0
88.28476126614858	363.0
88.29476180548548	367.0
88.30476234482238	371.0
88.31476288415928	371.0
88.32476342349618	367.0
88.33476396283308	363.0
88.34476450216998	354.0
88.35476504150688	350.0
88.36476558084377	346.0
88.37476612018067	346.0
88.38476665951757	342.0
88.39476719885447	342.0
88.40476773819137	342.0
88.41476827752827	342.0
88.42476881686517	338.0
88.43476935620207	338.0
88.44476989553897	338.0
88.45477043487587	338.0
88.46477097421277	338.0
88.47477151354967	338.0
88.48477205288657	338.0
88.49477259222347	338.0
88.50477313156037	338.0
88.51477367089727	346.0
88.52477421023417	350.0
88.53477474957107	354.0
88.54477528890796	363.0
88.55477582824486	371.0
88.56477636758176	375.0
88.57477690691866	375.0
88.58477744625556	375.0
88.59477798559246	375.0
88.60477852492936	371.0
88.61477906426626	363.0
88.62477960360316	358.0
88.63478014294006	350.0
88.64478068227696	342.0
88.65478122161386	334.0
88.66478176095076	323.0
88.67478230028766	312.0
88.68478283962456	305.0
88.69478337896146	301.0
88.70478391829836	301.0
88.71478445763526	298.0
88.72478499697215	298.0
88.73478553630905	298.0
88.74478607564595	301.0
88.75478661498285	301.0
88.76478715431975	301.0
88.77478769365665	305.0
88.78478823299355	305.0
88.79478877233045	308.0
88.80478931166735	308.0
88.81478985100425	308.0
88.82479039034115	308.0
88.83479092967805	308.0
88.84479146901495	308.0
88.85479200835185	308.0
88.86479254768875	308.0
88.87479308702565	308.0
88.88479362636255	305.0
88.89479416569945	298.0
88.90479470503634	288.0
88.91479524437324	284.0
88.92479578371014	288.0
88.93479632304704	291.0
88.94479686238394	298.0
88.95479740172084	312.0
88.96479794105774	327.0
88.97479848039464	342.0
88.98479901973154	354.0
88.99479955906844	371.0
89.00480009840534	380.0
89.01480063774224	384.0
89.02480117707914	380.0
89.03480171641604	371.0
89.04480225575294	363.0
89.05480279508984	358.0
89.06480333442674	354.0
89.07480387376364	346.0
89.08480441310053	342.0
89.09480495243743	338.0
89.10480549177433	334.0
89.11480603111123	334.0
89.12480657044813	334.0
89.13480710978503	338.0
89.14480764912193	346.0
89.15480818845883	350.0
89.16480872779573	358.0
89.17480926713263	367.0
89.18480980646953	375.0
89.19481034580643	384.0
89.20481088514333	384.0
89.21481142448023	384.0
89.22481196381713	380.0
89.23481250315403	375.0
89.24481304249093	371.0
89.25481358182783	363.0
89.26481412116473	358.0
89.27481466050162	354.0
89.28481519983852	350.0
89.29481573917542	346.0
89.30481627851232	338.0
89.31481681784922	334.0
89.32481735718612	334.0
89.33481789652302	334.0
89.34481843585992	338.0
89.35481897519682	346.0
89.36481951453372	350.0
89.37482005387062	363.0
89.38482059320752	371.0
89.39482113254442	384.0
89.40482167188132	393.0
89.41482221121822	398.0
89.42482275055512	402.0
89.43482328989202	402.0
89.44482382922892	407.0
89.45482436856581	407.0
89.46482490790271	407.0
89.47482544723961	402.0
89.48482598657651	402.0
89.49482652591341	402.0
89.50482706525031	402.0
89.51482760458721	402.0
89.52482814392411	402.0
89.53482868326101	402.0
89.54482922259791	407.0
89.55482976193481	407.0
89.56483030127171	407.0
89.57483084060861	407.0
89.58483137994551	407.0
89.59483191928241	407.0
89.60483245861931	407.0
89.61483299795621	407.0
89.62483353729311	407.0
89.63483407663	407.0
89.6448346159669	407.0
89.6548351553038	407.0
89.6648356946407	407.0
89.6748362339776	407.0
89.6848367733145	407.0
89.6948373126514	407.0
89.7048378519883	407.0
89.7148383913252	407.0
89.7248389306621	402.0
89.734839469999	402.0
89.7448400093359	402.0
89.7548405486728	407.0
89.7648410880097	407.0
89.7748416273466	407.0
89.7848421666835	407.0
89.7948427060204	407.0
89.8048432453573	407.0
89.81484378469419	407.0
89.82484432403109	407.0
89.83484486336799	407.0
89.84484540270489	402.0
89.85484594204179	398.0
89.86484648137869	393.0
89.87484702071559	389.0
89.88484756005249	384.0
89.89484809938939	375.0
89.90484863872629	367.0
89.91484917806319	358.0
89.9248497174001	354.0
89.934850256737	350.0
89.9448507960739	346.0
89.9548513354108	346.0
89.9648518747477	346.0
89.9748524140846	346.0
89.9848529534215	338.0
89.99485349275838	316.0
90.00485403209528	298.0
90.01485457143218	294.0
90.02485511076908	291.0
90.03485565010598	294.0
90.04485618944288	298.0
90.05485672877978	301.0
90.06485726811668	305.0
90.07485780745358	0.0
90.08485834679048	407.0
90.09485888612738	402.0
90.10485942546428	407.0
90.11485996480118	407.0
90.12486050413808	407.0
90.13486104347498	407.0
90.14486158281188	407.0
90.15486212214878	407.0
90.16486266148569	407.0
90.17486320082257	407.0
90.18486374015947	407.0
90.19486427949637	407.0
90.20486481883327	407.0
90.21486535817017	407.0
90.22486589750707	412.0
90.23486643684397	412.0
90.24486697618087	412.0
90.25486751551777	412.0
90.26486805485467	412.0
90.27486859419157	412.0
90.28486913352847	412.0
90.29486967286537	412.0
90.30487021220227	412.0
90.31487075153917	412.0
90.32487129087608	407.0
90.33487183021298	407.0
90.34487236954988	402.0
90.35487290888676	402.0
90.36487344822366	398.0
90.37487398756056	398.0
90.38487452689746	412.0
90.39487506623436	421.0
90.40487560557126	436.0
90.41487614490816	457.0
90.42487668424506	473.0
90.43487722358196	479.0
90.44487776291886	479.0
90.45487830225576	479.0
90.46487884159266	473.0
90.47487938092956	468.0
90.48487992026647	452.0
90.49488045960337	441.0
90.50488099894027	436.0
90.51488153827717	431.0
90.52488207761407	431.0
90.53488261695095	431.0
90.54488315628785	436.0
90.55488369562475	441.0
90.56488423496165	441.0
90.57488477429855	447.0
90.58488531363545	447.0
90.59488585297235	447.0
90.60488639230925	452.0
90.61488693164615	452.0
90.62488747098305	457.0
90.63488801031995	462.0
90.64488854965686	468.0
90.65488908899376	473.0
90.66488962833066	484.0
90.67489016766756	496.0
90.68489070700446	496.0
90.69489124634136	496.0
90.70489178567826	496.0
90.71489232501516	490.0
90.72489286435204	473.0
90.73489340368894	462.0
90.74489394302584	452.0
90.75489448236274	441.0
90.76489502169964	431.0
90.77489556103654	431.0
90.78489610037344	426.0
90.79489663971034	426.0
90.80489717904725	426.0
90.81489771838415	421.0
90.82489825772105	412.0
90.83489879705795	398.0
90.84489933639485	384.0
90.85489987573175	358.0
90.86490041506865	350.0
90.87490095440555	346.0
90.88490149374245	363.0
90.89490203307935	363.0
90.90490257241623	367.0
90.91490311175313	0.0
90.92490365109003	0.0
90.93490419042693	0.0
90.94490472976383	0.0
90.95490526910073	0.0
90.96490580843763	0.0
90.97490634777454	0.0
90.98490688711144	0.0
90.99490742644834	0.0
91.00490796578524	0.0
91.01490850512214	0.0
91.02490904445904	0.0
91.03490958379594	0.0
91.04491012313284	0.0
91.05491066246974	0.0
91.06491120180664	0.0
91.07491174114354	0.0
91.08491228048042	0.0
91.09491281981732	0.0
91.10491335915422	0.0
91.11491389849112	0.0
91.12491443782802	0.0
91.13491497716493	0.0
91.14491551650183	0.0
91.15491605583873	0.0
91.16491659517563	350.0
91.17491713451253	350.0
91.18491767384943	350.0
91.19491821318633	350.0
91.20491875252323	354.0
91.21491929186013	358.0
91.22491983119703	363.0
91.23492037053393	367.0
91.24492090987083	367.0
91.25492144920773	367.0
91.26492198854461	371.0
91.27492252788151	371.0
91.28492306721841	380.0
91.29492360655532	384.0
91.30492414589222	389.0
91.31492468522912	393.0
91.32492522456602	398.0
91.33492576390292	407.0
91.34492630323982	421.0
91.35492684257672	441.0
91.36492738191362	452.0
91.37492792125052	462.0
91.38492846058742	468.0
91.39492899992432	484.0
91.40492953926122	501.0
91.41493007859812	507.0
91.42493061793502	513.0
91.43493115727192	513.0
91.4449316966088	519.0
91.4549322359457	519.0
91.4649327752826	519.0
91.4749333146195	519.0
91.4849338539564	519.0
91.4949343932933	519.0
91.5049349326302	513.0
91.5149354719671	513.0
91.524936011304	513.0
91.53493655064091	513.0
91.54493708997781	513.0
91.55493762931471	513.0
91.56493816865161	513.0
91.57493870798851	507.0
91.58493924732541	507.0
91.59493978666231	507.0
91.60494032599921	507.0
91.61494086533611	513.0
91.624941404673	513.0
91.6349419440099	519.0
91.6449424833468	525.0
91.6549430226837	531.0
91.6649435620206	531.0
91.6749441013575	531.0
91.6849446406944	531.0
91.6949451800313	531.0
91.7049457193682	525.0
91.7149462587051	519.0
91.724946798042	507.0
91.7349473373789	496.0
91.7449478767158	473.0
91.7549484160527	457.0
91.7649489553896	447.0
91.7749494947265	441.0
91.7849500340634	436.0
91.7949505734003	436.0
91.80495111273719	441.0
91.81495165207409	452.0
91.82495219141099	462.0
91.83495273074789	484.0
91.84495327008479	507.0
91.85495380942169	525.0
91.86495434875859	537.0
91.87495488809549	556.0
91.88495542743239	569.0
91.89495596676929	583.0
91.90495650610619	583.0
91.91495704544309	569.0
91.92495758477999	556.0
91.93495812411689	544.0
91.94495866345379	519.0
91.95495920279069	501.0
91.96495974212759	484.0
91.97496028146449	468.0
91.98496082080138	457.0
91.99496136013828	452.0
92.00496189947518	447.0
92.01496243881208	447.0
92.02496297814898	447.0
92.03496351748588	447.0
92.04496405682278	452.0
92.05496459615968	457.0
92.06496513549658	468.0
92.07496567483348	484.0
92.08496621417038	496.0
92.09496675350728	507.0
92.10496729284418	519.0
92.11496783218108	519.0
92.12496837151798	525.0
92.13496891085488	525.0
92.14496945019178	525.0
92.15496998952868	531.0
92.16497052886558	519.0
92.17497106820247	519.0
92.18497160753937	0.0
92.19497214687627	0.0
92.20497268621317	0.0
92.21497322555007	0.0
92.22497376488697	0.0
92.23497430422387	0.0
92.24497484356077	0.0
92.25497538289767	0.0
92.26497592223457	398.0
92.27497646157147	398.0
92.28497700090837	398.0
92.29497754024527	398.0
92.30497807958217	402.0
92.31497861891907	402.0
92.32497915825597	407.0
92.33497969759287	407.0
92.34498023692977	407.0
92.35498077626666	407.0
92.36498131560356	407.0
92.37498185494046	407.0
92.38498239427736	407.0
92.39498293361426	407.0
92.40498347295116	407.0
92.41498401228806	407.0
92.42498455162496	407.0
92.43498509096186	407.0
92.44498563029876	407.0
92.45498616963566	407.0
92.46498670897256	402.0
92.47498724830946	402.0
92.48498778764636	402.0
92.49498832698326	402.0
92.50498886632016	402.0
92.51498940565706	402.0
92.52498994499396	402.0
92.53499048433085	402.0
92.54499102366775	402.0
92.55499156300465	402.0
92.56499210234155	402.0
92.57499264167845	402.0
92.58499318101535	402.0
92.59499372035225	402.0
92.60499425968915	407.0
92.61499479902605	407.0
92.62499533836295	407.0
92.63499587769985	407.0
92.64499641703675	407.0
92.65499695637365	407.0
92.66499749571055	407.0
92.67499803504745	407.0
92.68499857438435	407.0
92.69499911372125	407.0
92.70499965305815	407.0
92.71500019239504	407.0
92.72500073173194	407.0
92.73500127106884	407.0
92.74500181040574	402.0
92.75500234974264	402.0
92.76500288907954	402.0
92.77500342841644	402.0
92.78500396775334	398.0
92.79500450709024	398.0
92.80500504642714	393.0
92.81500558576404	393.0
92.82500612510094	389.0
92.83500666443784	384.0
92.84500720377474	380.0
92.85500774311164	371.0
92.86500828244854	367.0
92.87500882178544	358.0
92.88500936112234	354.0
92.89500990045923	350.0
92.90501043979613	346.0
92.91501097913303	338.0
92.92501151846993	338.0
92.93501205780683	334.0
92.94501259714373	331.0
92.95501313648063	331.0
92.96501367581753	331.0
92.97501421515443	334.0
92.98501475449133	338.0
92.99501529382823	346.0
93.00501583316513	354.0
93.01501637250203	367.0
93.02501691183893	380.0
93.03501745117583	393.0
93.04501799051273	398.0
93.05501852984963	402.0
93.06501906918653	407.0
93.07501960852342	407.0
93.08502014786032	407.0
93.09502068719722	407.0
93.10502122653412	402.0
93.11502176587102	402.0
93.12502230520792	402.0
93.13502284454482	402.0
93.14502338388172	402.0
93.15502392321862	407.0
93.16502446255552	407.0
93.17502500189242	407.0
93.18502554122932	407.0
93.19502608056622	407.0
93.20502661990312	407.0
93.21502715924002	407.0
93.22502769857692	407.0
93.23502823791382	407.0
93.24502877725072	402.0
93.25502931658761	398.0
93.26502985592451	380.0
93.27503039526141	358.0
93.28503093459831	346.0
93.29503147393521	342.0
93.30503201327211	0.0
93.31503255260901	0.0
93.32503309194591	0.0
93.33503363128281	0.0
93.34503417061971	0.0
93.35503470995661	0.0
93.36503524929351	0.0
93.37503578863041	436.0
93.38503632796731	441.0
93.39503686730421	447.0
93.40503740664111	452.0
93.41503794597801	457.0
93.42503848531491	462.0
93.4350390246518	468.0
93.4450395639887	468.0
93.4550401033256	462.0
93.4650406426625	462.0
93.4750411819994	457.0
93.4850417213363	457.0
93.4950422606732	457.0
93.5050428000101	457.0
93.515043339347	457.0
93.5250438786839	457.0
93.5350444180208	457.0
93.5450449573577	452.0
93.5550454966946	452.0
93.5650460360315	452.0
93.5750465753684	452.0
93.5850471147053	457.0
93.5950476540422	457.0
93.6050481933791	457.0
93.61504873271599	457.0
93.62504927205289	457.0
93.63504981138979	457.0
93.64505035072669	452.0
93.65505089006359	452.0
93.66505142940049	452.0
93.67505196873739	452.0
93.68505250807429	452.0
93.69505304741119	457.0
93.7050535867481	468.0
93.715054126085	473.0
93.7250546654219	484.0
93.7350552047588	496.0
93.7450557440957	507.0
93.7550562834326	507.0
93.7650568227695	501.0
93.7750573621064	490.0
93.7850579014433	462.0
93.7950584407802	426.0
93.80505898011708	398.0
93.81505951945398	380.0
93.82506005879088	371.0
93.83506059812778	358.0
93.84506113746468	358.0
93.85506167680158	363.0
93.86506221613848	371.0
93.87506275547538	384.0
93.88506329481228	389.0
93.89506383414918	398.0
93.90506437348608	402.0
93.91506491282298	402.0
93.92506545215988	407.0
93.93506599149678	407.0
93.94506653083369	407.0
93.95506707017059	407.0
93.96506760950749	407.0
93.97506814884439	402.0
93.98506868818127	402.0
93.99506922751817	402.0
94.00506976685507	402.0
94.01507030619197	402.0
94.02507084552887	402.0
94.03507138486577	402.0
94.04507192420267	402.0
94.05507246353957	402.0
94.06507300287647	407.0
94.07507354221337	407.0
94.08507408155027	407.0
94.09507462088717	407.0
94.10507516022408	407.0
94.11507569956098	407.0
94.12507623889788	407.0
94.13507677823478	407.0
94.14507731757168	407.0
94.15507785690858	407.0
94.16507839624546	407.0
94.17507893558236	407.0
94.18507947491926	402.0
94.19508001425616	402.0
94.20508055359306	402.0
94.21508109292996	402.0
94.22508163226686	402.0
94.23508217160376	402.0
94.24508271094066	402.0
94.25508325027756	402.0
94.26508378961447	402.0
94.27508432895137	402.0
94.28508486828827	402.0
94.29508540762517	402.0
94.30508594696207	402.0
94.31508648629897	402.0
94.32508702563587	402.0
94.33508756497277	402.0
94.34508810430965	407.0
94.35508864364655	407.0
94.36508918298345	407.0
94.37508972232035	407.0
94.38509026165725	412.0
94.39509080099415	412.0
94.40509134033105	412.0
94.41509187966795	412.0
94.42509241900486	412.0
94.43509295834176	407.0
94.44509349767866	407.0
94.45509403701556	402.0
94.46509457635246	402.0
94.47509511568936	398.0
94.48509565502626	393.0
94.49509619436316	384.0
94.50509673370006	375.0
94.51509727303696	367.0
94.52509781237384	358.0
94.53509835171074	354.0
94.54509889104764	350.0
94.55509943038454	346.0
94.56509996972144	346.0
94.57510050905834	342.0
94.58510104839525	342.0
94.59510158773215	342.0
94.60510212706905	342.0
94.61510266640595	342.0
94.62510320574285	338.0
94.63510374507975	338.0
94.64510428441665	334.0
94.65510482375355	331.0
94.66510536309045	331.0
94.67510590242735	331.0
94.68510644176425	334.0
94.69510698110115	338.0
94.70510752043803	342.0
94.71510805977493	350.0
94.72510859911183	354.0
94.73510913844873	363.0
94.74510967778563	367.0
94.75511021712254	375.0
94.76511075645944	375.0
94.77511129579634	375.0
94.78511183513324	371.0
94.79511237447014	371.0
94.80511291380704	367.0
94.81511345314394	358.0
94.82511399248084	354.0
94.83511453181774	346.0
94.84511507115464	338.0
94.85511561049154	331.0
94.86511614982844	323.0
94.87511668916534	319.0
94.88511722850222	316.0
94.89511776783912	308.0
94.90511830717602	308.0
94.91511884651293	305.0
94.92511938584983	305.0
94.93511992518673	305.0
94.94512046452363	305.0
94.95512100386053	305.0
94.96512154319743	308.0
94.97512208253433	305.0
94.98512262187123	305.0
94.99512316120813	305.0
95.00512370054503	301.0
95.01512423988193	301.0
95.02512477921883	301.0
95.03512531855573	298.0
95.04512585789263	301.0
95.05512639722953	305.0
95.06512693656641	312.0
95.07512747590332	323.0
95.08512801524022	338.0
95.09512855457712	350.0
95.10512909391402	367.0
95.11512963325092	380.0
95.12513017258782	393.0
95.13513071192472	402.0
95.14513125126162	407.0
95.15513179059852	407.0
95.16513232993542	412.0
95.17513286927232	412.0
95.18513340860922	407.0
95.19513394794612	407.0
95.20513448728302	402.0
95.21513502661992	398.0
95.22513556595682	398.0
95.23513610529372	393.0
95.24513664463062	389.0
95.2551371839675	384.0
95.2651377233044	375.0
95.2751382626413	363.0
95.2851388019782	354.0
95.2951393413151	346.0
95.305139880652	338.0
95.31514041998891	334.0
95.32514095932581	331.0
95.33514149866271	327.0
95.34514203799961	323.0
95.35514257733651	319.0
95.36514311667341	312.0
95.37514365601031	308.0
95.38514419534721	312.0
95.39514473468411	323.0
95.40514527402101	334.0
95.41514581335791	407.0
95.42514635269481	407.0
95.4351468920317	407.0
95.4451474313686	407.0
95.4551479707055	412.0
95.4651485100424	412.0
95.4751490493793	412.0
95.4851495887162	412.0
95.4951501280531	407.0
95.50515066739	407.0
95.5151512067269	402.0
95.5251517460638	398.0
95.5351522854007	393.0
95.5451528247376	389.0
95.5551533640745	384.0
95.5651539034114	380.0
95.5751544427483	371.0
95.5851549820852	363.0
95.5951555214221	354.0
95.605156060759	346.0
95.61515660009589	338.0
95.62515713943279	334.0
95.63515767876969	327.0
95.64515821810659	327.0
95.65515875744349	331.0
95.66515929678039	338.0
95.67515983611729	346.0
95.68516037545419	354.0
95.69516091479109	363.0
95.70516145412799	371.0
95.71516199346489	384.0
95.72516253280179	393.0
95.73516307213869	398.0
95.74516361147559	402.0
95.75516415081249	402.0
95.76516469014939	402.0
95.77516522948629	402.0
95.78516576882319	402.0
95.79516630816008	402.0
95.80516684749698	402.0
95.81516738683388	402.0
95.82516792617078	402.0
95.83516846550768	407.0
95.84516900484458	407.0
95.85516954418148	407.0
95.86517008351838	407.0
95.87517062285528	407.0
95.88517116219218	407.0
95.89517170152908	407.0
95.90517224086598	407.0
95.91517278020288	407.0
95.92517331953978	402.0
95.93517385887668	398.0
95.94517439821358	389.0
95.95517493755048	384.0
95.96517547688738	375.0
95.97517601622427	367.0
95.98517655556117	354.0
95.99517709489807	346.0
96.00517763423497	338.0
96.01517817357187	327.0
96.02517871290877	323.0
96.03517925224567	323.0
96.04517979158257	327.0
96.05518033091947	338.0
96.06518087025637	346.0
96.07518140959327	354.0
96.08518194893017	371.0
96.09518248826707	384.0
96.10518302760397	398.0
96.11518356694087	407.0
96.12518410627777	412.0
96.13518464561467	417.0
96.14518518495157	417.0
96.15518572428846	412.0
96.16518626362536	407.0
96.17518680296226	402.0
96.18518734229916	398.0
96.19518788163606	389.0
96.20518842097296	375.0
96.21518896030986	367.0
96.22518949964676	358.0
96.23519003898366	354.0
96.24519057832056	346.0
96.25519111765746	346.0
96.26519165699436	342.0
96.27519219633126	338.0
96.28519273566816	338.0
96.29519327500506	338.0
96.30519381434196	338.0
96.31519435367886	338.0
96.32519489301576	338.0
96.33519543235265	338.0
96.34519597168955	338.0
96.35519651102645	338.0
96.36519705036335	342.0
96.37519758970025	346.0
96.38519812903715	350.0
96.39519866837405	358.0
96.40519920771095	367.0
96.41519974704785	371.0
96.42520028638475	375.0
96.43520082572165	380.0
96.44520136505855	380.0
96.45520190439545	375.0
96.46520244373235	367.0
96.47520298306925	363.0
96.48520352240615	358.0
96.49520406174305	350.0
96.50520460107995	346.0
96.51520514041684	338.0
96.52520567975374	331.0
96.53520621909064	323.0
96.54520675842754	316.0
96.55520729776444	308.0
96.56520783710134	308.0
96.57520837643824	305.0
96.58520891577514	305.0
96.59520945511204	305.0
96.60520999444894	305.0
96.61521053378584	301.0
96.62521107312274	301.0
96.63521161245964	298.0
96.64521215179654	298.0
96.65521269113344	294.0
96.66521323047034	291.0
96.67521376980724	288.0
96.68521430914414	284.0
96.69521484848104	284.0
96.70521538781793	284.0
96.71521592715483	291.0
96.72521646649173	294.0
96.73521700582863	301.0
96.74521754516553	301.0
96.75521808450243	301.0
96.76521862383933	301.0
96.77521916317623	301.0
96.78521970251313	301.0
96.79522024185003	301.0
96.80522078118693	301.0
96.81522132052383	301.0
96.82522185986073	301.0
96.83522239919763	298.0
96.84522293853453	294.0
96.85522347787143	291.0
96.86522401720833	288.0
96.87522455654523	281.0
96.88522509588212	275.0
96.89522563521902	268.0
96.90522617455592	262.0
96.91522671389282	259.0
96.92522725322972	256.0
96.93522779256662	256.0
96.94522833190352	253.0
96.95522887124042	253.0
96.96522941057732	253.0
96.97522994991422	253.0
96.98523048925112	253.0
96.99523102858802	253.0
97.00523156792492	253.0
97.01523210726182	253.0
97.02523264659872	253.0
97.03523318593562	253.0
97.04523372527252	253.0
97.05523426460942	253.0
97.06523480394631	253.0
97.07523534328321	253.0
97.08523588262011	253.0
97.09523642195701	259.0
97.10523696129391	262.0
97.11523750063081	265.0
97.12523803996771	268.0
97.13523857930461	272.0
97.14523911864151	275.0
97.15523965797841	275.0
97.16524019731531	272.0
97.17524073665221	268.0
97.18524127598911	265.0
97.19524181532601	262.0
97.20524235466291	259.0
97.21524289399981	256.0
97.22524343333671	253.0
97.23524397267362	248.0
97.2452445120105	245.0
97.2552450513474	242.0
97.2652455906843	239.0
97.2752461300212	236.0
97.2852466693581	236.0
97.295247208695	234.0
97.3052477480319	231.0
97.3152482873688	231.0
97.3252488267057	228.0
97.3352493660426	228.0
97.3452499053795	226.0
97.3552504447164	226.0
97.3652509840533	226.0
97.3752515233902	226.0
97.3852520627271	226.0
97.395252602064	226.0
97.4052531414009	228.0
97.4152536807378	228.0
97.42525422007469	228.0
97.43525475941159	231.0
97.44525529874849	231.0
97.45525583808539	234.0
97.46525637742229	236.0
97.4752569167592	239.0
97.4852574560961	242.0
97.495257995433	248.0
97.5052585347699	250.0
97.5152590741068	250.0
97.5252596134437	250.0
97.5352601527806	250.0
97.5452606921175	248.0
97.5552612314544	245.0
97.5652617707913	242.0
97.5752623101282	236.0
97.5852628494651	234.0
97.595263388802	228.0
97.60526392813888	223.0
97.61526446747578	218.0
97.62526500681268	210.0
97.63526554614958	206.0
97.64526608548648	201.0
97.65526662482338	199.0
97.66526716416028	196.0
97.67526770349718	196.0
97.68526824283408	196.0
97.69526878217098	196.0
97.70526932150788	196.0
97.71526986084478	199.0
97.72527040018169	199.0
97.73527093951859	199.0
97.74527147885549	199.0
97.75527201819239	199.0
97.76527255752929	199.0
97.77527309686619	196.0
97.78527363620307	196.0
97.79527417553997	196.0
97.80527471487687	196.0
97.81527525421377	199.0
97.82527579355067	201.0
97.83527633288757	206.0
97.84527687222447	213.0
97.85527741156137	218.0
97.86527795089827	226.0
97.87527849023517	234.0
97.88527902957208	242.0
97.89527956890898	245.0
97.90528010824588	248.0
97.91528064758278	250.0
97.92528118691968	250.0
97.93528172625658	248.0
97.94528226559348	245.0
97.95528280493038	242.0
97.96528334426726	236.0
97.97528388360416	234.0
97.98528442294106	231.0
97.99528496227796	228.0
98.00528550161486	226.0
98.01528604095176	223.0
98.02528658028866	220.0
98.03528711962556	220.0
98.04528765896247	218.0
98.05528819829937	218.0
98.06528873763627	218.0
98.07528927697317	218.0
98.08528981631007	215.0
98.09529035564697	210.0
98.10529089498387	206.0
98.11529143432077	203.0
98.12529197365767	203.0
98.13529251299457	0.0
98.14529305233147	0.0
98.15529359166835	0.0
98.16529413100525	0.0
98.17529467034215	0.0
98.18529520967905	242.0
98.19529574901595	248.0
98.20529628835286	250.0
98.21529682768976	253.0
98.22529736702666	253.0
98.23529790636356	256.0
98.24529844570046	256.0
98.25529898503736	256.0
98.26529952437426	256.0
98.27530006371116	253.0
98.28530060304806	253.0
98.29530114238496	253.0
98.30530168172186	253.0
98.31530222105876	253.0
98.32530276039566	253.0
98.33530329973254	253.0
98.34530383906944	256.0
98.35530437840634	253.0
98.36530491774325	250.0
98.37530545708015	250.0
98.38530599641705	248.0
98.39530653575395	248.0
98.40530707509085	250.0
98.41530761442775	250.0
98.42530815376465	253.0
98.43530869310155	253.0
98.44530923243845	256.0
98.45530977177535	256.0
98.46531031111225	253.0
98.47531085044915	253.0
98.48531138978605	250.0
98.49531192912295	250.0
98.50531246845985	248.0
98.51531300779673	248.0
98.52531354713363	248.0
98.53531408647054	250.0
98.54531462580744	250.0
98.55531516514434	253.0
98.56531570448124	0.0
98.57531624381814	0.0
98.58531678315504	0.0
98.59531732249194	0.0
98.60531786182884	0.0
98.61531840116574	0.0
98.62531894050264	0.0
98.63531947983954	0.0
98.64532001917644	0.0
98.65532055851334	0.0
98.66532109785024	0.0
98.67532163718714	0.0
98.68532217652404	0.0
98.69532271586093	0.0
98.70532325519783	0.0
98.71532379453473	0.0
98.72532433387163	0.0
98.73532487320853	0.0
98.74532541254543	0.0
98.75532595188233	0.0
98.76532649121923	0.0
98.77532703055613	0.0
98.78532756989303	0.0
98.79532810922993	0.0
98.80532864856683	0.0
98.81532918790373	0.0
98.82532972724063	0.0
98.83533026657753	0.0
98.84533080591443	0.0
98.85533134525133	0.0
98.86533188458823	0.0
98.87533242392512	0.0
98.88533296326202	0.0
98.89533350259892	253.0
98.90533404193582	250.0
98.91533458127272	250.0
98.92533512060962	248.0
98.93533565994652	239.0
98.94533619928342	234.0
98.95533673862032	239.0
98.96533727795722	248.0
98.97533781729412	253.0
98.98533835663102	256.0
98.99533889596792	256.0
99.00533943530482	256.0
99.01533997464172	256.0
99.02534051397862	256.0
99.03534105331552	256.0
99.04534159265242	259.0
99.0553421319893	259.0
99.0653426713262	256.0
99.0753432106631	256.0
99.08534375	256.0
99.09534428933691	253.0
99.10534482867381	250.0
99.11534536801071	248.0
99.12534590734761	242.0
99.13534644668451	236.0
99.14534698602141	231.0
99.15534752535831	226.0
99.16534806469521	223.0
99.17534860403211	223.0
99.18534914336901	223.0
99.19534968270591	220.0
99.20535022204281	220.0
99.21535076137971	218.0
99.22535130071661	215.0
99.2353518400535	215.0
99.2453523793904	218.0
99.2553529187273	226.0
99.2653534580642	236.0
99.2753539974011	253.0
99.285354536738	262.0
99.2953550760749	265.0
99.3053556154118	265.0
99.3153561547487	265.0
99.3253566940856	265.0
99.3353572334225	262.0
99.3453577727594	262.0
99.3553583120963	259.0
99.3653588514332	256.0
99.3753593907701	253.0
99.385359930107	250.0
99.3953604694439	248.0
99.4053610087808	245.0
99.41536154811769	239.0
99.42536208745459	234.0
99.43536262679149	231.0
99.44536316612839	228.0
99.45536370546529	226.0
99.46536424480219	223.0
99.47536478413909	223.0
99.48536532347599	223.0
99.49536586281289	226.0
99.50536640214979	228.0
99.51536694148669	234.0
99.52536748082359	239.0
99.53536802016049	248.0
99.54536855949739	253.0
99.55536909883429	259.0
99.56536963817119	262.0
99.57537017750809	265.0
99.58537071684499	272.0
99.59537125618189	281.0
99.60537179551878	284.0
99.61537233485568	281.0
99.62537287419258	275.0
99.63537341352948	265.0
99.64537395286638	262.0
99.65537449220328	253.0
99.66537503154018	248.0
99.67537557087708	239.0
99.68537611021398	234.0
99.69537664955088	228.0
99.70537718888778	223.0
99.71537772822468	220.0
99.72537826756158	220.0
99.73537880689848	220.0
99.74537934623538	220.0
99.75537988557228	220.0
99.76538042490918	223.0
99.77538096424608	228.0
99.78538150358297	236.0
99.79538204291987	242.0
99.80538258225677	248.0
99.81538312159367	253.0
99.82538366093057	256.0
99.83538420026747	259.0
99.84538473960437	259.0
99.85538527894127	259.0
99.86538581827817	256.0
99.87538635761507	253.0
99.88538689695197	245.0
99.89538743628887	0.0
99.90538797562577	0.0
99.91538851496267	0.0
99.92538905429957	0.0
99.93538959363647	0.0
99.94539013297337	0.0
99.95539067231027	0.0
99.96539121164716	0.0
99.97539175098406	0.0
99.98539229032096	206.0
99.99539282965786	206.0
100.00539336899476	206.0
100.01539390833166	208.0
100.02539444766856	208.0
100.03539498700546	208.0
100.04539552634236	208.0
100.05539606567926	208.0
100.06539660501616	210.0
100.07539714435306	210.0
100.08539768368996	210.0
100.09539822302686	210.0
100.10539876236376	210.0
100.11539930170066	208.0
100.12539984103756	208.0
100.13540038037446	206.0
100.14540091971135	206.0
100.15540145904825	206.0
100.16540199838515	206.0
100.17540253772205	208.0
100.18540307705895	208.0
100.19540361639585	206.0
100.20540415573275	203.0
100.21540469506965	196.0
100.22540523440655	192.0
100.23540577374345	190.0
100.24540631308035	187.0
100.25540685241725	187.0
100.26540739175415	190.0
100.27540793109105	196.0
100.28540847042795	203.0
100.29540900976485	215.0
100.30540954910175	226.0
100.31541008843865	236.0
100.32541062777554	245.0
100.33541116711244	250.0
100.34541170644934	253.0
100.35541224578624	256.0
100.36541278512314	253.0
100.37541332446004	253.0
100.38541386379694	250.0
100.39541440313384	248.0
100.40541494247074	245.0
100.41541548180764	239.0
100.42541602114454	236.0
100.43541656048144	234.0
100.44541709981834	231.0
100.45541763915524	231.0
100.46541817849214	231.0
100.47541871782904	231.0
100.48541925716594	231.0
100.49541979650284	231.0
100.50542033583973	231.0
100.51542087517663	231.0
100.52542141451353	231.0
100.53542195385043	231.0
100.54542249318733	234.0
100.55542303252423	239.0
100.56542357186113	242.0
100.57542411119803	248.0
100.58542465053493	250.0
100.59542518987183	253.0
100.60542572920873	253.0
100.61542626854563	253.0
100.62542680788253	250.0
100.63542734721943	248.0
100.64542788655633	242.0
100.65542842589323	236.0
100.66542896523013	0.0
100.67542950456703	0.0
100.68543004390392	0.0
100.69543058324082	0.0
100.70543112257772	0.0
100.71543166191462	0.0
100.72543220125152	0.0
100.73543274058842	0.0
100.74543327992532	0.0
100.75543381926222	0.0
100.76543435859912	0.0
100.77543489793602	0.0
100.78543543727292	0.0
100.79543597660982	0.0
100.80543651594672	0.0
100.81543705528362	0.0
100.82543759462052	0.0
100.83543813395742	0.0
100.84543867329432	0.0
100.85543921263123	0.0
100.86543975196811	0.0
100.87544029130501	0.0
100.88544083064191	0.0
100.89544136997881	0.0
100.90544190931571	0.0
100.91544244865261	0.0
100.92544298798951	0.0
100.93544352732641	0.0
100.94544406666331	0.0
100.95544460600021	0.0
100.96544514533711	0.0
100.97544568467401	0.0
100.98544622401091	0.0
100.99544676334781	0.0
101.00544730268471	0.0
101.01544784202162	0.0
101.02544838135852	0.0
101.03544892069542	0.0
101.04544946003232	0.0
101.0554499993692	0.0
101.0654505387061	0.0
101.075451078043	206.0
101.0854516173799	206.0
101.0954521567168	206.0
101.1054526960537	206.0
101.1154532353906	206.0
101.1254537747275	203.0
101.1354543140644	203.0
101.1454548534013	203.0
101.1554553927382	203.0
101.1654559320751	203.0
101.175456471412	203.0
101.1854570107489	203.0
101.1954575500858	203.0
101.2054580894227	203.0
101.2154586287596	201.0
101.2254591680965	201.0
101.23545970743339	201.0
101.24546024677029	201.0
101.2554607861072	201.0
101.2654613254441	201.0
101.275461864781	201.0
101.2854624041179	201.0
101.2954629434548	199.0
101.3054634827917	194.0
101.3154640221286	190.0
101.3254645614655	187.0
101.3354651008024	185.0
101.3454656401393	187.0
101.3554661794762	199.0
101.3654667188131	210.0
101.37546725815	223.0
101.3854677974869	236.0
101.3954683368238	248.0
101.4054688761607	256.0
101.41546941549758	265.0
101.42546995483448	272.0
101.43547049417138	272.0
101.44547103350828	268.0
101.45547157284518	262.0
101.46547211218208	256.0
101.47547265151898	250.0
101.48547319085588	245.0
101.49547373019278	239.0
101.50547426952969	234.0
101.51547480886659	231.0
101.52547534820349	228.0
101.53547588754039	226.0
101.54547642687729	223.0
101.55547696621419	220.0
101.56547750555109	220.0
101.57547804488799	220.0
101.58547858422489	223.0
101.59547912356177	226.0
101.60547966289867	231.0
101.61548020223557	236.0
101.62548074157247	245.0
101.63548128090937	250.0
101.64548182024627	256.0
101.65548235958317	259.0
101.66548289892008	259.0
101.67548343825698	256.0
101.68548397759388	250.0
101.69548451693078	245.0
101.70548505626768	0.0
101.71548559560458	0.0
101.72548613494148	0.0
101.73548667427838	0.0
101.74548721361528	0.0
101.75548775295218	0.0
101.76548829228908	0.0
101.77548883162596	213.0
101.78548937096286	210.0
101.79548991029976	208.0
101.80549044963666	206.0
101.81549098897356	206.0
101.82549152831047	206.0
101.83549206764737	206.0
101.84549260698427	206.0
101.85549314632117	208.0
101.86549368565807	208.0
101.87549422499497	208.0
101.88549476433187	208.0
101.89549530366877	206.0
101.90549584300567	206.0
101.91549638234257	203.0
101.92549692167947	203.0
101.93549746101637	201.0
101.94549800035327	201.0
101.95549853969015	201.0
101.96549907902705	199.0
101.97549961836395	199.0
101.98550015770086	196.0
101.99550069703776	192.0
102.00550123637466	192.0
102.01550177571156	190.0
102.02550231504846	190.0
102.03550285438536	187.0
102.04550339372226	187.0
102.05550393305916	187.0
102.06550447239606	199.0
102.07550501173296	0.0
102.08550555106986	256.0
102.09550609040676	256.0
102.10550662974366	256.0
102.11550716908056	256.0
102.12550770841746	256.0
102.13550824775434	256.0
102.14550878709125	256.0
102.15550932642815	256.0
102.16550986576505	256.0
102.17551040510195	253.0
102.18551094443885	253.0
102.19551148377575	253.0
102.20551202311265	253.0
102.21551256244955	253.0
102.22551310178645	253.0
102.23551364112335	253.0
102.24551418046025	256.0
102.25551471979715	256.0
102.26551525913405	256.0
102.27551579847095	256.0
102.28551633780785	256.0
102.29551687714475	256.0
102.30551741648165	253.0
102.31551795581854	253.0
102.32551849515544	253.0
102.33551903449234	250.0
102.34551957382924	248.0
102.35552011316614	245.0
102.36552065250304	234.0
102.37552119183994	226.0
102.38552173117684	223.0
102.39552227051374	223.0
102.40552280985064	226.0
102.41552334918754	234.0
102.42552388852444	239.0
102.43552442786134	248.0
102.44552496719824	253.0
102.45552550653514	256.0
102.46552604587204	256.0
102.47552658520894	256.0
102.48552712454584	259.0
102.49552766388274	256.0
102.50552820321963	256.0
102.51552874255653	256.0
102.52552928189343	253.0
102.53552982123033	253.0
102.54553036056723	250.0
102.55553089990413	250.0
102.56553143924103	248.0
102.57553197857793	245.0
102.58553251791483	242.0
102.59553305725173	239.0
102.60553359658863	236.0
102.61553413592553	234.0
102.62553467526243	231.0
102.63553521459933	231.0
102.64553575393623	228.0
102.65553629327313	226.0
102.66553683261003	223.0
102.67553737194693	0.0
102.68553791128382	0.0
102.69553845062072	0.0
102.70553898995762	0.0
102.71553952929452	0.0
102.72554006863142	0.0
102.73554060796832	268.0
102.74554114730522	268.0
102.75554168664212	265.0
102.76554222597902	265.0
102.77554276531592	265.0
102.78554330465282	262.0
102.79554384398972	262.0
102.80554438332662	259.0
102.81554492266352	256.0
102.82554546200042	253.0
102.83554600133732	250.0
102.84554654067422	248.0
102.85554708001112	245.0
102.865547619348	242.0
102.87554815868491	236.0
102.88554869802181	234.0
102.89554923735871	231.0
102.90554977669561	228.0
102.91555031603251	226.0
102.92555085536941	226.0
102.93555139470631	228.0
102.94555193404321	231.0
102.95555247338011	236.0
102.96555301271701	245.0
102.97555355205391	250.0
102.98555409139081	259.0
102.99555463072771	265.0
103.00555517006461	268.0
103.01555570940151	272.0
103.02555624873841	268.0
103.03555678807531	265.0
103.0455573274122	259.0
103.0555578667491	250.0
103.065558406086	239.0
103.0755589454229	0.0
103.0855594847598	0.0
103.0955600240967	0.0
103.1055605634336	0.0
103.1155611027705	0.0
103.1255616421074	0.0
103.1355621814443	0.0
103.1455627207812	0.0
103.1555632601181	206.0
103.165563799455	203.0
103.1755643387919	201.0
103.1855648781288	201.0
103.1955654174657	201.0
103.2055659568026	201.0
103.2155664961395	201.0
103.22556703547639	201.0
103.23556757481329	203.0
103.24556811415019	203.0
103.25556865348709	203.0
103.26556919282399	203.0
103.27556973216089	203.0
103.28557027149779	203.0
103.29557081083469	203.0
103.30557135017159	203.0
103.31557188950849	203.0
103.32557242884539	201.0
103.33557296818229	201.0
103.34557350751919	201.0
103.35557404685609	201.0
103.36557458619299	201.0
103.37557512552989	199.0
103.38557566486679	192.0
103.39557620420369	187.0
103.40557674354058	185.0
103.41557728287748	185.0
103.42557782221438	185.0
103.43557836155128	199.0
103.44557890088818	213.0
103.45557944022508	228.0
103.46557997956198	245.0
103.47558051889888	250.0
103.48558105823578	256.0
103.49558159757268	259.0
103.50558213690958	259.0
103.51558267624648	256.0
103.52558321558338	253.0
103.53558375492028	248.0
103.54558429425718	242.0
103.55558483359408	236.0
103.56558537293098	234.0
103.57558591226788	231.0
103.58558645160477	231.0
103.59558699094167	231.0
103.60558753027857	231.0
103.61558806961547	231.0
103.62558860895237	231.0
103.63558914828927	231.0
103.64558968762617	231.0
103.65559022696307	231.0
103.66559076629997	234.0
103.67559130563687	234.0
103.68559184497377	242.0
103.69559238431067	248.0
103.70559292364757	253.0
103.71559346298447	259.0
103.72559400232137	259.0
103.73559454165827	259.0
103.74559508099517	253.0
103.75559562033207	248.0
103.76559615966896	239.0
103.77559669900586	0.0
103.78559723834276	0.0
103.79559777767966	0.0
103.80559831701656	0.0
103.81559885635346	0.0
103.82559939569036	0.0
103.83559993502726	213.0
103.84560047436416	210.0
103.85560101370106	208.0
103.86560155303796	208.0
103.87560209237486	206.0
103.88560263171176	206.0
103.89560317104866	206.0
103.90560371038556	203.0
103.91560424972246	203.0
103.92560478905936	203.0
103.93560532839626	203.0
103.94560586773316	203.0
103.95560640707005	203.0
103.96560694640695	203.0
103.97560748574385	203.0
103.98560802508075	203.0
103.99560856441765	203.0
104.00560910375455	201.0
104.01560964309145	201.0
104.02561018242835	201.0
104.03561072176525	201.0
104.04561126110215	203.0
104.05561180043905	203.0
104.06561233977595	203.0
104.07561287911285	203.0
104.08561341844975	203.0
104.09561395778665	199.0
104.10561449712355	194.0
104.11561503646045	185.0
104.12561557579735	183.0
104.13561611513424	179.0
104.14561665447114	179.0
104.15561719380804	181.0
104.16561773314494	187.0
104.17561827248184	194.0
104.18561881181874	199.0
104.19561935115564	203.0
104.20561989049254	203.0
104.21562042982944	203.0
104.22562096916634	203.0
104.23562150850324	203.0
104.24562204784014	203.0
104.25562258717704	203.0
104.26562312651394	203.0
104.27562366585084	201.0
104.28562420518774	201.0
104.29562474452464	199.0
104.30562528386154	196.0
104.31562582319843	194.0
104.32562636253533	194.0
104.33562690187223	190.0
104.34562744120913	187.0
104.35562798054603	185.0
104.36562851988293	183.0
104.37562905921983	183.0
104.38562959855673	183.0
104.39563013789363	181.0
104.40563067723053	152.0
104.41563121656743	152.0
104.42563175590433	150.0
104.43563229524123	150.0
104.44563283457813	0.0
104.45563337391503	0.0
104.46563391325193	0.0
104.47563445258884	0.0
104.48563499192574	0.0
104.49563553126262	0.0
104.50563607059952	0.0
104.51563660993642	0.0
104.52563714927332	0.0
104.53563768861022	0.0
104.54563822794712	0.0
104.55563876728402	210.0
104.56563930662092	206.0
104.57563984595782	206.0
104.58564038529472	203.0
104.59564092463162	201.0
104.60564146396852	199.0
104.61564200330542	199.0
104.62564254264232	199.0
104.63564308197923	199.0
104.64564362131613	199.0
104.65564416065303	199.0
104.66564469998993	201.0
104.67564523932681	201.0
104.68564577866371	203.0
104.69564631800061	203.0
104.70564685733751	206.0
104.71564739667441	206.0
104.72564793601131	206.0
104.73564847534821	206.0
104.74564901468511	206.0
104.75564955402201	203.0
104.76565009335891	201.0
104.77565063269581	199.0
104.78565117203271	194.0
104.79565171136962	192.0
104.80565225070652	190.0
104.81565279004342	192.0
104.82565332938032	194.0
104.83565386871722	201.0
104.84565440805412	210.0
104.855654947391	223.0
104.8656554867279	234.0
104.8756560260648	245.0
104.8856565654017	253.0
104.8956571047386	259.0
104.9056576440755	262.0
104.9156581834124	262.0
104.9256587227493	262.0
104.9356592620862	259.0
104.9456598014231	250.0
104.95566034076	248.0
104.9656608800969	239.0
104.9756614194338	234.0
104.9856619587707	228.0
104.9956624981076	226.0
105.0056630374445	226.0
105.0156635767814	223.0
105.0256641161183	223.0
105.0356646554552	226.0
105.0456651947921	226.0
105.055665734129	226.0
105.0656662734659	226.0
105.0756668128028	226.0
105.0856673521397	226.0
105.0956678914766	220.0
105.1056684308135	208.0
105.1156689701504	201.0
105.1256695094873	0.0
105.1356700488242	0.0
105.1456705881611	0.0
105.155671127498	0.0
105.1656716668349	259.0
105.1756722061718	265.0
105.1856727455087	268.0
105.1956732848456	272.0
105.2056738241825	272.0
105.21567436351938	272.0
105.22567490285628	268.0
105.23567544219318	265.0
105.24567598153008	262.0
105.25567652086698	259.0
105.26567706020388	256.0
105.27567759954078	253.0
105.28567813887769	253.0
105.29567867821459	253.0
105.30567921755149	253.0
105.31567975688839	253.0
105.32568029622529	253.0
105.33568083556219	253.0
105.34568137489909	256.0
105.35568191423599	256.0
105.36568245357289	256.0
105.37568299290979	256.0
105.38568353224669	256.0
105.39568407158359	256.0
105.40568461092047	256.0
105.41568515025737	253.0
105.42568568959427	253.0
105.43568622893117	253.0
105.44568676826808	250.0
105.45568730760498	250.0
105.46568784694188	248.0
105.47568838627878	242.0
105.48568892561568	239.0
105.49568946495258	242.0
105.50569000428948	265.0
105.51569054362638	272.0
105.52569108296328	275.0
105.53569162230018	275.0
105.54569216163708	275.0
105.55569270097398	275.0
105.56569324031088	272.0
105.57569377964778	272.0
105.58569431898466	268.0
105.59569485832156	265.0
105.60569539765847	259.0
105.61569593699537	253.0
105.62569647633227	248.0
105.63569701566917	242.0
105.64569755500607	239.0
105.65569809434297	234.0
105.66569863367987	231.0
105.67569917301677	228.0
105.68569971235367	228.0
105.69570025169057	226.0
105.70570079102747	223.0
105.71570133036437	223.0
105.72570186970127	220.0
105.73570240903817	220.0
105.74570294837507	220.0
105.75570348771197	215.0
105.76570402704886	203.0
105.77570456638576	201.0
105.78570510572266	203.0
105.79570564505956	206.0
105.80570618439646	220.0
105.81570672373336	226.0
105.82570726307026	236.0
105.83570780240716	262.0
105.84570834174406	272.0
105.85570888108096	272.0
105.86570942041786	272.0
105.87570995975476	268.0
105.88571049909166	265.0
105.89571103842856	259.0
105.90571157776546	253.0
105.91571211710236	248.0
105.92571265643926	248.0
105.93571319577616	248.0
105.94571373511305	248.0
105.95571427444995	253.0
105.96571481378685	259.0
105.97571535312375	268.0
105.98571589246065	275.0
105.99571643179755	275.0
106.00571697113445	272.0
106.01571751047135	268.0
106.02571804980825	265.0
106.03571858914515	259.0
106.04571912848205	256.0
106.05571966781895	250.0
106.06572020715585	248.0
106.07572074649275	245.0
106.08572128582965	239.0
106.09572182516655	236.0
106.10572236450345	0.0
106.11572290384035	0.0
106.12572344317724	0.0
106.13572398251414	0.0
106.14572452185104	0.0
106.15572506118794	0.0
106.16572560052484	0.0
106.17572613986174	0.0
106.18572667919864	0.0
106.19572721853554	0.0
106.20572775787244	0.0
106.21572829720934	305.0
106.22572883654624	305.0
106.23572937588314	301.0
106.24572991522004	305.0
106.25573045455694	305.0
106.26573099389384	305.0
106.27573153323074	308.0
106.28573207256764	308.0
106.29573261190454	308.0
106.30573315124143	308.0
106.31573369057833	308.0
106.32573422991523	305.0
106.33573476925213	305.0
106.34573530858903	305.0
106.35573584792593	305.0
106.36573638726283	305.0
106.37573692659973	305.0
106.38573746593663	305.0
106.39573800527353	305.0
106.40573854461043	305.0
106.41573908394733	305.0
106.42573962328423	301.0
106.43574016262113	301.0
106.44574070195803	301.0
106.45574124129493	298.0
106.46574178063183	298.0
106.47574231996873	281.0
106.48574285930562	259.0
106.49574339864252	256.0
106.50574393797942	253.0
106.51574447731632	250.0
106.52574501665322	250.0
106.53574555599012	250.0
106.54574609532702	253.0
106.55574663466392	256.0
106.56574717400082	256.0
106.57574771333772	253.0
106.58574825267462	250.0
106.59574879201152	245.0
106.60574933134842	242.0
106.61574987068532	242.0
106.62575041002222	239.0
106.63575094935912	239.0
106.64575148869602	242.0
106.65575202803292	245.0
106.66575256736981	250.0
106.67575310670671	253.0
106.68575364604361	259.0
106.69575418538051	262.0
106.70575472471741	268.0
106.71575526405431	272.0
106.72575580339121	272.0
106.73575634272811	268.0
106.74575688206501	262.0
106.75575742140191	256.0
106.76575796073881	250.0
106.77575850007571	245.0
106.78575903941261	242.0
106.79575957874951	234.0
106.80576011808641	0.0
106.81576065742331	0.0
106.82576119676021	0.0
106.83576173609711	0.0
106.84576227543401	0.0
106.8557628147709	0.0
106.8657633541078	0.0
106.8757638934447	0.0
106.8857644327816	0.0
106.8957649721185	0.0
106.9057655114554	301.0
106.9157660507923	298.0
106.9257665901292	298.0
106.9357671294661	298.0
106.945767668803	298.0
106.9557682081399	298.0
106.9657687474768	298.0
106.9757692868137	298.0
106.9857698261506	298.0
106.9957703654875	298.0
107.0057709048244	298.0
107.0157714441613	298.0
107.0257719834982	298.0
107.03577252283509	301.0
107.04577306217199	301.0
107.05577360150889	301.0
107.06577414084579	301.0
107.07577468018269	301.0
107.08577521951959	301.0
107.09577575885649	301.0
107.10577629819339	301.0
107.11577683753029	298.0
107.12577737686719	298.0
107.13577791620409	298.0
107.14577845554099	298.0
107.15577899487789	291.0
107.16577953421479	259.0
107.17578007355169	253.0
107.18578061288859	253.0
107.19578115222549	253.0
107.2057816915624	256.0
107.21578223089928	259.0
107.22578277023618	0.0
107.23578330957308	354.0
107.24578384890998	358.0
107.25578438824688	358.0
107.26578492758378	354.0
107.27578546692068	354.0
107.28578600625758	350.0
107.29578654559448	346.0
107.30578708493138	342.0
107.31578762426828	338.0
107.32578816360518	334.0
107.33578870294208	334.0
107.34578924227898	331.0
107.35578978161588	331.0
107.36579032095278	331.0
107.37579086028968	331.0
107.38579139962658	331.0
107.39579193896347	331.0
107.40579247830037	331.0
107.41579301763727	331.0
107.42579355697417	331.0
107.43579409631107	334.0
107.44579463564797	334.0
107.45579517498487	338.0
107.46579571432177	342.0
107.47579625365867	346.0
107.48579679299557	350.0
107.49579733233247	354.0
107.50579787166937	354.0
107.51579841100627	354.0
107.52579895034317	350.0
107.53579948968007	350.0
107.54580002901697	346.0
107.55580056835387	338.0
107.56580110769077	338.0
107.57580164702766	334.0
107.58580218636456	331.0
107.59580272570146	331.0
107.60580326503836	331.0
107.61580380437526	334.0
107.62580434371216	334.0
107.63580488304906	334.0
107.64580542238596	338.0
107.65580596172286	342.0
107.66580650105976	350.0
107.67580704039666	354.0
107.68580757973356	358.0
107.69580811907046	358.0
107.70580865840736	363.0
107.71580919774426	358.0
107.72580973708116	358.0
107.73581027641806	350.0
107.74581081575496	342.0
107.75581135509185	331.0
107.76581189442875	327.0
107.77581243376565	331.0
107.78581297310255	334.0
107.79581351243945	338.0
107.80581405177635	350.0
107.81581459111325	363.0
107.82581513045015	384.0
107.83581566978705	402.0
107.84581620912395	407.0
107.85581674846085	412.0
107.86581728779775	0.0
107.87581782713465	0.0
107.88581836647155	0.0
107.89581890580845	0.0
107.90581944514535	0.0
107.91581998448225	0.0
107.92582052381916	0.0
107.93582106315604	0.0
107.94582160249294	0.0
107.95582214182984	358.0
107.96582268116674	346.0
107.97582322050364	338.0
107.98582375984054	334.0
107.99582429917744	334.0
108.00582483851434	331.0
108.01582537785124	331.0
108.02582591718814	334.0
108.03582645652504	334.0
108.04582699586194	334.0
108.05582753519884	334.0
108.06582807453574	338.0
108.07582861387264	342.0
108.08582915320954	346.0
108.09582969254645	350.0
108.10583023188335	350.0
108.11583077122023	354.0
108.12583131055713	354.0
108.13583184989403	354.0
108.14583238923093	354.0
108.15583292856783	350.0
108.16583346790473	350.0
108.17583400724163	346.0
108.18583454657853	342.0
108.19583508591543	338.0
108.20583562525233	334.0
108.21583616458923	331.0
108.22583670392613	327.0
108.23583724326303	323.0
108.24583778259993	319.0
108.25583832193684	319.0
108.26583886127374	316.0
108.27583940061064	312.0
108.28583993994754	312.0
108.29584047928444	308.0
108.30584101862132	308.0
108.31584155795822	308.0
108.32584209729512	308.0
108.33584263663202	308.0
108.34584317596892	305.0
108.35584371530582	305.0
108.36584425464272	301.0
108.37584479397962	298.0
108.38584533331652	298.0
108.39584587265342	298.0
108.40584641199032	298.0
108.41584695132723	298.0
108.42584749066413	301.0
108.43584803000103	301.0
108.44584856933793	301.0
108.45584910867483	301.0
108.46584964801173	301.0
108.47585018734863	301.0
108.48585072668551	301.0
108.49585126602241	301.0
108.50585180535931	301.0
108.51585234469621	301.0
108.52585288403311	301.0
108.53585342337001	301.0
108.54585396270691	301.0
108.55585450204381	301.0
108.56585504138071	301.0
108.57585558071762	301.0
108.58585612005452	301.0
108.59585665939142	301.0
108.60585719872832	301.0
108.61585773806522	301.0
108.62585827740212	301.0
108.63585881673902	301.0
108.64585935607592	301.0
108.65585989541282	301.0
108.6658604347497	301.0
108.6758609740866	301.0
108.6858615134235	298.0
108.6958620527604	298.0
108.7058625920973	298.0
108.7158631314342	298.0
108.7258636707711	298.0
108.735864210108	298.0
108.7458647494449	301.0
108.7558652887818	301.0
108.7658658281187	301.0
108.7758663674556	301.0
108.7858669067925	301.0
108.7958674461294	301.0
108.8058679854663	301.0
108.81586852480321	305.0
108.82586906414011	305.0
108.83586960347701	305.0
108.8458701428139	301.0
108.8558706821508	301.0
108.8658712214877	294.0
108.8758717608246	291.0
108.8858723001615	0.0
108.8958728394984	0.0
108.9058733788353	0.0
108.9158739181722	0.0
108.9258744575091	0.0
108.935874996846	0.0
108.9458755361829	0.0
108.9558760755198	0.0
108.9658766148567	0.0
108.9758771541936	0.0
108.9858776935305	0.0
108.9958782328674	0.0
109.0058787722043	0.0
109.0158793115412	0.0
109.02587985087808	0.0
109.03588039021498	0.0
109.04588092955188	0.0
109.05588146888878	0.0
109.06588200822569	0.0
109.07588254756259	0.0
109.08588308689949	0.0
109.09588362623639	0.0
109.10588416557329	0.0
109.11588470491019	0.0
109.12588524424709	0.0
109.13588578358399	0.0
109.14588632292089	0.0
109.15588686225779	0.0
109.16588740159469	0.0
109.17588794093159	0.0
109.18588848026849	0.0
109.19588901960539	0.0
109.20588955894227	0.0
109.21589009827917	0.0
109.22589063761608	0.0
109.23589117695298	0.0
109.24589171628988	0.0
109.25589225562678	0.0
109.26589279496368	0.0
109.27589333430058	0.0
109.28589387363748	0.0
109.29589441297438	0.0
109.30589495231128	0.0
109.31589549164818	0.0
109.32589603098508	0.0
109.33589657032198	0.0
109.34589710965888	0.0
109.35589764899578	0.0
109.36589818833268	0.0
109.37589872766958	250.0
109.38589926700647	248.0
109.39589980634337	242.0
109.40590034568027	239.0
109.41590088501717	236.0
109.42590142435407	239.0
109.43590196369097	245.0
109.44590250302787	248.0
109.45590304236477	248.0
109.46590358170167	248.0
109.47590412103857	248.0
109.48590466037547	248.0
109.49590519971237	248.0
109.50590573904927	248.0
109.51590627838617	248.0
109.52590681772307	250.0
109.53590735705997	250.0
109.54590789639687	250.0
109.55590843573377	248.0
109.56590897507066	248.0
109.57590951440756	248.0
109.58591005374446	245.0
109.59591059308136	245.0
109.60591113241826	248.0
109.61591167175516	248.0
109.62591221109206	250.0
109.63591275042896	250.0
109.64591328976586	253.0
109.65591382910276	253.0
109.66591436843966	256.0
109.67591490777656	256.0
109.68591544711346	256.0
109.69591598645036	256.0
109.70591652578726	259.0
109.71591706512416	256.0
109.72591760446106	256.0
109.73591814379796	256.0
109.74591868313486	253.0
109.75591922247175	253.0
109.76591976180865	250.0
109.77592030114555	250.0
109.78592084048245	250.0
109.79592137981935	250.0
109.80592191915625	250.0
109.81592245849315	250.0
109.82592299783005	250.0
109.83592353716695	250.0
109.84592407650385	250.0
109.85592461584075	250.0
109.86592515517765	253.0
109.87592569451455	253.0
109.88592623385145	253.0
109.89592677318835	250.0
109.90592731252525	250.0
109.91592785186215	250.0
109.92592839119905	250.0
109.93592893053594	250.0
109.94592946987284	250.0
109.95593000920974	250.0
109.96593054854664	250.0
109.97593108788354	250.0
109.98593162722044	250.0
109.99593216655734	250.0
110.00593270589424	250.0
110.01593324523114	250.0
110.02593378456804	248.0
110.03593432390494	242.0
110.04593486324184	234.0
110.05593540257874	226.0
110.06593594191564	223.0
110.07593648125254	223.0
110.08593702058944	220.0
110.09593755992634	223.0
110.10593809926324	228.0
110.11593863860013	236.0
110.12593917793703	248.0
110.13593971727393	253.0
110.14594025661083	259.0
110.15594079594773	262.0
110.16594133528463	265.0
110.17594187462153	265.0
110.18594241395843	262.0
110.19594295329533	259.0
110.20594349263223	256.0
110.21594403196913	250.0
110.22594457130603	245.0
110.23594511064293	239.0
110.24594564997983	231.0
110.25594618931673	226.0
110.26594672865363	220.0
110.27594726799053	220.0
110.28594780732743	218.0
110.29594834666432	220.0
110.30594888600122	220.0
110.31594942533812	220.0
110.32594996467502	223.0
110.33595050401192	226.0
110.34595104334882	226.0
110.35595158268572	223.0
110.36595212202262	210.0
110.37595266135952	199.0
110.38595320069642	190.0
110.39595374003332	0.0
110.40595427937022	0.0
110.41595481870712	0.0
110.42595535804402	0.0
110.43595589738092	0.0
110.44595643671782	0.0
110.45595697605472	245.0
110.46595751539162	248.0
110.47595805472851	250.0
110.48595859406541	250.0
110.49595913340231	250.0
110.50595967273921	248.0
110.51596021207611	248.0
110.52596075141301	248.0
110.53596129074991	248.0
110.54596183008681	248.0
110.55596236942371	250.0
110.56596290876061	250.0
110.57596344809751	250.0
110.58596398743441	250.0
110.59596452677131	253.0
110.60596506610821	253.0
110.61596560544511	253.0
110.62596614478201	253.0
110.63596668411891	253.0
110.64596722345581	253.0
110.6559677627927	250.0
110.6659683021296	250.0
110.6759688414665	250.0
110.6859693808034	250.0
110.6959699201403	250.0
110.7059704594772	248.0
110.7159709988141	248.0
110.725971538151	245.0
110.7359720774879	228.0
110.7459726168248	223.0
110.7559731561617	226.0
110.7659736954986	231.0
110.7759742348355	242.0
110.7859747741724	250.0
110.7959753135093	259.0
110.8059758528462	265.0
110.8159763921831	265.0
110.82597693152	268.0
110.83597747085689	268.0
110.84597801019379	265.0
110.85597854953069	265.0
110.86597908886759	259.0
110.87597962820449	256.0
110.88598016754139	250.0
110.89598070687829	245.0
110.90598124621519	239.0
110.91598178555209	231.0
110.92598232488899	226.0
110.93598286422589	223.0
110.94598340356279	220.0
110.95598394289969	220.0
110.96598448223659	220.0
110.97598502157349	223.0
110.9859855609104	223.0
110.9959861002473	223.0
111.0059866395842	226.0
111.01598717892108	231.0
111.02598771825798	236.0
111.03598825759488	242.0
111.04598879693178	250.0
111.05598933626868	256.0
111.06598987560558	259.0
111.07599041494248	259.0
111.08599095427938	259.0
111.09599149361628	256.0
111.10599203295318	253.0
111.11599257229008	248.0
111.12599311162698	0.0
111.13599365096388	0.0
111.14599419030078	0.0
111.15599472963768	0.0
111.16599526897458	0.0
111.17599580831148	0.0
111.18599634764838	0.0
111.19599688698528	0.0
111.20599742632217	206.0
111.21599796565907	201.0
111.22599850499597	201.0
111.23599904433287	199.0
111.24599958366977	199.0
111.25600012300667	196.0
111.26600066234357	196.0
111.27600120168047	196.0
111.28600174101737	196.0
111.29600228035427	196.0
111.30600281969117	196.0
111.31600335902807	196.0
111.32600389836497	199.0
111.33600443770187	201.0
111.34600497703877	201.0
111.35600551637567	201.0
111.36600605571257	203.0
111.37600659504947	203.0
111.38600713438636	206.0
111.39600767372326	206.0
111.40600821306016	206.0
111.41600875239706	206.0
111.42600929173396	203.0
111.43600983107086	203.0
111.44601037040776	199.0
111.45601090974466	192.0
111.46601144908156	187.0
111.47601198841846	187.0
111.48601252775536	187.0
111.49601306709226	190.0
111.50601360642916	190.0
111.51601414576606	192.0
111.52601468510296	196.0
111.53601522443986	199.0
111.54601576377677	203.0
111.55601630311367	206.0
111.56601684245055	206.0
111.57601738178745	206.0
111.58601792112435	206.0
111.59601846046125	203.0
111.60601899979815	203.0
111.61601953913505	206.0
111.62602007847195	206.0
111.63602061780885	208.0
111.64602115714575	210.0
111.65602169648265	213.0
111.66602223581955	220.0
111.67602277515645	228.0
111.68602331449335	236.0
111.69602385383025	248.0
111.70602439316716	253.0
111.71602493250406	259.0
111.72602547184096	265.0
111.73602601117786	265.0
111.74602655051474	265.0
111.75602708985164	262.0
111.76602762918854	256.0
111.77602816852544	253.0
111.78602870786234	248.0
111.79602924719924	242.0
111.80602978653614	236.0
111.81603032587304	234.0
111.82603086520994	231.0
111.83603140454684	228.0
111.84603194388374	226.0
111.85603248322064	226.0
111.86603302255754	226.0
111.87603356189445	226.0
111.88603410123135	231.0
111.89603464056825	234.0
111.90603517990515	239.0
111.91603571924205	245.0
111.92603625857893	250.0
111.93603679791583	253.0
111.94603733725273	250.0
111.95603787658963	250.0
111.96603841592653	245.0
111.97603895526343	0.0
111.98603949460033	0.0
111.99604003393723	0.0
112.00604057327413	0.0
112.01604111261103	0.0
112.02604165194793	0.0
112.03604219128484	0.0
112.04604273062174	0.0
112.05604326995864	0.0
112.06604380929554	0.0
112.07604434863244	0.0
112.08604488796934	0.0
112.09604542730624	0.0
112.10604596664312	0.0
112.11604650598002	0.0
112.12604704531692	0.0
112.13604758465382	0.0
112.14604812399072	0.0
112.15604866332762	0.0
112.16604920266452	0.0
112.17604974200142	0.0
112.18605028133832	0.0
112.19605082067523	0.0
112.20605136001213	0.0
112.21605189934903	0.0
112.22605243868593	0.0
112.23605297802283	0.0
112.24605351735973	0.0
112.25605405669663	0.0
112.26605459603353	0.0
112.27605513537043	0.0
112.28605567470731	0.0
112.29605621404421	0.0
112.30605675338111	206.0
112.31605729271801	203.0
112.32605783205491	201.0
112.33605837139181	201.0
112.34605891072871	201.0
112.35605945006562	201.0
112.36605998940252	201.0
112.37606052873942	201.0
112.38606106807632	201.0
112.39606160741322	201.0
112.40606214675012	203.0
112.41606268608702	203.0
112.42606322542392	203.0
112.43606376476082	201.0
112.44606430409772	201.0
112.45606484343462	199.0
112.4660653827715	199.0
112.4760659221084	199.0
112.4860664614453	199.0
112.4960670007822	199.0
112.5060675401191	199.0
112.516068079456	199.0
112.5260686187929	196.0
112.5360691581298	194.0
112.5460696974667	190.0
112.5560702368036	185.0
112.5660707761405	183.0
112.5760713154774	183.0
112.5860718548143	183.0
112.59607239415121	185.0
112.60607293348811	203.0
112.61607347282501	213.0
112.62607401216191	223.0
112.63607455149881	231.0
112.6460750908357	239.0
112.6560756301726	242.0
112.6660761695095	242.0
112.6760767088464	242.0
112.6860772481833	239.0
112.6960777875202	236.0
112.7060783268571	231.0
112.716078866194	228.0
112.7260794055309	223.0
112.7360799448678	220.0
112.7460804842047	220.0
112.7560810235416	218.0
112.7660815628785	218.0
112.7760821022154	218.0
112.7860826415523	218.0
112.7960831808892	220.0
112.8060837202261	220.0
112.816084259563	223.0
112.8260847988999	228.0
112.83608533823678	236.0
112.84608587757369	242.0
112.85608641691059	250.0
112.86608695624749	256.0
112.87608749558439	259.0
112.88608803492129	259.0
112.89608857425819	256.0
112.90608911359509	250.0
112.91608965293199	248.0
112.92609019226889	0.0
112.93609073160579	0.0
112.94609127094269	0.0
112.95609181027959	0.0
112.96609234961649	0.0
112.97609288895339	0.0
112.98609342829029	0.0
112.99609396762719	0.0
113.00609450696409	201.0
113.01609504630098	199.0
113.02609558563788	199.0
113.03609612497478	199.0
113.04609666431168	199.0
113.05609720364858	201.0
113.06609774298548	201.0
113.07609828232238	203.0
113.08609882165928	203.0
113.09609936099618	203.0
113.10609990033308	203.0
113.11610043966998	203.0
113.12610097900688	203.0
113.13610151834378	203.0
113.14610205768068	206.0
113.15610259701758	206.0
113.16610313635448	206.0
113.17610367569138	203.0
113.18610421502828	203.0
113.19610475436517	201.0
113.20610529370207	201.0
113.21610583303897	199.0
113.22610637237587	196.0
113.23610691171277	194.0
113.24610745104967	192.0
113.25610799038657	190.0
113.26610852972347	187.0
113.27610906906037	187.0
113.28610960839727	187.0
113.29611014773417	185.0
113.30611068707107	187.0
113.31611122640797	190.0
113.32611176574487	201.0
113.33611230508177	228.0
113.34611284441867	242.0
113.35611338375557	250.0
113.36611392309247	256.0
113.37611446242936	259.0
113.38611500176626	262.0
113.39611554110316	262.0
113.40611608044006	259.0
113.41611661977696	259.0
113.42611715911386	259.0
113.43611769845076	256.0
113.44611823778766	256.0
113.45611877712456	256.0
113.46611931646146	256.0
113.47611985579836	253.0
113.48612039513526	253.0
113.49612093447216	253.0
113.50612147380906	250.0
113.51612201314596	250.0
113.52612255248286	250.0
113.53612309181976	250.0
113.54612363115666	250.0
113.55612417049355	250.0
113.56612470983045	250.0
113.57612524916735	253.0
113.58612578850425	253.0
113.59612632784115	250.0
113.60612686717805	250.0
113.61612740651495	245.0
113.62612794585185	236.0
113.63612848518875	228.0
113.64612902452565	228.0
113.65612956386255	231.0
113.66613010319945	239.0
113.67613064253635	248.0
113.68613118187325	256.0
113.69613172121015	265.0
113.70613226054705	268.0
113.71613279988395	272.0
113.72613333922085	275.0
113.73613387855774	272.0
113.74613441789464	268.0
113.75613495723154	265.0
113.76613549656844	259.0
113.77613603590534	253.0
113.78613657524224	248.0
113.79613711457914	242.0
113.80613765391604	234.0
113.81613819325294	228.0
113.82613873258984	226.0
113.83613927192674	223.0
113.84613981126364	223.0
113.85614035060054	223.0
113.86614088993744	223.0
113.87614142927434	226.0
113.88614196861124	226.0
113.89614250794814	226.0
113.90614304728504	226.0
113.91614358662193	226.0
113.92614412595883	210.0
113.93614466529573	208.0
113.94614520463263	208.0
113.95614574396953	206.0
113.96614628330643	208.0
113.97614682264333	210.0
113.98614736198023	213.0
113.99614790131713	220.0
114.00614844065403	256.0
114.01614897999093	259.0
114.02614951932783	262.0
114.03615005866473	262.0
114.04615059800163	259.0
114.05615113733853	259.0
114.06615167667543	256.0
114.07615221601233	256.0
114.08615275534923	256.0
114.09615329468612	256.0
114.10615383402302	256.0
114.11615437335992	253.0
114.12615491269682	253.0
114.13615545203372	253.0
114.14615599137062	253.0
114.15615653070752	253.0
114.16615707004442	256.0
114.17615760938132	259.0
114.18615814871822	262.0
114.19615868805512	265.0
114.20615922739202	272.0
114.21615976672892	275.0
114.22616030606582	275.0
114.23616084540272	268.0
114.24616138473962	256.0
114.25616192407652	250.0
114.26616246341342	0.0
114.27616300275032	0.0
114.28616354208721	0.0
114.29616408142411	0.0
114.30616462076101	0.0
114.31616516009791	0.0
114.32616569943481	0.0
114.33616623877171	0.0
114.34616677810861	0.0
114.35616731744551	199.0
114.36616785678241	196.0
114.37616839611931	196.0
114.38616893545621	199.0
114.39616947479311	201.0
114.40617001413001	201.0
114.41617055346691	203.0
114.42617109280381	203.0
114.43617163214071	203.0
114.44617217147761	203.0
114.45617271081451	203.0
114.4661732501514	201.0
114.4761737894883	201.0
114.4861743288252	201.0
114.4961748681621	201.0
114.506175407499	201.0
114.5161759468359	201.0
114.5261764861728	201.0
114.5361770255097	201.0
114.5461775648466	201.0
114.5561781041835	201.0
114.5661786435204	201.0
114.5761791828573	196.0
114.5861797221942	192.0
114.5961802615311	187.0
114.606180800868	185.0
114.6161813402049	185.0
114.6261818795418	187.0
114.6361824188787	203.0
114.64618295821559	215.0
114.65618349755249	228.0
114.66618403688939	242.0
114.67618457622629	253.0
114.68618511556319	259.0
114.69618565490009	262.0
114.70618619423699	262.0
114.71618673357389	259.0
114.72618727291079	256.0
114.73618781224769	253.0
114.74618835158459	248.0
114.75618889092149	242.0
114.7661894302584	236.0
114.7761899695953	231.0
114.7861905089322	228.0
114.7961910482691	226.0
114.806191587606	226.0
114.8161921269429	223.0
114.82619266627978	223.0
114.83619320561668	220.0
114.84619374495358	220.0
114.85619428429048	223.0
114.86619482362738	226.0
114.87619536296428	234.0
114.88619590230118	245.0
114.89619644163808	256.0
114.90619698097498	265.0
114.91619752031188	268.0
114.92619805964878	272.0
114.93619859898568	265.0
114.94619913832258	259.0
114.95619967765948	248.0
114.96620021699638	239.0
114.97620075633328	0.0
114.98620129567018	0.0
114.99620183500708	0.0
115.00620237434397	0.0
115.01620291368087	206.0
115.02620345301777	203.0
115.03620399235467	199.0
115.04620453169157	196.0
115.05620507102847	194.0
115.06620561036537	194.0
115.07620614970227	192.0
115.08620668903917	194.0
115.09620722837607	194.0
115.10620776771297	196.0
115.11620830704987	199.0
115.12620884638677	201.0
115.13620938572367	201.0
115.14620992506057	201.0
115.15621046439747	203.0
115.16621100373438	203.0
115.17621154307128	203.0
115.18621208240816	206.0
115.19621262174506	206.0
115.20621316108196	203.0
115.21621370041886	203.0
115.22621423975576	203.0
115.23621477909266	203.0
115.24621531842956	203.0
115.25621585776646	203.0
115.26621639710336	201.0
115.27621693644026	199.0
115.28621747577716	196.0
115.29621801511406	192.0
115.30621855445096	187.0
115.31621909378786	185.0
115.32621963312477	183.0
115.33622017246167	181.0
115.34622071179857	183.0
115.35622125113547	190.0
115.36622179047235	196.0
115.37622232980925	201.0
115.38622286914615	203.0
115.39622340848305	203.0
115.40622394781995	203.0
115.41622448715685	203.0
115.42622502649375	201.0
115.43622556583065	201.0
115.44622610516755	201.0
115.45622664450445	201.0
115.46622718384135	199.0
115.47622772317825	196.0
115.48622826251516	194.0
115.49622880185206	192.0
115.50622934118896	187.0
115.51622988052586	185.0
115.52623041986276	179.0
115.53623095919966	175.0
115.54623149853654	167.0
115.55623203787344	161.0
115.56623257721034	159.0
115.57623311654724	158.0
115.58623365588414	161.0
115.59623419522104	167.0
115.60623473455794	175.0
115.61623527389484	0.0
115.62623581323174	0.0
115.63623635256864	0.0
115.64623689190555	0.0
115.65623743124245	0.0
115.66623797057935	0.0
115.67623850991625	0.0
115.68623904925315	0.0
115.69623958859005	0.0
115.70624012792695	0.0
115.71624066726385	0.0
115.72624120660075	206.0
115.73624174593763	206.0
115.74624228527453	203.0
115.75624282461143	201.0
115.76624336394833	199.0
115.77624390328523	199.0
115.78624444262213	196.0
115.79624498195903	196.0
115.80624552129593	196.0
115.81624606063284	196.0
115.82624659996974	199.0
115.83624713930664	199.0
115.84624767864354	199.0
115.85624821798044	199.0
115.86624875731734	199.0
115.87624929665424	199.0
115.88624983599114	199.0
115.89625037532804	199.0
115.90625091466494	199.0
115.91625145400182	199.0
115.92625199333872	199.0
115.93625253267562	199.0
115.94625307201252	199.0
115.95625361134942	199.0
115.96625415068632	196.0
115.97625469002323	192.0
115.98625522936013	190.0
115.99625576869703	187.0
116.00625630803393	185.0
116.01625684737083	185.0
116.02625738670773	185.0
116.03625792604463	206.0
116.04625846538153	218.0
116.05625900471843	234.0
116.06625954405533	245.0
116.07626008339223	253.0
116.08626062272913	259.0
116.09626116206601	262.0
116.10626170140291	265.0
116.11626224073981	262.0
116.12626278007671	259.0
116.13626331941362	256.0
116.14626385875052	250.0
116.15626439808742	248.0
116.16626493742432	242.0
116.17626547676122	236.0
116.18626601609812	234.0
116.19626655543502	231.0
116.20626709477192	228.0
116.21626763410882	228.0
116.22626817344572	228.0
116.23626871278262	226.0
116.24626925211952	226.0
116.25626979145642	228.0
116.26627033079332	228.0
116.2762708701302	228.0
116.2862714094671	228.0
116.296271948804	228.0
116.3062724881409	228.0
116.3162730274778	226.0
116.3262735668147	223.0
116.3362741061516	223.0
116.3462746454885	228.0
116.3562751848254	234.0
116.3662757241623	245.0
116.37627626349921	250.0
116.38627680283611	256.0
116.39627734217301	262.0
116.40627788150991	262.0
116.41627842084681	262.0
116.42627896018371	262.0
116.43627949952061	259.0
116.44628003885751	256.0
116.4562805781944	256.0
116.4662811175313	253.0
116.4762816568682	250.0
116.4862821962051	250.0
116.496282735542	250.0
116.5062832748789	250.0
116.5162838142158	250.0
116.5262843535527	250.0
116.5362848928896	253.0
116.5462854322265	253.0
116.5562859715634	253.0
116.5662865109003	253.0
116.5762870502372	253.0
116.5862875895741	253.0
116.596288128911	253.0
116.6062886682479	253.0
116.6162892075848	253.0
116.6262897469217	253.0
116.63629028625859	253.0
116.64629082559549	253.0
116.65629136493239	253.0
116.66629190426929	250.0
116.67629244360619	248.0
116.68629298294309	242.0
116.69629352227999	236.0
116.70629406161689	239.0
116.71629460095379	248.0
116.72629514029069	259.0
116.73629567962759	268.0
116.74629621896449	278.0
116.75629675830139	281.0
116.76629729763829	281.0
116.77629783697519	281.0
116.78629837631209	278.0
116.79629891564899	272.0
116.80629945498589	268.0
116.81629999432278	265.0
116.82630053365968	262.0
116.83630107299658	259.0
116.84630161233348	253.0
116.85630215167038	245.0
116.86630269100728	239.0
116.87630323034418	231.0
116.88630376968108	228.0
116.89630430901798	226.0
116.90630484835488	223.0
116.91630538769178	223.0
116.92630592702868	223.0
116.93630646636558	226.0
116.94630700570248	226.0
116.95630754503938	226.0
116.96630808437628	226.0
116.97630862371318	226.0
116.98630916305008	223.0
116.99630970238697	220.0
117.00631024172387	218.0
117.01631078106077	220.0
117.02631132039767	226.0
117.03631185973457	231.0
117.04631239907147	245.0
117.05631293840837	259.0
117.06631347774527	265.0
117.07631401708217	268.0
117.08631455641907	268.0
117.09631509575597	268.0
117.10631563509287	265.0
117.11631617442977	259.0
117.12631671376667	256.0
117.13631725310357	253.0
117.14631779244047	250.0
117.15631833177737	250.0
117.16631887111427	253.0
117.17631941045117	256.0
117.18631994978806	262.0
117.19632048912496	272.0
117.20632102846186	275.0
117.21632156779876	275.0
117.22632210713566	272.0
117.23632264647256	268.0
117.24632318580946	262.0
117.25632372514636	256.0
117.26632426448326	250.0
117.27632480382016	245.0
117.28632534315706	242.0
117.29632588249396	239.0
117.30632642183086	234.0
117.31632696116776	228.0
117.32632750050466	0.0
117.33632803984156	0.0
117.34632857917846	0.0
117.35632911851536	0.0
117.36632965785225	0.0
117.37633019718915	0.0
117.38633073652605	0.0
117.39633127586295	0.0
117.40633181519985	0.0
117.41633235453675	0.0
117.42633289387365	308.0
117.43633343321055	308.0
117.44633397254745	308.0
117.45633451188435	305.0
117.46633505122125	305.0
117.47633559055815	305.0
117.48633612989505	305.0
117.49633666923195	305.0
117.50633720856885	305.0
117.51633774790575	305.0
117.52633828724265	305.0
117.53633882657955	305.0
117.54633936591644	305.0
117.55633990525334	305.0
117.56634044459024	305.0
117.57634098392714	305.0
117.58634152326404	305.0
117.59634206260094	305.0
117.60634260193784	305.0
117.61634314127474	308.0
117.62634368061164	308.0
117.63634421994854	308.0
117.64634475928544	305.0
117.65634529862234	305.0
117.66634583795924	298.0
117.67634637729614	275.0
117.68634691663304	262.0
117.69634745596994	259.0
117.70634799530684	256.0
117.71634853464374	253.0
117.72634907398063	250.0
117.73634961331753	248.0
117.74635015265443	245.0
117.75635069199133	245.0
117.76635123132823	248.0
117.77635177066513	245.0
117.78635231000203	242.0
117.79635284933893	239.0
117.80635338867583	236.0
117.81635392801273	236.0
117.82635446734963	236.0
117.83635500668653	239.0
117.84635554602343	245.0
117.85635608536033	248.0
117.86635662469723	256.0
117.87635716403413	262.0
117.88635770337103	265.0
117.89635824270793	268.0
117.90635878204482	268.0
117.91635932138172	265.0
117.92635986071862	262.0
117.93636040005552	256.0
117.94636093939242	253.0
117.95636147872932	248.0
117.96636201806622	245.0
117.97636255740312	239.0
117.98636309674002	231.0
117.99636363607692	220.0
118.00636417541382	0.0
118.01636471475072	0.0
118.02636525408762	0.0
118.03636579342452	0.0
118.04636633276142	0.0
118.05636687209832	0.0
118.06636741143522	0.0
118.07636795077212	0.0
118.08636849010901	0.0
118.09636902944591	0.0
118.10636956878281	301.0
118.11637010811971	301.0
118.12637064745661	301.0
118.13637118679351	305.0
118.14637172613041	305.0
118.15637226546731	305.0
118.16637280480421	305.0
118.17637334414111	305.0
118.18637388347801	305.0
118.19637442281491	305.0
118.20637496215181	305.0
118.21637550148871	305.0
118.22637604082561	305.0
118.23637658016251	305.0
118.24637711949941	305.0
118.25637765883631	301.0
118.2663781981732	301.0
118.2763787375101	301.0
118.286379276847	301.0
118.2963798161839	301.0
118.3063803555208	301.0
118.3163808948577	301.0
118.3263814341946	301.0
118.3363819735315	291.0
118.3463825128684	259.0
118.3563830522053	253.0
118.3663835915422	253.0
118.3763841308791	253.0
118.386384670216	259.0
118.3963852095529	268.0
118.4063857488898	308.0
118.4163862882267	0.0
118.4263868275636	363.0
118.4363873669005	363.0
118.44638790623739	358.0
118.45638844557429	358.0
118.46638898491119	358.0
118.47638952424809	354.0
118.48639006358499	350.0
118.49639060292189	346.0
118.50639114225879	342.0
118.51639168159569	342.0
118.52639222093259	338.0
118.5363927602695	338.0
118.5463932996064	338.0
118.5563938389433	338.0
118.5663943782802	338.0
118.5763949176171	338.0
118.586395456954	338.0
118.5963959962909	338.0
118.6063965356278	338.0
118.6163970749647	342.0
118.6263976143016	346.0
118.63639815363848	350.0
118.64639869297538	354.0
118.65639923231228	358.0
118.66639977164918	363.0
118.67640031098608	363.0
118.68640085032298	358.0
118.69640138965988	354.0
118.70640192899678	354.0
118.71640246833368	346.0
118.72640300767058	342.0
118.73640354700748	338.0
118.74640408634438	334.0
118.75640462568128	334.0
118.76640516501818	334.0
118.77640570435508	334.0
118.78640624369199	334.0
118.79640678302889	338.0
118.80640732236579	342.0
118.81640786170267	346.0
118.82640840103957	354.0
118.83640894037647	363.0
118.84640947971337	363.0
118.85641001905027	367.0
118.86641055838717	363.0
118.87641109772407	358.0
118.88641163706097	354.0
118.89641217639787	346.0
118.90641271573477	338.0
118.91641325507167	331.0
118.92641379440857	327.0
118.93641433374547	331.0
118.94641487308238	334.0
118.95641541241928	342.0
118.96641595175618	363.0
118.97641649109308	380.0
118.98641703042998	407.0
118.99641756976686	431.0
119.00641810910376	447.0
119.01641864844066	447.0
119.02641918777756	0.0
119.03641972711446	0.0
119.04642026645136	0.0
119.05642080578826	0.0
119.06642134512516	0.0
119.07642188446206	0.0
119.08642242379896	0.0
119.09642296313586	0.0
119.10642350247277	0.0
119.11642404180967	342.0
119.12642458114657	342.0
119.13642512048347	338.0
119.14642565982037	338.0
119.15642619915727	334.0
119.16642673849417	334.0
119.17642727783105	334.0
119.18642781716795	334.0
119.19642835650485	334.0
119.20642889584175	338.0
119.21642943517865	338.0
119.22642997451555	342.0
119.23643051385245	346.0
119.24643105318935	350.0
119.25643159252625	354.0
119.26643213186316	358.0
119.27643267120006	363.0
119.28643321053696	367.0
119.29643374987386	367.0
119.30643428921076	367.0
119.31643482854766	367.0
119.32643536788456	363.0
119.33643590722146	358.0
119.34643644655836	354.0
119.35643698589524	350.0
119.36643752523214	346.0
119.37643806456904	342.0
119.38643860390594	334.0
119.39643914324284	327.0
119.40643968257974	323.0
119.41644022191664	319.0
119.42644076125355	316.0
119.43644130059045	312.0
119.44644183992735	308.0
119.45644237926425	305.0
119.46644291860115	305.0
119.47644345793805	301.0
119.48644399727495	301.0
119.49644453661185	301.0
119.50644507594875	301.0
119.51644561528565	301.0
119.52644615462255	301.0
119.53644669395943	305.0
119.54644723329633	305.0
119.55644777263323	305.0
119.56644831197013	305.0
119.57644885130703	305.0
119.58644939064393	305.0
119.59644992998084	305.0
119.60645046931774	305.0
119.61645100865464	305.0
119.62645154799154	308.0
119.63645208732844	308.0
119.64645262666534	308.0
119.65645316600224	308.0
119.66645370533914	305.0
119.67645424467604	305.0
119.68645478401294	305.0
119.69645532334984	305.0
119.70645586268674	301.0
119.71645640202362	301.0
119.72645694136052	301.0
119.73645748069742	301.0
119.74645802003432	301.0
119.75645855937123	301.0
119.76645909870813	301.0
119.77645963804503	301.0
119.78646017738193	301.0
119.79646071671883	298.0
119.80646125605573	298.0
119.81646179539263	291.0
119.82646233472953	288.0
119.83646287406643	284.0
119.84646341340333	0.0
119.85646395274023	0.0
119.86646449207713	0.0
119.87646503141403	0.0
119.88646557075093	0.0
119.89646611008781	0.0
119.90646664942471	0.0
119.91646718876162	0.0
119.92646772809852	0.0
119.93646826743542	0.0
119.94646880677232	0.0
119.95646934610922	0.0
119.96646988544612	0.0
119.97647042478302	0.0
119.98647096411992	0.0
119.99647150345682	0.0
120.00647204279372	0.0
120.01647258213062	0.0
120.02647312146752	0.0
120.03647366080442	0.0
120.04647420014132	0.0
120.05647473947822	0.0
120.06647527881512	0.0
120.07647581815202	0.0
120.0864763574889	0.0
120.0964768968258	0.0
120.1064774361627	0.0
120.1164779754996	0.0
120.1264785148365	0.0
120.1364790541734	0.0
120.1464795935103	0.0
120.15648013284721	0.0
120.16648067218411	0.0
120.17648121152101	0.0
120.18648175085791	0.0
120.19648229019481	0.0
120.20648282953171	0.0
120.21648336886861	0.0
120.22648390820551	0.0
120.23648444754241	0.0
120.24648498687931	0.0
120.25648552621621	0.0
120.2664860655531	0.0
120.27648660489	0.0
120.2864871442269	0.0
120.2964876835638	0.0
120.3064882229007	0.0
120.3164887622376	0.0
120.3264893015745	0.0
120.3364898409114	0.0
120.3464903802483	0.0
120.3564909195852	0.0
120.3664914589221	0.0
120.376491998259	0.0
120.3864925375959	0.0
120.3964930769328	0.0
120.4064936162697	262.0
120.4164941556066	259.0
120.4264946949435	256.0
120.4364952342804	256.0
120.44649577361729	253.0
120.45649631295419	248.0
120.46649685229109	253.0
120.47649739162799	259.0
120.48649793096489	259.0
120.49649847030179	256.0
120.50649900963869	256.0
120.51649954897559	253.0
120.52650008831249	253.0
120.53650062764939	256.0
120.54650116698629	256.0
120.55650170632319	262.0
120.56650224566009	265.0
120.57650278499699	268.0
120.58650332433389	272.0
120.59650386367079	272.0
120.60650440300769	272.0
120.61650494234459	268.0
120.62650548168148	262.0
120.63650602101838	259.0
120.64650656035528	256.0
120.65650709969218	250.0
120.66650763902908	250.0
120.67650817836598	250.0
120.68650871770288	248.0
120.69650925703978	248.0
120.70650979637668	236.0
120.71651033571358	228.0
120.72651087505048	223.0
120.73651141438738	0.0
120.74651195372428	0.0
120.75651249306118	0.0
120.76651303239808	0.0
120.77651357173498	0.0
120.78651411107188	0.0
120.79651465040878	0.0
120.80651518974567	308.0
120.81651572908257	305.0
120.82651626841947	305.0
120.83651680775637	305.0
120.84651734709327	305.0
120.85651788643017	305.0
120.86651842576707	305.0
120.87651896510397	305.0
120.88651950444087	305.0
120.89652004377777	301.0
120.90652058311467	301.0
120.91652112245157	301.0
120.92652166178847	301.0
120.93652220112537	301.0
120.94652274046227	301.0
120.95652327979917	301.0
120.96652381913607	301.0
120.97652435847297	301.0
120.98652489780986	305.0
120.99652543714676	305.0
121.00652597648366	305.0
121.01652651582056	301.0
121.02652705515746	301.0
121.03652759449436	301.0
121.04652813383126	294.0
121.05652867316816	291.0
121.06652921250506	256.0
121.07652975184196	253.0
121.08653029117886	253.0
121.09653083051576	256.0
121.10653136985266	262.0
121.11653190918956	312.0
121.12653244852646	350.0
121.13653298786336	358.0
121.14653352720026	363.0
121.15653406653716	363.0
121.16653460587405	358.0
121.17653514521095	354.0
121.18653568454785	346.0
121.19653622388475	342.0
121.20653676322165	338.0
121.21653730255855	334.0
121.22653784189545	331.0
121.23653838123235	331.0
121.24653892056925	331.0
121.25653945990615	331.0
121.26653999924305	331.0
121.27654053857995	334.0
121.28654107791685	334.0
121.29654161725375	338.0
121.30654215659065	342.0
121.31654269592755	350.0
121.32654323526445	358.0
121.33654377460135	367.0
121.34654431393824	375.0
121.35654485327514	384.0
121.36654539261204	393.0
121.37654593194894	393.0
121.38654647128584	393.0
121.39654701062274	0.0
121.40654754995964	0.0
121.41654808929654	0.0
121.42654862863344	0.0
121.43654916797034	0.0
121.44654970730724	0.0
121.45655024664414	0.0
121.46655078598104	0.0
121.47655132531794	294.0
121.48655186465484	294.0
121.49655240399174	294.0
121.50655294332864	291.0
121.51655348266554	291.0
121.52655402200244	291.0
121.53655456133933	294.0
121.54655510067623	294.0
121.55655564001313	298.0
121.56655617935003	301.0
121.57655671868693	301.0
121.58655725802383	305.0
121.59655779736073	305.0
121.60655833669763	305.0
121.61655887603453	305.0
121.62655941537143	308.0
121.63655995470833	308.0
121.64656049404523	308.0
121.65656103338213	308.0
121.66656157271903	308.0
121.67656211205593	308.0
121.68656265139283	305.0
121.69656319072973	305.0
121.70656373006663	301.0
121.71656426940352	301.0
121.72656480874042	298.0
121.73656534807732	294.0
121.74656588741422	265.0
121.75656642675112	256.0
121.76656696608802	256.0
121.77656750542492	259.0
121.78656804476182	268.0
121.79656858409872	278.0
121.80656912343562	354.0
121.81656966277252	363.0
121.82657020210942	363.0
121.83657074144632	354.0
121.84657128078322	350.0
121.85657182012012	342.0
121.86657235945702	338.0
121.87657289879392	334.0
121.88657343813082	334.0
121.89657397746771	338.0
121.90657451680461	346.0
121.91657505614151	354.0
121.92657559547841	363.0
121.93657613481531	367.0
121.94657667415221	371.0
121.95657721348911	371.0
121.96657775282601	371.0
121.97657829216291	367.0
121.98657883149981	358.0
121.99657937083671	350.0
122.00657991017361	342.0
122.01658044951051	338.0
122.02658098884741	334.0
122.03658152818431	334.0
122.04658206752121	334.0
122.05658260685811	334.0
122.06658314619501	334.0
122.0765836855319	312.0
122.0865842248688	288.0
122.0965847642057	288.0
122.1065853035426	0.0
122.1165858428795	0.0
122.1265863822164	0.0
122.1365869215533	0.0
122.1465874608902	0.0
122.1565880002271	0.0
122.166588539564	0.0
122.1765890789009	412.0
122.1865896182378	412.0
122.1965901575747	412.0
122.2065906969116	412.0
122.2165912362485	412.0
122.2265917755854	412.0
122.2365923149223	412.0
122.2465928542592	412.0
122.25659339359609	412.0
122.26659393293299	407.0
122.27659447226989	407.0
122.28659501160679	407.0
122.29659555094369	407.0
122.30659609028059	407.0
122.3165966296175	407.0
122.3265971689544	407.0
122.3365977082913	407.0
122.3465982476282	407.0
122.3565987869651	407.0
122.366599326302	407.0
122.3765998656389	407.0
122.3866004049758	407.0
122.3966009443127	407.0
122.4066014836496	407.0
122.4166020229865	412.0
122.4266025623234	412.0
122.43660310166028	407.0
122.44660364099718	398.0
122.45660418033408	393.0
122.46660471967098	393.0
122.47660525900788	398.0
122.48660579834478	402.0
122.49660633768168	417.0
122.50660687701858	462.0
122.51660741635548	473.0
122.52660795569238	479.0
122.53660849502928	484.0
122.54660903436618	490.0
122.55660957370308	479.0
122.56661011303999	473.0
122.57661065237689	468.0
122.58661119171379	462.0
122.59661173105069	457.0
122.60661227038759	457.0
122.61661280972447	462.0
122.62661334906137	468.0
122.63661388839827	473.0
122.64661442773517	473.0
122.65661496707207	479.0
122.66661550640897	473.0
122.67661604574587	473.0
122.68661658508277	468.0
122.69661712441967	462.0
122.70661766375657	457.0
122.71661820309347	452.0
122.72661874243038	447.0
122.73661928176728	441.0
122.74661982110418	436.0
122.75662036044108	436.0
122.76662089977798	436.0
122.77662143911488	389.0
122.78662197845178	0.0
122.79662251778866	0.0
122.80662305712556	0.0
122.81662359646246	0.0
122.82662413579936	0.0
122.83662467513626	0.0
122.84662521447316	0.0
122.85662575381006	507.0
122.86662629314696	513.0
122.87662683248386	513.0
122.88662737182077	507.0
122.89662791115767	513.0
122.90662845049457	519.0
122.91662898983147	519.0
122.92662952916837	513.0
122.93663006850527	513.0
122.94663060784217	513.0
122.95663114717907	513.0
122.96663168651597	513.0
122.97663222585287	513.0
122.98663276518975	507.0
122.99663330452665	507.0
123.00663384386355	507.0
123.01663438320045	507.0
123.02663492253735	507.0
123.03663546187425	507.0
123.04663600121116	513.0
123.05663654054806	513.0
123.06663707988496	513.0
123.07663761922186	513.0
123.08663815855876	507.0
123.09663869789566	507.0
123.10663923723256	501.0
123.11663977656946	496.0
123.12664031590636	457.0
123.13664085524326	436.0
123.14664139458016	412.0
123.15664193391706	384.0
123.16664247325394	375.0
123.17664301259084	358.0
123.18664355192774	346.0
123.19664409126464	334.0
123.20664463060155	334.0
123.21664516993845	338.0
123.22664570927535	346.0
123.23664624861225	354.0
123.24664678794915	367.0
123.25664732728605	375.0
123.26664786662295	389.0
123.27664840595985	402.0
123.28664894529675	417.0
123.29664948463365	436.0
123.30665002397055	452.0
123.31665056330745	468.0
123.32665110264435	490.0
123.33665164198125	507.0
123.34665218131813	519.0
123.35665272065503	525.0
123.36665325999193	531.0
123.37665379932884	537.0
123.38665433866574	531.0
123.39665487800264	531.0
123.40665541733954	525.0
123.41665595667644	519.0
123.42665649601334	513.0
123.43665703535024	507.0
123.44665757468714	501.0
123.45665811402404	496.0
123.46665865336094	490.0
123.47665919269784	484.0
123.48665973203474	479.0
123.49666027137164	473.0
123.50666081070854	473.0
123.51666135004544	468.0
123.52666188938232	468.0
123.53666242871923	462.0
123.54666296805613	462.0
123.55666350739303	462.0
123.56666404672993	462.0
123.57666458606683	462.0
123.58666512540373	462.0
123.59666566474063	468.0
123.60666620407753	473.0
123.61666674341443	484.0
123.62666728275133	490.0
123.63666782208823	501.0
123.64666836142513	501.0
123.65666890076203	507.0
123.66666944009893	507.0
123.67666997943583	507.0
123.68667051877273	507.0
123.69667105810963	501.0
123.70667159744652	496.0
123.71667213678342	484.0
123.72667267612032	479.0
123.73667321545722	468.0
123.74667375479412	468.0
123.75667429413102	462.0
123.76667483346792	462.0
123.77667537280482	468.0
123.78667591214172	468.0
123.79667645147862	468.0
123.80667699081552	468.0
123.81667753015242	468.0
123.82667806948932	468.0
123.83667860882622	468.0
123.84667914816312	468.0
123.85667968750002	462.0
123.86668022683692	457.0
123.87668076617382	412.0
123.8866813055107	407.0
123.8966818448476	407.0
123.9066823841845	0.0
123.9166829235214	0.0
123.9266834628583	0.0
123.93668400219521	479.0
123.94668454153211	496.0
123.95668508086901	507.0
123.96668562020591	519.0
123.97668615954281	525.0
123.98668669887971	525.0
123.99668723821661	525.0
124.00668777755351	525.0
124.01668831689041	525.0
124.02668885622731	525.0
124.03668939556421	519.0
124.04668993490111	519.0
124.05669047423801	519.0
124.0666910135749	513.0
124.0766915529118	513.0
124.0866920922487	513.0
124.0966926315856	513.0
124.1066931709225	513.0
124.1166937102594	513.0
124.1266942495963	513.0
124.1366947889332	513.0
124.1466953282701	513.0
124.156695867607	513.0
124.1666964069439	507.0
124.1766969462808	507.0
124.1866974856177	513.0
124.1966980249546	513.0
124.2066985642915	507.0
124.2166991036284	490.0
124.2266996429653	473.0
124.2367001823022	0.0
124.24670072163909	0.0
124.25670126097599	0.0
124.26670180031289	0.0
124.27670233964979	0.0
124.28670287898669	0.0
124.29670341832359	496.0
124.30670395766049	496.0
124.31670449699739	501.0
124.32670503633429	507.0
124.33670557567119	513.0
124.34670611500809	513.0
124.35670665434499	513.0
124.36670719368189	507.0
124.37670773301879	507.0
124.38670827235569	507.0
124.39670881169259	507.0
124.40670935102949	507.0
124.41670989036639	507.0
124.42671042970329	507.0
124.43671096904018	507.0
124.44671150837708	507.0
124.45671204771398	507.0
124.46671258705088	507.0
124.47671312638778	507.0
124.48671366572468	507.0
124.49671420506158	507.0
124.50671474439848	507.0
124.51671528373538	507.0
124.52671582307228	507.0
124.53671636240918	507.0
124.54671690174608	501.0
124.55671744108298	501.0
124.56671798041988	496.0
124.57671851975678	490.0
124.58671905909368	484.0
124.59671959843058	479.0
124.60672013776748	468.0
124.61672067710437	462.0
124.62672121644127	457.0
124.63672175577817	452.0
124.64672229511507	447.0
124.65672283445197	441.0
124.66672337378887	436.0
124.67672391312577	426.0
124.68672445246267	417.0
124.69672499179957	417.0
124.70672553113647	412.0
124.71672607047337	412.0
124.72672660981027	407.0
124.73672714914717	407.0
124.74672768848407	402.0
124.75672822782097	402.0
124.76672876715787	402.0
124.77672930649477	402.0
124.78672984583167	402.0
124.79673038516856	402.0
124.80673092450546	402.0
124.81673146384236	402.0
124.82673200317926	402.0
124.83673254251616	402.0
124.84673308185306	402.0
124.85673362118996	402.0
124.86673416052686	407.0
124.87673469986376	407.0
124.88673523920066	407.0
124.89673577853756	407.0
124.90673631787446	402.0
124.91673685721136	402.0
124.92673739654826	402.0
124.93673793588516	402.0
124.94673847522206	398.0
124.95673901455896	398.0
124.96673955389586	398.0
124.97674009323275	393.0
124.98674063256965	389.0
124.99674117190655	0.0
125.00674171124345	0.0
125.01674225058035	0.0
125.02674278991725	0.0
125.03674332925415	457.0
125.04674386859105	468.0
125.05674440792795	484.0
125.06674494726485	496.0
125.07674548660175	507.0
125.08674602593865	507.0
125.09674656527555	501.0
125.10674710461245	496.0
125.11674764394935	484.0
125.12674818328625	473.0
125.13674872262315	462.0
125.14674926196005	457.0
125.15674980129694	457.0
125.16675034063384	452.0
125.17675087997074	452.0
125.18675141930764	452.0
125.19675195864454	452.0
125.20675249798144	452.0
125.21675303731834	452.0
125.22675357665524	452.0
125.23675411599214	452.0
125.24675465532904	452.0
125.25675519466594	452.0
125.26675573400284	452.0
125.27675627333974	447.0
125.28675681267664	441.0
125.29675735201354	402.0
125.30675789135044	402.0
125.31675843068734	452.0
125.32675897002424	462.0
125.33675950936113	484.0
125.34676004869803	501.0
125.35676058803493	513.0
125.36676112737183	513.0
125.37676166670873	513.0
125.38676220604563	507.0
125.39676274538253	501.0
125.40676328471943	496.0
125.41676382405633	484.0
125.42676436339323	479.0
125.43676490273013	473.0
125.44676544206703	473.0
125.45676598140393	468.0
125.46676652074083	462.0
125.47676706007773	457.0
125.48676759941463	457.0
125.49676813875153	452.0
125.50676867808843	452.0
125.51676921742532	452.0
125.52676975676222	452.0
125.53677029609912	452.0
125.54677083543602	457.0
125.55677137477292	462.0
125.56677191410982	468.0
125.57677245344672	473.0
125.58677299278362	479.0
125.59677353212052	490.0
125.60677407145742	496.0
125.61677461079432	496.0
125.62677515013122	496.0
125.63677568946812	496.0
125.64677622880502	496.0
125.65677676814192	490.0
125.66677730747882	484.0
125.67677784681572	479.0
125.68677838615262	468.0
125.69677892548951	462.0
125.70677946482641	452.0
125.71678000416331	441.0
125.72678054350021	426.0
125.73678108283711	417.0
125.74678162217401	407.0
125.75678216151091	398.0
125.76678270084781	393.0
125.77678324018471	389.0
125.78678377952161	380.0
125.79678431885851	371.0
125.80678485819541	363.0
125.81678539753231	358.0
125.82678593686921	354.0
125.83678647620611	350.0
125.84678701554301	346.0
125.85678755487992	346.0
125.86678809421682	346.0
125.87678863355372	346.0
125.8867891728906	342.0
125.8967897122275	342.0
125.9067902515644	342.0
125.9167907909013	342.0
125.9267913302382	346.0
125.9367918695751	354.0
125.946792408912	358.0
125.9567929482489	358.0
125.9667934875858	358.0
125.9767940269227	350.0
125.9867945662596	342.0
125.9967951055965	331.0
126.0067956449334	323.0
126.0167961842703	308.0
126.0267967236072	301.0
126.0367972629441	294.0
126.046797802281	256.0
126.0567983416179	250.0
126.06679888095479	250.0
126.07679942029169	0.0
126.08679995962859	0.0
126.0968004989655	0.0
126.1068010383024	0.0
126.1168015776393	0.0
126.1268021169762	0.0
126.1368026563131	0.0
126.14680319565	417.0
126.1568037349869	417.0
126.1668042743238	417.0
126.1768048136607	417.0
126.1868053529976	417.0
126.1968058923345	417.0
126.2068064316714	417.0
126.2168069710083	417.0
126.2268075103452	417.0
126.2368080496821	417.0
126.24680858901898	417.0
126.25680912835588	417.0
126.26680966769278	412.0
126.27681020702968	412.0
126.28681074636658	412.0
126.29681128570348	412.0
126.30681182504038	412.0
126.31681236437728	412.0
126.32681290371418	412.0
126.33681344305108	412.0
126.34681398238799	412.0
126.35681452172489	407.0
126.36681506106179	402.0
126.37681560039869	375.0
126.38681613973559	0.0
126.39681667907249	0.0
126.40681721840939	0.0
126.41681775774629	0.0
126.42681829708317	0.0
126.43681883642007	0.0
126.44681937575697	0.0
126.45681991509387	0.0
126.46682045443077	402.0
126.47682099376767	402.0
126.48682153310457	402.0
126.49682207244147	402.0
126.50682261177838	402.0
126.51682315111528	402.0
126.52682369045218	402.0
126.53682422978908	402.0
126.54682476912598	402.0
126.55682530846288	407.0
126.56682584779978	407.0
126.57682638713668	407.0
126.58682692647358	407.0
126.59682746581048	407.0
126.60682800514736	407.0
126.61682854448426	407.0
126.62682908382116	407.0
126.63682962315806	407.0
126.64683016249496	407.0
126.65683070183186	407.0
126.66683124116877	407.0
126.67683178050567	407.0
126.68683231984257	407.0
126.69683285917947	407.0
126.70683339851637	407.0
126.71683393785327	407.0
126.72683447719017	402.0
126.73683501652707	402.0
126.74683555586397	402.0
126.75683609520087	402.0
126.76683663453777	402.0
126.77683717387467	402.0
126.78683771321155	398.0
126.79683825254845	393.0
126.80683879188535	389.0
126.81683933122225	380.0
126.82683987055916	371.0
126.83684040989606	358.0
126.84684094923296	350.0
126.85684148856986	342.0
126.86684202790676	338.0
126.87684256724366	334.0
126.88684310658056	331.0
126.89684364591746	327.0
126.90684418525436	323.0
126.91684472459126	319.0
126.92684526392816	316.0
126.93684580326506	316.0
126.94684634260196	316.0
126.95684688193886	316.0
126.96684742127574	312.0
126.97684796061264	308.0
126.98684849994955	305.0
126.99684903928645	301.0
127.00684957862335	301.0
127.01685011796025	298.0
127.02685065729715	298.0
127.03685119663405	301.0
127.04685173597095	301.0
127.05685227530785	305.0
127.06685281464475	305.0
127.07685335398165	305.0
127.08685389331855	294.0
127.09685443265545	275.0
127.10685497199235	259.0
127.11685551132925	262.0
127.12685605066615	265.0
127.13685659000305	272.0
127.14685712933993	305.0
127.15685766867684	331.0
127.16685820801374	346.0
127.17685874735064	350.0
127.18685928668754	350.0
127.19685982602444	346.0
127.20686036536134	338.0
127.21686090469824	334.0
127.22686144403514	331.0
127.23686198337204	331.0
127.24686252270894	327.0
127.25686306204584	0.0
127.26686360138274	0.0
127.27686414071964	0.0
127.28686468005654	0.0
127.29686521939344	0.0
127.30686575873034	0.0
127.31686629806724	0.0
127.32686683740414	0.0
127.33686737674103	0.0
127.34686791607793	0.0
127.35686845541483	0.0
127.36686899475173	0.0
127.37686953408863	0.0
127.38687007342553	0.0
127.39687061276243	0.0
127.40687115209933	0.0
127.41687169143623	0.0
127.42687223077313	0.0
127.43687277011003	0.0
127.44687330944693	0.0
127.45687384878383	0.0
127.46687438812073	0.0
127.47687492745763	0.0
127.48687546679453	0.0
127.49687600613143	0.0
127.50687654546833	0.0
127.51687708480522	0.0
127.52687762414212	0.0
127.53687816347902	0.0
127.54687870281592	0.0
127.55687924215282	0.0
127.56687978148972	0.0
127.57688032082662	0.0
127.58688086016352	0.0
127.59688139950042	407.0
127.60688193883732	412.0
127.61688247817422	412.0
127.62688301751112	412.0
127.63688355684802	412.0
127.64688409618492	412.0
127.65688463552182	412.0
127.66688517485872	412.0
127.67688571419562	412.0
127.68688625353252	412.0
127.6968867928694	412.0
127.7068873322063	412.0
127.71688787154321	412.0
127.72688841088011	412.0
127.73688895021701	412.0
127.74688948955391	412.0
127.75689002889081	407.0
127.76689056822771	407.0
127.77689110756461	407.0
127.78689164690151	407.0
127.79689218623841	407.0
127.80689272557531	407.0
127.81689326491221	407.0
127.82689380424911	402.0
127.83689434358601	402.0
127.84689488292291	363.0
127.85689542225981	358.0
127.86689596159671	363.0
127.8768965009336	367.0
127.8868970402705	402.0
127.8968975796074	417.0
127.9068981189443	436.0
127.9168986582812	447.0
127.9268991976181	457.0
127.936899736955	462.0
127.9469002762919	468.0
127.9569008156288	468.0
127.9669013549657	468.0
127.9769018943026	462.0
127.9869024336395	457.0
127.9969029729764	452.0
128.0069035123133	452.0
128.0169040516502	452.0
128.0269045909871	457.0
128.036905130324	462.0
128.0469056696609	468.0
128.0569062089978	468.0
128.0669067483347	468.0
128.0769072876716	468.0
128.0869078270085	468.0
128.0969083663454	462.0
128.1069089056823	462.0
128.1169094450192	452.0
128.1269099843561	447.0
128.136910523693	441.0
128.14691106302988	431.0
128.1569116023668	393.0
128.16691214170368	389.0
128.1769126810406	0.0
128.18691322037748	0.0
128.1969137597144	0.0
128.20691429905128	0.0
128.2169148383882	0.0
128.22691537772508	507.0
128.236915917062	507.0
128.24691645639888	513.0
128.2569169957358	519.0
128.26691753507268	519.0
128.2769180744096	519.0
128.28691861374648	519.0
128.2969191530834	519.0
128.30691969242028	519.0
128.3169202317572	513.0
128.32692077109408	513.0
128.33692131043097	507.0
128.34692184976788	507.0
128.35692238910477	507.0
128.36692292844168	513.0
128.37692346777857	513.0
128.38692400711548	519.0
128.39692454645237	531.0
128.40692508578928	537.0
128.41692562512617	544.0
128.42692616446308	550.0
128.43692670379997	550.0
128.44692724313688	550.0
128.45692778247377	544.0
128.46692832181068	0.0
128.47692886114757	0.0
128.48692940048448	0.0
128.49692993982137	0.0
128.50693047915826	0.0
128.51693101849517	0.0
128.52693155783206	0.0
128.53693209716897	0.0
128.54693263650586	0.0
128.55693317584277	0.0
128.56693371517966	457.0
128.57693425451657	457.0
128.58693479385346	462.0
128.59693533319037	468.0
128.60693587252726	479.0
128.61693641186417	490.0
128.62693695120106	496.0
128.63693749053797	490.0
128.64693802987486	479.0
128.65693856921177	462.0
128.66693910854866	457.0
128.67693964788558	447.0
128.68694018722246	431.0
128.69694072655935	417.0
128.70694126589626	407.0
128.71694180523315	402.0
128.72694234457006	398.0
128.73694288390695	398.0
128.74694342324386	393.0
128.75694396258075	393.0
128.76694450191766	393.0
128.77694504125455	393.0
128.78694558059146	398.0
128.79694611992835	398.0
128.80694665926526	398.0
128.81694719860215	398.0
128.82694773793907	398.0
128.83694827727595	402.0
128.84694881661287	402.0
128.85694935594975	402.0
128.86694989528667	407.0
128.87695043462355	407.0
128.88695097396044	407.0
128.89695151329735	407.0
128.90695205263424	407.0
128.91695259197115	407.0
128.92695313130804	407.0
128.93695367064495	407.0
128.94695420998184	407.0
128.95695474931875	407.0
128.96695528865564	407.0
128.97695582799255	407.0
128.98695636732944	407.0
128.99695690666636	407.0
129.00695744600324	407.0
129.01695798534016	407.0
129.02695852467704	412.0
129.03695906401396	412.0
129.04695960335084	412.0
129.05696014268773	412.0
129.06696068202464	412.0
129.07696122136153	412.0
129.08696176069844	412.0
129.09696230003533	412.0
129.10696283937224	412.0
129.11696337870913	407.0
129.12696391804604	402.0
129.13696445738293	363.0
129.14696499671984	350.0
129.15696553605673	346.0
129.16696607539365	346.0
129.17696661473053	407.0
129.18696715406745	412.0
129.19696769340433	417.0
129.20696823274125	421.0
129.21696877207813	421.0
129.22696931141505	417.0
129.23696985075193	417.0
129.24697039008882	412.0
129.25697092942573	407.0
129.26697146876262	398.0
129.27697200809953	393.0
129.28697254743642	393.0
129.29697308677333	384.0
129.30697362611022	371.0
129.31697416544714	363.0
129.32697470478402	358.0
129.33697524412094	350.0
129.34697578345782	342.0
129.35697632279474	338.0
129.36697686213162	334.0
129.37697740146854	334.0
129.38697794080542	334.0
129.39697848014234	334.0
129.40697901947922	338.0
129.4169795588161	342.0
129.42698009815302	350.0
129.4369806374899	358.0
129.44698117682682	367.0
129.4569817161637	375.0
129.46698225550062	384.0
129.4769827948375	393.0
129.48698333417443	393.0
129.4969838735113	393.0
129.50698441284823	393.0
129.5169849521851	389.0
129.52698549152203	0.0
129.5369860308589	0.0
129.54698657019583	0.0
129.5569871095327	0.0
129.56698764886963	0.0
129.5769881882065	0.0
129.58698872754343	0.0
129.5969892668803	305.0
129.6069898062172	305.0
129.61699034555411	301.0
129.626990884891	301.0
129.63699142422792	301.0
129.6469919635648	301.0
129.65699250290172	305.0
129.6669930422386	305.0
129.67699358157552	305.0
129.6869941209124	305.0
129.69699466024932	305.0
129.7069951995862	305.0
129.71699573892312	305.0
129.72699627826	301.0
129.73699681759692	301.0
129.7469973569338	301.0
129.75699789627072	301.0
129.7669984356076	301.0
129.7769989749445	301.0
129.7869995142814	301.0
129.7970000536183	301.0
129.8070005929552	301.0
129.8170011322921	301.0
129.827001671629	301.0
129.8370022109659	301.0
129.8470027503028	305.0
129.8570032896397	305.0
129.8670038289766	305.0
129.8770043683135	305.0
129.8870049076504	305.0
129.8970054469873	305.0
129.9070059863242	305.0
129.9170065256611	305.0
129.927007064998	305.0
129.9370076043349	305.0
129.9470081436718	305.0
129.9570086830087	305.0
129.96700922234558	305.0
129.9770097616825	305.0
129.98701030101938	305.0
129.9970108403563	305.0
130.00701137969318	305.0
130.0170119190301	305.0
130.02701245836698	301.0
130.0370129977039	301.0
130.04701353704078	301.0
130.0570140763777	301.0
130.06701461571458	301.0
130.0770151550515	301.0
130.08701569438838	301.0
130.0970162337253	301.0
130.10701677306218	301.0
130.1170173123991	301.0
130.12701785173599	301.0
130.13701839107287	301.0
130.14701893040979	301.0
130.15701946974667	298.0
130.1670200090836	298.0
130.17702054842047	284.0
130.1870210877574	259.0
130.19702162709427	253.0
130.2070221664312	253.0
130.21702270576807	253.0
130.227023245105	259.0
130.23702378444187	288.0
130.2470243237788	301.0
130.25702486311567	305.0
130.2670254024526	305.0
130.27702594178947	305.0
130.2870264811264	301.0
130.29702702046328	301.0
130.3070275598002	301.0
130.31702809913708	301.0
130.32702863847396	301.0
130.33702917781088	301.0
130.34702971714776	301.0
130.35703025648468	298.0
130.36703079582156	294.0
130.37703133515848	291.0
130.38703187449536	284.0
130.39703241383228	278.0
130.40703295316916	268.0
130.41703349250608	262.0
130.42703403184296	256.0
130.43703457117988	253.0
130.44703511051677	250.0
130.45703564985368	250.0
130.46703618919057	248.0
130.47703672852748	248.0
130.48703726786437	248.0
130.49703780720128	248.0
130.50703834653817	248.0
130.51703888587505	245.0
130.52703942521197	245.0
130.53703996454885	242.0
130.54704050388577	236.0
130.55704104322265	236.0
130.56704158255957	245.0
130.57704212189645	253.0
130.58704266123337	259.0
130.59704320057025	265.0
130.60704373990717	268.0
130.61704427924406	272.0
130.62704481858097	272.0
130.63704535791786	272.0
130.64704589725477	268.0
130.65704643659166	268.0
130.66704697592857	262.0
130.67704751526546	259.0
130.68704805460234	253.0
130.69704859393926	248.0
130.70704913327614	239.0
130.71704967261306	234.0
130.72705021194994	228.0
130.73705075128686	226.0
130.74705129062374	223.0
130.75705182996066	220.0
130.76705236929755	220.0
130.77705290863446	220.0
130.78705344797135	220.0
130.79705398730826	223.0
130.80705452664515	223.0
130.81705506598206	223.0
130.82705560531895	223.0
130.83705614465586	220.0
130.84705668399275	0.0
130.85705722332966	0.0
130.86705776266655	0.0
130.87705830200343	0.0
130.88705884134035	0.0
130.89705938067723	0.0
130.90705992001415	0.0
130.91706045935103	259.0
130.92706099868795	256.0
130.93706153802484	256.0
130.94706207736175	253.0
130.95706261669864	253.0
130.96706315603555	250.0
130.97706369537244	250.0
130.98706423470935	248.0
130.99706477404624	245.0
131.00706531338315	242.0
131.01706585272004	239.0
131.02706639205695	236.0
131.03706693139384	231.0
131.04706747073072	226.0
131.05706801006764	218.0
131.06706854940452	210.0
131.07706908874144	206.0
131.08706962807832	201.0
131.09707016741524	201.0
131.10707070675213	199.0
131.11707124608904	201.0
131.12707178542593	201.0
131.13707232476284	201.0
131.14707286409973	199.0
131.15707340343664	199.0
131.16707394277353	196.0
131.17707448211044	194.0
131.18707502144733	192.0
131.19707556078424	190.0
131.20707610012113	187.0
131.21707663945804	203.0
131.22707717879493	218.0
131.23707771813181	253.0
131.24707825746873	256.0
131.25707879680562	259.0
131.26707933614253	259.0
131.27707987547942	259.0
131.28708041481633	256.0
131.29708095415322	250.0
131.30708149349013	245.0
131.31708203282702	239.0
131.32708257216393	234.0
131.33708311150082	228.0
131.34708365083773	226.0
131.35708419017462	0.0
131.36708472951153	0.0
131.37708526884842	0.0
131.38708580818533	0.0
131.39708634752222	0.0
131.4070868868591	0.0
131.41708742619602	0.0
131.4270879655329	0.0
131.43708850486982	0.0
131.4470890442067	0.0
131.45708958354362	0.0
131.4670901228805	0.0
131.47709066221742	0.0
131.4870912015543	0.0
131.49709174089122	0.0
131.5070922802281	0.0
131.51709281956502	0.0
131.5270933589019	0.0
131.53709389823882	0.0
131.5470944375757	0.0
131.55709497691262	0.0
131.5670955162495	0.0
131.57709605558642	0.0
131.5870965949233	0.0
131.5970971342602	0.0
131.6070976735971	0.0
131.617098212934	0.0
131.6270987522709	0.0
131.6370992916078	0.0
131.6470998309447	259.0
131.6571003702816	256.0
131.6671009096185	256.0
131.6771014489554	256.0
131.6871019882923	256.0
131.6971025276292	256.0
131.7071030669661	253.0
131.717103606303	250.0
131.7271041456399	248.0
131.7371046849768	245.0
131.7471052243137	245.0
131.7571057636506	245.0
131.76710630298751	250.0
131.7771068423244	256.0
131.7871073816613	262.0
131.7971079209982	268.0
131.8071084603351	272.0
131.817108999672	272.0
131.8271095390089	268.0
131.8371100783458	265.0
131.8471106176827	259.0
131.8571111570196	253.0
131.8671116963565	248.0
131.8771122356934	248.0
131.8871127750303	245.0
131.8971133143672	245.0
131.9071138537041	242.0
131.917114393041	234.0
131.9271149323779	223.0
131.9371154717148	220.0
131.9471160110517	220.0
131.95711655038858	0.0
131.9671170897255	0.0
131.97711762906238	0.0
131.9871181683993	0.0
131.99711870773618	0.0
132.0071192470731	0.0
132.01711978640998	308.0
132.0271203257469	308.0
132.03712086508378	308.0
132.0471214044207	308.0
132.05712194375758	308.0
132.0671224830945	308.0
132.07712302243138	308.0
132.0871235617683	305.0
132.09712410110518	305.0
132.1071246404421	305.0
132.11712517977898	301.0
132.1271257191159	301.0
132.13712625845278	301.0
132.14712679778967	301.0
132.15712733712658	305.0
132.16712787646347	305.0
132.17712841580038	305.0
132.18712895513727	305.0
132.19712949447418	301.0
132.20713003381107	301.0
132.21713057314798	301.0
132.22713111248487	301.0
132.23713165182178	301.0
132.24713219115867	301.0
132.25713273049558	298.0
132.26713326983247	298.0
132.27713380916938	294.0
132.28713434850627	262.0
132.29713488784319	253.0
132.30713542718007	253.0
132.31713596651696	253.0
132.32713650585387	256.0
132.33713704519076	259.0
132.34713758452767	358.0
132.35713812386456	363.0
132.36713866320147	367.0
132.37713920253836	367.0
132.38713974187527	363.0
132.39714028121216	358.0
132.40714082054907	350.0
132.41714135988596	346.0
132.42714189922287	342.0
132.43714243855976	338.0
132.44714297789668	338.0
132.45714351723356	338.0
132.46714405657048	338.0
132.47714459590736	338.0
132.48714513524428	338.0
132.49714567458116	338.0
132.50714621391805	338.0
132.51714675325496	338.0
132.52714729259185	342.0
132.53714783192876	346.0
132.54714837126565	350.0
132.55714891060256	358.0
132.56714944993945	371.0
132.57714998927636	375.0
132.58715052861325	380.0
132.59715106795016	384.0
132.60715160728705	389.0
132.61715214662397	393.0
132.62715268596085	393.0
132.63715322529777	389.0
132.64715376463465	0.0
132.65715430397157	0.0
132.66715484330845	0.0
132.67715538264534	0.0
132.68715592198225	0.0
132.69715646131914	0.0
132.70715700065605	0.0
132.71715753999294	312.0
132.72715807932985	312.0
132.73715861866674	308.0
132.74715915800365	308.0
132.75715969734054	308.0
132.76716023667746	312.0
132.77716077601434	312.0
132.78716131535126	312.0
132.79716185468814	312.0
132.80716239402506	312.0
132.81716293336194	312.0
132.82716347269886	312.0
132.83716401203574	308.0
132.84716455137266	308.0
132.85716509070954	305.0
132.86716563004643	301.0
132.87716616938334	301.0
132.88716670872023	301.0
132.89716724805714	301.0
132.90716778739403	305.0
132.91716832673094	308.0
132.92716886606783	308.0
132.93716940540475	312.0
132.94716994474163	312.0
132.95717048407855	312.0
132.96717102341543	312.0
132.97717156275235	308.0
132.98717210208923	259.0
132.99717264142615	256.0
133.00717318076303	256.0
133.01717372009995	259.0
133.02717425943683	268.0
133.03717479877372	284.0
133.04717533811063	338.0
133.05717587744752	346.0
133.06717641678443	342.0
133.07717695612132	338.0
133.08717749545823	334.0
133.09717803479512	331.0
133.10717857413204	327.0
133.11717911346892	327.0
133.12717965280584	331.0
133.13718019214272	334.0
133.14718073147964	342.0
133.15718127081652	350.0
133.16718181015344	354.0
133.17718234949032	358.0
133.18718288882724	363.0
133.19718342816412	358.0
133.20718396750104	354.0
133.21718450683792	350.0
133.2271850461748	342.0
133.23718558551172	338.0
133.2471861248486	334.0
133.25718666418553	331.0
133.2671872035224	331.0
133.27718774285933	331.0
133.2871882821962	331.0
133.29718882153313	331.0
133.30718936087	312.0
133.31718990020693	294.0
133.3271904395438	291.0
133.33719097888073	0.0
133.3471915182176	0.0
133.35719205755453	0.0
133.3671925968914	0.0
133.37719313622833	0.0
133.38719367556521	0.0
133.39719421490213	0.0
133.40719475423901	0.0
133.4171952935759	402.0
133.42719583291282	407.0
133.4371963722497	407.0
133.44719691158662	407.0
133.4571974509235	407.0
133.46719799026042	407.0
133.4771985295973	407.0
133.48719906893422	407.0
133.4971996082711	407.0
133.50720014760802	407.0
133.5172006869449	407.0
133.52720122628182	407.0
133.5372017656187	407.0
133.54720230495562	407.0
133.5572028442925	407.0
133.56720338362942	407.0
133.5772039229663	412.0
133.5872044623032	412.0
133.5972050016401	412.0
133.607205540977	412.0
133.6172060803139	412.0
133.6272066196508	412.0
133.6372071589877	412.0
133.6472076983246	407.0
133.6572082376615	407.0
133.6672087769984	398.0
133.6772093163353	393.0
133.6872098556722	389.0
133.6972103950091	384.0
133.707210934346	367.0
133.7172114736829	358.0
133.7272120130198	354.0
133.7372125523567	421.0
133.7472130916936	436.0
133.7572136310305	462.0
133.7672141703674	479.0
133.77721470970428	496.0
133.7872152490412	507.0
133.79721578837808	513.0
133.807216327715	513.0
133.81721686705188	513.0
133.8272174063888	513.0
133.83721794572568	507.0
133.8472184850626	496.0
133.85721902439948	479.0
133.8672195637364	468.0
133.87722010307328	462.0
133.8872206424102	457.0
133.89722118174708	447.0
133.907221721084	447.0
133.91722226042089	447.0
133.9272227997578	447.0
133.9372233390947	452.0
133.94722387843157	452.0
133.9572244177685	457.0
133.96722495710537	457.0
133.9772254964423	457.0
133.98722603577917	452.0
133.9972265751161	447.0
134.00722711445297	398.0
134.0172276537899	398.0
134.02722819312677	402.0
134.0372287324637	452.0
134.04722927180057	468.0
134.0572298111375	484.0
134.06723035047438	513.0
134.0772308898113	519.0
134.08723142914818	519.0
134.0972319684851	525.0
134.10723250782198	525.0
134.1172330471589	525.0
134.12723358649578	525.0
134.13723412583266	525.0
134.14723466516958	519.0
134.15723520450646	507.0
134.16723574384338	501.0
134.17723628318026	473.0
134.18723682251718	0.0
134.19723736185406	0.0
134.20723790119098	0.0
134.21723844052786	0.0
134.22723897986478	0.0
134.23723951920167	0.0
134.24724005853858	0.0
134.25724059787547	0.0
134.26724113721238	0.0
134.27724167654927	0.0
134.28724221588618	0.0
134.29724275522307	0.0
134.30724329455995	0.0
134.31724383389687	0.0
134.32724437323375	0.0
134.33724491257067	0.0
134.34724545190755	0.0
134.35724599124447	0.0
134.36724653058135	0.0
134.37724706991827	0.0
134.38724760925516	0.0
134.39724814859207	0.0
134.40724868792896	0.0
134.41724922726587	0.0
134.42724976660276	0.0
134.43725030593967	0.0
134.44725084527656	0.0
134.45725138461347	0.0
134.46725192395036	0.0
134.47725246328727	275.0
134.48725300262416	268.0
134.49725354196104	294.0
134.50725408129796	294.0
134.51725462063484	298.0
134.52725515997176	298.0
134.53725569930864	301.0
134.54725623864556	308.0
134.55725677798245	319.0
134.56725731731936	331.0
134.57725785665625	342.0
134.58725839599316	358.0
134.59725893533005	375.0
134.60725947466696	393.0
134.61726001400385	417.0
134.62726055334076	447.0
134.63726109267765	457.0
134.64726163201456	484.0
134.65726217135145	501.0
134.66726271068836	513.0
134.67726325002525	519.0
134.68726378936213	525.0
134.69726432869905	525.0
134.70726486803594	525.0
134.71726540737285	525.0
134.72726594670974	525.0
134.73726648604665	519.0
134.74726702538354	513.0
134.75726756472045	501.0
134.76726810405734	490.0
134.77726864339425	479.0
134.78726918273114	468.0
134.79726972206805	462.0
134.80727026140494	457.0
134.81727080074185	457.0
134.82727134007874	452.0
134.83727187941565	452.0
134.84727241875254	452.0
134.85727295808942	457.0
134.86727349742634	457.0
134.87727403676323	462.0
134.88727457610014	473.0
134.89727511543703	484.0
134.90727565477394	496.0
134.91727619411083	507.0
134.92727673344774	513.0
134.93727727278463	519.0
134.94727781212154	519.0
134.95727835145843	519.0
134.96727889079534	513.0
134.97727943013223	507.0
134.98727996946914	501.0
134.99728050880603	490.0
135.00728104814294	479.0
135.01728158747983	468.0
135.02728212681674	462.0
135.03728266615363	462.0
135.04728320549052	462.0
135.05728374482743	462.0
135.06728428416432	462.0
135.07728482350123	462.0
135.08728536283812	462.0
135.09728590217503	462.0
135.10728644151192	462.0
135.11728698084883	457.0
135.12728752018572	402.0
135.13728805952263	407.0
135.14728859885952	407.0
135.15728913819643	0.0
135.16728967753332	0.0
135.17729021687023	0.0
135.18729075620712	507.0
135.19729129554403	513.0
135.20729183488092	519.0
135.2172923742178	519.0
135.22729291355472	525.0
135.2372934528916	519.0
135.24729399222852	519.0
135.2572945315654	519.0
135.26729507090232	519.0
135.2772956102392	513.0
135.28729614957612	513.0
135.297296688913	507.0
135.30729722824992	501.0
135.3172977675868	501.0
135.32729830692372	501.0
135.3372988462606	501.0
135.34729938559752	501.0
135.3572999249344	501.0
135.36730046427132	501.0
135.3773010036082	507.0
135.38730154294512	507.0
135.397302082282	507.0
135.4073026216189	513.0
135.4173031609558	513.0
135.4273037002927	513.0
135.4373042396296	501.0
135.4473047789665	490.0
135.4573053183034	479.0
135.4673058576403	0.0
135.4773063969772	0.0
135.4873069363141	0.0
135.497307475651	0.0
135.5073080149879	0.0
135.5173085543248	0.0
135.5273090936617	0.0
135.5373096329986	0.0
135.5473101723355	0.0
135.55731071167241	544.0
135.5673112510093	531.0
135.5773117903462	525.0
135.5873123296831	519.0
135.59731286902	513.0
135.6073134083569	513.0
135.6173139476938	513.0
135.6273144870307	507.0
135.6373150263676	507.0
135.6473155657045	507.0
135.6573161050414	507.0
135.6673166443783	507.0
135.6773171837152	507.0
135.6873177230521	507.0
135.697318262389	507.0
135.7073188017259	507.0
135.7173193410628	513.0
135.7273198803997	519.0
135.7373204197366	525.0
135.7473209590735	531.0
135.7573214984104	531.0
135.76732203774728	531.0
135.7773225770842	531.0
135.78732311642108	531.0
135.797323655758	525.0
135.80732419509488	519.0
135.8173247344318	519.0
135.82732527376868	513.0
135.8373258131056	501.0
135.84732635244248	490.0
135.8573268917794	479.0
135.86732743111628	473.0
135.8773279704532	462.0
135.88732850979008	457.0
135.897329049127	452.0
135.90732958846388	447.0
135.9173301278008	441.0
135.92733066713768	441.0
135.93733120647457	436.0
135.94733174581148	431.0
135.95733228514837	431.0
135.96733282448528	426.0
135.97733336382217	426.0
135.98733390315908	421.0
135.99733444249597	421.0
136.00733498183288	421.0
136.01733552116977	417.0
136.02733606050668	417.0
136.03733659984357	417.0
136.04733713918048	412.0
136.05733767851737	412.0
136.06733821785429	407.0
136.07733875719117	407.0
136.08733929652809	407.0
136.09733983586497	407.0
136.1073403752019	407.0
136.11734091453877	407.0
136.12734145387566	407.0
136.13734199321257	407.0
136.14734253254946	407.0
136.15734307188637	407.0
136.16734361122326	407.0
136.17734415056017	402.0
136.18734468989706	398.0
136.19734522923397	389.0
136.20734576857086	384.0
136.21734630790777	384.0
136.22734684724466	389.0
136.23734738658158	398.0
136.24734792591846	407.0
136.25734846525538	436.0
136.26734900459226	457.0
136.27734954392918	484.0
136.28735008326606	507.0
136.29735062260298	525.0
136.30735116193986	531.0
136.31735170127675	531.0
136.32735224061366	525.0
136.33735277995055	519.0
136.34735331928746	513.0
136.35735385862435	507.0
136.36735439796126	496.0
136.37735493729815	484.0
136.38735547663507	473.0
136.39735601597195	468.0
136.40735655530887	462.0
136.41735709464575	462.0
136.42735763398267	462.0
136.43735817331955	462.0
136.44735871265647	462.0
136.45735925199335	457.0
136.46735979133027	457.0
136.47736033066715	457.0
136.48736087000404	457.0
136.49736140934095	452.0
136.50736194867784	447.0
136.51736248801475	402.0
136.52736302735164	402.0
136.53736356668855	402.0
136.54736410602544	407.0
136.55736464536236	421.0
136.56736518469924	468.0
136.57736572403616	484.0
136.58736626337304	496.0
136.59736680270996	501.0
136.60736734204684	501.0
136.61736788138376	496.0
136.62736842072064	490.0
136.63736896005756	484.0
136.64736949939444	479.0
136.65737003873136	473.0
136.66737057806824	462.0
136.67737111740513	457.0
136.68737165674204	457.0
136.69737219607893	452.0
136.70737273541584	452.0
136.71737327475273	452.0
136.72737381408965	452.0
136.73737435342653	457.0
136.74737489276345	462.0
136.75737543210033	468.0
136.76737597143725	473.0
136.77737651077413	479.0
136.78737705011105	479.0
136.79737758944793	479.0
136.80737812878485	479.0
136.81737866812173	479.0
136.82737920745865	479.0
136.83737974679553	479.0
136.84738028613242	479.0
136.85738082546933	473.0
136.86738136480622	462.0
136.87738190414314	452.0
136.88738244348002	441.0
136.89738298281694	426.0
136.90738352215382	417.0
136.91738406149074	407.0
136.92738460082762	398.0
136.93738514016454	393.0
136.94738567950142	384.0
136.95738621883834	380.0
136.96738675817522	371.0
136.97738729751214	363.0
136.98738783684902	354.0
136.99738837618594	350.0
137.00738891552282	346.0
137.01738945485974	338.0
137.02738999419662	334.0
137.0373905335335	331.0
137.04739107287043	327.0
137.0573916122073	327.0
137.06739215154423	331.0
137.0773926908811	334.0
137.08739323021803	342.0
137.0973937695549	350.0
137.10739430889183	358.0
137.1173948482287	363.0
137.12739538756563	367.0
137.1373959269025	371.0
137.14739646623943	371.0
137.1573970055763	367.0
137.16739754491323	363.0
137.17739808425011	354.0
137.18739862358703	346.0
137.19739916292392	338.0
137.2073997022608	331.0
137.21740024159772	327.0
137.2274007809346	323.0
137.23740132027152	319.0
137.2474018596084	294.0
137.25740239894532	288.0
137.2674029382822	291.0
137.27740347761912	291.0
137.287404016956	294.0
137.29740455629292	298.0
137.3074050956298	305.0
137.31740563496672	312.0
137.3274061743036	0.0
137.33740671364052	412.0
137.3474072529774	412.0
137.35740779231432	412.0
137.3674083316512	407.0
137.37740887098812	407.0
137.387409410325	412.0
137.3974099496619	412.0
137.4074104889988	412.0
137.4174110283357	412.0
137.4274115676726	412.0
137.4374121070095	407.0
137.4474126463464	407.0
137.4574131856833	407.0
137.4674137250202	407.0
137.4774142643571	407.0
137.487414803694	407.0
137.4974153430309	407.0
137.5074158823678	407.0
137.5174164217047	412.0
137.5274169610416	412.0
137.5374175003785	412.0
137.5474180397154	412.0
137.5574185790523	407.0
137.5674191183892	393.0
137.5774196577261	354.0
137.58742019706298	0.0
137.5974207363999	0.0
137.60742127573678	0.0
137.6174218150737	0.0
137.62742235441058	0.0
137.6374228937475	0.0
137.64742343308438	0.0
137.6574239724213	412.0
137.66742451175818	412.0
137.6774250510951	412.0
137.68742559043199	412.0
137.6974261297689	412.0
137.70742666910579	412.0
137.7174272084427	412.0
137.7274277477796	412.0
137.7374282871165	412.0
137.7474288264534	412.0
137.75742936579027	412.0
137.7674299051272	412.0
137.77743044446407	407.0
137.787430983801	407.0
137.79743152313787	407.0
137.8074320624748	407.0
137.81743260181167	407.0
137.8274331411486	407.0
137.83743368048547	407.0
137.8474342198224	407.0
137.85743475915928	407.0
137.8674352984962	412.0
137.87743583783308	412.0
137.88743637717	412.0
137.89743691650688	412.0
137.9074374558438	412.0
137.91743799518068	407.0
137.9274385345176	407.0
137.93743907385448	407.0
137.94743961319136	402.0
137.95744015252828	402.0
137.96744069186516	398.0
137.97744123120208	393.0
137.98744177053896	389.0
137.99744230987588	384.0
138.00744284921277	380.0
138.01744338854968	371.0
138.02744392788657	367.0
138.03744446722348	358.0
138.04744500656037	354.0
138.05744554589728	346.0
138.06744608523417	342.0
138.07744662457108	338.0
138.08744716390797	331.0
138.09744770324488	327.0
138.10744824258177	323.0
138.11744878191865	316.0
138.12744932125557	312.0
138.13744986059245	312.0
138.14745039992937	312.0
138.15745093926625	312.0
138.16745147860317	312.0
138.17745201794006	312.0
138.18745255727697	312.0
138.19745309661386	308.0
138.20745363595077	308.0
138.21745417528766	308.0
138.22745471462457	305.0
138.23745525396146	305.0
138.24745579329837	301.0
138.25745633263526	301.0
138.26745687197217	301.0
138.27745741130906	301.0
138.28745795064597	298.0
138.29745848998286	291.0
138.30745902931974	262.0
138.31745956865666	259.0
138.32746010799355	262.0
138.33746064733046	265.0
138.34746118666735	278.0
138.35746172600426	305.0
138.36746226534115	367.0
138.37746280467806	371.0
138.38746334401495	371.0
138.39746388335186	363.0
138.40746442268875	358.0
138.41746496202566	350.0
138.42746550136255	346.0
138.43746604069946	342.0
138.44746658003635	342.0
138.45746711937326	346.0
138.46746765871015	350.0
138.47746819804703	354.0
138.48746873738395	358.0
138.49746927672084	363.0
138.50746981605775	358.0
138.51747035539464	354.0
138.52747089473155	350.0
138.53747143406844	342.0
138.54747197340535	338.0
138.55747251274224	334.0
138.56747305207915	334.0
138.57747359141604	334.0
138.58747413075295	338.0
138.59747467008984	338.0
138.60747520942675	342.0
138.61747574876364	338.0
138.62747628810055	294.0
138.63747682743744	294.0
138.64747736677435	0.0
138.65747790611124	0.0
138.66747844544813	0.0
138.67747898478504	0.0
138.68747952412193	0.0
138.69748006345884	0.0
138.70748060279573	0.0
138.71748114213264	412.0
138.72748168146953	412.0
138.73748222080644	412.0
138.74748276014333	412.0
138.75748329948024	407.0
138.76748383881713	407.0
138.77748437815404	407.0
138.78748491749093	407.0
138.79748545682784	407.0
138.80748599616473	407.0
138.81748653550164	407.0
138.82748707483853	407.0
138.83748761417542	407.0
138.84748815351233	407.0
138.85748869284922	407.0
138.86748923218613	407.0
138.87748977152302	407.0
138.88749031085993	412.0
138.89749085019682	412.0
138.90749138953373	412.0
138.91749192887062	412.0
138.92749246820753	412.0
138.93749300754442	407.0
138.94749354688133	407.0
138.95749408621822	363.0
138.96749462555513	363.0
138.97749516489202	363.0
138.98749570422893	380.0
138.99749624356582	407.0
139.00749678290273	421.0
139.01749732223962	436.0
139.0274978615765	447.0
139.03749840091342	457.0
139.0474989402503	462.0
139.05749947958722	462.0
139.0675000189241	462.0
139.07750055826102	462.0
139.0875010975979	462.0
139.09750163693482	457.0
139.1075021762717	462.0
139.11750271560862	462.0
139.1275032549455	468.0
139.13750379428242	468.0
139.1475043336193	468.0
139.15750487295622	468.0
139.1675054122931	468.0
139.17750595163002	468.0
139.1875064909669	468.0
139.19750703030383	462.0
139.2075075696407	462.0
139.2175081089776	457.0
139.2275086483145	452.0
139.2375091876514	447.0
139.2475097269883	441.0
139.2575102663252	436.0
139.2675108056621	389.0
139.277511344999	389.0
139.2875118843359	0.0
139.2975124236728	0.0
139.3075129630097	0.0
139.3175135023466	0.0
139.32751404168351	0.0
139.3375145810204	507.0
139.34751512035731	513.0
139.3575156596942	519.0
139.36751619903112	525.0
139.377516738368	525.0
139.3875172777049	525.0
139.3975178170418	519.0
139.4075183563787	513.0
139.4175188957156	507.0
139.4275194350525	501.0
139.4375199743894	501.0
139.4475205137263	501.0
139.4575210530632	501.0
139.4675215924001	513.0
139.477522131737	525.0
139.4875226710739	544.0
139.4975232104108	556.0
139.5075237497477	563.0
139.5175242890846	563.0
139.5275248284215	563.0
139.5375253677584	563.0
139.5475259070953	544.0
139.5575264464322	0.0
139.5675269857691	0.0
139.57752752510598	0.0
139.5875280644429	0.0
139.59752860377978	0.0
139.6075291431167	0.0
139.61752968245358	0.0
139.6275302217905	0.0
139.63753076112738	0.0
139.6475313004643	0.0
139.65753183980118	473.0
139.6675323791381	484.0
139.67753291847498	490.0
139.6875334578119	496.0
139.69753399714878	496.0
139.7075345364857	490.0
139.71753507582258	479.0
139.7275356151595	468.0
139.73753615449638	452.0
139.74753669383327	436.0
139.75753723317018	421.0
139.76753777250707	407.0
139.77753831184398	402.0
139.78753885118087	398.0
139.79753939051778	393.0
139.80753992985467	393.0
139.81754046919158	393.0
139.82754100852847	398.0
139.83754154786538	398.0
139.84754208720227	398.0
139.85754262653919	398.0
139.86754316587607	398.0
139.877543705213	398.0
139.88754424454987	398.0
139.8975447838868	398.0
139.90754532322367	398.0
139.9175458625606	398.0
139.92754640189747	398.0
139.93754694123436	398.0
139.94754748057127	402.0
139.95754801990816	402.0
139.96754855924507	402.0
139.97754909858196	402.0
139.98754963791887	407.0
139.99755017725576	407.0
140.00755071659268	407.0
140.01755125592956	407.0
140.02755179526648	407.0
140.03755233460336	407.0
140.04755287394028	407.0
140.05755341327716	407.0
140.06755395261408	402.0
140.07755449195096	402.0
140.08755503128788	402.0
140.09755557062476	402.0
140.10755610996165	398.0
140.11755664929856	398.0
140.12755718863545	398.0
140.13755772797236	402.0
140.14755826730925	402.0
140.15755880664616	402.0
140.16755934598305	407.0
140.17755988531997	407.0
140.18756042465685	407.0
140.19756096399377	407.0
140.20756150333065	402.0
140.21756204266757	389.0
140.22756258200445	371.0
140.23756312134137	358.0
140.24756366067825	354.0
140.25756420001517	350.0
140.26756473935205	402.0
140.27756527868897	407.0
140.28756581802585	412.0
140.29756635736274	412.0
140.30756689669965	412.0
140.31756743603654	407.0
140.32756797537346	407.0
140.33756851471034	407.0
140.34756905404726	402.0
140.35756959338414	398.0
140.36757013272106	389.0
140.37757067205794	380.0
140.38757121139486	367.0
140.39757175073174	363.0
140.40757229006866	354.0
140.41757282940554	350.0
140.42757336874246	342.0
140.43757390807934	334.0
140.44757444741626	331.0
140.45757498675314	323.0
140.46757552609006	319.0
140.47757606542694	319.0
140.48757660476383	323.0
140.49757714410075	327.0
140.50757768343763	331.0
140.51757822277455	334.0
140.52757876211143	342.0
140.53757930144835	350.0
140.54757984078523	363.0
140.55758038012215	371.0
140.56758091945903	384.0
140.57758145879595	389.0
140.58758199813283	393.0
140.59758253746975	393.0
140.60758307680663	0.0
140.61758361614355	0.0
140.62758415548043	0.0
140.63758469481735	0.0
140.64758523415423	0.0
140.65758577349112	0.0
140.66758631282804	0.0
140.67758685216492	0.0
140.68758739150184	0.0
140.69758793083872	301.0
140.70758847017564	301.0
140.71758900951252	301.0
140.72758954884944	301.0
140.73759008818632	301.0
140.74759062752324	301.0
140.75759116686012	301.0
140.76759170619704	301.0
140.77759224553392	301.0
140.78759278487084	301.0
140.79759332420772	301.0
140.80759386354464	305.0
140.81759440288153	305.0
140.82759494221844	305.0
140.83759548155533	301.0
140.8475960208922	301.0
140.85759656022913	301.0
140.867597099566	301.0
140.87759763890293	301.0
140.8875981782398	298.0
140.89759871757673	301.0
140.9075992569136	301.0
140.91759979625053	301.0
140.9276003355874	305.0
140.93760087492433	305.0
140.94760141426121	305.0
140.95760195359813	298.0
140.96760249293501	291.0
140.97760303227193	291.0
140.98760357160882	0.0
140.99760411094573	0.0
141.00760465028262	0.0
141.0176051896195	0.0
141.02760572895642	0.0
141.0376062682933	0.0
141.04760680763022	0.0
141.0576073469671	0.0
141.06760788630402	0.0
141.0776084256409	0.0
141.08760896497782	0.0
141.0976095043147	0.0
141.10761004365162	0.0
141.1176105829885	0.0
141.12761112232542	0.0
141.1376116616623	0.0
141.14761220099922	0.0
141.1576127403361	0.0
141.16761327967302	0.0
141.1776138190099	0.0
141.18761435834682	0.0
141.1976148976837	0.0
141.2076154370206	0.0
141.2176159763575	0.0
141.2276165156944	0.0
141.2376170550313	0.0
141.2476175943682	0.0
141.2576181337051	0.0
141.267618673042	0.0
141.2776192123789	0.0
141.2876197517158	0.0
141.2976202910527	0.0
141.3076208303896	0.0
141.3176213697265	0.0
141.3276219090634	281.0
141.3376224484003	278.0
141.3476229877372	281.0
141.3576235270741	288.0
141.367624066411	294.0
141.37762460574788	298.0
141.3876251450848	301.0
141.39762568442168	305.0
141.4076262237586	308.0
141.41762676309548	308.0
141.4276273024324	305.0
141.43762784176928	305.0
141.4476283811062	301.0
141.45762892044309	298.0
141.46762945978	298.0
141.47762999911689	294.0
141.4876305384538	291.0
141.4976310777907	284.0
141.5076316171276	278.0
141.5176321564645	268.0
141.5276326958014	262.0
141.5376332351383	256.0
141.5476337744752	253.0
141.5576343138121	250.0
141.56763485314897	248.0
141.5776353924859	248.0
141.58763593182277	248.0
141.5976364711597	250.0
141.60763701049657	250.0
141.6176375498335	250.0
141.62763808917038	253.0
141.6376386285073	253.0
141.64763916784418	250.0
141.6576397071811	248.0
141.66764024651798	245.0
141.6776407858549	239.0
141.68764132519178	239.0
141.6976418645287	250.0
141.70764240386558	256.0
141.7176429432025	265.0
141.72764348253938	272.0
141.73764402187626	278.0
141.74764456121318	278.0
141.75764510055006	278.0
141.76764563988698	278.0
141.77764617922386	272.0
141.78764671856078	268.0
141.79764725789767	265.0
141.80764779723458	259.0
141.81764833657147	253.0
141.82764887590838	248.0
141.83764941524527	239.0
141.84764995458218	234.0
141.85765049391907	231.0
141.86765103325598	228.0
141.87765157259287	226.0
141.88765211192978	226.0
141.89765265126667	223.0
141.90765319060358	223.0
141.91765372994047	223.0
141.92765426927735	223.0
141.93765480861427	220.0
141.94765534795116	220.0
141.95765588728807	215.0
141.96765642662496	0.0
141.97765696596187	0.0
141.98765750529876	0.0
141.99765804463567	0.0
142.00765858397256	0.0
142.01765912330947	0.0
142.02765966264636	0.0
142.03766020198327	0.0
142.04766074132016	253.0
142.05766128065707	253.0
142.06766181999396	250.0
142.07766235933087	250.0
142.08766289866776	250.0
142.09766343800467	248.0
142.10766397734156	248.0
142.11766451667845	245.0
142.12766505601536	242.0
142.13766559535225	239.0
142.14766613468916	234.0
142.15766667402605	228.0
142.16766721336296	223.0
142.17766775269985	215.0
142.18766829203676	208.0
142.19766883137365	206.0
142.20766937071056	203.0
142.21766991004745	203.0
142.22767044938436	203.0
142.23767098872125	203.0
142.24767152805816	206.0
142.25767206739505	206.0
142.26767260673196	206.0
142.27767314606885	206.0
142.28767368540574	208.0
142.29767422474265	206.0
142.30767476407954	203.0
142.31767530341645	196.0
142.32767584275334	190.0
142.33767638209025	187.0
142.34767692142714	187.0
142.35767746076405	187.0
142.36767800010094	194.0
142.37767853943785	206.0
142.38767907877474	218.0
142.39767961811165	228.0
142.40768015744854	239.0
142.41768069678545	250.0
142.42768123612234	256.0
142.43768177545925	262.0
142.44768231479614	265.0
142.45768285413305	265.0
142.46768339346994	265.0
142.47768393280683	259.0
142.48768447214374	256.0
142.49768501148063	250.0
142.50768555081754	245.0
142.51768609015443	239.0
142.52768662949134	234.0
142.53768716882823	231.0
142.54768770816514	228.0
142.55768824750203	228.0
142.56768878683894	228.0
142.57768932617583	228.0
142.58768986551274	228.0
142.59769040484963	226.0
142.60769094418654	226.0
142.61769148352343	223.0
142.62769202286034	220.0
142.63769256219723	220.0
142.64769310153412	218.0
142.65769364087103	215.0
142.66769418020792	215.0
142.67769471954483	215.0
142.68769525888172	218.0
142.69769579821863	223.0
142.70769633755552	226.0
142.71769687689243	231.0
142.72769741622932	239.0
142.73769795556623	248.0
142.74769849490312	256.0
142.75769903424003	262.0
142.76769957357692	262.0
142.77770011291383	262.0
142.78770065225072	262.0
142.79770119158763	259.0
142.80770173092452	259.0
142.81770227026144	256.0
142.82770280959832	253.0
142.8377033489352	253.0
142.84770388827212	250.0
142.857704427609	250.0
142.86770496694592	250.0
142.8777055062828	253.0
142.88770604561972	253.0
142.8977065849566	253.0
142.90770712429352	256.0
142.9177076636304	256.0
142.92770820296732	256.0
142.9377087423042	256.0
142.94770928164112	256.0
142.957709820978	256.0
142.96771036031492	256.0
142.9777108996518	256.0
142.98771143898873	256.0
142.9977119783256	256.0
143.0077125176625	256.0
143.0177130569994	253.0
143.0277135963363	253.0
143.0377141356732	250.0
143.0477146750101	250.0
143.057715214347	250.0
143.0677157536839	250.0
143.0777162930208	250.0
143.0877168323577	250.0
143.0977173716946	253.0
143.1077179110315	253.0
143.11771845036841	253.0
143.1277189897053	253.0
143.13771952904222	253.0
143.1477200683791	253.0
143.15772060771602	253.0
143.1677211470529	250.0
143.17772168638982	250.0
143.1877222257267	253.0
143.1977227650636	253.0
143.2077233044005	253.0
143.2177238437374	253.0
143.2277243830743	253.0
143.2377249224112	250.0
143.2477254617481	245.0
143.257726001085	236.0
143.2677265404219	231.0
143.2777270797588	231.0
143.2877276190957	0.0
143.2977281584326	0.0
143.3077286977695	0.0
143.3177292371064	0.0
143.3277297764433	0.0
143.3377303157802	0.0
143.3477308551171	0.0
143.357731394454	0.0
143.36773193379088	0.0
143.3777324731278	245.0
143.38773301246468	248.0
143.3977335518016	250.0
143.40773409113848	250.0
143.4177346304754	250.0
143.42773516981228	248.0
143.4377357091492	245.0
143.44773624848608	245.0
143.457736787823	245.0
143.46773732715988	245.0
143.4777378664968	245.0
143.48773840583368	248.0
143.4977389451706	250.0
143.50773948450748	256.0
143.5177400238444	259.0
143.52774056318128	262.0
143.5377411025182	265.0
143.54774164185508	265.0
143.55774218119197	265.0
143.56774272052888	262.0
143.57774325986577	259.0
143.58774379920268	253.0
143.59774433853957	250.0
143.60774487787648	245.0
143.61774541721337	242.0
143.62774595655029	236.0
143.63774649588717	234.0
143.64774703522409	231.0
143.65774757456097	228.0
143.6677481138979	226.0
143.67774865323477	226.0
143.6877491925717	223.0
143.69774973190857	223.0
143.7077502712455	226.0
143.71775081058237	228.0
143.7277513499193	234.0
143.73775188925617	239.0
143.74775242859306	248.0
143.75775296792997	250.0
143.76775350726686	256.0
143.77775404660377	259.0
143.78775458594066	262.0
143.79775512527758	262.0
143.80775566461446	259.0
143.81775620395138	256.0
143.82775674328826	253.0
143.83775728262518	250.0
143.84775782196206	245.0
143.85775836129898	242.0
143.86775890063586	236.0
143.87775943997278	231.0
143.88775997930966	228.0
143.89776051864658	226.0
143.90776105798346	223.0
143.91776159732035	223.0
143.92776213665726	223.0
143.93776267599415	223.0
143.94776321533107	226.0
143.95776375466795	231.0
143.96776429400487	236.0
143.97776483334175	248.0
143.98776537267867	256.0
143.99776591201555	265.0
144.00776645135247	268.0
144.01776699068935	272.0
144.02776753002627	268.0
144.03776806936315	265.0
144.04776860870007	256.0
144.05776914803695	239.0
144.06776968737387	226.0
144.07777022671075	194.0
144.08777076604767	187.0
144.09777130538455	187.0
144.10777184472144	192.0
144.11777238405836	196.0
144.12777292339524	201.0
144.13777346273216	206.0
144.14777400206904	208.0
144.15777454140596	210.0
144.16777508074284	210.0
144.17777562007976	208.0
144.18777615941664	206.0
144.19777669875356	201.0
144.20777723809044	196.0
144.21777777742736	194.0
144.22777831676424	192.0
144.23777885610116	190.0
144.24777939543804	190.0
144.25777993477496	192.0
144.26778047411185	194.0
144.27778101344873	196.0
144.28778155278565	203.0
144.29778209212253	208.0
144.30778263145945	213.0
144.31778317079633	215.0
144.32778371013325	218.0
144.33778424947013	218.0
144.34778478880705	213.0
144.35778532814393	206.0
144.36778586748085	201.0
144.37778640681773	196.0
144.38778694615465	194.0
144.39778748549153	192.0
144.40778802482845	192.0
144.41778856416533	194.0
144.42778910350225	199.0
144.43778964283914	203.0
144.44779018217605	210.0
144.45779072151294	220.0
144.46779126084982	231.0
144.47779180018674	236.0
144.48779233952362	245.0
144.49779287886054	248.0
144.50779341819742	248.0
144.51779395753434	245.0
144.52779449687122	236.0
144.53779503620814	218.0
144.54779557554502	208.0
144.55779611488194	199.0
144.56779665421882	196.0
144.57779719355574	196.0
144.58779773289262	203.0
144.59779827222954	213.0
144.60779881156643	220.0
144.61779935090334	231.0
144.62779989024023	239.0
144.6378004295771	245.0
144.64780096891403	248.0
144.6578015082509	248.0
144.66780204758783	245.0
144.6778025869247	239.0
144.68780312626163	234.0
144.6978036655985	226.0
144.70780420493543	220.0
144.7178047442723	218.0
144.72780528360923	215.0
144.73780582294611	218.0
144.74780636228303	220.0
144.75780690161992	226.0
144.76780744095683	234.0
144.77780798029372	239.0
144.78780851963063	245.0
144.79780905896752	250.0
144.80780959830443	253.0
144.81781013764132	256.0
144.8278106769782	256.0
144.83781121631512	259.0
144.847811755652	259.0
144.85781229498892	259.0
144.8678128343258	256.0
144.87781337366272	250.0
144.8878139129996	245.0
144.89781445233652	236.0
144.9078149916734	223.0
144.91781553101032	220.0
144.9278160703472	220.0
144.93781660968412	228.0
144.947817149021	242.0
144.95781768835792	262.0
144.9678182276948	281.0
144.97781876703172	291.0
144.9878193063686	301.0
144.99781984570552	301.0
145.0078203850424	298.0
145.0178209243793	288.0
145.0278214637162	278.0
145.0378220030531	259.0
145.04782254239	242.0
145.0578230817269	228.0
145.0678236210638	218.0
145.0778241604007	213.0
145.0878246997376	213.0
145.0978252390745	213.0
145.1078257784114	218.0
145.1178263177483	223.0
145.1278268570852	228.0
145.1378273964221	234.0
145.147827935759	236.0
145.1578284750959	236.0
145.1678290144328	231.0
145.1778295537697	226.0
145.18783009310658	215.0
145.1978306324435	203.0
145.20783117178038	196.0
145.2178317111173	192.0
145.22783225045418	203.0
145.2378327897911	218.0
145.24783332912799	228.0
145.2578338684649	239.0
145.2678344078018	250.0
145.2778349471387	262.0
145.2878354864756	268.0
145.2978360258125	268.0
145.3078365651494	259.0
145.3178371044863	250.0
145.3278376438232	239.0
145.3378381831601	220.0
145.347838722497	199.0
145.3578392618339	190.0
145.3678398011708	187.0
145.37784034050767	201.0
145.3878408798446	203.0
145.39784141918147	208.0
145.4078419585184	208.0
145.41784249785528	210.0
145.4278430371922	210.0
145.43784357652908	210.0
145.447844115866	210.0
145.45784465520288	210.0
145.4678451945398	210.0
145.47784573387668	210.0
145.4878462732136	210.0
145.49784681255048	0.0
145.5078473518874	0.0
145.51784789122428	0.0
145.5278484305612	0.0
145.53784896989808	0.0
145.54784950923496	0.0
145.55785004857188	0.0
145.56785058790877	0.0
145.57785112724568	0.0
145.58785166658257	0.0
145.59785220591948	0.0
145.60785274525637	218.0
145.61785328459328	226.0
145.62785382393017	234.0
145.63785436326708	239.0
145.64785490260397	248.0
145.65785544194088	250.0
145.66785598127777	250.0
145.67785652061468	245.0
145.68785705995157	236.0
145.69785759928848	228.0
145.70785813862537	226.0
145.71785867796228	226.0
145.72785921729917	234.0
145.73785975663606	242.0
145.74786029597297	253.0
145.75786083530986	272.0
145.76786137464677	284.0
145.77786191398366	294.0
145.78786245332057	294.0
145.79786299265746	294.0
145.80786353199437	284.0
145.81786407133126	265.0
145.82786461066817	245.0
145.83786515000506	226.0
145.84786568934197	210.0
145.85786622867886	208.0
145.86786676801577	210.0
145.87786730735266	218.0
145.88786784668957	226.0
145.89786838602646	242.0
145.90786892536335	250.0
145.91786946470026	256.0
145.92787000403715	259.0
145.93787054337406	256.0
145.94787108271095	256.0
145.95787162204786	248.0
145.96787216138475	236.0
145.97787270072166	226.0
145.98787324005855	201.0
145.99787377939546	190.0
146.00787431873235	187.0
146.01787485806926	190.0
146.02787539740615	201.0
146.03787593674306	206.0
146.04787647607995	208.0
146.05787701541686	210.0
146.06787755475375	210.0
146.07787809409066	210.0
146.08787863342755	210.0
146.09787917276444	208.0
146.10787971210135	208.0
146.11788025143824	0.0
146.12788079077515	0.0
146.13788133011204	0.0
146.14788186944895	0.0
146.15788240878584	0.0
146.16788294812275	208.0
146.17788348745964	220.0
146.18788402679655	223.0
146.19788456613344	228.0
146.20788510547035	234.0
146.21788564480724	239.0
146.22788618414415	242.0
146.23788672348104	239.0
146.24788726281795	234.0
146.25788780215484	226.0
146.26788834149173	215.0
146.27788888082864	194.0
146.28788942016553	0.0
146.29788995950244	0.0
146.30789049883933	0.0
146.31789103817624	0.0
146.32789157751313	194.0
146.33789211685004	196.0
146.34789265618693	194.0
146.35789319552384	192.0
146.36789373486073	190.0
146.37789427419764	187.0
146.38789481353453	183.0
146.39789535287144	181.0
146.40789589220833	181.0
146.41789643154524	181.0
146.42789697088213	0.0
146.43789751021905	0.0
146.44789804955593	0.0
146.45789858889282	0.0
146.46789912822973	0.0
146.47789966756662	0.0
146.48790020690353	0.0
146.49790074624042	0.0
146.50790128557733	0.0
146.51790182491422	0.0
146.52790236425113	0.0
146.53790290358802	0.0
146.54790344292493	0.0
146.55790398226182	0.0
146.56790452159873	0.0
146.57790506093562	0.0
146.58790560027253	0.0
146.59790613960942	0.0
146.60790667894634	0.0
146.61790721828322	0.0
146.62790775762014	0.0
146.63790829695702	0.0
146.6479088362939	0.0
146.65790937563082	0.0
146.6679099149677	0.0
146.67791045430462	0.0
146.6879109936415	0.0
146.69791153297842	0.0
146.7079120723153	0.0
146.71791261165222	0.0
146.7279131509891	0.0
146.73791369032602	203.0
146.7479142296629	201.0
146.75791476899983	201.0
146.7679153083367	201.0
146.77791584767363	203.0
146.7879163870105	206.0
146.79791692634743	203.0
146.8079174656843	203.0
146.8179180050212	203.0
146.8279185443581	203.0
146.837919083695	201.0
146.8479196230319	201.0
146.8579201623688	201.0
146.8679207017057	203.0
146.8779212410426	203.0
146.88792178037951	203.0
146.8979223197164	206.0
146.90792285905331	208.0
146.9179233983902	208.0
146.92792393772712	208.0
146.937924477064	208.0
146.94792501640092	206.0
146.9579255557378	206.0
146.96792609507472	203.0
146.9779266344116	203.0
146.98792717374852	203.0
146.9979277130854	208.0
147.0079282524223	213.0
147.0179287917592	218.0
147.0279293310961	223.0
147.037929870433	234.0
147.0479304097699	245.0
147.0579309491068	253.0
147.0679314884437	259.0
147.0779320277806	262.0
147.0879325671175	259.0
147.0979331064544	253.0
147.1079336457913	245.0
147.1179341851282	234.0
147.1279347244651	223.0
147.137935263802	218.0
147.1479358031389	215.0
147.1579363424758	215.0
147.1679368818127	220.0
147.17793742114958	231.0
147.1879379604865	242.0
147.19793849982338	253.0
147.2079390391603	253.0
147.21793957849718	268.0
147.2279401178341	278.0
147.23794065717098	281.0
147.2479411965079	281.0
147.25794173584478	275.0
147.2679422751817	265.0
147.27794281451858	256.0
147.2879433538555	248.0
147.29794389319238	239.0
147.3079444325293	236.0
147.31794497186618	239.0
147.3279455112031	248.0
147.33794605053998	256.0
147.3479465898769	268.0
147.35794712921378	284.0
147.36794766855067	298.0
147.37794820788758	308.0
147.38794874722447	316.0
147.39794928656138	316.0
147.40794982589827	316.0
147.41795036523519	308.0
147.42795090457207	298.0
147.437951443909	278.0
147.44795198324587	265.0
147.4579525225828	250.0
147.46795306191967	236.0
147.4779536012566	228.0
147.48795414059347	228.0
147.4979546799304	228.0
147.50795521926727	236.0
147.5179557586042	245.0
147.52795629794107	250.0
147.53795683727796	259.0
147.54795737661487	268.0
147.55795791595176	272.0
147.56795845528868	275.0
147.57795899462556	272.0
147.58795953396248	268.0
147.59796007329936	262.0
147.60796061263628	256.0
147.61796115197316	248.0
147.62796169131008	236.0
147.63796223064696	228.0
147.64796276998388	220.0
147.65796330932076	218.0
147.66796384865768	220.0
147.67796438799456	226.0
147.68796492733148	234.0
147.69796546666836	239.0
147.70796600600528	245.0
147.71796654534216	248.0
147.72796708467905	248.0
147.73796762401597	245.0
147.74796816335285	236.0
147.75796870268977	226.0
147.76796924202665	215.0
147.77796978136357	203.0
147.78797032070045	196.0
147.79797086003737	196.0
147.80797139937425	196.0
147.81797193871117	201.0
147.82797247804805	206.0
147.83797301738497	208.0
147.84797355672185	210.0
147.85797409605877	210.0
147.86797463539565	213.0
147.87797517473257	213.0
147.88797571406946	213.0
147.89797625340637	210.0
147.90797679274326	210.0
147.91797733208014	208.0
147.92797787141706	206.0
147.93797841075394	201.0
147.94797895009086	201.0
147.95797948942774	199.0
147.96798002876466	201.0
147.97798056810154	203.0
147.98798110743846	208.0
147.99798164677534	215.0
148.00798218611226	223.0
148.01798272544914	231.0
148.02798326478606	245.0
148.03798380412294	256.0
148.04798434345986	265.0
148.05798488279675	265.0
148.06798542213366	265.0
148.07798596147055	262.0
148.08798650080743	259.0
148.09798704014435	253.0
148.10798757948123	248.0
148.11798811881815	242.0
148.12798865815503	234.0
148.13798919749195	226.0
148.14798973682883	220.0
148.15799027616575	220.0
148.16799081550263	223.0
148.17799135483955	228.0
148.18799189417643	239.0
148.19799243351335	248.0
148.20799297285023	268.0
148.21799351218715	278.0
148.22799405152404	281.0
148.23799459086095	281.0
148.24799513019784	275.0
148.25799566953475	268.0
148.26799620887164	262.0
148.27799674820852	250.0
148.28799728754544	248.0
148.29799782688232	248.0
148.30799836621924	253.0
148.31799890555612	272.0
148.32799944489304	291.0
148.33799998422992	301.0
148.34800052356684	312.0
148.35800106290372	323.0
148.36800160224064	331.0
148.37800214157753	331.0
148.38800268091444	323.0
148.39800322025133	312.0
148.40800375958824	301.0
148.41800429892513	281.0
148.42800483826204	265.0
148.43800537759893	256.0
148.4480059169358	256.0
148.45800645627273	256.0
148.4680069956096	259.0
148.47800753494653	262.0
148.4880080742834	265.0
148.49800861362033	268.0
148.50800915295721	272.0
148.51800969229413	275.0
148.52801023163101	275.0
148.53801077096793	272.0
148.54801131030482	268.0
148.55801184964173	262.0
148.56801238897862	253.0
148.57801292831553	234.0
148.58801346765242	220.0
148.59801400698933	215.0
148.60801454632622	220.0
148.61801508566313	228.0
148.62801562500002	236.0
148.6380161643369	265.0
148.64801670367382	278.0
148.6580172430107	291.0
148.66801778234762	301.0
148.6780183216845	301.0
148.68801886102142	298.0
148.6980194003583	294.0
148.70801993969522	281.0
148.7180204790321	256.0
148.72802101836902	242.0
148.7380215577059	223.0
148.74802209704282	215.0
148.7580226363797	215.0
148.76802317571662	220.0
148.7780237150535	226.0
148.78802425439042	234.0
148.7980247937273	242.0
148.8080253330642	248.0
148.8180258724011	253.0
148.828026411738	253.0
148.8380269510749	253.0
148.8480274904118	250.0
148.8580280297487	248.0
148.8680285690856	239.0
148.8780291084225	223.0
148.8880296477594	213.0
148.8980301870963	203.0
148.9080307264332	196.0
148.9180312657701	196.0
148.928031805107	199.0
148.9380323444439	203.0
148.9480328837808	206.0
148.9580334231177	208.0
148.9680339624546	208.0
148.9780345017915	208.0
148.9880350411284	206.0
148.99803558046528	201.0
149.0080361198022	194.0
149.01803665913909	185.0
149.028037198476	183.0
149.03803773781289	185.0
149.0480382771498	0.0
149.0580388164867	0.0
149.0680393558236	0.0
149.0780398951605	194.0
149.0880404344974	192.0
149.0980409738343	190.0
149.1080415131712	187.0
149.1180420525081	185.0
149.128042591845	187.0
149.1380431311819	196.0
149.1480436705188	213.0
149.1580442098557	226.0
149.16804474919257	245.0
149.1780452885295	253.0
149.18804582786638	262.0
149.1980463672033	265.0
149.20804690654018	265.0
149.2180474458771	262.0
149.22804798521398	256.0
149.2380485245509	250.0
149.24804906388778	242.0
149.2580496032247	223.0
149.26805014256158	220.0
149.2780506818985	223.0
149.28805122123538	231.0
149.2980517605723	248.0
149.30805229990918	265.0
149.3180528392461	281.0
149.32805337858298	291.0
149.3380539179199	294.0
149.34805445725678	294.0
149.35805499659367	288.0
149.36805553593058	275.0
149.37805607526747	256.0
149.38805661460438	242.0
149.39805715394127	228.0
149.40805769327818	218.0
149.41805823261507	210.0
149.42805877195198	210.0
149.43805931128887	215.0
149.44805985062578	223.0
149.45806038996267	231.0
149.46806092929958	239.0
149.47806146863647	245.0
149.48806200797338	250.0
149.49806254731027	250.0
149.50806308664718	248.0
149.51806362598407	242.0
149.52806416532098	236.0
149.53806470465787	226.0
149.54806524399476	213.0
149.55806578333167	206.0
149.56806632266856	206.0
149.57806686200547	213.0
149.58806740134236	223.0
149.59806794067927	234.0
149.60806848001616	245.0
149.61806901935307	253.0
149.62806955868996	262.0
149.63807009802687	265.0
149.64807063736376	268.0
149.65807117670067	262.0
149.66807171603756	253.0
149.67807225537447	242.0
149.68807279471136	231.0
149.69807333404827	194.0
149.70807387338516	192.0
149.71807441272205	196.0
149.72807495205896	201.0
149.73807549139585	206.0
149.74807603073276	208.0
149.75807657006965	208.0
149.76807710940656	208.0
149.77807764874345	201.0
149.78807818808036	194.0
149.79807872741725	185.0
149.80807926675416	181.0
149.81807980609105	0.0
149.82808034542796	0.0
149.83808088476485	0.0
149.84808142410176	0.0
149.85808196343865	0.0
149.86808250277556	0.0
149.87808304211245	0.0
149.88808358144937	0.0
149.89808412078625	0.0
149.90808466012314	0.0
149.91808519946005	0.0
149.92808573879694	0.0
149.93808627813385	0.0
149.94808681747074	0.0
149.95808735680765	0.0
149.96808789614454	0.0
149.97808843548145	0.0
149.98808897481834	0.0
149.99808951415525	0.0
150.00809005349214	0.0
150.01809059282905	0.0
150.02809113216594	0.0
150.03809167150285	0.0
150.04809221083974	0.0
150.05809275017666	0.0
150.06809328951354	0.0
150.07809382885043	0.0
150.08809436818734	0.0
150.09809490752423	213.0
150.10809544686114	210.0
150.11809598619803	210.0
150.12809652553494	210.0
150.13809706487183	208.0
150.14809760420874	208.0
150.15809814354563	206.0
150.16809868288254	203.0
150.17809922221943	203.0
150.18809976155634	203.0
150.19810030089323	203.0
150.20810084023014	203.0
150.21810137956703	203.0
150.22810191890395	203.0
150.23810245824083	203.0
150.24810299757775	206.0
150.25810353691463	206.0
150.26810407625152	208.0
150.27810461558843	208.0
150.28810515492532	208.0
150.29810569426223	206.0
150.30810623359912	206.0
150.31810677293603	203.0
150.32810731227292	201.0
150.33810785160983	201.0
150.34810839094672	201.0
150.35810893028363	206.0
150.36810946962052	213.0
150.37811000895744	218.0
150.38811054829432	226.0
150.39811108763124	231.0
150.40811162696812	239.0
150.41811216630504	248.0
150.42811270564192	250.0
150.4381132449788	250.0
150.44811378431572	245.0
150.4581143236526	236.0
150.46811486298952	226.0
150.4781154023264	215.0
150.48811594166332	210.0
150.4981164810002	208.0
150.50811702033712	210.0
150.518117559674	218.0
150.52811809901092	231.0
150.5381186383478	245.0
150.54811917768473	262.0
150.5581197170216	272.0
150.56812025635853	275.0
150.5781207956954	272.0
150.58812133503233	262.0
150.5981218743692	253.0
150.60812241370613	242.0
150.618122953043	226.0
150.6281234923799	218.0
150.6381240317168	210.0
150.6481245710537	206.0
150.6581251103906	208.0
150.6681256497275	210.0
150.67812618906441	215.0
150.6881267284013	220.0
150.69812726773822	226.0
150.7081278070751	231.0
150.71812834641202	234.0
150.7281288857489	236.0
150.73812942508582	236.0
150.7481299644227	234.0
150.75813050375962	226.0
150.7681310430965	218.0
150.77813158243342	213.0
150.7881321217703	210.0
150.79813266110722	208.0
150.8081332004441	210.0
150.818133739781	215.0
150.8281342791179	220.0
150.8381348184548	228.0
150.8481353577917	242.0
150.8581358971286	250.0
150.8681364364655	259.0
150.8781369758024	265.0
150.8881375151393	268.0
150.8981380544762	265.0
150.9081385938131	259.0
150.91813913315	250.0
150.9281396724869	239.0
150.9381402118238	234.0
150.9481407511607	231.0
150.9581412904976	234.0
150.9681418298345	239.0
150.9781423691714	262.0
150.98814290850828	281.0
150.9981434478452	294.0
151.00814398718208	301.0
151.018144526519	305.0
151.02814506585588	308.0
151.0381456051928	312.0
151.04814614452968	275.0
151.0581466838666	268.0
151.06814722320348	250.0
151.0781477625404	245.0
151.08814830187728	234.0
151.0981488412142	226.0
151.10814938055108	226.0
151.118149919888	228.0
151.12815045922488	236.0
151.1381509985618	245.0
151.14815153789868	250.0
151.1581520772356	256.0
151.16815261657248	262.0
151.17815315590937	262.0
151.18815369524629	262.0
151.19815423458317	256.0
151.20815477392009	253.0
151.21815531325697	248.0
151.2281558525939	242.0
151.23815639193077	231.0
151.2481569312677	231.0
151.25815747060457	231.0
151.2681580099415	231.0
151.27815854927837	234.0
151.2881590886153	236.0
151.29815962795217	245.0
151.3081601672891	256.0
151.31816070662597	275.0
151.3281612459629	294.0
151.33816178529977	301.0
151.34816232463666	308.0
151.35816286397358	312.0
151.36816340331046	316.0
151.37816394264738	312.0
151.38816448198426	308.0
151.39816502132118	301.0
151.40816556065806	288.0
151.41816609999498	281.0
151.42816663933186	278.0
151.43816717866878	281.0
151.44816771800566	288.0
151.45816825734258	308.0
151.46816879667946	323.0
151.47816933601638	334.0
151.48816987535326	342.0
151.49817041469018	346.0
151.50817095402707	346.0
151.51817149336398	342.0
151.52817203270087	338.0
151.53817257203775	331.0
151.54817311137467	281.0
151.55817365071155	275.0
151.56817419004847	275.0
151.57817472938535	278.0
151.58817526872227	284.0
151.59817580805915	291.0
151.60817634739607	298.0
151.61817688673295	305.0
151.62817742606987	308.0
151.63817796540675	308.0
151.64817850474367	308.0
151.65817904408055	305.0
151.66817958341747	298.0
151.67818012275436	291.0
151.68818066209127	281.0
151.69818120142816	275.0
151.70818174076504	275.0
151.71818228010196	272.0
151.72818281943884	272.0
151.73818335877576	272.0
151.74818389811264	275.0
151.75818443744956	281.0
151.76818497678644	291.0
151.77818551612336	305.0
151.78818605546024	316.0
151.79818659479716	334.0
151.80818713413404	346.0
151.81818767347096	354.0
151.82818821280785	363.0
151.83818875214476	367.0
151.84818929148165	367.0
151.85818983081856	358.0
151.86819037015545	350.0
151.87819090949236	338.0
151.88819144882925	323.0
151.89819198816613	312.0
151.90819252750305	312.0
151.91819306683993	312.0
151.92819360617685	327.0
151.93819414551373	342.0
151.94819468485065	363.0
151.95819522418753	375.0
151.96819576352445	389.0
151.97819630286133	398.0
151.98819684219825	398.0
151.99819738153514	398.0
152.00819792087205	389.0
152.01819846020894	363.0
152.02819899954585	346.0
152.03819953888274	319.0
152.04820007821965	301.0
152.05820061755654	298.0
152.06820115689342	298.0
152.07820169623034	305.0
152.08820223556722	316.0
152.09820277490414	323.0
152.10820331424102	334.0
152.11820385357794	342.0
152.12820439291482	346.0
152.13820493225174	346.0
152.14820547158862	346.0
152.15820601092554	342.0
152.16820655026243	331.0
152.17820708959934	316.0
152.18820762893623	294.0
152.19820816827314	275.0
152.20820870761003	265.0
152.21820924694694	265.0
152.22820978628383	281.0
152.23821032562074	301.0
152.24821086495763	327.0
152.2582114042945	342.0
152.26821194363143	354.0
152.2782124829683	367.0
152.28821302230523	375.0
152.29821356164211	380.0
152.30821410097903	375.0
152.31821464031592	367.0
152.32821517965283	367.0
152.33821571898972	354.0
152.34821625832663	338.0
152.35821679766352	312.0
152.36821733700043	298.0
152.37821787633732	291.0
152.38821841567423	291.0
152.39821895501112	291.0
152.40821949434803	294.0
152.41822003368492	298.0
152.42822057302183	298.0
152.43822111235872	301.0
152.4482216516956	301.0
152.45822219103252	301.0
152.4682227303694	301.0
152.47822326970632	301.0
152.4882238090432	301.0
152.49822434838012	298.0
152.508224887717	291.0
152.51822542705392	281.0
152.5282259663908	259.0
152.53822650572772	239.0
152.5482270450646	223.0
152.55822758440152	218.0
152.5682281237384	215.0
152.57822866307532	218.0
152.5882292024122	223.0
152.59822974174912	236.0
152.608230281086	248.0
152.6182308204229	265.0
152.6282313597598	278.0
152.6382318990967	281.0
152.6482324384336	278.0
152.6582329777705	272.0
152.6682335171074	259.0
152.6782340564443	250.0
152.6882345957812	245.0
152.6982351351181	245.0
152.708235674455	248.0
152.7182362137919	262.0
152.7282367531288	294.0
152.7382372924657	316.0
152.7482378318026	338.0
152.7582383711395	354.0
152.7682389104764	375.0
152.7782394498133	389.0
152.7882399891502	393.0
152.7982405284871	389.0
152.80824106782399	375.0
152.8182416071609	354.0
152.8282421464978	331.0
152.8382426858347	301.0
152.8482432251716	291.0
152.8582437645085	288.0
152.8682443038454	291.0
152.8782448431823	298.0
152.8882453825192	308.0
152.8982459218561	312.0
152.908246461193	316.0
152.9182470005299	316.0
152.9282475398668	312.0
152.9382480792037	305.0
152.9482486185406	298.0
152.9582491578775	275.0
152.9682496972144	253.0
152.97825023655128	248.0
152.9882507758882	245.0
152.99825131522508	0.0
153.008251854562	228.0
153.01825239389888	223.0
153.0282529332358	223.0
153.03825347257268	226.0
153.0482540119096	234.0
153.05825455124648	245.0
153.0682550905834	259.0
153.07825562992028	268.0
153.0882561692572	275.0
153.09825670859408	275.0
153.108257247931	272.0
153.11825778726788	265.0
153.1282583266048	256.0
153.13825886594168	248.0
153.1482594052786	234.0
153.15825994461548	228.0
153.16826048395237	223.0
153.17826102328928	220.0
153.18826156262617	220.0
153.19826210196308	223.0
153.20826264129997	226.0
153.21826318063688	226.0
153.22826371997377	228.0
153.23826425931068	226.0
153.24826479864757	223.0
153.25826533798448	220.0
153.26826587732137	215.0
153.27826641665828	210.0
153.28826695599517	208.0
153.29826749533208	208.0
153.30826803466897	210.0
153.31826857400588	215.0
153.32826911334277	218.0
153.33826965267966	223.0
153.34827019201657	228.0
153.35827073135346	236.0
153.36827127069037	245.0
153.37827181002726	250.0
153.38827234936417	256.0
153.39827288870106	259.0
153.40827342803797	259.0
153.41827396737486	259.0
153.42827450671177	259.0
153.43827504604866	259.0
153.44827558538557	256.0
153.45827612472246	256.0
153.46827666405937	256.0
153.47827720339626	256.0
153.48827774273317	253.0
153.49827828207006	253.0
153.50827882140698	250.0
153.51827936074386	250.0
153.52827990008075	250.0
153.53828043941766	250.0
153.54828097875455	250.0
153.55828151809146	250.0
153.56828205742835	250.0
153.57828259676526	250.0
153.58828313610215	250.0
153.59828367543906	250.0
153.60828421477595	250.0
153.61828475411286	253.0
153.62828529344975	256.0
153.63828583278666	256.0
153.64828637212355	259.0
153.65828691146046	259.0
153.66828745079735	256.0
153.67828799013427	250.0
153.68828852947115	242.0
153.69828906880807	210.0
153.70828960814495	199.0
153.71829014748184	199.0
153.72829068681875	203.0
153.73829122615564	208.0
153.74829176549255	215.0
153.75829230482944	220.0
153.76829284416635	234.0
153.77829338350324	245.0
153.78829392284015	253.0
153.79829446217704	256.0
153.80829500151395	262.0
153.81829554085084	262.0
153.82829608018776	262.0
153.83829661952464	262.0
153.84829715886156	256.0
153.85829769819844	250.0
153.86829823753536	245.0
153.87829877687224	239.0
153.88829931620913	234.0
153.89829985554604	228.0
153.90830039488293	226.0
153.91830093421984	0.0
153.92830147355673	0.0
153.93830201289364	0.0
153.94830255223053	0.0
153.95830309156744	0.0
153.96830363090433	0.0
153.97830417024124	0.0
153.98830470957813	0.0
153.99830524891505	0.0
154.00830578825193	0.0
154.01830632758885	0.0
154.02830686692573	298.0
154.03830740626265	298.0
154.04830794559953	298.0
154.05830848493645	298.0
154.06830902427333	298.0
154.07830956361022	298.0
154.08831010294713	298.0
154.09831064228402	298.0
154.10831118162093	298.0
154.11831172095782	298.0
154.12831226029473	298.0
154.13831279963162	298.0
154.14831333896853	301.0
154.15831387830542	301.0
154.16831441764234	301.0
154.17831495697922	301.0
154.18831549631614	301.0
154.19831603565302	301.0
154.20831657498994	298.0
154.21831711432682	298.0
154.22831765366374	298.0
154.23831819300062	298.0
154.2483187323375	301.0
154.25831927167442	301.0
154.2683198110113	301.0
154.27832035034822	301.0
154.2883208896851	301.0
154.29832142902202	298.0
154.3083219683589	294.0
154.31832250769583	291.0
154.3283230470327	259.0
154.33832358636963	0.0
154.3483241257065	0.0
154.35832466504343	0.0
154.3683252043803	0.0
154.37832574371723	0.0
154.3883262830541	0.0
154.39832682239103	0.0
154.4083273617279	0.0
154.41832790106483	0.0
154.4283284404017	0.0
154.4383289797386	0.0
154.44832951907551	0.0
154.4583300584124	0.0
154.46833059774931	0.0
154.4783311370862	0.0
154.48833167642312	0.0
154.49833221576	0.0
154.50833275509692	0.0
154.5183332944338	0.0
154.52833383377072	0.0
154.5383343731076	0.0
154.54833491244452	0.0
154.5583354517814	0.0
154.56833599111832	0.0
154.5783365304552	0.0
154.58833706979212	0.0
154.598337609129	0.0
154.6083381484659	0.0
154.6183386878028	0.0
154.6283392271397	0.0
154.6383397664766	0.0
154.6483403058135	0.0
154.6583408451504	0.0
154.6683413844873	0.0
154.6783419238242	0.0
154.6883424631611	250.0
154.698343002498	248.0
154.7083435418349	248.0
154.7183440811718	248.0
154.7283446205087	248.0
154.7383451598456	250.0
154.7483456991825	250.0
154.7583462385194	253.0
154.7683467778563	256.0
154.7783473171932	256.0
154.7883478565301	256.0
154.79834839586698	253.0
154.8083489352039	250.0
154.81834947454078	248.0
154.8283500138777	242.0
154.83835055321458	234.0
154.8483510925515	228.0
154.85835163188838	223.0
154.8683521712253	223.0
154.87835271056218	220.0
154.8883532498991	226.0
154.89835378923598	234.0
154.9083543285729	242.0
154.91835486790978	250.0
154.9283554072467	265.0
154.93835594658358	275.0
154.9483564859205	278.0
154.95835702525738	278.0
154.96835756459427	272.0
154.97835810393119	262.0
154.98835864326807	253.0
154.998359182605	245.0
155.00835972194187	236.0
155.0183602612788	231.0
155.02836080061567	231.0
155.0383613399526	234.0
155.04836187928947	242.0
155.0583624186264	253.0
155.06836295796327	278.0
155.0783634973002	294.0
155.08836403663707	305.0
155.098364575974	316.0
155.10836511531087	323.0
155.1183656546478	327.0
155.12836619398468	323.0
155.1383667333216	312.0
155.14836727265848	298.0
155.15836781199536	265.0
155.16836835133228	250.0
155.17836889066916	239.0
155.18836943000608	234.0
155.19836996934296	234.0
155.20837050867988	239.0
155.21837104801676	248.0
155.22837158735368	262.0
155.23837212669056	278.0
155.24837266602748	291.0
155.25837320536436	301.0
155.26837374470128	305.0
155.27837428403816	308.0
155.28837482337508	312.0
155.29837536271197	308.0
155.30837590204888	305.0
155.31837644138577	298.0
155.32837698072268	291.0
155.33837752005957	288.0
155.34837805939645	288.0
155.35837859873337	288.0
155.36837913807025	291.0
155.37837967740717	298.0
155.38838021674405	308.0
155.39838075608097	319.0
155.40838129541785	331.0
155.41838183475477	342.0
155.42838237409165	346.0
155.43838291342857	346.0
155.44838345276546	342.0
155.45838399210237	334.0
155.46838453143926	319.0
155.47838507077617	301.0
155.48838561011306	288.0
155.49838614944997	281.0
155.50838668878686	281.0
155.51838722812374	288.0
155.52838776746066	301.0
155.53838830679754	316.0
155.54838884613446	334.0
155.55838938547134	358.0
155.56838992480826	393.0
155.57839046414514	407.0
155.58839100348206	407.0
155.59839154281894	407.0
155.60839208215586	402.0
155.61839262149275	393.0
155.62839316082966	384.0
155.63839370016655	0.0
155.64839423950346	0.0
155.65839477884035	0.0
155.66839531817726	301.0
155.67839585751415	298.0
155.68839639685106	298.0
155.69839693618795	298.0
155.70839747552483	294.0
155.71839801486175	298.0
155.72839855419863	298.0
155.73839909353555	298.0
155.74839963287243	298.0
155.75840017220935	298.0
155.76840071154624	294.0
155.77840125088315	294.0
155.78840179022004	0.0
155.79840232955695	0.0
155.80840286889384	0.0
155.81840340823075	0.0
155.82840394756764	0.0
155.83840448690455	0.0
155.84840502624144	0.0
155.85840556557835	0.0
155.86840610491524	0.0
155.87840664425212	0.0
155.88840718358904	0.0
155.89840772292592	0.0
155.90840826226284	0.0
155.91840880159972	0.0
155.92840934093664	0.0
155.93840988027353	0.0
155.94841041961044	0.0
155.95841095894733	0.0
155.96841149828424	0.0
155.97841203762113	0.0
155.98841257695804	0.0
155.99841311629493	0.0
156.00841365563184	0.0
156.01841419496873	0.0
156.02841473430564	0.0
156.03841527364253	0.0
156.04841581297944	0.0
156.05841635231633	363.0
156.06841689165321	350.0
156.07841743099013	338.0
156.08841797032701	327.0
156.09841850966393	316.0
156.10841904900082	312.0
156.11841958833773	308.0
156.12842012767462	312.0
156.13842066701153	319.0
156.14842120634842	327.0
156.15842174568533	331.0
156.16842228502222	346.0
156.17842282435913	358.0
156.18842336369602	371.0
156.19842390303293	375.0
156.20842444236982	375.0
156.21842498170673	367.0
156.22842552104362	358.0
156.2384260603805	350.0
156.24842659971742	338.0
156.2584271390543	327.0
156.26842767839122	327.0
156.2784282177281	327.0
156.28842875706502	338.0
156.2984292964019	346.0
156.30842983573882	367.0
156.3184303750757	384.0
156.32843091441262	402.0
156.3384314537495	407.0
156.34843199308642	407.0
156.3584325324233	402.0
156.36843307176022	389.0
156.3784336110971	371.0
156.38843415043402	342.0
156.3984346897709	323.0
156.40843522910782	316.0
156.4184357684447	316.0
156.4284363077816	316.0
156.4384368471185	319.0
156.4484373864554	323.0
156.4584379257923	331.0
156.4684384651292	338.0
156.4784390044661	342.0
156.488439543803	346.0
156.4984400831399	346.0
156.5084406224768	346.0
156.5184411618137	342.0
156.5284417011506	338.0
156.5384422404875	327.0
156.5484427798244	316.0
156.5584433191613	301.0
156.5684438584982	298.0
156.5784443978351	298.0
156.588444937172	308.0
156.5984454765089	323.0
156.6084460158458	338.0
156.6184465551827	354.0
156.6284470945196	363.0
156.6384476338565	371.0
156.6484481731934	375.0
156.6584487125303	371.0
156.6684492518672	358.0
156.6784497912041	342.0
156.688450330541	312.0
156.6984508698779	294.0
156.7084514092148	288.0
156.7184519485517	284.0
156.7284524878886	284.0
156.7384530272255	288.0
156.7484535665624	294.0
156.7584541058993	298.0
156.7684546452362	301.0
156.7784551845731	305.0
156.78845572390998	305.0
156.7984562632469	301.0
156.80845680258378	298.0
156.8184573419207	294.0
156.82845788125758	284.0
156.8384584205945	272.0
156.84845895993138	256.0
156.8584594992683	245.0
156.86846003860518	234.0
156.8784605779421	226.0
156.88846111727898	223.0
156.8984616566159	226.0
156.90846219595278	228.0
156.9184627352897	236.0
156.92846327462658	248.0
156.9384638139635	262.0
156.94846435330038	278.0
156.9584648926373	288.0
156.96846543197418	294.0
156.97846597131107	294.0
156.98846651064798	294.0
156.99846704998487	294.0
157.00846758932178	291.0
157.01846812865867	281.0
157.02846866799558	265.0
157.03846920733247	256.0
157.04846974666938	248.0
157.05847028600627	245.0
157.06847082534318	245.0
157.07847136468007	250.0
157.08847190401698	275.0
157.09847244335387	298.0
157.10847298269078	316.0
157.11847352202767	342.0
157.12847406136459	354.0
157.13847460070147	363.0
157.14847514003836	371.0
157.15847567937527	375.0
157.16847621871216	371.0
157.17847675804907	363.0
157.18847729738596	346.0
157.19847783672287	323.0
157.20847837605976	305.0
157.21847891539667	298.0
157.22847945473356	294.0
157.23847999407047	294.0
157.24848053340736	298.0
157.25848107274427	301.0
157.26848161208116	305.0
157.27848215141807	308.0
157.28848269075496	312.0
157.29848323009188	312.0
157.30848376942876	308.0
157.31848430876568	305.0
157.32848484810256	301.0
157.33848538743945	294.0
157.34848592677636	294.0
157.35848646611325	294.0
157.36848700545016	298.0
157.37848754478705	308.0
157.38848808412396	319.0
157.39848862346085	331.0
157.40848916279776	342.0
157.41848970213465	350.0
157.42849024147156	363.0
157.43849078080845	367.0
157.44849132014537	371.0
157.45849185948225	367.0
157.46849239881917	363.0
157.47849293815605	354.0
157.48849347749297	338.0
157.49849401682985	319.0
157.50849455616674	284.0
157.51849509550365	250.0
157.52849563484054	234.0
157.53849617417745	223.0
157.54849671351434	220.0
157.55849725285125	218.0
157.56849779218814	220.0
157.57849833152505	226.0
157.58849887086194	234.0
157.59849941019885	245.0
157.60849994953574	256.0
157.61850048887266	265.0
157.62850102820954	272.0
157.63850156754646	275.0
157.64850210688334	275.0
157.65850264622026	268.0
157.66850318555714	262.0
157.67850372489406	256.0
157.68850426423094	250.0
157.69850480356783	250.0
157.70850534290474	253.0
157.71850588224163	259.0
157.72850642157854	278.0
157.73850696091543	298.0
157.74850750025234	323.0
157.75850803958923	342.0
157.76850857892614	354.0
157.77850911826303	367.0
157.78850965759995	380.0
157.79851019693683	384.0
157.80851073627375	384.0
157.81851127561063	367.0
157.82851181494755	346.0
157.83851235428443	323.0
157.84851289362135	301.0
157.85851343295823	294.0
157.86851397229512	291.0
157.87851451163203	294.0
157.88851505096892	298.0
157.89851559030583	305.0
157.90851612964272	312.0
157.91851666897963	312.0
157.92851720831652	312.0
157.93851774765344	308.0
157.94851828699032	301.0
157.95851882632724	284.0
157.96851936566412	268.0
157.97851990500104	256.0
157.98852044433792	248.0
157.99852098367484	242.0
158.00852152301172	236.0
158.01852206234864	231.0
158.02852260168552	231.0
158.03852314102244	234.0
158.04852368035932	242.0
158.0585242196962	250.0
158.06852475903312	259.0
158.07852529837	268.0
158.08852583770692	272.0
158.0985263770438	272.0
158.10852691638073	268.0
158.1185274557176	262.0
158.12852799505453	253.0
158.1385285343914	236.0
158.14852907372833	223.0
158.1585296130652	215.0
158.16853015240213	210.0
158.178530691739	210.0
158.18853123107593	215.0
158.1985317704128	223.0
158.20853230974973	231.0
158.2185328490866	236.0
158.22853338842353	242.0
158.23853392776041	242.0
158.2485344670973	242.0
158.25853500643422	239.0
158.2685355457711	234.0
158.27853608510802	226.0
158.2885366244449	213.0
158.29853716378182	199.0
158.3085377031187	192.0
158.31853824245562	190.0
158.3285387817925	190.0
158.33853932112942	190.0
158.3485398604663	192.0
158.35854039980322	196.0
158.3685409391401	201.0
158.37854147847702	206.0
158.3885420178139	208.0
158.39854255715082	208.0
158.4085430964877	210.0
158.4185436358246	208.0
158.4285441751615	208.0
158.4385447144984	206.0
158.4485452538353	206.0
158.4585457931722	203.0
158.4685463325091	203.0
158.478546871846	203.0
158.4885474111829	208.0
158.4985479505198	213.0
158.5085484898567	218.0
158.5185490291936	226.0
158.5285495685305	231.0
158.5385501078674	236.0
158.5485506472043	239.0
158.5585511865412	239.0
158.5685517258781	234.0
158.578552265215	228.0
158.5885528045519	220.0
158.5985533438888	208.0
158.60855388322568	201.0
158.6185544225626	199.0
158.62855496189948	203.0
158.6385555012364	208.0
158.64855604057328	215.0
158.6585565799102	223.0
158.66855711924708	228.0
158.678557658584	236.0
158.68855819792088	242.0
158.6985587372578	250.0
158.70855927659468	256.0
158.7185598159316	259.0
158.72856035526848	262.0
158.7385608946054	262.0
158.74856143394229	259.0
158.7585619732792	256.0
158.76856251261609	250.0
158.77856305195297	239.0
158.7885635912899	226.0
158.79856413062677	208.0
158.8085646699637	201.0
158.81856520930057	199.0
158.8285657486375	201.0
158.83856628797437	206.0
158.8485668273113	215.0
158.85856736664817	226.0
158.8685679059851	236.0
158.87856844532197	248.0
158.8885689846589	256.0
158.89856952399577	262.0
158.9085700633327	262.0
158.91857060266958	262.0
158.9285711420065	256.0
158.93857168134338	250.0
158.9485722206803	242.0
158.95857276001718	239.0
158.96857329935406	242.0
158.97857383869098	248.0
158.98857437802786	256.0
158.99857491736478	272.0
159.00857545670166	288.0
159.01857599603858	298.0
159.02857653537546	301.0
159.03857707471238	305.0
159.04857761404926	301.0
159.05857815338618	294.0
159.06857869272307	284.0
159.07857923205998	265.0
159.08857977139687	248.0
159.09858031073378	234.0
159.10858085007067	228.0
159.11858138940758	226.0
159.12858192874447	226.0
159.13858246808135	234.0
159.14858300741827	242.0
159.15858354675515	256.0
159.16858408609207	275.0
159.17858462542895	291.0
159.18858516476587	301.0
159.19858570410275	305.0
159.20858624343967	308.0
159.21858678277655	312.0
159.22858732211347	312.0
159.23858786145036	308.0
159.24858840078727	301.0
159.25858894012416	298.0
159.26858947946107	294.0
159.27859001879796	294.0
159.28859055813487	298.0
159.29859109747176	305.0
159.30859163680867	316.0
159.31859217614556	323.0
159.32859271548244	331.0
159.33859325481936	342.0
159.34859379415624	346.0
159.35859433349316	354.0
159.36859487283004	354.0
159.37859541216696	350.0
159.38859595150385	342.0
159.39859649084076	334.0
159.40859703017765	301.0
159.41859756951456	291.0
159.42859810885145	288.0
159.43859864818836	288.0
159.44859918752525	291.0
159.45859972686216	294.0
159.46860026619905	301.0
159.47860080553596	305.0
159.48860134487285	308.0
159.49860188420976	308.0
159.50860242354665	308.0
159.51860296288353	305.0
159.52860350222045	298.0
159.53860404155733	284.0
159.54860458089425	278.0
159.55860512023114	275.0
159.56860565956805	272.0
159.57860619890494	268.0
159.58860673824185	268.0
159.59860727757874	268.0
159.60860781691565	272.0
159.61860835625254	275.0
159.62860889558945	281.0
159.63860943492634	298.0
159.64860997426325	312.0
159.65861051360014	323.0
159.66861105293705	338.0
159.67861159227394	346.0
159.68861213161082	354.0
159.69861267094774	358.0
159.70861321028462	358.0
159.71861374962154	354.0
159.72861428895843	346.0
159.73861482829534	338.0
159.74861536763223	327.0
159.75861590696914	319.0
159.76861644630603	319.0
159.77861698564294	323.0
159.78861752497983	334.0
159.79861806431674	346.0
159.80861860365363	371.0
159.81861914299054	389.0
159.82861968232743	402.0
159.83862022166434	402.0
159.84862076100123	398.0
159.85862130033814	389.0
159.86862183967503	375.0
159.87862237901192	346.0
159.88862291834883	319.0
159.89862345768572	308.0
159.90862399702263	305.0
159.91862453635952	305.0
159.92862507569643	312.0
159.93862561503332	319.0
159.94862615437023	327.0
159.95862669370712	338.0
159.96862723304403	342.0
159.97862777238092	346.0
159.98862831171783	346.0
159.99862885105472	346.0
160.00862939039163	342.0
160.01862992972852	338.0
160.02863046906543	316.0
160.03863100840232	301.0
160.0486315477392	256.0
160.05863208707612	256.0
160.068632626413	253.0
160.07863316574992	0.0
160.0886337050868	0.0
160.09863424442372	393.0
160.1086347837606	389.0
160.11863532309752	393.0
160.1286358624344	398.0
160.13863640177132	407.0
160.1486369411082	417.0
160.15863748044512	426.0
160.168638019782	426.0
160.17863855911892	426.0
160.1886390984558	426.0
160.19863963779272	421.0
160.2086401771296	412.0
160.21864071646652	407.0
160.2286412558034	402.0
160.2386417951403	398.0
160.2486423344772	398.0
160.2586428738141	402.0
160.268643413151	417.0
160.2786439524879	431.0
160.2886444918248	447.0
160.2986450311617	457.0
160.3086455704986	462.0
160.3186461098355	462.0
160.3286466491724	462.0
160.3386471885093	447.0
160.3486477278462	426.0
160.3586482671831	402.0
160.36864880652	389.0
160.3786493458569	380.0
160.38864988519381	380.0
160.3986504245307	384.0
160.4086509638676	393.0
160.4186515032045	402.0
160.4286520425414	407.0
160.4386525818783	412.0
160.4486531212152	412.0
160.4586536605521	412.0
160.468654199889	407.0
160.4786547392259	398.0
160.4886552785628	398.0
160.4986558178997	0.0
160.5086563572366	0.0
160.5186568965735	0.0
160.5286574359104	0.0
160.5386579752473	0.0
160.5486585145842	0.0
160.5586590539211	0.0
160.568659593258	0.0
160.5786601325949	363.0
160.5886606719318	354.0
160.59866121126868	350.0
160.6086617506056	350.0
160.61866228994248	354.0
160.6286628292794	367.0
160.63866336861628	384.0
160.6486639079532	407.0
160.65866444729008	431.0
160.668664986627	462.0
160.67866552596388	501.0
160.6886660653008	519.0
160.69866660463768	531.0
160.7086671439746	531.0
160.71866768331148	525.0
160.7286682226484	501.0
160.73866876198528	452.0
160.7486693013222	436.0
160.75866984065908	431.0
160.76867037999597	431.0
160.77867091933288	441.0
160.78867145866977	457.0
160.79867199800668	501.0
160.80867253734357	531.0
160.81867307668048	550.0
160.82867361601737	569.0
160.83867415535428	569.0
160.84867469469117	569.0
160.85867523402808	556.0
160.86867577336497	537.0
160.87867631270188	457.0
160.88867685203877	436.0
160.89867739137568	421.0
160.90867793071257	407.0
160.91867847004949	398.0
160.92867900938637	407.0
160.9386795487233	431.0
160.94868008806017	457.0
160.95868062739706	496.0
160.96868116673397	519.0
160.97868170607086	537.0
160.98868224540777	556.0
160.99868278474466	563.0
161.00868332408157	569.0
161.01868386341846	563.0
161.02868440275537	556.0
161.03868494209226	544.0
161.04868548142917	531.0
161.05868602076606	0.0
161.06868656010298	0.0
161.07868709943986	384.0
161.08868763877678	384.0
161.09868817811366	384.0
161.10868871745058	384.0
161.11868925678746	389.0
161.12868979612438	393.0
161.13869033546126	398.0
161.14869087479815	402.0
161.15869141413506	412.0
161.16869195347195	417.0
161.17869249280886	417.0
161.18869303214575	417.0
161.19869357148266	412.0
161.20869411081955	402.0
161.21869465015646	389.0
161.22869518949335	367.0
161.23869572883027	346.0
161.24869626816715	323.0
161.25869680750407	308.0
161.26869734684095	301.0
161.27869788617787	298.0
161.28869842551475	323.0
161.29869896485167	338.0
161.30869950418855	350.0
161.31870004352544	358.0
161.32870058286235	367.0
161.33870112219924	371.0
161.34870166153615	371.0
161.35870220087304	367.0
161.36870274020995	354.0
161.37870327954684	346.0
161.38870381888376	338.0
161.39870435822064	331.0
161.40870489755756	334.0
161.41870543689444	338.0
161.42870597623136	346.0
161.43870651556824	358.0
161.44870705490516	371.0
161.45870759424204	389.0
161.46870813357896	407.0
161.47870867291584	421.0
161.48870921225276	426.0
161.49870975158964	426.0
161.50871029092653	421.0
161.51871083026344	417.0
161.52871136960033	407.0
161.53871190893724	398.0
161.54871244827413	393.0
161.55871298761105	389.0
161.56871352694793	375.0
161.57871406628485	358.0
161.58871460562173	350.0
161.59871514495865	346.0
161.60871568429553	342.0
161.61871622363245	0.0
161.62871676296933	0.0
161.63871730230625	436.0
161.64871784164313	436.0
161.65871838098005	441.0
161.66871892031693	441.0
161.67871945965382	447.0
161.68871999899073	452.0
161.69872053832762	457.0
161.70872107766453	457.0
161.71872161700142	462.0
161.72872215633834	462.0
161.73872269567522	457.0
161.74872323501214	447.0
161.75872377434902	436.0
161.76872431368594	421.0
161.77872485302282	402.0
161.78872539235974	389.0
161.79872593169662	389.0
161.80872647103354	398.0
161.81872701037042	417.0
161.82872754970734	457.0
161.83872808904422	507.0
161.84872862838114	519.0
161.85872916771802	544.0
161.8687297070549	550.0
161.87873024639183	550.0
161.8887307857287	544.0
161.89873132506563	531.0
161.9087318644025	519.0
161.91873240373943	457.0
161.9287329430763	421.0
161.93873348241323	402.0
161.9487340217501	398.0
161.95873456108703	393.0
161.9687351004239	393.0
161.97873563976083	398.0
161.9887361790977	402.0
161.99873671843463	407.0
162.00873725777151	417.0
162.01873779710843	421.0
162.02873833644531	421.0
162.0387388757822	421.0
162.04873941511912	417.0
162.058739954456	412.0
162.06874049379292	402.0
162.0787410331298	393.0
162.08874157246672	380.0
162.0987421118036	354.0
162.10874265114052	331.0
162.1187431904774	316.0
162.12874372981432	308.0
162.1387442691512	312.0
162.14874480848812	319.0
162.158745347825	331.0
162.16874588716192	346.0
162.1787464264988	354.0
162.18874696583572	367.0
162.1987475051726	371.0
162.20874804450952	367.0
162.2187485838464	363.0
162.2287491231833	354.0
162.2387496625202	346.0
162.2487502018571	323.0
162.258750741194	305.0
162.2687512805309	294.0
162.2787518198678	294.0
162.2887523592047	294.0
162.2987528985416	298.0
162.3087534378785	301.0
162.3187539772154	308.0
162.3287545165523	316.0
162.3387550558892	319.0
162.3487555952261	319.0
162.358756134563	319.0
162.3687566738999	316.0
162.3787572132368	308.0
162.3887577525737	308.0
162.3987582919106	308.0
162.4087588312475	312.0
162.41875937058438	319.0
162.4287599099213	331.0
162.43876044925818	342.0
162.4487609885951	354.0
162.45876152793198	363.0
162.4687620672689	367.0
162.47876260660578	367.0
162.4887631459427	363.0
162.49876368527958	354.0
162.5087642246165	346.0
162.51876476395338	338.0
162.5287653032903	327.0
162.53876584262719	319.0
162.5487663819641	305.0
162.558766921301	294.0
162.5687674606379	312.0
162.5787679999748	284.0
162.58876853931167	284.0
162.5987690786486	291.0
162.60876961798547	294.0
162.6187701573224	375.0
162.62877069665927	384.0
162.6387712359962	393.0
162.64877177533307	398.0
162.65877231467	402.0
162.66877285400687	407.0
162.6787733933438	407.0
162.68877393268068	407.0
162.6987744720176	407.0
162.70877501135448	407.0
162.7187755506914	407.0
162.72877609002828	407.0
162.7387766293652	407.0
162.74877716870208	407.0
162.758777708039	402.0
162.76877824737588	389.0
162.77877878671276	367.0
162.78877932604968	350.0
162.79877986538656	338.0
162.80878040472348	334.0
162.81878094406036	342.0
162.82878148339728	358.0
162.83878202273416	375.0
162.84878256207108	393.0
162.85878310140797	436.0
162.86878364074488	447.0
162.87878418008177	447.0
162.88878471941868	441.0
162.89878525875557	426.0
162.90878579809248	402.0
162.91878633742937	380.0
162.92878687676628	354.0
162.93878741610317	331.0
162.94878795544005	316.0
162.95878849477697	312.0
162.96878903411385	316.0
162.97878957345077	331.0
162.98879011278765	342.0
162.99879065212457	358.0
163.00879119146146	367.0
163.01879173079837	380.0
163.02879227013526	384.0
163.03879280947217	384.0
163.04879334880906	384.0
163.05879388814597	375.0
163.06879442748286	363.0
163.07879496681977	350.0
163.08879550615666	331.0
163.09879604549357	316.0
163.10879658483046	308.0
163.11879712416737	305.0
163.12879766350426	305.0
163.13879820284114	301.0
163.14879874217806	305.0
163.15879928151494	308.0
163.16879982085186	316.0
163.17880036018875	316.0
163.18880089952566	316.0
163.19880143886255	312.0
163.20880197819946	308.0
163.21880251753635	268.0
163.22880305687326	259.0
163.23880359621015	253.0
163.24880413554706	245.0
163.25880467488395	234.0
163.26880521422086	228.0
163.27880575355775	228.0
163.28880629289466	231.0
163.29880683223155	239.0
163.30880737156843	248.0
163.31880791090535	259.0
163.32880845024224	268.0
163.33880898957915	275.0
163.34880952891604	278.0
163.35881006825295	275.0
163.36881060758984	272.0
163.37881114692675	262.0
163.38881168626364	253.0
163.39881222560055	239.0
163.40881276493744	228.0
163.41881330427435	218.0
163.42881384361124	218.0
163.43881438294815	220.0
163.44881492228504	228.0
163.45881546162195	236.0
163.46881600095884	242.0
163.47881654029575	248.0
163.48881707963264	250.0
163.49881761896953	250.0
163.50881815830644	248.0
163.51881869764333	242.0
163.52881923698024	231.0
163.53881977631713	215.0
163.54882031565404	203.0
163.55882085499093	196.0
163.56882139432784	192.0
163.57882193366473	192.0
163.58882247300164	192.0
163.59882301233853	194.0
163.60882355167544	199.0
163.61882409101233	201.0
163.62882463034924	201.0
163.63882516968613	201.0
163.64882570902304	199.0
163.65882624835993	196.0
163.66882678769682	192.0
163.67882732703373	192.0
163.68882786637062	192.0
163.69882840570753	201.0
163.70882894504442	210.0
163.71882948438133	218.0
163.72883002371822	226.0
163.73883056305513	231.0
163.74883110239202	236.0
163.75883164172893	236.0
163.76883218106582	236.0
163.77883272040273	234.0
163.78883325973962	228.0
163.79883379907653	220.0
163.80883433841342	213.0
163.81883487775033	210.0
163.82883541708722	213.0
163.83883595642413	223.0
163.84883649576102	223.0
163.8588370350979	228.0
163.86883757443482	236.0
163.8788381137717	245.0
163.88883865310862	250.0
163.8988391924455	253.0
163.90883973178242	253.0
163.9188402711193	256.0
163.92884081045622	259.0
163.9388413497931	259.0
163.94884188913002	256.0
163.9588424284669	253.0
163.96884296780382	0.0
163.9788435071407	0.0
163.98884404647762	0.0
163.9988445858145	0.0
164.00884512515142	0.0
164.0188456644883	0.0
164.02884620382522	0.0
164.0388467431621	0.0
164.048847282499	0.0
164.0588478218359	0.0
164.0688483611728	0.0
164.0788489005097	0.0
164.0888494398466	0.0
164.0988499791835	0.0
164.1088505185204	0.0
164.1188510578573	0.0
164.1288515971942	0.0
164.1388521365311	0.0
164.148852675868	0.0
164.1588532152049	0.0
164.1688537545418	0.0
164.17885429387871	0.0
164.1888548332156	0.0
164.19885537255252	0.0
164.2088559118894	0.0
164.2188564512263	0.0
164.2288569905632	0.0
164.2388575299001	226.0
164.248858069237	223.0
164.2588586085739	218.0
164.2688591479108	218.0
164.2788596872477	218.0
164.2888602265846	218.0
164.2988607659215	220.0
164.3088613052584	223.0
164.3188618445953	226.0
164.3288623839322	228.0
164.3388629232691	234.0
164.348863462606	236.0
164.3588640019429	226.0
164.3688645412798	220.0
164.3788650806167	215.0
164.3888656199536	215.0
164.3988661592905	218.0
164.40886669862738	223.0
164.4188672379643	228.0
164.42886777730118	234.0
164.4388683166381	245.0
164.44886885597498	262.0
164.4588693953119	275.0
164.46886993464878	284.0
164.4788704739857	288.0
164.48887101332258	288.0
164.4988715526595	278.0
164.50887209199638	265.0
164.5188726313333	250.0
164.52887317067018	236.0
164.5388737100071	194.0
164.54887424934398	192.0
164.5588747886809	192.0
164.56887532801778	199.0
164.57887586735467	215.0
164.58887640669158	226.0
164.59887694602847	236.0
164.60887748536538	245.0
164.61887802470227	250.0
164.62887856403918	253.0
164.63887910337607	250.0
164.64887964271298	245.0
164.65888018204987	234.0
164.66888072138678	226.0
164.67888126072367	196.0
164.68888180006059	196.0
164.69888233939747	201.0
164.70888287873439	203.0
164.71888341807127	206.0
164.7288839574082	206.0
164.73888449674507	206.0
164.748885036082	206.0
164.75888557541887	206.0
164.76888611475576	208.0
164.77888665409267	208.0
164.78888719342956	208.0
164.79888773276647	206.0
164.80888827210336	206.0
164.81888881144027	199.0
164.82888935077716	190.0
164.83888989011407	185.0
164.84889042945096	185.0
164.85889096878788	199.0
164.86889150812476	208.0
164.87889204746168	218.0
164.88889258679856	223.0
164.89889312613548	228.0
164.90889366547236	228.0
164.91889420480928	231.0
164.92889474414616	231.0
164.93889528348305	228.0
164.94889582281996	0.0
164.95889636215685	0.0
164.96889690149376	0.0
164.97889744083065	0.0
164.98889798016756	0.0
164.99889851950445	0.0
165.00889905884137	0.0
165.01889959817825	0.0
165.02890013751517	0.0
165.03890067685205	0.0
165.04890121618897	0.0
165.05890175552585	0.0
165.06890229486277	0.0
165.07890283419965	0.0
165.08890337353657	0.0
165.09890391287345	0.0
165.10890445221037	0.0
165.11890499154725	0.0
165.12890553088414	0.0
165.13890607022105	0.0
165.14890660955794	0.0
165.15890714889485	0.0
165.16890768823174	0.0
165.17890822756866	0.0
165.18890876690554	0.0
165.19890930624246	0.0
165.20890984557934	0.0
165.21891038491626	0.0
165.22891092425314	0.0
165.23891146359006	223.0
165.24891200292694	218.0
165.25891254226386	215.0
165.26891308160074	210.0
165.27891362093766	206.0
165.28891416027454	203.0
165.29891469961143	201.0
165.30891523894834	201.0
165.31891577828523	201.0
165.32891631762215	199.0
165.33891685695903	196.0
165.34891739629595	194.0
165.35891793563283	192.0
165.36891847496975	190.0
165.37891901430663	192.0
165.38891955364355	199.0
165.39892009298043	203.0
165.40892063231735	210.0
165.41892117165423	218.0
165.42892171099115	226.0
165.43892225032803	234.0
165.44892278966495	242.0
165.45892332900183	245.0
165.46892386833875	245.0
165.47892440767563	236.0
165.48892494701252	228.0
165.49892548634944	213.0
165.50892602568632	203.0
165.51892656502324	201.0
165.52892710436012	201.0
165.53892764369704	201.0
165.54892818303392	201.0
165.55892872237084	203.0
165.56892926170772	203.0
165.57892980104464	206.0
165.58893034038152	206.0
165.59893087971844	206.0
165.60893141905532	208.0
165.61893195839224	206.0
165.62893249772912	206.0
165.63893303706604	201.0
165.64893357640292	194.0
165.65893411573984	187.0
165.66893465507673	185.0
165.6789351944136	187.0
165.68893573375053	199.0
165.6989362730874	215.0
165.70893681242433	226.0
165.7189373517612	234.0
165.72893789109813	242.0
165.738938430435	250.0
165.74893896977193	256.0
165.7589395091088	259.0
165.76894004844573	259.0
165.7789405877826	259.0
165.78894112711953	253.0
165.79894166645641	248.0
165.80894220579333	239.0
165.81894274513022	213.0
165.82894328446713	203.0
165.83894382380402	201.0
165.8489443631409	203.0
165.85894490247782	208.0
165.8689454418147	213.0
165.87894598115162	218.0
165.8889465204885	223.0
165.89894705982542	228.0
165.9089475991623	234.0
165.91894813849922	236.0
165.9289486778361	239.0
165.93894921717302	239.0
165.9489497565099	234.0
165.95895029584682	226.0
165.9689508351837	223.0
165.97895137452062	223.0
165.9889519138575	220.0
165.99895245319442	223.0
166.0089529925313	228.0
166.01895353186822	236.0
166.0289540712051	245.0
166.038954610542	248.0
166.0489551498789	253.0
166.0589556892158	259.0
166.0689562285527	259.0
166.0789567678896	259.0
166.0889573072265	253.0
166.0989578465634	250.0
166.1089583859003	242.0
166.1189589252372	228.0
166.1289594645741	218.0
166.138960003911	183.0
166.1489605432479	206.0
166.1589610825848	208.0
166.1689616219217	208.0
166.1789621612586	208.0
166.1889627005955	208.0
166.1989632399324	208.0
166.20896377926928	208.0
166.2189643186062	208.0
166.22896485794308	208.0
166.23896539728	208.0
166.24896593661688	208.0
166.2589664759538	206.0
166.26896701529068	206.0
166.2789675546276	199.0
166.28896809396448	192.0
166.2989686333014	190.0
166.30896917263829	196.0
166.3189697119752	203.0
166.3289702513121	208.0
166.338970790649	215.0
166.3489713299859	226.0
166.3589718693228	239.0
166.3689724086597	248.0
166.3789729479966	253.0
166.3889734873335	256.0
166.39897402667037	253.0
166.4089745660073	250.0
166.41897510534417	245.0
166.4289756446811	0.0
166.43897618401797	0.0
166.4489767233549	0.0
166.45897726269177	213.0
166.4689778020287	206.0
166.47897834136558	208.0
166.4889788807025	206.0
166.49897942003938	206.0
166.5089799593763	206.0
166.51898049871318	206.0
166.5289810380501	203.0
166.53898157738698	203.0
166.5489821167239	201.0
166.55898265606078	199.0
166.56898319539766	194.0
166.57898373473458	183.0
166.58898427407146	179.0
166.59898481340838	177.0
166.60898535274526	150.0
166.61898589208218	152.0
166.62898643141907	154.0
166.63898697075598	158.0
166.64898751009287	161.0
166.65898804942978	169.0
166.66898858876667	175.0
166.67898912810358	179.0
166.68898966744047	183.0
166.69899020677738	187.0
166.70899074611427	190.0
166.71899128545118	187.0
166.72899182478807	185.0
166.73899236412498	181.0
166.74899290346187	179.0
166.75899344279875	181.0
166.76899398213567	183.0
166.77899452147255	187.0
166.78899506080947	208.0
166.79899560014636	208.0
166.80899613948327	206.0
166.81899667882016	203.0
166.82899721815707	201.0
166.83899775749396	201.0
166.84899829683087	201.0
166.85899883616776	201.0
166.86899937550467	201.0
166.87899991484156	201.0
166.88900045417847	199.0
166.89900099351536	196.0
166.90900153285227	190.0
166.91900207218916	183.0
166.92900261152607	181.0
166.93900315086296	183.0
166.94900369019985	201.0
166.95900422953676	215.0
166.96900476887365	223.0
166.97900530821056	228.0
166.98900584754745	234.0
166.99900638688436	239.0
167.00900692622125	242.0
167.01900746555816	239.0
167.02900800489505	234.0
167.03900854423196	226.0
167.04900908356885	218.0
167.05900962290576	215.0
167.06901016224265	218.0
167.07901070157956	228.0
167.08901124091645	231.0
167.09901178025336	239.0
167.10901231959025	245.0
167.11901285892714	248.0
167.12901339826405	253.0
167.13901393760094	259.0
167.14901447693785	262.0
167.15901501627474	265.0
167.16901555561165	262.0
167.17901609494854	259.0
167.18901663428545	253.0
167.19901717362234	248.0
167.20901771295925	239.0
167.21901825229614	223.0
167.22901879163305	194.0
167.23901933096994	194.0
167.24901987030685	201.0
167.25902040964374	208.0
167.26902094898065	213.0
167.27902148831754	218.0
167.28902202765445	223.0
167.29902256699134	228.0
167.30902310632823	231.0
167.31902364566514	234.0
167.32902418500203	234.0
167.33902472433894	234.0
167.34902526367583	228.0
167.35902580301274	226.0
167.36902634234963	223.0
167.37902688168654	206.0
167.38902742102343	226.0
167.39902796036034	228.0
167.40902849969723	242.0
167.41902903903414	248.0
167.42902957837103	250.0
167.43903011770794	253.0
167.44903065704483	253.0
167.45903119638174	253.0
167.46903173571863	250.0
167.47903227505552	245.0
167.48903281439243	242.0
167.49903335372932	236.0
167.50903389306623	231.0
167.51903443240312	226.0
167.52903497174003	218.0
167.53903551107692	218.0
167.54903605041383	226.0
167.55903658975072	0.0
167.56903712908763	298.0
167.57903766842452	305.0
167.58903820776143	312.0
167.59903874709832	316.0
167.60903928643523	316.0
167.61903982577212	316.0
167.62904036510903	312.0
167.63904090444592	308.0
167.64904144378283	298.0
167.65904198311972	288.0
167.6690425224566	256.0
167.67904306179352	248.0
167.6890436011304	231.0
167.69904414046732	223.0
167.7090446798042	218.0
167.71904521914112	215.0
167.729045758478	215.0
167.73904629781492	218.0
167.7490468371518	223.0
167.75904737648872	231.0
167.7690479158256	236.0
167.77904845516252	245.0
167.7890489944994	248.0
167.79904953383632	248.0
167.8090500731732	245.0
167.81905061251013	239.0
167.829051151847	234.0
167.8390516911839	228.0
167.8490522305208	223.0
167.8590527698577	0.0
167.8690533091946	0.0
167.8790538485315	0.0
167.8890543878684	0.0
167.8990549272053	308.0
167.9090554665422	312.0
167.9190560058791	316.0
167.929056545216	316.0
167.9390570845529	316.0
167.94905762388981	316.0
167.9590581632267	312.0
167.96905870256361	312.0
167.9790592419005	308.0
167.98905978123742	308.0
167.9990603205743	308.0
168.00906085991122	308.0
168.0190613992481	312.0
168.029061938585	312.0
168.0390624779219	265.0
168.0490630172588	259.0
168.0590635565957	259.0
168.0690640959326	338.0
168.0790646352695	346.0
168.0890651746064	354.0
168.0990657139433	350.0
168.1090662532802	346.0
168.1190667926171	338.0
168.129067331954	334.0
168.1390678712909	334.0
168.1490684106278	334.0
168.1590689499647	338.0
168.1690694893016	346.0
168.1790700286385	350.0
168.1890705679754	354.0
168.19907110731228	358.0
168.2090716466492	354.0
168.21907218598608	350.0
168.229072725323	342.0
168.23907326465988	334.0
168.2490738039968	331.0
168.25907434333368	331.0
168.2690748826706	334.0
168.27907542200748	342.0
168.2890759613444	363.0
168.29907650068128	375.0
168.3090770400182	398.0
168.31907757935508	417.0
168.329078118692	436.0
168.33907865802888	447.0
168.3490791973658	452.0
168.35907973670268	447.0
168.3690802760396	0.0
168.37908081537648	0.0
168.38908135471337	0.0
168.39908189405028	0.0
168.40908243338717	0.0
168.41908297272408	363.0
168.42908351206097	350.0
168.43908405139788	338.0
168.44908459073477	331.0
168.45908513007168	327.0
168.46908566940857	331.0
168.47908620874549	334.0
168.48908674808237	338.0
168.4990872874193	346.0
168.50908782675617	358.0
168.5190883660931	367.0
168.52908890542997	375.0
168.5390894447669	380.0
168.54908998410377	380.0
168.5590905234407	380.0
168.56909106277757	375.0
168.57909160211446	371.0
168.58909214145137	367.0
168.59909268078826	354.0
168.60909322012517	346.0
168.61909375946206	331.0
168.62909429879898	316.0
168.63909483813586	308.0
168.64909537747278	301.0
168.65909591680966	301.0
168.66909645614658	298.0
168.67909699548346	298.0
168.68909753482038	298.0
168.69909807415726	298.0
168.70909861349418	298.0
168.71909915283106	298.0
168.72909969216798	298.0
168.73910023150486	0.0
168.74910077084175	0.0
168.75910131017866	0.0
168.76910184951555	0.0
168.77910238885246	0.0
168.78910292818935	0.0
168.79910346752627	0.0
168.80910400686315	0.0
168.81910454620007	0.0
168.82910508553695	0.0
168.83910562487387	0.0
168.84910616421075	0.0
168.85910670354767	0.0
168.86910724288455	0.0
168.87910778222147	0.0
168.88910832155835	0.0
168.89910886089527	0.0
168.90910940023215	0.0
168.91910993956907	0.0
168.92911047890595	0.0
168.93911101824284	0.0
168.94911155757976	0.0
168.95911209691664	0.0
168.96911263625356	0.0
168.97911317559044	0.0
168.98911371492736	0.0
168.99911425426424	0.0
169.00911479360116	0.0
169.01911533293804	0.0
169.02911587227496	0.0
169.03911641161184	0.0
169.04911695094876	0.0
169.05911749028564	0.0
169.06911802962256	0.0
169.07911856895944	245.0
169.08911910829636	242.0
169.09911964763324	242.0
169.10912018697013	245.0
169.11912072630705	250.0
169.12912126564393	256.0
169.13912180498085	259.0
169.14912234431773	262.0
169.15912288365465	262.0
169.16912342299153	262.0
169.17912396232845	262.0
169.18912450166533	259.0
169.19912504100225	256.0
169.20912558033913	253.0
169.21912611967605	242.0
169.22912665901293	228.0
169.23912719834985	0.0
169.24912773768673	0.0
169.25912827702365	0.0
169.26912881636053	0.0
169.27912935569745	308.0
169.28912989503434	308.0
169.29913043437122	312.0
169.30913097370814	312.0
169.31913151304502	316.0
169.32913205238194	316.0
169.33913259171882	316.0
169.34913313105574	316.0
169.35913367039262	316.0
169.36913420972954	312.0
169.37913474906642	308.0
169.38913528840334	305.0
169.39913582774022	259.0
169.40913636707714	256.0
169.41913690641402	308.0
169.42913744575094	319.0
169.43913798508783	327.0
169.44913852442474	334.0
169.45913906376163	342.0
169.4691396030985	350.0
169.47914014243543	354.0
169.4891406817723	358.0
169.49914122110923	358.0
169.5091417604461	354.0
169.51914229978303	346.0
169.5291428391199	342.0
169.53914337845683	334.0
169.5491439177937	327.0
169.55914445713063	312.0
169.56914499646751	305.0
169.57914553580443	298.0
169.58914607514131	298.0
169.59914661447823	294.0
169.60914715381512	298.0
169.61914769315203	301.0
169.62914823248892	305.0
169.63914877182583	305.0
169.64914931116272	305.0
169.6591498504996	305.0
169.66915038983652	305.0
169.6791509291734	301.0
169.68915146851032	294.0
169.6991520078472	281.0
169.70915254718412	259.0
169.719153086521	312.0
169.72915362585792	323.0
169.7391541651948	331.0
169.74915470453172	334.0
169.7591552438686	338.0
169.76915578320552	342.0
169.7791563225424	342.0
169.78915686187932	342.0
169.7991574012162	342.0
169.80915794055312	342.0
169.81915847989	342.0
169.82915901922692	338.0
169.8391595585638	334.0
169.8491600979007	308.0
169.8591606372376	291.0
169.8691611765745	291.0
169.8791617159114	0.0
169.8891622552483	0.0
169.8991627945852	0.0
169.9091633339221	402.0
169.919163873259	407.0
169.9291644125959	417.0
169.9391649519328	421.0
169.9491654912697	426.0
169.9591660306066	426.0
169.9691665699435	426.0
169.9791671092804	426.0
169.9891676486173	421.0
169.9991681879542	417.0
170.0091687272911	407.0
170.01916926662798	389.0
170.0291698059649	371.0
170.03917034530178	389.0
170.0491708846387	407.0
170.05917142397558	417.0
170.0691719633125	431.0
170.07917250264939	441.0
170.0891730419863	457.0
170.09917358132319	468.0
170.1091741206601	473.0
170.119174659997	473.0
170.1291751993339	473.0
170.1391757386708	468.0
170.1491762780077	462.0
170.1591768173446	452.0
170.1691773566815	447.0
170.1791778960184	0.0
170.1891784353553	0.0
170.1991789746922	507.0
170.20917951402907	531.0
170.219180053366	537.0
170.22918059270287	544.0
170.2391811320398	544.0
170.24918167137668	544.0
170.2591822107136	544.0
170.26918275005048	544.0
170.2791832893874	544.0
170.28918382872428	544.0
170.2991843680612	537.0
170.30918490739808	531.0
170.319185446735	507.0
170.32918598607188	484.0
170.3391865254088	462.0
170.34918706474568	452.0
170.3591876040826	447.0
170.36918814341948	417.0
170.37918868275636	398.0
170.38918922209328	398.0
170.39918976143016	398.0
170.40919030076708	412.0
170.41919084010397	431.0
170.42919137944088	452.0
170.43919191877777	473.0
170.44919245811468	501.0
170.45919299745157	519.0
170.46919353678848	531.0
170.47919407612537	537.0
170.48919461546228	537.0
170.49919515479917	531.0
170.50919569413608	525.0
170.51919623347297	519.0
170.52919677280988	507.0
170.53919731214677	501.0
170.54919785148368	490.0
170.55919839082057	479.0
170.56919893015746	468.0
170.57919946949437	462.0
170.58920000883126	462.0
170.59920054816817	462.0
170.60920108750506	457.0
170.61920162684197	457.0
170.62920216617886	457.0
170.63920270551577	452.0
170.64920324485266	447.0
170.65920378418957	452.0
170.66920432352646	452.0
170.67920486286337	462.0
170.68920540220026	484.0
170.69920594153717	513.0
170.70920648087406	513.0
170.71920702021097	513.0
170.72920755954786	513.0
170.73920809888475	513.0
170.74920863822166	513.0
170.75920917755855	513.0
170.76920971689546	519.0
170.77921025623235	513.0
170.78921079556926	513.0
170.79921133490615	513.0
170.80921187424306	507.0
170.81921241357995	496.0
170.82921295291686	462.0
170.83921349225375	457.0
170.84921403159066	496.0
170.85921457092755	496.0
170.86921511026446	484.0
170.87921564960135	513.0
170.88921618893826	519.0
170.89921672827515	531.0
170.90921726761206	531.0
170.91921780694895	537.0
170.92921834628584	537.0
170.93921888562275	544.0
170.94921942495964	544.0
170.95921996429655	544.0
170.96922050363344	537.0
170.97922104297035	531.0
170.98922158230724	519.0
170.99922212164415	513.0
171.00922266098104	496.0
171.01922320031795	473.0
171.02922373965484	447.0
171.03922427899175	426.0
171.04922481832864	417.0
171.05922535766555	412.0
171.06922589700244	412.0
171.07922643633935	412.0
171.08922697567624	412.0
171.09922751501313	412.0
171.10922805435004	412.0
171.11922859368693	412.0
171.12922913302384	412.0
171.13922967236073	407.0
171.14923021169764	407.0
171.15923075103453	393.0
171.16923129037144	363.0
171.17923182970833	375.0
171.18923236904524	393.0
171.19923290838213	407.0
171.20923344771904	421.0
171.21923398705593	431.0
171.22923452639284	441.0
171.23923506572973	447.0
171.24923560506664	457.0
171.25923614440353	462.0
171.26923668374044	468.0
171.27923722307733	468.0
171.28923776241422	468.0
171.29923830175113	468.0
171.30923884108802	468.0
171.31923938042493	462.0
171.32923991976182	452.0
171.33924045909873	452.0
171.34924099843562	457.0
171.35924153777253	462.0
171.36924207710942	468.0
171.37924261644633	462.0
171.38924315578322	462.0
171.39924369512013	457.0
171.40924423445702	457.0
171.41924477379393	457.0
171.42924531313082	457.0
171.43924585246774	462.0
171.44924639180462	468.0
171.45924693114154	473.0
171.46924747047842	473.0
171.4792480098153	479.0
171.48924854915222	473.0
171.4992490884891	473.0
171.50924962782602	468.0
171.5192501671629	457.0
171.52925070649982	441.0
171.5392512458367	417.0
171.54925178517362	393.0
171.5592523245105	375.0
171.56925286384742	358.0
171.5792534031843	346.0
171.58925394252122	338.0
171.5992544818581	334.0
171.60925502119503	331.0
171.6192555605319	327.0
171.62925609986883	323.0
171.6392566392057	319.0
171.6492571785426	308.0
171.6592577178795	294.0
171.6692582572164	291.0
171.6792587965533	0.0
171.6892593358902	0.0
171.6992598752271	0.0
171.709260414564	393.0
171.7192609539009	398.0
171.7292614932378	402.0
171.73926203257471	402.0
171.7492625719116	402.0
171.75926311124852	407.0
171.7692636505854	407.0
171.77926418992232	407.0
171.7892647292592	407.0
171.79926526859612	407.0
171.809265807933	402.0
171.81926634726992	402.0
171.8292668866068	398.0
171.8392674259437	393.0
171.8492679652806	393.0
171.8592685046175	402.0
171.8692690439544	407.0
171.8792695832913	417.0
171.8892701226282	412.0
171.8992706619651	412.0
171.909271201302	412.0
171.9192717406389	412.0
171.9292722799758	412.0
171.9392728193127	412.0
171.9492733586496	412.0
171.9592738979865	412.0
171.9692744373234	412.0
171.9792749766603	412.0
171.9892755159972	412.0
171.9992760553341	407.0
172.00927659467098	398.0
172.0192771340079	393.0
172.02927767334478	384.0
172.0392782126817	375.0
172.04927875201858	367.0
172.0592792913555	354.0
172.06927983069238	342.0
172.0792803700293	331.0
172.08928090936618	319.0
172.0992814487031	312.0
172.10928198803998	308.0
172.1192825273769	305.0
172.12928306671378	305.0
172.1392836060507	305.0
172.14928414538758	305.0
172.1592846847245	308.0
172.16928522406138	291.0
172.1792857633983	268.0
172.18928630273518	262.0
172.19928684207207	265.0
172.20928738140898	275.0
172.21928792074587	298.0
172.22928846008278	358.0
172.23928899941967	363.0
172.24928953875659	363.0
172.25929007809347	358.0
172.26929061743039	354.0
172.27929115676727	354.0
172.2892916961042	350.0
172.29929223544107	346.0
172.309292774778	342.0
172.31929331411487	338.0
172.3292938534518	334.0
172.33929439278867	334.0
172.3492949321256	298.0
172.35929547146247	294.0
172.36929601079936	0.0
172.37929655013627	0.0
172.38929708947316	0.0
172.39929762881007	0.0
172.40929816814696	421.0
172.41929870748388	426.0
172.42929924682076	426.0
172.43929978615768	426.0
172.44930032549456	426.0
172.45930086483148	426.0
172.46930140416836	426.0
172.47930194350528	426.0
172.48930248284216	426.0
172.49930302217908	426.0
172.50930356151596	417.0
172.51930410085288	402.0
172.52930464018976	393.0
172.53930517952668	398.0
172.54930571886356	412.0
172.55930625820045	426.0
172.56930679753737	436.0
172.57930733687425	447.0
172.58930787621117	462.0
172.59930841554805	484.0
172.60930895488497	484.0
172.61930949422185	479.0
172.62931003355877	473.0
172.63931057289565	462.0
172.64931111223257	457.0
172.65931165156945	462.0
172.66931219090637	473.0
172.67931273024325	490.0
172.68931326958017	513.0
172.69931380891705	531.0
172.70931434825397	550.0
172.71931488759085	556.0
172.72931542692777	563.0
172.73931596626466	556.0
172.74931650560154	550.0
172.75931704493846	537.0
172.76931758427534	525.0
172.77931812361226	484.0
172.78931866294914	462.0
172.79931920228606	452.0
172.80931974162294	441.0
172.81932028095986	447.0
172.82932082029674	457.0
172.83932135963366	473.0
172.84932189897054	496.0
172.85932243830746	513.0
172.86932297764434	513.0
172.87932351698126	519.0
172.88932405631815	513.0
172.89932459565506	513.0
172.90932513499195	496.0
172.91932567432883	479.0
172.92932621366575	457.0
172.93932675300263	441.0
172.94932729233955	426.0
172.95932783167643	417.0
172.96932837101335	412.0
172.97932891035023	407.0
172.98932944968715	412.0
172.99932998902403	417.0
173.00933052836095	417.0
173.01933106769783	421.0
173.02933160703475	421.0
173.03933214637163	421.0
173.04933268570855	421.0
173.05933322504544	417.0
173.06933376438235	417.0
173.07933430371924	412.0
173.08933484305615	412.0
173.09933538239304	407.0
173.10933592172992	402.0
173.11933646106684	338.0
173.12933700040372	331.0
173.13933753974064	316.0
173.14933807907752	301.0
173.15933861841444	350.0
173.16933915775132	346.0
173.17933969708824	331.0
173.18934023642512	331.0
173.19934077576204	334.0
173.20934131509892	346.0
173.21934185443584	358.0
173.22934239377273	380.0
173.23934293310964	393.0
173.24934347244653	402.0
173.25934401178344	402.0
173.26934455112033	402.0
173.2793450904572	402.0
173.28934562979413	398.0
173.299346169131	393.0
173.30934670846793	294.0
173.3193472478048	288.0
173.32934778714173	0.0
173.3393483264786	0.0
173.34934886581553	0.0
173.35934940515241	301.0
173.36934994448933	305.0
173.37935048382622	305.0
173.38935102316313	305.0
173.39935156250002	301.0
173.40935210183693	301.0
173.41935264117382	305.0
173.42935318051073	305.0
173.43935371984762	305.0
173.44935425918453	305.0
173.45935479852142	305.0
173.4693553378583	305.0
173.47935587719522	305.0
173.4893564165321	301.0
173.49935695586902	301.0
173.5093574952059	301.0
173.51935803454282	301.0
173.5293585738797	301.0
173.53935911321662	301.0
173.5493596525535	301.0
173.55936019189042	301.0
173.5693607312273	301.0
173.57936127056422	301.0
173.5893618099011	305.0
173.59936234923802	305.0
173.6093628885749	305.0
173.61936342791182	305.0
173.6293639672487	305.0
173.6393645065856	301.0
173.6493650459225	256.0
173.6593655852594	248.0
173.6693661245963	236.0
173.6793666639332	226.0
173.6893672032701	220.0
173.699367742607	218.0
173.7093682819439	218.0
173.7193688212808	220.0
173.7293693606177	231.0
173.7393698999546	242.0
173.7493704392915	250.0
173.7593709786284	262.0
173.7693715179653	272.0
173.7793720573022	281.0
173.7893725966391	281.0
173.799373135976	278.0
173.8093736753129	272.0
173.8193742146498	259.0
173.82937475398668	248.0
173.8393752933236	234.0
173.84937583266048	223.0
173.8593763719974	215.0
173.86937691133429	213.0
173.8793774506712	215.0
173.8893779900081	223.0
173.899378529345	234.0
173.9093790686819	242.0
173.9193796080188	250.0
173.9293801473557	253.0
173.9393806866926	256.0
173.9493812260295	253.0
173.9593817653664	248.0
173.9693823047033	242.0
173.9793828440402	228.0
173.9893833833771	220.0
173.99938392271397	213.0
174.0093844620509	208.0
174.01938500138777	206.0
174.0293855407247	203.0
174.03938608006158	203.0
174.0493866193985	203.0
174.05938715873538	203.0
174.0693876980723	203.0
174.07938823740918	203.0
174.0893887767461	206.0
174.09938931608298	206.0
174.1093898554199	203.0
174.11939039475678	203.0
174.1293909340937	203.0
174.13939147343058	203.0
174.1493920127675	203.0
174.15939255210438	203.0
174.1693930914413	203.0
174.17939363077818	201.0
174.18939417011507	201.0
174.19939470945198	199.0
174.20939524878887	199.0
174.21939578812578	199.0
174.22939632746267	201.0
174.23939686679958	206.0
174.24939740613647	213.0
174.25939794547338	220.0
174.26939848481027	228.0
174.27939902414718	234.0
174.28939956348407	239.0
174.29940010282098	245.0
174.30940064215787	250.0
174.31940118149478	256.0
174.32940172083167	262.0
174.33940226016858	265.0
174.34940279950547	265.0
174.35940333884238	259.0
174.36940387817927	256.0
174.37940441751616	250.0
174.38940495685307	248.0
174.39940549618996	245.0
174.40940603552687	242.0
174.41940657486376	236.0
174.42940711420067	234.0
174.43940765353756	231.0
174.44940819287447	228.0
174.45940873221136	226.0
174.46940927154827	223.0
174.47940981088516	223.0
174.48941035022207	223.0
174.49941088955896	226.0
174.50941142889587	228.0
174.51941196823276	231.0
174.52941250756967	236.0
174.53941304690656	239.0
174.54941358624345	245.0
174.55941412558036	250.0
174.56941466491725	253.0
174.57941520425416	256.0
174.58941574359105	256.0
174.59941628292796	256.0
174.60941682226485	256.0
174.61941736160176	256.0
174.62941790093865	256.0
174.63941844027556	256.0
174.64941897961245	256.0
174.65941951894936	256.0
174.66942005828625	256.0
174.67942059762316	253.0
174.68942113696005	253.0
174.69942167629696	253.0
174.70942221563385	253.0
174.71942275497076	253.0
174.72942329430765	253.0
174.73942383364454	253.0
174.74942437298145	253.0
174.75942491231834	253.0
174.76942545165525	253.0
174.77942599099214	253.0
174.78942653032905	253.0
174.79942706966594	253.0
174.80942760900285	253.0
174.81942814833974	253.0
174.82942868767665	253.0
174.83942922701354	253.0
174.84942976635045	253.0
174.85943030568734	253.0
174.86943084502425	253.0
174.87943138436114	253.0
174.88943192369806	253.0
174.89943246303494	253.0
174.90943300237183	253.0
174.91943354170874	250.0
174.92943408104563	250.0
174.93943462038254	248.0
174.94943515971943	245.0
174.95943569905634	242.0
174.96943623839323	239.0
174.97943677773014	236.0
174.98943731706703	239.0
174.99943785640394	239.0
175.00943839574083	242.0
175.01943893507774	245.0
175.02943947441463	248.0
175.03944001375154	250.0
175.04944055308843	253.0
175.05944109242535	256.0
175.06944163176223	256.0
175.07944217109915	259.0
175.08944271043603	259.0
175.09944324977292	259.0
175.10944378910983	259.0
175.11944432844672	256.0
175.12944486778363	256.0
175.13944540712052	256.0
175.14944594645743	256.0
175.15944648579432	256.0
175.16944702513123	256.0
175.17944756446812	253.0
175.18944810380503	253.0
175.19944864314192	253.0
175.20944918247883	253.0
175.21944972181572	250.0
175.22945026115264	250.0
175.23945080048952	250.0
175.24945133982644	250.0
175.25945187916332	250.0
175.2694524185002	250.0
175.27945295783712	250.0
175.289453497174	250.0
175.29945403651092	250.0
175.3094545758478	250.0
175.31945511518472	253.0
175.3294556545216	253.0
175.33945619385852	253.0
175.3494567331954	253.0
175.35945727253232	256.0
175.3694578118692	256.0
175.37945835120613	256.0
175.389458890543	256.0
175.39945942987993	253.0
175.4094599692168	253.0
175.41946050855373	253.0
175.4294610478906	253.0
175.43946158722753	253.0
175.4494621265644	253.0
175.4594626659013	253.0
175.4694632052382	250.0
175.4794637445751	250.0
175.489464283912	250.0
175.4994648232489	250.0
175.50946536258581	253.0
175.5194659019227	253.0
175.52946644125961	253.0
175.5394669805965	253.0
175.54946751993342	253.0
175.5594680592703	253.0
175.56946859860722	253.0
175.5794691379441	253.0
175.58946967728102	253.0
175.5994702166179	253.0
175.60947075595482	253.0
175.6194712952917	250.0
175.62947183462862	245.0
175.6394723739655	242.0
175.6494729133024	236.0
175.6594734526393	0.0
175.6694739919762	0.0
175.6794745313131	0.0
175.68947507065	0.0
175.6994756099869	0.0
175.7094761493238	0.0
175.7194766886607	0.0
175.7294772279976	0.0
175.7394777673345	0.0
175.7494783066714	0.0
175.7594788460083	0.0
175.7694793853452	268.0
175.7794799246821	268.0
175.789480464019	272.0
175.7994810033559	272.0
175.8094815426928	272.0
175.81948208202968	272.0
175.8294826213666	268.0
175.83948316070348	268.0
175.8494837000404	265.0
175.85948423937728	265.0
175.8694847787142	262.0
175.87948531805108	262.0
175.889485857388	259.0
175.89948639672488	259.0
175.9094869360618	256.0
175.91948747539868	256.0
175.9294880147356	253.0
175.93948855407248	253.0
175.9494890934094	250.0
175.95948963274628	248.0
175.9694901720832	248.0
175.97949071142008	248.0
175.989491250757	248.0
175.99949179009388	248.0
176.00949232943077	248.0
176.01949286876768	250.0
176.02949340810457	250.0
176.03949394744149	250.0
176.04949448677837	250.0
176.0594950261153	248.0
176.06949556545217	248.0
176.0794961047891	248.0
176.08949664412597	248.0
176.0994971834629	250.0
176.10949772279977	250.0
176.1194982621367	253.0
176.12949880147357	256.0
176.1394993408105	256.0
176.14949988014737	259.0
176.1595004194843	259.0
176.16950095882117	262.0
176.17950149815806	262.0
176.18950203749498	259.0
176.19950257683186	259.0
176.20950311616878	256.0
176.21950365550566	253.0
176.22950419484258	250.0
176.23950473417946	248.0
176.24950527351638	245.0
176.25950581285326	239.0
176.26950635219018	236.0
176.27950689152706	231.0
176.28950743086398	228.0
176.29950797020086	226.0
176.30950850953778	226.0
176.31950904887466	223.0
176.32950958821158	220.0
176.33951012754846	220.0
176.34951066688538	220.0
176.35951120622227	220.0
176.36951174555915	220.0
176.37951228489607	220.0
176.38951282423295	223.0
176.39951336356987	223.0
176.40951390290675	223.0
176.41951444224367	223.0
176.42951498158055	223.0
176.43951552091747	223.0
176.44951606025435	223.0
176.45951659959127	226.0
176.46951713892815	226.0
176.47951767826507	228.0
176.48951821760195	234.0
176.49951875693887	236.0
176.50951929627576	239.0
176.51951983561267	242.0
176.52952037494956	245.0
176.53952091428644	245.0
176.54952145362336	245.0
176.55952199296024	242.0
176.56952253229716	239.0
176.57952307163404	234.0
176.58952361097096	231.0
176.59952415030784	228.0
176.60952468964476	228.0
176.61952522898164	226.0
176.62952576831856	226.0
176.63952630765544	226.0
176.64952684699236	226.0
176.65952738632924	226.0
176.66952792566616	226.0
176.67952846500305	226.0
176.68952900433996	226.0
176.69952954367685	226.0
176.70953008301376	226.0
176.71953062235065	226.0
176.72953116168753	228.0
176.73953170102445	231.0
176.74953224036133	234.0
176.75953277969825	239.0
176.76953331903513	245.0
176.77953385837205	250.0
176.78953439770893	256.0
176.79953493704585	259.0
176.80953547638273	256.0
176.81953601571965	253.0
176.82953655505654	248.0
176.83953709439345	242.0
176.84953763373034	236.0
176.85953817306725	231.0
176.86953871240414	226.0
176.87953925174105	226.0
176.88953979107794	226.0
176.89954033041482	0.0
176.90954086975174	0.0
176.91954140908862	0.0
176.92954194842554	0.0
176.93954248776242	0.0
176.94954302709934	0.0
176.95954356643622	0.0
176.96954410577314	0.0
176.97954464511002	0.0
176.98954518444694	0.0
176.99954572378383	0.0
177.00954626312074	0.0
177.01954680245763	0.0
177.02954734179454	0.0
177.03954788113143	0.0
177.04954842046834	0.0
177.05954895980523	0.0
177.06954949914214	0.0
177.07955003847903	0.0
177.0895505778159	0.0
177.09955111715283	0.0
177.1095516564897	0.0
177.11955219582663	0.0
177.12955273516351	0.0
177.13955327450043	0.0
177.14955381383731	0.0
177.15955435317423	0.0
177.16955489251112	0.0
177.17955543184803	0.0
177.18955597118492	0.0
177.19955651052183	0.0
177.20955704985872	0.0
177.21955758919563	0.0
177.22955812853252	0.0
177.23955866786943	0.0
177.24955920720632	0.0
177.25955974654323	0.0
177.26956028588012	215.0
177.279560825217	213.0
177.28956136455392	206.0
177.2995619038908	199.0
177.30956244322772	196.0
177.3195629825646	194.0
177.32956352190152	199.0
177.3395640612384	203.0
177.34956460057532	206.0
177.3595651399122	208.0
177.36956567924912	208.0
177.379566218586	208.0
177.38956675792292	208.0
177.3995672972598	208.0
177.40956783659672	208.0
177.4195683759336	208.0
177.42956891527052	208.0
177.4395694546074	208.0
177.4495699939443	208.0
177.4595705332812	210.0
177.4695710726181	210.0
177.479571611955	210.0
177.4895721512919	210.0
177.4995726906288	210.0
177.5095732299657	208.0
177.5195737693026	208.0
177.5295743086395	206.0
177.5395748479764	206.0
177.5495753873133	206.0
177.5595759266502	206.0
177.5695764659871	203.0
177.579577005324	203.0
177.5895775446609	203.0
177.5995780839978	203.0
177.6095786233347	201.0
177.6195791626716	199.0
177.6295797020085	196.0
177.63958024134539	194.0
177.6495807806823	192.0
177.65958132001919	190.0
177.6695818593561	187.0
177.679582398693	187.0
177.6895829380299	190.0
177.6995834773668	192.0
177.7095840167037	196.0
177.7195845560406	199.0
177.7295850953775	201.0
177.7395856347144	203.0
177.7495861740513	206.0
177.7595867133882	206.0
177.7695872527251	206.0
177.779587792062	206.0
177.7895883313989	203.0
177.7995888707358	203.0
177.80958941007268	203.0
177.8195899494096	203.0
177.82959048874648	203.0
177.8395910280834	203.0
177.84959156742028	203.0
177.8595921067572	206.0
177.86959264609408	206.0
177.879593185431	206.0
177.88959372476788	206.0
177.8995942641048	206.0
177.90959480344168	203.0
177.9195953427786	203.0
177.92959588211548	203.0
177.9395964214524	201.0
177.94959696078928	201.0
177.9595975001262	199.0
177.96959803946308	199.0
177.9795985788	199.0
177.98959911813688	201.0
177.99959965747377	206.0
178.00960019681068	210.0
178.01960073614757	220.0
178.02960127548448	228.0
178.03960181482137	242.0
178.04960235415828	253.0
178.05960289349517	256.0
178.06960343283208	259.0
178.07960397216897	259.0
178.08960451150588	259.0
178.09960505084277	256.0
178.10960559017968	253.0
178.11960612951657	250.0
178.12960666885348	248.0
178.13960720819037	242.0
178.14960774752728	239.0
178.15960828686417	234.0
178.16960882620106	231.0
178.17960936553797	231.0
178.18960990487486	231.0
178.19961044421177	231.0
178.20961098354866	231.0
178.21961152288557	228.0
178.22961206222246	228.0
178.23961260155937	228.0
178.24961314089626	228.0
178.25961368023317	226.0
178.26961421957006	226.0
178.27961475890697	226.0
178.28961529824386	226.0
178.29961583758077	226.0
178.30961637691766	226.0
178.31961691625457	226.0
178.32961745559146	228.0
178.33961799492837	228.0
178.34961853426526	234.0
178.35961907360215	236.0
178.36961961293906	245.0
178.37962015227595	248.0
178.38962069161286	253.0
178.39962123094975	256.0
178.40962177028666	259.0
178.41962230962355	262.0
178.42962284896046	262.0
178.43962338829735	259.0
178.44962392763426	256.0
178.45962446697115	253.0
178.46962500630806	250.0
178.47962554564495	248.0
178.48962608498186	245.0
178.49962662431875	239.0
178.50962716365567	236.0
178.51962770299255	234.0
178.52962824232947	231.0
178.53962878166635	231.0
178.54962932100324	231.0
178.55962986034015	231.0
178.56963039967704	231.0
178.57963093901395	231.0
178.58963147835084	231.0
178.59963201768775	228.0
178.60963255702464	228.0
178.61963309636155	228.0
178.62963363569844	226.0
178.63963417503535	226.0
178.64963471437224	228.0
178.65963525370915	231.0
178.66963579304604	236.0
178.67963633238296	242.0
178.68963687171984	250.0
178.69963741105676	256.0
178.70963795039364	262.0
178.71963848973053	265.0
178.72963902906744	265.0
178.73963956840433	265.0
178.74964010774124	265.0
178.75964064707813	262.0
178.76964118641504	259.0
178.77964172575193	253.0
178.78964226508884	250.0
178.79964280442573	248.0
178.80964334376264	245.0
178.81964388309953	239.0
178.82964442243644	236.0
178.83964496177333	231.0
178.84964550111025	231.0
178.85964604044713	228.0
178.86964657978405	228.0
178.87964711912093	226.0
178.88964765845785	226.0
178.89964819779473	226.0
178.90964873713162	226.0
178.91964927646853	228.0
178.92964981580542	228.0
178.93965035514233	228.0
178.94965089447922	231.0
178.95965143381613	234.0
178.96965197315302	239.0
178.97965251248993	245.0
178.98965305182682	253.0
178.99965359116374	259.0
179.00965413050062	265.0
179.01965466983754	272.0
179.02965520917442	278.0
179.03965574851134	278.0
179.04965628784822	278.0
179.05965682718514	275.0
179.06965736652202	272.0
179.0796579058589	268.0
179.08965844519582	265.0
179.0996589845327	259.0
179.10965952386962	256.0
179.1196600632065	253.0
179.12966060254342	253.0
179.1396611418803	250.0
179.14966168121722	250.0
179.1596622205541	250.0
179.16966275989103	250.0
179.1796632992279	250.0
179.18966383856483	250.0
179.1996643779017	250.0
179.20966491723863	248.0
179.2196654565755	248.0
179.22966599591243	248.0
179.2396665352493	248.0
179.24966707458623	248.0
179.2596676139231	245.0
179.26966815326	248.0
179.2796686925969	248.0
179.2896692319338	248.0
179.29966977127071	250.0
179.3096703106076	253.0
179.31967084994452	256.0
179.3296713892814	259.0
179.33967192861832	262.0
179.3496724679552	265.0
179.35967300729212	268.0
179.369673546629	268.0
179.37967408596592	268.0
179.3896746253028	265.0
179.39967516463972	262.0
179.4096757039766	259.0
179.41967624331352	259.0
179.4296767826504	256.0
179.4396773219873	253.0
179.4496778613242	250.0
179.4596784006611	248.0
179.469678939998	245.0
179.4796794793349	239.0
179.4896800186718	236.0
179.4996805580087	231.0
179.5096810973456	231.0
179.5196816366825	228.0
179.5296821760194	226.0
179.5396827153563	226.0
179.5496832546932	226.0
179.5596837940301	223.0
179.569684333367	223.0
179.5796848727039	223.0
179.5896854120408	223.0
179.5996859513777	223.0
179.6096864907146	226.0
179.6196870300515	226.0
179.62968756938838	228.0
179.6396881087253	234.0
179.64968864806218	239.0
179.6596891873991	250.0
179.66968972673598	262.0
179.6796902660729	268.0
179.68969080540978	272.0
179.6996913447467	275.0
179.70969188408358	275.0
179.7196924234205	272.0
179.72969296275738	268.0
179.7396935020943	265.0
179.74969404143118	262.0
179.7596945807681	259.0
179.76969512010498	253.0
179.7796956594419	248.0
179.78969619877878	239.0
179.79969673811567	231.0
179.80969727745259	226.0
179.81969781678947	223.0
179.82969835612639	223.0
179.83969889546327	220.0
179.8496994348002	220.0
179.85969997413707	220.0
179.869700513474	220.0
179.87970105281087	220.0
179.8897015921478	220.0
179.89970213148467	223.0
179.9097026708216	226.0
179.91970321015847	231.0
179.9297037494954	236.0
179.93970428883227	248.0
179.9497048281692	256.0
179.95970536750607	262.0
179.969705906843	268.0
179.97970644617988	268.0
179.98970698551676	268.0
179.99970752485368	262.0
180.00970806419056	253.0
180.01970860352748	245.0
180.02970914286436	236.0
180.03970968220128	226.0
180.04971022153816	199.0
180.05971076087508	194.0
180.06971130021196	192.0
180.07971183954888	192.0
180.08971237888576	192.0
180.09971291822268	194.0
180.10971345755956	196.0
180.11971399689648	196.0
180.12971453623337	199.0
180.13971507557028	199.0
180.14971561490717	199.0
180.15971615424408	199.0
180.16971669358097	199.0
180.17971723291785	199.0
180.18971777225477	201.0
180.19971831159165	201.0
180.20971885092857	201.0
180.21971939026545	201.0
180.22971992960237	201.0
180.23972046893925	201.0
180.24972100827617	203.0
180.25972154761305	203.0
180.26972208694997	203.0
180.27972262628685	206.0
180.28972316562377	206.0
180.29972370496066	206.0
180.30972424429757	206.0
180.31972478363446	206.0
180.32972532297137	206.0
180.33972586230826	206.0
180.34972640164514	206.0
180.35972694098206	206.0
180.36972748031894	206.0
180.37972801965586	203.0
180.38972855899274	203.0
180.39972909832966	201.0
180.40972963766654	201.0
180.41973017700346	201.0
180.42973071634034	203.0
180.43973125567726	208.0
180.44973179501415	213.0
180.45973233435106	220.0
180.46973287368795	228.0
180.47973341302486	234.0
180.48973395236175	242.0
180.49973449169866	250.0
180.50973503103555	256.0
180.51973557037246	262.0
180.52973610970935	265.0
180.53973664904623	265.0
180.54973718838315	262.0
180.55973772772003	259.0
180.56973826705695	253.0
180.57973880639383	248.0
180.58973934573075	245.0
180.59973988506763	236.0
180.60974042440455	234.0
180.61974096374144	231.0
180.62974150307835	228.0
180.63974204241524	226.0
180.64974258175215	223.0
180.65974312108904	223.0
180.66974366042595	220.0
180.67974419976284	220.0
180.68974473909975	220.0
180.69974527843664	220.0
180.70974581777352	223.0
180.71974635711044	223.0
180.72974689644732	226.0
180.73974743578424	228.0
180.74974797512112	231.0
180.75974851445804	236.0
180.76974905379492	245.0
180.77974959313184	250.0
180.78975013246873	259.0
180.79975067180564	265.0
180.80975121114253	268.0
180.81975175047944	272.0
180.82975228981633	268.0
180.83975282915324	265.0
180.84975336849013	262.0
180.85975390782704	259.0
180.86975444716393	256.0
180.87975498650084	253.0
180.88975552583773	250.0
180.8997560651746	250.0
180.90975660451153	250.0
180.91975714384841	250.0
180.92975768318533	250.0
180.93975822252222	250.0
180.94975876185913	250.0
180.95975930119602	250.0
180.96975984053293	250.0
180.97976037986982	250.0
180.98976091920673	250.0
180.99976145854362	250.0
181.00976199788053	250.0
181.01976253721742	250.0
181.02976307655433	250.0
181.03976361589122	250.0
181.04976415522813	250.0
181.05976469456502	250.0
181.0697652339019	250.0
181.07976577323882	253.0
181.0897663125757	256.0
181.09976685191262	259.0
181.1097673912495	265.0
181.11976793058642	268.0
181.1297684699233	272.0
181.13976900926022	275.0
181.1497695485971	275.0
181.15977008793402	272.0
181.1697706272709	272.0
181.17977116660782	268.0
181.1897717059447	265.0
181.19977224528162	259.0
181.2097727846185	256.0
181.21977332395542	250.0
181.2297738632923	248.0
181.23977440262922	245.0
181.2497749419661	239.0
181.259775481303	236.0
181.2697760206399	234.0
181.2797765599768	231.0
181.2897770993137	231.0
181.2997776386506	228.0
181.3097781779875	228.0
181.3197787173244	228.0
181.3297792566613	228.0
181.3397797959982	228.0
181.3497803353351	228.0
181.359780874672	228.0
181.3697814140089	231.0
181.3797819533458	234.0
181.3897824926827	239.0
181.3997830320196	245.0
181.4097835713565	253.0
181.4197841106934	259.0
181.4297846500303	259.0
181.4397851893672	259.0
181.4497857287041	253.0
181.459786268041	245.0
181.4697868073779	236.0
181.4797873467148	228.0
181.4897878860517	215.0
181.4997884253886	199.0
181.5097889647255	196.0
181.5197895040624	196.0
181.5297900433993	196.0
181.5397905827362	199.0
181.5497911220731	201.0
181.55979166141	203.0
181.5697922007469	203.0
181.5797927400838	206.0
181.5897932794207	203.0
181.5997938187576	203.0
181.6097943580945	0.0
181.61979489743138	0.0
181.6297954367683	0.0
181.63979597610518	0.0
181.6497965154421	0.0
181.65979705477898	0.0
181.6697975941159	0.0
181.67979813345278	0.0
181.6897986727897	0.0
181.69979921212658	208.0
181.7097997514635	208.0
181.71980029080038	206.0
181.7298008301373	206.0
181.73980136947418	206.0
181.7498019088111	206.0
181.75980244814798	208.0
181.7698029874849	0.0
181.77980352682178	0.0
181.7898040661587	0.0
181.79980460549558	0.0
181.80980514483247	220.0
181.81980568416938	231.0
181.82980622350627	239.0
181.83980676284318	250.0
181.84980730218007	262.0
181.85980784151698	272.0
181.86980838085387	275.0
181.87980892019078	275.0
181.88980945952767	272.0
181.89980999886458	265.0
181.90981053820147	259.0
181.91981107753838	253.0
181.92981161687527	245.0
181.93981215621218	236.0
181.94981269554907	231.0
181.95981323488598	226.0
181.96981377422287	223.0
181.97981431355976	220.0
181.98981485289667	220.0
181.99981539223356	220.0
182.00981593157047	218.0
182.01981647090736	218.0
182.02981701024427	218.0
182.03981754958116	220.0
182.04981808891807	220.0
182.05981862825496	226.0
182.06981916759187	231.0
182.07981970692876	236.0
182.08982024626567	248.0
182.09982078560256	256.0
182.10982132493947	265.0
182.11982186427636	272.0
182.12982240361328	272.0
182.13982294295016	265.0
182.14982348228708	256.0
182.15982402162396	248.0
182.16982456096085	236.0
182.17982510029776	203.0
182.18982563963465	199.0
182.19982617897156	194.0
182.20982671830845	194.0
182.21982725764536	196.0
182.22982779698225	199.0
182.23982833631916	199.0
182.24982887565605	201.0
182.25982941499296	201.0
182.26982995432985	199.0
182.27983049366676	199.0
182.28983103300365	201.0
182.29983157234057	201.0
182.30983211167745	201.0
182.31983265101437	203.0
182.32983319035125	203.0
182.33983372968814	203.0
182.34983426902505	0.0
182.35983480836194	0.0
182.36983534769885	0.0
182.37983588703574	0.0
182.38983642637265	0.0
182.39983696570954	0.0
182.40983750504645	0.0
182.41983804438334	0.0
182.42983858372025	0.0
182.43983912305714	0.0
182.44983966239406	0.0
182.45984020173094	0.0
182.46984074106786	0.0
182.47984128040474	0.0
182.48984181974166	0.0
182.49984235907854	0.0
182.50984289841546	0.0
182.51984343775234	0.0
182.52984397708923	0.0
182.53984451642614	0.0
182.54984505576303	0.0
182.55984559509994	0.0
182.56984613443683	0.0
182.57984667377374	0.0
182.58984721311063	0.0
182.59984775244754	0.0
182.60984829178443	0.0
182.61984883112135	0.0
182.62984937045823	0.0
182.63984990979515	0.0
182.64985044913203	0.0
182.65985098846895	0.0
182.66985152780583	0.0
182.67985206714275	0.0
182.68985260647963	0.0
182.69985314581652	0.0
182.70985368515343	0.0
182.71985422449032	0.0
182.72985476382723	0.0
182.73985530316412	0.0
182.74985584250103	0.0
182.75985638183792	0.0
182.76985692117483	0.0
182.77985746051172	0.0
182.78985799984864	0.0
182.79985853918552	0.0
182.80985907852244	0.0
182.81985961785932	0.0
182.82986015719624	0.0
182.83986069653312	0.0
182.84986123587004	0.0
182.85986177520692	0.0
182.86986231454384	0.0
182.87986285388072	0.0
182.8898633932176	0.0
182.89986393255452	0.0
182.9098644718914	0.0
182.91986501122832	0.0
182.9298655505652	0.0
182.93986608990213	0.0
182.949866629239	0.0
182.95986716857593	206.0
182.9698677079128	203.0
182.97986824724973	199.0
182.9898687865866	199.0
182.99986932592353	196.0
183.0098698652604	196.0
183.01987040459733	199.0
183.0298709439342	199.0
183.03987148327113	201.0
183.049872022608	196.0
183.05987256194493	196.0
183.06987310128181	196.0
183.0798736406187	196.0
183.08987417995561	196.0
183.0998747192925	196.0
183.10987525862942	196.0
183.1198757979663	196.0
183.12987633730322	199.0
183.1398768766401	199.0
183.14987741597702	201.0
183.1598779553139	203.0
183.16987849465082	203.0
183.1798790339877	203.0
183.18987957332462	203.0
183.1998801126615	203.0
183.20988065199842	203.0
183.2198811913353	203.0
183.22988173067222	203.0
183.2398822700091	203.0
183.249882809346	203.0
183.2598833486829	201.0
183.2698838880198	201.0
183.2798844273567	201.0
183.2898849666936	199.0
183.2998855060305	196.0
183.3098860453674	194.0
183.3198865847043	192.0
183.3298871240412	192.0
183.3398876633781	190.0
183.349888202715	190.0
183.3598887420519	190.0
183.3698892813888	196.0
183.3798898207257	206.0
183.3898903600626	218.0
183.3998908993995	226.0
183.4098914387364	236.0
183.4198919780733	245.0
183.4298925174102	250.0
183.43989305674708	256.0
183.449893596084	259.0
183.45989413542088	262.0
183.4698946747578	262.0
183.47989521409468	259.0
183.4898957534316	256.0
183.49989629276848	253.0
183.5098968321054	250.0
183.51989737144228	245.0
183.5298979107792	242.0
183.53989845011608	236.0
183.549898989453	231.0
183.55989952878988	228.0
183.5699000681268	226.0
183.57990060746368	226.0
183.5899011468006	223.0
183.59990168613749	223.0
183.60990222547437	223.0
183.6199027648113	220.0
183.62990330414817	220.0
183.6399038434851	220.0
183.64990438282197	220.0
183.6599049221589	223.0
183.66990546149577	226.0
183.6799060008327	228.0
183.68990654016957	234.0
183.6999070795065	242.0
183.70990761884337	250.0
183.7199081581803	259.0
183.72990869751717	265.0
183.7399092368541	272.0
183.74990977619098	272.0
183.7599103155279	275.0
183.76991085486478	272.0
183.7799113942017	268.0
183.78991193353858	265.0
183.79991247287546	262.0
183.80991301221238	259.0
183.81991355154926	253.0
183.82991409088618	253.0
183.83991463022306	250.0
183.84991516955998	250.0
183.85991570889686	250.0
183.86991624823378	250.0
183.87991678757066	250.0
183.88991732690758	250.0
183.89991786624446	250.0
183.90991840558138	250.0
183.91991894491827	250.0
183.92991948425518	250.0
183.93992002359207	250.0
183.94992056292898	248.0
183.95992110226587	248.0
183.96992164160275	248.0
183.97992218093967	248.0
183.98992272027655	248.0
183.99992325961347	248.0
184.00992379895035	248.0
184.01992433828727	250.0
184.02992487762415	253.0
184.03992541696107	259.0
184.04992595629795	265.0
184.05992649563487	272.0
184.06992703497176	278.0
184.07992757430867	278.0
184.08992811364556	278.0
184.09992865298247	278.0
184.10992919231936	275.0
184.11992973165627	272.0
184.12993027099316	272.0
184.13993081033007	268.0
184.14993134966696	265.0
184.15993188900384	262.0
184.16993242834076	259.0
184.17993296767764	256.0
184.18993350701456	253.0
184.19993404635144	253.0
184.20993458568836	250.0
184.21993512502524	250.0
184.22993566436216	250.0
184.23993620369905	250.0
184.24993674303596	250.0
184.25993728237285	250.0
184.26993782170976	250.0
184.27993836104665	250.0
184.28993890038356	250.0
184.29993943972045	250.0
184.30993997905736	250.0
184.31994051839425	250.0
184.32994105773116	250.0
184.33994159706805	250.0
184.34994213640493	256.0
184.35994267574185	262.0
184.36994321507873	272.0
184.37994375441565	284.0
184.38994429375254	291.0
184.39994483308945	298.0
184.40994537242634	301.0
184.41994591176325	305.0
184.42994645110014	308.0
184.43994699043705	312.0
184.44994752977394	308.0
184.45994806911085	305.0
184.46994860844774	298.0
184.47994914778465	294.0
184.48994968712154	288.0
184.49995022645845	284.0
184.50995076579534	278.0
184.51995130513222	272.0
184.52995184446914	265.0
184.53995238380602	262.0
184.54995292314294	259.0
184.55995346247983	256.0
184.56995400181674	253.0
184.57995454115363	250.0
184.58995508049054	250.0
184.59995561982743	250.0
184.60995615916434	250.0
184.61995669850123	248.0
184.62995723783814	248.0
184.63995777717503	248.0
184.64995831651194	248.0
184.65995885584883	248.0
184.66995939518574	248.0
184.67995993452263	250.0
184.68996047385954	253.0
184.69996101319643	256.0
184.70996155253331	259.0
184.71996209187023	265.0
184.72996263120712	272.0
184.73996317054403	275.0
184.74996370988092	278.0
184.75996424921783	278.0
184.76996478855472	275.0
184.77996532789163	275.0
184.78996586722852	272.0
184.79996640656543	268.0
184.80996694590232	265.0
184.81996748523923	262.0
184.82996802457612	259.0
184.83996856391303	256.0
184.84996910324992	253.0
184.85996964258683	250.0
184.86997018192372	248.0
184.8799707212606	245.0
184.88997126059752	242.0
184.8999717999344	239.0
184.90997233927132	236.0
184.9199728786082	234.0
184.92997341794512	234.0
184.939973957282	231.0
184.94997449661892	231.0
184.9599750359558	231.0
184.96997557529272	228.0
184.9799761146296	228.0
184.98997665396652	228.0
184.9999771933034	228.0
185.00997773264032	231.0
185.0199782719772	231.0
185.02997881131412	234.0
185.039979350651	236.0
185.04997988998792	239.0
185.0599804293248	242.0
185.0699809686617	248.0
185.0799815079986	250.0
185.0899820473355	253.0
185.0999825866724	253.0
185.1099831260093	253.0
185.1199836653462	250.0
185.1299842046831	248.0
185.13998474402	242.0
185.1499852833569	234.0
185.1599858226938	223.0
185.1699863620307	215.0
185.1799869013676	210.0
185.1899874407045	208.0
185.1999879800414	208.0
185.2099885193783	208.0
185.2199890587152	208.0
185.2299895980521	208.0
185.239990137389	208.0
185.2499906767259	208.0
185.2599912160628	208.0
185.2699917553997	208.0
185.2799922947366	208.0
185.2899928340735	208.0
185.2999933734104	208.0
185.3099939127473	208.0
185.3199944520842	206.0
185.3299949914211	206.0
185.339995530758	203.0
185.3499960700949	203.0
185.3599966094318	203.0
185.3699971487687	206.0
185.3799976881056	206.0
185.3899982274425	206.0
185.3999987667794	206.0
185.4099993061163	203.0
185.4199998454532	203.0
185.43000038479008	203.0
185.440000924127	203.0
185.45000146346388	203.0
185.4600020028008	203.0
185.47000254213768	203.0
185.4800030814746	203.0
185.49000362081148	203.0
185.5000041601484	203.0
185.51000469948528	201.0
185.5200052388222	201.0
185.53000577815908	199.0
185.540006317496	199.0
185.55000685683288	201.0
185.5600073961698	201.0
185.57000793550668	201.0
185.5800084748436	201.0
185.59000901418048	203.0
185.60000955351737	203.0
185.61001009285428	203.0
185.62001063219117	203.0
185.63001117152808	203.0
185.64001171086497	203.0
185.65001225020188	203.0
185.66001278953877	201.0
185.67001332887568	201.0
185.68001386821257	203.0
185.69001440754948	203.0
185.70001494688637	206.0
185.71001548622328	208.0
185.72001602556017	213.0
185.73001656489708	215.0
185.74001710423397	223.0
185.75001764357089	228.0
185.76001818290777	236.0
185.77001872224469	245.0
185.78001926158157	250.0
185.79001980091846	256.0
185.80002034025537	259.0
185.81002087959226	259.0
185.82002141892917	259.0
185.83002195826606	256.0
185.84002249760297	253.0
185.85002303693986	248.0
185.86002357627677	245.0
185.87002411561366	239.0
185.88002465495057	234.0
185.89002519428746	231.0
185.90002573362437	228.0
185.91002627296126	226.0
185.92002681229818	226.0
185.93002735163506	226.0
185.94002789097198	226.0
185.95002843030886	223.0
185.96002896964578	223.0
185.97002950898266	223.0
185.98003004831955	220.0
185.99003058765646	220.0
186.00003112699335	220.0
186.01003166633026	220.0
186.02003220566715	220.0
186.03003274500406	220.0
186.04003328434095	220.0
186.05003382367786	223.0
186.06003436301475	223.0
186.07003490235167	223.0
186.08003544168855	226.0
186.09003598102547	228.0
186.10003652036235	231.0
186.11003705969927	236.0
186.12003759903615	239.0
186.13003813837307	242.0
186.14003867770995	245.0
186.15003921704684	248.0
186.16003975638375	248.0
186.17004029572064	245.0
186.18004083505755	242.0
186.19004137439444	236.0
186.20004191373135	234.0
186.21004245306824	231.0
186.22004299240515	231.0
186.23004353174204	231.0
186.24004407107896	231.0
186.25004461041584	231.0
186.26004514975276	228.0
186.27004568908964	228.0
186.28004622842656	228.0
186.29004676776344	228.0
186.30004730710036	228.0
186.31004784643724	226.0
186.32004838577416	226.0
186.33004892511104	226.0
186.34004946444793	228.0
186.35005000378484	228.0
186.36005054312173	231.0
186.37005108245864	234.0
186.38005162179553	236.0
186.39005216113245	242.0
186.40005270046933	245.0
186.41005323980625	248.0
186.42005377914313	250.0
186.43005431848005	250.0
186.44005485781693	250.0
186.45005539715385	248.0
186.46005593649073	245.0
186.47005647582765	239.0
186.48005701516453	236.0
186.49005755450145	234.0
186.50005809383833	231.0
186.51005863317522	228.0
186.52005917251213	228.0
186.53005971184902	228.0
186.54006025118593	226.0
186.55006079052282	226.0
186.56006132985974	228.0
186.57006186919662	228.0
186.58006240853354	234.0
186.59006294787042	236.0
186.60006348720734	242.0
186.61006402654422	248.0
186.62006456588114	253.0
186.63006510521802	253.0
186.64006564455494	256.0
186.65006618389182	253.0
186.66006672322874	250.0
186.67006726256562	245.0
186.68006780190254	236.0
186.69006834123942	228.0
186.7000688805763	226.0
186.71006941991322	0.0
186.7200699592501	0.0
186.73007049858703	0.0
186.7400710379239	0.0
186.75007157726083	0.0
186.7600721165977	0.0
186.77007265593463	0.0
186.7800731952715	0.0
186.79007373460843	0.0
186.8000742739453	0.0
186.81007481328223	0.0
186.8200753526191	0.0
186.83007589195603	0.0
186.8400764312929	0.0
186.85007697062983	0.0
186.86007750996671	0.0
186.8700780493036	0.0
186.88007858864052	0.0
186.8900791279774	0.0
186.90007966731432	0.0
186.9100802066512	0.0
186.92008074598812	0.0
186.930081285325	0.0
186.94008182466192	0.0
186.9500823639988	0.0
186.96008290333572	0.0
186.9700834426726	0.0
186.98008398200952	0.0
186.9900845213464	0.0
187.00008506068332	0.0
187.0100856000202	0.0
187.02008613935712	0.0
187.030086678694	0.0
187.04008721803092	0.0
187.0500877573678	0.0
187.0600882967047	0.0
187.0700888360416	0.0
187.0800893753785	0.0
187.0900899147154	0.0
187.1000904540523	0.0
187.1100909933892	0.0
187.1200915327261	0.0
187.130092072063	0.0
187.1400926113999	0.0
187.1500931507368	0.0
187.1600936900737	0.0
187.1700942294106	0.0
187.1800947687475	0.0
187.1900953080844	0.0
187.2000958474213	0.0
187.2100963867582	0.0
187.2200969260951	0.0
187.23009746543198	0.0
187.2400980047689	0.0
187.25009854410578	0.0
187.2600990834427	0.0
187.27009962277958	0.0
187.2801001621165	0.0
187.29010070145338	0.0
187.3001012407903	0.0
187.31010178012718	0.0
187.3201023194641	0.0
187.33010285880098	0.0
187.3401033981379	0.0
187.35010393747478	0.0
187.3601044768117	0.0
187.37010501614859	0.0
187.3801055554855	0.0
187.39010609482239	0.0
187.4001066341593	0.0
187.4101071734962	0.0
187.42010771283307	0.0
187.43010825217	0.0
187.44010879150687	0.0
187.4501093308438	0.0
187.46010987018067	0.0
187.4701104095176	0.0
187.48011094885447	0.0
187.4901114881914	0.0
187.50011202752827	0.0
187.5101125668652	0.0
187.52011310620207	0.0
187.530113645539	0.0
187.54011418487588	0.0
187.5501147242128	0.0
187.56011526354968	0.0
187.5701158028866	0.0
187.58011634222348	0.0
187.5901168815604	0.0
187.60011742089728	0.0
187.61011796023416	0.0
187.62011849957108	0.0
187.63011903890796	0.0
187.64011957824488	0.0
187.65012011758176	0.0
187.66012065691868	0.0
187.67012119625556	0.0
187.68012173559248	0.0
187.69012227492937	0.0
187.70012281426628	0.0
187.71012335360317	0.0
187.72012389294008	0.0
187.73012443227697	0.0
187.74012497161388	0.0
187.75012551095077	0.0
187.76012605028768	0.0
187.77012658962457	0.0
187.78012712896145	0.0
187.79012766829837	0.0
187.80012820763525	0.0
187.81012874697217	0.0
187.82012928630905	0.0
187.83012982564597	0.0
187.84013036498285	0.0
187.85013090431977	0.0
187.86013144365666	0.0
187.87013198299357	0.0
187.88013252233046	0.0
187.89013306166737	0.0
187.90013360100426	0.0
187.91013414034117	0.0
187.92013467967806	0.0
187.93013521901497	0.0
187.94013575835186	0.0
187.95013629768877	0.0
187.96013683702566	0.0
187.97013737636254	0.0
187.98013791569946	0.0
187.99013845503634	0.0
188.00013899437326	0.0
188.01013953371015	0.0
188.02014007304706	0.0
188.03014061238395	0.0
188.04014115172086	0.0
188.05014169105775	0.0
188.06014223039466	0.0
188.07014276973155	0.0
188.08014330906846	0.0
188.09014384840535	0.0
188.10014438774226	0.0
188.11014492707915	0.0
188.12014546641606	0.0
188.13014600575295	0.0
188.14014654508983	0.0
188.15014708442675	0.0
188.16014762376363	0.0
188.17014816310055	0.0
188.18014870243744	0.0
188.19014924177435	0.0
188.20014978111124	268.0
188.21015032044815	272.0
188.22015085978504	272.0
188.23015139912195	272.0
188.24015193845884	268.0
188.25015247779575	268.0
188.26015301713264	265.0
188.27015355646955	262.0
188.28015409580644	259.0
188.29015463514335	256.0
188.30015517448024	253.0
188.31015571381715	250.0
188.32015625315404	250.0
188.33015679249092	250.0
188.34015733182784	250.0
188.35015787116473	253.0
188.36015841050164	253.0
188.37015894983853	256.0
188.38015948917544	256.0
188.39016002851233	259.0
188.40016056784924	262.0
188.41016110718613	265.0
188.42016164652304	268.0
188.43016218585993	272.0
188.44016272519684	278.0
188.45016326453373	281.0
188.46016380387064	284.0
188.47016434320753	288.0
188.48016488254444	288.0
188.49016542188133	288.0
188.50016596121822	284.0
188.51016650055513	278.0
188.52016703989202	272.0
188.53016757922893	265.0
188.54016811856582	259.0
188.55016865790273	256.0
188.56016919723962	253.0
188.57016973657653	253.0
188.58017027591342	253.0
188.59017081525033	253.0
188.60017135458722	253.0
188.61017189392413	256.0
188.62017243326102	259.0
188.63017297259793	265.0
188.64017351193482	275.0
188.65017405127173	284.0
188.66017459060862	294.0
188.67017512994553	301.0
188.68017566928242	308.0
188.6901762086193	312.0
188.70017674795622	316.0
188.7101772872931	316.0
188.72017782663002	308.0
188.7301783659669	301.0
188.74017890530382	284.0
188.7501794446407	272.0
188.76017998397762	259.0
188.7701805233145	253.0
188.78018106265142	250.0
188.7901816019883	248.0
188.80018214132522	248.0
188.8101826806621	245.0
188.82018321999902	245.0
188.8301837593359	245.0
188.84018429867282	248.0
188.8501848380097	248.0
188.86018537734662	250.0
188.8701859166835	253.0
188.8801864560204	256.0
188.8901869953573	262.0
188.9001875346942	265.0
188.9101880740311	268.0
188.920188613368	275.0
188.9301891527049	275.0
188.9401896920418	275.0
188.9501902313787	272.0
188.9601907707156	268.0
188.9701913100525	262.0
188.9801918493894	259.0
188.9901923887263	253.0
189.0001929280632	245.0
189.01019346740011	242.0
189.020194006737	236.0
189.03019454607391	234.0
189.0401950854108	231.0
189.0501956247477	228.0
189.0601961640846	228.0
189.0701967034215	226.0
189.0801972427584	226.0
189.0901977820953	226.0
189.1001983214322	226.0
189.1101988607691	226.0
189.120199400106	226.0
189.1301999394429	226.0
189.1402004787798	226.0
189.1502010181167	226.0
189.1602015574536	226.0
189.1702020967905	226.0
189.1802026361274	226.0
189.1902031754643	226.0
189.2002037148012	228.0
189.2102042541381	231.0
189.220204793475	236.0
189.2302053328119	242.0
189.24020587214878	245.0
189.2502064114857	248.0
189.26020695082258	250.0
189.2702074901595	250.0
189.28020802949638	248.0
189.2902085688333	245.0
189.30020910817018	242.0
189.3102096475071	239.0
189.32021018684398	234.0
189.3302107261809	231.0
189.34021126551778	226.0
189.3502118048547	220.0
189.36021234419158	218.0
189.3702128835285	215.0
189.38021342286538	213.0
189.3902139622023	210.0
189.40021450153918	208.0
189.41021504087607	206.0
189.42021558021298	203.0
189.43021611954987	203.0
189.44021665888678	203.0
189.45021719822367	206.0
189.46021773756058	203.0
189.47021827689747	203.0
189.48021881623438	203.0
189.49021935557127	203.0
189.50021989490818	203.0
189.51022043424507	203.0
189.52022097358198	203.0
189.53022151291887	203.0
189.54022205225579	203.0
189.55022259159267	203.0
189.5602231309296	201.0
189.57022367026647	201.0
189.5802242096034	201.0
189.59022474894027	201.0
189.60022528827716	201.0
189.61022582761407	201.0
189.62022636695096	201.0
189.63022690628787	203.0
189.64022744562476	203.0
189.65022798496167	203.0
189.66022852429856	201.0
189.67022906363547	201.0
189.68022960297236	199.0
189.69023014230928	199.0
189.70023068164616	199.0
189.71023122098308	199.0
189.72023176031996	201.0
189.73023229965688	206.0
189.74023283899376	213.0
189.75023337833068	220.0
189.76023391766756	226.0
189.77023445700445	234.0
189.78023499634136	245.0
189.79023553567825	253.0
189.80023607501516	259.0
189.81023661435205	262.0
189.82023715368896	262.0
189.83023769302585	259.0
189.84023823236276	253.0
189.85023877169965	250.0
189.86023931103657	245.0
189.87023985037345	239.0
189.88024038971037	234.0
189.89024092904725	228.0
189.90024146838417	228.0
189.91024200772105	226.0
189.92024254705797	226.0
189.93024308639485	226.0
189.94024362573177	226.0
189.95024416506865	223.0
189.96024470440554	223.0
189.97024524374245	223.0
189.98024578307934	223.0
189.99024632241625	223.0
190.00024686175314	223.0
190.01024740109006	223.0
190.02024794042694	226.0
190.03024847976386	228.0
190.04024901910074	231.0
190.05024955843766	234.0
190.06025009777454	239.0
190.07025063711146	242.0
190.08025117644834	245.0
190.09025171578526	248.0
190.10025225512214	248.0
190.11025279445906	248.0
190.12025333379594	248.0
190.13025387313283	248.0
190.14025441246974	245.0
190.15025495180663	242.0
190.16025549114354	239.0
190.17025603048043	236.0
190.18025656981735	234.0
190.19025710915423	231.0
190.20025764849115	228.0
190.21025818782803	226.0
190.22025872716495	223.0
190.23025926650183	218.0
190.24025980583875	213.0
190.25026034517563	210.0
190.26026088451255	206.0
190.27026142384943	203.0
190.28026196318635	201.0
190.29026250252323	199.0
190.30026304186015	196.0
190.31026358119703	194.0
190.32026412053392	192.0
190.33026465987083	192.0
190.34026519920772	190.0
190.35026573854464	190.0
190.36026627788152	187.0
190.37026681721844	187.0
190.38026735655532	185.0
190.39026789589224	183.0
190.40026843522912	183.0
190.41026897456604	181.0
190.42026951390292	181.0
190.43027005323984	179.0
190.44027059257672	179.0
190.45027113191364	179.0
190.46027167125052	177.0
190.47027221058744	177.0
190.48027274992432	177.0
190.49027328926124	175.0
190.50027382859813	173.0
190.510274367935	169.0
190.52027490727193	167.0
190.5302754466088	167.0
190.54027598594573	171.0
190.5502765252826	171.0
190.56027706461953	173.0
190.5702776039564	175.0
190.58027814329333	175.0
190.5902786826302	175.0
190.60027922196713	175.0
190.610279761304	175.0
190.62028030064093	173.0
190.63028083997781	173.0
190.64028137931473	173.0
190.65028191865161	173.0
190.66028245798853	175.0
190.67028299732542	177.0
190.6802835366623	177.0
190.69028407599922	179.0
190.7002846153361	179.0
190.71028515467302	179.0
190.7202856940099	179.0
190.73028623334682	181.0
190.7402867726837	181.0
190.75028731202062	181.0
190.7602878513575	181.0
190.77028839069442	179.0
190.7802889300313	179.0
190.79028946936822	179.0
190.8002900087051	179.0
190.81029054804202	177.0
190.8202910873789	177.0
190.83029162671582	175.0
190.8402921660527	0.0
190.85029270538962	0.0
190.8602932447265	0.0
190.8702937840634	0.0
190.8802943234003	175.0
190.8902948627372	177.0
190.9002954020741	177.0
190.910295941411	179.0
190.9202964807479	179.0
190.9302970200848	179.0
190.9402975594217	179.0
190.9502980987586	181.0
190.9602986380955	181.0
190.9702991774324	181.0
190.9802997167693	181.0
190.9903002561062	181.0
191.0003007954431	181.0
191.01030133478	181.0
191.0203018741169	183.0
191.0303024134538	183.0
191.04030295279068	185.0
191.0503034921276	185.0
191.06030403146448	187.0
191.0703045708014	0.0
191.08030511013828	0.0
191.0903056494752	0.0
191.10030618881208	0.0
191.110306728149	0.0
191.12030726748588	0.0
191.1303078068228	0.0
191.14030834615969	0.0
191.1503088854966	0.0
191.16030942483349	0.0
191.1703099641704	0.0
191.1803105035073	0.0
191.1903110428442	0.0
191.2003115821811	0.0
191.210312121518	0.0
191.2203126608549	0.0
191.23031320019177	0.0
191.2403137395287	0.0
191.25031427886557	0.0
191.2603148182025	0.0
191.27031535753937	0.0
191.2803158968763	0.0
191.29031643621317	0.0
191.3003169755501	0.0
191.31031751488698	0.0
191.3203180542239	0.0
191.33031859356078	0.0
191.3403191328977	0.0
191.35031967223458	0.0
191.3603202115715	0.0
191.37032075090838	0.0
191.3803212902453	0.0
191.39032182958218	0.0
191.40032236891906	0.0
191.41032290825598	0.0
191.42032344759286	0.0
191.43032398692978	0.0
191.44032452626666	0.0
191.45032506560358	0.0
191.46032560494046	0.0
191.47032614427738	0.0
191.48032668361427	0.0
191.49032722295118	0.0
191.50032776228807	0.0
191.51032830162498	0.0
191.52032884096187	0.0
191.53032938029878	0.0
191.54032991963567	0.0
191.55033045897258	0.0
191.56033099830947	0.0
191.57033153764638	0.0
191.58033207698327	0.0
191.59033261632015	0.0
191.60033315565707	0.0
191.61033369499395	0.0
191.62033423433087	0.0
191.63033477366776	0.0
191.64033531300467	0.0
191.65033585234156	0.0
191.66033639167847	0.0
191.67033693101536	0.0
191.68033747035227	0.0
191.69033800968916	0.0
191.70033854902607	0.0
191.71033908836296	0.0
191.72033962769987	0.0
191.73034016703676	0.0
191.74034070637367	0.0
191.75034124571056	0.0
191.76034178504747	0.0
191.77034232438436	0.0
191.78034286372124	0.0
191.79034340305816	0.0
191.80034394239505	0.0
191.81034448173196	0.0
191.82034502106885	0.0
191.83034556040576	0.0
191.84034609974265	0.0
191.85034663907956	0.0
191.86034717841645	0.0
191.87034771775336	0.0
191.88034825709025	0.0
191.89034879642716	0.0
191.90034933576405	0.0
191.91034987510096	0.0
191.92035041443785	0.0
191.93035095377476	0.0
191.94035149311165	0.0
191.95035203244854	0.0
191.96035257178545	0.0
191.97035311112234	0.0
191.98035365045925	0.0
191.99035418979614	0.0
192.00035472913305	0.0
192.01035526846994	0.0
192.02035580780685	0.0
192.03035634714374	0.0
192.04035688648065	0.0
192.05035742581754	0.0
192.06035796515445	0.0
192.07035850449134	0.0
192.08035904382825	0.0
192.09035958316514	0.0
192.10036012250205	0.0
192.11036066183894	0.0
192.12036120117585	0.0
192.13036174051274	0.0
192.14036227984963	0.0
192.15036281918654	0.0
192.16036335852343	0.0
192.17036389786034	0.0
192.18036443719723	0.0
192.19036497653414	0.0
192.20036551587103	0.0
192.21036605520794	0.0
192.22036659454483	0.0
192.23036713388174	0.0
192.24036767321863	0.0
192.25036821255554	0.0
192.26036875189243	0.0
192.27036929122934	0.0
192.28036983056623	0.0
192.29037036990314	0.0
192.30037090924003	0.0
192.31037144857692	0.0
192.32037198791383	0.0
192.33037252725072	0.0
192.34037306658763	0.0
192.35037360592452	0.0
192.36037414526143	0.0
192.37037468459832	0.0
192.38037522393523	0.0
192.39037576327212	0.0
192.40037630260903	0.0
192.41037684194592	0.0
192.42037738128283	0.0
192.43037792061972	0.0
192.44037845995663	0.0
192.45037899929352	0.0
192.46037953863043	0.0
192.47038007796732	0.0
192.48038061730423	0.0
192.49038115664112	0.0
192.500381695978	0.0
192.51038223531492	0.0
192.5203827746518	0.0
192.53038331398872	0.0
192.5403838533256	0.0
192.55038439266252	0.0
192.5603849319994	0.0
192.57038547133632	0.0
192.5803860106732	0.0
192.59038655001012	0.0
192.600387089347	0.0
192.61038762868392	0.0
192.6203881680208	0.0
192.63038870735772	0.0
192.6403892466946	0.0
192.65038978603152	0.0
192.6603903253684	0.0
192.6703908647053	0.0
192.6803914040422	0.0
192.6903919433791	0.0
192.700392482716	0.0
192.7103930220529	0.0
192.7203935613898	0.0
192.7303941007267	0.0
192.7403946400636	0.0
192.7503951794005	0.0
192.7603957187374	0.0
192.7703962580743	0.0
192.7803967974112	0.0
192.7903973367481	0.0
192.80039787608501	0.0
192.8103984154219	0.0
192.82039895475882	0.0
192.8303994940957	0.0
192.84040003343262	0.0
192.8504005727695	0.0
192.8604011121064	0.0
192.8704016514433	0.0
192.8804021907802	0.0
192.8904027301171	0.0
192.900403269454	0.0
192.9104038087909	0.0
192.9204043481278	0.0
192.9304048874647	0.0
192.9404054268016	0.0
192.9504059661385	0.0
192.9604065054754	0.0
192.9704070448123	0.0
192.9804075841492	0.0
192.9904081234861	0.0
193.000408662823	0.0
193.0104092021599	0.0
193.0204097414968	0.0
193.03041028083368	0.0
193.0404108201706	0.0
193.05041135950748	0.0
193.0604118988444	0.0
193.07041243818128	0.0
193.0804129775182	0.0
193.09041351685508	0.0
193.100414056192	0.0
193.11041459552888	0.0
193.1204151348658	0.0
193.13041567420268	0.0
193.1404162135396	0.0
193.15041675287648	0.0
193.1604172922134	0.0
193.17041783155028	0.0
193.1804183708872	0.0
193.19041891022408	0.0
193.200419449561	0.0
193.21041998889788	0.0
193.22042052823477	0.0
193.23042106757168	0.0
193.24042160690857	0.0
193.25042214624548	0.0
193.26042268558237	0.0
193.27042322491928	0.0
193.28042376425617	0.0
193.29042430359308	0.0
193.30042484292997	0.0
193.31042538226689	0.0
193.32042592160377	0.0
193.33042646094069	0.0
193.34042700027757	0.0
193.3504275396145	0.0
193.36042807895137	0.0
193.3704286182883	0.0
193.38042915762517	0.0
193.3904296969621	0.0
193.40043023629897	0.0
193.41043077563586	0.0
193.42043131497277	0.0
193.43043185430966	0.0
193.44043239364657	0.0
193.45043293298346	0.0
193.46043347232037	0.0
193.47043401165726	0.0
193.48043455099418	0.0
193.49043509033106	0.0
193.50043562966798	0.0
193.51043616900486	0.0
193.52043670834178	0.0
193.53043724767866	0.0
193.54043778701558	0.0
193.55043832635246	0.0
193.56043886568938	0.0
193.57043940502626	0.0
193.58043994436315	0.0
193.59044048370006	0.0
193.60044102303695	0.0
193.61044156237386	0.0
193.62044210171075	0.0
193.63044264104767	0.0
193.64044318038455	0.0
193.65044371972147	0.0
193.66044425905835	0.0
193.67044479839527	0.0
193.68044533773215	0.0
193.69044587706907	0.0
193.70044641640595	0.0
193.71044695574287	0.0
193.72044749507975	0.0
193.73044803441667	0.0
193.74044857375355	0.0
193.75044911309047	0.0
193.76044965242735	0.0
193.77045019176424	0.0
193.78045073110115	0.0
193.79045127043804	0.0
193.80045180977496	0.0
193.81045234911184	0.0
193.82045288844876	0.0
193.83045342778564	0.0
193.84045396712256	0.0
193.85045450645944	0.0
193.86045504579636	0.0
193.87045558513324	0.0
193.88045612447016	0.0
193.89045666380704	0.0
193.90045720314396	0.0
193.91045774248084	0.0
193.92045828181776	0.0
193.93045882115464	0.0
193.94045936049153	0.0
193.95045989982845	0.0
193.96046043916533	0.0
193.97046097850225	0.0
193.98046151783913	0.0
193.99046205717605	0.0
194.00046259651293	0.0
194.01046313584985	0.0
194.02046367518673	0.0
194.03046421452365	0.0
194.04046475386053	0.0
194.05046529319745	0.0
194.06046583253433	0.0
194.07046637187125	0.0
194.08046691120813	0.0
194.09046745054505	0.0
194.10046798988193	0.0
194.11046852921885	0.0
194.12046906855574	0.0
194.13046960789262	0.0
194.14047014722954	0.0
194.15047068656642	0.0
194.16047122590334	0.0
194.17047176524022	0.0
194.18047230457714	0.0
194.19047284391402	0.0
194.20047338325094	0.0
194.21047392258782	0.0
194.22047446192474	0.0
194.23047500126162	0.0
194.24047554059854	0.0
194.25047607993542	0.0
194.26047661927234	0.0
194.27047715860922	0.0
194.28047769794614	0.0
194.29047823728303	0.0
194.3004787766199	0.0
194.31047931595683	0.0
194.3204798552937	0.0
194.33048039463063	0.0
194.3404809339675	0.0
194.35048147330443	0.0
194.3604820126413	0.0
194.37048255197823	0.0
194.3804830913151	0.0
194.39048363065203	0.0
194.4004841699889	0.0
194.41048470932583	0.0
194.42048524866271	0.0
194.43048578799963	0.0
194.44048632733652	0.0
194.45048686667343	0.0
194.46048740601032	0.0
194.47048794534723	0.0
194.48048848468412	0.0
194.490489024021	0.0
194.50048956335792	0.0
194.5104901026948	0.0
194.52049064203172	0.0
194.5304911813686	0.0
194.54049172070552	0.0
194.5504922600424	0.0
194.56049279937932	0.0
194.5704933387162	0.0
194.58049387805312	0.0
194.59049441739	0.0
194.60049495672692	0.0
194.6104954960638	0.0
194.62049603540072	0.0
194.6304965747376	0.0
194.64049711407452	0.0
194.6504976534114	0.0
194.66049819274832	0.0
194.6704987320852	0.0
194.6804992714221	0.0
194.690499810759	0.0
194.7005003500959	0.0
194.7105008894328	0.0
194.7205014287697	0.0
194.7305019681066	0.0
194.7405025074435	0.0
194.7505030467804	0.0
194.7605035861173	0.0
194.7705041254542	0.0
194.7805046647911	0.0
194.790505204128	0.0
194.8005057434649	0.0
194.8105062828018	0.0
194.8205068221387	0.0
194.8305073614756	0.0
194.8405079008125	0.0
194.85050844014938	0.0
194.8605089794863	0.0
194.87050951882318	0.0
194.8805100581601	0.0
194.89051059749698	0.0
194.9005111368339	0.0
194.91051167617078	0.0
194.9205122155077	0.0
194.93051275484459	0.0
194.9405132941815	0.0
194.9505138335184	0.0
194.9605143728553	0.0
194.9705149121922	0.0
194.9805154515291	0.0
194.990515990866	0.0
195.0005165302029	0.0
195.0105170695398	0.0
195.0205176088767	0.0
195.0305181482136	0.0
195.04051868755047	0.0
195.0505192268874	0.0
195.06051976622427	0.0
195.0705203055612	0.0
195.08052084489807	0.0
195.090521384235	0.0
195.10052192357188	0.0
195.1105224629088	0.0
195.12052300224568	0.0
195.1305235415826	0.0
195.14052408091948	0.0
195.1505246202564	0.0
195.16052515959328	0.0
195.1705256989302	0.0
195.18052623826708	0.0
195.190526777604	0.0
195.20052731694088	0.0
195.21052785627776	0.0
195.22052839561468	0.0
195.23052893495156	0.0
195.24052947428848	0.0
195.25053001362537	0.0
195.26053055296228	0.0
195.27053109229917	0.0
195.28053163163608	0.0
195.29053217097297	0.0
195.30053271030988	0.0
195.31053324964677	0.0
195.32053378898368	0.0
195.33053432832057	0.0
195.34053486765748	0.0
195.35053540699437	0.0
195.36053594633128	0.0
195.37053648566817	0.0
195.38053702500508	0.0
195.39053756434197	0.0
195.40053810367885	0.0
195.41053864301577	0.0
195.42053918235266	0.0
195.43053972168957	0.0
195.44054026102646	0.0
195.45054080036337	0.0
195.46054133970026	0.0
195.47054187903717	0.0
195.48054241837406	0.0
195.49054295771097	0.0
195.50054349704786	0.0
195.51054403638477	0.0
195.52054457572166	0.0
195.53054511505857	0.0
195.54054565439546	0.0
195.55054619373237	0.0
195.56054673306926	0.0
195.57054727240615	0.0
195.58054781174306	0.0
195.59054835107995	0.0
195.60054889041686	0.0
195.61054942975375	0.0
195.62054996909066	0.0
195.63055050842755	0.0
195.64055104776446	0.0
195.65055158710135	0.0
195.66055212643826	0.0
195.67055266577515	0.0
195.68055320511206	0.0
195.69055374444895	0.0
195.70055428378586	0.0
195.71055482312275	0.0
195.72055536245966	0.0
195.73055590179655	0.0
195.74055644113346	0.0
195.75055698047035	0.0
195.76055751980724	0.0
195.77055805914415	0.0
195.78055859848104	0.0
195.79055913781795	0.0
195.80055967715484	0.0
195.81056021649175	0.0
195.82056075582864	0.0
195.83056129516555	0.0
195.84056183450244	0.0
195.85056237383935	0.0
195.86056291317624	0.0
195.87056345251315	0.0
195.88056399185004	0.0
195.89056453118695	0.0
195.90056507052384	0.0
195.91056560986075	0.0
195.92056614919764	0.0
195.93056668853453	0.0
195.94056722787144	0.0
195.95056776720833	0.0
195.96056830654524	0.0
195.97056884588213	0.0
195.98056938521904	0.0
195.99056992455593	0.0
196.00057046389284	0.0
196.01057100322973	0.0
196.02057154256664	0.0
196.03057208190353	0.0
196.04057262124044	0.0
196.05057316057733	0.0
196.06057369991424	0.0
196.07057423925113	0.0
196.08057477858804	0.0
196.09057531792493	0.0
196.10057585726184	0.0
196.11057639659873	0.0
196.12057693593562	0.0
196.13057747527253	0.0
196.14057801460942	0.0
196.15057855394633	0.0
196.16057909328322	0.0
196.17057963262013	0.0
196.18058017195702	0.0
196.19058071129393	0.0
196.20058125063082	0.0
196.21058178996773	0.0
196.22058232930462	0.0
196.23058286864153	0.0
196.24058340797842	0.0
196.25058394731533	0.0
196.26058448665222	0.0
196.27058502598913	0.0
196.28058556532602	0.0
196.29058610466294	0.0
196.30058664399982	0.0
196.3105871833367	0.0
196.32058772267362	0.0
196.3305882620105	0.0
196.34058880134742	0.0
196.3505893406843	0.0
196.36058988002122	0.0
196.3705904193581	0.0
196.38059095869502	0.0
196.3905914980319	0.0
196.40059203736882	0.0
196.4105925767057	0.0
196.42059311604262	0.0
196.4305936553795	0.0
196.44059419471643	0.0
196.4505947340533	0.0
196.46059527339023	0.0
196.4705958127271	0.0
196.480596352064	0.0
196.4905968914009	0.0
196.5005974307378	0.0
196.5105979700747	0.0
196.5205985094116	0.0
196.5305990487485	0.0
196.5405995880854	0.0
196.5506001274223	0.0
196.5606006667592	0.0
196.57060120609611	0.0
196.580601745433	0.0
196.59060228476991	0.0
196.6006028241068	0.0
196.61060336344372	0.0
196.6206039027806	0.0
196.63060444211752	0.0
196.6406049814544	0.0
196.65060552079132	0.0
196.6606060601282	0.0
196.6706065994651	0.0
196.680607138802	0.0
196.6906076781389	0.0
196.7006082174758	0.0
196.7106087568127	0.0
196.7206092961496	0.0
196.7306098354865	0.0
196.7406103748234	0.0
196.7506109141603	0.0
196.7606114534972	0.0
196.7706119928341	0.0
196.780612532171	0.0
196.7906130715079	0.0
196.8006136108448	0.0
196.8106141501817	0.0
196.8206146895186	0.0
196.8306152288555	0.0
196.84061576819238	0.0
196.8506163075293	0.0
196.86061684686618	0.0
196.8706173862031	0.0
196.88061792553998	0.0
196.8906184648769	0.0
196.90061900421378	0.0
196.9106195435507	0.0
196.92062008288758	0.0
196.9306206222245	0.0
196.94062116156138	0.0
196.9506217008983	0.0
196.96062224023518	0.0
196.9706227795721	0.0
196.98062331890898	0.0
196.9906238582459	0.0
197.00062439758278	0.0
197.0106249369197	0.0
197.02062547625658	0.0
197.03062601559347	0.0
197.04062655493038	0.0
197.05062709426727	0.0
197.06062763360418	0.0
197.07062817294107	0.0
197.08062871227798	0.0
197.09062925161487	0.0
197.10062979095179	0.0
197.11063033028867	0.0
197.1206308696256	0.0
197.13063140896247	0.0
197.1406319482994	0.0
197.15063248763627	0.0
197.1606330269732	0.0
197.17063356631007	0.0
197.180634105647	0.0
197.19063464498387	0.0
197.20063518432076	0.0
197.21063572365767	0.0
197.22063626299456	0.0
197.23063680233147	0.0
197.24063734166836	0.0
197.25063788100528	0.0
197.26063842034216	0.0
197.27063895967908	0.0
197.28063949901596	262.0
197.29064003835288	259.0
197.30064057768976	259.0
197.31064111702668	256.0
197.32064165636356	256.0
197.33064219570048	256.0
197.34064273503736	253.0
197.35064327437428	253.0
197.36064381371116	253.0
197.37064435304808	253.0
197.38064489238496	253.0
197.39064543172185	253.0
197.40064597105876	253.0
197.41064651039565	253.0
197.42064704973257	250.0
197.43064758906945	250.0
197.44064812840637	250.0
197.45064866774325	250.0
197.46064920708017	250.0
197.47064974641705	250.0
197.48065028575397	250.0
197.49065082509085	250.0
197.50065136442777	250.0
197.51065190376465	250.0
197.52065244310157	250.0
197.53065298243845	250.0
197.54065352177537	248.0
197.55065406111225	248.0
197.56065460044917	248.0
197.57065513978606	250.0
197.58065567912294	250.0
197.59065621845986	250.0
197.60065675779674	253.0
197.61065729713366	253.0
197.62065783647054	253.0
197.63065837580746	253.0
197.64065891514434	253.0
197.65065945448126	256.0
197.66065999381814	256.0
197.67066053315506	256.0
197.68066107249194	256.0
197.69066161182886	256.0
197.70066215116574	256.0
197.71066269050266	256.0
197.72066322983954	256.0
197.73066376917646	256.0
197.74066430851335	256.0
197.75066484785023	256.0
197.76066538718715	253.0
197.77066592652403	253.0
197.78066646586095	253.0
197.79066700519783	253.0
197.80066754453475	256.0
197.81066808387163	256.0
197.82066862320855	256.0
197.83066916254543	256.0
197.84066970188235	256.0
197.85067024121923	256.0
197.86067078055615	256.0
197.87067131989303	256.0
197.88067185922995	253.0
197.89067239856683	250.0
197.90067293790375	248.0
197.91067347724064	245.0
197.92067401657755	239.0
197.93067455591444	234.0
197.94067509525132	228.0
197.95067563458824	226.0
197.96067617392512	223.0
197.97067671326204	226.0
197.98067725259892	228.0
197.99067779193584	236.0
198.00067833127272	245.0
198.01067887060964	250.0
198.02067940994652	256.0
198.03067994928344	259.0
198.04068048862032	262.0
198.05068102795724	265.0
198.06068156729413	265.0
198.07068210663104	262.0
198.08068264596793	262.0
198.09068318530484	259.0
198.10068372464173	256.0
198.1106842639786	256.0
198.12068480331553	253.0
198.1306853426524	253.0
198.14068588198933	250.0
198.1506864213262	250.0
198.16068696066313	250.0
198.1706875	250.0
198.18068803933693	250.0
198.19068857867381	250.0
198.20068911801073	250.0
198.21068965734761	253.0
198.22069019668453	253.0
198.23069073602142	253.0
198.24069127535833	253.0
198.25069181469522	256.0
198.26069235403213	256.0
198.27069289336902	256.0
198.28069343270593	256.0
198.29069397204282	256.0
198.3006945113797	253.0
198.31069505071662	253.0
198.3206955900535	253.0
198.33069612939042	253.0
198.3406966687273	253.0
198.35069720806422	253.0
198.3606977474011	253.0
198.37069828673802	253.0
198.3806988260749	253.0
198.39069936541182	253.0
198.4006999047487	253.0
198.41070044408562	256.0
198.4207009834225	256.0
198.43070152275942	256.0
198.4407020620963	256.0
198.45070260143322	256.0
198.4607031407701	256.0
198.470703680107	256.0
198.4807042194439	256.0
198.4907047587808	253.0
198.5007052981177	253.0
198.5107058374546	253.0
198.5207063767915	250.0
198.5307069161284	248.0
198.5407074554653	245.0
198.5507079948022	234.0
198.5607085341391	226.0
198.570709073476	223.0
198.5807096128129	223.0
198.5907101521498	0.0
198.6007106914867	0.0
198.6107112308236	0.0
198.6207117701605	0.0
198.6307123094974	0.0
198.6407128488343	0.0
198.6507133881712	0.0
198.66071392750808	0.0
198.670714466845	272.0
198.68071500618188	272.0
198.6907155455188	268.0
198.70071608485569	268.0
198.7107166241926	268.0
198.72071716352949	265.0
198.7307177028664	265.0
198.7407182422033	262.0
198.7507187815402	259.0
198.7607193208771	256.0
198.770719860214	253.0
198.7807203995509	253.0
198.7907209388878	253.0
198.8007214782247	253.0
198.8107220175616	253.0
198.8207225568985	253.0
198.83072309623537	253.0
198.8407236355723	253.0
198.85072417490917	253.0
198.8607247142461	253.0
198.87072525358298	253.0
198.8807257929199	253.0
198.89072633225678	253.0
198.9007268715937	253.0
198.91072741093058	253.0
198.9207279502675	253.0
198.93072848960438	253.0
198.9407290289413	253.0
198.95072956827818	253.0
198.9607301076151	250.0
198.97073064695198	250.0
198.9807311862889	250.0
198.99073172562578	253.0
199.0007322649627	256.0
199.01073280429958	259.0
199.02073334363646	262.0
199.03073388297338	268.0
199.04073442231027	272.0
199.05073496164718	275.0
199.06073550098407	278.0
199.07073604032098	278.0
199.08073657965787	275.0
199.09073711899478	272.0
199.10073765833167	268.0
199.11073819766858	265.0
199.12073873700547	262.0
199.13073927634238	259.0
199.14073981567927	256.0
199.15074035501618	253.0
199.16074089435307	253.0
199.17074143368998	253.0
199.18074197302687	253.0
199.19074251236378	253.0
199.20074305170067	253.0
199.21074359103756	253.0
199.22074413037447	253.0
199.23074466971136	253.0
199.24074520904827	253.0
199.25074574838516	250.0
199.26074628772207	250.0
199.27074682705896	250.0
199.28074736639587	248.0
199.29074790573276	248.0
199.30074844506967	250.0
199.31074898440656	253.0
199.32074952374347	259.0
199.33075006308036	268.0
199.34075060241727	284.0
199.35075114175416	298.0
199.36075168109107	301.0
199.37075222042796	308.0
199.38075275976485	308.0
199.39075329910176	312.0
199.40075383843865	308.0
199.41075437777556	305.0
199.42075491711245	298.0
199.43075545644936	291.0
199.44075599578625	284.0
199.45075653512316	278.0
199.46075707446005	272.0
199.47075761379696	268.0
199.48075815313385	262.0
199.49075869247076	262.0
199.50075923180765	259.0
199.51075977114456	259.0
199.52076031048145	256.0
199.53076084981836	256.0
199.54076138915525	256.0
199.55076192849216	256.0
199.56076246782905	253.0
199.57076300716594	253.0
199.58076354650285	253.0
199.59076408583974	253.0
199.60076462517665	253.0
199.61076516451354	253.0
199.62076570385045	253.0
199.63076624318734	253.0
199.64076678252425	253.0
199.65076732186114	256.0
199.66076786119805	262.0
199.67076840053494	265.0
199.68076893987185	272.0
199.69076947920874	268.0
199.70077001854565	275.0
199.71077055788254	281.0
199.72077109721945	281.0
199.73077163655634	281.0
199.74077217589323	281.0
199.75077271523014	278.0
199.76077325456703	275.0
199.77077379390394	272.0
199.78077433324083	268.0
199.79077487257774	265.0
199.80077541191463	262.0
199.81077595125154	259.0
199.82077649058843	256.0
199.83077702992534	250.0
199.84077756926223	248.0
199.85077810859914	245.0
199.86077864793603	239.0
199.87077918727294	236.0
199.88077972660983	231.0
199.89078026594674	228.0
199.90078080528363	228.0
199.91078134462055	226.0
199.92078188395743	226.0
199.93078242329432	228.0
199.94078296263123	228.0
199.95078350196812	228.0
199.96078404130503	228.0
199.97078458064192	228.0
199.98078511997883	231.0
199.99078565931572	231.0
200.00078619865263	231.0
200.01078673798952	228.0
200.02078727732643	228.0
200.03078781666332	226.0
200.04078835600023	223.0
200.05078889533712	220.0
200.06078943467404	226.0
200.07078997401092	248.0
200.08079051334784	250.0
200.09079105268472	250.0
200.1007915920216	248.0
200.11079213135852	245.0
200.1207926706954	242.0
200.13079321003232	239.0
200.1407937493692	236.0
200.15079428870612	234.0
200.160794828043	231.0
200.17079536737992	228.0
200.1807959067168	228.0
200.19079644605372	226.0
200.2007969853906	226.0
200.21079752472752	226.0
200.2207980640644	228.0
200.23079860340133	228.0
200.2407991427382	231.0
200.25079968207513	234.0
200.260800221412	236.0
200.27080076074893	242.0
200.2808013000858	245.0
200.2908018394227	248.0
200.3008023787596	250.0
200.3108029180965	250.0
200.3208034574334	253.0
200.3308039967703	253.0
200.3408045361072	250.0
200.3508050754441	250.0
200.36080561478101	245.0
200.3708061541179	242.0
200.38080669345482	239.0
200.3908072327917	234.0
200.40080777212862	231.0
200.4108083114655	228.0
200.42080885080242	226.0
200.4308093901393	226.0
200.44080992947622	226.0
200.4508104688131	223.0
200.46081100815002	226.0
200.4708115474869	226.0
200.4808120868238	228.0
200.4908126261607	231.0
200.5008131654976	234.0
200.5108137048345	239.0
200.5208142441714	242.0
200.5308147835083	248.0
200.5408153228452	250.0
200.5508158621821	253.0
200.560816401519	256.0
200.5708169408559	256.0
200.5808174801928	259.0
200.5908180195297	259.0
200.6008185588666	259.0
200.6108190982035	259.0
200.6208196375404	256.0
200.6308201768773	256.0
200.6408207162142	253.0
200.65082125555108	253.0
200.660821794888	250.0
200.67082233422488	248.0
200.6808228735618	245.0
200.69082341289868	242.0
200.7008239522356	239.0
200.71082449157248	236.0
200.7208250309094	239.0
200.73082557024628	242.0
200.7408261095832	245.0
200.75082664892008	250.0
200.760827188257	256.0
200.77082772759388	265.0
200.7808282669308	275.0
200.79082880626768	284.0
200.8008293456046	291.0
200.81082988494148	294.0
200.8208304242784	298.0
200.83083096361528	301.0
200.84083150295217	301.0
200.85083204228908	305.0
200.86083258162597	305.0
200.87083312096289	305.0
200.88083366029977	301.0
200.89083419963669	301.0
200.90083473897357	301.0
200.9108352783105	301.0
200.92083581764737	301.0
200.9308363569843	305.0
200.94083689632117	308.0
200.9508374356581	308.0
200.96083797499497	308.0
200.9708385143319	305.0
200.98083905366877	305.0
200.9908395930057	301.0
201.00084013234257	301.0
201.01084067167946	301.0
201.02084121101637	301.0
201.03084175035326	301.0
201.04084228969018	301.0
201.05084282902706	305.0
201.06084336836398	305.0
201.07084390770086	305.0
201.08084444703778	305.0
201.09084498637466	305.0
201.10084552571158	305.0
201.11084606504846	305.0
201.12084660438538	308.0
201.13084714372226	308.0
201.14084768305918	308.0
201.15084822239606	312.0
201.16084876173298	312.0
201.17084930106986	312.0
201.18084984040678	308.0
201.19085037974367	308.0
201.20085091908055	305.0
201.21085145841747	301.0
201.22085199775435	298.0
201.23085253709127	294.0
201.24085307642815	294.0
201.25085361576507	291.0
201.26085415510195	281.0
201.27085469443887	272.0
201.28085523377575	259.0
201.29085577311267	250.0
201.30085631244955	242.0
201.31085685178647	234.0
201.32085739112335	228.0
201.33085793046027	0.0
201.34085846979715	0.0
201.35085900913407	0.0
201.36085954847096	0.0
201.37086008780784	0.0
201.38086062714476	0.0
201.39086116648164	0.0
201.40086170581856	0.0
201.41086224515544	0.0
201.42086278449236	0.0
201.43086332382924	0.0
201.44086386316616	0.0
201.45086440250304	0.0
201.46086494183996	298.0
201.47086548117684	294.0
201.48086602051376	281.0
201.49086655985064	259.0
201.50086709918756	256.0
201.51086763852445	265.0
201.52086817786136	305.0
201.53086871719825	308.0
201.54086925653516	308.0
201.55086979587205	305.0
201.56087033520893	305.0
201.57087087454585	305.0
201.58087141388273	305.0
201.59087195321965	305.0
201.60087249255653	305.0
201.61087303189345	305.0
201.62087357123033	305.0
201.63087411056725	305.0
201.64087464990413	308.0
201.65087518924105	308.0
201.66087572857793	308.0
201.67087626791485	308.0
201.68087680725174	305.0
201.69087734658865	301.0
201.70087788592554	301.0
201.71087842526245	298.0
201.72087896459934	294.0
201.73087950393622	294.0
201.74088004327314	291.0
201.75088058261002	288.0
201.76088112194694	281.0
201.77088166128382	272.0
201.78088220062074	265.0
201.79088273995762	259.0
201.80088327929454	256.0
201.81088381863142	253.0
201.82088435796834	250.0
201.83088489730522	248.0
201.84088543664214	248.0
201.85088597597903	250.0
201.86088651531594	250.0
201.87088705465283	256.0
201.88088759398974	259.0
201.89088813332663	265.0
201.90088867266354	272.0
201.91088921200043	278.0
201.9208897513373	284.0
201.93089029067423	291.0
201.9408908300111	294.0
201.95089136934803	298.0
201.9608919086849	301.0
201.97089244802183	305.0
201.98089298735871	305.0
201.99089352669563	305.0
202.00089406603252	305.0
202.01089460536943	305.0
202.02089514470632	305.0
202.03089568404323	305.0
202.04089622338012	305.0
202.05089676271703	305.0
202.06089730205392	305.0
202.07089784139083	305.0
202.08089838072772	305.0
202.09089892006463	301.0
202.10089945940152	301.0
202.1108999987384	301.0
202.12090053807532	301.0
202.1309010774122	301.0
202.14090161674912	301.0
202.150902156086	301.0
202.16090269542292	301.0
202.1709032347598	301.0
202.18090377409672	301.0
202.1909043134336	301.0
202.20090485277052	301.0
202.2109053921074	301.0
202.22090593144432	301.0
202.2309064707812	301.0
202.24090701011812	301.0
202.250907549455	305.0
202.26090808879192	305.0
202.2709086281288	305.0
202.2809091674657	305.0
202.2909097068026	305.0
202.3009102461395	305.0
202.3109107854764	305.0
202.3209113248133	305.0
202.3309118641502	305.0
202.3409124034871	305.0
202.350912942824	305.0
202.3609134821609	305.0
202.3709140214978	305.0
202.3809145608347	305.0
202.3909151001716	305.0
202.4009156395085	305.0
202.4109161788454	301.0
202.4209167181823	301.0
202.4309172575192	301.0
202.4409177968561	301.0
202.450918336193	301.0
202.4609188755299	301.0
202.47091941486678	301.0
202.4809199542037	301.0
202.49092049354059	301.0
202.5009210328775	301.0
202.5109215722144	301.0
202.5209221115513	301.0
202.5309226508882	301.0
202.5409231902251	301.0
202.550923729562	301.0
202.5609242688989	301.0
202.5709248082358	301.0
202.5809253475727	301.0
202.5909258869096	301.0
202.6009264262465	301.0
202.6109269655834	301.0
202.6209275049203	301.0
202.6309280442572	305.0
202.64092858359408	305.0
202.650929122931	305.0
202.66092966226788	305.0
202.6709302016048	305.0
202.68093074094168	305.0
202.6909312802786	305.0
202.70093181961548	301.0
202.7109323589524	301.0
202.72093289828928	294.0
202.7309334376262	281.0
202.74093397696308	272.0
202.7509345163	272.0
202.76093505563688	272.0
202.7709355949738	272.0
202.78093613431068	275.0
202.7909366736476	278.0
202.80093721298448	288.0
202.8109377523214	294.0
202.82093829165828	298.0
202.83093883099517	298.0
202.84093937033208	301.0
202.85093990966897	301.0
202.86094044900588	301.0
202.87094098834277	301.0
202.88094152767968	301.0
202.89094206701657	301.0
202.90094260635348	305.0
202.91094314569037	305.0
202.92094368502728	305.0
202.93094422436417	305.0
202.94094476370108	305.0
202.95094530303797	305.0
202.96094584237488	308.0
202.97094638171177	308.0
202.98094692104868	305.0
202.99094746038557	305.0
203.00094799972246	301.0
203.01094853905937	301.0
203.02094907839626	298.0
203.03094961773317	294.0
203.04095015707006	291.0
203.05095069640697	281.0
203.06095123574386	259.0
203.07095177508077	248.0
203.08095231441766	239.0
203.09095285375457	234.0
203.10095339309146	228.0
203.11095393242837	228.0
203.12095447176526	228.0
203.13095501110217	234.0
203.14095555043906	242.0
203.15095608977597	250.0
203.16095662911286	262.0
203.17095716844977	275.0
203.18095770778666	281.0
203.19095824712355	291.0
203.20095878646046	294.0
203.21095932579735	301.0
203.22095986513426	305.0
203.23096040447115	305.0
203.24096094380806	308.0
203.25096148314495	308.0
203.26096202248186	305.0
203.27096256181875	301.0
203.28096310115566	294.0
203.29096364049255	291.0
203.30096417982946	288.0
203.31096471916635	281.0
203.32096525850326	272.0
203.33096579784015	259.0
203.34096633717706	253.0
203.35096687651395	250.0
203.36096741585087	245.0
203.37096795518775	242.0
203.38096849452464	239.0
203.39096903386155	239.0
203.40096957319844	242.0
203.41097011253535	245.0
203.42097065187224	250.0
203.43097119120915	259.0
203.44097173054604	268.0
203.45097226988295	281.0
203.46097280921984	291.0
203.47097334855675	298.0
203.48097388789364	301.0
203.49097442723055	305.0
203.50097496656744	305.0
203.51097550590436	308.0
203.52097604524124	308.0
203.53097658457816	301.0
203.54097712391504	294.0
203.55097766325193	291.0
203.56097820258884	284.0
203.57097874192573	275.0
203.58097928126264	268.0
203.59097982059953	262.0
203.60098035993644	259.0
203.61098089927333	253.0
203.62098143861024	250.0
203.63098197794713	250.0
203.64098251728404	248.0
203.65098305662093	248.0
203.66098359595784	248.0
203.67098413529473	248.0
203.68098467463165	248.0
203.69098521396853	250.0
203.70098575330545	253.0
203.71098629264233	259.0
203.72098683197925	272.0
203.73098737131613	291.0
203.74098791065302	308.0
203.75098844998993	323.0
203.76098898932682	342.0
203.77098952866373	358.0
203.78099006800062	367.0
203.79099060733753	371.0
203.80099114667442	375.0
203.81099168601133	375.0
203.82099222534822	371.0
203.83099276468513	367.0
203.84099330402202	358.0
203.85099384335894	354.0
203.86099438269582	346.0
203.87099492203274	342.0
203.88099546136962	342.0
203.89099600070654	338.0
203.90099654004342	338.0
203.9109970793803	338.0
203.92099761871722	338.0
203.9309981580541	338.0
203.94099869739102	338.0
203.9509992367279	338.0
203.96099977606482	338.0
203.9710003154017	338.0
203.98100085473862	338.0
203.9910013940755	342.0
204.00100193341243	342.0
204.0110024727493	346.0
204.02100301208623	350.0
204.0310035514231	358.0
204.04100409076003	367.0
204.0510046300969	375.0
204.06100516943383	380.0
204.0710057087707	384.0
204.08100624810763	380.0
204.0910067874445	371.0
204.1010073267814	363.0
204.1110078661183	350.0
204.1210084054552	334.0
204.13100894479211	319.0
204.141009484129	316.0
204.15101002346591	312.0
204.1610105628028	312.0
204.17101110213972	312.0
204.1810116414766	312.0
204.19101218081352	312.0
204.2010127201504	312.0
204.21101325948732	312.0
204.2210137988242	312.0
204.23101433816112	312.0
204.241014877498	312.0
204.25101541683492	308.0
204.2610159561718	308.0
204.2710164955087	308.0
204.2810170348456	308.0
204.2910175741825	305.0
204.3010181135194	305.0
204.3110186528563	305.0
204.3210191921932	301.0
204.3310197315301	301.0
204.341020270867	298.0
204.3510208102039	298.0
204.3610213495408	301.0
204.3710218888777	301.0
204.3810224282146	301.0
204.3910229675515	301.0
204.4010235068884	305.0
204.4110240462253	305.0
204.4210245855622	305.0
204.4310251248991	305.0
204.441025664236	305.0
204.4510262035729	305.0
204.46102674290978	305.0
204.4710272822467	305.0
204.48102782158358	305.0
204.4910283609205	301.0
204.50102890025738	298.0
204.5110294395943	291.0
204.52102997893118	284.0
204.5310305182681	253.0
204.54103105760498	298.0
204.5510315969419	305.0
204.56103213627878	308.0
204.5710326756157	312.0
204.58103321495258	0.0
204.5910337542895	0.0
204.60103429362638	0.0
204.6110348329633	0.0
204.62103537230018	0.0
204.63103591163707	0.0
204.64103645097398	0.0
204.65103699031087	0.0
204.66103752964779	0.0
204.67103806898467	0.0
204.6810386083216	0.0
204.69103914765847	0.0
204.7010396869954	0.0
204.71104022633227	0.0
204.7210407656692	0.0
204.73104130500607	0.0
204.741041844343	0.0
204.75104238367987	0.0
204.7610429230168	0.0
204.77104346235367	0.0
204.7810440016906	0.0
204.79104454102747	0.0
204.8010450803644	0.0
204.81104561970128	0.0
204.82104615903816	0.0
204.83104669837508	0.0
204.84104723771196	288.0
204.85104777704888	291.0
204.86104831638576	294.0
204.87104885572268	301.0
204.88104939505956	301.0
204.89104993439648	305.0
204.90105047373336	305.0
204.91105101307028	305.0
204.92105155240716	305.0
204.93105209174408	305.0
204.94105263108096	301.0
204.95105317041788	301.0
204.96105370975476	305.0
204.97105424909168	305.0
204.98105478842857	305.0
204.99105532776548	308.0
205.00105586710237	308.0
205.01105640643925	308.0
205.02105694577617	308.0
205.03105748511305	308.0
205.04105802444997	308.0
205.05105856378685	305.0
205.06105910312377	305.0
205.07105964246065	301.0
205.08106018179757	298.0
205.09106072113445	294.0
205.10106126047137	291.0
205.11106179980825	288.0
205.12106233914517	281.0
205.13106287848206	275.0
205.14106341781897	262.0
205.15106395715586	253.0
205.16106449649277	248.0
205.17106503582966	239.0
205.18106557516654	236.0
205.19106611450346	236.0
205.20106665384034	236.0
205.21106719317726	242.0
205.22106773251414	248.0
205.23106827185106	253.0
205.24106881118794	259.0
205.25106935052486	268.0
205.26106988986174	281.0
205.27107042919866	288.0
205.28107096853554	294.0
205.29107150787246	298.0
205.30107204720935	301.0
205.31107258654626	305.0
205.32107312588315	305.0
205.33107366522006	301.0
205.34107420455695	298.0
205.35107474389386	294.0
205.36107528323075	291.0
205.37107582256763	284.0
205.38107636190455	278.0
205.39107690124143	272.0
205.40107744057835	262.0
205.41107797991523	256.0
205.42107851925215	250.0
205.43107905858903	245.0
205.44107959792595	242.0
205.45108013726284	239.0
205.46108067659975	236.0
205.47108121593664	239.0
205.48108175527355	242.0
205.49108229461044	248.0
205.50108283394735	253.0
205.51108337328424	262.0
205.52108391262115	275.0
205.53108445195804	291.0
205.54108499129492	298.0
205.55108553063184	305.0
205.56108606996872	312.0
205.57108660930564	316.0
205.58108714864252	316.0
205.59108768797944	312.0
205.60108822731632	308.0
205.61108876665324	301.0
205.62108930599013	294.0
205.63108984532704	288.0
205.64109038466393	281.0
205.65109092400084	275.0
205.66109146333773	268.0
205.67109200267464	262.0
205.68109254201153	259.0
205.69109308134844	253.0
205.70109362068533	250.0
205.71109416002224	248.0
205.72109469935913	248.0
205.731095238696	248.0
205.74109577803293	248.0
205.75109631736981	248.0
205.76109685670673	253.0
205.77109739604361	256.0
205.78109793538053	265.0
205.79109847471742	281.0
205.80109901405433	298.0
205.81109955339122	312.0
205.82110009272813	327.0
205.83110063206502	346.0
205.84110117140193	358.0
205.85110171073882	367.0
205.86110225007573	371.0
205.87110278941262	371.0
205.88110332874953	367.0
205.89110386808642	354.0
205.9011044074233	346.0
205.91110494676022	331.0
205.9211054860971	316.0
205.93110602543402	305.0
205.9411065647709	301.0
205.95110710410782	298.0
205.9611076434447	294.0
205.97110818278162	294.0
205.9811087221185	294.0
205.99110926145542	294.0
206.0011098007923	298.0
206.01111034012922	298.0
206.0211108794661	298.0
206.03111141880302	298.0
206.0411119581399	298.0
206.05111249747682	298.0
206.0611130368137	298.0
206.07111357615062	298.0
206.0811141154875	298.0
206.0911146548244	298.0
206.1011151941613	298.0
206.1111157334982	298.0
206.1211162728351	294.0
206.131116812172	291.0
206.1411173515089	284.0
206.1511178908458	256.0
206.1611184301827	0.0
206.1711189695196	0.0
206.1811195088565	0.0
206.1911200481934	0.0
206.2011205875303	0.0
206.2111211268672	0.0
206.2211216662041	0.0
206.231122205541	0.0
206.2411227448779	305.0
206.2511232842148	305.0
206.26112382355169	305.0
206.2711243628886	305.0
206.28112490222549	305.0
206.2911254415624	305.0
206.3011259808993	305.0
206.3111265202362	305.0
206.3211270595731	305.0
206.33112759891	305.0
206.3411281382469	305.0
206.3511286775838	305.0
206.3611292169207	305.0
206.3711297562576	308.0
206.3811302955945	308.0
206.3911308349314	308.0
206.4011313742683	305.0
206.4111319136052	305.0
206.4211324529421	301.0
206.431132992279	298.0
206.4411335316159	298.0
206.45113407095278	298.0
206.4611346102897	294.0
206.47113514962658	288.0
206.4811356889635	278.0
206.49113622830038	262.0
206.5011367676373	250.0
206.51113730697418	245.0
206.5211378463111	239.0
206.53113838564798	234.0
206.5411389249849	234.0
206.55113946432178	234.0
206.5611400036587	239.0
206.57114054299558	248.0
206.5811410823325	256.0
206.59114162166938	265.0
206.6011421610063	281.0
206.61114270034318	298.0
206.6211432396801	301.0
206.63114377901698	308.0
206.64114431835387	312.0
206.65114485769078	312.0
206.66114539702767	312.0
206.67114593636458	312.0
206.68114647570147	308.0
206.69114701503838	301.0
206.70114755437527	294.0
206.71114809371218	288.0
206.72114863304907	281.0
206.73114917238598	275.0
206.74114971172287	268.0
206.75115025105978	262.0
206.76115079039667	256.0
206.77115132973358	250.0
206.78115186907047	248.0
206.79115240840738	242.0
206.80115294774427	239.0
206.81115348708116	239.0
206.82115402641807	239.0
206.83115456575496	239.0
206.84115510509187	242.0
206.85115564442876	248.0
206.86115618376567	253.0
206.87115672310256	262.0
206.88115726243947	275.0
206.89115780177636	294.0
206.90115834111327	301.0
206.91115888045016	308.0
206.92115941978707	312.0
206.93115995912396	312.0
206.94116049846087	312.0
206.95116103779776	312.0
206.96116157713467	308.0
206.97116211647156	301.0
206.98116265580848	294.0
206.99116319514536	288.0
207.00116373448225	281.0
207.01116427381916	275.0
207.02116481315605	268.0
207.03116535249296	262.0
207.04116589182985	259.0
207.05116643116676	256.0
207.06116697050365	253.0
207.07116750984056	250.0
207.08116804917745	250.0
207.09116858851436	250.0
207.10116912785125	250.0
207.11116966718816	250.0
207.12117020652505	250.0
207.13117074586197	250.0
207.14117128519885	250.0
207.15117182453577	250.0
207.16117236387265	250.0
207.17117290320954	250.0
207.18117344254645	250.0
207.19117398188334	250.0
207.20117452122025	253.0
207.21117506055714	253.0
207.22117559989405	256.0
207.23117613923094	259.0
207.24117667856785	262.0
207.25117721790474	265.0
207.26117775724165	272.0
207.27117829657854	272.0
207.28117883591545	275.0
207.29117937525234	272.0
207.30117991458926	272.0
207.31118045392614	268.0
207.32118099326306	265.0
207.33118153259994	262.0
207.34118207193686	256.0
207.35118261127374	253.0
207.36118315061063	248.0
207.37118368994754	245.0
207.38118422928443	239.0
207.39118476862134	234.0
207.40118530795823	231.0
207.41118584729514	228.0
207.42118638663203	228.0
207.43118692596894	226.0
207.44118746530583	226.0
207.45118800464274	226.0
207.46118854397963	226.0
207.47118908331655	223.0
207.48118962265343	223.0
207.49119016199035	223.0
207.50119070132723	223.0
207.51119124066415	223.0
207.52119178000103	223.0
207.53119231933792	226.0
207.54119285867483	228.0
207.55119339801172	231.0
207.56119393734863	236.0
207.57119447668552	239.0
207.58119501602243	245.0
207.59119555535932	248.0
207.60119609469623	248.0
207.61119663403312	245.0
207.62119717337004	239.0
207.63119771270692	231.0
207.64119825204384	223.0
207.65119879138072	213.0
207.66119933071764	206.0
207.67119987005452	201.0
207.68120040939144	199.0
207.69120094872832	199.0
207.70120148806524	199.0
207.71120202740212	201.0
207.721202566739	201.0
207.73120310607592	201.0
207.7412036454128	201.0
207.75120418474972	201.0
207.7612047240866	203.0
207.77120526342352	203.0
207.7812058027604	203.0
207.79120634209733	203.0
207.8012068814342	203.0
207.81120742077113	203.0
207.821207960108	206.0
207.83120849944493	206.0
207.8412090387818	206.0
207.85120957811873	206.0
207.8612101174556	203.0
207.87121065679253	203.0
207.8812111961294	201.0
207.89121173546633	201.0
207.9012122748032	201.0
207.9112128141401	201.0
207.92121335347701	206.0
207.9312138928139	210.0
207.94121443215082	215.0
207.9512149714877	223.0
207.96121551082462	231.0
207.9712160501615	236.0
207.98121658949842	245.0
207.9912171288353	253.0
208.00121766817222	256.0
208.0112182075091	259.0
208.02121874684602	259.0
208.0312192861829	259.0
208.04121982551982	256.0
208.0512203648567	253.0
208.06122090419362	248.0
208.0712214435305	245.0
208.0812219828674	239.0
208.0912225222043	234.0
208.1012230615412	231.0
208.1112236008781	228.0
208.121224140215	226.0
208.1312246795519	226.0
208.1412252188888	226.0
208.1512257582257	226.0
208.1612262975626	226.0
208.1712268368995	223.0
208.1812273762364	220.0
208.1912279155733	220.0
208.2012284549102	0.0
208.2112289942471	0.0
208.221229533584	0.0
208.2312300729209	0.0
208.2412306122578	0.0
208.2512311515947	0.0
208.2612316909316	0.0
208.27123223026848	0.0
208.2812327696054	0.0
208.29123330894228	0.0
208.3012338482792	0.0
208.31123438761608	0.0
208.321234926953	259.0
208.33123546628988	259.0
208.3412360056268	256.0
208.35123654496368	256.0
208.3612370843006	253.0
208.37123762363748	253.0
208.3812381629744	250.0
208.39123870231128	250.0
208.4012392416482	250.0
208.41123978098508	250.0
208.421240320322	253.0
208.43124085965889	253.0
208.44124139899577	253.0
208.45124193833269	253.0
208.46124247766957	253.0
208.4712430170065	253.0
208.48124355634337	253.0
208.4912440956803	256.0
208.50124463501717	256.0
208.5112451743541	259.0
208.52124571369097	259.0
208.5312462530279	259.0
208.54124679236477	256.0
208.5512473317017	256.0
208.56124787103857	256.0
208.5712484103755	256.0
208.58124894971237	256.0
208.5912494890493	253.0
208.60125002838618	253.0
208.6112505677231	253.0
208.62125110705998	253.0
208.63125164639686	253.0
208.64125218573378	253.0
208.65125272507066	253.0
208.66125326440758	253.0
208.67125380374446	253.0
208.68125434308138	253.0
208.69125488241826	253.0
208.70125542175518	253.0
208.71125596109206	253.0
208.72125650042898	253.0
208.73125703976586	253.0
208.74125757910278	253.0
208.75125811843967	253.0
208.76125865777658	253.0
208.77125919711347	253.0
208.78125973645038	253.0
208.79126027578727	253.0
208.80126081512415	253.0
208.81126135446107	253.0
208.82126189379795	253.0
208.83126243313487	253.0
208.84126297247175	253.0
208.85126351180867	253.0
208.86126405114555	250.0
208.87126459048247	248.0
208.88126512981935	245.0
208.89126566915627	242.0
208.90126620849315	239.0
208.91126674783007	234.0
208.92126728716696	231.0
208.93126782650387	231.0
208.94126836584076	234.0
208.95126890517767	239.0
208.96126944451456	245.0
208.97126998385147	250.0
208.98127052318836	253.0
208.99127106252524	256.0
209.00127160186216	256.0
209.01127214119904	259.0
209.02127268053596	259.0
209.03127321987284	259.0
209.04127375920976	259.0
209.05127429854664	256.0
209.06127483788356	256.0
209.07127537722045	253.0
209.08127591655736	253.0
209.09127645589425	253.0
209.10127699523116	253.0
209.11127753456805	253.0
209.12127807390496	253.0
209.13127861324185	253.0
209.14127915257876	253.0
209.15127969191565	253.0
209.16128023125253	256.0
209.17128077058945	256.0
209.18128130992633	256.0
209.19128184926325	256.0
209.20128238860013	259.0
209.21128292793705	259.0
209.22128346727393	259.0
209.23128400661085	259.0
209.24128454594774	262.0
209.25128508528465	262.0
209.26128562462154	259.0
209.27128616395845	259.0
209.28128670329534	256.0
209.29128724263225	256.0
209.30128778196914	253.0
209.31128832130605	253.0
209.32128886064294	253.0
209.33128939997985	253.0
209.34128993931674	253.0
209.35129047865362	253.0
209.36129101799054	256.0
209.37129155732742	256.0
209.38129209666434	259.0
209.39129263600122	259.0
209.40129317533814	259.0
209.41129371467503	259.0
209.42129425401194	256.0
209.43129479334883	256.0
209.44129533268574	253.0
209.45129587202263	253.0
209.46129641135954	253.0
209.47129695069643	253.0
209.48129749003334	253.0
209.49129802937023	250.0
209.50129856870714	250.0
209.51129910804403	248.0
209.52129964738094	245.0
209.53130018671783	239.0
209.54130072605471	231.0
209.55130126539163	228.0
209.56130180472852	0.0
209.57130234406543	0.0
209.58130288340232	0.0
209.59130342273923	0.0
209.60130396207612	0.0
209.61130450141303	0.0
209.62130504074992	0.0
209.63130558008683	0.0
209.64130611942372	278.0
209.65130665876063	278.0
209.66130719809752	278.0
209.67130773743443	275.0
209.68130827677132	275.0
209.69130881610823	275.0
209.70130935544512	272.0
209.711309894782	268.0
209.72131043411892	268.0
209.7313109734558	265.0
209.74131151279272	262.0
209.7513120521296	256.0
209.76131259146652	256.0
209.7713131308034	253.0
209.78131367014032	253.0
209.7913142094772	253.0
209.80131474881412	253.0
209.811315288151	253.0
209.82131582748792	253.0
209.8313163668248	253.0
209.84131690616172	253.0
209.8513174454986	253.0
209.86131798483552	253.0
209.8713185241724	253.0
209.88131906350932	250.0
209.8913196028462	250.0
209.9013201421831	250.0
209.91132068152	250.0
209.9213212208569	250.0
209.9313217601938	253.0
209.9413222995307	253.0
209.9513228388676	253.0
209.9613233782045	256.0
209.9713239175414	259.0
209.9813244568783	265.0
209.9913249962152	272.0
210.0013255355521	275.0
210.011326074889	278.0
210.0213266142259	281.0
210.0313271535628	281.0
210.0413276928997	278.0
210.0513282322366	275.0
210.0613287715735	268.0
210.0713293109104	265.0
210.0813298502473	265.0
210.0913303895842	262.0
210.1013309289211	259.0
210.111331468258	256.0
210.1213320075949	253.0
210.1313325469318	253.0
210.1413330862687	253.0
210.1513336256056	250.0
210.1613341649425	250.0
210.1713347042794	250.0
210.1813352436163	250.0
210.1913357829532	248.0
210.2013363222901	248.0
210.211336861627	248.0
210.2213374009639	248.0
210.2313379403008	250.0
210.2413384796377	253.0
210.2513390189746	262.0
210.26133955831148	268.0
210.2713400976484	284.0
210.28134063698528	301.0
210.2913411763222	308.0
210.30134171565908	312.0
210.311342254996	312.0
210.32134279433288	312.0
210.3313433336698	308.0
210.34134387300668	301.0
210.3513444123436	294.0
210.36134495168048	288.0
210.3713454910174	284.0
210.38134603035428	278.0
210.3913465696912	272.0
210.40134710902808	265.0
210.411347648365	262.0
210.42134818770188	259.0
210.43134872703877	256.0
210.44134926637568	256.0
210.45134980571257	253.0
210.46135034504948	253.0
210.47135088438637	253.0
210.48135142372328	253.0
210.49135196306017	253.0
210.50135250239708	253.0
210.51135304173397	253.0
210.52135358107088	253.0
210.53135412040777	253.0
210.54135465974468	253.0
210.55135519908157	253.0
210.56135573841848	253.0
210.57135627775537	253.0
210.58135681709228	253.0
210.59135735642917	253.0
210.60135789576609	253.0
210.61135843510297	256.0
210.62135897443986	259.0
210.63135951377677	262.0
210.64136005311366	268.0
210.65136059245057	272.0
210.66136113178746	275.0
210.67136167112437	278.0
210.68136221046126	278.0
210.69136274979817	278.0
210.70136328913506	275.0
210.71136382847197	275.0
210.72136436780886	272.0
210.73136490714577	268.0
210.74136544648266	268.0
210.75136598581958	265.0
210.76136652515646	262.0
210.77136706449338	259.0
210.78136760383026	256.0
210.79136814316718	250.0
210.80136868250406	248.0
210.81136922184095	245.0
210.82136976117786	242.0
210.83137030051475	239.0
210.84137083985166	234.0
210.85137137918855	231.0
210.86137191852546	231.0
210.87137245786235	228.0
210.88137299719926	228.0
210.89137353653615	226.0
210.90137407587306	226.0
210.91137461520995	228.0
210.92137515454687	228.0
210.93137569388375	228.0
210.94137623322067	228.0
210.95137677255755	228.0
210.96137731189447	228.0
210.97137785123135	228.0
210.98137839056824	228.0
210.99137892990515	228.0
211.00137946924204	228.0
211.01138000857895	231.0
211.02138054791584	234.0
211.03138108725275	245.0
211.04138162658964	250.0
211.05138216592655	253.0
211.06138270526344	253.0
211.07138324460036	250.0
211.08138378393724	250.0
211.09138432327416	248.0
211.10138486261104	242.0
211.11138540194796	239.0
211.12138594128484	234.0
211.13138648062176	228.0
211.14138701995864	226.0
211.15138755929556	223.0
211.16138809863244	223.0
211.17138863796933	223.0
211.18138917730624	226.0
211.19138971664313	226.0
211.20139025598004	228.0
211.21139079531693	234.0
211.22139133465384	236.0
211.23139187399073	242.0
211.24139241332765	248.0
211.25139295266453	250.0
211.26139349200145	253.0
211.27139403133833	256.0
211.28139457067525	256.0
211.29139511001213	256.0
211.30139564934905	256.0
211.31139618868593	253.0
211.32139672802285	250.0
211.33139726735973	245.0
211.34139780669662	242.0
211.35139834603353	236.0
211.36139888537042	231.0
211.37139942470733	228.0
211.38139996404422	226.0
211.39140050338113	223.0
211.40140104271802	223.0
211.41140158205494	223.0
211.42140212139182	226.0
211.43140266072874	228.0
211.44140320006562	231.0
211.45140373940254	239.0
211.46140427873942	245.0
211.47140481807634	250.0
211.48140535741322	256.0
211.49140589675014	256.0
211.50140643608702	259.0
211.51140697542394	259.0
211.52140751476082	259.0
211.5314080540977	256.0
211.54140859343462	256.0
211.5514091327715	253.0
211.56140967210843	250.0
211.5714102114453	250.0
211.58141075078223	248.0
211.5914112901191	248.0
211.60141182945603	250.0
211.6114123687929	250.0
211.62141290812983	250.0
211.6314134474667	253.0
211.64141398680363	250.0
211.6514145261405	248.0
211.66141506547743	245.0
211.6714156048143	242.0
211.68141614415123	239.0
211.69141668348811	242.0
211.701417222825	248.0
211.71141776216191	256.0
211.7214183014988	265.0
211.73141884083572	278.0
211.7414193801726	284.0
211.75141991950952	291.0
211.7614204588464	298.0
211.77142099818332	298.0
211.7814215375202	301.0
211.79142207685712	301.0
211.801422616194	301.0
211.81142315553092	301.0
211.8214236948678	301.0
211.83142423420472	301.0
211.8414247735416	301.0
211.85142531287852	301.0
211.8614258522154	301.0
211.87142639155232	301.0
211.8814269308892	301.0
211.8914274702261	301.0
211.901428009563	301.0
211.9114285488999	301.0
211.9214290882368	301.0
211.9314296275737	301.0
211.9414301669106	301.0
211.9514307062475	301.0
211.9614312455844	301.0
211.9714317849213	301.0
211.9814323242582	301.0
211.9914328635951	301.0
212.001433402932	301.0
212.0114339422689	301.0
212.0214344816058	301.0
212.0314350209427	301.0
212.0414355602796	301.0
212.0514360996165	301.0
212.06143663895338	301.0
212.0714371782903	301.0
212.08143771762718	301.0
212.0914382569641	301.0
212.10143879630098	301.0
212.1114393356379	301.0
212.12143987497478	301.0
212.1314404143117	301.0
212.14144095364858	301.0
212.1514414929855	301.0
212.16144203232238	298.0
212.1714425716593	298.0
212.18144311099618	291.0
212.1914436503331	284.0
212.20144418966999	275.0
212.2114447290069	265.0
212.22144526834379	256.0
212.2314458076807	250.0
212.2414463470176	248.0
212.25144688635447	242.0
212.2614474256914	234.0
212.27144796502827	226.0
212.2814485043652	223.0
212.29144904370207	0.0
212.301449583039	0.0
212.31145012237587	0.0
212.3214506617128	0.0
212.33145120104967	0.0
212.3414517403866	0.0
212.35145227972347	0.0
212.3614528190604	0.0
212.37145335839728	0.0
212.3814538977342	0.0
212.39145443707108	305.0
212.401454976408	298.0
212.41145551574488	291.0
212.4214560550818	281.0
212.43145659441868	259.0
212.44145713375556	256.0
212.45145767309248	262.0
212.46145821242936	308.0
212.47145875176628	308.0
212.48145929110316	308.0
212.49145983044008	305.0
212.50146036977696	305.0
212.51146090911388	301.0
212.52146144845076	301.0
212.53146198778768	301.0
212.54146252712457	301.0
212.55146306646148	301.0
212.56146360579837	301.0
212.57146414513528	301.0
212.58146468447217	301.0
212.59146522380908	301.0
212.60146576314597	301.0
212.61146630248285	301.0
212.62146684181977	301.0
212.63146738115665	301.0
212.64146792049357	301.0
212.65146845983045	301.0
212.66146899916737	301.0
212.67146953850425	298.0
212.68147007784117	298.0
212.69147061717806	294.0
212.70147115651497	291.0
212.71147169585186	284.0
212.72147223518877	278.0
212.73147277452566	268.0
212.74147331386257	265.0
212.75147385319946	259.0
212.76147439253637	256.0
212.77147493187326	253.0
212.78147547121017	250.0
212.79147601054706	248.0
212.80147654988394	248.0
212.81147708922086	250.0
212.82147762855774	250.0
212.83147816789466	253.0
212.84147870723154	259.0
212.85147924656846	262.0
212.86147978590535	268.0
212.87148032524226	275.0
212.88148086457915	284.0
212.89148140391606	291.0
212.90148194325295	294.0
212.91148248258986	298.0
212.92148302192675	301.0
212.93148356126366	305.0
212.94148410060055	308.0
212.95148463993746	308.0
212.96148517927435	308.0
212.97148571861123	308.0
212.98148625794815	308.0
212.99148679728503	308.0
213.00148733662195	308.0
213.01148787595884	305.0
213.02148841529575	305.0
213.03148895463264	305.0
213.04148949396955	305.0
213.05149003330644	305.0
213.06149057264335	305.0
213.07149111198024	305.0
213.08149165131715	305.0
213.09149219065404	305.0
213.10149272999095	305.0
213.11149326932784	305.0
213.12149380866475	301.0
213.13149434800164	301.0
213.14149488733855	301.0
213.15149542667544	301.0
213.16149596601232	301.0
213.17149650534924	301.0
213.18149704468613	305.0
213.19149758402304	305.0
213.20149812335993	305.0
213.21149866269684	305.0
213.22149920203373	308.0
213.23149974137064	308.0
213.24150028070753	308.0
213.25150082004444	305.0
213.26150135938133	305.0
213.27150189871824	305.0
213.28150243805513	305.0
213.29150297739204	305.0
213.30150351672893	305.0
213.31150405606584	305.0
213.32150459540273	305.0
213.33150513473961	301.0
213.34150567407653	298.0
213.35150621341342	291.0
213.36150675275033	259.0
213.37150729208722	298.0
213.38150783142413	0.0
213.39150837076102	0.0
213.40150891009793	0.0
213.41150944943482	0.0
213.42150998877173	0.0
213.43151052810862	0.0
213.44151106744553	0.0
213.45151160678242	0.0
213.46151214611933	0.0
213.47151268545622	0.0
213.48151322479313	0.0
213.49151376413002	0.0
213.50151430346693	0.0
213.51151484280382	0.0
213.5215153821407	0.0
213.53151592147762	0.0
213.5415164608145	0.0
213.55151700015142	0.0
213.5615175394883	0.0
213.57151807882522	0.0
213.5815186181621	0.0
213.59151915749902	0.0
213.6015196968359	0.0
213.61152023617282	0.0
213.6215207755097	0.0
213.63152131484662	0.0
213.6415218541835	0.0
213.65152239352042	0.0
213.6615229328573	0.0
213.67152347219422	0.0
213.6815240115311	0.0
213.69152455086802	0.0
213.7015250902049	0.0
213.7115256295418	0.0
213.7215261688787	0.0
213.7315267082156	0.0
213.7415272475525	0.0
213.7515277868894	0.0
213.7615283262263	272.0
213.7715288655632	272.0
213.7815294049001	275.0
213.791529944237	278.0
213.8015304835739	281.0
213.8115310229108	294.0
213.8215315622477	301.0
213.8315321015846	308.0
213.8415326409215	308.0
213.8515331802584	305.0
213.86153371959531	305.0
213.8715342589322	305.0
213.8815347982691	305.0
213.891535337606	305.0
213.9015358769429	308.0
213.9115364162798	308.0
213.9215369556167	312.0
213.9315374949536	312.0
213.9415380342905	312.0
213.9515385736274	308.0
213.9615391129643	308.0
213.9715396523012	305.0
213.9815401916381	301.0
213.991540730975	294.0
214.0015412703119	291.0
214.0115418096488	288.0
214.0215423489857	281.0
214.0315428883226	275.0
214.0415434276595	262.0
214.0515439669964	256.0
214.0615445063333	250.0
214.07154504567018	248.0
214.0815455850071	245.0
214.09154612434398	245.0
214.1015466636809	245.0
214.11154720301778	245.0
214.1215477423547	248.0
214.13154828169158	250.0
214.1415488210285	253.0
214.15154936036538	259.0
214.1615498997023	265.0
214.17155043903918	275.0
214.1815509783761	281.0
214.19155151771298	284.0
214.2015520570499	288.0
214.21155259638678	288.0
214.2215531357237	288.0
214.23155367506058	284.0
214.24155421439747	278.0
214.25155475373438	275.0
214.26155529307127	268.0
214.27155583240818	262.0
214.28155637174507	259.0
214.29155691108198	256.0
214.30155745041887	253.0
214.31155798975578	250.0
214.32155852909267	250.0
214.33155906842958	250.0
214.34155960776647	250.0
214.35156014710338	250.0
214.36156068644027	250.0
214.37156122577719	250.0
214.38156176511407	253.0
214.39156230445099	256.0
214.40156284378787	262.0
214.4115633831248	268.0
214.42156392246167	281.0
214.43156446179856	288.0
214.44156500113547	294.0
214.45156554047236	298.0
214.46156607980927	301.0
214.47156661914616	301.0
214.48156715848307	301.0
214.49156769781996	298.0
214.50156823715687	294.0
214.51156877649376	288.0
214.52156931583067	284.0
214.53156985516756	275.0
214.54157039450448	268.0
214.55157093384136	265.0
214.56157147317828	262.0
214.57157201251516	259.0
214.58157255185208	256.0
214.59157309118896	256.0
214.60157363052585	253.0
214.61157416986276	253.0
214.62157470919965	253.0
214.63157524853656	253.0
214.64157578787345	253.0
214.65157632721036	253.0
214.66157686654725	253.0
214.67157740588416	253.0
214.68157794522105	253.0
214.69157848455797	253.0
214.70157902389485	256.0
214.71157956323177	278.0
214.72158010256865	301.0
214.73158064190557	312.0
214.74158118124245	327.0
214.75158172057937	338.0
214.76158225991625	354.0
214.77158279925317	363.0
214.78158333859005	371.0
214.79158387792694	371.0
214.80158441726385	371.0
214.81158495660074	367.0
214.82158549593765	363.0
214.83158603527454	358.0
214.84158657461145	350.0
214.85158711394834	346.0
214.86158765328526	342.0
214.87158819262214	342.0
214.88158873195906	338.0
214.89158927129594	338.0
214.90158981063286	338.0
214.91159034996974	338.0
214.92159088930666	338.0
214.93159142864354	338.0
214.94159196798046	334.0
214.95159250731734	334.0
214.96159304665423	334.0
214.97159358599114	334.0
214.98159412532803	338.0
214.99159466466494	346.0
215.00159520400183	354.0
215.01159574333875	363.0
215.02159628267563	375.0
215.03159682201255	380.0
215.04159736134943	384.0
215.05159790068635	384.0
215.06159844002323	380.0
215.07159897936015	371.0
215.08159951869703	358.0
215.09160005803395	342.0
215.10160059737083	323.0
215.11160113670775	312.0
215.12160167604463	305.0
215.13160221538155	301.0
215.14160275471843	305.0
215.15160329405532	305.0
215.16160383339223	308.0
215.17160437272912	312.0
215.18160491206604	312.0
215.19160545140292	312.0
215.20160599073984	312.0
215.21160653007672	308.0
215.22160706941364	305.0
215.23160760875052	305.0
215.24160814808744	305.0
215.25160868742432	305.0
215.26160922676124	305.0
215.27160976609812	305.0
215.28161030543504	305.0
215.29161084477192	305.0
215.30161138410884	305.0
215.31161192344572	305.0
215.32161246278264	305.0
215.33161300211952	305.0
215.3416135414564	305.0
215.35161408079333	305.0
215.3616146201302	305.0
215.37161515946713	305.0
215.381615698804	301.0
215.39161623814093	301.0
215.4016167774778	301.0
215.41161731681473	301.0
215.4216178561516	301.0
215.43161839548853	301.0
215.4416189348254	301.0
215.45161947416233	301.0
215.4616200134992	301.0
215.47162055283613	301.0
215.48162109217301	301.0
215.49162163150993	301.0
215.50162217084682	301.0
215.5116227101837	301.0
215.52162324952062	301.0
215.5316237888575	301.0
215.54162432819442	301.0
215.5516248675313	301.0
215.56162540686822	301.0
215.5716259462051	301.0
215.58162648554202	301.0
215.5916270248789	301.0
215.60162756421582	301.0
215.6116281035527	301.0
215.62162864288962	301.0
215.6316291822265	301.0
215.64162972156342	301.0
215.6516302609003	301.0
215.66163080023722	301.0
215.6716313395741	301.0
215.68163187891102	301.0
215.6916324182479	301.0
215.7016329575848	301.0
215.7116334969217	301.0
215.7216340362586	301.0
215.7316345755955	298.0
215.7416351149324	294.0
215.7516356542693	284.0
215.7616361936062	278.0
215.7716367329431	275.0
215.78163727228	281.0
215.7916378116169	291.0
215.8016383509538	298.0
215.8116388902907	301.0
215.8216394296276	305.0
215.8316399689645	305.0
215.8416405083014	301.0
215.8516410476383	301.0
215.8616415869752	301.0
215.87164212631208	301.0
215.881642665649	301.0
215.89164320498588	301.0
215.9016437443228	301.0
215.91164428365968	301.0
215.9216448229966	301.0
215.93164536233348	301.0
215.9416459016704	301.0
215.95164644100728	301.0
215.9616469803442	301.0
215.97164751968108	301.0
215.981648059018	301.0
215.99164859835489	298.0
216.0016491376918	298.0
216.0116496770287	298.0
216.0216502163656	294.0
216.0316507557025	294.0
216.0416512950394	291.0
216.0516518343763	288.0
216.06165237371317	284.0
216.0716529130501	275.0
216.08165345238697	262.0
216.0916539917239	256.0
216.10165453106077	248.0
216.1116550703977	239.0
216.12165560973457	234.0
216.1316561490715	231.0
216.14165668840837	234.0
216.1516572277453	239.0
216.16165776708218	248.0
216.1716583064191	253.0
216.18165884575598	259.0
216.1916593850929	268.0
216.20165992442978	278.0
216.2116604637667	284.0
216.22166100310358	294.0
216.23166154244046	294.0
216.24166208177738	298.0
216.25166262111426	298.0
216.26166316045118	294.0
216.27166369978806	294.0
216.28166423912498	291.0
216.29166477846186	288.0
216.30166531779878	284.0
216.31166585713567	278.0
216.32166639647258	275.0
216.33166693580947	262.0
216.34166747514638	256.0
216.35166801448327	253.0
216.36166855382018	245.0
216.37166909315707	239.0
216.38166963249398	236.0
216.39167017183087	236.0
216.40167071116778	236.0
216.41167125050467	242.0
216.42167178984155	248.0
216.43167232917847	256.0
216.44167286851535	265.0
216.45167340785227	281.0
216.46167394718915	294.0
216.47167448652607	305.0
216.48167502586296	308.0
216.49167556519987	316.0
216.50167610453676	316.0
216.51167664387367	316.0
216.52167718321056	312.0
216.53167772254747	305.0
216.54167826188436	298.0
216.55167880122127	288.0
216.56167934055816	281.0
216.57167987989507	272.0
216.58168041923196	265.0
216.59168095856887	262.0
216.60168149790576	259.0
216.61168203724264	256.0
216.62168257657956	253.0
216.63168311591645	253.0
216.64168365525336	250.0
216.65168419459025	250.0
216.66168473392716	250.0
216.67168527326405	250.0
216.68168581260096	256.0
216.69168635193785	262.0
216.70168689127476	272.0
216.71168743061165	291.0
216.72168796994856	305.0
216.73168850928545	331.0
216.74168904862236	354.0
216.75168958795925	371.0
216.76169012729616	380.0
216.77169066663305	389.0
216.78169120596993	389.0
216.79169174530685	375.0
216.80169228464374	346.0
216.81169282398065	327.0
216.82169336331754	308.0
216.83169390265445	298.0
216.84169444199134	291.0
216.85169498132825	291.0
216.86169552066514	294.0
216.87169606000205	294.0
216.88169659933894	298.0
216.89169713867585	298.0
216.90169767801274	298.0
216.91169821734965	298.0
216.92169875668654	298.0
216.93169929602345	298.0
216.94169983536034	301.0
216.95170037469725	301.0
216.96170091403414	301.0
216.97170145337103	301.0
216.98170199270794	301.0
216.99170253204483	305.0
217.00170307138174	305.0
217.01170361071863	301.0
217.02170415005554	301.0
217.03170468939243	298.0
217.04170522872934	291.0
217.05170576806623	284.0
217.06170630740314	256.0
217.07170684674003	250.0
217.08170738607694	248.0
217.09170792541383	0.0
217.10170846475074	0.0
217.11170900408763	0.0
217.12170954342454	0.0
217.13171008276143	0.0
217.14171062209832	0.0
217.15171116143523	308.0
217.16171170077212	308.0
217.17171224010903	305.0
217.18171277944592	305.0
217.19171331878283	305.0
217.20171385811972	305.0
217.21171439745663	305.0
217.22171493679352	305.0
217.23171547613043	305.0
217.24171601546732	305.0
217.25171655480423	305.0
217.26171709414112	301.0
217.27171763347803	301.0
217.28171817281492	301.0
217.29171871215183	301.0
217.30171925148872	301.0
217.31171979082563	305.0
217.32172033016252	305.0
217.3317208694994	305.0
217.34172140883632	301.0
217.3517219481732	298.0
217.36172248751012	294.0
217.371723026847	291.0
217.38172356618392	284.0
217.3917241055208	278.0
217.40172464485772	268.0
217.4117251841946	259.0
217.42172572353152	253.0
217.4317262628684	248.0
217.44172680220532	242.0
217.4517273415422	242.0
217.46172788087912	242.0
217.471728420216	245.0
217.48172895955292	250.0
217.4917294988898	256.0
217.5017300382267	265.0
217.5117305775636	278.0
217.5217311169005	291.0
217.5317316562374	298.0
217.5417321955743	305.0
217.5517327349112	308.0
217.5617332742481	312.0
217.571733813585	312.0
217.5817343529219	308.0
217.5917348922588	305.0
217.6017354315957	301.0
217.6117359709326	294.0
217.6217365102695	288.0
217.63173704960641	281.0
217.6417375889433	268.0
217.65173812828021	262.0
217.6617386676171	259.0
217.67173920695402	253.0
217.6817397462909	250.0
217.6917402856278	248.0
217.7017408249647	248.0
217.7117413643016	245.0
217.7217419036385	245.0
217.7317424429754	245.0
217.7417429823123	245.0
217.7517435216492	248.0
217.7617440609861	253.0
217.771744600323	262.0
217.7817451396599	272.0
217.7917456789968	294.0
217.8017462183337	301.0
217.8117467576706	308.0
217.8217472970075	312.0
217.8317478363444	316.0
217.8417483756813	316.0
217.8517489150182	312.0
217.86174945435508	308.0
217.871749993692	301.0
217.88175053302888	294.0
217.8917510723658	284.0
217.90175161170268	275.0
217.9117521510396	268.0
217.92175269037648	262.0
217.9317532297134	256.0
217.94175376905028	256.0
217.9517543083872	253.0
217.96175484772408	253.0
217.971755387061	250.0
217.98175592639788	250.0
217.9917564657348	250.0
218.00175700507168	250.0
218.0117575444086	250.0
218.02175808374548	250.0
218.0317586230824	250.0
218.04175916241928	250.0
218.05175970175617	250.0
218.06176024109308	250.0
218.07176078042997	250.0
218.08176131976688	250.0
218.09176185910377	250.0
218.10176239844068	250.0
218.11176293777757	253.0
218.12176347711448	256.0
218.13176401645137	259.0
218.14176455578828	262.0
218.15176509512517	265.0
218.16176563446209	268.0
218.17176617379897	268.0
218.1817667131359	272.0
218.19176725247277	272.0
218.2017677918097	272.0
218.21176833114657	268.0
218.2217688704835	268.0
218.23176940982037	265.0
218.24176994915726	265.0
218.25177048849417	262.0
218.26177102783106	259.0
218.27177156716797	256.0
218.28177210650486	253.0
218.29177264584177	250.0
218.30177318517866	248.0
218.31177372451558	245.0
218.32177426385246	239.0
218.33177480318938	236.0
218.34177534252626	234.0
218.35177588186318	234.0
218.36177642120006	231.0
218.37177696053698	231.0
218.38177749987386	231.0
218.39177803921078	228.0
218.40177857854766	228.0
218.41177911788455	226.0
218.42177965722146	226.0
218.43178019655835	226.0
218.44178073589526	223.0
218.45178127523215	223.0
218.46178181456906	223.0
218.47178235390595	223.0
218.48178289324287	223.0
218.49178343257975	223.0
218.50178397191667	223.0
218.51178451125355	226.0
218.52178505059047	228.0
218.53178558992735	231.0
218.54178612926427	234.0
218.55178666860115	236.0
218.56178720793807	239.0
218.57178774727495	239.0
218.58178828661187	242.0
218.59178882594875	245.0
218.60178936528564	245.0
218.61178990462255	245.0
218.62179044395944	242.0
218.63179098329636	239.0
218.64179152263324	236.0
218.65179206197016	234.0
218.66179260130704	228.0
218.67179314064396	226.0
218.68179367998084	223.0
218.69179421931776	220.0
218.70179475865464	218.0
218.71179529799156	215.0
218.72179583732844	210.0
218.73179637666536	208.0
218.74179691600224	208.0
218.75179745533916	206.0
218.76179799467604	206.0
218.77179853401293	203.0
218.78179907334984	203.0
218.79179961268673	203.0
218.80180015202365	203.0
218.81180069136053	203.0
218.82180123069745	203.0
218.83180177003433	203.0
218.84180230937125	203.0
218.85180284870813	203.0
218.86180338804505	201.0
218.87180392738193	201.0
218.88180446671885	201.0
218.89180500605573	201.0
218.90180554539265	203.0
218.91180608472953	206.0
218.92180662406645	208.0
218.93180716340333	213.0
218.94180770274025	218.0
218.95180824207713	226.0
218.96180878141402	231.0
218.97180932075094	239.0
218.98180986008782	245.0
218.99181039942474	250.0
219.00181093876162	253.0
219.01181147809854	253.0
219.02181201743542	253.0
219.03181255677234	250.0
219.04181309610922	248.0
219.05181363544614	242.0
219.06181417478302	239.0
219.07181471411994	236.0
219.08181525345682	231.0
219.09181579279374	228.0
219.10181633213062	226.0
219.11181687146754	223.0
219.12181741080443	223.0
219.1318179501413	223.0
219.14181848947823	223.0
219.1518190288151	223.0
219.16181956815203	220.0
219.1718201074889	220.0
219.18182064682583	218.0
219.1918211861627	215.0
219.20182172549963	213.0
219.2118222648365	213.0
219.22182280417343	213.0
219.2318233435103	213.0
219.24182388284723	210.0
219.25182442218411	210.0
219.26182496152103	208.0
219.27182550085791	213.0
219.28182604019483	220.0
219.29182657953172	234.0
219.30182711886863	248.0
219.31182765820552	253.0
219.3218281975424	253.0
219.33182873687932	253.0
219.3418292762162	253.0
219.35182981555312	253.0
219.36183035489	253.0
219.37183089422692	253.0
219.3818314335638	253.0
219.39183197290072	253.0
219.4018325122376	253.0
219.41183305157452	253.0
219.4218335909114	253.0
219.43183413024832	253.0
219.4418346695852	253.0
219.45183520892212	253.0
219.461835748259	253.0
219.47183628759592	253.0
219.4818368269328	253.0
219.49183736626972	253.0
219.5018379056066	253.0
219.5118384449435	253.0
219.5218389842804	253.0
219.5318395236173	253.0
219.5418400629542	250.0
219.5518406022911	250.0
219.561841141628	250.0
219.5718416809649	250.0
219.5818422203018	253.0
219.5918427596387	253.0
219.6018432989756	253.0
219.6118438383125	253.0
219.6218443776494	253.0
219.6318449169863	253.0
219.6418454563232	253.0
219.6518459956601	253.0
219.661846534997	253.0
219.6718470743339	253.0
219.68184761367078	253.0
219.6918481530077	253.0
219.70184869234458	253.0
219.7118492316815	253.0
219.72184977101838	253.0
219.7318503103553	253.0
219.74185084969218	250.0
219.7518513890291	250.0
219.76185192836599	250.0
219.7718524677029	250.0
219.78185300703979	250.0
219.7918535463767	250.0
219.8018540857136	250.0
219.8118546250505	253.0
219.8218551643874	253.0
219.8318557037243	253.0
219.8418562430612	253.0
219.8518567823981	256.0
219.861857321735	256.0
219.87185786107187	256.0
219.8818584004088	256.0
219.89185893974567	253.0
219.9018594790826	253.0
219.91186001841947	253.0
219.9218605577564	250.0
219.93186109709328	250.0
219.9418616364302	248.0
219.95186217576708	248.0
219.961862715104	248.0
219.97186325444088	248.0
219.9818637937778	250.0
219.99186433311468	250.0
220.0018648724516	253.0
220.01186541178848	253.0
220.0218659511254	256.0
220.03186649046228	256.0
220.04186702979916	259.0
220.05186756913608	256.0
220.06186810847296	256.0
220.07186864780988	253.0
220.08186918714676	253.0
220.09186972648368	250.0
220.10187026582057	250.0
220.11187080515748	250.0
220.12187134449437	250.0
220.13187188383128	250.0
220.14187242316817	248.0
220.15187296250508	245.0
220.16187350184197	236.0
220.17187404117888	0.0
220.18187458051577	0.0
220.19187511985268	0.0
220.20187565918957	0.0
220.21187619852648	0.0
220.22187673786337	0.0
220.23187727720025	0.0
220.24187781653717	0.0
220.25187835587406	0.0
220.26187889521097	0.0
220.27187943454786	0.0
220.28187997388477	0.0
220.29188051322166	0.0
220.30188105255857	0.0
220.31188159189546	0.0
220.32188213123237	0.0
220.33188267056926	0.0
220.34188320990617	0.0
220.35188374924306	0.0
220.36188428857997	0.0
220.37188482791686	0.0
220.38188536725377	0.0
220.39188590659066	0.0
220.40188644592754	0.0
220.41188698526446	0.0
220.42188752460135	0.0
220.43188806393826	0.0
220.44188860327515	0.0
220.45188914261206	0.0
220.46188968194895	0.0
220.47189022128586	0.0
220.48189076062275	0.0
220.49189129995966	0.0
220.50189183929655	0.0
220.51189237863346	0.0
220.52189291797035	0.0
220.53189345730726	0.0
220.54189399664415	0.0
220.55189453598106	0.0
220.56189507531795	0.0
220.57189561465486	0.0
220.58189615399175	0.0
220.59189669332864	0.0
220.60189723266555	0.0
220.61189777200244	0.0
220.62189831133935	0.0
220.63189885067624	0.0
220.64189939001315	0.0
220.65189992935004	0.0
220.66190046868695	203.0
220.67190100802384	199.0
220.68190154736075	199.0
220.69190208669764	201.0
220.70190262603455	206.0
220.71190316537144	208.0
220.72190370470835	213.0
220.73190424404524	220.0
220.74190478338215	228.0
220.75190532271904	234.0
220.76190586205593	242.0
220.77190640139284	248.0
220.78190694072973	256.0
220.79190748006664	262.0
220.80190801940353	265.0
220.81190855874044	272.0
220.82190909807733	275.0
220.83190963741424	275.0
220.84191017675113	272.0
220.85191071608804	268.0
220.86191125542493	265.0
220.87191179476184	262.0
220.88191233409873	259.0
220.89191287343564	253.0
220.90191341277253	250.0
220.91191395210944	245.0
220.92191449144633	242.0
220.93191503078324	239.0
220.94191557012013	236.0
220.95191610945702	234.0
220.96191664879393	234.0
220.97191718813082	231.0
220.98191772746773	231.0
220.99191826680462	228.0
221.00191880614153	228.0
221.01191934547842	228.0
221.02191988481533	226.0
221.03192042415222	226.0
221.04192096348913	223.0
221.05192150282602	223.0
221.06192204216293	220.0
221.07192258149982	220.0
221.08192312083673	220.0
221.09192366017362	220.0
221.10192419951053	220.0
221.11192473884742	220.0
221.12192527818434	220.0
221.13192581752122	220.0
221.1419263568581	223.0
221.15192689619502	223.0
221.1619274355319	223.0
221.17192797486882	226.0
221.1819285142057	226.0
221.19192905354262	228.0
221.2019295928795	234.0
221.21193013221642	239.0
221.2219306715533	245.0
221.23193121089022	250.0
221.2419317502271	256.0
221.25193228956402	256.0
221.2619328289009	256.0
221.27193336823782	253.0
221.2819339075747	248.0
221.29193444691163	242.0
221.3019349862485	236.0
221.3119355255854	0.0
221.3219360649223	0.0
221.3319366042592	0.0
221.3419371435961	0.0
221.351937682933	0.0
221.3619382222699	0.0
221.3719387616068	0.0
221.3819393009437	0.0
221.3919398402806	0.0
221.4019403796175	0.0
221.4119409189544	0.0
221.42194145829131	206.0
221.4319419976282	206.0
221.44194253696512	203.0
221.451943076302	206.0
221.46194361563892	206.0
221.4719441549758	206.0
221.48194469431272	206.0
221.4919452336496	206.0
221.5019457729865	206.0
221.5119463123234	206.0
221.5219468516603	206.0
221.5319473909972	206.0
221.5419479303341	208.0
221.551948469671	208.0
221.5619490090079	206.0
221.5719495483448	206.0
221.5819500876817	206.0
221.5919506270186	206.0
221.6019511663555	203.0
221.6119517056924	203.0
221.6219522450293	203.0
221.6319527843662	203.0
221.6419533237031	203.0
221.65195386304	203.0
221.6619544023769	203.0
221.67195494171378	203.0
221.6819554810507	203.0
221.69195602038758	203.0
221.7019565597245	203.0
221.71195709906138	203.0
221.7219576383983	201.0
221.73195817773518	201.0
221.7419587170721	201.0
221.75195925640898	199.0
221.7619597957459	199.0
221.77196033508278	199.0
221.7819608744197	201.0
221.79196141375658	201.0
221.8019619530935	201.0
221.81196249243038	201.0
221.8219630317673	201.0
221.83196357110418	201.0
221.8419641104411	201.0
221.85196464977798	201.0
221.86196518911487	201.0
221.87196572845178	201.0
221.88196626778867	201.0
221.89196680712558	201.0
221.90196734646247	201.0
221.91196788579938	201.0
221.92196842513627	201.0
221.93196896447319	201.0
221.94196950381007	199.0
221.95197004314699	199.0
221.96197058248387	199.0
221.9719711218208	199.0
221.98197166115767	199.0
221.9919722004946	199.0
222.00197273983147	199.0
222.0119732791684	199.0
222.02197381850527	199.0
222.03197435784216	196.0
222.04197489717907	196.0
222.05197543651596	194.0
222.06197597585287	187.0
222.07197651518976	185.0
222.08197705452667	183.0
222.09197759386356	183.0
222.10197813320048	185.0
222.11197867253736	190.0
222.12197921187428	192.0
222.13197975121116	196.0
222.14198029054808	201.0
222.15198082988496	206.0
222.16198136922188	206.0
222.17198190855876	206.0
222.18198244789568	206.0
222.19198298723256	206.0
222.20198352656948	203.0
222.21198406590636	203.0
222.22198460524325	203.0
222.23198514458016	203.0
222.24198568391705	203.0
222.25198622325397	203.0
222.26198676259085	201.0
222.27198730192777	201.0
222.28198784126465	201.0
222.29198838060157	201.0
222.30198891993845	199.0
222.31198945927537	199.0
222.32198999861225	201.0
222.33199053794917	201.0
222.34199107728605	201.0
222.35199161662297	201.0
222.36199215595985	201.0
222.37199269529677	201.0
222.38199323463365	201.0
222.39199377397057	201.0
222.40199431330745	201.0
222.41199485264434	203.0
222.42199539198126	206.0
222.43199593131814	208.0
222.44199647065506	213.0
222.45199700999194	220.0
222.46199754932886	231.0
222.47199808866574	239.0
222.48199862800266	245.0
222.49199916733954	248.0
222.50199970667646	250.0
222.51200024601334	250.0
222.52200078535026	248.0
222.53200132468714	248.0
222.54200186402406	242.0
222.55200240336094	236.0
222.56200294269786	234.0
222.57200348203475	228.0
222.58200402137163	228.0
222.59200456070855	226.0
222.60200510004543	226.0
222.61200563938235	226.0
222.62200617871923	223.0
222.63200671805615	223.0
222.64200725739303	223.0
222.65200779672995	223.0
222.66200833606683	223.0
222.67200887540375	223.0
222.68200941474063	223.0
222.69200995407755	223.0
222.70201049341443	223.0
222.71201103275135	223.0
222.72201157208823	223.0
222.73201211142515	223.0
222.74201265076204	223.0
222.75201319009895	223.0
222.76201372943584	223.0
222.77201426877272	223.0
222.78201480810964	223.0
222.79201534744652	226.0
222.80201588678344	228.0
222.81201642612032	234.0
222.82201696545724	239.0
222.83201750479412	245.0
222.84201804413104	248.0
222.85201858346792	250.0
222.86201912280484	250.0
222.87201966214172	250.0
222.88202020147864	250.0
222.89202074081552	248.0
222.90202128015244	242.0
222.91202181948933	239.0
222.92202235882624	234.0
222.93202289816313	231.0
222.9420234375	228.0
222.95202397683693	228.0
222.9620245161738	228.0
222.97202505551073	226.0
222.9820255948476	226.0
222.99202613418453	226.0
223.0020266735214	226.0
223.01202721285833	226.0
223.0220277521952	226.0
223.03202829153213	226.0
223.04202883086901	226.0
223.05202937020593	223.0
223.06202990954282	223.0
223.07203044887973	223.0
223.08203098821662	223.0
223.09203152755353	223.0
223.10203206689042	223.0
223.11203260622733	223.0
223.12203314556422	223.0
223.1320336849011	226.0
223.14203422423802	226.0
223.1520347635749	228.0
223.16203530291182	231.0
223.1720358422487	236.0
223.18203638158562	242.0
223.1920369209225	248.0
223.20203746025942	250.0
223.2120379995963	253.0
223.22203853893322	253.0
223.2320390782701	253.0
223.24203961760702	253.0
223.2520401569439	250.0
223.26204069628082	245.0
223.2720412356177	239.0
223.28204177495462	234.0
223.2920423142915	231.0
223.3020428536284	228.0
223.3120433929653	226.0
223.3220439323022	226.0
223.3320444716391	226.0
223.342045010976	226.0
223.3520455503129	223.0
223.3620460896498	226.0
223.3720466289867	226.0
223.3820471683236	226.0
223.3920477076605	226.0
223.4020482469974	226.0
223.4120487863343	223.0
223.4220493256712	215.0
223.4320498650081	210.0
223.442050404345	210.0
223.4520509436819	213.0
223.4620514830188	220.0
223.4720520223557	231.0
223.4820525616926	245.0
223.49205310102948	250.0
223.5020536403664	253.0
223.51205417970328	253.0
223.5220547190402	253.0
223.53205525837708	253.0
223.542055797714	250.0
223.55205633705089	248.0
223.5620568763878	242.0
223.5720574157247	239.0
223.5820579550616	236.0
223.5920584943985	234.0
223.6020590337354	231.0
223.6120595730723	228.0
223.6220601124092	228.0
223.6320606517461	228.0
223.642061191083	228.0
223.6520617304199	228.0
223.66206226975677	226.0
223.6720628090937	226.0
223.68206334843057	226.0
223.6920638877675	226.0
223.70206442710437	226.0
223.7120649664413	226.0
223.72206550577818	226.0
223.7320660451151	226.0
223.74206658445198	228.0
223.7520671237889	228.0
223.76206766312578	231.0
223.7720682024627	231.0
223.78206874179958	234.0
223.7920692811365	239.0
223.80206982047338	242.0
223.8120703598103	245.0
223.82207089914718	248.0
223.8320714384841	248.0
223.84207197782098	248.0
223.85207251715786	248.0
223.86207305649478	245.0
223.87207359583167	242.0
223.88207413516858	239.0
223.89207467450547	236.0
223.90207521384238	234.0
223.91207575317927	231.0
223.92207629251618	228.0
223.93207683185307	223.0
223.94207737118998	220.0
223.95207791052687	218.0
223.96207844986378	215.0
223.97207898920067	210.0
223.98207952853758	208.0
223.99208006787447	206.0
224.00208060721138	203.0
224.01208114654827	203.0
224.02208168588518	201.0
224.03208222522207	199.0
224.04208276455896	196.0
224.05208330389587	194.0
224.06208384323276	192.0
224.07208438256967	190.0
224.08208492190656	187.0
224.09208546124347	185.0
224.10208600058036	183.0
224.11208653991727	179.0
224.12208707925416	177.0
224.13208761859107	175.0
224.14208815792796	175.0
224.15208869726487	173.0
224.16208923660176	171.0
224.17208977593867	169.0
224.18209031527556	169.0
224.19209085461247	167.0
224.20209139394936	169.0
224.21209193328625	169.0
224.22209247262316	171.0
224.23209301196005	171.0
224.24209355129696	173.0
224.25209409063385	173.0
224.26209462997076	171.0
224.27209516930765	171.0
224.28209570864456	173.0
224.29209624798145	173.0
224.30209678731836	173.0
224.31209732665525	175.0
224.32209786599216	175.0
224.33209840532905	177.0
224.34209894466596	177.0
224.35209948400285	177.0
224.36210002333976	179.0
224.37210056267665	181.0
224.38210110201356	181.0
224.39210164135045	183.0
224.40210218068734	185.0
224.41210272002425	185.0
224.42210325936114	185.0
224.43210379869805	183.0
224.44210433803494	181.0
224.45210487737185	177.0
224.46210541670874	173.0
224.47210595604565	169.0
224.48210649538254	165.0
224.49210703471945	163.0
224.50210757405634	163.0
224.51210811339325	163.0
224.52210865273014	165.0
224.53210919206705	167.0
224.54210973140394	169.0
224.55211027074085	171.0
224.56211081007774	173.0
224.57211134941463	175.0
224.58211188875154	177.0
224.59211242808843	179.0
224.60211296742534	181.0
224.61211350676223	181.0
224.62211404609914	181.0
224.63211458543603	179.0
224.64211512477294	177.0
224.65211566410983	175.0
224.66211620344674	169.0
224.67211674278363	165.0
224.68211728212054	159.0
224.69211782145743	159.0
224.70211836079434	159.0
224.71211890013123	161.0
224.72211943946814	163.0
224.73211997880503	165.0
224.74212051814195	167.0
224.75212105747883	169.0
224.76212159681572	171.0
224.77212213615263	171.0
224.78212267548952	169.0
224.79212321482643	167.0
224.80212375416332	0.0
224.81212429350023	0.0
224.82212483283712	0.0
224.83212537217403	0.0
224.84212591151092	0.0
224.85212645084783	0.0
224.86212699018472	0.0
224.87212752952163	0.0
224.88212806885852	0.0
224.89212860819543	210.0
224.90212914753232	220.0
224.91212968686924	226.0
224.92213022620612	231.0
224.932130765543	234.0
224.94213130487992	236.0
224.9521318442168	236.0
224.96213238355372	236.0
224.9721329228906	236.0
224.98213346222752	234.0
224.9921340015644	234.0
225.00213454090132	231.0
225.0121350802382	231.0
225.02213561957512	231.0
225.032136158912	228.0
225.04213669824892	228.0
225.0521372375858	231.0
225.06213777692273	231.0
225.0721383162596	231.0
225.08213885559653	231.0
225.0921393949334	231.0
225.10213993427033	228.0
225.1121404736072	228.0
225.1221410129441	228.0
225.132141552281	228.0
225.1421420916179	226.0
225.1521426309548	226.0
225.1621431702917	223.0
225.1721437096286	223.0
225.1821442489655	220.0
225.19214478830241	220.0
225.2021453276393	220.0
225.21214586697621	220.0
225.2221464063131	220.0
225.23214694565002	223.0
225.2421474849869	226.0
225.25214802432382	228.0
225.2621485636607	231.0
225.27214910299762	234.0
225.2821496423345	234.0
225.2921501816714	234.0
225.3021507210083	234.0
225.3121512603452	231.0
225.3221517996821	231.0
225.332152339019	228.0
225.3421528783559	226.0
225.3521534176928	226.0
225.3621539570297	223.0
225.3721544963666	223.0
225.3821550357035	223.0
225.3921555750404	226.0
225.4021561143773	226.0
225.4121566537142	228.0
225.4221571930511	231.0
225.432157732388	231.0
225.4421582717249	234.0
225.4521588110618	234.0
225.4621593503987	234.0
225.4721598897356	231.0
225.48216042907248	228.0
225.4921609684094	215.0
225.50216150774628	203.0
225.5121620470832	199.0
225.52216258642008	0.0
225.532163125757	0.0
225.54216366509388	0.0
225.5521642044308	215.0
225.56216474376768	218.0
225.5721652831046	218.0
225.58216582244148	220.0
225.5921663617784	223.0
225.60216690111528	223.0
225.6121674404522	226.0
225.62216797978908	226.0
225.632168519126	228.0
225.64216905846288	228.0
225.6521695977998	231.0
225.66217013713668	231.0
225.67217067647357	231.0
225.68217121581048	231.0
225.69217175514737	228.0
225.70217229448428	228.0
225.71217283382117	228.0
225.72217337315809	226.0
225.73217391249497	223.0
225.7421744518319	220.0
225.75217499116877	220.0
225.7621755305057	218.0
225.77217606984257	215.0
225.7821766091795	213.0
225.79217714851637	210.0
225.8021776878533	206.0
225.81217822719017	201.0
225.8221787665271	199.0
225.83217930586397	194.0
225.84217984520086	192.0
225.85218038453777	190.0
225.86218092387466	187.0
225.87218146321158	185.0
225.88218200254846	183.0
225.89218254188538	183.0
225.90218308122226	181.0
225.91218362055918	181.0
225.92218415989606	179.0
225.93218469923298	179.0
225.94218523856986	177.0
225.95218577790678	177.0
225.96218631724366	177.0
225.97218685658058	175.0
225.98218739591746	175.0
225.99218793525438	173.0
226.00218847459126	171.0
226.01218901392818	169.0
226.02218955326506	167.0
226.03219009260195	167.0
226.04219063193887	167.0
226.05219117127575	169.0
226.06219171061267	171.0
226.07219224994955	173.0
226.08219278928647	175.0
226.09219332862335	177.0
226.10219386796027	179.0
226.11219440729715	181.0
226.12219494663407	183.0
226.13219548597095	181.0
226.14219602530787	181.0
226.15219656464475	179.0
226.16219710398167	177.0
226.17219764331855	177.0
226.18219818265547	177.0
226.19219872199236	0.0
226.20219926132924	0.0
226.21219980066616	0.0
226.22220034000304	0.0
226.23220087933996	0.0
226.24220141867684	0.0
226.25220195801376	0.0
226.26220249735064	0.0
226.27220303668756	0.0
226.28220357602444	0.0
226.29220411536136	0.0
226.30220465469824	0.0
226.31220519403516	0.0
226.32220573337204	0.0
226.33220627270896	0.0
226.34220681204584	0.0
226.35220735138276	0.0
226.36220789071965	213.0
226.37220843005656	210.0
226.38220896939345	208.0
226.39220950873033	208.0
226.40221004806725	208.0
226.41221058740413	206.0
226.42221112674105	206.0
226.43221166607793	206.0
226.44221220541485	208.0
226.45221274475173	208.0
226.46221328408865	210.0
226.47221382342553	210.0
226.48221436276245	208.0
226.49221490209933	206.0
226.50221544143625	206.0
226.51221598077314	203.0
226.52221652011005	203.0
226.53221705944694	203.0
226.54221759878385	203.0
226.55221813812074	203.0
226.56221867745762	206.0
226.57221921679454	203.0
226.58221975613142	203.0
226.59222029546834	203.0
226.60222083480522	203.0
226.61222137414214	203.0
226.62222191347902	203.0
226.63222245281594	203.0
226.64222299215282	203.0
226.65222353148974	203.0
226.66222407082662	201.0
226.67222461016354	201.0
226.68222514950043	201.0
226.69222568883734	201.0
226.70222622817423	201.0
226.71222676751114	201.0
226.72222730684803	201.0
226.73222784618494	201.0
226.74222838552183	201.0
226.7522289248587	201.0
226.76222946419563	201.0
226.7722300035325	201.0
226.78223054286943	201.0
226.7922310822063	201.0
226.80223162154323	201.0
226.81223216088011	201.0
226.82223270021703	201.0
226.83223323955391	201.0
226.84223377889083	201.0
226.85223431822772	201.0
226.86223485756463	203.0
226.87223539690152	203.0
226.88223593623843	203.0
226.89223647557532	203.0
226.90223701491223	201.0
226.91223755424912	201.0
226.92223809358603	203.0
226.93223863292292	203.0
226.9422391722598	203.0
226.95223971159672	203.0
226.9622402509336	203.0
226.97224079027052	203.0
226.9822413296074	201.0
226.99224186894432	201.0
227.0022424082812	201.0
227.01224294761812	201.0
227.022243486955	201.0
227.03224402629192	203.0
227.0422445656288	203.0
227.05224510496572	206.0
227.0622456443026	206.0
227.07224618363952	206.0
227.0822467229764	206.0
227.09224726231332	203.0
227.1022478016502	203.0
227.1122483409871	203.0
227.122248880324	0.0
227.1322494196609	0.0
227.1422499589978	0.0
227.1522504983347	0.0
227.1622510376716	0.0
227.1722515770085	0.0
227.1822521163454	0.0
227.1922526556823	0.0
227.2022531950192	0.0
227.2122537343561	0.0
227.222254273693	0.0
227.2322548130299	0.0
227.2422553523668	0.0
227.2522558917037	0.0
227.2622564310406	0.0
227.2722569703775	0.0
227.2822575097144	0.0
227.2922580490513	0.0
227.30225858838818	0.0
227.3122591277251	0.0
227.32225966706199	0.0
227.3322602063989	0.0
227.34226074573579	0.0
227.3522612850727	0.0
227.3622618244096	0.0
227.3722623637465	0.0
227.3822629030834	0.0
227.3922634424203	0.0
227.4022639817572	0.0
227.4122645210941	0.0
227.422265060431	0.0
227.4322655997679	0.0
227.4422661391048	0.0
227.4522666784417	0.0
227.4622672177786	0.0
227.47226775711547	0.0
227.4822682964524	0.0
227.49226883578928	0.0
227.5022693751262	0.0
227.51226991446308	0.0
227.5222704538	0.0
227.53227099313688	0.0
227.5422715324738	0.0
227.55227207181068	0.0
227.5622726111476	0.0
227.57227315048448	0.0
227.5822736898214	0.0
227.59227422915828	0.0
227.6022747684952	0.0
227.61227530783208	0.0
227.622275847169	0.0
227.63227638650588	0.0
227.6422769258428	0.0
227.65227746517968	199.0
227.66227800451657	194.0
227.67227854385348	192.0
227.68227908319037	190.0
227.69227962252728	187.0
227.70228016186417	190.0
227.71228070120108	194.0
227.72228124053797	199.0
227.73228177987488	201.0
227.74228231921177	201.0
227.75228285854868	203.0
227.76228339788557	203.0
227.77228393722248	203.0
227.78228447655937	203.0
227.79228501589628	203.0
227.80228555523317	203.0
227.81228609457008	201.0
227.82228663390697	203.0
227.83228717324386	203.0
227.84228771258077	203.0
227.85228825191766	203.0
227.86228879125457	206.0
227.87228933059146	206.0
227.88228986992837	208.0
227.89229040926526	213.0
227.90229094860217	220.0
227.91229148793906	226.0
227.92229202727597	236.0
227.93229256661286	242.0
227.94229310594977	248.0
227.95229364528666	250.0
227.96229418462357	250.0
227.97229472396046	250.0
227.98229526329737	250.0
227.99229580263426	248.0
228.00229634197117	245.0
228.01229688130806	239.0
228.02229742064495	234.0
228.03229795998186	231.0
228.04229849931875	228.0
228.05229903865566	226.0
228.06229957799255	226.0
228.07230011732946	226.0
228.08230065666635	226.0
228.09230119600326	226.0
228.10230173534015	226.0
228.11230227467706	226.0
228.12230281401395	226.0
228.13230335335086	226.0
228.14230389268775	223.0
228.15230443202466	223.0
228.16230497136155	223.0
228.17230551069846	220.0
228.18230605003535	220.0
228.19230658937224	220.0
228.20230712870915	220.0
228.21230766804604	220.0
228.22230820738295	223.0
228.23230874671984	226.0
228.24230928605675	231.0
228.25230982539364	234.0
228.26231036473055	239.0
228.27231090406744	245.0
228.28231144340435	250.0
228.29231198274124	250.0
228.30231252207815	253.0
228.31231306141504	253.0
228.32231360075195	253.0
228.33231414008884	250.0
228.34231467942575	250.0
228.35231521876264	248.0
228.36231575809956	242.0
228.37231629743644	239.0
228.38231683677333	234.0
228.39231737611024	231.0
228.40231791544713	228.0
228.41231845478404	228.0
228.42231899412093	228.0
228.43231953345784	228.0
228.44232007279473	228.0
228.45232061213164	228.0
228.46232115146853	228.0
228.47232169080544	228.0
228.48232223014233	228.0
228.49232276947924	228.0
228.50232330881613	226.0
228.51232384815304	226.0
228.52232438748993	226.0
228.53232492682685	226.0
228.54232546616373	228.0
228.55232600550065	231.0
228.56232654483753	236.0
228.57232708417442	242.0
228.58232762351133	248.0
228.59232816284822	250.0
228.60232870218513	253.0
228.61232924152202	256.0
228.62232978085893	256.0
228.63233032019582	253.0
228.64233085953273	253.0
228.65233139886962	250.0
228.66233193820653	248.0
228.67233247754342	242.0
228.68233301688034	236.0
228.69233355621722	234.0
228.70233409555414	228.0
228.71233463489102	228.0
228.72233517422794	226.0
228.73233571356482	226.0
228.7423362529017	226.0
228.75233679223862	226.0
228.7623373315755	226.0
228.77233787091242	228.0
228.7823384102493	228.0
228.79233894958622	226.0
228.8023394889231	223.0
228.81234002826002	215.0
228.8223405675969	210.0
228.83234110693382	208.0
228.8423416462707	0.0
228.85234218560763	0.0
228.8623427249445	0.0
228.87234326428143	0.0
228.8823438036183	0.0
228.89234434295523	0.0
228.9023448822921	0.0
228.91234542162903	0.0
228.9223459609659	248.0
228.9323465003028	250.0
228.9423470396397	256.0
228.9523475789766	256.0
228.9623481183135	259.0
228.9723486576504	259.0
228.98234919698731	259.0
228.9923497363242	259.0
229.00235027566112	259.0
229.012350814998	256.0
229.02235135433492	256.0
229.0323518936718	256.0
229.04235243300872	253.0
229.0523529723456	253.0
229.06235351168252	253.0
229.0723540510194	253.0
229.08235459035632	253.0
229.0923551296932	253.0
229.1023556690301	253.0
229.112356208367	253.0
229.1223567477039	253.0
229.1323572870408	253.0
229.1423578263777	253.0
229.1523583657146	253.0
229.1623589050515	253.0
229.1723594443884	253.0
229.1823599837253	253.0
229.1923605230622	256.0
229.2023610623991	256.0
229.212361601736	253.0
229.2223621410729	253.0
229.2323626804098	253.0
229.2423632197467	253.0
229.2523637590836	250.0
229.2623642984205	250.0
229.2723648377574	248.0
229.2823653770943	248.0
229.29236591643118	248.0
229.3023664557681	248.0
229.31236699510498	248.0
229.3223675344419	250.0
229.33236807377878	250.0
229.3423686131157	253.0
229.35236915245258	253.0
229.3623696917895	256.0
229.37237023112638	256.0
229.3823707704633	256.0
229.39237130980018	256.0
229.4023718491371	253.0
229.41237238847398	253.0
229.4223729278109	250.0
229.43237346714778	248.0
229.4423740064847	245.0
229.45237454582158	245.0
229.46237508515847	242.0
229.47237562449538	245.0
229.48237616383227	245.0
229.49237670316919	245.0
229.50237724250607	245.0
229.51237778184299	245.0
229.52237832117987	242.0
229.5323788605168	236.0
229.54237939985367	228.0
229.5523799391906	223.0
229.56238047852747	215.0
229.5723810178644	210.0
229.58238155720127	210.0
229.5923820965382	215.0
229.60238263587507	223.0
229.612383175212	234.0
229.62238371454887	245.0
229.6323842538858	250.0
229.64238479322267	259.0
229.65238533255956	265.0
229.66238587189648	272.0
229.67238641123336	272.0
229.68238695057028	272.0
229.69238748990716	272.0
229.70238802924408	268.0
229.71238856858096	265.0
229.72238910791788	262.0
229.73238964725476	256.0
229.74239018659168	253.0
229.75239072592856	250.0
229.76239126526548	248.0
229.77239180460236	245.0
229.78239234393928	242.0
229.79239288327616	239.0
229.80239342261308	236.0
229.81239396194997	234.0
229.82239450128688	231.0
229.83239504062377	231.0
229.84239557996065	228.0
229.85239611929757	228.0
229.86239665863445	228.0
229.87239719797137	228.0
229.88239773730825	226.0
229.89239827664517	226.0
229.90239881598205	226.0
229.91239935531897	226.0
229.92239989465585	226.0
229.93240043399277	228.0
229.94240097332965	231.0
229.95240151266657	234.0
229.96240205200345	239.0
229.97240259134037	242.0
229.98240313067726	248.0
229.99240367001417	250.0
230.00240420935106	250.0
230.01240474868794	250.0
230.02240528802486	248.0
230.03240582736174	245.0
230.04240636669866	239.0
230.05240690603554	236.0
230.06240744537246	231.0
230.07240798470934	228.0
230.08240852404626	226.0
230.09240906338314	226.0
230.10240960272006	223.0
230.11241014205694	223.0
230.12241068139386	223.0
230.13241122073075	223.0
230.14241176006766	220.0
230.15241229940455	0.0
230.16241283874146	0.0
230.17241337807835	0.0
230.18241391741526	0.0
230.19241445675215	0.0
230.20241499608903	0.0
230.21241553542595	0.0
230.22241607476283	0.0
230.23241661409975	0.0
230.24241715343663	0.0
230.25241769277355	0.0
230.26241823211043	0.0
230.27241877144735	0.0
230.28241931078423	0.0
230.29241985012115	256.0
230.30242038945804	253.0
230.31242092879495	253.0
230.32242146813184	250.0
230.33242200746875	250.0
230.34242254680564	250.0
230.35242308614255	250.0
230.36242362547944	250.0
230.37242416481632	250.0
230.38242470415324	253.0
230.39242524349012	253.0
230.40242578282704	253.0
230.41242632216392	250.0
230.42242686150084	250.0
230.43242740083772	250.0
230.44242794017464	253.0
230.45242847951152	253.0
230.46242901884844	253.0
230.47242955818533	253.0
230.48243009752224	253.0
230.49243063685913	250.0
230.50243117619604	250.0
230.51243171553293	250.0
230.52243225486984	248.0
230.53243279420673	245.0
230.54243333354364	239.0
230.55243387288053	234.0
230.5624344122174	231.0
230.57243495155433	234.0
230.5824354908912	239.0
230.59243603022813	248.0
230.60243656956501	253.0
230.61243710890193	256.0
230.62243764823882	259.0
230.63243818757573	259.0
230.64243872691262	259.0
230.65243926624953	256.0
230.66243980558642	253.0
230.67244034492333	253.0
230.68244088426022	250.0
230.69244142359713	250.0
230.70244196293402	250.0
230.71244250227093	250.0
230.72244304160782	250.0
230.7324435809447	253.0
230.74244412028162	250.0
230.7524446596185	250.0
230.76244519895542	248.0
230.7724457382923	242.0
230.78244627762922	236.0
230.7924468169661	231.0
230.80244735630302	0.0
230.8124478956399	0.0
230.82244843497682	0.0
230.8324489743137	0.0
230.84244951365062	0.0
230.8524500529875	0.0
230.86245059232442	0.0
230.8724511316613	0.0
230.88245167099822	0.0
230.8924522103351	0.0
230.90245274967202	0.0
230.9124532890089	0.0
230.9224538283458	281.0
230.9324543676827	275.0
230.9424549070196	268.0
230.9524554463565	259.0
230.9624559856934	256.0
230.9724565250303	250.0
230.9824570643672	248.0
230.9924576037041	245.0
231.002458143041	245.0
231.0124586823779	248.0
231.0224592217148	253.0
231.0324597610517	259.0
231.0424603003886	265.0
231.0524608397255	272.0
231.0624613790624	272.0
231.0724619183993	268.0
231.0824624577362	265.0
231.09246299707308	256.0
231.10246353641	248.0
231.11246407574689	242.0
231.1224646150838	239.0
231.1324651544207	239.0
231.1424656937576	245.0
231.1524662330945	253.0
231.1624667724314	265.0
231.1724673117683	291.0
231.1824678511052	301.0
231.1924683904421	308.0
231.202468929779	319.0
231.2124694691159	323.0
231.2224700084528	323.0
231.2324705477897	312.0
231.2424710871266	301.0
231.2524716264635	278.0
231.2624721658004	259.0
231.2724727051373	250.0
231.28247324447418	248.0
231.2924737838111	245.0
231.30247432314798	248.0
231.3124748624849	250.0
231.32247540182178	259.0
231.3324759411587	265.0
231.34247648049558	275.0
231.3524770198325	278.0
231.36247755916938	278.0
231.3724780985063	272.0
231.38247863784318	265.0
231.3924791771801	256.0
231.40247971651698	248.0
231.4124802558539	236.0
231.42248079519078	226.0
231.4324813345277	220.0
231.44248187386458	215.0
231.4524824132015	215.0
231.46248295253838	218.0
231.47248349187527	220.0
231.48248403121218	226.0
231.49248457054907	228.0
231.50248510988598	234.0
231.51248564922287	234.0
231.52248618855978	234.0
231.53248672789667	234.0
231.54248726723358	228.0
231.55248780657047	223.0
231.56248834590738	215.0
231.57248888524427	206.0
231.58248942458118	203.0
231.59248996391807	203.0
231.60249050325498	203.0
231.61249104259187	203.0
231.62249158192878	208.0
231.63249212126567	213.0
231.64249266060256	220.0
231.65249319993947	228.0
231.66249373927636	234.0
231.67249427861327	239.0
231.68249481795016	242.0
231.69249535728707	236.0
231.70249589662396	236.0
231.71249643596087	236.0
231.72249697529776	226.0
231.73249751463467	218.0
231.74249805397156	213.0
231.75249859330847	210.0
231.76249913264536	210.0
231.77249967198227	215.0
231.78250021131916	226.0
231.79250075065607	236.0
231.80250128999296	245.0
231.81250182932988	253.0
231.82250236866676	262.0
231.83250290800365	265.0
231.84250344734056	265.0
231.85250398667745	262.0
231.86250452601436	259.0
231.87250506535125	253.0
231.88250560468816	250.0
231.89250614402505	250.0
231.90250668336196	259.0
231.91250722269885	278.0
231.92250776203576	288.0
231.93250830137265	294.0
231.94250884070956	298.0
231.95250938004645	305.0
231.96250991938336	305.0
231.97251045872025	298.0
231.98251099805717	284.0
231.99251153739405	262.0
232.00251207673094	242.0
232.01251261606785	234.0
232.02251315540474	228.0
232.03251369474165	226.0
232.04251423407854	228.0
232.05251477341545	234.0
232.06251531275234	242.0
232.07251585208925	248.0
232.08251639142614	256.0
232.09251693076305	262.0
232.10251747009994	262.0
232.11251800943685	262.0
232.12251854877374	262.0
232.13251908811066	256.0
232.14251962744754	250.0
232.15252016678446	242.0
232.16252070612134	236.0
232.17252124545826	0.0
232.18252178479514	0.0
232.19252232413203	0.0
232.20252286346894	0.0
232.21252340280583	0.0
232.22252394214274	0.0
232.23252448147963	0.0
232.24252502081654	0.0
232.25252556015343	0.0
232.26252609949034	0.0
232.27252663882723	0.0
232.28252717816414	0.0
232.29252771750103	301.0
232.30252825683795	305.0
232.31252879617483	305.0
232.32252933551175	305.0
232.33252987484863	301.0
232.34253041418555	301.0
232.35253095352243	298.0
232.36253149285932	298.0
232.37253203219623	298.0
232.38253257153312	298.0
232.39253311087003	298.0
232.40253365020692	298.0
232.41253418954383	298.0
232.42253472888072	298.0
232.43253526821763	298.0
232.44253580755452	298.0
232.45253634689143	298.0
232.46253688622832	298.0
232.47253742556524	298.0
232.48253796490212	298.0
232.49253850423904	301.0
232.50253904357592	301.0
232.51253958291284	305.0
232.52254012224972	305.0
232.53254066158664	305.0
232.54254120092352	301.0
232.5525417402604	294.0
232.56254227959732	284.0
232.5725428189342	294.0
232.58254335827112	298.0
232.592543897608	301.0
232.60254443694492	305.0
232.6125449762818	0.0
232.62254551561873	0.0
232.6325460549556	0.0
232.64254659429253	0.0
232.6525471336294	0.0
232.66254767296633	0.0
232.6725482123032	0.0
232.68254875164013	0.0
232.692549290977	0.0
232.70254983031393	0.0
232.7125503696508	0.0
232.72255090898773	0.0
232.7325514483246	0.0
232.7425519876615	0.0
232.75255252699841	0.0
232.7625530663353	0.0
232.77255360567221	0.0
232.7825541450091	0.0
232.79255468434602	0.0
232.8025552236829	0.0
232.81255576301982	0.0
232.8225563023567	0.0
232.83255684169362	0.0
232.8425573810305	0.0
232.85255792036742	0.0
232.8625584597043	0.0
232.87255899904122	0.0
232.8825595383781	0.0
232.89256007771502	0.0
232.9025606170519	0.0
232.9125611563888	0.0
232.9225616957257	0.0
232.9325622350626	0.0
232.9425627743995	284.0
232.9525633137364	284.0
232.9625638530733	294.0
232.9725643924102	305.0
232.9825649317471	305.0
232.992565471084	305.0
233.0025660104209	305.0
233.0125665497578	305.0
233.0225670890947	305.0
233.0325676284316	305.0
233.0425681677685	305.0
233.0525687071054	305.0
233.0625692464423	301.0
233.0725697857792	301.0
233.0825703251161	301.0
233.092570864453	301.0
233.10257140378988	298.0
233.1125719431268	298.0
233.12257248246368	291.0
233.1325730218006	278.0
233.14257356113748	253.0
233.1525741004744	239.0
233.16257463981128	226.0
233.1725751791482	218.0
233.18257571848508	218.0
233.192576257822	218.0
233.20257679715888	223.0
233.2125773364958	234.0
233.22257787583268	248.0
233.2325784151696	268.0
233.24257895450648	284.0
233.2525794938434	294.0
233.26258003318028	301.0
233.27258057251717	305.0
233.28258111185409	305.0
233.29258165119097	294.0
233.3025821905279	281.0
233.31258272986477	259.0
233.3225832692017	250.0
233.33258380853857	242.0
233.3425843478755	242.0
233.35258488721237	248.0
233.3625854265493	256.0
233.37258596588617	281.0
233.3825865052231	301.0
233.39258704455997	319.0
233.4025875838969	334.0
233.41258812323377	350.0
233.4225886625707	358.0
233.43258920190758	363.0
233.4425897412445	367.0
233.45259028058138	358.0
233.46259081991826	350.0
233.47259135925518	334.0
233.48259189859206	323.0
233.49259243792898	319.0
233.50259297726586	316.0
233.51259351660278	323.0
233.52259405593966	334.0
233.53259459527658	346.0
233.54259513461346	358.0
233.55259567395038	367.0
233.56259621328726	371.0
233.57259675262418	371.0
233.58259729196106	363.0
233.59259783129798	354.0
233.60259837063487	342.0
233.61259890997178	319.0
233.62259944930867	301.0
233.63259998864555	294.0
233.64260052798247	291.0
233.65260106731935	291.0
233.66260160665627	291.0
233.67260214599315	294.0
233.68260268533007	294.0
233.69260322466695	294.0
233.70260376400387	294.0
233.71260430334075	294.0
233.72260484267767	294.0
233.73260538201455	294.0
233.74260592135147	294.0
233.75260646068836	298.0
233.76260700002527	298.0
233.77260753936216	298.0
233.78260807869907	298.0
233.79260861803596	298.0
233.80260915737287	301.0
233.81260969670976	301.0
233.82261023604664	301.0
233.83261077538356	305.0
233.84261131472044	305.0
233.85261185405736	305.0
233.86261239339424	301.0
233.87261293273116	301.0
233.88261347206804	298.0
233.89261401140496	288.0
233.90261455074184	281.0
233.91261509007876	278.0
233.92261562941565	288.0
233.93261616875256	301.0
233.94261670808945	305.0
233.95261724742636	305.0
233.96261778676325	301.0
233.97261832610016	301.0
233.98261886543705	301.0
233.99261940477393	301.0
234.00261994411085	301.0
234.01262048344773	305.0
234.02262102278465	305.0
234.03262156212153	305.0
234.04262210145845	305.0
234.05262264079533	305.0
234.06262318013225	305.0
234.07262371946914	301.0
234.08262425880605	298.0
234.09262479814294	294.0
234.10262533747985	288.0
234.11262587681674	275.0
234.12262641615365	250.0
234.13262695549054	239.0
234.14262749482745	223.0
234.15262803416434	215.0
234.16262857350125	215.0
234.17262911283814	215.0
234.18262965217502	223.0
234.19263019151194	236.0
234.20263073084882	250.0
234.21263127018574	265.0
234.22263180952262	281.0
234.23263234885954	291.0
234.24263288819643	294.0
234.25263342753334	294.0
234.26263396687023	294.0
234.27263450620714	291.0
234.28263504554403	275.0
234.29263558488094	262.0
234.30263612421783	250.0
234.31263666355474	245.0
234.32263720289163	245.0
234.33263774222854	248.0
234.34263828156543	256.0
234.35263882090234	272.0
234.36263936023923	291.0
234.37263989957611	312.0
234.38264043891303	327.0
234.39264097824991	342.0
234.40264151758683	350.0
234.41264205692372	354.0
234.42264259626063	354.0
234.43264313559752	350.0
234.44264367493443	342.0
234.45264421427132	319.0
234.46264475360823	308.0
234.47264529294512	298.0
234.48264583228203	294.0
234.49264637161892	294.0
234.50264691095583	294.0
234.51264745029272	298.0
234.52264798962963	301.0
234.53264852896652	305.0
234.5426490683034	308.0
234.55264960764032	305.0
234.5626501469772	301.0
234.57265068631412	268.0
234.582651225651	268.0
234.59265176498792	272.0
234.6026523043248	284.0
234.61265284366172	278.0
234.6226533829986	268.0
234.63265392233552	259.0
234.6426544616724	245.0
234.65265500100932	234.0
234.6626555403462	228.0
234.67265607968312	228.0
234.68265661902	231.0
234.69265715835692	239.0
234.7026576976938	248.0
234.71265823703072	259.0
234.7226587763676	272.0
234.7326593157045	281.0
234.7426598550414	281.0
234.7526603943783	281.0
234.7626609337152	272.0
234.7726614730521	265.0
234.782662012389	256.0
234.7926625517259	250.0
234.8026630910628	245.0
234.8126636303997	242.0
234.8226641697366	245.0
234.8326647090735	250.0
234.8426652484104	259.0
234.8526657877473	281.0
234.8626663270842	298.0
234.8726668664211	305.0
234.882667405758	308.0
234.8926679450949	312.0
234.90266848443179	312.0
234.9126690237687	305.0
234.9226695631056	294.0
234.9326701024425	272.0
234.9426706417794	259.0
234.9526711811163	250.0
234.9626717204532	248.0
234.9726722597901	245.0
234.982672799127	245.0
234.9926733384639	248.0
235.0026738778008	250.0
235.0126744171377	256.0
235.0226749564746	262.0
235.0326754958115	268.0
235.0426760351484	268.0
235.0526765744853	268.0
235.0626771138222	259.0
235.0726776531591	253.0
235.082678192496	239.0
235.09267873183288	223.0
235.1026792711698	213.0
235.11267981050668	210.0
235.1226803498436	213.0
235.13268088918048	218.0
235.1426814285174	226.0
235.15268196785428	236.0
235.1626825071912	242.0
235.17268304652808	248.0
235.182683585865	250.0
235.19268412520188	250.0
235.2026846645388	245.0
235.21268520387568	239.0
235.2226857432126	231.0
235.23268628254948	220.0
235.2426868218864	210.0
235.25268736122328	203.0
235.26268790056017	199.0
235.27268843989708	199.0
235.28268897923397	199.0
235.29268951857088	201.0
235.30269005790777	203.0
235.31269059724468	206.0
235.32269113658157	206.0
235.33269167591848	206.0
235.34269221525537	203.0
235.35269275459228	201.0
235.36269329392917	199.0
235.37269383326608	199.0
235.38269437260297	196.0
235.39269491193988	196.0
235.40269545127677	194.0
235.41269599061368	194.0
235.42269652995057	196.0
235.43269706928749	196.0
235.44269760862437	201.0
235.45269814796126	208.0
235.46269868729817	215.0
235.47269922663506	226.0
235.48269976597197	236.0
235.49270030530886	245.0
235.50270084464577	253.0
235.51270138398266	253.0
235.52270192331957	253.0
235.53270246265646	248.0
235.54270300199337	248.0
235.55270354133026	250.0
235.56270408066717	259.0
235.57270462000406	265.0
235.58270515934097	265.0
235.59270569867786	262.0
235.60270623801478	259.0
235.61270677735166	253.0
235.62270731668858	250.0
235.63270785602546	245.0
235.64270839536235	239.0
235.65270893469926	234.0
235.66270947403615	228.0
235.67271001337306	223.0
235.68271055270995	220.0
235.69271109204686	218.0
235.70271163138375	218.0
235.71271217072066	218.0
235.72271271005755	218.0
235.73271324939446	218.0
235.74271378873135	223.0
235.75271432806827	228.0
235.76271486740515	239.0
235.77271540674207	245.0
235.78271594607895	250.0
235.79271648541587	253.0
235.80271702475275	253.0
235.81271756408964	253.0
235.82271810342655	253.0
235.83271864276344	253.0
235.84271918210035	250.0
235.85271972143724	248.0
235.86272026077415	245.0
235.87272080011104	245.0
235.88272133944795	245.0
235.89272187878484	245.0
235.90272241812175	248.0
235.91272295745864	248.0
235.92272349679556	248.0
235.93272403613244	248.0
235.94272457546936	242.0
235.95272511480624	236.0
235.96272565414316	0.0
235.97272619348004	0.0
235.98272673281696	0.0
235.99272727215384	0.0
236.00272781149073	0.0
236.01272835082764	0.0
236.02272889016453	0.0
236.03272942950144	0.0
236.04272996883833	0.0
236.05273050817524	0.0
236.06273104751213	0.0
236.07273158684905	0.0
236.08273212618593	0.0
236.09273266552285	0.0
236.10273320485973	0.0
236.11273374419665	0.0
236.12273428353353	0.0
236.13273482287045	0.0
236.14273536220733	0.0
236.15273590154425	0.0
236.16273644088113	0.0
236.17273698021802	0.0
236.18273751955493	0.0
236.19273805889182	0.0
236.20273859822873	0.0
236.21273913756562	0.0
236.22273967690253	0.0
236.23274021623942	0.0
236.24274075557634	0.0
236.25274129491322	0.0
236.26274183425014	0.0
236.27274237358702	256.0
236.28274291292394	253.0
236.29274345226082	250.0
236.30274399159774	253.0
236.31274453093462	259.0
236.32274507027154	265.0
236.33274560960842	268.0
236.34274614894534	268.0
236.35274668828222	265.0
236.3627472276191	259.0
236.37274776695602	253.0
236.3827483062929	248.0
236.39274884562982	242.0
236.4027493849667	234.0
236.41274992430363	228.0
236.4227504636405	223.0
236.43275100297743	220.0
236.4427515423143	220.0
236.45275208165123	220.0
236.4627526209881	220.0
236.47275316032503	223.0
236.4827536996619	226.0
236.49275423899883	231.0
236.5027547783357	239.0
236.51275531767263	245.0
236.5227558570095	253.0
236.5327563963464	262.0
236.54275693568331	268.0
236.5527574750202	268.0
236.56275801435712	265.0
236.572758553694	256.0
236.58275909303092	245.0
236.5927596323678	236.0
236.60276017170472	0.0
236.6127607110416	0.0
236.62276125037852	0.0
236.6327617897154	0.0
236.64276232905232	0.0
236.6527628683892	0.0
236.66276340772612	0.0
236.672763947063	0.0
236.68276448639992	203.0
236.6927650257368	203.0
236.70276556507372	201.0
236.7127661044106	199.0
236.7227666437475	199.0
236.7327671830844	201.0
236.7427677224213	201.0
236.7527682617582	203.0
236.7627688010951	203.0
236.772769340432	203.0
236.7827698797689	203.0
236.7927704191058	203.0
236.8027709584427	203.0
236.8127714977796	203.0
236.8227720371165	203.0
236.8327725764534	203.0
236.8427731157903	203.0
236.8527736551272	201.0
236.8627741944641	201.0
236.872774733801	199.0
236.8827752731379	196.0
236.89277581247478	192.0
236.9027763518117	187.0
236.91277689114858	185.0
236.9227774304855	183.0
236.93277796982238	183.0
236.9427785091593	183.0
236.95277904849618	185.0
236.9627795878331	185.0
236.97278012716998	187.0
236.9827806665069	190.0
236.99278120584378	194.0
237.0027817451807	196.0
237.01278228451758	199.0
237.0227828238545	199.0
237.03278336319138	201.0
237.0427839025283	201.0
237.05278444186519	203.0
237.0627849812021	203.0
237.072785520539	203.0
237.08278605987587	203.0
237.0927865992128	203.0
237.10278713854967	206.0
237.1127876778866	208.0
237.12278821722347	210.0
237.1327887565604	215.0
237.14278929589727	220.0
237.1527898352342	228.0
237.16279037457107	236.0
237.172790913908	245.0
237.18279145324487	253.0
237.1927919925818	259.0
237.20279253191867	262.0
237.2127930712556	262.0
237.22279361059248	259.0
237.2327941499294	256.0
237.24279468926628	250.0
237.2527952286032	242.0
237.26279576794008	234.0
237.27279630727696	228.0
237.28279684661388	226.0
237.29279738595076	226.0
237.30279792528768	223.0
237.31279846462456	223.0
237.32279900396148	223.0
237.33279954329836	223.0
237.34280008263528	223.0
237.35280062197216	223.0
237.36280116130908	220.0
237.37280170064597	220.0
237.38280223998288	220.0
237.39280277931977	223.0
237.40280331865668	228.0
237.41280385799357	236.0
237.42280439733048	245.0
237.43280493666737	253.0
237.44280547600425	256.0
237.45280601534117	262.0
237.46280655467805	262.0
237.47280709401497	262.0
237.48280763335185	259.0
237.49280817268877	256.0
237.50280871202565	253.0
237.51280925136257	248.0
237.52280979069945	242.0
237.53281033003637	234.0
237.54281086937326	226.0
237.55281140871017	220.0
237.56281194804706	220.0
237.57281248738397	220.0
237.58281302672086	220.0
237.59281356605777	220.0
237.60281410539466	218.0
237.61281464473157	218.0
237.62281518406846	218.0
237.63281572340534	218.0
237.64281626274226	220.0
237.65281680207914	231.0
237.66281734141606	248.0
237.67281788075294	262.0
237.68281842008986	272.0
237.69281895942675	275.0
237.70281949876366	275.0
237.71282003810055	272.0
237.72282057743746	268.0
237.73282111677435	262.0
237.74282165611126	256.0
237.75282219544815	250.0
237.76282273478506	245.0
237.77282327412195	236.0
237.78282381345886	231.0
237.79282435279575	228.0
237.80282489213263	226.0
237.81282543146955	223.0
237.82282597080643	220.0
237.83282651014335	220.0
237.84282704948023	218.0
237.85282758881715	220.0
237.86282812815404	220.0
237.87282866749095	226.0
237.88282920682784	228.0
237.89282974616475	234.0
237.90283028550164	236.0
237.91283082483855	239.0
237.92283136417544	242.0
237.93283190351235	245.0
237.94283244284924	248.0
237.95283298218615	248.0
237.96283352152304	248.0
237.97283406085995	248.0
237.98283460019684	242.0
237.99283513953372	239.0
238.00283567887064	234.0
238.01283621820753	228.0
238.02283675754444	223.0
238.03283729688133	220.0
238.04283783621824	215.0
238.05283837555513	210.0
238.06283891489204	206.0
238.07283945422893	203.0
238.08283999356584	201.0
238.09284053290273	196.0
238.10284107223964	192.0
238.11284161157653	187.0
238.12284215091344	183.0
238.13284269025033	179.0
238.14284322958724	177.0
238.15284376892413	173.0
238.16284430826101	171.0
238.17284484759793	169.0
238.18284538693482	169.0
238.19284592627173	167.0
238.20284646560862	167.0
238.21284700494553	167.0
238.22284754428242	167.0
238.23284808361933	167.0
238.24284862295622	167.0
238.25284916229313	165.0
238.26284970163002	163.0
238.27285024096693	161.0
238.28285078030382	159.0
238.29285131964073	0.0
238.30285185897762	0.0
238.31285239831453	0.0
238.32285293765142	0.0
238.33285347698833	0.0
238.34285401632522	0.0
238.3528545556621	0.0
238.36285509499902	0.0
238.3728556343359	239.0
238.38285617367282	248.0
238.3928567130097	256.0
238.40285725234662	265.0
238.4128577916835	272.0
238.42285833102042	272.0
238.4328588703573	268.0
238.44285940969422	265.0
238.4528599490311	259.0
238.46286048836802	256.0
238.4728610277049	250.0
238.48286156704182	245.0
238.4928621063787	242.0
238.50286264571562	239.0
238.5128631850525	236.0
238.52286372438942	234.0
238.5328642637263	234.0
238.5428648030632	231.0
238.5528653424001	231.0
238.562865881737	231.0
238.5728664210739	228.0
238.5828669604108	226.0
238.5928674997477	223.0
238.6028680390846	213.0
238.6128685784215	201.0
238.6228691177584	196.0
238.6328696570953	199.0
238.6428701964322	201.0
238.6528707357691	206.0
238.662871275106	218.0
238.6728718144429	228.0
238.6828723537798	239.0
238.69287289311671	245.0
238.7028734324536	250.0
238.7128739717905	253.0
238.7228745111274	256.0
238.7328750504643	259.0
238.7428755898012	262.0
238.7528761291381	262.0
238.762876668475	259.0
238.7728772078119	259.0
238.7828777471488	253.0
238.7928782864857	248.0
238.8028788258226	245.0
238.8128793651595	239.0
238.8228799044964	231.0
238.8328804438333	226.0
238.8428809831702	215.0
238.8528815225071	196.0
238.862882061844	190.0
238.8728826011809	185.0
238.8828831405178	183.0
238.8928836798547	181.0
238.90288421919158	179.0
238.9128847585285	177.0
238.92288529786538	175.0
238.9328858372023	175.0
238.94288637653918	173.0
238.9528869158761	167.0
238.96288745521298	161.0
238.9728879945499	0.0
238.98288853388678	0.0
238.9928890732237	0.0
239.00288961256058	0.0
239.0128901518975	0.0
239.02289069123438	0.0
239.0328912305713	0.0
239.04289176990818	0.0
239.0528923092451	0.0
239.06289284858198	0.0
239.07289338791887	0.0
239.08289392725578	210.0
239.09289446659267	210.0
239.10289500592958	208.0
239.11289554526647	208.0
239.12289608460338	206.0
239.13289662394027	206.0
239.14289716327718	203.0
239.15289770261407	203.0
239.16289824195098	203.0
239.17289878128787	203.0
239.18289932062478	203.0
239.19289985996167	203.0
239.20290039929858	203.0
239.21290093863547	206.0
239.22290147797239	206.0
239.23290201730927	206.0
239.2429025566462	206.0
239.25290309598307	206.0
239.26290363531996	203.0
239.27290417465687	203.0
239.28290471399376	203.0
239.29290525333067	203.0
239.30290579266756	201.0
239.31290633200447	201.0
239.32290687134136	199.0
239.33290741067827	199.0
239.34290795001516	201.0
239.35290848935207	201.0
239.36290902868896	201.0
239.37290956802588	203.0
239.38291010736276	203.0
239.39291064669968	203.0
239.40291118603656	203.0
239.41291172537348	203.0
239.42291226471036	203.0
239.43291280404725	201.0
239.44291334338416	199.0
239.45291388272105	199.0
239.46291442205796	185.0
239.47291496139485	183.0
239.48291550073176	0.0
239.49291604006865	0.0
239.50291657940556	0.0
239.51291711874245	0.0
239.52291765807936	0.0
239.53291819741625	0.0
239.54291873675317	0.0
239.55291927609005	0.0
239.56291981542697	0.0
239.57292035476385	0.0
239.58292089410077	0.0
239.59292143343765	0.0
239.60292197277457	0.0
239.61292251211145	0.0
239.62292305144834	0.0
239.63292359078525	0.0
239.64292413012214	0.0
239.65292466945905	0.0
239.66292520879594	0.0
239.67292574813285	0.0
239.68292628746974	0.0
239.69292682680666	0.0
239.70292736614354	0.0
239.71292790548046	0.0
239.72292844481734	0.0
239.73292898415426	0.0
239.74292952349114	190.0
239.75293006282806	187.0
239.76293060216494	187.0
239.77293114150186	192.0
239.78293168083874	196.0
239.79293222017563	201.0
239.80293275951254	203.0
239.81293329884943	206.0
239.82293383818634	206.0
239.83293437752323	206.0
239.84293491686014	206.0
239.85293545619703	206.0
239.86293599553395	206.0
239.87293653487083	208.0
239.88293707420775	213.0
239.89293761354463	220.0
239.90293815288155	226.0
239.91293869221843	234.0
239.92293923155535	242.0
239.93293977089223	248.0
239.94294031022915	253.0
239.95294084956603	253.0
239.96294138890295	256.0
239.97294192823983	253.0
239.98294246757672	253.0
239.99294300691363	248.0
240.00294354625052	245.0
240.01294408558743	239.0
240.02294462492432	234.0
240.03294516426124	231.0
240.04294570359812	228.0
240.05294624293504	228.0
240.06294678227192	228.0
240.07294732160884	226.0
240.08294786094572	226.0
240.09294840028264	226.0
240.10294893961952	226.0
240.11294947895644	223.0
240.12295001829332	223.0
240.13295055763024	223.0
240.14295109696712	226.0
240.15295163630404	228.0
240.16295217564092	231.0
240.1729527149778	236.0
240.18295325431473	242.0
240.1929537936516	248.0
240.20295433298853	253.0
240.2129548723254	256.0
240.22295541166233	259.0
240.2329559509992	259.0
240.24295649033613	256.0
240.252957029673	253.0
240.26295756900993	248.0
240.2729581083468	242.0
240.28295864768373	234.0
240.2929591870206	228.0
240.30295972635753	223.0
240.31296026569441	223.0
240.32296080503133	223.0
240.33296134436821	223.0
240.3429618837051	223.0
240.35296242304202	220.0
240.3629629623789	213.0
240.37296350171582	206.0
240.3829640410527	203.0
240.39296458038962	0.0
240.4029651197265	0.0
240.41296565906342	0.0
240.4229661984003	0.0
240.43296673773722	0.0
240.4429672770741	250.0
240.45296781641102	256.0
240.4629683557479	262.0
240.47296889508482	265.0
240.4829694344217	262.0
240.49296997375862	262.0
240.5029705130955	259.0
240.51297105243242	256.0
240.5229715917693	253.0
240.5329721311062	250.0
240.5429726704431	250.0
240.55297320978	248.0
240.5629737491169	248.0
240.5729742884538	248.0
240.5829748277907	248.0
240.5929753671276	248.0
240.6029759064645	248.0
240.6129764458014	250.0
240.6229769851383	250.0
240.6329775244752	250.0
240.6429780638121	250.0
240.652978603149	250.0
240.6629791424859	250.0
240.6729796818228	250.0
240.6829802211597	250.0
240.6929807604966	248.0
240.70298129983348	242.0
240.7129818391704	239.0
240.72298237850728	234.0
240.7329829178442	228.0
240.74298345718108	226.0
240.752983996518	220.0
240.76298453585488	220.0
240.7729850751918	223.0
240.78298561452868	228.0
240.7929861538656	236.0
240.80298669320248	250.0
240.8129872325394	259.0
240.82298777187629	262.0
240.8329883112132	268.0
240.84298885055009	268.0
240.852989389887	268.0
240.8629899292239	272.0
240.8729904685608	268.0
240.8829910078977	268.0
240.89299154723457	268.0
240.9029920865715	265.0
240.91299262590837	262.0
240.9229931652453	259.0
240.93299370458217	256.0
240.9429942439191	253.0
240.95299478325597	248.0
240.9629953225929	245.0
240.97299586192977	242.0
240.9829964012667	236.0
240.99299694060358	234.0
241.0029974799405	231.0
241.01299801927738	228.0
241.0229985586143	228.0
241.03299909795118	226.0
241.0429996372881	223.0
241.05300017662498	220.0
241.06300071596186	0.0
241.07300125529878	0.0
241.08300179463566	0.0
241.09300233397258	0.0
241.10300287330946	0.0
241.11300341264638	0.0
241.12300395198326	0.0
241.13300449132018	0.0
241.14300503065706	0.0
241.15300556999398	0.0
241.16300610933087	0.0
241.17300664866778	0.0
241.18300718800467	259.0
241.19300772734158	256.0
241.20300826667847	253.0
241.21300880601538	253.0
241.22300934535227	253.0
241.23300988468918	253.0
241.24301042402607	253.0
241.25301096336295	253.0
241.26301150269987	253.0
241.27301204203675	253.0
241.28301258137367	253.0
241.29301312071055	253.0
241.30301366004747	253.0
241.31301419938436	253.0
241.32301473872127	253.0
241.33301527805816	253.0
241.34301581739507	253.0
241.35301635673196	256.0
241.36301689606887	256.0
241.37301743540576	256.0
241.38301797474267	256.0
241.39301851407956	253.0
241.40301905341647	253.0
241.41301959275336	253.0
241.42302013209027	253.0
241.43302067142716	253.0
241.44302121076404	253.0
241.45302175010096	250.0
241.46302228943784	250.0
241.47302282877476	250.0
241.48302336811165	250.0
241.49302390744856	253.0
241.50302444678545	253.0
241.51302498612236	253.0
241.52302552545925	253.0
241.53302606479616	253.0
241.54302660413305	256.0
241.55302714346996	256.0
241.56302768280685	256.0
241.57302822214376	253.0
241.58302876148065	253.0
241.59302930081756	253.0
241.60302984015445	253.0
241.61303037949133	253.0
241.62303091882825	253.0
241.63303145816514	250.0
241.64303199750205	250.0
241.65303253683894	250.0
241.66303307617585	250.0
241.67303361551274	253.0
241.68303415484965	253.0
241.69303469418654	253.0
241.70303523352345	253.0
241.71303577286034	253.0
241.72303631219725	250.0
241.73303685153414	250.0
241.74303739087105	248.0
241.75303793020794	245.0
241.76303846954485	239.0
241.77303900888174	236.0
241.78303954821865	234.0
241.79304008755554	231.0
241.80304062689243	231.0
241.81304116622934	231.0
241.82304170556623	236.0
241.83304224490314	239.0
241.84304278424003	245.0
241.85304332357694	248.0
241.86304386291383	248.0
241.87304440225074	250.0
241.88304494158763	253.0
241.89304548092454	253.0
241.90304602026143	253.0
241.91304655959834	253.0
241.92304709893523	253.0
241.93304763827214	253.0
241.94304817760903	253.0
241.95304871694594	253.0
241.96304925628283	253.0
241.97304979561972	253.0
241.98305033495663	253.0
241.99305087429352	253.0
242.00305141363043	253.0
242.01305195296732	253.0
242.02305249230423	256.0
242.03305303164112	256.0
242.04305357097803	256.0
242.05305411031492	253.0
242.06305464965183	253.0
242.07305518898872	253.0
242.08305572832563	253.0
242.09305626766252	253.0
242.10305680699943	253.0
242.11305734633632	250.0
242.12305788567323	250.0
242.13305842501012	250.0
242.14305896434703	250.0
242.15305950368392	250.0
242.1630600430208	253.0
242.17306058235772	253.0
242.1830611216946	256.0
242.19306166103152	259.0
242.2030622003684	259.0
242.21306273970532	259.0
242.2230632790422	259.0
242.23306381837912	259.0
242.243064357716	256.0
242.25306489705292	256.0
242.2630654363898	253.0
242.27306597572672	253.0
242.2830665150636	253.0
242.29306705440052	250.0
242.3030675937374	250.0
242.31306813307432	250.0
242.3230686724112	253.0
242.3330692117481	253.0
242.343069751085	253.0
242.3530702904219	253.0
242.3630708297588	253.0
242.3730713690957	253.0
242.3830719084326	253.0
242.3930724477695	253.0
242.4030729871064	250.0
242.4130735264433	245.0
242.4230740657802	236.0
242.4330746051171	228.0
242.443075144454	231.0
242.4530756837909	0.0
242.4630762231278	0.0
242.4730767624647	0.0
242.48307730180161	0.0
242.4930778411385	0.0
242.50307838047542	0.0
242.5130789198123	0.0
242.5230794591492	0.0
242.5330799984861	0.0
242.543080537823	0.0
242.5530810771599	278.0
242.5630816164968	275.0
242.5730821558337	272.0
242.5830826951706	272.0
242.5930832345075	272.0
242.6030837738444	272.0
242.6130843131813	268.0
242.6230848525182	268.0
242.6330853918551	265.0
242.643085931192	262.0
242.6530864705289	262.0
242.6630870098658	259.0
242.6730875492027	256.0
242.6830880885396	256.0
242.69308862787648	256.0
242.7030891672134	256.0
242.71308970655028	256.0
242.7230902458872	256.0
242.73309078522408	256.0
242.743091324561	256.0
242.75309186389788	256.0
242.7630924032348	256.0
242.77309294257168	253.0
242.7830934819086	253.0
242.79309402124548	253.0
242.8030945605824	253.0
242.81309509991928	253.0
242.8230956392562	253.0
242.83309617859308	253.0
242.84309671793	253.0
242.85309725726688	253.0
242.8630977966038	253.0
242.87309833594068	256.0
242.88309887527757	259.0
242.89309941461448	265.0
242.90309995395137	268.0
242.91310049328828	272.0
242.92310103262517	275.0
242.93310157196208	275.0
242.94310211129897	275.0
242.95310265063588	272.0
242.96310318997277	272.0
242.97310372930968	268.0
242.98310426864657	265.0
242.99310480798349	262.0
243.00310534732037	259.0
243.01310588665729	256.0
243.02310642599417	253.0
243.0331069653311	253.0
243.04310750466797	253.0
243.0531080440049	253.0
243.06310858334177	253.0
243.07310912267866	253.0
243.08310966201557	253.0
243.09311020135246	253.0
243.10311074068937	253.0
243.11311128002626	253.0
243.12311181936317	253.0
243.13311235870006	250.0
243.14311289803697	250.0
243.15311343737386	250.0
243.16311397671078	250.0
243.17311451604766	250.0
243.18311505538458	250.0
243.19311559472146	256.0
243.20311613405838	259.0
243.21311667339526	268.0
243.22311721273218	275.0
243.23311775206906	284.0
243.24311829140595	291.0
243.25311883074286	294.0
243.26311937007975	301.0
243.27311990941666	305.0
243.28312044875355	308.0
243.29312098809046	308.0
243.30312152742735	308.0
243.31312206676427	305.0
243.32312260610115	298.0
243.33312314543807	291.0
243.34312368477495	288.0
243.35312422411187	284.0
243.36312476344875	278.0
243.37312530278567	272.0
243.38312584212255	265.0
243.39312638145947	262.0
243.40312692079635	259.0
243.41312746013327	259.0
243.42312799947015	256.0
243.43312853880704	256.0
243.44312907814395	253.0
243.45312961748084	250.0
243.46313015681775	250.0
243.47313069615464	248.0
243.48313123549156	248.0
243.49313177482844	248.0
243.50313231416536	248.0
243.51313285350224	248.0
243.52313339283916	250.0
243.53313393217604	250.0
243.54313447151296	250.0
243.55313501084984	253.0
243.56313555018676	253.0
243.57313608952364	256.0
243.58313662886056	259.0
243.59313716819744	262.0
243.60313770753433	265.0
243.61313824687124	268.0
243.62313878620813	272.0
243.63313932554505	275.0
243.64313986488193	275.0
243.65314040421885	275.0
243.66314094355573	272.0
243.67314148289265	268.0
243.68314202222953	265.0
243.69314256156645	262.0
243.70314310090333	259.0
243.71314364024025	256.0
243.72314417957713	253.0
243.73314471891405	250.0
243.74314525825093	245.0
243.75314579758785	242.0
243.76314633692473	239.0
243.77314687626165	236.0
243.78314741559853	234.0
243.79314795493542	231.0
243.80314849427234	231.0
243.81314903360922	228.0
243.82314957294614	228.0
243.83315011228302	228.0
243.84315065161994	228.0
243.85315119095682	228.0
243.86315173029374	226.0
243.87315226963062	226.0
243.88315280896754	223.0
243.89315334830442	223.0
243.90315388764134	223.0
243.91315442697822	223.0
243.92315496631514	223.0
243.93315550565202	223.0
243.94315604498894	223.0
243.95315658432582	226.0
243.9631571236627	231.0
243.97315766299963	242.0
243.9831582023365	250.0
243.99315874167343	253.0
244.0031592810103	253.0
244.01315982034723	250.0
244.0231603596841	248.0
244.03316089902103	245.0
244.0431614383579	242.0
244.05316197769483	239.0
244.0631625170317	234.0
244.07316305636863	231.0
244.0831635957055	228.0
244.09316413504243	226.0
244.10316467437931	223.0
244.11316521371623	220.0
244.12316575305312	220.0
244.13316629239003	220.0
244.14316683172692	220.0
244.1531673710638	220.0
244.16316791040072	223.0
244.1731684497376	226.0
244.18316898907452	228.0
244.1931695284114	231.0
244.20317006774832	236.0
244.2131706070852	239.0
244.22317114642212	245.0
244.233171685759	248.0
244.24317222509592	250.0
244.2531727644328	253.0
244.26317330376972	253.0
244.2731738431066	253.0
244.28317438244352	250.0
244.2931749217804	248.0
244.30317546111732	245.0
244.3131760004542	239.0
244.32317653979112	234.0
244.333177079128	231.0
244.3431776184649	228.0
244.3531781578018	226.0
244.3631786971387	223.0
244.3731792364756	220.0
244.3831797758125	223.0
244.3931803151494	223.0
244.4031808544863	228.0
244.4131813938232	231.0
244.4231819331601	236.0
244.433182472497	242.0
244.4431830118339	248.0
244.4531835511708	250.0
244.4631840905077	256.0
244.4731846298446	259.0
244.4831851691815	262.0
244.4931857085184	259.0
244.5031862478553	259.0
244.51318678719218	259.0
244.5231873265291	256.0
244.53318786586598	253.0
244.5431884052029	250.0
244.55318894453978	248.0
244.5631894838767	245.0
244.57319002321358	242.0
244.5831905625505	239.0
244.59319110188738	239.0
244.6031916412243	236.0
244.61319218056119	236.0
244.6231927198981	239.0
244.633193259235	245.0
244.6431937985719	253.0
244.6531943379088	262.0
244.6631948772457	272.0
244.6731954165826	281.0
244.6831959559195	288.0
244.6931964952564	291.0
244.70319703459327	294.0
244.7131975739302	298.0
244.72319811326707	301.0
244.733198652604	301.0
244.74319919194087	301.0
244.7531997312778	301.0
244.76320027061467	301.0
244.7732008099516	301.0
244.78320134928848	298.0
244.7932018886254	298.0
244.80320242796228	298.0
244.8132029672992	301.0
244.82320350663608	301.0
244.833204045973	301.0
244.84320458530988	301.0
244.8532051246468	301.0
244.86320566398368	301.0
244.87320620332056	301.0
244.88320674265748	301.0
244.89320728199436	301.0
244.90320782133128	301.0
244.91320836066816	305.0
244.92320890000508	305.0
244.93320943934197	305.0
244.94320997867888	305.0
244.95321051801577	305.0
244.96321105735268	305.0
244.97321159668957	305.0
244.98321213602648	305.0
244.99321267536337	305.0
245.00321321470028	305.0
245.01321375403717	305.0
245.02321429337408	305.0
245.03321483271097	305.0
245.04321537204788	305.0
245.05321591138477	305.0
245.06321645072165	305.0
245.07321699005857	305.0
245.08321752939545	305.0
245.09321806873237	305.0
245.10321860806926	305.0
245.11321914740617	301.0
245.12321968674306	301.0
245.13322022607997	298.0
245.14322076541686	294.0
245.15322130475377	288.0
245.16322184409066	281.0
245.17322238342757	268.0
245.18322292276446	250.0
245.19322346210137	245.0
245.20322400143826	234.0
245.21322454077517	228.0
245.22322508011206	0.0
245.23322561944894	0.0
245.24322615878586	0.0
245.25322669812275	0.0
245.26322723745966	0.0
245.27322777679655	0.0
245.28322831613346	0.0
245.29322885547035	0.0
245.30322939480726	0.0
245.31322993414415	0.0
245.32323047348106	0.0
245.33323101281795	0.0
245.34323155215486	291.0
245.35323209149175	291.0
245.36323263082866	291.0
245.37323317016555	291.0
245.38323370950246	288.0
245.39323424883935	291.0
245.40323478817626	294.0
245.41323532751315	298.0
245.42323586685004	298.0
245.43323640618695	298.0
245.44323694552384	301.0
245.45323748486075	301.0
245.46323802419764	301.0
245.47323856353455	301.0
245.48323910287144	301.0
245.49323964220835	301.0
245.50324018154524	301.0
245.51324072088215	305.0
245.52324126021904	305.0
245.53324179955595	301.0
245.54324233889284	301.0
245.55324287822975	301.0
245.56324341756664	301.0
245.57324395690355	301.0
245.58324449624044	301.0
245.59324503557733	301.0
245.60324557491424	301.0
245.61324611425113	301.0
245.62324665358804	301.0
245.63324719292493	298.0
245.64324773226184	294.0
245.65324827159873	291.0
245.66324881093564	284.0
245.67324935027253	275.0
245.68324988960944	265.0
245.69325042894633	259.0
245.70325096828324	253.0
245.71325150762013	248.0
245.72325204695704	245.0
245.73325258629393	242.0
245.74325312563084	239.0
245.75325366496773	242.0
245.76325420430464	242.0
245.77325474364153	242.0
245.78325528297842	248.0
245.79325582231533	256.0
245.80325636165222	262.0
245.81325690098913	278.0
245.82325744032602	288.0
245.83325797966293	291.0
245.84325851899982	294.0
245.85325905833673	298.0
245.86325959767362	298.0
245.87326013701053	298.0
245.88326067634742	298.0
245.89326121568433	298.0
245.90326175502122	298.0
245.91326229435813	298.0
245.92326283369502	298.0
245.93326337303193	298.0
245.94326391236882	298.0
245.95326445170573	298.0
245.96326499104262	301.0
245.9732655303795	301.0
245.98326606971642	301.0
245.9932666090533	301.0
246.00326714839022	301.0
246.0132676877271	301.0
246.02326822706402	301.0
246.0332687664009	301.0
246.04326930573782	301.0
246.0532698450747	301.0
246.06327038441162	301.0
246.0732709237485	301.0
246.08327146308542	301.0
246.0932720024223	301.0
246.10327254175922	301.0
246.1132730810961	301.0
246.12327362043303	301.0
246.1332741597699	301.0
246.1432746991068	301.0
246.1532752384437	305.0
246.1632757777806	305.0
246.1732763171175	305.0
246.1832768564544	305.0
246.1932773957913	308.0
246.2032779351282	308.0
246.2132784744651	308.0
246.223279013802	308.0
246.2332795531389	308.0
246.2432800924758	308.0
246.25328063181271	308.0
246.2632811711496	308.0
246.27328171048651	308.0
246.2832822498234	308.0
246.29328278916032	305.0
246.3032833284972	305.0
246.31328386783412	305.0
246.323284407171	305.0
246.3332849465079	305.0
246.3432854858448	305.0
246.3532860251817	305.0
246.3632865645186	305.0
246.3732871038555	305.0
246.3832876431924	305.0
246.3932881825293	305.0
246.4032887218662	308.0
246.4132892612031	308.0
246.42328980054	308.0
246.4332903398769	305.0
246.4432908792138	301.0
246.4532914185507	294.0
246.4632919578876	291.0
246.4732924972245	250.0
246.4832930365614	0.0
246.4932935758983	0.0
246.50329411523518	0.0
246.5132946545721	0.0
246.52329519390898	0.0
246.5332957332459	0.0
246.54329627258278	0.0
246.5532968119197	0.0
246.56329735125658	0.0
246.5732978905935	0.0
246.58329842993038	0.0
246.5932989692673	0.0
246.60329950860418	0.0
246.6133000479411	0.0
246.62330058727798	0.0
246.6333011266149	0.0
246.64330166595178	0.0
246.6533022052887	0.0
246.66330274462558	0.0
246.6733032839625	0.0
246.68330382329938	0.0
246.69330436263627	0.0
246.70330490197318	0.0
246.71330544131007	0.0
246.72330598064698	0.0
246.73330651998387	0.0
246.74330705932078	0.0
246.75330759865767	0.0
246.76330813799458	0.0
246.77330867733147	0.0
246.78330921666839	0.0
246.79330975600527	0.0
246.8033102953422	281.0
246.81331083467907	281.0
246.823311374016	284.0
246.83331191335287	294.0
246.8433124526898	301.0
246.85331299202667	305.0
246.86331353136356	308.0
246.87331407070047	308.0
246.88331461003736	308.0
246.89331514937427	308.0
246.90331568871116	308.0
246.91331622804807	308.0
246.92331676738496	305.0
246.93331730672188	305.0
246.94331784605876	305.0
246.95331838539568	305.0
246.96331892473256	305.0
246.97331946406948	305.0
246.98332000340636	305.0
246.99332054274328	305.0
247.00332108208016	305.0
247.01332162141708	305.0
247.02332216075396	305.0
247.03332270009088	305.0
247.04332323942776	305.0
247.05332377876465	301.0
247.06332431810156	298.0
247.07332485743845	294.0
247.08332539677536	291.0
247.09332593611225	284.0
247.10332647544917	272.0
247.11332701478605	262.0
247.12332755412297	253.0
247.13332809345985	248.0
247.14332863279677	245.0
247.15332917213365	242.0
247.16332971147057	239.0
247.17333025080745	239.0
247.18333079014437	242.0
247.19333132948125	245.0
247.20333186881817	248.0
247.21333240815505	253.0
247.22333294749194	259.0
247.23333348682885	268.0
247.24333402616574	278.0
247.25333456550266	288.0
247.26333510483954	291.0
247.27333564417646	291.0
247.28333618351334	291.0
247.29333672285026	291.0
247.30333726218714	288.0
247.31333780152406	284.0
247.32333834086094	281.0
247.33333888019786	275.0
247.34333941953474	265.0
247.35333995887166	262.0
247.36334049820854	256.0
247.37334103754546	253.0
247.38334157688234	250.0
247.39334211621926	248.0
247.40334265555614	245.0
247.41334319489303	245.0
247.42334373422995	245.0
247.43334427356683	245.0
247.44334481290375	248.0
247.45334535224063	250.0
247.46334589157755	256.0
247.47334643091443	262.0
247.48334697025135	275.0
247.49334750958823	284.0
247.50334804892515	291.0
247.51334858826203	294.0
247.52334912759895	298.0
247.53334966693583	305.0
247.54335020627275	305.0
247.55335074560963	305.0
247.56335128494655	305.0
247.57335182428344	301.0
247.58335236362035	294.0
247.59335290295724	291.0
247.60335344229412	284.0
247.61335398163104	278.0
247.62335452096792	268.0
247.63335506030484	262.0
247.64335559964172	259.0
247.65335613897864	256.0
247.66335667831552	256.0
247.67335721765244	253.0
247.68335775698932	253.0
247.69335829632624	250.0
247.70335883566312	250.0
247.71335937500004	250.0
247.72335991433692	253.0
247.73336045367384	256.0
247.74336099301073	262.0
247.75336153234764	272.0
247.76336207168453	284.0
247.7733626110214	294.0
247.78336315035833	301.0
247.7933636896952	308.0
247.80336422903213	319.0
247.813364768369	334.0
247.82336530770593	342.0
247.8333658470428	350.0
247.84336638637973	354.0
247.8533669257166	354.0
247.86336746505353	350.0
247.87336800439041	346.0
247.88336854372733	342.0
247.89336908306421	334.0
247.90336962240113	331.0
247.91337016173802	331.0
247.92337070107493	327.0
247.93337124041182	327.0
247.94337177974873	327.0
247.95337231908562	327.0
247.9633728584225	327.0
247.97337339775942	327.0
247.9833739370963	327.0
247.99337447643322	327.0
248.0033750157701	331.0
248.01337555510702	331.0
248.0233760944439	334.0
248.03337663378082	334.0
248.0433771731177	342.0
248.05337771245462	346.0
248.0633782517915	358.0
248.07337879112842	371.0
248.0833793304653	380.0
248.09337986980222	384.0
248.1033804091391	389.0
248.11338094847602	380.0
248.1233814878129	371.0
248.1333820271498	354.0
248.1433825664867	334.0
248.1533831058236	319.0
248.1633836451605	305.0
248.1733841844974	298.0
248.1833847238343	294.0
248.1933852631712	294.0
248.2033858025081	298.0
248.213386341845	298.0
248.2233868811819	301.0
248.2333874205188	301.0
248.2433879598557	301.0
248.2533884991926	305.0
248.2633890385295	305.0
248.2733895778664	305.0
248.2833901172033	305.0
248.2933906565402	305.0
248.3033911958771	308.0
248.313391735214	305.0
248.32339227455088	305.0
248.3333928138878	305.0
248.34339335322468	305.0
248.3533938925616	305.0
248.36339443189848	305.0
248.3733949712354	305.0
248.38339551057229	305.0
248.3933960499092	305.0
248.40339658924609	305.0
248.413397128583	305.0
248.4233976679199	308.0
248.4333982072568	308.0
248.4433987465937	308.0
248.4533992859306	305.0
248.4633998252675	305.0
248.4734003646044	305.0
248.4834009039413	305.0
248.49340144327817	305.0
248.5034019826151	305.0
248.51340252195197	305.0
248.5234030612889	305.0
248.53340360062577	301.0
248.5434041399627	301.0
248.55340467929958	301.0
248.5634052186365	301.0
248.57340575797338	301.0
248.5834062973103	301.0
248.59340683664718	301.0
248.6034073759841	301.0
248.61340791532098	301.0
248.6234084546579	301.0
248.63340899399478	301.0
248.6434095333317	301.0
248.65341007266858	301.0
248.6634106120055	301.0
248.67341115134238	301.0
248.68341169067926	305.0
248.69341223001618	305.0
248.70341276935306	301.0
248.71341330868998	298.0
248.72341384802687	294.0
248.73341438736378	288.0
248.74341492670067	281.0
248.75341546603758	272.0
248.76341600537447	265.0
248.77341654471138	265.0
248.78341708404827	275.0
248.79341762338518	291.0
248.80341816272207	298.0
248.81341870205898	305.0
248.82341924139587	305.0
248.83341978073278	305.0
248.84342032006967	305.0
248.85342085940658	305.0
248.86342139874347	305.0
248.87342193808036	305.0
248.88342247741727	305.0
248.89342301675416	305.0
248.90342355609107	305.0
248.91342409542796	301.0
248.92342463476487	301.0
248.93342517410176	301.0
248.94342571343867	301.0
248.95342625277556	301.0
248.96342679211247	301.0
248.97342733144936	301.0
248.98342787078627	298.0
248.99342841012316	298.0
249.00342894946007	298.0
249.01342948879696	294.0
249.02343002813387	294.0
249.03343056747076	288.0
249.04343110680765	284.0
249.05343164614456	275.0
249.06343218548145	262.0
249.07343272481836	256.0
249.08343326415525	248.0
249.09343380349216	245.0
249.10343434282905	242.0
249.11343488216596	242.0
249.12343542150285	245.0
249.13343596083976	250.0
249.14343650017665	256.0
249.15343703951356	262.0
249.16343757885045	278.0
249.17343811818736	291.0
249.18343865752425	298.0
249.19343919686116	305.0
249.20343973619805	308.0
249.21344027553496	312.0
249.22344081487185	312.0
249.23344135420874	312.0
249.24344189354565	308.0
249.25344243288254	305.0
249.26344297221945	298.0
249.27344351155634	291.0
249.28344405089325	281.0
249.29344459023014	272.0
249.30344512956705	259.0
249.31344566890394	253.0
249.32344620824085	248.0
249.33344674757774	245.0
249.34344728691465	239.0
249.35344782625154	236.0
249.36344836558845	236.0
249.37344890492534	236.0
249.38344944426225	239.0
249.39344998359914	242.0
249.40345052293603	248.0
249.41345106227294	253.0
249.42345160160983	259.0
249.43345214094674	268.0
249.44345268028363	284.0
249.45345321962054	294.0
249.46345375895743	301.0
249.47345429829434	305.0
249.48345483763123	312.0
249.49345537696814	312.0
249.50345591630503	312.0
249.51345645564194	308.0
249.52345699497883	305.0
249.53345753431574	298.0
249.54345807365263	288.0
249.55345861298954	281.0
249.56345915232643	272.0
249.57345969166334	262.0
249.58346023100023	259.0
249.59346077033712	256.0
249.60346130967403	256.0
249.61346184901092	253.0
249.62346238834783	253.0
249.63346292768472	253.0
249.64346346702163	253.0
249.65346400635852	253.0
249.66346454569543	256.0
249.67346508503232	265.0
249.68346562436923	275.0
249.69346616370612	291.0
249.70346670304303	305.0
249.71346724237992	327.0
249.72346778171683	350.0
249.73346832105372	363.0
249.74346886039064	371.0
249.75346939972752	375.0
249.7634699390644	367.0
249.77347047840132	354.0
249.7834710177382	338.0
249.79347155707512	316.0
249.803472096412	305.0
249.81347263574892	294.0
249.8234731750858	291.0
249.83347371442272	291.0
249.8434742537596	291.0
249.85347479309652	294.0
249.8634753324334	294.0
249.87347587177032	294.0
249.8834764111072	298.0
249.89347695044412	298.0
249.903477489781	298.0
249.91347802911793	301.0
249.9234785684548	301.0
249.93347910779173	301.0
249.9434796471286	301.0
249.9534801864655	301.0
249.9634807258024	305.0
249.9734812651393	305.0
249.9834818044762	305.0
249.9934823438131	305.0
250.00348288315	305.0
250.0134834224869	301.0
250.0234839618238	301.0
250.0334845011607	298.0
250.04348504049761	294.0
250.0534855798345	291.0
250.06348611917142	253.0
250.0734866585083	248.0
250.08348719784522	0.0
250.0934877371821	0.0
250.10348827651902	0.0
250.1134888158559	0.0
250.1234893551928	0.0
250.1334898945297	0.0
250.1434904338666	0.0
250.1534909732035	312.0
250.1634915125404	312.0
250.1734920518773	312.0
250.1834925912142	308.0
250.1934931305511	308.0
250.203493669888	308.0
250.2134942092249	308.0
250.2234947485618	308.0
250.2334952878987	308.0
250.2434958272356	308.0
250.2534963665725	308.0
250.2634969059094	308.0
250.2734974452463	305.0
250.2834979845832	305.0
250.2934985239201	305.0
250.303499063257	305.0
250.31349960259388	305.0
250.3235001419308	305.0
250.33350068126768	301.0
250.3435012206046	301.0
250.35350175994148	298.0
250.3635022992784	294.0
250.37350283861528	291.0
250.3835033779522	288.0
250.39350391728908	278.0
250.403504456626	265.0
250.41350499596288	253.0
250.4235055352998	248.0
250.43350607463668	242.0
250.4435066139736	239.0
250.45350715331048	239.0
250.4635076926474	242.0
250.47350823198428	248.0
250.4835087713212	253.0
250.49350931065808	262.0
250.50350984999497	272.0
250.51351038933188	284.0
250.52351092866877	294.0
250.53351146800568	301.0
250.54351200734257	308.0
250.55351254667949	312.0
250.56351308601637	316.0
250.57351362535329	316.0
250.58351416469017	312.0
250.5935147040271	308.0
250.60351524336397	298.0
250.6135157827009	288.0
250.62351632203777	278.0
250.6335168613747	272.0
250.64351740071157	262.0
250.6535179400485	259.0
250.66351847938537	256.0
250.67351901872226	253.0
250.68351955805917	250.0
250.69352009739606	248.0
250.70352063673297	245.0
250.71352117606986	245.0
250.72352171540678	245.0
250.73352225474366	245.0
250.74352279408058	245.0
250.75352333341746	250.0
250.76352387275438	256.0
250.77352441209126	265.0
250.78352495142818	278.0
250.79352549076506	291.0
250.80352603010198	298.0
250.81352656943886	305.0
250.82352710877578	308.0
250.83352764811266	312.0
250.84352818744958	312.0
250.85352872678646	308.0
250.86352926612335	301.0
250.87352980546027	294.0
250.88353034479715	291.0
250.89353088413407	291.0
250.90353142347095	281.0
250.91353196280787	272.0
250.92353250214475	262.0
250.93353304148167	259.0
250.94353358081855	256.0
250.95353412015547	253.0
250.96353465949235	253.0
250.97353519882927	250.0
250.98353573816615	250.0
250.99353627750307	250.0
251.00353681683995	250.0
251.01353735617687	250.0
251.02353789551375	250.0
251.03353843485064	250.0
251.04353897418756	250.0
251.05353951352444	253.0
251.06354005286136	253.0
251.07354059219824	253.0
251.08354113153516	250.0
251.09354167087204	253.0
251.10354221020896	253.0
251.11354274954584	256.0
251.12354328888276	259.0
251.13354382821964	265.0
251.14354436755656	272.0
251.15354490689344	278.0
251.16354544623036	284.0
251.17354598556724	288.0
251.18354652490416	288.0
251.19354706424105	284.0
251.20354760357796	278.0
251.21354814291485	268.0
251.22354868225173	262.0
251.23354922158865	256.0
251.24354976092553	250.0
251.25355030026245	245.0
251.26355083959933	242.0
251.27355137893625	239.0
251.28355191827313	236.0
251.29355245761005	234.0
251.30355299694693	231.0
251.31355353628385	231.0
251.32355407562073	228.0
251.33355461495765	226.0
251.34355515429453	226.0
251.35355569363145	223.0
251.36355623296834	223.0
251.37355677230525	223.0
251.38355731164214	223.0
251.39355785097902	223.0
251.40355839031594	223.0
251.41355892965282	223.0
251.42355946898974	226.0
251.43356000832662	228.0
251.44356054766354	231.0
251.45356108700042	236.0
251.46356162633734	242.0
251.47356216567422	248.0
251.48356270501114	250.0
251.49356324434802	250.0
251.50356378368494	248.0
251.51356432302182	242.0
251.52356486235874	234.0
251.53356540169563	226.0
251.54356594103254	213.0
251.55356648036943	201.0
251.56356701970634	199.0
251.57356755904323	196.0
251.5835680983801	199.0
251.59356863771703	201.0
251.6035691770539	201.0
251.61356971639083	203.0
251.6235702557277	203.0
251.63357079506463	203.0
251.6435713344015	203.0
251.65357187373843	203.0
251.66357241307531	203.0
251.67357295241223	203.0
251.68357349174912	203.0
251.69357403108603	203.0
251.70357457042292	203.0
251.71357510975983	203.0
251.72357564909672	203.0
251.73357618843363	203.0
251.74357672777052	203.0
251.75357726710743	203.0
251.76357780644432	201.0
251.7735783457812	201.0
251.78357888511812	199.0
251.793579424455	199.0
251.80357996379192	199.0
251.8135805031288	199.0
251.82358104246572	201.0
251.8335815818026	203.0
251.84358212113952	208.0
251.8535826604764	215.0
251.86358319981332	223.0
251.8735837391502	231.0
251.88358427848712	236.0
251.893584817824	242.0
251.90358535716092	248.0
251.9135858964978	250.0
251.92358643583472	253.0
251.9335869751716	253.0
251.9435875145085	253.0
251.9535880538454	250.0
251.9635885931823	245.0
251.9735891325192	239.0
251.9835896718561	234.0
251.993590211193	231.0
252.0035907505299	228.0
252.0135912898668	226.0
252.0235918292037	223.0
252.0335923685406	223.0
252.0435929078775	220.0
252.0535934472144	220.0
252.0635939865513	223.0
252.0735945258882	223.0
252.0835950652251	223.0
252.093595604562	220.0
252.1035961438989	218.0
252.1135966832358	215.0
252.1235972225727	213.0
252.13359776190958	213.0
252.1435983012465	215.0
252.15359884058338	215.0
252.1635993799203	215.0
252.17359991925719	215.0
252.1836004585941	220.0
252.193600997931	228.0
252.2036015372679	248.0
252.2136020766048	253.0
252.2236026159417	253.0
252.2336031552786	253.0
252.2436036946155	256.0
252.2536042339524	256.0
252.2636047732893	256.0
252.2736053126262	256.0
252.2836058519631	253.0
252.2936063913	253.0
252.30360693063687	253.0
252.3136074699738	250.0
252.32360800931068	250.0
252.3336085486476	250.0
252.34360908798448	250.0
252.3536096273214	250.0
252.36361016665828	250.0
252.3736107059952	250.0
252.38361124533208	250.0
252.393611784669	250.0
252.40361232400588	250.0
252.4136128633428	250.0
252.42361340267968	250.0
252.4336139420166	250.0
252.44361448135348	250.0
252.4536150206904	250.0
252.46361556002728	250.0
252.4736160993642	250.0
252.48361663870108	250.0
252.49361717803797	250.0
252.50361771737488	250.0
252.51361825671177	248.0
252.52361879604868	248.0
252.53361933538557	248.0
252.54361987472248	248.0
252.55362041405937	248.0
252.56362095339628	248.0
252.57362149273317	250.0
252.58362203207008	250.0
252.59362257140697	250.0
252.60362311074388	253.0
252.61362365008077	256.0
252.62362418941768	259.0
252.63362472875457	259.0
252.64362526809148	259.0
252.65362580742837	259.0
252.66362634676526	259.0
252.67362688610217	256.0
252.68362742543906	253.0
252.69362796477597	250.0
252.70362850411286	250.0
252.71362904344977	250.0
252.72362958278666	253.0
252.73363012212357	256.0
252.74363066146046	259.0
252.75363120079737	259.0
252.76363174013426	259.0
252.77363227947117	256.0
252.78363281880806	250.0
252.79363335814497	245.0
252.80363389748186	234.0
252.81363443681877	228.0
252.82363497615566	226.0
252.83363551549257	226.0
252.84363605482946	228.0
252.85363659416635	234.0
252.86363713350326	242.0
252.87363767284015	248.0
252.88363821217706	250.0
252.89363875151395	250.0
252.90363929085086	253.0
252.91363983018775	253.0
252.92364036952466	253.0
252.93364090886155	256.0
252.94364144819846	256.0
252.95364198753535	250.0
252.96364252687226	0.0
252.97364306620915	0.0
252.98364360554606	0.0
252.99364414488295	0.0
253.00364468421986	0.0
253.01364522355675	0.0
253.02364576289364	0.0
253.03364630223055	0.0
253.04364684156744	0.0
253.05364738090435	0.0
253.06364792024124	0.0
253.07364845957815	0.0
253.08364899891504	0.0
253.09364953825195	0.0
253.10365007758884	0.0
253.11365061692575	0.0
253.12365115626264	0.0
253.13365169559955	0.0
253.14365223493644	0.0
253.15365277427335	0.0
253.16365331361024	0.0
253.17365385294715	0.0
253.18365439228404	0.0
253.19365493162096	0.0
253.20365547095784	0.0
253.21365601029473	0.0
253.22365654963164	0.0
253.23365708896853	0.0
253.24365762830544	0.0
253.25365816764233	248.0
253.26365870697924	245.0
253.27365924631613	245.0
253.28365978565304	248.0
253.29366032498993	253.0
253.30366086432684	259.0
253.31366140366373	262.0
253.32366194300064	262.0
253.33366248233753	262.0
253.34366302167444	262.0
253.35366356101133	262.0
253.36366410034825	262.0
253.37366463968513	259.0
253.38366517902205	259.0
253.39366571835893	259.0
253.40366625769582	259.0
253.41366679703273	259.0
253.42366733636962	259.0
253.43366787570653	256.0
253.44366841504342	253.0
253.45366895438033	253.0
253.46366949371722	248.0
253.47367003305413	242.0
253.48367057239102	236.0
253.49367111172793	231.0
253.50367165106482	228.0
253.51367219040173	226.0
253.52367272973862	220.0
253.53367326907554	213.0
253.54367380841242	208.0
253.55367434774934	208.0
253.56367488708622	213.0
253.5736754264231	220.0
253.58367596576002	234.0
253.5936765050969	248.0
253.60367704443382	262.0
253.6136775837707	268.0
253.62367812310762	268.0
253.6336786624445	268.0
253.64367920178142	268.0
253.6536797411183	265.0
253.66368028045522	262.0
253.6736808197921	259.0
253.68368135912903	256.0
253.6936818984659	253.0
253.70368243780283	250.0
253.7136829771397	245.0
253.72368351647663	242.0
253.7336840558135	236.0
253.74368459515043	231.0
253.7536851344873	228.0
253.7636856738242	226.0
253.7736862131611	223.0
253.783686752498	223.0
253.7936872918349	220.0
253.8036878311718	220.0
253.81368837050871	223.0
253.8236889098456	226.0
253.83368944918251	231.0
253.8436899885194	242.0
253.85369052785632	250.0
253.8636910671932	259.0
253.87369160653012	265.0
253.883692145867	268.0
253.89369268520392	272.0
253.9036932245408	275.0
253.91369376387772	281.0
253.9236943032146	294.0
253.9336948425515	291.0
253.9436953818884	284.0
253.9536959212253	278.0
253.9636964605622	268.0
253.9736969998991	262.0
253.983697539236	259.0
253.9936980785729	253.0
254.0036986179098	250.0
254.0136991572467	245.0
254.0236996965836	242.0
254.0337002359205	239.0
254.0437007752574	236.0
254.0537013145943	234.0
254.0637018539312	231.0
254.0737023932681	231.0
254.083702932605	231.0
254.0937034719419	231.0
254.1037040112788	231.0
254.1137045506157	231.0
254.12370508995258	234.0
254.1337056292895	236.0
254.14370616862638	239.0
254.1537067079633	245.0
254.16370724730018	248.0
254.1737077866371	250.0
254.18370832597398	250.0
254.1937088653109	250.0
254.20370940464778	242.0
254.2137099439847	231.0
254.22371048332158	0.0
254.2337110226585	0.0
254.24371156199538	0.0
254.2537121013323	0.0
254.26371264066918	0.0
254.2737131800061	0.0
254.28371371934298	0.0
254.29371425867987	0.0
254.30371479801678	206.0
254.31371533735367	206.0
254.32371587669058	203.0
254.33371641602747	203.0
254.34371695536439	203.0
254.35371749470127	203.0
254.3637180340382	206.0
254.37371857337507	206.0
254.383719112712	206.0
254.39371965204887	206.0
254.4037201913858	206.0
254.41372073072267	206.0
254.4237212700596	206.0
254.43372180939647	206.0
254.4437223487334	203.0
254.45372288807027	201.0
254.4637234274072	201.0
254.47372396674407	199.0
254.48372450608096	196.0
254.49372504541788	194.0
254.50372558475476	190.0
254.51372612409168	187.0
254.52372666342856	185.0
254.53372720276548	183.0
254.54372774210236	181.0
254.55372828143928	181.0
254.56372882077616	183.0
254.57372936011308	185.0
254.58372989944996	201.0
254.59373043878688	215.0
254.60373097812376	226.0
254.61373151746068	228.0
254.62373205679756	231.0
254.63373259613448	234.0
254.64373313547136	234.0
254.65373367480828	234.0
254.66373421414517	234.0
254.67373475348205	234.0
254.68373529281897	234.0
254.69373583215585	234.0
254.70373637149277	234.0
254.71373691082965	231.0
254.72373745016657	231.0
254.73373798950345	231.0
254.74373852884037	231.0
254.75373906817725	231.0
254.76373960751417	234.0
254.77374014685105	231.0
254.78374068618797	231.0
254.79374122552485	228.0
254.80374176486177	223.0
254.81374230419866	215.0
254.82374284353557	0.0
254.83374338287246	0.0
254.84374392220934	0.0
254.85374446154626	0.0
254.86374500088314	0.0
254.87374554022006	0.0
254.88374607955694	0.0
254.89374661889386	0.0
254.90374715823074	0.0
254.91374769756766	0.0
254.92374823690454	0.0
254.93374877624146	0.0
254.94374931557834	256.0
254.95374985491526	256.0
254.96375039425214	253.0
254.97375093358906	253.0
254.98375147292595	253.0
254.99375201226286	253.0
255.00375255159975	253.0
255.01375309093666	256.0
255.02375363027355	256.0
255.03375416961043	256.0
255.04375470894735	253.0
255.05375524828423	253.0
255.06375578762115	253.0
255.07375632695803	253.0
255.08375686629495	253.0
255.09375740563183	253.0
255.10375794496875	253.0
255.11375848430563	253.0
255.12375902364255	253.0
255.13375956297944	253.0
255.14376010231635	253.0
255.15376064165324	253.0
255.16376118099015	253.0
255.17376172032704	253.0
255.18376225966395	253.0
255.19376279900084	250.0
255.20376333833772	250.0
255.21376387767464	250.0
255.22376441701152	250.0
255.23376495634844	250.0
255.24376549568532	250.0
255.25376603502224	253.0
255.26376657435912	253.0
255.27376711369604	256.0
255.28376765303292	256.0
255.29376819236984	259.0
255.30376873170673	259.0
255.31376927104364	262.0
255.32376981038053	262.0
255.33377034971744	259.0
255.34377088905433	259.0
255.35377142839124	256.0
255.36377196772813	253.0
255.37377250706504	250.0
255.38377304640193	250.0
255.3937735857388	250.0
255.40377412507573	250.0
255.4137746644126	253.0
255.42377520374953	256.0
255.43377574308641	256.0
255.44377628242333	256.0
255.45377682176021	256.0
255.46377736109713	256.0
255.47377790043402	253.0
255.48377843977093	253.0
255.49377897910782	253.0
255.50377951844473	253.0
255.51378005778162	253.0
255.52378059711853	253.0
255.53378113645542	256.0
255.54378167579233	256.0
255.55378221512922	256.0
255.5637827544661	253.0
255.57378329380302	245.0
255.5837838331399	234.0
255.59378437247682	228.0
255.6037849118137	226.0
255.61378545115062	228.0
255.6237859904875	236.0
255.63378652982442	248.0
255.6437870691613	256.0
255.65378760849822	256.0
255.6637881478351	256.0
255.67378868717202	253.0
255.6837892265089	253.0
255.69378976584582	250.0
255.7037903051827	245.0
255.71379084451962	0.0
255.7237913838565	0.0
255.73379192319342	0.0
255.7437924625303	0.0
255.7537930018672	0.0
255.7637935412041	0.0
255.773794080541	0.0
255.7837946198779	0.0
255.7937951592148	0.0
255.8037956985517	0.0
255.8137962378886	0.0
255.8237967772255	0.0
255.8337973165624	0.0
255.8437978558993	0.0
255.8537983952362	0.0
255.8637989345731	0.0
255.87379947391	0.0
255.8838000132469	0.0
255.8938005525838	0.0
255.9038010919207	0.0
255.9138016312576	0.0
255.92380217059448	0.0
255.9338027099314	0.0
255.94380324926829	0.0
255.9538037886052	0.0
255.96380432794209	0.0
255.973804867279	0.0
255.9838054066159	0.0
255.9938059459528	0.0
256.0038064852897	0.0
256.0138070246266	0.0
256.0238075639635	0.0
256.0338081033004	0.0
256.0438086426373	0.0
256.0538091819742	0.0
256.0638097213111	0.0
256.073810260648	0.0
256.0838107999849	0.0
256.0938113393218	0.0
256.1038118786587	0.0
256.1138124179956	0.0
256.12381295733246	0.0
256.1338134966694	0.0
256.1438140360063	0.0
256.1538145753432	0.0
256.16381511468006	0.0
256.173815654017	0.0
256.1838161933539	0.0
256.1938167326908	0.0
256.20381727202766	0.0
256.2138178113646	0.0
256.2238183507015	0.0
256.2338188900384	0.0
256.24381942937526	0.0
256.2538199687122	0.0
256.2638205080491	0.0
256.273821047386	0.0
256.28382158672287	0.0
256.29382212605975	0.0
256.3038226653967	0.0
256.3138232047336	0.0
256.32382374407047	0.0
256.33382428340735	0.0
256.3438248227443	0.0
256.3538253620812	0.0
256.36382590141807	0.0
256.37382644075495	0.0
256.3838269800919	0.0
256.3938275194288	0.0
256.40382805876567	0.0
256.41382859810255	0.0
256.4238291374395	0.0
256.4338296767764	0.0
256.44383021611327	0.0
256.45383075545016	0.0
256.4638312947871	0.0
256.473831834124	0.0
256.48383237346087	0.0
256.49383291279776	0.0
256.50383345213464	0.0
256.5138339914716	0.0
256.5238345308085	0.0
256.53383507014536	0.0
256.54383560948224	0.0
256.5538361488192	0.0
256.5638366881561	0.0
256.57383722749296	0.0
256.58383776682984	0.0
256.5938383061668	0.0
256.6038388455037	0.0
256.61383938484056	0.0
256.62383992417745	0.0
256.6338404635144	0.0
256.6438410028513	0.0
256.65384154218816	190.0
256.66384208152505	185.0
256.67384262086193	181.0
256.6838431601989	177.0
256.69384369953576	0.0
256.70384423887265	0.0
256.71384477820953	0.0
256.7238453175465	0.0
256.73384585688336	0.0
256.74384639622025	0.0
256.75384693555714	169.0
256.7638474748941	171.0
256.77384801423096	173.0
256.78384855356785	173.0
256.79384909290474	175.0
256.8038496322417	175.0
256.81385017157857	175.0
256.82385071091545	173.0
256.83385125025234	171.0
256.8438517895892	167.0
256.85385232892617	0.0
256.86385286826305	0.0
256.87385340759994	0.0
256.8838539469368	0.0
256.89385448627377	0.0
256.90385502561065	0.0
256.91385556494754	0.0
256.9238561042844	0.0
256.93385664362137	0.0
256.94385718295825	0.0
256.95385772229514	0.0
256.963858261632	0.0
256.97385880096897	0.0
256.98385934030586	0.0
256.99385987964274	0.0
257.0038604189796	215.0
257.0138609583165	213.0
257.02386149765346	210.0
257.03386203699034	210.0
257.04386257632723	208.0
257.0538631156641	206.0
257.06386365500106	206.0
257.07386419433794	206.0
257.08386473367483	206.0
257.0938652730117	208.0
257.10386581234866	208.0
257.11386635168554	210.0
257.12386689102243	210.0
257.1338674303593	208.0
257.14386796969626	208.0
257.15386850903315	206.0
257.16386904837003	206.0
257.1738695877069	203.0
257.18387012704386	201.0
257.19387066638075	199.0
257.20387120571763	190.0
257.2138717450545	185.0
257.2238722843914	183.0
257.23387282372835	181.0
257.24387336306523	179.0
257.2538739024021	179.0
257.263874441739	208.0
257.27387498107595	215.0
257.28387552041283	228.0
257.2938760597497	226.0
257.3038765990866	226.0
257.31387713842355	231.0
257.32387767776044	234.0
257.3338782170973	234.0
257.3438787564342	234.0
257.35387929577115	234.0
257.36387983510804	231.0
257.3738803744449	228.0
257.3838809137818	226.0
257.3938814531187	226.0
257.40388199245564	226.0
257.4138825317925	226.0
257.4238830711294	226.0
257.4338836104663	228.0
257.44388414980324	231.0
257.4538846891401	231.0
257.463885228477	234.0
257.4738857678139	236.0
257.48388630715084	236.0
257.4938868464877	236.0
257.5038873858246	234.0
257.5138879251615	231.0
257.52388846449844	226.0
257.5338890038353	220.0
257.5438895431722	208.0
257.5538900825091	199.0
257.563890621846	194.0
257.5738911611829	190.0
257.5838917005198	187.0
257.5938922398567	187.0
257.6038927791936	185.0
257.61389331853053	185.0
257.6238938578674	185.0
257.6338943972043	187.0
257.6438949365412	0.0
257.65389547587813	0.0
257.663896015215	253.0
257.6738965545519	253.0
257.6838970938888	253.0
257.69389763322573	253.0
257.7038981725626	253.0
257.7138987118995	253.0
257.7238992512364	253.0
257.73389979057333	253.0
257.7439003299102	250.0
257.7539008692471	250.0
257.763901408584	250.0
257.7739019479209	250.0
257.7839024872578	250.0
257.7939030265947	250.0
257.8039035659316	250.0
257.8139041052685	250.0
257.8239046446054	250.0
257.8339051839423	250.0
257.8439057232792	250.0
257.8539062626161	250.0
257.863906801953	250.0
257.8739073412899	253.0
257.8839078806268	253.0
257.8939084199637	253.0
257.9039089593006	253.0
257.9139094986375	253.0
257.9239100379744	250.0
257.9339105773113	250.0
257.94391111664817	250.0
257.9539116559851	248.0
257.963912195322	248.0
257.9739127346589	248.0
257.98391327399577	248.0
257.9939138133327	248.0
258.0039143526696	250.0
258.0139148920065	250.0
258.02391543134337	253.0
258.0339159706803	253.0
258.0439165100172	256.0
258.0539170493541	256.0
258.06391758869097	259.0
258.0739181280279	259.0
258.0839186673648	259.0
258.0939192067017	256.0
258.10391974603857	256.0
258.11392028537546	253.0
258.1239208247124	250.0
258.1339213640493	248.0
258.1439219033862	248.0
258.15392244272306	248.0
258.16392298206	250.0
258.1739235213969	250.0
258.1839240607338	253.0
258.19392460007066	253.0
258.2039251394076	253.0
258.2139256787445	256.0
258.2239262180814	256.0
258.23392675741826	253.0
258.2439272967552	250.0
258.2539278360921	245.0
258.263928375429	236.0
258.27392891476586	231.0
258.28392945410275	228.0
258.2939299934397	231.0
258.3039305327766	234.0
258.31393107211346	236.0
258.32393161145035	248.0
258.3339321507873	253.0
258.3439326901242	253.0
258.35393322946106	253.0
258.36393376879795	253.0
258.3739343081349	253.0
258.3839348474718	253.0
258.39393538680866	250.0
258.40393592614555	245.0
258.4139364654825	0.0
258.4239370048194	0.0
258.43393754415627	0.0
258.44393808349315	0.0
258.4539386228301	0.0
258.463939162167	0.0
258.47393970150387	0.0
258.48394024084075	0.0
258.49394078017764	0.0
258.5039413195146	0.0
258.51394185885147	0.0
258.52394239818835	0.0
258.53394293752524	0.0
258.5439434768622	0.0
258.55394401619907	0.0
258.56394455553595	0.0
258.57394509487284	0.0
258.5839456342098	0.0
258.59394617354667	0.0
258.60394671288356	0.0
258.61394725222044	0.0
258.6239477915574	0.0
258.63394833089427	0.0
258.64394887023116	0.0
258.65394940956804	0.0
258.66394994890493	0.0
258.67395048824187	0.0
258.68395102757876	0.0
258.69395156691564	253.0
258.70395210625253	250.0
258.7139526455895	250.0
258.72395318492636	256.0
258.73395372426324	262.0
258.74395426360013	268.0
258.7539548029371	272.0
258.76395534227396	272.0
258.77395588161085	268.0
258.78395642094773	265.0
258.7939569602847	262.0
258.80395749962156	259.0
258.81395803895845	256.0
258.82395857829533	253.0
258.8339591176322	253.0
258.84395965696916	253.0
258.85396019630605	253.0
258.86396073564293	253.0
258.8739612749798	253.0
258.88396181431676	253.0
258.89396235365365	253.0
258.90396289299053	253.0
258.9139634323274	253.0
258.92396397166436	253.0
258.93396451100125	253.0
258.94396505033814	253.0
258.953965589675	250.0
258.96396612901196	250.0
258.97396666834885	248.0
258.98396720768574	236.0
258.9939677470226	231.0
259.00396828635957	231.0
259.01396882569645	236.0
259.02396936503334	256.0
259.0339699043702	281.0
259.0439704437071	291.0
259.05397098304405	294.0
259.06397152238094	294.0
259.0739720617178	298.0
259.0839726010547	298.0
259.09397314039165	298.0
259.10397367972854	294.0
259.1139742190654	291.0
259.1239747584023	284.0
259.13397529773925	278.0
259.14397583707614	272.0
259.153976376413	265.0
259.1639769157499	262.0
259.17397745508686	259.0
259.18397799442374	256.0
259.1939785337606	253.0
259.2039790730975	253.0
259.2139796124344	253.0
259.22398015177134	256.0
259.23398069110823	262.0
259.2439812304451	272.0
259.253981769782	288.0
259.26398230911894	308.0
259.27398284845583	327.0
259.2839833877927	342.0
259.2939839271296	358.0
259.30398446646655	375.0
259.31398500580343	384.0
259.3239855451403	389.0
259.3339860844772	389.0
259.34398662381415	0.0
259.35398716315103	0.0
259.3639877024879	0.0
259.3739882418248	0.0
259.3839887811617	0.0
259.39398932049863	0.0
259.4039898598355	0.0
259.4139903991724	0.0
259.4239909385093	305.0
259.43399147784623	301.0
259.4439920171831	298.0
259.45399255652	294.0
259.4639930958569	294.0
259.47399363519384	294.0
259.4839941745307	294.0
259.4939947138676	294.0
259.5039952532045	294.0
259.51399579254144	294.0
259.5239963318783	294.0
259.5339968712152	294.0
259.5439974105521	298.0
259.553997949889	298.0
259.5639984892259	298.0
259.5739990285628	301.0
259.5839995678997	301.0
259.5940001072366	301.0
259.6040006465735	305.0
259.6140011859104	305.0
259.6240017252473	305.0
259.6340022645842	308.0
259.6440028039211	298.0
259.654003343258	268.0
259.6640038825949	262.0
259.6740044219318	259.0
259.6840049612687	256.0
259.6940055006056	256.0
259.7040060399425	256.0
259.7140065792794	265.0
259.7240071186163	301.0
259.7340076579532	305.0
259.7440081972901	305.0
259.754008736627	308.0
259.7640092759639	308.0
259.7740098153008	308.0
259.7840103546377	308.0
259.7940108939746	308.0
259.8040114333115	308.0
259.8140119726484	308.0
259.8240125119853	305.0
259.8340130513222	305.0
259.8440135906591	305.0
259.854014129996	301.0
259.8640146693329	298.0
259.8740152086698	298.0
259.8840157480067	294.0
259.8940162873436	291.0
259.9040168266805	288.0
259.9140173660174	278.0
259.9240179053543	272.0
259.93401844469116	262.0
259.9440189840281	259.0
259.954019523365	256.0
259.9640200627019	256.0
259.97402060203876	256.0
259.9840211413757	256.0
259.9940216807126	253.0
260.0040222200495	253.0
260.01402275938636	250.0
260.0240232987233	248.0
260.0340238380602	239.0
260.0440243773971	234.0
260.05402491673397	234.0
260.0640254560709	234.0
260.0740259954078	239.0
260.0840265347447	245.0
260.09402707408157	253.0
260.10402761341845	259.0
260.1140281527554	265.0
260.1240286920923	272.0
260.13402923142917	275.0
260.14402977076605	278.0
260.154030310103	278.0
260.1640308494399	275.0
260.17403138877677	275.0
260.18403192811365	272.0
260.1940324674506	268.0
260.2040330067875	265.0
260.21403354612437	259.0
260.22403408546126	256.0
260.2340346247982	250.0
260.2440351641351	245.0
260.25403570347197	242.0
260.26403624280886	236.0
260.27403678214574	234.0
260.2840373214827	231.0
260.29403786081957	228.0
260.30403840015646	228.0
260.31403893949334	228.0
260.3240394788303	228.0
260.3340400181672	226.0
260.34404055750406	223.0
260.35404109684094	218.0
260.3640416361779	206.0
260.3740421755148	199.0
260.38404271485166	0.0
260.39404325418855	0.0
260.4040437935255	0.0
260.4140443328624	0.0
260.42404487219926	0.0
260.43404541153615	231.0
260.4440459508731	245.0
260.45404649021	256.0
260.46404702954686	256.0
260.47404756888375	256.0
260.48404810822063	253.0
260.4940486475576	253.0
260.50404918689446	253.0
260.51404972623135	253.0
260.52405026556823	253.0
260.5340508049052	253.0
260.54405134424206	253.0
260.55405188357895	253.0
260.56405242291584	253.0
260.5740529622528	253.0
260.58405350158966	253.0
260.59405404092655	253.0
260.60405458026344	253.0
260.6140551196004	253.0
260.62405565893727	253.0
260.63405619827415	256.0
260.64405673761104	256.0
260.6540572769479	256.0
260.66405781628487	256.0
260.67405835562175	253.0
260.68405889495864	253.0
260.6940594342955	253.0
260.70405997363247	250.0
260.71406051296935	250.0
260.72406105230624	248.0
260.7340615916431	248.0
260.74406213098007	248.0
260.75406267031696	248.0
260.76406320965384	250.0
260.7740637489907	253.0
260.78406428832767	256.0
260.79406482766456	259.0
260.80406536700144	262.0
260.8140659063383	265.0
260.8240664456752	265.0
260.83406698501216	262.0
260.84406752434904	262.0
260.85406806368593	259.0
260.8640686030228	256.0
260.87406914235976	253.0
260.88406968169664	253.0
260.89407022103353	253.0
260.9040707603704	256.0
260.91407129970736	259.0
260.92407183904425	259.0
260.93407237838113	259.0
260.944072917718	259.0
260.95407345705496	256.0
260.96407399639185	253.0
260.97407453572873	250.0
260.9840750750656	250.0
260.99407561440256	248.0
261.00407615373945	248.0
261.01407669307633	248.0
261.0240772324132	245.0
261.0340777717501	245.0
261.04407831108705	239.0
261.05407885042393	234.0
261.0640793897608	231.0
261.0740799290977	228.0
261.08408046843465	228.0
261.09408100777154	231.0
261.1040815471084	236.0
261.1140820864453	250.0
261.12408262578225	253.0
261.13408316511914	250.0
261.144083704456	250.0
261.1540842437929	250.0
261.16408478312985	250.0
261.17408532246674	250.0
261.1840858618036	248.0
261.1940864011405	242.0
261.2040869404774	236.0
261.21408747981434	0.0
261.2240880191512	0.0
261.2340885584881	0.0
261.244089097825	0.0
261.25408963716194	0.0
261.2640901764988	0.0
261.2740907158357	0.0
261.2840912551726	0.0
261.29409179450954	0.0
261.3040923338464	0.0
261.3140928731833	0.0
261.3240934125202	0.0
261.33409395185714	0.0
261.344094491194	0.0
261.3540950305309	0.0
261.3640955698678	0.0
261.3740961092047	0.0
261.38409664854163	0.0
261.3940971878785	0.0
261.4040977272154	0.0
261.4140982665523	0.0
261.42409880588923	0.0
261.4340993452261	0.0
261.444099884563	0.0
261.4541004238999	0.0
261.46410096323683	0.0
261.4741015025737	291.0
261.4841020419106	288.0
261.4941025812475	284.0
261.50410312058443	284.0
261.5141036599213	284.0
261.5241041992582	284.0
261.5341047385951	284.0
261.544105277932	288.0
261.5541058172689	291.0
261.5641063566058	294.0
261.5741068959427	301.0
261.5841074352796	308.0
261.5941079746165	319.0
261.6041085139534	331.0
261.6141090532903	338.0
261.6241095926272	350.0
261.6341101319641	358.0
261.644110671301	371.0
261.6541112106379	384.0
261.6641117499748	389.0
261.6741122893117	398.0
261.6841128286486	407.0
261.6941133679855	417.0
261.7041139073224	421.0
261.7141144466593	421.0
261.7241149859962	421.0
261.7341155253331	417.0
261.74411606467	412.0
261.75411660400687	402.0
261.7641171433438	384.0
261.7741176826807	358.0
261.7841182220176	363.0
261.79411876135447	384.0
261.8041193006914	393.0
261.8141198400283	398.0
261.8241203793652	398.0
261.83412091870207	398.0
261.844121458039	402.0
261.8541219973759	407.0
261.8641225367128	412.0
261.87412307604967	417.0
261.8841236153866	417.0
261.8941241547235	417.0
261.9041246940604	417.0
261.9141252333973	407.0
261.92412577273416	402.0
261.9341263120711	398.0
261.944126851408	393.0
261.9541273907449	389.0
261.96412793008176	380.0
261.9741284694187	367.0
261.9841290087556	350.0
261.9941295480925	342.0
262.00413008742936	338.0
262.0141306267663	334.0
262.0241311661032	334.0
262.0341317054401	334.0
262.04413224477696	334.0
262.0541327841139	338.0
262.0641333234508	338.0
262.0741338627877	281.0
262.08413440212456	0.0
262.09413494146145	0.0
262.1041354807984	0.0
262.1141360201353	0.0
262.12413655947216	0.0
262.13413709880905	0.0
262.144137638146	389.0
262.1541381774829	389.0
262.16413871681976	389.0
262.17413925615665	393.0
262.1841397954936	393.0
262.1941403348305	393.0
262.20414087416736	389.0
262.21414141350425	384.0
262.2241419528412	375.0
262.2341424921781	358.0
262.24414303151497	350.0
262.25414357085185	338.0
262.2641441101888	327.0
262.2741446495257	316.0
262.28414518886257	308.0
262.29414572819945	305.0
262.30414626753634	301.0
262.3141468068733	301.0
262.32414734621017	301.0
262.33414788554705	305.0
262.34414842488394	305.0
262.3541489642209	305.0
262.36414950355777	305.0
262.37415004289466	305.0
262.38415058223154	305.0
262.3941511215685	301.0
262.40415166090537	268.0
262.41415220024226	298.0
262.42415273957914	298.0
262.4341532789161	259.0
262.44415381825297	253.0
262.45415435758986	253.0
262.46415489692674	253.0
262.47415543626363	250.0
262.4841559756006	253.0
262.49415651493746	278.0
262.50415705427434	298.0
262.51415759361123	305.0
262.5241581329482	305.0
262.53415867228506	308.0
262.54415921162195	308.0
262.55415975095883	308.0
262.5641602902958	312.0
262.57416082963266	312.0
262.58416136896955	312.0
262.59416190830643	308.0
262.6041624476434	305.0
262.61416298698026	298.0
262.62416352631715	294.0
262.63416406565403	284.0
262.6441646049909	278.0
262.65416514432786	268.0
262.66416568366475	262.0
262.67416622300163	256.0
262.6841667623385	256.0
262.69416730167546	253.0
262.70416784101235	253.0
262.71416838034924	253.0
262.7241689196861	250.0
262.73416945902306	250.0
262.74416999835995	250.0
262.75417053769684	250.0
262.7641710770337	248.0
262.77417161637067	245.0
262.78417215570755	242.0
262.79417269504444	236.0
262.8041732343813	228.0
262.8141737737182	223.0
262.82417431305515	223.0
262.83417485239204	226.0
262.8441753917289	245.0
262.8541759310658	253.0
262.86417647040275	265.0
262.87417700973964	272.0
262.8841775490765	275.0
262.8941780884134	275.0
262.90417862775035	275.0
262.91417916708724	272.0
262.9241797064241	265.0
262.934180245761	262.0
262.94418078509796	253.0
262.95418132443484	248.0
262.9641818637717	239.0
262.9741824031086	234.0
262.98418294244556	228.0
262.99418348178244	226.0
263.00418402111933	226.0
263.0141845604562	226.0
263.0241850997931	226.0
263.03418563913004	226.0
263.04418617846693	228.0
263.0541867178038	226.0
263.0641872571407	226.0
263.07418779647764	223.0
263.08418833581453	223.0
263.0941888751514	220.0
263.1041894144883	0.0
263.11418995382525	0.0
263.12419049316213	0.0
263.134191032499	0.0
263.1441915718359	0.0
263.15419211117285	0.0
263.16419265050973	0.0
263.1741931898466	0.0
263.1841937291835	0.0
263.1941942685204	0.0
263.20419480785733	256.0
263.2141953471942	256.0
263.2241958865311	253.0
263.234196425868	253.0
263.24419696520494	253.0
263.2541975045418	250.0
263.2641980438787	250.0
263.2741985832156	253.0
263.28419912255254	253.0
263.2941996618894	253.0
263.3042002012263	256.0
263.3142007405632	256.0
263.32420127990014	256.0
263.334201819237	256.0
263.3442023585739	256.0
263.3542028979108	256.0
263.3642034372477	256.0
263.3742039765846	256.0
263.3842045159215	256.0
263.3942050552584	259.0
263.4042055945953	256.0
263.4142061339322	256.0
263.4242066732691	256.0
263.434207212606	256.0
263.4442077519429	256.0
263.4542082912798	256.0
263.4642088306167	256.0
263.4742093699536	256.0
263.4842099092905	256.0
263.4942104486274	256.0
263.5042109879643	256.0
263.5142115273012	256.0
263.5242120666381	256.0
263.53421260597503	256.0
263.5442131453119	256.0
263.5542136846488	256.0
263.5642142239857	253.0
263.5742147633226	253.0
263.5842153026595	253.0
263.5942158419964	253.0
263.6042163813333	253.0
263.6142169206702	253.0
263.6242174600071	256.0
263.634217999344	256.0
263.6442185386809	259.0
263.6542190780178	259.0
263.6642196173547	259.0
263.6742201566916	259.0
263.6842206960285	259.0
263.6942212353654	253.0
263.7042217747023	248.0
263.7142223140392	239.0
263.7242228533761	231.0
263.734223392713	223.0
263.74422393204986	0.0
263.7542244713868	0.0
263.7642250107237	0.0
263.7742255500606	0.0
263.78422608939746	0.0
263.7942266287344	0.0
263.8042271680713	0.0
263.8142277074082	0.0
263.82422824674507	0.0
263.834228786082	0.0
263.8442293254189	272.0
263.8542298647558	272.0
263.86423040409267	272.0
263.8742309434296	265.0
263.8842314827665	259.0
263.8942320221034	253.0
263.90423256144027	250.0
263.91423310077715	245.0
263.9242336401141	245.0
263.934234179451	245.0
263.94423471878787	245.0
263.95423525812475	248.0
263.9642357974617	253.0
263.9742363367986	256.0
263.98423687613547	262.0
263.99423741547236	265.0
264.0042379548093	265.0
264.0142384941462	265.0
264.02423903348307	262.0
264.03423957281996	259.0
264.0442401121569	250.0
264.0542406514938	245.0
264.06424119083067	242.0
264.07424173016756	242.0
264.08424226950444	242.0
264.0942428088414	248.0
264.1042433481783	256.0
264.11424388751516	288.0
264.12424442685204	301.0
264.134244966189	312.0
264.1442455055259	323.0
264.15424604486276	331.0
264.16424658419965	331.0
264.1742471235366	331.0
264.1842476628735	323.0
264.19424820221036	301.0
264.20424874154725	272.0
264.2142492808842	259.0
264.2242498202211	250.0
264.23425035955796	248.0
264.24425089889485	248.0
264.2542514382318	250.0
264.2642519775687	253.0
264.27425251690556	262.0
264.28425305624245	268.0
264.29425359557933	278.0
264.3042541349163	284.0
264.31425467425316	284.0
264.32425521359005	281.0
264.33425575292694	275.0
264.3442562922639	265.0
264.35425683160076	256.0
264.36425737093765	245.0
264.37425791027454	234.0
264.3842584496115	223.0
264.39425898894837	218.0
264.40425952828525	218.0
264.41426006762214	220.0
264.4242606069591	226.0
264.43426114629597	228.0
264.44426168563285	231.0
264.45426222496974	234.0
264.4642627643066	236.0
264.47426330364357	236.0
264.48426384298045	234.0
264.49426438231734	231.0
264.5042649216542	226.0
264.51426546099117	215.0
264.52426600032805	208.0
264.53426653966494	206.0
264.5442670790018	203.0
264.55426761833877	203.0
264.56426815767566	203.0
264.57426869701254	206.0
264.5842692363494	210.0
264.59426977568637	218.0
264.60427031502326	223.0
264.61427085436014	231.0
264.62427139369703	236.0
264.6342719330339	236.0
264.64427247237086	236.0
264.65427301170774	234.0
264.66427355104463	226.0
264.6742740903815	215.0
264.68427462971846	208.0
264.69427516905535	203.0
264.70427570839223	203.0
264.7142762477291	206.0
264.72427678706606	210.0
264.73427732640295	215.0
264.74427786573983	226.0
264.7542784050767	236.0
264.76427894441366	245.0
264.77427948375055	253.0
264.78428002308743	262.0
264.7942805624243	265.0
264.80428110176126	262.0
264.81428164109815	259.0
264.82428218043503	250.0
264.8342827197719	239.0
264.8442832591088	231.0
264.85428379844575	228.0
264.86428433778264	228.0
264.8742848771195	236.0
264.8842854164564	245.0
264.89428595579335	256.0
264.90428649513024	278.0
264.9142870344671	288.0
264.924287573804	294.0
264.93428811314095	294.0
264.94428865247784	291.0
264.9542891918147	281.0
264.9642897311516	268.0
264.97429027048855	250.0
264.98429080982544	226.0
264.9942913491623	220.0
265.0042918884992	218.0
265.0142924278361	220.0
265.02429296717304	228.0
265.0342935065099	236.0
265.0442940458468	248.0
265.0542945851837	253.0
265.06429512452064	259.0
265.0742956638575	262.0
265.0842962031944	259.0
265.0942967425313	256.0
265.10429728186824	250.0
265.1142978212051	245.0
265.124298360542	239.0
265.1342988998789	231.0
265.14429943921584	0.0
265.15429997855273	0.0
265.1643005178896	0.0
265.1743010572265	0.0
265.1843015965634	0.0
265.19430213590033	0.0
265.2043026752372	0.0
265.2143032145741	0.0
265.224303753911	0.0
265.23430429324793	0.0
265.2443048325848	0.0
265.2543053719217	291.0
265.2643059112586	301.0
265.27430645059553	308.0
265.2843069899324	312.0
265.2943075292693	312.0
265.3043080686062	312.0
265.31430860794313	312.0
265.32430914728	312.0
265.3343096866169	308.0
265.3443102259538	305.0
265.3543107652907	305.0
265.3643113046276	305.0
265.3743118439645	301.0
265.3843123833014	301.0
265.3943129226383	301.0
265.4043134619752	301.0
265.4143140013121	301.0
265.424314540649	301.0
265.4343150799859	301.0
265.4443156193228	301.0
265.4543161586597	301.0
265.4643166979966	301.0
265.4743172373335	301.0
265.4843177766704	294.0
265.4943183160073	291.0
265.5043188553442	256.0
265.5143193946811	0.0
265.524319934018	0.0
265.5343204733549	0.0
265.5443210126918	0.0
265.5543215520287	0.0
265.56432209136557	0.0
265.5743226307025	0.0
265.5843231700394	0.0
265.5943237093763	0.0
265.60432424871317	0.0
265.6143247880501	0.0
265.624325327387	0.0
265.6343258667239	0.0
265.64432640606077	0.0
265.6543269453977	0.0
265.6643274847346	0.0
265.6743280240715	0.0
265.68432856340837	0.0
265.6943291027453	0.0
265.7043296420822	0.0
265.7143301814191	0.0
265.724330720756	0.0
265.73433126009286	0.0
265.7443317994298	0.0
265.7543323387667	0.0
265.7643328781036	0.0
265.77433341744046	0.0
265.7843339567774	0.0
265.7943344961143	0.0
265.8043350354512	0.0
265.81433557478806	0.0
265.824336114125	0.0
265.8343366534619	0.0
265.8443371927988	0.0
265.85433773213566	0.0
265.8643382714726	0.0
265.8743388108095	0.0
265.8843393501464	0.0
265.89433988948326	288.0
265.90434042882015	284.0
265.9143409681571	288.0
265.924341507494	294.0
265.93434204683086	298.0
265.94434258616775	305.0
265.9543431255047	308.0
265.9643436648416	308.0
265.97434420417846	308.0
265.98434474351535	312.0
265.9943452828523	312.0
266.0043458221892	312.0
266.01434636152607	312.0
266.02434690086295	312.0
266.0343474401999	312.0
266.0443479795368	312.0
266.05434851887367	308.0
266.06434905821055	298.0
266.07434959754744	288.0
266.0843501368844	275.0
266.09435067622127	259.0
266.10435121555815	245.0
266.11435175489504	234.0
266.124352294232	226.0
266.13435283356887	226.0
266.14435337290575	226.0
266.15435391224264	231.0
266.1643544515796	239.0
266.17435499091647	253.0
266.18435553025336	275.0
266.19435606959024	288.0
266.2043566089272	298.0
266.21435714826407	298.0
266.22435768760096	298.0
266.23435822693784	294.0
266.2443587662748	291.0
266.2543593056117	262.0
266.26435984494856	256.0
266.27436038428544	248.0
266.28436092362233	245.0
266.2943614629593	245.0
266.30436200229616	248.0
266.31436254163305	256.0
266.32436308096993	268.0
266.3343636203069	298.0
266.34436415964376	316.0
266.35436469898065	338.0
266.36436523831753	358.0
266.3743657776545	375.0
266.38436631699136	389.0
266.39436685632825	393.0
266.40436739566513	389.0
266.4143679350021	375.0
266.42436847433896	358.0
266.43436901367585	346.0
266.44436955301273	338.0
266.4543700923496	338.0
266.46437063168656	338.0
266.47437117102345	346.0
266.48437171036034	375.0
266.4943722496972	393.0
266.50437278903416	407.0
266.51437332837105	417.0
266.52437386770794	417.0
266.5343744070448	412.0
266.54437494638177	398.0
266.55437548571865	384.0
266.56437602505554	350.0
266.5743765643924	323.0
266.58437710372937	308.0
266.59437764306625	301.0
266.60437818240314	301.0
266.61437872174	301.0
266.6243792610769	301.0
266.63437980041385	305.0
266.64438033975074	308.0
266.6543808790876	308.0
266.6643814184245	308.0
266.67438195776145	308.0
266.68438249709834	308.0
266.6943830364352	305.0
266.7043835757721	305.0
266.71438411510906	305.0
266.72438465444594	301.0
266.7343851937828	301.0
266.7443857331197	301.0
266.75438627245666	301.0
266.76438681179354	305.0
266.77438735113043	305.0
266.7843878904673	305.0
266.79438842980426	308.0
266.80438896914114	308.0
266.81438950847803	308.0
266.8243900478149	308.0
266.8343905871518	308.0
266.84439112648874	305.0
266.85439166582563	301.0
266.8643922051625	291.0
266.8743927444994	275.0
266.88439328383635	268.0
266.89439382317323	268.0
266.9043943625101	275.0
266.914394901847	298.0
266.92439544118395	298.0
266.93439598052083	301.0
266.9443965198577	301.0
266.9543970591946	301.0
266.96439759853155	305.0
266.97439813786843	305.0
266.9843986772053	305.0
266.9943992165422	305.0
267.0043997558791	305.0
267.01440029521603	305.0
267.0244008345529	305.0
267.0344013738898	301.0
267.0444019132267	301.0
267.05440245256364	298.0
267.0644029919005	294.0
267.0744035312374	291.0
267.0844040705743	281.0
267.09440460991124	268.0
267.1044051492481	248.0
267.114405688585	239.0
267.1244062279219	231.0
267.13440676725884	228.0
267.1444073065957	231.0
267.1544078459326	239.0
267.1644083852695	248.0
267.1744089246064	268.0
267.1844094639433	284.0
267.1944100032802	298.0
267.2044105426171	305.0
267.214411081954	308.0
267.2244116212909	312.0
267.2344121606278	308.0
267.2444126999647	298.0
267.2544132393016	288.0
267.2644137786385	268.0
267.2744143179754	256.0
267.2844148573123	250.0
267.2944153966492	250.0
267.3044159359861	253.0
267.314416475323	259.0
267.3244170146599	272.0
267.3344175539968	294.0
267.3444180933337	312.0
267.3544186326706	327.0
267.3644191720075	346.0
267.3744197113444	358.0
267.3844202506813	367.0
267.3944207900182	371.0
267.4044213293551	371.0
267.414421868692	363.0
267.4244224080289	354.0
267.4344229473658	342.0
267.4444234867027	319.0
267.4544240260396	298.0
267.4644245653765	291.0
267.4744251047134	291.0
267.4844256440503	291.0
267.4944261833872	294.0
267.5044267227241	301.0
267.514427262061	305.0
267.5244278013979	308.0
267.5344283407348	305.0
267.5444288800717	308.0
267.55442941940856	312.0
267.5644299587455	312.0
267.5744304980824	301.0
267.5844310374193	256.0
267.59443157675616	259.0
267.6044321160931	265.0
267.61443265543	272.0
267.6244331947669	275.0
267.63443373410377	272.0
267.6444342734407	259.0
267.6544348127776	250.0
267.6644353521145	239.0
267.67443589145137	236.0
267.6844364307883	236.0
267.6944369701252	239.0
267.7044375094621	245.0
267.71443804879897	253.0
267.72443858813585	259.0
267.7344391274728	268.0
267.7444396668097	278.0
267.75444020614657	284.0
267.76444074548345	288.0
267.7744412848204	281.0
267.7844418241573	268.0
267.79444236349417	259.0
267.80444290283106	250.0
267.814443442168	248.0
267.8244439815049	248.0
267.83444452084177	250.0
267.84444506017866	256.0
267.8544455995156	275.0
267.8644461388525	298.0
267.8744466781894	316.0
267.88444721752626	327.0
267.89444775686314	334.0
267.9044482962001	338.0
267.914448835537	334.0
267.92444937487386	331.0
267.93444991421075	316.0
267.9444504535477	288.0
267.9544509928846	256.0
267.96445153222146	248.0
267.97445207155835	242.0
267.9844526108953	242.0
267.9944531502322	245.0
268.00445368956906	248.0
268.01445422890595	256.0
268.0244547682429	265.0
268.0344553075798	272.0
268.04445584691666	275.0
268.05445638625355	275.0
268.0644569255905	272.0
268.0744574649274	268.0
268.08445800426426	259.0
268.09445854360115	250.0
268.10445908293804	239.0
268.114459622275	228.0
268.12446016161186	220.0
268.13446070094875	220.0
268.14446124028564	223.0
268.1544617796226	228.0
268.16446231895947	236.0
268.17446285829635	242.0
268.18446339763324	248.0
268.1944639369702	248.0
268.20446447630707	248.0
268.21446501564395	245.0
268.22446555498084	236.0
268.2344660943178	226.0
268.24446663365467	206.0
268.25446717299155	194.0
268.26446771232844	187.0
268.2744682516653	190.0
268.28446879100227	192.0
268.29446933033915	196.0
268.30446986967604	201.0
268.3144704090129	203.0
268.32447094834987	206.0
268.33447148768676	206.0
268.34447202702364	206.0
268.3544725663605	201.0
268.36447310569747	196.0
268.37447364503436	192.0
268.38447418437124	190.0
268.39447472370813	187.0
268.4044752630451	190.0
268.41447580238196	201.0
268.42447634171884	210.0
268.43447688105573	218.0
268.4444774203926	223.0
268.45447795972956	226.0
268.46447849906644	228.0
268.47447903840333	228.0
268.4844795777402	228.0
268.49448011707716	226.0
268.50448065641405	220.0
268.51448119575093	215.0
268.5244817350878	213.0
268.53448227442476	210.0
268.54448281376165	208.0
268.55448335309853	206.0
268.5644838924354	206.0
268.57448443177236	206.0
268.58448497110925	210.0
268.59448551044613	220.0
268.604486049783	228.0
268.6144865891199	242.0
268.62448712845685	250.0
268.63448766779373	253.0
268.6444882071306	256.0
268.6544887464675	256.0
268.66448928580445	259.0
268.67448982514134	259.0
268.6844903644782	259.0
268.6944909038151	256.0
268.70449144315205	256.0
268.71449198248894	256.0
268.7244925218258	253.0
268.7344930611627	253.0
268.74449360049965	250.0
268.75449413983654	250.0
268.7644946791734	248.0
268.7744952185103	248.0
268.78449575784725	245.0
268.79449629718414	245.0
268.804496836521	245.0
268.8144973758579	248.0
268.8244979151948	248.0
268.83449845453174	248.0
268.8444989938686	248.0
268.8544995332055	248.0
268.8645000725424	250.0
268.87450061187934	250.0
268.8845011512162	253.0
268.8945016905531	250.0
268.90450222989	248.0
268.91450276922694	239.0
268.9245033085638	231.0
268.9345038479007	228.0
268.9445043872376	228.0
268.95450492657454	236.0
268.96450546591143	248.0
268.9745060052483	250.0
268.9845065445852	250.0
268.9945070839221	253.0
269.00450762325903	253.0
269.0145081625959	253.0
269.0245087019328	256.0
269.0345092412697	256.0
269.04450978060663	256.0
269.0545103199435	256.0
269.0645108592804	256.0
269.0745113986173	253.0
269.08451193795423	248.0
269.0945124772911	242.0
269.104513016628	231.0
269.1145135559649	213.0
269.12451409530183	201.0
269.1345146346387	201.0
269.1445151739756	203.0
269.1545157133125	208.0
269.1645162526494	215.0
269.1745167919863	220.0
269.1845173313232	226.0
269.1945178706601	234.0
269.204518409997	236.0
269.2145189493339	239.0
269.2245194886708	236.0
269.2345200280077	234.0
269.2445205673446	228.0
269.2545211066815	223.0
269.2645216460184	194.0
269.2745221853553	187.0
269.2845227246922	185.0
269.2945232640291	185.0
269.304523803366	187.0
269.3145243427029	236.0
269.3245248820398	248.0
269.3345254213767	253.0
269.3445259607136	259.0
269.3545265000505	265.0
269.3645270393874	272.0
269.37452757872427	272.0
269.3845281180612	272.0
269.3945286573981	268.0
269.404529196735	262.0
269.41452973607187	256.0
269.4245302754088	245.0
269.4345308147457	228.0
269.4445313540826	213.0
269.45453189341947	210.0
269.4645324327564	210.0
269.4745329720933	215.0
269.4845335114302	220.0
269.4945340507671	228.0
269.504534590104	236.0
269.5145351294409	245.0
269.5245356687778	250.0
269.5345362081147	253.0
269.54453674745156	253.0
269.5545372867885	250.0
269.5645378261254	242.0
269.5745383654623	231.0
269.58453890479916	223.0
269.5945394441361	187.0
269.604539983473	187.0
269.6145405228099	194.0
269.62454106214676	199.0
269.6345416014837	201.0
269.6445421408206	203.0
269.6545426801575	206.0
269.66454321949436	208.0
269.6745437588313	210.0
269.6845442981682	210.0
269.6945448375051	208.0
269.70454537684196	208.0
269.71454591617885	206.0
269.7245464555158	203.0
269.7345469948527	199.0
269.74454753418956	192.0
269.75454807352645	183.0
269.7645486128634	183.0
269.7745491522003	183.0
269.78454969153717	196.0
269.79455023087405	210.0
269.804550770211	218.0
269.8145513095479	226.0
269.82455184888477	231.0
269.83455238822165	234.0
269.8445529275586	234.0
269.8545534668955	234.0
269.86455400623237	228.0
269.87455454556925	220.0
269.88455508490614	215.0
269.8945556242431	203.0
269.90455616357997	190.0
269.91455670291685	185.0
269.92455724225374	185.0
269.9345577815907	185.0
269.94455832092757	187.0
269.95455886026446	194.0
269.96455939960134	245.0
269.9745599389383	250.0
269.98456047827517	250.0
269.99456101761206	253.0
270.00456155694894	253.0
270.0145620962859	253.0
270.0245626356228	253.0
270.03456317495966	253.0
270.04456371429654	253.0
270.0545642536335	253.0
270.0645647929704	253.0
270.07456533230726	253.0
270.08456587164414	253.0
270.09456641098103	253.0
270.104566950318	253.0
270.11456748965486	253.0
270.12456802899175	256.0
270.13456856832863	256.0
270.1445691076656	256.0
270.15456964700246	256.0
270.16457018633935	256.0
270.17457072567623	256.0
270.1845712650132	256.0
270.19457180435006	256.0
270.20457234368695	253.0
270.21457288302383	253.0
270.2245734223608	250.0
270.23457396169766	242.0
270.24457450103455	231.0
270.25457504037144	228.0
270.2645755797083	234.0
270.27457611904526	256.0
270.28457665838215	259.0
270.29457719771904	262.0
270.3045777370559	265.0
270.31457827639287	268.0
270.32457881572975	268.0
270.33457935506664	268.0
270.3445798944035	262.0
270.35458043374047	256.0
270.36458097307735	245.0
270.37458151241424	236.0
270.3845820517511	231.0
270.39458259108807	0.0
270.40458313042495	0.0
270.41458366976184	0.0
270.4245842090987	0.0
270.4345847484356	0.0
270.44458528777255	0.0
270.45458582710944	0.0
270.4645863664463	0.0
270.4745869057832	0.0
270.48458744512016	0.0
270.49458798445704	0.0
270.5045885237939	0.0
270.5145890631308	0.0
270.52458960246776	0.0
270.53459014180464	0.0
270.5445906811415	0.0
270.5545912204784	0.0
270.56459175981536	0.0
270.57459229915224	0.0
270.58459283848913	0.0
270.594593377826	0.0
270.6045939171629	0.0
270.61459445649984	0.0
270.62459499583673	181.0
270.6345955351736	179.0
270.6445960745105	177.0
270.65459661384745	175.0
270.66459715318433	171.0
270.6745976925212	169.0
270.6845982318581	167.0
270.69459877119505	165.0
270.70459931053193	161.0
270.7145998498688	158.0
270.7246003892057	154.0
270.73460092854265	150.0
270.74460146787953	149.0
270.7546020072164	149.0
270.7646025465533	149.0
270.77460308589025	150.0
270.78460362522713	150.0
270.794604164564	152.0
270.8046047039009	149.0
270.8146052432378	167.0
270.82460578257474	169.0
270.8346063219116	173.0
270.8446068612485	175.0
270.8546074005854	175.0
270.86460793992234	173.0
270.8746084792592	169.0
270.8846090185961	161.0
270.894609557933	154.0
270.90461009726994	152.0
270.9146106366068	149.0
270.9246111759437	0.0
270.9346117152806	0.0
270.94461225461754	0.0
270.9546127939544	0.0
270.9646133332913	220.0
270.9746138726282	218.0
270.9846144119651	215.0
270.994614951302	215.0
271.0046154906389	213.0
271.0146160299758	210.0
271.0246165693127	208.0
271.0346171086496	208.0
271.0446176479865	206.0
271.0546181873234	206.0
271.0646187266603	203.0
271.0746192659972	203.0
271.0846198053341	199.0
271.094620344671	187.0
271.1046208840079	187.0
271.11462142334483	187.0
271.1246219626817	213.0
271.1346225020186	223.0
271.1446230413555	231.0
271.1546235806924	234.0
271.1646241200293	236.0
271.1746246593662	239.0
271.1846251987031	236.0
271.19462573804	236.0
271.2046262773769	231.0
271.2146268167138	228.0
271.2246273560507	223.0
271.2346278953876	218.0
271.2446284347245	208.0
271.2546289740614	196.0
271.2646295133983	192.0
271.2746300527352	194.0
271.2846305920721	242.0
271.294631131409	245.0
271.3046316707459	250.0
271.3146322100828	253.0
271.3246327494197	256.0
271.3346332887566	256.0
271.3446338280935	256.0
271.3546343674304	256.0
271.36463490676726	256.0
271.3746354461042	256.0
271.3846359854411	256.0
271.394636524778	253.0
271.40463706411487	253.0
271.4146376034518	253.0
271.4246381427887	253.0
271.4346386821256	253.0
271.44463922146247	253.0
271.4546397607994	253.0
271.4646403001363	253.0
271.4746408394732	256.0
271.48464137881007	259.0
271.494641918147	259.0
271.5046424574839	259.0
271.5146429968208	256.0
271.52464353615767	256.0
271.53464407549455	253.0
271.5446446148315	253.0
271.5546451541684	253.0
271.56464569350527	250.0
271.57464623284216	250.0
271.5846467721791	248.0
271.594647311516	242.0
271.60464785085287	236.0
271.61464839018976	231.0
271.6246489295267	231.0
271.6346494688636	234.0
271.6446500082005	239.0
271.65465054753736	248.0
271.6646510868743	250.0
271.6746516262112	250.0
271.6846521655481	250.0
271.69465270488496	250.0
271.70465324422184	250.0
271.7146537835588	253.0
271.7246543228957	253.0
271.73465486223256	253.0
271.74465540156945	253.0
271.7546559409064	253.0
271.7646564802433	248.0
271.77465701958016	242.0
271.78465755891705	239.0
271.794658098254	239.0
271.8046586375909	239.0
271.81465917692776	239.0
271.82465971626465	234.0
271.8346602556016	231.0
271.8446607949385	231.0
271.85466133427536	234.0
271.86466187361225	239.0
271.87466241294914	253.0
271.8846629522861	262.0
271.89466349162296	272.0
271.90466403095985	278.0
271.91466457029674	278.0
271.9246651096337	272.0
271.93466564897057	265.0
271.94466618830745	259.0
271.95466672764434	253.0
271.9646672669813	250.0
271.97466780631817	250.0
271.98466834565505	259.0
271.99466888499194	284.0
272.0046694243289	305.0
272.01466996366577	323.0
272.02467050300265	350.0
272.03467104233954	371.0
272.0446715816765	389.0
272.05467212101337	398.0
272.06467266035025	398.0
272.07467319968714	398.0
272.084673739024	389.0
272.09467427836097	384.0
272.10467481769786	350.0
272.11467535703474	342.0
272.1246758963716	308.0
272.13467643570857	305.0
272.14467697504546	305.0
272.15467751438234	308.0
272.16467805371923	308.0
272.17467859305617	312.0
272.18467913239306	312.0
272.19467967172994	312.0
272.20468021106683	312.0
272.2146807504038	312.0
272.22468128974066	308.0
272.23468182907754	305.0
272.24468236841443	256.0
272.2546829077513	245.0
272.26468344708826	226.0
272.27468398642515	218.0
272.28468452576203	218.0
272.2946850650989	223.0
272.30468560443586	228.0
272.31468614377275	236.0
272.32468668310963	245.0
272.3346872224465	253.0
272.34468776178346	259.0
272.35468830112035	262.0
272.36468884045723	262.0
272.3746893797941	259.0
272.38468991913106	250.0
272.39469045846795	242.0
272.40469099780483	228.0
272.4146915371417	199.0
272.4246920764786	199.0
272.43469261581555	206.0
272.44469315515244	210.0
272.4546936944893	218.0
272.4646942338262	223.0
272.47469477316315	226.0
272.48469531250004	228.0
272.4946958518369	231.0
272.5046963911738	234.0
272.51469693051075	234.0
272.52469746984764	236.0
272.5346980091845	236.0
272.5446985485214	236.0
272.55469908785835	231.0
272.56469962719524	226.0
272.5747001665321	213.0
272.584700705869	0.0
272.59470124520595	0.0
272.60470178454284	0.0
272.6147023238797	0.0
272.6247028632166	259.0
272.6347034025535	256.0
272.64470394189044	256.0
272.6547044812273	256.0
272.6647050205642	256.0
272.6747055599011	253.0
272.68470609923804	253.0
272.6947066385749	250.0
272.7047071779118	250.0
272.7147077172487	250.0
272.72470825658564	253.0
272.73470879592253	253.0
272.7447093352594	256.0
272.7547098745963	259.0
272.76471041393324	262.0
272.77471095327013	265.0
272.784711492607	262.0
272.7947120319439	259.0
272.8047125712808	256.0
272.81471311061773	250.0
272.8247136499546	248.0
272.8347141892915	245.0
272.8447147286284	248.0
272.85471526796533	248.0
272.8647158073022	253.0
272.8747163466391	256.0
272.884716885976	259.0
272.89471742531293	262.0
272.9047179646498	262.0
272.9147185039867	256.0
272.9247190433236	250.0
272.93471958266053	245.0
272.9447201219974	242.0
272.9547206613343	242.0
272.9647212006712	245.0
272.9747217400081	245.0
272.984722279345	245.0
272.9947228186819	245.0
273.0047233580188	245.0
273.0147238973557	248.0
273.0247244366926	250.0
273.0347249760295	256.0
273.0447255153664	259.0
273.0547260547033	262.0
273.0647265940402	259.0
273.0747271333771	253.0
273.084727672714	234.0
273.0947282120509	231.0
273.1047287513878	236.0
273.1147292907247	256.0
273.1247298300616	262.0
273.1347303693985	265.0
273.14473090873537	268.0
273.1547314480723	288.0
273.1647319874092	301.0
273.1747325267461	319.0
273.18473306608297	350.0
273.1947336054199	375.0
273.2047341447568	412.0
273.2147346840937	431.0
273.22473522343057	441.0
273.2347357627675	441.0
273.2447363021044	436.0
273.2547368414413	402.0
273.2647373807782	380.0
273.2747379201151	363.0
273.284738459452	350.0
273.2947389987889	334.0
273.3047395381258	331.0
273.3147400774627	334.0
273.3247406167996	346.0
273.3347411561365	371.0
273.3447416954734	384.0
273.35474223481026	389.0
273.3647427741472	389.0
273.3747433134841	389.0
273.384743852821	389.0
273.39474439215786	384.0
273.4047449314948	375.0
273.4147454708317	301.0
273.4247460101686	0.0
273.43474654950546	308.0
273.4447470888424	308.0
273.4547476281793	308.0
273.4647481675162	305.0
273.47474870685306	301.0
273.48474924619	301.0
273.4947497855269	305.0
273.5047503248638	308.0
273.51475086420066	312.0
273.52475140353755	312.0
273.5347519428745	316.0
273.5447524822114	316.0
273.55475302154827	265.0
273.56475356088515	253.0
273.5747541002221	242.0
273.584754639559	226.0
273.59475517889587	220.0
273.60475571823275	218.0
273.6147562575697	220.0
273.6247567969066	228.0
273.63475733624347	236.0
273.64475787558035	248.0
273.6547584149173	259.0
273.6647589542542	268.0
273.67475949359107	272.0
273.68476003292795	272.0
273.69476057226484	268.0
273.7047611116018	262.0
273.71476165093867	250.0
273.72476219027556	236.0
273.73476272961244	228.0
273.7447632689494	201.0
273.75476380828627	201.0
273.76476434762316	206.0
273.77476488696004	210.0
273.784765426297	218.0
273.79476596563387	220.0
273.80476650497076	223.0
273.81476704430764	228.0
273.8247675836446	231.0
273.8347681229815	231.0
273.84476866231836	234.0
273.85476920165524	231.0
273.8647697409922	226.0
273.8747702803291	223.0
273.88477081966596	220.0
273.89477135900285	0.0
273.90477189833973	0.0
273.9147724376767	0.0
273.92477297701356	0.0
273.93477351635045	253.0
273.94477405568733	259.0
273.9547745950243	259.0
273.96477513436116	256.0
273.97477567369805	256.0
273.98477621303493	253.0
273.9947767523719	253.0
274.00477729170876	253.0
274.01477783104565	253.0
274.02477837038253	253.0
274.0347789097195	253.0
274.04477944905636	253.0
274.05477998839325	250.0
274.06478052773014	250.0
274.074781067067	250.0
274.08478160640396	250.0
274.09478214574085	250.0
274.10478268507774	250.0
274.1147832244146	250.0
274.12478376375157	250.0
274.13478430308845	250.0
274.14478484242534	248.0
274.1547853817622	248.0
274.16478592109917	248.0
274.17478646043605	245.0
274.18478699977294	245.0
274.1947875391098	245.0
274.20478807844677	245.0
274.21478861778365	248.0
274.22478915712054	248.0
274.2347896964574	248.0
274.2447902357943	250.0
274.25479077513126	250.0
274.26479131446814	253.0
274.274791853805	256.0
274.2847923931419	256.0
274.29479293247886	256.0
274.30479347181574	256.0
274.3147940111526	256.0
274.3247945504895	256.0
274.33479508982646	256.0
274.34479562916334	256.0
274.35479616850023	256.0
274.3647967078371	256.0
274.37479724717406	256.0
274.38479778651094	256.0
274.39479832584783	253.0
274.4047988651847	253.0
274.4147994045216	253.0
274.42479994385855	253.0
274.43480048319543	256.0
274.4448010225323	256.0
274.4548015618692	256.0
274.46480210120615	256.0
274.47480264054303	256.0
274.4848031798799	256.0
274.4948037192168	253.0
274.50480425855375	253.0
274.51480479789063	250.0
274.5248053372275	245.0
274.5348058765644	239.0
274.54480641590135	234.0
274.55480695523823	231.0
274.5648074945751	228.0
274.574808033912	228.0
274.58480857324895	228.0
274.59480911258584	234.0
274.6048096519227	236.0
274.6148101912596	242.0
274.6248107305965	248.0
274.63481126993344	250.0
274.6448118092703	253.0
274.6548123486072	256.0
274.6648128879441	256.0
274.67481342728104	256.0
274.6848139666179	256.0
274.6948145059548	256.0
274.7048150452917	256.0
274.71481558462864	256.0
274.7248161239655	253.0
274.7348166633024	253.0
274.7448172026393	253.0
274.75481774197624	250.0
274.7648182813131	250.0
274.77481882065	250.0
274.7848193599869	250.0
274.7948198993238	250.0
274.8048204386607	250.0
274.8148209779976	253.0
274.8248215173345	256.0
274.8348220566714	259.0
274.8448225960083	259.0
274.8548231353452	262.0
274.8648236746821	259.0
274.874824214019	259.0
274.88482475335593	256.0
274.8948252926928	250.0
274.9048258320297	245.0
274.9148263713666	239.0
274.92482691070353	0.0
274.9348274500404	0.0
274.9448279893773	0.0
274.9548285287142	0.0
274.9648290680511	0.0
274.974829607388	0.0
274.9848301467249	0.0
274.9948306860618	0.0
275.0048312253987	0.0
275.0148317647356	0.0
275.0248323040725	0.0
275.0348328434094	0.0
275.0448333827463	0.0
275.0548339220832	0.0
275.0648344614201	0.0
275.074835000757	0.0
275.0848355400939	0.0
275.0948360794308	0.0
275.1048366187677	0.0
275.1148371581046	0.0
275.1248376974415	0.0
275.1348382367784	0.0
275.1448387761153	0.0
275.1548393154522	0.0
275.1648398547891	0.0
275.17484039412597	0.0
275.1848409334629	0.0
275.1948414727998	0.0
275.2048420121367	0.0
275.21484255147357	0.0
275.2248430908105	0.0
275.2348436301474	0.0
275.2448441694843	0.0
275.25484470882117	0.0
275.2648452481581	0.0
275.274845787495	0.0
275.2848463268319	0.0
275.29484686616877	0.0
275.3048474055057	0.0
275.3148479448426	284.0
275.3248484841795	281.0
275.33484902351637	278.0
275.34484956285326	275.0
275.3548501021902	272.0
275.3648506415271	268.0
275.37485118086397	265.0
275.38485172020086	265.0
275.3948522595378	262.0
275.4048527988747	259.0
275.41485333821157	256.0
275.42485387754846	253.0
275.4348544168854	250.0
275.4448549562223	250.0
275.4548554955592	250.0
275.46485603489606	250.0
275.474856574233	250.0
275.4848571135699	250.0
275.4948576529068	250.0
275.50485819224366	250.0
275.51485873158055	253.0
275.5248592709175	253.0
275.5348598102544	256.0
275.54486034959126	256.0
275.55486088892815	256.0
275.5648614282651	256.0
275.574861967602	256.0
275.58486250693886	256.0
275.59486304627575	256.0
275.6048635856127	253.0
275.6148641249496	253.0
275.62486466428646	253.0
275.63486520362335	253.0
275.6448657429603	256.0
275.6548662822972	262.0
275.66486682163406	268.0
275.67486736097095	275.0
275.68486790030784	281.0
275.6948684396448	284.0
275.70486897898166	288.0
275.71486951831855	284.0
275.72487005765544	281.0
275.7348705969924	275.0
275.74487113632927	265.0
275.75487167566615	262.0
275.76487221500304	256.0
275.77487275434	253.0
275.78487329367687	253.0
275.79487383301375	250.0
275.80487437235064	250.0
275.8148749116876	250.0
275.82487545102447	253.0
275.83487599036135	253.0
275.84487652969824	253.0
275.8548770690352	253.0
275.86487760837207	253.0
275.87487814770896	253.0
275.88487868704584	253.0
275.8948792263827	253.0
275.90487976571967	253.0
275.91488030505656	256.0
275.92488084439344	265.0
275.9348813837303	281.0
275.94488192306727	294.0
275.95488246240416	305.0
275.96488300174104	312.0
275.97488354107793	319.0
275.9848840804149	319.0
275.99488461975176	319.0
276.00488515908864	319.0
276.01488569842553	316.0
276.0248862377625	308.0
276.03488677709936	301.0
276.04488731643625	294.0
276.05488785577313	288.0
276.06488839511	281.0
276.07488893444696	278.0
276.08488947378385	272.0
276.09489001312073	268.0
276.1048905524576	265.0
276.11489109179456	262.0
276.12489163113145	259.0
276.13489217046833	259.0
276.1448927098052	259.0
276.15489324914216	259.0
276.16489378847905	259.0
276.17489432781593	256.0
276.1848948671528	256.0
276.19489540648976	256.0
276.20489594582665	256.0
276.21489648516354	256.0
276.2248970245004	256.0
276.2348975638373	256.0
276.24489810317425	256.0
276.25489864251114	256.0
276.264899181848	256.0
276.2748997211849	256.0
276.28490026052185	256.0
276.29490079985874	259.0
276.3049013391956	262.0
276.3149018785325	268.0
276.32490241786945	275.0
276.33490295720634	278.0
276.3449034965432	284.0
276.3549040358801	288.0
276.36490457521705	288.0
276.37490511455394	288.0
276.3849056538908	284.0
276.3949061932277	281.0
276.4049067325646	275.0
276.41490727190154	268.0
276.4249078112384	262.0
276.4349083505753	259.0
276.4449088899122	253.0
276.45490942924914	250.0
276.464909968586	245.0
276.4749105079229	239.0
276.4849110472598	236.0
276.49491158659674	234.0
276.50491212593363	234.0
276.5149126652705	231.0
276.5249132046074	231.0
276.53491374394434	228.0
276.54491428328123	228.0
276.5549148226181	228.0
276.564915361955	228.0
276.57491590129194	228.0
276.58491644062883	228.0
276.5949169799657	228.0
276.6049175193026	228.0
276.6149180586395	226.0
276.62491859797643	226.0
276.6349191373133	223.0
276.6449196766502	226.0
276.6549202159871	228.0
276.66492075532403	248.0
276.6749212946609	256.0
276.6849218339978	259.0
276.6949223733347	259.0
276.70492291267163	259.0
276.7149234520085	256.0
276.7249239913454	253.0
276.7349245306823	250.0
276.74492507001924	248.0
276.7549256093561	242.0
276.764926148693	236.0
276.7749266880299	234.0
276.7849272273668	228.0
276.7949277667037	226.0
276.8049283060406	226.0
276.8149288453775	223.0
276.8249293847144	223.0
276.8349299240513	223.0
276.8449304633882	223.0
276.8549310027251	223.0
276.864931542062	226.0
276.8749320813989	228.0
276.8849326207358	231.0
276.8949331600727	234.0
276.9049336994096	239.0
276.9149342387465	242.0
276.9249347780834	248.0
276.9349353174203	250.0
276.9449358567572	253.0
276.95493639609407	253.0
276.964936935431	250.0
276.9749374747679	250.0
276.9849380141048	245.0
276.99493855344167	242.0
277.0049390927786	236.0
277.0149396321155	231.0
277.0249401714524	228.0
277.0349407107893	226.0
277.0449412501262	223.0
277.0549417894631	223.0
277.0649423288	223.0
277.0749428681369	226.0
277.0849434074738	228.0
277.0949439468107	234.0
277.1049444861476	239.0
277.1149450254845	245.0
277.1249455648214	250.0
277.1349461041583	256.0
277.1449466434952	259.0
277.1549471828321	262.0
277.16494772216896	262.0
277.1749482615059	262.0
277.1849488008428	262.0
277.1949493401797	259.0
277.20494987951656	256.0
277.2149504188535	253.0
277.2249509581904	250.0
277.2349514975273	248.0
277.24495203686416	242.0
277.2549525762011	239.0
277.264953115538	236.0
277.2749536548749	234.0
277.28495419421176	234.0
277.2949547335487	234.0
277.3049552728856	239.0
277.3149558122225	245.0
277.32495635155936	250.0
277.33495689089625	259.0
277.3449574302332	268.0
277.3549579695701	281.0
277.36495850890697	288.0
277.37495904824385	291.0
277.3849595875808	294.0
277.3949601269177	298.0
277.40496066625457	298.0
277.41496120559145	301.0
277.4249617449284	301.0
277.4349622842653	301.0
277.44496282360217	301.0
277.45496336293905	301.0
277.464963902276	301.0
277.4749644416129	301.0
277.48496498094977	301.0
277.49496552028666	301.0
277.50496605962354	301.0
277.5149665989605	305.0
277.52496713829737	305.0
277.53496767763426	305.0
277.54496821697114	305.0
277.5549687563081	305.0
277.56496929564497	305.0
277.57496983498186	301.0
277.58497037431874	301.0
277.5949709136557	301.0
277.6049714529926	301.0
277.61497199232946	301.0
277.62497253166634	301.0
277.6349730710033	301.0
277.6449736103402	301.0
277.65497414967706	301.0
277.66497468901395	301.0
277.67497522835083	301.0
277.6849757676878	301.0
277.69497630702466	301.0
277.70497684636155	305.0
277.71497738569843	305.0
277.7249779250354	305.0
277.73497846437226	305.0
277.74497900370915	305.0
277.75497954304603	301.0
277.764980082383	301.0
277.77498062171986	301.0
277.78498116105675	301.0
277.79498170039363	298.0
277.8049822397306	298.0
277.81498277906746	294.0
277.82498331840435	288.0
277.83498385774124	281.0
277.8449843970782	272.0
277.85498493641506	259.0
277.86498547575195	250.0
277.87498601508884	242.0
277.8849865544257	234.0
277.89498709376267	223.0
277.90498763309955	0.0
277.91498817243644	0.0
277.9249887117733	0.0
277.93498925111027	0.0
277.94498979044715	0.0
277.95499032978404	0.0
277.9649908691209	0.0
277.97499140845787	0.0
277.98499194779475	0.0
277.99499248713164	0.0
278.0049930264685	0.0
278.01499356580547	250.0
278.02499410514235	248.0
278.03499464447924	248.0
278.0449951838161	250.0
278.054995723153	259.0
278.06499626248996	308.0
278.07499680182684	308.0
278.0849973411637	308.0
278.0949978805006	305.0
278.10499841983756	305.0
278.11499895917444	301.0
278.12499949851133	301.0
278.1350000378482	301.0
278.14500057718516	301.0
278.15500111652204	301.0
278.16500165585893	301.0
278.1750021951958	305.0
278.18500273453276	308.0
278.19500327386964	308.0
278.20500381320653	308.0
278.2150043525434	308.0
278.2250048918803	308.0
278.23500543121725	308.0
278.24500597055413	305.0
278.255006509891	301.0
278.2650070492279	298.0
278.27500758856485	294.0
278.28500812790173	291.0
278.2950086672386	288.0
278.3050092065755	281.0
278.31500974591245	272.0
278.32501028524933	262.0
278.3350108245862	259.0
278.3450113639231	256.0
278.35501190326005	253.0
278.36501244259694	250.0
278.3750129819338	250.0
278.3850135212707	250.0
278.39501406060765	256.0
278.40501459994454	262.0
278.4150151392814	268.0
278.4250156786183	278.0
278.4350162179552	288.0
278.44501675729214	291.0
278.455017296629	298.0
278.4650178359659	301.0
278.4750183753028	305.0
278.48501891463974	305.0
278.4950194539766	305.0
278.5050199933135	305.0
278.5150205326504	305.0
278.52502107198734	305.0
278.5350216113242	305.0
278.5450221506611	305.0
278.555022689998	305.0
278.56502322933494	305.0
278.5750237686718	305.0
278.5850243080087	305.0
278.5950248473456	305.0
278.6050253866825	305.0
278.6150259260194	301.0
278.6250264653563	301.0
278.6350270046932	301.0
278.6450275440301	301.0
278.65502808336703	301.0
278.6650286227039	301.0
278.6750291620408	301.0
278.6850297013777	301.0
278.69503024071463	301.0
278.7050307800515	301.0
278.7150313193884	301.0
278.7250318587253	301.0
278.73503239806223	301.0
278.7450329373991	301.0
278.755033476736	305.0
278.7650340160729	305.0
278.7750345554098	305.0
278.7850350947467	305.0
278.7950356340836	305.0
278.8050361734205	305.0
278.8150367127574	305.0
278.8250372520943	305.0
278.8350377914312	301.0
278.8450383307681	301.0
278.855038870105	301.0
278.8650394094419	301.0
278.8750399487788	305.0
278.8850404881157	305.0
278.8950410274526	305.0
278.9050415667895	305.0
278.9150421061264	305.0
278.9250426454633	305.0
278.9350431848002	305.0
278.94504372413707	301.0
278.955044263474	298.0
278.9650448028109	256.0
278.9750453421478	253.0
278.98504588148467	0.0
278.9950464208216	0.0
279.0050469601585	0.0
279.0150474994954	0.0
279.02504803883227	0.0
279.0350485781692	0.0
279.0450491175061	0.0
279.055049656843	0.0
279.06505019617987	0.0
279.0750507355168	0.0
279.0850512748537	0.0
279.0950518141906	0.0
279.10505235352747	0.0
279.1150528928644	0.0
279.1250534322013	0.0
279.1350539715382	0.0
279.14505451087507	0.0
279.15505505021196	0.0
279.1650555895489	0.0
279.1750561288858	0.0
279.18505666822267	0.0
279.19505720755956	0.0
279.2050577468965	0.0
279.2150582862334	0.0
279.2250588255703	0.0
279.23505936490716	0.0
279.2450599042441	0.0
279.255060443581	0.0
279.2650609829179	0.0
279.27506152225476	0.0
279.2850620615917	0.0
279.2950626009286	0.0
279.3050631402655	0.0
279.31506367960236	0.0
279.32506421893925	0.0
279.3350647582762	0.0
279.3450652976131	0.0
279.35506583694996	0.0
279.36506637628685	0.0
279.3750669156238	284.0
279.3850674549607	281.0
279.39506799429756	281.0
279.40506853363445	284.0
279.4150690729714	291.0
279.4250696123083	298.0
279.43507015164516	301.0
279.44507069098205	305.0
279.455071230319	305.0
279.4650717696559	305.0
279.47507230899276	305.0
279.48507284832965	305.0
279.49507338766654	305.0
279.5050739270035	305.0
279.51507446634037	308.0
279.52507500567725	308.0
279.53507554501414	308.0
279.5450760843511	308.0
279.55507662368797	308.0
279.56507716302485	308.0
279.57507770236174	308.0
279.5850782416987	308.0
279.59507878103557	305.0
279.60507932037245	301.0
279.61507985970934	298.0
279.6250803990463	291.0
279.63508093838317	291.0
279.64508147772005	288.0
279.65508201705694	281.0
279.6650825563939	275.0
279.67508309573077	265.0
279.68508363506766	256.0
279.69508417440454	250.0
279.7050847137414	248.0
279.71508525307837	242.0
279.72508579241526	242.0
279.73508633175214	239.0
279.74508687108903	242.0
279.755087410426	242.0
279.76508794976286	245.0
279.77508848909974	245.0
279.78508902843663	250.0
279.7950895677736	256.0
279.80509010711046	265.0
279.81509064644735	272.0
279.82509118578423	284.0
279.8350917251212	288.0
279.84509226445806	291.0
279.85509280379495	291.0
279.86509334313183	291.0
279.8750938824687	291.0
279.88509442180566	288.0
279.89509496114255	284.0
279.90509550047943	278.0
279.9150960398163	272.0
279.92509657915326	265.0
279.93509711849015	259.0
279.94509765782703	256.0
279.9550981971639	253.0
279.96509873650086	250.0
279.97509927583775	248.0
279.98509981517464	248.0
279.9951003545115	248.0
280.00510089384846	250.0
280.01510143318535	253.0
280.02510197252224	259.0
280.0351025118591	268.0
280.045103051196	281.0
280.05510359053295	288.0
280.06510412986984	294.0
280.0751046692067	301.0
280.0851052085436	305.0
280.09510574788055	308.0
280.10510628721744	308.0
280.1151068265543	308.0
280.1251073658912	305.0
280.13510790522815	298.0
280.14510844456504	291.0
280.1551089839019	288.0
280.1651095232388	281.0
280.17511006257575	275.0
280.18511060191264	268.0
280.1951111412495	265.0
280.2051116805864	259.0
280.2151122199233	256.0
280.22511275926024	253.0
280.2351132985971	253.0
280.245113837934	250.0
280.2551143772709	250.0
280.26511491660784	250.0
280.27511545594473	253.0
280.2851159952816	253.0
280.2951165346185	256.0
280.30511707395544	259.0
280.31511761329233	262.0
280.3251181526292	268.0
280.3351186919661	284.0
280.34511923130304	298.0
280.35511977063993	308.0
280.3651203099768	319.0
280.3751208493137	331.0
280.38512138865065	342.0
280.39512192798753	358.0
280.4051224673244	367.0
280.4151230066613	371.0
280.4251235459982	367.0
280.43512408533513	367.0
280.445124624672	358.0
280.4551251640089	354.0
280.4651257033458	350.0
280.47512624268273	346.0
280.4851267820196	342.0
280.4951273213565	338.0
280.5051278606934	334.0
280.51512840003033	334.0
280.5251289393672	334.0
280.5351294787041	334.0
280.545130018041	334.0
280.55513055737794	334.0
280.5651310967148	334.0
280.5751316360517	334.0
280.5851321753886	334.0
280.5951327147255	334.0
280.6051332540624	334.0
280.6151337933993	334.0
280.6251343327362	338.0
280.6351348720731	346.0
280.64513541141	350.0
280.6551359507469	363.0
280.6651364900838	375.0
280.6751370294207	384.0
280.6851375687576	384.0
280.6951381080945	384.0
280.7051386474314	380.0
280.7151391867683	371.0
280.7251397261052	354.0
280.7351402654421	338.0
280.745140804779	323.0
280.7551413441159	312.0
280.76514188345277	308.0
280.7751424227897	308.0
280.7851429621266	308.0
280.7951435014635	308.0
280.80514404080037	312.0
280.8151445801373	312.0
280.8251451194742	312.0
280.8351456588111	312.0
280.845146198148	312.0
280.8551467374849	308.0
280.8651472768218	308.0
280.8751478161587	305.0
280.8851483554956	305.0
280.8951488948325	305.0
280.9051494341694	301.0
280.9151499735063	301.0
280.9251505128432	301.0
280.9351510521801	301.0
280.945151591517	301.0
280.9551521308539	305.0
280.9651526701908	305.0
280.97515320952766	305.0
280.9851537488646	305.0
280.9951542882015	308.0
281.0051548275384	308.0
281.01515536687526	308.0
281.0251559062122	308.0
281.0351564455491	308.0
281.045156984886	308.0
281.05515752422286	308.0
281.0651580635598	308.0
281.0751586028967	308.0
281.0851591422336	308.0
281.09515968157046	305.0
281.1051602209074	305.0
281.1151607602443	305.0
281.1251612995812	305.0
281.13516183891807	305.0
281.14516237825495	301.0
281.1551629175919	301.0
281.1651634569288	301.0
281.17516399626567	301.0
281.18516453560255	301.0
281.1951650749395	301.0
281.2051656142764	301.0
281.21516615361327	301.0
281.22516669295015	301.0
281.2351672322871	301.0
281.245167771624	301.0
281.25516831096087	301.0
281.26516885029775	301.0
281.2751693896347	301.0
281.2851699289716	301.0
281.29517046830847	301.0
281.30517100764536	301.0
281.31517154698224	301.0
281.3251720863192	305.0
281.33517262565607	305.0
281.34517316499296	305.0
281.35517370432984	305.0
281.3651742436668	298.0
281.3751747830037	294.0
281.38517532234056	281.0
281.39517586167744	268.0
281.4051764010144	262.0
281.4151769403513	259.0
281.42517747968816	259.0
281.43517801902505	265.0
281.445178558362	281.0
281.4551790976989	298.0
281.46517963703576	301.0
281.47518017637265	305.0
281.48518071570953	305.0
281.4951812550465	305.0
281.50518179438336	301.0
281.51518233372025	301.0
281.52518287305713	301.0
281.5351834123941	301.0
281.54518395173096	301.0
281.55518449106785	301.0
281.56518503040473	301.0
281.5751855697417	301.0
281.58518610907856	301.0
281.59518664841545	301.0
281.60518718775234	301.0
281.6151877270893	301.0
281.62518826642616	301.0
281.63518880576305	301.0
281.64518934509994	298.0
281.6551898844369	298.0
281.66519042377377	294.0
281.67519096311065	291.0
281.68519150244754	284.0
281.6951920417844	281.0
281.70519258112137	272.0
281.71519312045825	262.0
281.72519365979514	256.0
281.735194199132	248.0
281.74519473846897	242.0
281.75519527780585	236.0
281.76519581714274	234.0
281.7751963564796	231.0
281.78519689581657	231.0
281.79519743515345	234.0
281.80519797449034	236.0
281.8151985138272	245.0
281.82519905316417	250.0
281.83519959250106	262.0
281.84520013183794	278.0
281.8552006711748	291.0
281.8652012105117	298.0
281.87520174984866	301.0
281.88520228918554	305.0
281.89520282852243	305.0
281.9052033678593	305.0
281.91520390719626	305.0
281.92520444653314	298.0
281.93520498587003	294.0
281.9452055252069	288.0
281.95520606454386	281.0
281.96520660388074	275.0
281.97520714321763	268.0
281.9852076825545	262.0
281.99520822189146	259.0
282.00520876122835	256.0
282.01520930056523	250.0
282.0252098399021	248.0
282.035210379239	248.0
282.04521091857595	245.0
282.05521145791283	245.0
282.0652119972497	245.0
282.0752125365866	248.0
282.08521307592355	250.0
282.09521361526043	256.0
282.1052141545973	259.0
282.1152146939342	272.0
282.12521523327115	288.0
282.13521577260803	298.0
282.1452163119449	305.0
282.1552168512818	308.0
282.16521739061875	308.0
282.17521792995564	308.0
282.1852184692925	308.0
282.1952190086294	305.0
282.2052195479663	298.0
282.21522008730324	291.0
282.2252206266401	284.0
282.235221165977	278.0
282.2452217053139	272.0
282.25522224465084	268.0
282.2652227839877	265.0
282.2752233233246	259.0
282.2852238626615	259.0
282.29522440199844	256.0
282.3052249413353	253.0
282.3152254806722	253.0
282.3252260200091	253.0
282.33522655934604	253.0
282.3452270986829	256.0
282.3552276380198	262.0
282.3652281773567	272.0
282.37522871669364	284.0
282.3852292560305	301.0
282.3952297953674	316.0
282.4052303347043	331.0
282.4152308740412	346.0
282.4252314133781	358.0
282.435231952715	367.0
282.4452324920519	371.0
282.4552330313888	367.0
282.46523357072573	354.0
282.4752341100626	334.0
282.4852346493995	316.0
282.4952351887364	301.0
282.50523572807333	294.0
282.5152362674102	291.0
282.5252368067471	291.0
282.535237346084	294.0
282.54523788542093	294.0
282.5552384247578	294.0
282.5652389640947	294.0
282.5752395034316	298.0
282.5852400427685	298.0
282.5952405821054	298.0
282.6052411214423	298.0
282.6152416607792	301.0
282.6252422001161	301.0
282.635242739453	301.0
282.6452432787899	301.0
282.6552438181268	301.0
282.6652443574637	301.0
282.6752448968006	301.0
282.6852454361375	301.0
282.6952459754744	301.0
282.7052465148113	298.0
282.7152470541482	294.0
282.7252475934851	284.0
282.735248132822	248.0
282.7452486721589	245.0
282.75524921149577	0.0
282.7652497508327	0.0
282.7752502901696	0.0
282.7852508295065	0.0
282.79525136884337	0.0
282.8052519081803	0.0
282.8152524475172	0.0
282.8252529868541	312.0
282.83525352619097	312.0
282.8452540655279	312.0
282.8552546048648	308.0
282.8652551442017	308.0
282.87525568353857	308.0
282.8852562228755	308.0
282.8952567622124	308.0
282.9052573015493	308.0
282.91525784088617	308.0
282.9252583802231	308.0
282.93525891956	308.0
282.9452594588969	308.0
282.95525999823377	305.0
282.96526053757066	305.0
282.9752610769076	305.0
282.9852616162445	305.0
282.9952621555814	301.0
283.00526269491826	301.0
283.0152632342552	298.0
283.0252637735921	294.0
283.035264312929	291.0
283.04526485226586	288.0
283.0552653916028	281.0
283.0652659309397	268.0
283.0752664702766	256.0
283.08526700961346	248.0
283.0952675489504	239.0
283.1052680882873	234.0
283.1152686276242	231.0
283.12526916696106	234.0
283.13526970629795	236.0
283.1452702456349	245.0
283.1552707849718	253.0
283.16527132430866	262.0
283.17527186364555	278.0
283.1852724029825	288.0
283.1952729423194	294.0
283.20527348165626	301.0
283.21527402099315	301.0
283.2252745603301	305.0
283.235275099667	308.0
283.24527563900386	308.0
283.25527617834075	305.0
283.2652767176777	301.0
283.2752772570146	298.0
283.28527779635147	294.0
283.29527833568835	288.0
283.30527887502524	284.0
283.3152794143622	278.0
283.32527995369907	268.0
283.33528049303595	262.0
283.34528103237284	259.0
283.3552815717098	253.0
283.36528211104667	250.0
283.37528265038355	250.0
283.38528318972044	248.0
283.3952837290574	248.0
283.40528426839427	248.0
283.41528480773115	250.0
283.42528534706804	253.0
283.435285886405	259.0
283.44528642574187	268.0
283.45528696507876	281.0
283.46528750441564	291.0
283.4752880437525	301.0
283.48528858308947	308.0
283.49528912242636	312.0
283.50528966176324	316.0
283.51529020110013	316.0
283.5252907404371	312.0
283.53529127977396	308.0
283.54529181911084	301.0
283.55529235844773	291.0
283.5652928977847	281.0
283.57529343712156	275.0
283.58529397645844	268.0
283.59529451579533	262.0
283.6052950551323	259.0
283.61529559446916	256.0
283.62529613380605	253.0
283.63529667314293	253.0
283.6452972124799	250.0
283.65529775181676	250.0
283.66529829115365	250.0
283.67529883049053	250.0
283.6852993698274	248.0
283.69529990916436	248.0
283.70530044850125	248.0
283.71530098783813	248.0
283.725301527175	248.0
283.73530206651196	248.0
283.74530260584885	248.0
283.75530314518574	248.0
283.7653036845226	250.0
283.77530422385956	253.0
283.78530476319645	253.0
283.79530530253334	259.0
283.8053058418702	262.0
283.81530638120717	268.0
283.82530692054405	272.0
283.83530745988094	278.0
283.8453079992178	281.0
283.8553085385547	278.0
283.86530907789165	278.0
283.87530961722854	272.0
283.8853101565654	268.0
283.8953106959023	265.0
283.90531123523925	262.0
283.91531177457614	256.0
283.925312313913	253.0
283.9353128532499	248.0
283.94531339258685	245.0
283.95531393192374	242.0
283.9653144712606	236.0
283.9753150105975	234.0
283.98531554993446	234.0
283.99531608927134	231.0
284.0053166286082	231.0
284.0153171679451	228.0
284.025317707282	228.0
284.03531824661894	226.0
284.0453187859558	226.0
284.0553193252927	223.0
284.0653198646296	223.0
284.07532040396654	223.0
284.08532094330343	220.0
284.0953214826403	220.0
284.1053220219772	220.0
284.11532256131414	220.0
284.12532310065103	223.0
284.1353236399879	226.0
284.1453241793248	231.0
284.15532471866175	236.0
284.16532525799863	242.0
284.1753257973355	242.0
284.1853263366724	248.0
284.19532687600935	248.0
284.20532741534623	250.0
284.2153279546831	248.0
284.22532849402	242.0
284.2353290333569	236.0
284.24532957269383	226.0
284.2553301120307	218.0
284.2653306513676	208.0
284.2753311907045	201.0
284.28533173004143	199.0
284.2953322693783	199.0
284.3053328087152	199.0
284.3153333480521	199.0
284.32533388738904	199.0
284.3353344267259	199.0
284.3453349660628	201.0
284.3553355053997	201.0
284.36533604473664	203.0
284.3753365840735	203.0
284.3853371234104	203.0
284.3953376627473	203.0
284.4053382020842	203.0
284.4153387414211	203.0
284.425339280758	201.0
284.4353398200949	201.0
284.4453403594318	201.0
284.4553408987687	199.0
284.4653414381056	201.0
284.4753419774425	201.0
284.4853425167794	203.0
284.4953430561163	206.0
284.5053435954532	210.0
284.5153441347901	215.0
284.525344674127	223.0
284.5353452134639	228.0
284.5453457528008	234.0
284.5553462921377	236.0
284.5653468314746	236.0
284.57534737081147	236.0
284.5853479101484	236.0
284.5953484494853	234.0
284.6053489888222	231.0
284.6153495281591	228.0
284.625350067496	0.0
284.6353506068329	0.0
284.6453511461698	0.0
284.6553516855067	0.0
284.6653522248436	0.0
284.6753527641805	0.0
284.6853533035174	0.0
284.6953538428543	0.0
284.7053543821912	0.0
284.7153549215281	0.0
284.725355460865	0.0
284.7353560002019	0.0
284.74535653953876	0.0
284.7553570788757	0.0
284.7653576182126	0.0
284.7753581575495	0.0
284.78535869688636	0.0
284.7953592362233	0.0
284.8053597755602	0.0
284.8153603148971	0.0
284.82536085423396	0.0
284.8353613935709	0.0
284.8453619329078	0.0
284.8553624722447	0.0
284.86536301158156	0.0
284.8753635509185	0.0
284.8853640902554	0.0
284.8953646295923	0.0
284.90536516892917	0.0
284.9153657082661	0.0
284.925366247603	0.0
284.9353667869399	0.0
284.94536732627677	0.0
284.95536786561365	0.0
284.9653684049506	0.0
284.9753689442875	0.0
284.98536948362437	312.0
284.99537002296125	312.0
285.0053705622982	312.0
285.0153711016351	308.0
285.02537164097197	308.0
285.03537218030885	308.0
285.0453727196458	308.0
285.0553732589827	308.0
285.06537379831957	308.0
285.07537433765646	308.0
285.0853748769934	308.0
285.0953754163303	308.0
285.10537595566717	308.0
285.11537649500406	305.0
285.12537703434094	305.0
285.1353775736779	305.0
285.1453781130148	301.0
285.15537865235166	301.0
285.16537919168854	301.0
285.1753797310255	301.0
285.1853802703624	301.0
285.19538080969926	301.0
285.20538134903614	301.0
285.2153818883731	301.0
285.22538242771	301.0
285.23538296704686	301.0
285.24538350638375	301.0
285.2553840457207	301.0
285.2653845850576	301.0
285.27538512439446	305.0
285.28538566373135	305.0
285.29538620306823	308.0
285.3053867424052	308.0
285.31538728174206	305.0
285.32538782107895	305.0
285.33538836041583	301.0
285.3453888997528	298.0
285.35538943908966	298.0
285.36538997842655	298.0
285.37539051776344	298.0
285.3853910571004	301.0
285.39539159643726	305.0
285.40539213577415	308.0
285.41539267511104	312.0
285.425393214448	312.0
285.43539375378487	312.0
285.44539429312175	308.0
285.45539483245864	298.0
285.4653953717956	294.0
285.47539591113247	294.0
285.48539645046935	294.0
285.49539698980624	298.0
285.5053975291431	298.0
285.51539806848007	301.0
285.52539860781695	301.0
285.53539914715384	305.0
285.5453996864907	301.0
285.55540022582767	301.0
285.56540076516455	298.0
285.57540130450144	288.0
285.5854018438383	268.0
285.59540238317527	259.0
285.60540292251216	256.0
285.61540346184904	256.0
285.6254040011859	256.0
285.63540454052287	256.0
285.64540507985976	259.0
285.65540561919664	268.0
285.66540615853353	338.0
285.6754066978704	342.0
285.68540723720736	342.0
285.69540777654424	342.0
285.70540831588113	342.0
285.715408855218	338.0
285.72540939455496	338.0
285.73540993389184	338.0
285.74541047322873	338.0
285.7554110125656	338.0
285.76541155190256	338.0
285.77541209123945	338.0
285.78541263057633	334.0
285.7954131699132	334.0
285.80541370925016	334.0
285.81541424858705	338.0
285.82541478792393	338.0
285.8354153272608	338.0
285.8454158665977	338.0
285.85541640593465	338.0
285.86541694527153	338.0
285.8754174846084	338.0
285.8854180239453	342.0
285.89541856328225	342.0
285.90541910261913	342.0
285.915419641956	338.0
285.9254201812929	338.0
285.93542072062985	281.0
285.94542125996674	338.0
285.9554217993036	342.0
285.9654223386405	346.0
285.97542287797745	358.0
285.98542341731434	358.0
285.9954239566512	350.0
286.0054244959881	342.0
286.015425035325	331.0
286.02542557466194	312.0
286.0354261139988	294.0
286.0454266533357	281.0
286.0554271926726	275.0
286.06542773200954	272.0
286.0754282713464	272.0
286.0854288106833	281.0
286.0954293500202	294.0
286.10542988935714	301.0
286.115430428694	308.0
286.1254309680309	316.0
286.1354315073678	319.0
286.14543204670474	327.0
286.1554325860416	331.0
286.1654331253785	334.0
286.1754336647154	334.0
286.18543420405234	338.0
286.1954347433892	334.0
286.2054352827261	334.0
286.215435822063	334.0
286.2254363613999	334.0
286.23543690073683	334.0
286.2454374400737	0.0
286.2554379794106	0.0
286.2654385187475	0.0
286.27543905808443	0.0
286.2854395974213	0.0
286.2954401367582	0.0
286.3054406760951	0.0
286.31544121543203	0.0
286.3254417547689	0.0
286.3354422941058	0.0
286.3454428334427	298.0
286.35544337277963	298.0
286.3654439121165	298.0
286.3754444514534	298.0
286.3854449907903	298.0
286.3954455301272	298.0
286.4054460694641	298.0
286.415446608801	301.0
286.4254471481379	301.0
286.4354476874748	301.0
286.4454482268117	301.0
286.4554487661486	301.0
286.4654493054855	301.0
286.4754498448224	301.0
286.4854503841593	301.0
286.4954509234962	301.0
286.5054514628331	301.0
286.51545200217	301.0
286.5254525415069	301.0
286.5354530808438	301.0
286.5454536201807	301.0
286.5554541595176	301.0
286.56545469885447	301.0
286.5754552381914	301.0
286.5854557775283	305.0
286.5954563168652	305.0
286.60545685620207	305.0
286.615457395539	305.0
286.6254579348759	301.0
286.6354584742128	301.0
286.64545901354967	301.0
286.6554595528866	301.0
286.6654600922235	298.0
286.6754606315604	298.0
286.68546117089727	298.0
286.6954617102342	298.0
286.7054622495711	298.0
286.715462788908	301.0
286.72546332824487	301.0
286.73546386758176	301.0
286.7454644069187	305.0
286.7554649462556	305.0
286.7654654855925	308.0
286.77546602492936	308.0
286.7854665642663	308.0
286.7954671036032	305.0
286.8054676429401	301.0
286.81546818227696	301.0
286.8254687216139	298.0
286.8354692609508	298.0
286.8454698002877	301.0
286.85547033962456	301.0
286.8654708789615	305.0
286.8754714182984	308.0
286.8854719576353	308.0
286.89547249697216	308.0
286.9054730363091	312.0
286.915473575646	312.0
286.9254741149829	312.0
286.93547465431976	265.0
286.94547519365665	259.0
286.9554757329936	256.0
286.9654762723305	256.0
286.97547681166736	253.0
286.98547735100425	253.0
286.9954778903412	253.0
287.0054784296781	259.0
287.01547896901496	298.0
287.02547950835185	305.0
287.0354800476888	308.0
287.0454805870257	312.0
287.05548112636257	312.0
287.06548166569945	312.0
287.0754822050364	312.0
287.0854827443733	312.0
287.09548328371017	312.0
287.10548382304705	308.0
287.11548436238394	301.0
287.1254849017209	294.0
287.13548544105777	284.0
287.14548598039465	278.0
287.15548651973154	265.0
287.1654870590685	256.0
287.17548759840537	253.0
287.18548813774225	250.0
287.19548867707914	248.0
287.2054892164161	248.0
287.21548975575297	245.0
287.22549029508986	245.0
287.23549083442674	245.0
287.2454913737637	248.0
287.25549191310057	248.0
287.26549245243746	250.0
287.27549299177434	250.0
287.28549353111123	250.0
287.29549407044817	250.0
287.30549460978506	236.0
287.31549514912194	226.0
287.32549568845883	226.0
287.3354962277958	236.0
287.34549676713266	248.0
287.35549730646954	256.0
287.36549784580643	262.0
287.3754983851434	268.0
287.38549892448026	268.0
287.39549946381715	268.0
287.40550000315403	265.0
287.415500542491	259.0
287.42550108182786	253.0
287.43550162116475	245.0
287.44550216050163	236.0
287.4555026998386	231.0
287.46550323917546	228.0
287.47550377851235	228.0
287.48550431784923	228.0
287.4955048571861	228.0
287.50550539652306	228.0
287.51550593585995	228.0
287.52550647519683	228.0
287.5355070145337	228.0
287.54550755387066	228.0
287.55550809320755	231.0
287.56550863254444	234.0
287.5755091718813	236.0
287.58550971121826	239.0
287.59551025055515	245.0
287.60551078989204	248.0
287.6155113292289	250.0
287.62551186856587	250.0
287.63551240790275	248.0
287.64551294723964	242.0
287.6555134865765	236.0
287.6655140259134	0.0
287.67551456525035	0.0
287.68551510458724	0.0
287.6955156439241	0.0
287.705516183261	0.0
287.71551672259795	0.0
287.72551726193484	0.0
287.7355178012717	0.0
287.7455183406086	0.0
287.75551887994555	201.0
287.76551941928244	196.0
287.7755199586193	194.0
287.7855204979562	194.0
287.79552103729316	196.0
287.80552157663004	196.0
287.8155221159669	196.0
287.8255226553038	199.0
287.8355231946407	199.0
287.84552373397764	199.0
287.85552427331453	199.0
287.8655248126514	199.0
287.8755253519883	201.0
287.88552589132524	201.0
287.89552643066213	201.0
287.905526969999	203.0
287.9155275093359	203.0
287.92552804867285	203.0
287.93552858800973	203.0
287.9455291273466	201.0
287.9555296666835	201.0
287.96553020602045	199.0
287.97553074535733	199.0
287.9855312846942	199.0
287.9955318240311	199.0
288.005532363368	201.0
288.01553290270493	199.0
288.0255334420418	199.0
288.0355339813787	199.0
288.0455345207156	199.0
288.05553506005253	199.0
288.0655355993894	199.0
288.0755361387263	199.0
288.0855366780632	199.0
288.09553721740014	201.0
288.105537756737	201.0
288.1155382960739	201.0
288.1255388354108	203.0
288.13553937474774	203.0
288.1455399140846	203.0
288.1555404534215	203.0
288.1655409927584	203.0
288.17554153209534	203.0
288.1855420714322	203.0
288.1955426107691	203.0
288.205543150106	201.0
288.2155436894429	201.0
288.2255442287798	201.0
288.2355447681167	199.0
288.2455453074536	199.0
288.2555458467905	199.0
288.2655463861274	201.0
288.2755469254643	201.0
288.2855474648012	201.0
288.2955480041381	203.0
288.305548543475	203.0
288.3155490828119	203.0
288.3255496221488	203.0
288.3355501614857	203.0
288.3455507008226	203.0
288.3555512401595	201.0
288.3655517794964	201.0
288.3755523188333	196.0
288.3855528581702	190.0
288.3955533975071	185.0
288.405553936844	183.0
288.4155544761809	181.0
288.4255550155178	179.0
288.4355555548547	179.0
288.4455560941916	181.0
288.4555566335285	185.0
288.4655571728654	203.0
288.4755577122023	210.0
288.4855582515392	218.0
288.4955587908761	220.0
288.505559330213	223.0
288.5155598695499	226.0
288.5255604088868	228.0
288.5355609482237	228.0
288.5455614875606	228.0
288.55556202689746	228.0
288.5655625662344	228.0
288.5755631055713	228.0
288.5855636449082	231.0
288.59556418424506	231.0
288.605564723582	234.0
288.6155652629189	234.0
288.6255658022558	234.0
288.63556634159266	231.0
288.6455668809296	231.0
288.6555674202665	228.0
288.6655679596034	226.0
288.67556849894027	220.0
288.6855690382772	218.0
288.6955695776141	199.0
288.705570116951	190.0
288.71557065628787	190.0
288.7255711956248	192.0
288.7355717349617	196.0
288.7455722742986	199.0
288.75557281363547	203.0
288.76557335297235	215.0
288.7755738923093	226.0
288.7855744316462	234.0
288.79557497098307	242.0
288.80557551031995	250.0
288.8155760496569	253.0
288.8255765889938	253.0
288.83557712833067	253.0
288.84557766766756	253.0
288.8555782070045	253.0
288.8655787463414	253.0
288.87557928567827	253.0
288.88557982501516	253.0
288.8955803643521	253.0
288.905580903689	253.0
288.91558144302587	256.0
288.92558198236276	256.0
288.93558252169964	256.0
288.9455830610366	256.0
288.9555836003735	256.0
288.96558413971036	256.0
288.97558467904724	256.0
288.9855852183842	253.0
288.9955857577211	253.0
289.00558629705796	253.0
289.01558683639485	253.0
289.0255873757318	250.0
289.0355879150687	250.0
289.04558845440556	245.0
289.05558899374245	236.0
289.0655895330794	223.0
289.0755900724163	220.0
289.08559061175316	218.0
289.09559115109005	218.0
289.10559169042693	220.0
289.1155922297639	226.0
289.12559276910076	234.0
289.13559330843765	242.0
289.14559384777453	248.0
289.1555943871115	253.0
289.16559492644836	256.0
289.17559546578525	256.0
289.18559600512214	256.0
289.1955965444591	256.0
289.20559708379596	259.0
289.21559762313285	259.0
289.22559816246974	259.0
289.2355987018067	259.0
289.24559924114357	259.0
289.25559978048045	259.0
289.26560031981734	262.0
289.2756008591542	262.0
289.28560139849117	259.0
289.29560193782805	259.0
289.30560247716494	256.0
289.3156030165018	253.0
289.32560355583877	250.0
289.33560409517565	248.0
289.34560463451254	245.0
289.3556051738494	239.0
289.36560571318637	231.0
289.37560625252326	223.0
289.38560679186014	218.0
289.395607331197	215.0
289.40560787053397	215.0
289.41560840987086	218.0
289.42560894920774	223.0
289.4356094885446	231.0
289.44561002788157	239.0
289.45561056721846	248.0
289.46561110655534	256.0
289.47561164589223	262.0
289.4856121852291	268.0
289.49561272456606	275.0
289.50561326390294	275.0
289.51561380323983	275.0
289.5256143425767	272.0
289.53561488191366	268.0
289.54561542125055	262.0
289.55561596058743	256.0
289.5656164999243	253.0
289.57561703926126	248.0
289.58561757859815	242.0
289.59561811793503	239.0
289.6056186572719	236.0
289.61561919660886	234.0
289.62561973594575	234.0
289.63562027528263	234.0
289.6456208146195	234.0
289.6556213539564	234.0
289.66562189329335	234.0
289.67562243263023	234.0
289.6856229719671	239.0
289.695623511304	242.0
289.70562405064095	248.0
289.71562458997784	250.0
289.7256251293147	253.0
289.7356256686516	256.0
289.74562620798855	256.0
289.75562674732544	253.0
289.7656272866623	248.0
289.7756278259992	231.0
289.78562836533615	0.0
289.79562890467304	0.0
289.8056294440099	0.0
289.8156299833468	0.0
289.8256305226837	0.0
289.83563106202064	0.0
289.8456316013575	0.0
289.8556321406944	206.0
289.8656326800313	203.0
289.87563321936824	201.0
289.8856337587051	201.0
289.895634298042	201.0
289.9056348373789	201.0
289.91563537671584	201.0
289.9256359160527	201.0
289.9356364553896	201.0
289.9456369947265	201.0
289.95563753406344	201.0
289.9656380734003	201.0
289.9756386127372	201.0
289.9856391520741	201.0
289.99563969141104	201.0
290.00564023074793	201.0
290.0156407700848	201.0
290.0256413094217	201.0
290.0356418487586	199.0
290.04564238809553	199.0
290.0556429274324	199.0
290.0656434667693	196.0
290.0756440061062	194.0
290.08564454544313	192.0
290.09564508478	187.0
290.1056456241169	185.0
290.1156461634538	183.0
290.12564670279073	183.0
290.1356472421276	183.0
290.1456477814645	185.0
290.1556483208014	192.0
290.16564886013833	199.0
290.1756493994752	203.0
290.1856499388121	203.0
290.195650478149	206.0
290.2056510174859	206.0
290.2156515568228	206.0
290.2256520961597	206.0
290.2356526354966	206.0
290.2456531748335	203.0
290.2556537141704	201.0
290.2656542535073	196.0
290.2756547928442	192.0
290.2856553321811	190.0
290.295655871518	185.0
290.3056564108549	183.0
290.3156569501918	181.0
290.3256574895287	181.0
290.3356580288656	179.0
290.3456585682025	179.0
290.3556591075394	175.0
290.3656596468763	171.0
290.37566018621317	167.0
290.3856607255501	161.0
290.395661264887	158.0
290.4056618042239	154.0
290.41566234356077	152.0
290.4256628828977	0.0
290.4356634222346	0.0
290.4456639615715	0.0
290.45566450090837	0.0
290.4656650402453	0.0
290.4756655795822	0.0
290.4856661189191	0.0
290.49566665825597	0.0
290.5056671975929	0.0
290.5156677369298	0.0
290.5256682762667	0.0
290.5356688156036	213.0
290.54566935494046	210.0
290.5556698942774	208.0
290.5656704336143	208.0
290.5756709729512	208.0
290.58567151228806	206.0
290.595672051625	206.0
290.6056725909619	203.0
290.6156731302988	203.0
290.62567366963566	203.0
290.6356742089726	201.0
290.6456747483095	201.0
290.6556752876464	201.0
290.66567582698326	201.0
290.6756763663202	201.0
290.6856769056571	201.0
290.695677444994	201.0
290.70567798433086	201.0
290.7156785236678	203.0
290.7256790630047	201.0
290.7356796023416	201.0
290.74568014167846	201.0
290.75568068101535	201.0
290.7656812203523	201.0
290.7756817596892	201.0
290.78568229902606	201.0
290.79568283836295	203.0
290.8056833776999	203.0
290.8156839170368	203.0
290.82568445637366	203.0
290.83568499571055	201.0
290.8456855350475	201.0
290.8556860743844	201.0
290.86568661372127	201.0
290.87568715305815	201.0
290.8856876923951	201.0
290.895688231732	201.0
290.90568877106887	203.0
290.91568931040575	203.0
290.92568984974264	201.0
290.9356903890796	201.0
290.94569092841647	201.0
290.95569146775335	201.0
290.96569200709024	201.0
290.9756925464272	201.0
290.98569308576407	201.0
290.99569362510096	201.0
291.00569416443784	201.0
291.0156947037748	201.0
291.02569524311167	201.0
291.03569578244856	201.0
291.04569632178544	201.0
291.0556968611224	201.0
291.06569740045927	203.0
291.07569793979616	203.0
291.08569847913304	203.0
291.09569901846993	203.0
291.1056995578069	201.0
291.11570009714376	196.0
291.12570063648064	194.0
291.13570117581753	190.0
291.1457017151545	190.0
291.15570225449136	190.0
291.16570279382825	194.0
291.17570333316513	203.0
291.1857038725021	210.0
291.19570441183896	220.0
291.20570495117585	231.0
291.21570549051273	242.0
291.2257060298497	256.0
291.23570656918656	265.0
291.24570710852345	272.0
291.25570764786033	272.0
291.2657081871973	268.0
291.27570872653416	265.0
291.28570926587105	262.0
291.29570980520793	256.0
291.3057103445448	253.0
291.31571088388176	248.0
291.32571142321865	245.0
291.33571196255554	239.0
291.3457125018924	234.0
291.35571304122936	231.0
291.36571358056625	228.0
291.37571411990314	228.0
291.38571465924	226.0
291.39571519857697	226.0
291.40571573791385	226.0
291.41571627725074	220.0
291.4257168165876	213.0
291.43571735592457	210.0
291.44571789526145	210.0
291.45571843459834	210.0
291.4657189739352	215.0
291.4757195132721	220.0
291.48572005260905	226.0
291.49572059194594	248.0
291.5057211312828	265.0
291.5157216706197	262.0
291.52572220995665	259.0
291.53572274929354	256.0
291.5457232886304	250.0
291.5557238279673	248.0
291.56572436730426	248.0
291.57572490664114	248.0
291.585725445978	250.0
291.5957259853149	253.0
291.60572652465186	259.0
291.61572706398874	262.0
291.62572760332563	265.0
291.6357281426625	262.0
291.6457286819994	259.0
291.65572922133634	253.0
291.66572976067323	248.0
291.6757303000101	245.0
291.685730839347	239.0
291.69573137868394	236.0
291.70573191802083	234.0
291.7157324573577	234.0
291.7257329966946	231.0
291.73573353603155	226.0
291.74573407536843	0.0
291.7557346147053	0.0
291.7657351540422	0.0
291.77573569337915	0.0
291.78573623271603	0.0
291.7957367720529	0.0
291.8057373113898	0.0
291.8157378507267	0.0
291.82573839006363	0.0
291.8357389294005	0.0
291.8457394687374	0.0
291.8557400080743	301.0
291.86574054741124	305.0
291.8757410867481	305.0
291.885741626085	305.0
291.8957421654219	305.0
291.90574270475884	305.0
291.9157432440957	305.0
291.9257437834326	305.0
291.9357443227695	308.0
291.94574486210644	308.0
291.9557454014433	305.0
291.9657459407802	305.0
291.9757464801171	305.0
291.98574701945404	301.0
291.9957475587909	301.0
292.0057480981278	298.0
292.0157486374647	298.0
292.0257491768016	301.0
292.0357497161385	301.0
292.0457502554754	301.0
292.0557507948123	301.0
292.0657513341492	301.0
292.0757518734861	301.0
292.085752412823	301.0
292.0957529521599	301.0
292.1057534914968	301.0
292.1157540308337	301.0
292.1257545701706	301.0
292.1357551095075	301.0
292.1457556488444	301.0
292.15575618818133	301.0
292.1657567275182	301.0
292.1757572668551	301.0
292.185757806192	301.0
292.1957583455289	301.0
292.2057588848658	305.0
292.2157594242027	305.0
292.2257599635396	305.0
292.2357605028765	301.0
292.2457610422134	301.0
292.2557615815503	301.0
292.2657621208872	301.0
292.2757626602241	301.0
292.285763199561	301.0
292.2957637388979	301.0
292.3057642782348	301.0
292.3157648175717	301.0
292.3257653569086	301.0
292.3357658962455	301.0
292.3457664355824	305.0
292.3557669749193	305.0
292.36576751425616	305.0
292.3757680535931	305.0
292.38576859293	305.0
292.3957691322669	301.0
292.40576967160376	301.0
292.4157702109407	298.0
292.4257707502776	294.0
292.4357712896145	291.0
292.44577182895137	253.0
292.4557723682883	245.0
292.4657729076252	239.0
292.4757734469621	236.0
292.48577398629897	234.0
292.4957745256359	236.0
292.5057750649728	245.0
292.5157756043097	256.0
292.52577614364657	262.0
292.53577668298345	262.0
292.5457772223204	262.0
292.5557777616573	262.0
292.56577830099417	265.0
292.57577884033105	268.0
292.585779379668	275.0
292.5957799190049	288.0
292.60578045834177	301.0
292.61578099767866	316.0
292.6257815370156	327.0
292.6357820763525	346.0
292.64578261568937	363.0
292.65578315502626	380.0
292.6657836943632	389.0
292.6757842337001	398.0
292.68578477303697	402.0
292.69578531237386	402.0
292.7057858517108	398.0
292.7157863910477	393.0
292.7257869303846	384.0
292.73578746972146	371.0
292.74578800905834	363.0
292.7557885483953	354.0
292.7657890877322	350.0
292.77578962706906	346.0
292.78579016640595	342.0
292.7957907057429	338.0
292.8057912450798	334.0
292.81579178441666	334.0
292.82579232375355	334.0
292.8357928630905	334.0
292.8457934024274	338.0
292.85579394176426	346.0
292.86579448110115	354.0
292.8757950204381	363.0
292.885795559775	367.0
292.89579609911186	367.0
292.90579663844875	363.0
292.91579717778563	354.0
292.9257977171226	342.0
292.93579825645946	0.0
292.94579879579635	0.0
292.95579933513324	0.0
292.9657998744702	0.0
292.97580041380706	0.0
292.98580095314395	0.0
292.99580149248084	0.0
293.0058020318178	0.0
293.01580257115467	0.0
293.02580311049155	0.0
293.03580364982844	0.0
293.0458041891654	0.0
293.05580472850227	0.0
293.06580526783915	0.0
293.07580580717604	0.0
293.0858063465129	0.0
293.09580688584987	0.0
293.10580742518675	0.0
293.11580796452364	0.0
293.1258085038605	0.0
293.13580904319747	0.0
293.14580958253435	0.0
293.15581012187124	0.0
293.1658106612081	0.0
293.17581120054507	0.0
293.18581173988196	0.0
293.19581227921884	0.0
293.2058128185557	0.0
293.21581335789267	0.0
293.22581389722956	0.0
293.23581443656644	0.0
293.24581497590333	0.0
293.2558155152403	0.0
293.26581605457716	0.0
293.27581659391404	393.0
293.28581713325093	393.0
293.2958176725878	393.0
293.30581821192476	393.0
293.31581875126165	393.0
293.32581929059853	393.0
293.3358198299354	393.0
293.34582036927236	393.0
293.35582090860925	393.0
293.36582144794613	393.0
293.375821987283	398.0
293.38582252661996	398.0
293.39582306595685	398.0
293.40582360529373	402.0
293.4158241446306	402.0
293.42582468396756	402.0
293.43582522330445	402.0
293.44582576264133	402.0
293.4558263019782	402.0
293.4658268413151	398.0
293.47582738065205	398.0
293.48582791998894	398.0
293.4958284593258	398.0
293.5058289986627	398.0
293.51582953799965	398.0
293.52583007733654	398.0
293.5358306166734	398.0
293.5458311560103	402.0
293.55583169534725	402.0
293.56583223468414	402.0
293.575832774021	402.0
293.5858333133579	402.0
293.59583385269485	402.0
293.60583439203174	402.0
293.6158349313686	407.0
293.6258354707055	407.0
293.6358360100424	407.0
293.64583654937934	407.0
293.6558370887162	402.0
293.6658376280531	402.0
293.67583816739	398.0
293.68583870672694	393.0
293.6958392460638	389.0
293.7058397854007	393.0
293.7158403247376	0.0
293.72584086407454	0.0
293.7358414034114	0.0
293.7458419427483	0.0
293.7558424820852	402.0
293.76584302142214	412.0
293.77584356075903	421.0
293.7858441000959	421.0
293.7958446394328	417.0
293.8058451787697	412.0
293.81584571810663	407.0
293.8258462574435	398.0
293.8358467967804	393.0
293.8458473361173	384.0
293.85584787545423	375.0
293.8658484147911	358.0
293.875848954128	350.0
293.8858494934649	342.0
293.89585003280183	338.0
293.9058505721387	331.0
293.9158511114756	331.0
293.9258516508125	331.0
293.93585219014943	331.0
293.9458527294863	338.0
293.9558532688232	346.0
293.9658538081601	350.0
293.97585434749703	358.0
293.9858548868339	367.0
293.9958554261708	380.0
294.0058559655077	389.0
294.0158565048446	398.0
294.0258570441815	398.0
294.0358575835184	398.0
294.0458581228553	402.0
294.0558586621922	402.0
294.0658592015291	402.0
294.075859740866	402.0
294.0858602802029	402.0
294.0958608195398	407.0
294.1058613588767	407.0
294.1158618982136	407.0
294.1258624375505	407.0
294.1358629768874	407.0
294.1458635162243	407.0
294.1558640555612	412.0
294.1658645948981	412.0
294.175865134235	412.0
294.18586567357187	412.0
294.1958662129088	412.0
294.2058667522457	407.0
294.2158672915826	398.0
294.22586783091947	358.0
294.2358683702564	346.0
294.2458689095933	331.0
294.2558694489302	312.0
294.26586998826707	298.0
294.275870527604	291.0
294.2858710669409	354.0
294.2958716062778	350.0
294.30587214561467	338.0
294.3158726849516	334.0
294.3258732242885	331.0
294.3358737636254	331.0
294.3458743029623	331.0
294.35587484229916	331.0
294.3658753816361	334.0
294.375875920973	334.0
294.3858764603099	338.0
294.39587699964676	342.0
294.4058775389837	342.0
294.4158780783206	342.0
294.4258786176575	350.0
294.43587915699436	358.0
294.4458796963313	367.0
294.4558802356682	375.0
294.4658807750051	380.0
294.47588131434196	384.0
294.4858818536789	389.0
294.4958823930158	389.0
294.5058829323527	389.0
294.51588347168956	389.0
294.5258840110265	384.0
294.5358845503634	0.0
294.5458850897003	0.0
294.55588562903716	0.0
294.56588616837405	0.0
294.575886707711	0.0
294.5858872470479	0.0
294.59588778638476	0.0
294.60588832572165	0.0
294.6158888650586	0.0
294.6258894043955	0.0
294.63588994373237	0.0
294.64589048306925	0.0
294.6558910224062	312.0
294.6658915617431	312.0
294.67589210107997	308.0
294.68589264041685	308.0
294.6958931797538	308.0
294.7058937190907	308.0
294.71589425842757	308.0
294.72589479776445	308.0
294.73589533710134	308.0
294.7458958764383	308.0
294.75589641577517	305.0
294.76589695511205	305.0
294.77589749444894	305.0
294.7858980337859	301.0
294.79589857312277	301.0
294.80589911245966	301.0
294.81589965179654	301.0
294.8259001911335	301.0
294.83590073047037	301.0
294.84590126980726	301.0
294.85590180914414	305.0
294.8659023484811	305.0
294.875902887818	305.0
294.88590342715486	305.0
294.89590396649174	305.0
294.90590450582863	305.0
294.9159050451656	305.0
294.92590558450246	305.0
294.93590612383935	305.0
294.94590666317623	305.0
294.9559072025132	301.0
294.96590774185006	301.0
294.97590828118695	301.0
294.98590882052383	301.0
294.9959093598608	301.0
295.00590989919766	301.0
295.01591043853455	305.0
295.02591097787143	305.0
295.0359115172084	308.0
295.04591205654526	308.0
295.05591259588215	312.0
295.06591313521903	312.0
295.0759136745559	312.0
295.08591421389286	312.0
295.09591475322975	312.0
295.10591529256664	308.0
295.1159158319035	308.0
295.12591637124046	308.0
295.13591691057735	305.0
295.14591744991424	305.0
295.1559179892511	305.0
295.16591852858807	305.0
295.17591906792495	305.0
295.18591960726184	305.0
295.1959201465987	305.0
295.20592068593567	305.0
295.21592122527255	305.0
295.22592176460944	301.0
295.2359223039463	275.0
295.24592284328327	262.0
295.25592338262015	256.0
295.26592392195704	253.0
295.2759244612939	253.0
295.2859250006308	253.0
295.29592553996775	259.0
295.30592607930464	268.0
295.3159266186415	305.0
295.3259271579784	312.0
295.33592769731536	316.0
295.34592823665224	316.0
295.3559287759891	316.0
295.365929315326	316.0
295.37592985466296	316.0
295.38593039399984	312.0
295.39593093333673	308.0
295.4059314726736	305.0
295.41593201201056	298.0
295.42593255134744	291.0
295.43593309068433	281.0
295.4459336300212	268.0
295.4559341693581	262.0
295.46593470869504	256.0
295.47593524803193	253.0
295.4859357873688	253.0
295.4959363267057	250.0
295.50593686604265	250.0
295.51593740537953	250.0
295.5259379447164	250.0
295.5359384840533	250.0
295.54593902339025	250.0
295.55593956272713	250.0
295.565940102064	250.0
295.5759406414009	250.0
295.58594118073785	250.0
295.59594172007473	245.0
295.6059422594116	236.0
295.6159427987485	231.0
295.6259433380854	226.0
295.63594387742233	228.0
295.6459444167592	234.0
295.6559449560961	248.0
295.665945495433	259.0
295.67594603476994	268.0
295.6859465741068	272.0
295.6959471134437	272.0
295.7059476527806	272.0
295.71594819211754	268.0
295.7259487314544	265.0
295.7359492707913	259.0
295.7459498101282	253.0
295.75595034946514	245.0
295.765950888802	236.0
295.7759514281389	231.0
295.7859519674758	226.0
295.79595250681274	226.0
295.8059530461496	223.0
295.8159535854865	223.0
295.8259541248234	223.0
295.8359546641603	223.0
295.8459552034972	223.0
295.8559557428341	223.0
295.865956282171	226.0
295.8759568215079	226.0
295.8859573608448	226.0
295.8959579001817	223.0
295.9059584395186	223.0
295.9159589788555	0.0
295.9259595181924	0.0
295.9359600575293	0.0
295.9459605968662	0.0
295.9559611362031	0.0
295.96596167554003	0.0
295.9759622148769	0.0
295.9859627542138	0.0
295.9959632935507	0.0
296.0059638328876	259.0
296.0159643722245	256.0
296.0259649115614	256.0
296.0359654508983	253.0
296.0459659902352	253.0
296.0559665295721	250.0
296.065967068909	250.0
296.0759676082459	250.0
296.0859681475828	250.0
296.0959686869197	250.0
296.1059692262566	253.0
296.1159697655935	253.0
296.1259703049304	250.0
296.1359708442673	250.0
296.1459713836042	250.0
296.1559719229411	250.0
296.165972462278	250.0
296.17597300161486	250.0
296.1859735409518	253.0
296.1959740802887	253.0
296.2059746196256	253.0
296.21597515896246	253.0
296.2259756982994	253.0
296.2359762376363	253.0
296.2459767769732	253.0
296.25597731631007	253.0
296.265977855647	253.0
296.2759783949839	253.0
296.2859789343208	253.0
296.29597947365767	253.0
296.3059800129946	253.0
296.3159805523315	253.0
296.3259810916684	256.0
296.33598163100527	256.0
296.34598217034215	256.0
296.3559827096791	256.0
296.365983249016	256.0
296.37598378835287	256.0
296.38598432768975	253.0
296.3959848670267	253.0
296.4059854063636	253.0
296.41598594570047	256.0
296.42598648503736	259.0
296.4359870243743	259.0
296.4459875637112	262.0
296.45598810304807	262.0
296.46598864238496	259.0
296.4759891817219	259.0
296.4859897210588	253.0
296.4959902603957	250.0
296.50599079973256	242.0
296.5159913390695	234.0
296.5259918784064	226.0
296.5359924177433	223.0
296.54599295708016	0.0
296.55599349641705	0.0
296.565994035754	0.0
296.5759945750909	0.0
296.58599511442776	0.0
296.59599565376465	0.0
296.6059961931016	0.0
296.6159967324385	0.0
296.62599727177536	0.0
296.63599781111225	0.0
296.6459983504492	0.0
296.6559988897861	278.0
296.66599942912296	275.0
296.67599996845985	268.0
296.6860005077968	262.0
296.6960010471337	256.0
296.70600158647056	250.0
296.71600212580745	245.0
296.72600266514434	245.0
296.7360032044813	242.0
296.74600374381816	245.0
296.75600428315505	248.0
296.76600482249194	253.0
296.7760053618289	262.0
296.78600590116577	268.0
296.79600644050265	275.0
296.80600697983954	278.0
296.8160075191765	275.0
296.82600805851337	272.0
296.83600859785025	265.0
296.84600913718714	256.0
296.8560096765241	253.0
296.86601021586097	250.0
296.87601075519785	250.0
296.88601129453474	253.0
296.8960118338716	259.0
296.90601237320857	278.0
296.91601291254545	294.0
296.92601345188234	305.0
296.9360139912192	312.0
296.94601453055617	319.0
296.95601506989306	323.0
296.96601560922994	323.0
296.9760161485668	319.0
296.98601668790377	312.0
296.99601722724066	298.0
297.00601776657754	259.0
297.01601830591443	250.0
297.0260188452514	245.0
297.03601938458826	242.0
297.04601992392514	242.0
297.05602046326203	248.0
297.066021002599	256.0
297.07602154193586	265.0
297.08602208127274	278.0
297.09602262060963	284.0
297.1060231599465	291.0
297.11602369928346	291.0
297.12602423862035	288.0
297.13602477795723	275.0
297.1460253172941	259.0
297.15602585663106	245.0
297.16602639596795	234.0
297.17602693530483	223.0
297.1860274746417	218.0
297.19602801397866	218.0
297.20602855331555	220.0
297.21602909265243	223.0
297.2260296319893	228.0
297.23603017132626	231.0
297.24603071066315	234.0
297.25603125000004	236.0
297.2660317893369	239.0
297.2760323286738	236.0
297.28603286801075	236.0
297.29603340734764	234.0
297.3060339466845	228.0
297.3160344860214	226.0
297.32603502535835	223.0
297.33603556469524	223.0
297.3460361040321	223.0
297.356036643369	226.0
297.36603718270595	226.0
297.37603772204284	228.0
297.3860382613797	228.0
297.3960388007166	228.0
297.40603934005355	228.0
297.41603987939044	228.0
297.4260404187273	228.0
297.4360409580642	226.0
297.4460414974011	223.0
297.45604203673804	220.0
297.4660425760749	215.0
297.4760431154118	213.0
297.4860436547487	213.0
297.49604419408564	213.0
297.5060447334225	218.0
297.5160452727594	226.0
297.5260458120963	234.0
297.53604635143324	242.0
297.5460468907701	248.0
297.556047430107	256.0
297.5660479694439	259.0
297.57604850878084	262.0
297.58604904811773	259.0
297.5960495874546	256.0
297.6060501267915	253.0
297.6160506661284	245.0
297.62605120546533	242.0
297.6360517448022	239.0
297.6460522841391	242.0
297.656052823476	250.0
297.66605336281293	262.0
297.6760539021498	275.0
297.6860544414867	284.0
297.6960549808236	291.0
297.70605552016053	294.0
297.7160560594974	294.0
297.7260565988343	284.0
297.7360571381712	265.0
297.74605767750813	245.0
297.756058216845	231.0
297.7660587561819	220.0
297.7760592955188	218.0
297.78605983485573	220.0
297.7960603741926	226.0
297.8060609135295	236.0
297.8160614528664	245.0
297.8260619922033	253.0
297.8360625315402	259.0
297.8460630708771	259.0
297.856063610214	259.0
297.8660641495509	256.0
297.8760646888878	253.0
297.8860652282247	248.0
297.8960657675616	242.0
297.9060663068985	236.0
297.9160668462354	228.0
297.9260673855723	0.0
297.9360679249092	0.0
297.9460684642461	0.0
297.956069003583	0.0
297.9660695429199	0.0
297.9760700822568	0.0
297.9860706215937	0.0
297.99607116093057	0.0
298.0060717002675	0.0
298.0160722396044	0.0
298.0260727789413	305.0
298.03607331827817	308.0
298.0460738576151	312.0
298.056074396952	316.0
298.0660749362889	312.0
298.07607547562577	312.0
298.0860760149627	312.0
298.0960765542996	308.0
298.1060770936365	308.0
298.1160776329734	308.0
298.1260781723103	308.0
298.1360787116472	308.0
298.1460792509841	305.0
298.156079790321	305.0
298.16608032965786	298.0
298.1760808689948	294.0
298.1860814083317	288.0
298.1960819476686	278.0
298.20608248700546	256.0
298.2160830263424	250.0
298.2260835656793	0.0
298.2360841050162	0.0
298.24608464435306	0.0
298.25608518369	0.0
298.2660857230269	0.0
298.2760862623638	0.0
298.28608680170066	0.0
298.2960873410376	0.0
298.3060878803745	0.0
298.3160884197114	0.0
298.32608895904826	0.0
298.33608949838515	0.0
298.3460900377221	0.0
298.356090577059	0.0
298.36609111639586	0.0
298.37609165573275	0.0
298.3860921950697	0.0
298.3960927344066	0.0
298.40609327374347	0.0
298.41609381308035	0.0
298.4260943524173	0.0
298.4360948917542	0.0
298.44609543109107	0.0
298.45609597042795	0.0
298.4660965097649	0.0
298.4760970491018	0.0
298.48609758843867	0.0
298.49609812777555	0.0
298.5060986671125	0.0
298.5160992064494	0.0
298.52609974578627	0.0
298.53610028512315	0.0
298.54610082446004	0.0
298.556101363797	0.0
298.56610190313387	0.0
298.57610244247076	0.0
298.58610298180764	0.0
298.5961035211446	0.0
298.60610406048147	0.0
298.61610459981836	0.0
298.62610513915524	0.0
298.6361056784922	0.0
298.6461062178291	0.0
298.65610675716596	0.0
298.66610729650284	0.0
298.6761078358398	288.0
298.6861083751767	291.0
298.69610891451356	298.0
298.70610945385044	301.0
298.71610999318733	308.0
298.7261105325243	308.0
298.73611107186116	308.0
298.74611161119805	308.0
298.75611215053493	308.0
298.7661126898719	308.0
298.77611322920876	308.0
298.78611376854565	308.0
298.79611430788253	308.0
298.8061148472195	308.0
298.81611538655636	308.0
298.82611592589325	305.0
298.83611646523013	298.0
298.8461170045671	288.0
298.85611754390396	278.0
298.86611808324085	262.0
298.87611862257774	250.0
298.8861191619146	236.0
298.89611970125156	231.0
298.90612024058845	228.0
298.91612077992534	228.0
298.9261213192622	234.0
298.93612185859917	245.0
298.94612239793605	259.0
298.95612293727294	278.0
298.9661234766098	288.0
298.97612401594677	298.0
298.98612455528365	301.0
298.99612509462054	301.0
299.0061256339574	294.0
299.01612617329437	288.0
299.02612671263125	262.0
299.03612725196814	253.0
299.046127791305	245.0
299.05612833064197	242.0
299.06612886997885	242.0
299.07612940931574	248.0
299.0861299486526	256.0
299.0961304879895	281.0
299.10613102732646	301.0
299.11613156666334	319.0
299.1261321060002	342.0
299.1361326453371	358.0
299.14613318467406	371.0
299.15613372401094	384.0
299.16613426334783	389.0
299.1761348026847	380.0
299.18613534202166	358.0
299.19613588135854	346.0
299.20613642069543	334.0
299.2161369600323	334.0
299.22613749936926	334.0
299.23613803870614	338.0
299.24613857804303	346.0
299.2561391173799	375.0
299.2661396567168	389.0
299.27614019605375	398.0
299.28614073539063	402.0
299.2961412747275	398.0
299.3061418140644	393.0
299.31614235340135	384.0
299.32614289273823	350.0
299.3361434320751	323.0
299.346143971412	301.0
299.35614451074895	291.0
299.36614505008583	288.0
299.3761455894227	288.0
299.3861461287596	291.0
299.39614666809655	294.0
299.40614720743343	298.0
299.4161477467703	298.0
299.4261482861072	301.0
299.4361488254441	301.0
299.44614936478104	301.0
299.4561499041179	301.0
299.4661504434548	301.0
299.4761509827917	305.0
299.48615152212864	305.0
299.4961520614655	305.0
299.5061526008024	305.0
299.5161531401393	305.0
299.52615367947624	305.0
299.5361542188131	298.0
299.54615475815	298.0
299.5561552974869	301.0
299.56615583682384	301.0
299.5761563761607	301.0
299.5861569154976	305.0
299.5961574548345	305.0
299.6061579941714	301.0
299.6161585335083	294.0
299.6261590728452	281.0
299.6361596121821	272.0
299.646160151519	275.0
299.6561606908559	298.0
299.6661612301928	301.0
299.6761617695297	301.0
299.6861623088666	298.0
299.6961628482035	298.0
299.7061633875404	298.0
299.7161639268773	298.0
299.7261644662142	298.0
299.73616500555113	298.0
299.746165544888	298.0
299.7561660842249	298.0
299.7661666235618	298.0
299.77616716289873	298.0
299.7861677022356	294.0
299.7961682415725	291.0
299.8061687809094	288.0
299.8161693202463	278.0
299.8261698595832	262.0
299.8361703989201	250.0
299.846170938257	242.0
299.8561714775939	223.0
299.8661720169308	220.0
299.8761725562677	220.0
299.8861730956046	226.0
299.8961736349415	234.0
299.9061741742784	245.0
299.9161747136153	256.0
299.9261752529522	275.0
299.9361757922891	294.0
299.946176331626	298.0
299.9561768709629	294.0
299.9661774102998	0.0
299.9761779496367	0.0
299.98617848897356	0.0
299.9961790283105	0.0
300.0061795676474	242.0
300.0161801069843	245.0
300.02618064632117	248.0
300.0361811856581	256.0
300.046181724995	275.0
300.0561822643319	316.0
300.06618280366877	331.0
300.0761833430057	346.0
300.0861838823426	358.0
300.0961844216795	371.0
300.10618496101637	375.0
300.1161855003533	375.0
300.1261860396902	363.0
300.1361865790271	350.0
300.14618711836397	331.0
300.15618765770085	312.0
300.1661881970378	305.0
300.1761887363747	301.0
300.18618927571157	301.0
300.19618981504846	305.0
300.2061903543854	308.0
300.2161908937223	316.0
300.22619143305917	316.0
300.23619197239606	316.0
300.246192511733	316.0
300.2561930510699	308.0
300.2661935904068	298.0
300.27619412974366	265.0
300.2861946690806	262.0
300.2961952084175	262.0
300.3061957477544	262.0
300.31619628709126	259.0
300.3261968264282	250.0
300.3361973657651	239.0
300.346197905102	234.0
300.35619844443886	234.0
300.36619898377575	236.0
300.3761995231127	245.0
300.3862000624496	253.0
300.39620060178646	268.0
300.40620114112335	278.0
300.4162016804603	284.0
300.4262022197972	288.0
300.43620275913406	288.0
300.44620329847095	284.0
300.4562038378079	272.0
300.4662043771448	259.0
300.47620491648166	250.0
300.48620545581855	242.0
300.4962059951555	239.0
300.5062065344924	242.0
300.51620707382926	245.0
300.52620761316615	253.0
300.53620815250304	268.0
300.54620869184	288.0
300.55620923117687	301.0
300.56620977051375	308.0
300.57621030985064	316.0
300.5862108491876	319.0
300.59621138852447	316.0
300.60621192786135	305.0
300.61621246719824	288.0
300.6262130065352	265.0
300.63621354587207	253.0
300.64621408520895	248.0
300.65621462454584	245.0
300.6662151638828	245.0
300.67621570321967	248.0
300.68621624255655	253.0
300.69621678189344	259.0
300.7062173212303	265.0
300.71621786056727	272.0
300.72621839990416	272.0
300.73621893924104	272.0
300.7462194785779	265.0
300.75622001791487	256.0
300.76622055725176	245.0
300.77622109658864	231.0
300.78622163592553	223.0
300.79622217526247	218.0
300.80622271459936	218.0
300.81622325393624	220.0
300.82622379327313	226.0
300.8362243326101	231.0
300.84622487194696	236.0
300.85622541128384	239.0
300.86622595062073	242.0
300.8762264899576	239.0
300.88622702929456	234.0
300.89622756863145	228.0
300.90622810796833	218.0
300.9162286473052	199.0
300.92622918664216	192.0
300.93622972597905	190.0
300.94623026531593	190.0
300.9562308046528	192.0
300.96623134398976	196.0
300.97623188332665	201.0
300.98623242266353	206.0
300.9962329620004	206.0
301.00623350133736	206.0
301.01623404067425	203.0
301.02623458001113	199.0
301.036235119348	194.0
301.04623565868496	194.0
301.05623619802185	194.0
301.06623673735874	199.0
301.0762372766956	208.0
301.0862378160325	218.0
301.09623835536945	226.0
301.10623889470634	231.0
301.1162394340432	236.0
301.1262399733801	239.0
301.13624051271705	236.0
301.14624105205394	231.0
301.1562415913908	226.0
301.1662421307277	218.0
301.17624267006465	208.0
301.18624320940154	199.0
301.1962437487384	185.0
301.2062442880753	179.0
301.21624482741225	177.0
301.22624536674914	179.0
301.236245906086	0.0
301.2462464454229	0.0
301.2562469847598	0.0
301.26624752409674	0.0
301.2762480634336	0.0
301.2862486027705	298.0
301.2962491421074	298.0
301.30624968144434	301.0
301.3162502207812	301.0
301.3262507601181	305.0
301.336251299455	305.0
301.34625183879194	305.0
301.35625237812883	305.0
301.3662529174657	305.0
301.3762534568026	305.0
301.38625399613954	305.0
301.39625453547643	305.0
301.4062550748133	305.0
301.4162556141502	305.0
301.4262561534871	305.0
301.43625669282403	301.0
301.4462572321609	301.0
301.4562577714978	301.0
301.4662583108347	301.0
301.47625885017163	301.0
301.4862593895085	301.0
301.4962599288454	301.0
301.5062604681823	301.0
301.51626100751923	305.0
301.5262615468561	305.0
301.536262086193	305.0
301.5462626255299	305.0
301.55626316486683	301.0
301.5662637042037	291.0
301.5762642435406	278.0
301.5862647828775	256.0
301.59626532221444	253.0
301.6062658615513	323.0
301.6162664008882	331.0
301.6262669402251	338.0
301.636267479562	338.0
301.6462680188989	338.0
301.6562685582358	338.0
301.6662690975727	338.0
301.6762696369096	338.0
301.6862701762465	338.0
301.6962707155834	338.0
301.7062712549203	338.0
301.7162717942572	334.0
301.7262723335941	334.0
301.736272872931	331.0
301.7462734122679	319.0
301.7562739516048	278.0
301.7662744909417	275.0
301.7762750302786	275.0
301.7862755696155	278.0
301.7962761089524	284.0
301.80627664828927	294.0
301.8162771876262	305.0
301.8262777269631	331.0
301.8362782663	342.0
301.84627880563687	367.0
301.8562793449738	380.0
301.8662798843107	384.0
301.8762804236476	389.0
301.8862809629845	389.0
301.8962815023214	384.0
301.9062820416583	0.0
301.9162825809952	0.0
301.9262831203321	0.0
301.936283659669	0.0
301.9462841990059	0.0
301.9562847383428	301.0
301.9662852776797	301.0
301.97628581701656	301.0
301.9862863563535	301.0
301.9962868956904	301.0
302.0062874350273	301.0
302.01628797436416	301.0
302.0262885137011	301.0
302.036289053038	301.0
302.0462895923749	305.0
302.05629013171176	305.0
302.0662906710487	305.0
302.0762912103856	305.0
302.0862917497225	305.0
302.09629228905936	305.0
302.1062928283963	301.0
302.1162933677332	301.0
302.1262939070701	301.0
302.13629444640696	301.0
302.14629498574385	301.0
302.1562955250808	301.0
302.1662960644177	305.0
302.17629660375457	305.0
302.18629714309145	305.0
302.1962976824284	305.0
302.2062982217653	305.0
302.21629876110217	305.0
302.22629930043905	305.0
302.236299839776	301.0
302.2463003791129	291.0
302.25630091844977	256.0
302.26630145778665	250.0
302.2763019971236	245.0
302.2863025364605	239.0
302.29630307579737	236.0
302.30630361513425	234.0
302.3163041544712	231.0
302.3263046938081	234.0
302.33630523314497	236.0
302.34630577248186	248.0
302.35630631181874	262.0
302.3663068511557	272.0
302.37630739049257	281.0
302.38630792982946	281.0
302.39630846916634	281.0
302.4063090085033	272.0
302.41630954784017	265.0
302.42631008717706	248.0
302.43631062651394	223.0
302.4463111658509	213.0
302.4563117051878	210.0
302.46631224452466	210.0
302.47631278386154	215.0
302.4863133231985	223.0
302.4963138625354	234.0
302.50631440187226	248.0
302.51631494120915	256.0
302.52631548054603	259.0
302.536316019883	262.0
302.54631655921986	259.0
302.55631709855675	253.0
302.56631763789363	250.0
302.5763181772306	239.0
302.58631871656746	0.0
302.59631925590435	0.0
302.60631979524123	0.0
302.6163203345782	213.0
302.62632087391506	208.0
302.63632141325195	206.0
302.64632195258883	206.0
302.6563224919258	206.0
302.66632303126266	203.0
302.67632357059955	203.0
302.68632410993644	203.0
302.6963246492733	206.0
302.70632518861026	206.0
302.71632572794715	206.0
302.72632626728404	206.0
302.7363268066209	206.0
302.74632734595787	206.0
302.75632788529475	206.0
302.76632842463164	206.0
302.7763289639685	206.0
302.78632950330547	206.0
302.79633004264235	206.0
302.80633058197924	203.0
302.8163311213161	203.0
302.82633166065307	203.0
302.83633219998995	203.0
302.84633273932684	203.0
302.8563332786637	203.0
302.86633381800067	203.0
302.87633435733756	201.0
302.88633489667444	199.0
302.8963354360113	196.0
302.9063359753482	194.0
302.91633651468516	190.0
302.92633705402204	194.0
302.9363375933589	199.0
302.9463381326958	208.0
302.95633867203276	215.0
302.96633921136964	223.0
302.97633975070653	228.0
302.9863402900434	228.0
302.99634082938036	231.0
303.00634136871724	231.0
303.01634190805413	228.0
303.026342447391	223.0
303.03634298672796	218.0
303.04634352606485	210.0
303.05634406540173	199.0
303.0663446047386	187.0
303.0763451440755	183.0
303.08634568341245	0.0
303.09634622274933	234.0
303.1063467620862	242.0
303.1163473014231	253.0
303.12634784076005	253.0
303.13634838009693	256.0
303.1463489194338	256.0
303.1563494587707	256.0
303.16634999810765	259.0
303.17635053744453	259.0
303.1863510767814	259.0
303.1963516161183	256.0
303.20635215545525	253.0
303.21635269479214	250.0
303.226353234129	248.0
303.2363537734659	242.0
303.2463543128028	231.0
303.25635485213974	213.0
303.2663553914766	206.0
303.2763559308135	206.0
303.2863564701504	208.0
303.29635700948734	215.0
303.3063575488242	228.0
303.3163580881611	242.0
303.326358627498	265.0
303.33635916683494	278.0
303.3463597061718	288.0
303.3563602455087	288.0
303.3663607848456	278.0
303.37636132418254	265.0
303.3863618635194	253.0
303.3963624028563	239.0
303.4063629421932	218.0
303.4163634815301	203.0
303.426364020867	199.0
303.4363645602039	201.0
303.4463650995408	210.0
303.4563656388777	220.0
303.4663661782146	228.0
303.4763667175515	239.0
303.4863672568884	250.0
303.4963677962253	256.0
303.50636833556223	259.0
303.5163688748991	256.0
303.526369414236	250.0
303.5363699535729	245.0
303.54637049290983	231.0
303.5563710322467	0.0
303.5663715715836	0.0
303.5763721109205	0.0
303.58637265025743	0.0
303.5963731895943	213.0
303.6063737289312	208.0
303.6163742682681	208.0
303.626374807605	210.0
303.6363753469419	210.0
303.6463758862788	208.0
303.6563764256157	208.0
303.6663769649526	203.0
303.6763775042895	199.0
303.6863780436264	194.0
303.6963785829633	187.0
303.7063791223002	183.0
303.7163796616371	181.0
303.726380200974	0.0
303.7363807403109	0.0
303.7463812796478	0.0
303.7563818189847	0.0
303.7663823583216	149.0
303.7763828976585	150.0
303.7863834369954	154.0
303.79638397633227	159.0
303.8063845156692	163.0
303.8163850550061	167.0
303.826385594343	0.0
303.83638613367987	0.0
303.8463866730168	173.0
303.8563872123537	0.0
303.8663877516906	0.0
303.87638829102747	0.0
303.8863888303644	0.0
303.8963893697013	0.0
303.9063899090382	0.0
303.91639044837507	0.0
303.926390987712	0.0
303.9363915270489	0.0
303.9463920663858	213.0
303.95639260572267	210.0
303.96639314505956	210.0
303.9763936843965	208.0
303.9863942237334	206.0
303.99639476307027	203.0
304.00639530240716	203.0
304.0163958417441	203.0
304.026396381081	203.0
304.03639692041787	203.0
304.04639745975476	206.0
304.0563979990917	206.0
304.0663985384286	206.0
304.0763990777655	203.0
304.08639961710236	203.0
304.0964001564393	203.0
304.1064006957762	201.0
304.1164012351131	201.0
304.12640177444996	201.0
304.13640231378685	201.0
304.1464028531238	201.0
304.1564033924607	201.0
304.16640393179756	199.0
304.17640447113445	199.0
304.1864050104714	196.0
304.1964055498083	192.0
304.20640608914516	185.0
304.21640662848205	179.0
304.226407167819	179.0
304.2364077071559	179.0
304.24640824649276	199.0
304.25640878582965	208.0
304.2664093251666	220.0
304.2764098645035	231.0
304.28641040384036	236.0
304.29641094317725	242.0
304.3064114825142	245.0
304.3164120218511	245.0
304.32641256118796	239.0
304.33641310052485	236.0
304.34641363986174	228.0
304.3564141791987	226.0
304.36641471853557	223.0
304.37641525787245	183.0
304.38641579720934	181.0
304.3964163365463	236.0
304.40641687588317	245.0
304.41641741522005	250.0
304.42641795455694	250.0
304.4364184938939	250.0
304.44641903323077	250.0
304.45641957256765	253.0
304.46642011190454	256.0
304.4764206512415	259.0
304.48642119057837	259.0
304.49642172991526	259.0
304.50642226925214	253.0
304.516422808589	248.0
304.52642334792597	242.0
304.53642388726286	231.0
304.54642442659974	0.0
304.5564249659366	0.0
304.56642550527357	0.0
304.57642604461046	0.0
304.58642658394734	0.0
304.59642712328423	0.0
304.6064276626212	0.0
304.61642820195806	294.0
304.62642874129494	298.0
304.63642928063183	298.0
304.6464298199688	301.0
304.65643035930566	305.0
304.66643089864255	308.0
304.67643143797943	308.0
304.6864319773163	308.0
304.69643251665326	308.0
304.70643305599015	308.0
304.71643359532703	308.0
304.7264341346639	308.0
304.73643467400086	305.0
304.74643521333775	305.0
304.75643575267463	305.0
304.7664362920115	305.0
304.77643683134846	301.0
304.78643737068535	301.0
304.79643791002223	301.0
304.8064384493591	301.0
304.81643898869606	301.0
304.82643952803295	301.0
304.83644006736984	301.0
304.8464406067067	301.0
304.85644114604366	301.0
304.86644168538055	301.0
304.87644222471744	298.0
304.8864427640543	288.0
304.8964433033912	262.0
304.90644384272815	253.0
304.91644438206504	250.0
304.9264449214019	250.0
304.9364454607388	250.0
304.94644600007575	331.0
304.95644653941264	338.0
304.9664470787495	346.0
304.9764476180864	346.0
304.98644815742335	342.0
304.99644869676024	338.0
305.0064492360971	334.0
305.016449775434	327.0
305.02645031477095	305.0
305.03645085410784	0.0
305.0464513934447	0.0
305.0564519327816	0.0
305.0664524721185	0.0
305.07645301145544	0.0
305.0864535507923	0.0
305.0964540901292	0.0
305.1064546294661	0.0
305.11645516880304	0.0
305.12645570813993	0.0
305.1364562474768	0.0
305.1464567868137	0.0
305.15645732615064	0.0
305.16645786548753	0.0
305.1764584048244	0.0
305.1864589441613	0.0
305.19645948349824	0.0
305.20646002283513	0.0
305.216460562172	0.0
305.2264611015089	0.0
305.2364616408458	0.0
305.24646218018273	0.0
305.2564627195196	0.0
305.2664632588565	0.0
305.2764637981934	0.0
305.28646433753033	0.0
305.2964648768672	0.0
305.3064654162041	0.0
305.316465955541	0.0
305.32646649487793	0.0
305.3364670342148	421.0
305.3464675735517	421.0
305.3564681128886	421.0
305.36646865222554	421.0
305.3764691915624	417.0
305.3864697308993	417.0
305.3964702702362	412.0
305.4064708095731	412.0
305.41647134891	407.0
305.4264718882469	407.0
305.4364724275838	402.0
305.4464729669207	398.0
305.4564735062576	393.0
305.4664740455945	389.0
305.4764745849314	389.0
305.4864751242683	398.0
305.4964756636052	407.0
305.5064762029421	417.0
305.516476742279	426.0
305.5264772816159	421.0
305.5364778209528	407.0
305.5464783602897	380.0
305.5564788996266	323.0
305.5664794389635	308.0
305.5764799783004	294.0
305.5864805176373	291.0
305.5964810569742	291.0
305.6064815963111	301.0
305.61648213564797	319.0
305.6264826749849	334.0
305.6364832143218	350.0
305.6464837536587	367.0
305.6564842929956	380.0
305.6664848323325	393.0
305.6764853716694	402.0
305.6864859110063	412.0
305.6964864503432	417.0
305.7064869896801	417.0
305.716487529017	417.0
305.7264880683539	417.0
305.7364886076908	412.0
305.7464891470277	407.0
305.7564896863646	407.0
305.7664902257015	402.0
305.7764907650384	398.0
305.78649130437526	393.0
305.7964918437122	380.0
305.8064923830491	342.0
305.816492922386	334.0
305.82649346172286	327.0
305.8364940010598	323.0
305.8464945403967	327.0
305.8564950797336	338.0
305.86649561907046	367.0
305.8764961584074	384.0
305.8864966977443	398.0
305.8964972370812	407.0
305.90649777641806	407.0
305.916498315755	407.0
305.9264988550919	402.0
305.9364993944288	393.0
305.94649993376566	389.0
305.95650047310255	0.0
305.9665010124395	265.0
305.9765015517764	265.0
305.98650209111327	272.0
305.99650263045015	281.0
306.0065031697871	294.0
306.016503709124	298.0
306.02650424846087	301.0
306.03650478779775	301.0
306.0465053271347	301.0
306.0565058664716	305.0
306.06650640580847	305.0
306.07650694514535	305.0
306.0865074844823	308.0
306.0965080238192	308.0
306.10650856315607	308.0
306.11650910249296	308.0
306.1265096418299	305.0
306.1365101811668	305.0
306.14651072050367	301.0
306.15651125984056	301.0
306.16651179917744	301.0
306.1765123385144	305.0
306.18651287785127	305.0
306.19651341718816	308.0
306.20651395652504	308.0
306.216514495862	308.0
306.2265150351989	308.0
306.23651557453576	305.0
306.24651611387264	301.0
306.2565166532096	284.0
306.2665171925465	262.0
306.27651773188336	250.0
306.28651827122025	239.0
306.2965188105572	231.0
306.3065193498941	231.0
306.31651988923096	231.0
306.32652042856785	234.0
306.33652096790473	239.0
306.3465215072417	248.0
306.35652204657856	259.0
306.36652258591545	268.0
306.37652312525233	275.0
306.3865236645893	275.0
306.39652420392616	275.0
306.40652474326305	272.0
306.41652528259993	268.0
306.4265258219369	265.0
306.43652636127376	253.0
306.44652690061065	218.0
306.45652743994754	215.0
306.4665279792845	218.0
306.47652851862136	220.0
306.48652905795825	223.0
306.49652959729514	226.0
306.506530136632	228.0
306.51653067596897	228.0
306.52653121530585	231.0
306.53653175464274	231.0
306.5465322939796	228.0
306.55653283331657	228.0
306.56653337265345	226.0
306.57653391199034	223.0
306.5865344513272	215.0
306.59653499066417	0.0
306.60653553000105	0.0
306.61653606933794	0.0
306.6265366086748	0.0
306.63653714801177	0.0
306.64653768734865	0.0
306.65653822668554	0.0
306.6665387660224	0.0
306.6765393053593	0.0
306.68653984469626	265.0
306.69654038403314	265.0
306.70654092337	262.0
306.7165414627069	262.0
306.72654200204386	262.0
306.73654254138074	262.0
306.74654308071763	259.0
306.7565436200545	259.0
306.76654415939146	256.0
306.77654469872834	256.0
306.78654523806523	256.0
306.7965457774021	256.0
306.80654631673906	253.0
306.81654685607595	253.0
306.82654739541283	253.0
306.8365479347497	253.0
306.84654847408666	253.0
306.85654901342355	253.0
306.86654955276043	253.0
306.8765500920973	253.0
306.8865506314342	253.0
306.89655117077115	253.0
306.90655171010803	253.0
306.9165522494449	253.0
306.9265527887818	253.0
306.93655332811875	253.0
306.94655386745563	253.0
306.9565544067925	253.0
306.9665549461294	253.0
306.97655548546635	253.0
306.98655602480324	253.0
306.9965565641401	253.0
307.006557103477	253.0
307.01655764281395	253.0
307.02655818215084	253.0
307.0365587214877	253.0
307.0465592608246	253.0
307.0565598001615	253.0
307.06656033949844	253.0
307.0765608788353	253.0
307.0865614181722	253.0
307.0965619575091	253.0
307.10656249684604	253.0
307.1165630361829	250.0
307.1265635755198	250.0
307.1365641148567	250.0
307.14656465419364	250.0
307.1565651935305	250.0
307.1665657328674	250.0
307.1765662722043	250.0
307.18656681154124	253.0
307.1965673508781	253.0
307.206567890215	253.0
307.2165684295519	256.0
307.2265689688888	256.0
307.2365695082257	256.0
307.2465700475626	256.0
307.2565705868995	256.0
307.2665711262364	256.0
307.27657166557333	253.0
307.2865722049102	253.0
307.2965727442471	250.0
307.306573283584	245.0
307.31657382292093	242.0
307.3265743622578	236.0
307.3365749015947	234.0
307.3465754409316	234.0
307.35657598026853	239.0
307.3665765196054	242.0
307.3765770589423	248.0
307.3865775982792	253.0
307.39657813761613	256.0
307.406578676953	259.0
307.4165792162899	262.0
307.4265797556268	265.0
307.4365802949637	265.0
307.4465808343006	265.0
307.4565813736375	262.0
307.4665819129744	259.0
307.4765824523113	256.0
307.4865829916482	256.0
307.4965835309851	253.0
307.506584070322	250.0
307.5165846096589	250.0
307.5265851489958	250.0
307.5365856883327	250.0
307.5465862276696	250.0
307.5565867670065	253.0
307.5665873063434	253.0
307.5765878456803	253.0
307.5865883850172	256.0
307.5965889243541	256.0
307.60658946369097	256.0
307.6165900030279	256.0
307.6265905423648	256.0
307.6365910817017	253.0
307.64659162103857	253.0
307.6565921603755	253.0
307.6665926997124	253.0
307.6765932390493	253.0
307.68659377838617	253.0
307.6965943177231	253.0
307.70659485706	256.0
307.7165953963969	256.0
307.72659593573377	262.0
307.7365964750707	265.0
307.7465970144076	268.0
307.7565975537445	272.0
307.76659809308137	272.0
307.77659863241826	272.0
307.7865991717552	268.0
307.7965997110921	265.0
307.80660025042897	262.0
307.81660078976586	259.0
307.8266013291028	256.0
307.8366018684397	256.0
307.8466024077766	253.0
307.85660294711346	253.0
307.8666034864504	253.0
307.8766040257873	253.0
307.8866045651242	253.0
307.89660510446106	250.0
307.906605643798	248.0
307.9166061831349	242.0
307.9266067224718	236.0
307.93660726180866	231.0
307.94660780114555	231.0
307.9566083404825	0.0
307.9666088798194	0.0
307.97660941915626	0.0
307.98660995849315	0.0
307.9966104978301	0.0
308.006611037167	0.0
308.01661157650386	0.0
308.02661211584075	0.0
308.0366126551777	0.0
308.0466131945146	0.0
308.05661373385146	275.0
308.06661427318835	275.0
308.0766148125253	275.0
308.0866153518622	275.0
308.09661589119906	272.0
308.10661643053595	272.0
308.1166169698729	268.0
308.1266175092098	268.0
308.13661804854667	265.0
308.14661858788355	265.0
308.15661912722044	262.0
308.1666196665574	259.0
308.17662020589427	259.0
308.18662074523115	256.0
308.19662128456804	256.0
308.206621823905	256.0
308.21662236324187	256.0
308.22662290257875	256.0
308.23662344191564	256.0
308.2466239812526	256.0
308.25662452058947	256.0
308.26662505992635	256.0
308.27662559926324	256.0
308.2866261386002	256.0
308.29662667793707	256.0
308.30662721727396	256.0
308.31662775661084	256.0
308.3266282959477	256.0
308.33662883528467	253.0
308.34662937462156	253.0
308.35662991395844	256.0
308.36663045329533	256.0
308.3766309926323	262.0
308.38663153196916	268.0
308.39663207130604	278.0
308.40663261064293	284.0
308.4166331499799	288.0
308.42663368931676	291.0
308.43663422865365	291.0
308.44663476799053	288.0
308.4566353073275	284.0
308.46663584666436	281.0
308.47663638600125	278.0
308.48663692533813	272.0
308.496637464675	268.0
308.50663800401196	265.0
308.51663854334885	262.0
308.52663908268573	262.0
308.5366396220226	259.0
308.54664016135956	256.0
308.55664070069645	256.0
308.56664124003333	256.0
308.5766417793702	256.0
308.58664231870716	256.0
308.59664285804405	256.0
308.60664339738094	256.0
308.6166439367178	256.0
308.62664447605476	256.0
308.63664501539165	256.0
308.64664555472854	253.0
308.6566460940654	253.0
308.6666466334023	253.0
308.67664717273925	256.0
308.68664771207614	262.0
308.696648251413	268.0
308.7066487907499	278.0
308.71664933008685	288.0
308.72664986942374	294.0
308.7366504087606	301.0
308.7466509480975	305.0
308.75665148743445	312.0
308.76665202677134	316.0
308.7766525661082	316.0
308.7866531054451	312.0
308.79665364478205	305.0
308.80665418411894	298.0
308.8166547234558	291.0
308.8266552627927	288.0
308.83665580212966	281.0
308.84665634146654	278.0
308.8566568808034	272.0
308.8666574201403	265.0
308.8766579594772	265.0
308.88665849881414	262.0
308.89665903815103	262.0
308.9066595774879	259.0
308.9166601168248	259.0
308.92666065616174	256.0
308.93666119549863	256.0
308.9466617348355	256.0
308.9566622741724	253.0
308.96666281350934	256.0
308.97666335284623	253.0
308.9866638921831	253.0
308.99666443152	253.0
309.00666497085695	250.0
309.01666551019383	250.0
309.0266660495307	250.0
309.0366665888676	250.0
309.0466671282045	250.0
309.05666766754143	253.0
309.0666682068783	256.0
309.0766687462152	259.0
309.0866692855521	262.0
309.09666982488903	268.0
309.1066703642259	275.0
309.1166709035628	278.0
309.1266714428997	281.0
309.13667198223663	281.0
309.1466725215735	278.0
309.1566730609104	275.0
309.1666736002473	272.0
309.17667413958424	268.0
309.1866746789211	265.0
309.196675218258	262.0
309.2066757575949	259.0
309.2166762969318	253.0
309.2266768362687	250.0
309.2366773756056	245.0
309.2466779149425	242.0
309.2566784542794	236.0
309.2666789936163	234.0
309.2766795329532	231.0
309.2866800722901	228.0
309.296680611627	226.0
309.3066811509639	226.0
309.3166816903008	226.0
309.3266822296377	226.0
309.3366827689746	223.0
309.3466833083115	223.0
309.3566838476484	226.0
309.3666843869853	226.0
309.3766849263222	228.0
309.3866854656591	228.0
309.396686004996	231.0
309.4066865443329	231.0
309.4166870836698	228.0
309.42668762300667	226.0
309.4366881623436	226.0
309.4466887016805	226.0
309.4566892410174	250.0
309.4666897803543	253.0
309.4766903196912	253.0
309.4866908590281	253.0
309.496691398365	250.0
309.5066919377019	248.0
309.5166924770388	245.0
309.5266930163757	239.0
309.5366935557126	236.0
309.5466940950495	231.0
309.5566946343864	228.0
309.5666951737233	226.0
309.5766957130602	226.0
309.5866962523971	223.0
309.59669679173396	223.0
309.6066973310709	223.0
309.6166978704078	223.0
309.6266984097447	223.0
309.63669894908156	226.0
309.6466994884185	226.0
309.6567000277554	228.0
309.6667005670923	234.0
309.67670110642916	236.0
309.6867016457661	239.0
309.696702185103	245.0
309.7067027244399	248.0
309.71670326377676	250.0
309.7267038031137	253.0
309.7367043424506	250.0
309.7467048817875	250.0
309.75670542112437	248.0
309.76670596046125	245.0
309.7767064997982	239.0
309.7867070391351	236.0
309.79670757847197	231.0
309.80670811780885	228.0
309.8167086571458	226.0
309.8267091964827	226.0
309.83670973581957	226.0
309.84671027515645	226.0
309.8567108144934	228.0
309.8667113538303	228.0
309.87671189316717	234.0
309.88671243250405	236.0
309.896712971841	242.0
309.9067135111779	248.0
309.91671405051477	253.0
309.92671458985166	256.0
309.93671512918854	262.0
309.9467156685255	265.0
309.95671620786237	265.0
309.96671674719926	265.0
309.97671728653614	265.0
309.9867178258731	262.0
309.99671836521	259.0
310.00671890454686	256.0
310.01671944388374	253.0
310.0267199832207	250.0
310.0367205225576	248.0
310.04672106189446	245.0
310.05672160123135	242.0
310.0667221405683	242.0
310.0767226799052	239.0
310.08672321924206	239.0
310.09672375857895	239.0
310.1067242979159	242.0
310.1167248372528	245.0
310.12672537658966	250.0
310.13672591592655	259.0
310.14672645526343	265.0
310.1567269946004	278.0
310.16672753393726	284.0
310.17672807327415	291.0
310.18672861261103	298.0
310.196729151948	301.0
310.20672969128486	301.0
310.21673023062175	305.0
310.22673076995864	305.0
310.2367313092956	305.0
310.24673184863246	301.0
310.25673238796935	301.0
310.26673292730624	301.0
310.2767334666432	301.0
310.28673400598007	301.0
310.29673454531695	301.0
310.30673508465384	301.0
310.3167356239907	301.0
310.32673616332767	301.0
310.33673670266455	301.0
310.34673724200144	301.0
310.3567377813383	301.0
310.36673832067527	301.0
310.37673886001215	301.0
310.38673939934904	301.0
310.3967399386859	301.0
310.40674047802287	301.0
310.41674101735975	301.0
310.42674155669664	301.0
310.4367420960335	301.0
310.44674263537047	301.0
310.45674317470736	301.0
310.46674371404424	301.0
310.4767442533811	301.0
310.486744792718	301.0
310.49674533205496	301.0
310.50674587139184	305.0
310.51674641072873	305.0
310.5267469500656	305.0
310.53674748940256	305.0
310.54674802873944	305.0
310.55674856807633	305.0
310.5667491074132	305.0
310.57674964675016	305.0
310.58675018608704	305.0
310.59675072542393	305.0
310.6067512647608	305.0
310.61675180409776	301.0
310.62675234343465	298.0
310.63675288277153	291.0
310.6467534221084	278.0
310.65675396144536	259.0
310.66675450078225	248.0
310.67675504011913	234.0
310.686755579456	228.0
310.6967561187929	0.0
310.70675665812985	0.0
310.71675719746673	0.0
310.7267577368036	0.0
310.7367582761405	0.0
310.74675881547745	0.0
310.75675935481433	0.0
310.7667598941512	0.0
310.7767604334881	0.0
310.78676097282505	0.0
310.79676151216194	0.0
310.8067620514988	284.0
310.8167625908357	278.0
310.82676313017265	265.0
310.83676366950954	256.0
310.8467642088464	253.0
310.8567647481833	253.0
310.8667652875202	308.0
310.87676582685714	308.0
310.886766366194	305.0
310.8967669055309	305.0
310.9067674448678	305.0
310.91676798420474	301.0
310.9267685235416	301.0
310.9367690628785	301.0
310.9467696022154	301.0
310.95677014155234	301.0
310.9667706808892	301.0
310.9767712202261	301.0
310.986771759563	301.0
310.99677229889994	305.0
311.0067728382368	305.0
311.0167733775737	305.0
311.0267739169106	305.0
311.0367744562475	305.0
311.0467749955844	305.0
311.0567755349213	301.0
311.0667760742582	301.0
311.0767766135951	298.0
311.08677715293203	298.0
311.0967776922689	291.0
311.1067782316058	284.0
311.1167787709427	275.0
311.12677931027963	265.0
311.1367798496165	262.0
311.1467803889534	259.0
311.1567809282903	253.0
311.16678146762723	250.0
311.1767820069641	248.0
311.186782546301	245.0
311.1967830856379	248.0
311.2067836249748	248.0
311.2167841643117	250.0
311.2267847036486	256.0
311.2367852429855	259.0
311.2467857823224	265.0
311.2567863216593	275.0
311.2667868609962	281.0
311.2767874003331	291.0
311.28678793967	294.0
311.2967884790069	298.0
311.3067890183438	298.0
311.3167895576807	301.0
311.3267900970176	301.0
311.3367906363545	301.0
311.3467911756914	301.0
311.3567917150283	301.0
311.3667922543652	301.0
311.3767927937021	305.0
311.386793333039	305.0
311.3967938723759	305.0
311.4067944117128	308.0
311.41679495104967	308.0
311.4267954903866	308.0
311.4367960297235	308.0
311.4467965690604	308.0
311.45679710839727	308.0
311.4667976477342	308.0
311.4767981870711	305.0
311.486798726408	305.0
311.49679926574487	301.0
311.5067998050818	301.0
311.5168003444187	301.0
311.5268008837556	301.0
311.53680142309247	301.0
311.5468019624294	298.0
311.5568025017663	298.0
311.5668030411032	298.0
311.57680358044007	298.0
311.58680411977696	294.0
311.5968046591139	294.0
311.6068051984508	298.0
311.6168057377877	298.0
311.62680627712456	301.0
311.6368068164615	301.0
311.6468073557984	305.0
311.6568078951353	301.0
311.66680843447216	301.0
311.6768089738091	294.0
311.686809513146	278.0
311.6968100524829	250.0
311.70681059181976	0.0
311.7168111311567	0.0
311.7268116704936	0.0
311.7368122098305	0.0
311.74681274916736	0.0
311.75681328850425	0.0
311.7668138278412	0.0
311.7768143671781	0.0
311.78681490651496	0.0
311.79681544585185	0.0
311.8068159851888	0.0
311.8168165245257	0.0
311.82681706386256	0.0
311.83681760319945	0.0
311.8468181425364	0.0
311.8568186818733	0.0
311.86681922121016	0.0
311.87681976054705	0.0
311.886820299884	0.0
311.8968208392209	0.0
311.90682137855777	0.0
311.91682191789465	0.0
311.9268224572316	0.0
311.9368229965685	0.0
311.94682353590537	0.0
311.95682407524225	0.0
311.96682461457914	0.0
311.9768251539161	0.0
311.98682569325297	0.0
311.99682623258985	0.0
312.00682677192674	0.0
312.0168273112637	0.0
312.02682785060057	0.0
312.03682838993745	0.0
312.04682892927434	0.0
312.0568294686113	0.0
312.06683000794817	0.0
312.07683054728506	0.0
312.08683108662194	0.0
312.0968316259589	0.0
312.10683216529577	0.0
312.11683270463266	0.0
312.12683324396954	0.0
312.13683378330643	0.0
312.1468343226434	0.0
312.15683486198026	0.0
312.16683540131714	0.0
312.17683594065403	0.0
312.186836479991	0.0
312.19683701932786	281.0
312.20683755866474	281.0
312.21683809800163	284.0
312.2268386373386	294.0
312.23683917667546	301.0
312.24683971601235	305.0
312.25684025534923	308.0
312.2668407946862	308.0
312.27684133402306	312.0
312.28684187335995	308.0
312.29684241269683	308.0
312.3068429520337	308.0
312.31684349137066	308.0
312.32684403070755	308.0
312.33684457004443	308.0
312.3468451093813	305.0
312.35684564871826	301.0
312.36684618805515	298.0
312.37684672739204	294.0
312.3868472667289	294.0
312.39684780606586	291.0
312.40684834540275	291.0
312.41684888473964	284.0
312.4268494240765	275.0
312.43684996341347	265.0
312.44685050275035	259.0
312.45685104208724	256.0
312.4668515814241	253.0
312.476852120761	250.0
312.48685266009795	250.0
312.49685319943484	250.0
312.5068537387717	250.0
312.5168542781086	250.0
312.52685481744555	253.0
312.53685535678244	256.0
312.5468558961193	262.0
312.5568564354562	272.0
312.56685697479315	278.0
312.57685751413004	284.0
312.5868580534669	288.0
312.5968585928038	291.0
312.60685913214076	291.0
312.61685967147764	291.0
312.6268602108145	288.0
312.6368607501514	284.0
312.64686128948836	278.0
312.65686182882524	272.0
312.6668623681621	268.0
312.676862907499	262.0
312.6868634468359	259.0
312.69686398617284	256.0
312.70686452550973	253.0
312.7168650648466	250.0
312.7268656041835	250.0
312.73686614352044	250.0
312.74686668285733	250.0
312.7568672221942	250.0
312.7668677615311	250.0
312.77686830086805	253.0
312.78686884020493	256.0
312.7968693795418	259.0
312.8068699188787	265.0
312.81687045821565	272.0
312.82687099755253	281.0
312.8368715368894	288.0
312.8468720762263	294.0
312.8568726155632	298.0
312.86687315490013	305.0
312.876873694237	308.0
312.8868742335739	308.0
312.8968747729108	305.0
312.90687531224773	301.0
312.9168758515846	298.0
312.9268763909215	291.0
312.9368769302584	288.0
312.94687746959534	284.0
312.9568780089322	278.0
312.9668785482691	268.0
312.976879087606	265.0
312.98687962694294	265.0
312.9968801662798	265.0
313.0068807056167	262.0
313.0168812449536	262.0
313.0268817842905	259.0
313.0368823236274	259.0
313.0468828629643	256.0
313.0568834023012	256.0
313.0668839416381	256.0
313.076884480975	256.0
313.0868850203119	256.0
313.0968855596488	256.0
313.1068860989857	256.0
313.1168866383226	259.0
313.1268871776595	268.0
313.1368877169964	284.0
313.1468882563333	305.0
313.1568887956702	319.0
313.1668893350071	331.0
313.176889874344	346.0
313.1868904136809	358.0
313.1968909530178	367.0
313.2068914923547	371.0
313.2168920316916	375.0
313.2268925710285	371.0
313.2368931103654	367.0
313.2468936497023	363.0
313.2568941890392	354.0
313.2668947283761	350.0
313.276895267713	346.0
313.2868958070499	342.0
313.2968963463868	338.0
313.3068968857237	338.0
313.3168974250606	338.0
313.3268979643975	338.0
313.3368985037344	338.0
313.3468990430713	334.0
313.3568995824082	334.0
313.3669001217451	334.0
313.376900661082	334.0
313.3869012004189	338.0
313.3969017397558	342.0
313.40690227909266	346.0
313.4169028184296	358.0
313.4269033577665	367.0
313.4369038971034	380.0
313.44690443644026	389.0
313.4569049757772	393.0
313.4669055151141	393.0
313.476906054451	389.0
313.48690659378786	380.0
313.4969071331248	367.0
313.5069076724617	342.0
313.5169082117986	323.0
313.52690875113547	316.0
313.5369092904724	312.0
313.5469098298093	308.0
313.5569103691462	305.0
313.56691090848307	305.0
313.57691144781995	305.0
313.5869119871569	305.0
313.5969125264938	305.0
313.60691306583067	305.0
313.61691360516755	305.0
313.6269141445045	305.0
313.6369146838414	305.0
313.64691522317827	301.0
313.65691576251515	301.0
313.6669163018521	301.0
313.676916841189	301.0
313.68691738052587	301.0
313.69691791986276	301.0
313.7069184591997	301.0
313.7169189985366	301.0
313.72691953787347	301.0
313.73692007721036	301.0
313.74692061654724	301.0
313.7569211558842	301.0
313.7669216952211	301.0
313.77692223455796	301.0
313.78692277389484	305.0
313.7969233132318	305.0
313.8069238525687	305.0
313.81692439190556	308.0
313.82692493124244	308.0
313.8369254705794	308.0
313.8469260099163	305.0
313.85692654925316	305.0
313.86692708859005	305.0
313.876927627927	301.0
313.8869281672639	301.0
313.89692870660076	301.0
313.90692924593765	301.0
313.9169297852746	301.0
313.9269303246115	301.0
313.93693086394836	301.0
313.94693140328525	305.0
313.95693194262213	305.0
313.9669324819591	305.0
313.97693302129596	305.0
313.98693356063285	305.0
313.99693409996974	305.0
314.0069346393067	305.0
314.01693517864356	305.0
314.02693571798045	305.0
314.03693625731734	305.0
314.0469367966543	305.0
314.05693733599117	305.0
314.06693787532805	305.0
314.07693841466494	305.0
314.0869389540019	305.0
314.09693949333877	305.0
314.10694003267565	305.0
314.11694057201254	301.0
314.1269411113494	298.0
314.13694165068637	291.0
314.14694219002325	284.0
314.15694272936014	272.0
314.166943268697	265.0
314.17694380803397	262.0
314.18694434737085	265.0
314.19694488670774	275.0
314.2069454260446	288.0
314.21694596538157	301.0
314.22694650471846	301.0
314.23694704405534	301.0
314.2469475833922	301.0
314.25694812272917	301.0
314.26694866206606	301.0
314.27694920140294	301.0
314.28694974073983	301.0
314.2969502800767	298.0
314.30695081941366	298.0
314.31695135875054	298.0
314.32695189808743	298.0
314.3369524374243	298.0
314.34695297676126	298.0
314.35695351609814	298.0
314.36695405543503	298.0
314.3769545947719	294.0
314.38695513410886	294.0
314.39695567344575	291.0
314.40695621278263	288.0
314.4169567521195	284.0
314.42695729145646	278.0
314.43695783079335	268.0
314.44695837013023	262.0
314.4569589094671	253.0
314.466959448804	250.0
314.47695998814095	242.0
314.48696052747783	236.0
314.4969610668147	234.0
314.5069616061516	231.0
314.51696214548855	234.0
314.52696268482543	239.0
314.5369632241623	245.0
314.5469637634992	253.0
314.55696430283615	262.0
314.56696484217304	275.0
314.5769653815099	284.0
314.5869659208468	294.0
314.59696646018375	298.0
314.60696699952064	305.0
314.6169675388575	308.0
314.6269680781944	308.0
314.63696861753135	308.0
314.64696915686824	305.0
314.6569696962051	301.0
314.666970235542	298.0
314.6769707748789	294.0
314.68697131421584	291.0
314.6969718535527	288.0
314.7069723928896	281.0
314.7169729322265	275.0
314.72697347156344	265.0
314.7369740109003	259.0
314.7469745502372	253.0
314.7569750895741	248.0
314.76697562891104	245.0
314.7769761682479	242.0
314.7869767075848	242.0
314.7969772469217	242.0
314.80697778625864	242.0
314.8169783255955	248.0
314.8269788649324	253.0
314.8369794042693	259.0
314.8469799436062	268.0
314.85698048294313	288.0
314.86698102228	301.0
314.8769815616169	308.0
314.8869821009538	312.0
314.89698264029073	316.0
314.9069831796276	316.0
314.9169837189645	312.0
314.9269842583014	308.0
314.93698479763833	301.0
314.9469853369752	294.0
314.9569858763121	284.0
314.966986415649	278.0
314.97698695498593	268.0
314.9869874943228	265.0
314.9969880336597	262.0
315.0069885729966	259.0
315.0169891123335	256.0
315.0269896516704	256.0
315.0369901910073	253.0
315.0469907303442	253.0
315.0569912696811	253.0
315.066991809018	253.0
315.0769923483549	256.0
315.0869928876918	259.0
315.0969934270287	265.0
315.1069939663656	272.0
315.1169945057025	281.0
315.1269950450394	294.0
315.1369955843763	308.0
315.1469961237132	327.0
315.1569966630501	346.0
315.166997202387	363.0
315.1769977417239	375.0
315.1869982810608	384.0
315.1969988203977	380.0
315.2069993597346	367.0
315.2169998990715	350.0
315.22700043840837	331.0
315.2370009777453	308.0
315.2470015170822	301.0
315.2570020564191	298.0
315.26700259575597	298.0
315.2770031350929	301.0
315.2870036744298	301.0
315.2970042137667	305.0
315.30700475310357	305.0
315.3170052924405	305.0
315.3270058317774	305.0
315.3370063711143	305.0
315.34700691045117	305.0
315.3570074497881	305.0
315.367007989125	305.0
315.3770085284619	305.0
315.3870090677988	305.0
315.39700960713566	305.0
315.4070101464726	301.0
315.4170106858095	301.0
315.4270112251464	301.0
315.43701176448326	301.0
315.4470123038202	298.0
315.4570128431571	294.0
315.467013382494	291.0
315.47701392183086	256.0
315.4870144611678	250.0
315.4970150005047	0.0
315.5070155398416	0.0
315.51701607917846	0.0
315.5270166185154	0.0
315.5370171578523	0.0
315.5470176971892	0.0
315.55701823652606	0.0
315.56701877586295	0.0
315.5770193151999	316.0
315.5870198545368	312.0
315.59702039387366	312.0
315.60702093321055	308.0
315.6170214725475	308.0
315.6270220118844	308.0
315.63702255122126	308.0
315.64702309055815	308.0
315.6570236298951	308.0
315.667024169232	308.0
315.67702470856887	305.0
315.68702524790575	305.0
315.6970257872427	305.0
315.7070263265796	305.0
315.71702686591647	301.0
315.72702740525335	301.0
315.73702794459024	301.0
315.7470284839272	301.0
315.75702902326407	301.0
315.76702956260095	298.0
315.77703010193784	294.0
315.7870306412748	291.0
315.79703118061167	281.0
315.80703171994855	275.0
315.81703225928544	259.0
315.8270327986224	250.0
315.83703333795927	245.0
315.84703387729616	239.0
315.85703441663304	236.0
315.86703495597	236.0
315.87703549530687	239.0
315.88703603464376	245.0
315.89703657398064	253.0
315.9070371133176	262.0
315.91703765265447	275.0
315.92703819199136	284.0
315.93703873132824	298.0
315.94703927066513	301.0
315.9570398100021	305.0
315.96704034933896	308.0
315.97704088867584	308.0
315.98704142801273	312.0
315.9970419673497	308.0
316.00704250668656	305.0
316.01704304602345	298.0
316.02704358536033	291.0
316.0370441246973	284.0
316.04704466403416	281.0
316.05704520337105	275.0
316.06704574270793	268.0
316.0770462820449	262.0
316.08704682138176	259.0
316.09704736071865	256.0
316.10704790005553	253.0
316.1170484393924	250.0
316.12704897872936	248.0
316.13704951806625	248.0
316.14705005740313	248.0
316.15705059674	248.0
316.16705113607696	250.0
316.17705167541385	253.0
316.18705221475074	262.0
316.1970527540876	272.0
316.20705329342456	284.0
316.21705383276145	298.0
316.22705437209834	305.0
316.2370549114352	312.0
316.24705545077217	316.0
316.25705599010905	319.0
316.26705652944594	316.0
316.2770570687828	312.0
316.2870576081197	308.0
316.29705814745665	301.0
316.30705868679354	291.0
316.3170592261304	281.0
316.3270597654673	275.0
316.33706030480425	268.0
316.34706084414114	262.0
316.357061383478	259.0
316.3670619228149	256.0
316.37706246215186	253.0
316.38706300148874	253.0
316.3970635408256	250.0
316.4070640801625	250.0
316.41706461949946	250.0
316.42706515883634	248.0
316.4370656981732	248.0
316.4470662375101	248.0
316.45706677684706	248.0
316.46706731618394	248.0
316.47706785552083	248.0
316.4870683948577	248.0
316.4970689341946	248.0
316.50706947353154	248.0
316.51707001286843	248.0
316.5270705522053	250.0
316.5370710915422	253.0
316.54707163087915	256.0
316.55707217021603	262.0
316.5670727095529	272.0
316.5770732488898	278.0
316.58707378822675	281.0
316.59707432756363	284.0
316.6070748669005	284.0
316.6170754062374	281.0
316.62707594557435	278.0
316.63707648491123	272.0
316.6470770242481	268.0
316.657077563585	262.0
316.6670781029219	256.0
316.67707864225883	253.0
316.6870791815957	248.0
316.6970797209326	242.0
316.7070802602695	239.0
316.71708079960644	234.0
316.7270813389433	231.0
316.7370818782802	231.0
316.7470824176171	228.0
316.75708295695404	228.0
316.7670834962909	226.0
316.7770840356278	226.0
316.7870845749647	226.0
316.79708511430164	226.0
316.8070856536385	223.0
316.8170861929754	223.0
316.8270867323123	223.0
316.8370872716492	223.0
316.8470878109861	226.0
316.857088350323	228.0
316.8670888896599	234.0
316.8770894289968	239.0
316.8870899683337	245.0
316.8970905076706	250.0
316.9070910470075	250.0
316.9170915863444	250.0
316.9270921256813	245.0
316.9370926650182	239.0
316.9470932043551	231.0
316.957093743692	215.0
316.9670942830289	203.0
316.9770948223658	196.0
316.9870953617027	196.0
316.9970959010396	199.0
317.0070964403765	201.0
317.0170969797134	203.0
317.0270975190503	203.0
317.0370980583872	206.0
317.0470985977241	206.0
317.057099137061	203.0
317.0670996763979	203.0
317.0771002157348	203.0
317.0871007550717	203.0
317.0971012944086	203.0
317.1071018337455	203.0
317.1171023730824	203.0
317.1271029124193	203.0
317.1371034517562	203.0
317.1471039910931	201.0
317.15710453043	201.0
317.1671050697669	201.0
317.1771056091038	201.0
317.1871061484407	199.0
317.1971066877776	199.0
317.2071072271145	199.0
317.21710776645136	201.0
317.2271083057883	206.0
317.2371088451252	208.0
317.2471093844621	215.0
317.25710992379896	220.0
317.2671104631359	226.0
317.2771110024728	228.0
317.2871115418097	228.0
317.29711208114657	228.0
317.3071126204835	226.0
317.3171131598204	223.0
317.3271136991573	223.0
317.33711423849417	0.0
317.3471147778311	0.0
317.357115317168	0.0
317.3671158565049	0.0
317.37711639584177	0.0
317.38711693517865	0.0
317.3971174745156	0.0
317.4071180138525	0.0
317.41711855318937	0.0
317.42711909252625	0.0
317.4371196318632	0.0
317.4471201712001	0.0
317.45712071053697	0.0
317.46712124987386	0.0
317.4771217892108	0.0
317.4871223285477	0.0
317.49712286788457	0.0
317.50712340722146	0.0
317.5171239465584	0.0
317.5271244858953	0.0
317.53712502523217	0.0
317.54712556456906	0.0
317.55712610390594	0.0
317.5671266432429	0.0
317.5771271825798	0.0
317.58712772191666	0.0
317.59712826125354	0.0
317.6071288005905	0.0
317.6171293399274	0.0
317.62712987926426	0.0
317.63713041860115	0.0
317.6471309579381	0.0
317.657131497275	0.0
317.66713203661186	0.0
317.67713257594875	0.0
317.6871331152857	0.0
317.6971336546226	0.0
317.70713419395946	338.0
317.71713473329635	334.0
317.7271352726333	331.0
317.7371358119702	331.0
317.74713635130706	327.0
317.75713689064395	327.0
317.76713742998083	323.0
317.7771379693178	323.0
317.78713850865466	323.0
317.79713904799155	327.0
317.80713958732844	331.0
317.8171401266654	334.0
317.82714066600226	334.0
317.83714120533915	338.0
317.84714174467604	342.0
317.857142284013	350.0
317.86714282334987	358.0
317.87714336268675	367.0
317.88714390202364	375.0
317.8971444413606	380.0
317.90714498069747	384.0
317.91714552003435	389.0
317.92714605937124	393.0
317.9371465987081	393.0
317.94714713804507	398.0
317.95714767738195	402.0
317.96714821671884	402.0
317.9771487560557	402.0
317.98714929539267	407.0
317.99714983472956	407.0
318.00715037406644	407.0
318.0171509134033	407.0
318.02715145274027	407.0
318.03715199207716	407.0
318.04715253141404	407.0
318.0571530707509	402.0
318.06715361008787	402.0
318.07715414942476	402.0
318.08715468876164	398.0
318.09715522809853	398.0
318.1071557674354	398.0
318.11715630677236	398.0
318.12715684610924	393.0
318.13715738544613	398.0
318.147157924783	398.0
318.15715846411996	398.0
318.16715900345685	402.0
318.17715954279373	402.0
318.1871600821306	402.0
318.19716062146756	407.0
318.20716116080445	407.0
318.21716170014133	407.0
318.2271622394782	407.0
318.23716277881516	407.0
318.24716331815205	407.0
318.25716385748893	407.0
318.2671643968258	407.0
318.2771649361627	407.0
318.28716547549965	407.0
318.29716601483653	407.0
318.3071665541734	407.0
318.3171670935103	407.0
318.32716763284725	407.0
318.33716817218414	402.0
318.347168711521	389.0
318.3571692508579	375.0
318.36716979019485	338.0
318.37717032953174	331.0
318.3871708688686	412.0
318.3971714082055	436.0
318.40717194754245	452.0
318.41717248687934	462.0
318.4271730262162	479.0
318.4371735655531	496.0
318.44717410489005	507.0
318.45717464422694	513.0
318.4671751835638	513.0
318.4771757229007	513.0
318.4871762622376	513.0
318.49717680157454	507.0
318.5071773409114	501.0
318.5171778802483	496.0
318.5271784195852	490.0
318.53717895892214	484.0
318.547179498259	484.0
318.5571800375959	479.0
318.5671805769328	473.0
318.57718111626974	468.0
318.5871816556066	462.0
318.5971821949435	462.0
318.6071827342804	457.0
318.61718327361734	457.0
318.62718381295423	457.0
318.6371843522911	452.0
318.647184891628	447.0
318.6571854309649	447.0
318.66718597030183	441.0
318.6771865096387	441.0
318.6871870489756	447.0
318.6971875883125	452.0
318.70718812764943	457.0
318.7171886669863	519.0
318.7271892063232	519.0
318.7371897456601	519.0
318.74719028499703	525.0
318.7571908243339	525.0
318.7671913636708	531.0
318.7771919030077	531.0
318.78719244234463	537.0
318.7971929816815	531.0
318.8071935210184	525.0
318.8171940603553	519.0
318.8271945996922	507.0
318.8371951390291	501.0
318.847195678366	490.0
318.8571962177029	479.0
318.8671967570398	473.0
318.8771972963767	468.0
318.8871978357136	462.0
318.8971983750505	462.0
318.9071989143874	462.0
318.9171994537243	457.0
318.9271999930612	457.0
318.9372005323981	452.0
318.947201071735	457.0
318.9572016110719	457.0
318.9672021504088	462.0
318.9772026897457	473.0
318.9872032290826	484.0
318.9972037684195	501.0
319.0072043077564	513.0
319.0172048470933	519.0
319.0272053864302	525.0
319.03720592576707	537.0
319.047206465104	556.0
319.0572070044409	576.0
319.0672075437778	576.0
319.07720808311467	569.0
319.0872086224516	563.0
319.0972091617885	550.0
319.1072097011254	531.0
319.11721024046227	519.0
319.1272107797992	507.0
319.1372113191361	490.0
319.147211858473	473.0
319.1572123978099	468.0
319.1672129371468	462.0
319.1772134764837	457.0
319.1872140158206	457.0
319.1972145551575	457.0
319.20721509449436	452.0
319.2172156338313	457.0
319.2272161731682	457.0
319.2372167125051	462.0
319.24721725184196	473.0
319.2572177911789	484.0
319.2672183305158	496.0
319.2772188698527	507.0
319.28721940918956	519.0
319.2972199485265	519.0
319.3072204878634	519.0
319.3172210272003	513.0
319.32722156653716	501.0
319.3372221058741	457.0
319.347222645211	447.0
319.3572231845479	0.0
319.36722372388476	0.0
319.37722426322165	0.0
319.3872248025586	0.0
319.3972253418955	0.0
319.40722588123236	0.0
319.41722642056925	402.0
319.4272269599062	407.0
319.4372274992431	407.0
319.44722803857996	407.0
319.45722857791685	407.0
319.4672291172538	407.0
319.4772296565907	407.0
319.48723019592757	407.0
319.49723073526445	407.0
319.5072312746014	407.0
319.5172318139383	407.0
319.52723235327517	407.0
319.53723289261205	407.0
319.54723343194894	407.0
319.5572339712859	407.0
319.56723451062277	407.0
319.57723504995965	407.0
319.58723558929654	407.0
319.5972361286335	407.0
319.60723666797037	407.0
319.61723720730726	407.0
319.62723774664414	407.0
319.6372382859811	407.0
319.64723882531797	402.0
319.65723936465486	398.0
319.66723990399174	393.0
319.6772404433287	380.0
319.68724098266557	371.0
319.69724152200246	358.0
319.70724206133934	363.0
319.7172426006763	398.0
319.7272431400132	412.0
319.73724367935006	426.0
319.74724421868694	436.0
319.75724475802383	447.0
319.7672452973608	452.0
319.77724583669766	457.0
319.78724637603455	457.0
319.79724691537143	457.0
319.8072474547084	457.0
319.81724799404526	457.0
319.82724853338215	457.0
319.83724907271903	457.0
319.847249612056	457.0
319.85725015139286	457.0
319.86725069072975	457.0
319.87725123006663	462.0
319.8872517694036	462.0
319.89725230874046	462.0
319.90725284807735	462.0
319.91725338741423	468.0
319.9272539267511	468.0
319.93725446608806	473.0
319.94725500542495	468.0
319.95725554476184	468.0
319.9672560840987	457.0
319.97725662343566	447.0
319.98725716277255	402.0
319.99725770210944	393.0
320.0072582414463	0.0
320.01725878078327	0.0
320.02725932012015	0.0
320.03725985945704	0.0
320.0472603987939	0.0
320.05726093813087	0.0
320.06726147746775	412.0
320.07726201680464	412.0
320.0872625561415	412.0
320.0972630954784	412.0
320.10726363481535	412.0
320.11726417415224	412.0
320.1272647134891	412.0
320.137265252826	412.0
320.14726579216295	412.0
320.15726633149984	407.0
320.1672668708367	407.0
320.1772674101736	407.0
320.18726794951056	407.0
320.19726848884744	407.0
320.2072690281843	407.0
320.2172695675212	407.0
320.22727010685816	407.0
320.23727064619504	412.0
320.24727118553193	412.0
320.2572717248688	412.0
320.2672722642057	412.0
320.27727280354264	412.0
320.28727334287953	412.0
320.2972738822164	412.0
320.3072744215533	412.0
320.31727496089024	407.0
320.32727550022713	375.0
320.337276039564	354.0
320.3472765789009	354.0
320.35727711823785	354.0
320.36727765757473	402.0
320.3772781969116	402.0
320.3872787362485	407.0
320.39727927558545	407.0
320.40727981492233	407.0
320.4172803542592	407.0
320.4272808935961	407.0
320.43728143293305	412.0
320.44728197226993	412.0
320.4572825116068	412.0
320.4672830509437	412.0
320.4772835902806	412.0
320.48728412961754	412.0
320.4972846689544	412.0
320.5072852082913	412.0
320.5172857476282	407.0
320.52728628696514	407.0
320.537286826302	407.0
320.5472873656389	402.0
320.5572879049758	398.0
320.56728844431274	393.0
320.5772889836496	384.0
320.5872895229865	375.0
320.5972900623234	363.0
320.60729060166034	346.0
320.6172911409972	334.0
320.6272916803341	327.0
320.637292219671	323.0
320.6472927590079	316.0
320.6572932983448	301.0
320.6672938376817	288.0
320.6772943770186	288.0
320.6872949163555	0.0
320.6972954556924	0.0
320.7072959950293	0.0
320.7172965343662	0.0
320.7272970737031	0.0
320.73729761304	412.0
320.7472981523769	407.0
320.7572986917138	402.0
320.7672992310507	398.0
320.77729977038763	398.0
320.7873003097245	402.0
320.7973008490614	412.0
320.8073013883983	412.0
320.8173019277352	407.0
320.8273024670721	398.0
320.837303006409	393.0
320.8473035457459	384.0
320.8573040850828	380.0
320.8673046244197	371.0
320.8773051637566	363.0
320.8873057030935	354.0
320.8973062424304	346.0
320.9073067817673	338.0
320.9173073211042	334.0
320.9273078604411	331.0
320.937308399778	331.0
320.9473089391149	331.0
320.9573094784518	334.0
320.9673100177887	338.0
320.9773105571256	342.0
320.9873110964625	358.0
320.9973116357994	380.0
321.0073121751363	389.0
321.0173127144732	389.0
321.02731325381006	398.0
321.037313793147	417.0
321.0473143324839	426.0
321.0573148718208	431.0
321.06731541115767	431.0
321.0773159504946	426.0
321.0873164898315	417.0
321.0973170291684	407.0
321.10731756850527	402.0
321.1173181078422	389.0
321.1273186471791	380.0
321.137319186516	371.0
321.14731972585287	358.0
321.1573202651898	354.0
321.1673208045267	346.0
321.1773213438636	342.0
321.18732188320047	338.0
321.19732242253735	334.0
321.2073229618743	331.0
321.2173235012112	331.0
321.22732404054807	331.0
321.23732457988496	334.0
321.2473251192219	338.0
321.2573256585588	350.0
321.26732619789567	363.0
321.27732673723256	375.0
321.2873272765695	393.0
321.2973278159064	402.0
321.30732835524327	407.0
321.31732889458016	407.0
321.3273294339171	402.0
321.337329973254	398.0
321.3473305125909	0.0
321.35733105192776	0.0
321.36733159126464	0.0
321.3773321306016	0.0
321.3873326699385	0.0
321.39733320927536	319.0
321.40733374861225	319.0
321.4173342879492	319.0
321.4273348272861	316.0
321.43733536662296	316.0
321.44733590595985	316.0
321.4573364452968	316.0
321.4673369846337	312.0
321.47733752397056	312.0
321.48733806330745	316.0
321.4973386026444	316.0
321.5073391419813	312.0
321.51733968131816	312.0
321.52734022065505	312.0
321.53734075999193	312.0
321.5473412993289	312.0
321.55734183866576	308.0
321.56734237800265	308.0
321.57734291733954	305.0
321.5873434566765	305.0
321.59734399601336	305.0
321.60734453535025	308.0
321.61734507468714	312.0
321.6273456140241	316.0
321.63734615336097	316.0
321.64734669269785	316.0
321.65734723203474	265.0
321.6673477713717	259.0
321.67734831070857	256.0
321.68734885004545	256.0
321.69734938938234	262.0
321.7073499287193	301.0
321.71735046805617	305.0
321.72735100739305	305.0
321.73735154672994	308.0
321.7473520860668	305.0
321.75735262540377	305.0
321.76735316474065	308.0
321.77735370407754	308.0
321.7873542434144	305.0
321.79735478275137	305.0
321.80735532208826	301.0
321.81735586142514	301.0
321.827356400762	298.0
321.83735694009897	294.0
321.84735747943586	291.0
321.85735801877274	278.0
321.86735855810963	268.0
321.8773590974466	262.0
321.88735963678346	259.0
321.89736017612034	256.0
321.90736071545723	256.0
321.9173612547941	256.0
321.92736179413106	253.0
321.93736233346795	253.0
321.94736287280483	253.0
321.9573634121417	253.0
321.96736395147866	250.0
321.97736449081555	250.0
321.98736503015243	250.0
321.9973655694893	250.0
322.00736610882626	248.0
322.01736664816315	250.0
322.02736718750003	253.0
322.0373677268369	262.0
322.04736826617386	268.0
322.05736880551075	272.0
322.06736934484763	272.0
322.0773698841845	272.0
322.0873704235214	272.0
322.09737096285835	268.0
322.10737150219524	265.0
322.1173720415321	259.0
322.127372580869	253.0
322.13737312020595	245.0
322.14737365954284	239.0
322.1573741988797	234.0
322.1673747382166	231.0
322.17737527755355	231.0
322.18737581689044	228.0
322.1973763562273	228.0
322.2073768955642	228.0
322.21737743490115	226.0
322.22737797423804	226.0
322.2373785135749	226.0
322.2473790529118	228.0
322.25737959224875	231.0
322.26738013158564	236.0
322.2773806709225	242.0
322.2873812102594	248.0
322.2973817495963	250.0
322.30738228893324	250.0
322.3173828282701	248.0
322.327383367607	245.0
322.3373839069439	236.0
322.34738444628084	226.0
322.3573849856177	0.0
322.3673855249546	0.0
322.3773860642915	0.0
322.38738660362844	0.0
322.39738714296533	0.0
322.4073876823022	0.0
322.4173882216391	0.0
322.42738876097604	203.0
322.43738930031293	203.0
322.4473898396498	201.0
322.4573903789867	201.0
322.4673909183236	201.0
322.47739145766053	201.0
322.4873919969974	201.0
322.4973925363343	201.0
322.5073930756712	203.0
322.51739361500813	203.0
322.527394154345	203.0
322.5373946936819	203.0
322.5473952330188	203.0
322.55739577235573	201.0
322.5673963116926	201.0
322.5773968510295	201.0
322.5873973903664	199.0
322.59739792970333	199.0
322.6073984690402	196.0
322.6173990083771	196.0
322.627399547714	192.0
322.6374000870509	190.0
322.6474006263878	187.0
322.6574011657247	185.0
322.6674017050616	183.0
322.6774022443985	183.0
322.6874027837354	183.0
322.6974033230723	183.0
322.7074038624092	203.0
322.7174044017461	215.0
322.727404941083	228.0
322.7374054804199	239.0
322.7474060197568	248.0
322.7574065590937	253.0
322.7674070984306	256.0
322.7774076377675	256.0
322.7874081771044	256.0
322.7974087164413	253.0
322.80740925577817	248.0
322.8174097951151	242.0
322.827410334452	234.0
322.8374108737889	231.0
322.84741141312577	228.0
322.8574119524627	228.0
322.8674124917996	228.0
322.8774130311365	231.0
322.88741357047337	231.0
322.8974141098103	231.0
322.9074146491472	228.0
322.9174151884841	226.0
322.92741572782097	220.0
322.9374162671579	0.0
322.9474168064948	0.0
322.9574173458317	0.0
322.9674178851686	0.0
322.9774184245055	0.0
322.9874189638424	0.0
322.9974195031793	0.0
323.0074200425162	0.0
323.01742058185306	0.0
323.02742112119	0.0
323.0374216605269	265.0
323.0474221998638	262.0
323.05742273920066	262.0
323.0674232785376	259.0
323.0774238178745	259.0
323.0874243572114	256.0
323.09742489654826	253.0
323.1074254358852	250.0
323.1174259752221	245.0
323.127426514559	242.0
323.13742705389586	236.0
323.1474275932328	231.0
323.1574281325697	228.0
323.1674286719066	226.0
323.17742921124346	226.0
323.18742975058035	226.0
323.1974302899173	223.0
323.2074308292542	223.0
323.21743136859106	223.0
323.22743190792795	223.0
323.2374324472649	223.0
323.2474329866018	223.0
323.25743352593867	223.0
323.26743406527555	223.0
323.2774346046125	223.0
323.2874351439494	223.0
323.29743568328627	223.0
323.30743622262315	223.0
323.3174367619601	223.0
323.327437301297	223.0
323.33743784063387	226.0
323.34743837997075	226.0
323.35743891930764	228.0
323.3674394586446	234.0
323.37743999798147	236.0
323.38744053731835	239.0
323.39744107665524	239.0
323.4074416159922	242.0
323.41744215532907	242.0
323.42744269466596	242.0
323.43744323400284	239.0
323.4474437733398	236.0
323.45744431267667	236.0
323.46744485201356	234.0
323.47744539135044	231.0
323.4874459306874	228.0
323.4974464700243	228.0
323.50744700936116	226.0
323.51744754869804	226.0
323.527448088035	223.0
323.5374486273719	223.0
323.54744916670876	220.0
323.55744970604565	220.0
323.56745024538253	218.0
323.5774507847195	215.0
323.58745132405636	215.0
323.59745186339325	213.0
323.60745240273013	213.0
323.6174529420671	210.0
323.62745348140396	208.0
323.63745402074085	206.0
323.64745456007773	206.0
323.6574550994147	203.0
323.66745563875156	201.0
323.67745617808845	201.0
323.68745671742533	199.0
323.6974572567623	199.0
323.70745779609916	199.0
323.71745833543605	199.0
323.72745887477294	199.0
323.7374594141098	199.0
323.74745995344676	201.0
323.75746049278365	201.0
323.76746103212054	203.0
323.7774615714574	203.0
323.78746211079437	203.0
323.79746265013125	203.0
323.80746318946814	201.0
323.817463728805	201.0
323.82746426814197	201.0
323.83746480747885	201.0
323.84746534681574	201.0
323.8574658861526	201.0
323.86746642548957	201.0
323.87746696482645	201.0
323.88746750416334	201.0
323.8974680435002	201.0
323.9074685828371	201.0
323.91746912217405	201.0
323.92746966151094	201.0
323.9374702008478	201.0
323.9474707401847	201.0
323.95747127952166	201.0
323.96747181885854	201.0
323.9774723581954	201.0
323.9874728975323	201.0
323.99747343686926	201.0
324.00747397620614	201.0
324.01747451554303	201.0
324.0274750548799	201.0
324.03747559421686	201.0
324.04747613355374	203.0
324.05747667289063	203.0
324.0674772122275	203.0
324.0774777515644	201.0
324.08747829090134	201.0
324.09747883023823	201.0
324.1074793695751	203.0
324.117479908912	203.0
324.12748044824895	203.0
324.13748098758583	203.0
324.1474815269227	203.0
324.1574820662596	203.0
324.16748260559655	203.0
324.17748314493343	203.0
324.1874836842703	203.0
324.1974842236072	203.0
324.20748476294415	203.0
324.21748530228103	206.0
324.2274858416179	206.0
324.2374863809548	206.0
324.24748692029175	206.0
324.25748745962863	206.0
324.2674879989655	206.0
324.2774885383024	206.0
324.2874890776393	206.0
324.29748961697624	203.0
324.3074901563131	203.0
324.31749069565	185.0
324.3274912349869	0.0
324.33749177432384	0.0
324.3474923136607	0.0
324.3574928529976	0.0
324.3674933923345	0.0
324.37749393167144	0.0
324.3874944710083	0.0
324.3974950103452	0.0
324.4074955496821	0.0
324.41749608901904	0.0
324.4274966283559	0.0
324.4374971676928	0.0
324.4474977070297	0.0
324.4574982463666	0.0
324.4674987857035	0.0
324.4774993250404	0.0
324.4874998643773	0.0
324.4975004037142	0.0
324.5075009430511	0.0
324.517501482388	0.0
324.5275020217249	0.0
324.5375025610618	0.0
324.5475031003987	0.0
324.5575036397356	0.0
324.5675041790725	0.0
324.5775047184094	0.0
324.58750525774633	0.0
324.5975057970832	0.0
324.6075063364201	0.0
324.617506875757	0.0
324.6275074150939	0.0
324.6375079544308	0.0
324.6475084937677	0.0
324.6575090331046	0.0
324.6675095724415	0.0
324.6775101117784	0.0
324.6875106511153	0.0
324.6975111904522	0.0
324.7075117297891	0.0
324.717512269126	0.0
324.7275128084629	0.0
324.7375133477998	0.0
324.7475138871367	0.0
324.7575144264736	0.0
324.7675149658105	0.0
324.7775155051474	0.0
324.7875160444843	0.0
324.7975165838212	0.0
324.8075171231581	0.0
324.817517662495	0.0
324.8275182018319	0.0
324.83751874116876	0.0
324.8475192805057	0.0
324.8575198198426	0.0
324.8675203591795	0.0
324.87752089851637	0.0
324.8875214378533	0.0
324.8975219771902	0.0
324.9075225165271	0.0
324.91752305586397	206.0
324.9275235952009	203.0
324.9375241345378	201.0
324.9475246738747	199.0
324.95752521321157	196.0
324.9675257525485	196.0
324.9775262918854	196.0
324.9875268312223	199.0
324.99752737055917	199.0
325.00752790989606	201.0
325.017528449233	203.0
325.0275289885699	203.0
325.03752952790677	206.0
325.04753006724366	206.0
325.0575306065806	206.0
325.0675311459175	206.0
325.07753168525437	206.0
325.08753222459126	203.0
325.0975327639282	203.0
325.1075333032651	203.0
325.117533842602	203.0
325.12753438193886	203.0
325.1375349212758	185.0
325.1475354606127	183.0
325.1575359999496	183.0
325.16753653928646	0.0
325.17753707862335	0.0
325.1875376179603	0.0
325.1975381572972	0.0
325.20753869663406	0.0
325.21753923597095	0.0
325.2275397753079	0.0
325.2375403146448	213.0
325.24754085398166	208.0
325.25754139331855	194.0
325.2675419326555	187.0
325.2775424719924	183.0
325.28754301132926	181.0
325.29754355066615	179.0
325.3075440900031	181.0
325.31754462934	183.0
325.32754516867686	187.0
325.33754570801375	192.0
325.34754624735064	199.0
325.3575467866876	203.0
325.36754732602446	206.0
325.37754786536135	208.0
325.38754840469824	208.0
325.3975489440352	206.0
325.40754948337207	206.0
325.41755002270895	203.0
325.42755056204584	203.0
325.4375511013828	201.0
325.44755164071967	199.0
325.45755218005655	196.0
325.46755271939344	194.0
325.4775532587304	192.0
325.48755379806727	190.0
325.49755433740415	185.0
325.50755487674104	185.0
325.517555416078	183.0
325.52755595541487	183.0
325.53755649475175	187.0
325.54755703408864	194.0
325.5575575734255	208.0
325.56755811276247	218.0
325.57755865209936	223.0
325.58755919143624	226.0
325.5975597307731	228.0
325.60756027011007	228.0
325.61756080944696	231.0
325.62756134878384	231.0
325.63756188812073	231.0
325.6475624274577	231.0
325.65756296679456	231.0
325.66756350613144	231.0
325.67756404546833	231.0
325.6875645848053	231.0
325.69756512414216	231.0
325.70756566347904	231.0
325.71756620281593	234.0
325.7275667421528	234.0
325.73756728148976	234.0
325.74756782082665	231.0
325.75756836016353	231.0
325.7675688995004	231.0
325.77756943883736	231.0
325.78756997817425	231.0
325.79757051751113	228.0
325.807571056848	228.0
325.81757159618496	231.0
325.82757213552185	234.0
325.83757267485873	236.0
325.8475732141956	236.0
325.85757375353256	239.0
325.86757429286945	236.0
325.87757483220634	231.0
325.8875753715432	226.0
325.8975759108801	215.0
325.90757645021705	199.0
325.91757698955394	190.0
325.9275775288908	187.0
325.9375780682277	187.0
325.94757860756465	192.0
325.95757914690154	203.0
325.9675796862384	210.0
325.9775802255753	215.0
325.98758076491225	223.0
325.99758130424914	228.0
326.007581843586	234.0
326.0175823829229	236.0
326.02758292225985	239.0
326.03758346159674	239.0
326.0475840009336	236.0
326.0575845402705	234.0
326.0675850796074	231.0
326.07758561894434	228.0
326.0875861582812	228.0
326.0975866976181	228.0
326.107587236955	226.0
326.11758777629194	226.0
326.1275883156288	215.0
326.1375888549657	208.0
326.1475893943026	208.0
326.15758993363954	210.0
326.1675904729764	0.0
326.1775910123133	0.0
326.1875915516502	256.0
326.19759209098714	256.0
326.20759263032403	256.0
326.2175931696609	253.0
326.2275937089978	253.0
326.23759424833474	253.0
326.24759478767163	253.0
326.2575953270085	253.0
326.2675958663454	253.0
326.2775964056823	253.0
326.28759694501923	253.0
326.2975974843561	253.0
326.307598023693	253.0
326.3175985630299	253.0
326.32759910236683	253.0
326.3375996417037	253.0
326.3476001810406	253.0
326.3576007203775	253.0
326.36760125971443	253.0
326.3776017990513	253.0
326.3876023383882	253.0
326.3976028777251	250.0
326.40760341706203	250.0
326.4176039563989	250.0
326.4276044957358	248.0
326.4376050350727	245.0
326.4476055744096	236.0
326.4576061137465	236.0
326.4676066530834	236.0
326.4776071924203	242.0
326.4876077317572	248.0
326.4976082710941	256.0
326.507608810431	262.0
326.5176093497679	259.0
326.5276098891048	250.0
326.5376104284417	242.0
326.5476109677786	226.0
326.5576115071155	218.0
326.5676120464524	210.0
326.5776125857893	208.0
326.5876131251262	208.0
326.5976136644631	213.0
326.6076142038	218.0
326.61761474313687	228.0
326.6276152824738	234.0
326.6376158218107	242.0
326.6476163611476	248.0
326.65761690048447	253.0
326.6676174398214	253.0
326.6776179791583	256.0
326.6876185184952	253.0
326.69761905783207	253.0
326.707619597169	250.0
326.7176201365059	248.0
326.7276206758428	242.0
326.7376212151797	239.0
326.7476217545166	234.0
326.7576222938535	226.0
326.7676228331904	0.0
326.7776233725273	0.0
326.7876239118642	0.0
326.7976244512011	0.0
326.807624990538	0.0
326.8176255298749	0.0
326.82762606921176	0.0
326.8376266085487	0.0
326.8476271478856	0.0
326.8576276872225	301.0
326.86762822655936	301.0
326.8776287658963	301.0
326.8876293052332	301.0
326.8976298445701	301.0
326.90763038390696	301.0
326.9176309232439	301.0
326.9276314625808	301.0
326.9376320019177	301.0
326.94763254125456	301.0
326.9576330805915	301.0
326.9676336199284	301.0
326.9776341592653	301.0
326.98763469860216	301.0
326.99763523793905	305.0
327.007635777276	305.0
327.0176363166129	301.0
327.02763685594977	301.0
327.03763739528665	301.0
327.0476379346236	301.0
327.0576384739605	305.0
327.06763901329737	305.0
327.07763955263425	305.0
327.0876400919712	301.0
327.0976406313081	298.0
327.10764117064497	256.0
327.11764170998185	253.0
327.1276422493188	250.0
327.1376427886557	250.0
327.14764332799257	253.0
327.15764386732945	262.0
327.16764440666634	308.0
327.1776449460033	305.0
327.18764548534017	298.0
327.19764602467706	278.0
327.20764656401394	262.0
327.2176471033509	250.0
327.22764764268777	242.0
327.23764818202466	236.0
327.24764872136154	236.0
327.2576492606985	239.0
327.2676498000354	248.0
327.27765033937226	259.0
327.28765087870914	272.0
327.2976514180461	281.0
327.307651957383	291.0
327.31765249671986	294.0
327.32765303605674	298.0
327.33765357539363	298.0
327.3476541147306	301.0
327.35765465406746	301.0
327.36765519340435	301.0
327.37765573274123	301.0
327.3876562720782	301.0
327.39765681141506	301.0
327.40765735075195	301.0
327.41765789008883	301.0
327.4276584294258	305.0
327.43765896876266	305.0
327.44765950809955	298.0
327.45766004743643	278.0
327.4676605867734	256.0
327.47766112611026	253.0
327.48766166544715	250.0
327.49766220478404	250.0
327.507662744121	253.0
327.51766328345786	256.0
327.52766382279475	262.0
327.53766436213164	342.0
327.5476649014685	342.0
327.55766544080547	342.0
327.56766598014235	338.0
327.57766651947924	338.0
327.5876670588161	338.0
327.59766759815307	334.0
327.60766813748995	334.0
327.61766867682684	334.0
327.6276692161637	334.0
327.63766975550067	334.0
327.64767029483755	334.0
327.65767083417444	334.0
327.6676713735113	334.0
327.67767191284827	334.0
327.68767245218515	334.0
327.69767299152204	334.0
327.7076735308589	334.0
327.7176740701958	334.0
327.72767460953276	338.0
327.73767514886964	338.0
327.7476756882065	346.0
327.7576762275434	350.0
327.76767676688036	354.0
327.77767730621724	354.0
327.78767784555413	327.0
327.797678384891	316.0
327.80767892422796	312.0
327.81767946356484	319.0
327.82768000290173	367.0
327.8376805422386	354.0
327.84768108157556	342.0
327.85768162091244	316.0
327.86768216024933	284.0
327.8776826995862	275.0
327.8876832389231	268.0
327.89768377826005	272.0
327.90768431759693	278.0
327.9176848569338	294.0
327.9276853962707	312.0
327.93768593560765	331.0
327.94768647494453	342.0
327.9576870142814	346.0
327.9676875536183	346.0
327.97768809295525	346.0
327.98768863229213	342.0
327.997689171629	334.0
328.0076897109659	0.0
328.01769025030285	0.0
328.02769078963973	0.0
328.0376913289766	0.0
328.0476918683135	0.0
328.05769240765045	0.0
328.06769294698734	0.0
328.0776934863242	0.0
328.0876940256611	0.0
328.097694564998	0.0
328.10769510433494	0.0
328.1176956436718	0.0
328.1276961830087	0.0
328.1376967223456	0.0
328.14769726168254	0.0
328.1576978010194	0.0
328.1676983403563	0.0
328.1776988796932	0.0
328.18769941903014	0.0
328.197699958367	0.0
328.2077004977039	0.0
328.2177010370408	0.0
328.22770157637774	0.0
328.2377021157146	0.0
328.2477026550515	0.0
328.2577031943884	407.0
328.2677037337253	407.0
328.2777042730622	407.0
328.2877048123991	407.0
328.297705351736	407.0
328.3077058910729	407.0
328.3177064304098	407.0
328.3277069697467	407.0
328.3377075090836	407.0
328.3477080484205	407.0
328.35770858775743	407.0
328.3677091270943	407.0
328.3777096664312	407.0
328.3877102057681	407.0
328.39771074510503	407.0
328.4077112844419	407.0
328.4177118237788	407.0
328.4277123631157	407.0
328.4377129024526	407.0
328.4477134417895	407.0
328.4577139811264	407.0
328.4677145204633	412.0
328.4777150598002	412.0
328.4877155991371	407.0
328.497716138474	398.0
328.5077166778109	380.0
328.5177172171478	375.0
328.5277177564847	380.0
328.5377182958216	398.0
328.5477188351585	417.0
328.5577193744954	426.0
328.5677199138323	431.0
328.5777204531692	436.0
328.5877209925061	441.0
328.597721531843	447.0
328.60772207117986	452.0
328.6177226105168	457.0
328.6277231498537	457.0
328.6377236891906	462.0
328.64772422852747	462.0
328.6577247678644	462.0
328.6677253072013	462.0
328.6777258465382	462.0
328.68772638587507	462.0
328.697726925212	462.0
328.7077274645489	462.0
328.7177280038858	462.0
328.72772854322267	462.0
328.7377290825596	462.0
328.7477296218965	457.0
328.7577301612334	457.0
328.76773070057027	457.0
328.7777312399072	457.0
328.7877317792441	457.0
328.797732318581	452.0
328.80773285791787	452.0
328.81773339725476	447.0
328.8277339365917	447.0
328.8377344759286	0.0
328.84773501526547	0.0
328.85773555460236	0.0
328.8677360939393	0.0
328.8777366332762	0.0
328.8877371726131	0.0
328.89773771194996	0.0
328.9077382512869	0.0
328.9177387906238	484.0
328.9277393299607	496.0
328.93773986929756	507.0
328.9477404086345	513.0
328.9577409479714	513.0
328.9677414873083	519.0
328.97774202664516	513.0
328.98774256598205	513.0
328.997743105319	513.0
329.0077436446559	513.0
329.01774418399276	513.0
329.02774472332965	513.0
329.0377452626666	513.0
329.0477458020035	513.0
329.05774634134036	513.0
329.06774688067725	513.0
329.0777474200142	513.0
329.0877479593511	513.0
329.09774849868796	513.0
329.10774903802485	513.0
329.1177495773618	513.0
329.1277501166987	513.0
329.13775065603556	513.0
329.14775119537245	507.0
329.15775173470934	507.0
329.1677522740463	507.0
329.17775281338317	501.0
329.18775335272005	496.0
329.19775389205694	468.0
329.2077544313939	479.0
329.21775497073077	496.0
329.22775551006765	507.0
329.23775604940454	519.0
329.2477565887415	531.0
329.25775712807837	544.0
329.26775766741525	544.0
329.27775820675214	544.0
329.2877587460891	544.0
329.29775928542597	531.0
329.30775982476285	519.0
329.31776036409974	507.0
329.3277609034367	490.0
329.33776144277357	473.0
329.34776198211046	462.0
329.35776252144734	457.0
329.3677630607842	457.0
329.37776360012117	457.0
329.38776413945806	457.0
329.39776467879494	457.0
329.40776521813183	457.0
329.41776575746877	457.0
329.42776629680566	462.0
329.43776683614254	462.0
329.44776737547943	462.0
329.4577679148164	462.0
329.46776845415326	462.0
329.47776899349014	462.0
329.48776953282703	462.0
329.497770072164	457.0
329.50777061150086	441.0
329.51777115083775	417.0
329.52777169017463	412.0
329.5377722295115	0.0
329.54777276884846	0.0
329.55777330818535	501.0
329.56777384752223	507.0
329.5777743868591	519.0
329.58777492619606	537.0
329.59777546553295	544.0
329.60777600486983	550.0
329.6177765442067	544.0
329.62777708354366	544.0
329.63777762288055	544.0
329.64777816221743	537.0
329.6577787015543	531.0
329.66777924089126	519.0
329.67777978022815	513.0
329.68778031956504	513.0
329.6977808589019	513.0
329.7077813982388	513.0
329.71778193757575	513.0
329.72778247691264	513.0
329.7377830162495	513.0
329.7477835555864	513.0
329.75778409492335	513.0
329.76778463426024	513.0
329.7777851735971	513.0
329.787785712934	513.0
329.79778625227095	513.0
329.80778679160784	513.0
329.8177873309447	507.0
329.8277878702816	507.0
329.83778840961855	507.0
329.84778894895544	507.0
329.8577894882923	513.0
329.8677900276292	519.0
329.8777905669661	531.0
329.88779110630304	544.0
329.8977916456399	550.0
329.9077921849768	550.0
329.9177927243137	550.0
329.92779326365064	544.0
329.9377938029875	537.0
329.9477943423244	525.0
329.9577948816613	513.0
329.96779542099824	501.0
329.97779596033513	490.0
329.987796499672	479.0
329.9977970390089	473.0
330.00779757834584	468.0
330.01779811768273	468.0
330.0277986570196	462.0
330.0377991963565	462.0
330.04779973569345	462.0
330.05780027503033	462.0
330.0678008143672	462.0
330.0778013537041	462.0
330.087801893041	462.0
330.09780243237793	462.0
330.1078029717148	462.0
330.1178035110517	462.0
330.1278040503886	462.0
330.13780458972553	452.0
330.1478051290624	441.0
330.1578056683993	441.0
330.1678062077362	452.0
330.17780674707313	457.0
330.18780728641	468.0
330.1978078257469	484.0
330.2078083650838	496.0
330.21780890442074	501.0
330.2278094437576	501.0
330.2378099830945	496.0
330.2478105224314	496.0
330.2578110617683	490.0
330.2678116011052	490.0
330.2778121404421	484.0
330.287812679779	473.0
330.2978132191159	462.0
330.3078137584528	452.0
330.3178142977897	426.0
330.3278148371266	402.0
330.3378153764635	389.0
330.3478159158004	375.0
330.3578164551373	363.0
330.3678169944742	354.0
330.3778175338111	346.0
330.387818073148	342.0
330.3978186124849	338.0
330.4078191518218	334.0
330.4178196911587	334.0
330.42782023049557	334.0
330.4378207698325	338.0
330.4478213091694	338.0
330.4578218485063	338.0
330.46782238784317	334.0
330.4778229271801	294.0
330.487823466517	291.0
330.4978240058539	291.0
330.5078245451908	0.0
330.5178250845277	0.0
330.5278256238646	0.0
330.5378261632015	0.0
330.5478267025384	0.0
330.5578272418753	0.0
330.5678277812122	0.0
330.5778283205491	398.0
330.587828859886	398.0
330.59782939922286	398.0
330.6078299385598	398.0
330.6178304778967	398.0
330.6278310172336	398.0
330.63783155657046	398.0
330.6478320959074	398.0
330.6578326352443	398.0
330.6678331745812	398.0
330.67783371391806	398.0
330.687834253255	402.0
330.6978347925919	402.0
330.7078353319288	402.0
330.71783587126566	402.0
330.7278364106026	407.0
330.7378369499395	407.0
330.7478374892764	407.0
330.75783802861326	407.0
330.7678385679502	407.0
330.7778391072871	407.0
330.787839646624	402.0
330.79784018596087	402.0
330.80784072529775	398.0
330.8178412646347	398.0
330.8278418039716	346.0
330.83784234330847	346.0
330.84784288264535	350.0
330.8578434219823	0.0
330.8678439613192	0.0
330.87784450065607	421.0
330.88784503999295	431.0
330.8978455793299	436.0
330.9078461186668	441.0
330.91784665800367	452.0
330.92784719734055	457.0
330.9378477366775	462.0
330.9478482760144	462.0
330.95784881535127	462.0
330.96784935468816	462.0
330.97784989402504	462.0
330.987850433362	462.0
330.99785097269887	462.0
331.00785151203576	462.0
331.01785205137264	462.0
331.0278525907096	462.0
331.03785313004647	462.0
331.04785366938336	462.0
331.05785420872024	462.0
331.0678547480572	462.0
331.0778552873941	462.0
331.08785582673096	468.0
331.09785636606784	473.0
331.1078569054048	473.0
331.1178574447417	468.0
331.12785798407856	462.0
331.13785852341545	452.0
331.14785906275233	402.0
331.1578596020893	0.0
331.16786014142616	0.0
331.17786068076305	0.0
331.18786122009993	0.0
331.1978617594369	0.0
331.20786229877376	0.0
331.21786283811065	0.0
331.22786337744753	0.0
331.2378639167845	398.0
331.24786445612136	393.0
331.25786499545825	393.0
331.26786553479513	398.0
331.2778660741321	398.0
331.28786661346896	398.0
331.29786715280585	402.0
331.30786769214274	402.0
331.3178682314797	402.0
331.32786877081656	402.0
331.33786931015345	402.0
331.34786984949034	407.0
331.3578703888272	407.0
331.36787092816417	407.0
331.37787146750105	407.0
331.38787200683794	407.0
331.3978725461748	412.0
331.40787308551177	412.0
331.41787362484865	412.0
331.42787416418554	417.0
331.4378747035224	412.0
331.44787524285937	412.0
331.45787578219625	412.0
331.46787632153314	402.0
331.47787686087	371.0
331.48787740020697	354.0
331.49787793954386	350.0
331.50787847888074	350.0
331.5178790182176	0.0
331.5278795575545	0.0
331.53788009689146	407.0
331.54788063622834	417.0
331.5578811755652	421.0
331.5678817149021	431.0
331.57788225423906	441.0
331.58788279357594	447.0
331.59788333291283	452.0
331.6078838722497	452.0
331.61788441158666	457.0
331.62788495092354	457.0
331.63788549026043	457.0
331.6478860295973	457.0
331.65788656893426	452.0
331.66788710827115	452.0
331.67788764760803	452.0
331.6878881869449	457.0
331.6978887262818	457.0
331.70788926561875	462.0
331.71788980495563	462.0
331.7278903442925	468.0
331.7378908836294	468.0
331.74789142296635	468.0
331.75789196230323	468.0
331.7678925016401	462.0
331.777893040977	457.0
331.78789358031395	447.0
331.79789411965083	398.0
331.8078946589877	389.0
331.8178951983246	0.0
331.82789573766155	0.0
331.83789627699844	0.0
331.8478968163353	0.0
331.8578973556722	0.0
331.8678978950091	0.0
331.87789843434604	0.0
331.8878989736829	0.0
331.8978995130198	0.0
331.9079000523567	407.0
331.91790059169364	407.0
331.9279011310305	407.0
331.9379016703674	407.0
331.9479022097043	407.0
331.95790274904124	407.0
331.9679032883781	407.0
331.977903827715	407.0
331.9879043670519	407.0
331.99790490638884	407.0
332.0079054457257	407.0
332.0179059850626	412.0
332.0279065243995	412.0
332.03790706373644	412.0
332.0479076030733	417.0
332.0579081424102	417.0
332.0679086817471	417.0
332.077909221084	417.0
332.0879097604209	417.0
332.0979102997578	412.0
332.1079108390947	402.0
332.1179113784316	0.0
332.12791191776853	0.0
332.1379124571054	0.0
332.1479129964423	0.0
332.1579135357792	0.0
332.16791407511613	0.0
332.177914614453	0.0
332.1879151537899	294.0
332.1979156931268	291.0
332.20791623246373	291.0
332.2179167718006	291.0
332.2279173111375	291.0
332.2379178504744	294.0
332.2479183898113	294.0
332.2579189291482	298.0
332.2679194684851	301.0
332.277920007822	301.0
332.2879205471589	305.0
332.2979210864958	305.0
332.3079216258327	305.0
332.3179221651696	305.0
332.3279227045065	308.0
332.3379232438434	308.0
332.3479237831803	308.0
332.3579243225172	308.0
332.3679248618541	308.0
332.377925401191	308.0
332.3879259405279	308.0
332.3979264798648	308.0
332.4079270192017	305.0
332.41792755853857	301.0
332.4279280978755	291.0
332.4379286372124	262.0
332.4479291765493	253.0
332.45792971588617	253.0
332.4679302552231	253.0
332.47793079456	256.0
332.4879313338969	312.0
332.49793187323377	358.0
332.5079324125707	363.0
332.5179329519076	358.0
332.5279334912445	354.0
332.53793403058137	346.0
332.5479345699183	338.0
332.5579351092552	331.0
332.5679356485921	331.0
332.57793618792897	331.0
332.5879367272659	334.0
332.5979372666028	338.0
332.6079378059397	346.0
332.61793834527657	354.0
332.62793888461346	358.0
332.6379394239504	358.0
332.6479399632873	354.0
332.6579405026242	350.0
332.66794104196106	342.0
332.677941581298	338.0
332.6879421206349	331.0
332.6979426599718	331.0
332.70794319930866	331.0
332.7179437386456	334.0
332.7279442779825	334.0
332.7379448173194	342.0
332.74794535665626	342.0
332.7579458959932	346.0
332.7679464353301	338.0
332.777946974667	291.0
332.78794751400386	0.0
332.79794805334075	0.0
332.8079485926777	0.0
332.8179491320146	0.0
332.82794967135146	0.0
332.83795021068835	0.0
332.8479507500253	0.0
332.8579512893622	0.0
332.86795182869906	412.0
332.87795236803595	407.0
332.8879529073729	407.0
332.8979534467098	407.0
332.90795398604666	407.0
332.91795452538355	407.0
332.9279550647205	407.0
332.9379556040574	407.0
332.94795614339426	407.0
332.95795668273115	407.0
332.96795722206804	407.0
332.977957761405	407.0
332.98795830074187	412.0
332.99795884007875	412.0
333.00795937941564	412.0
333.0179599187526	412.0
333.02796045808947	412.0
333.03796099742635	412.0
333.04796153676324	412.0
333.0579620761002	412.0
333.06796261543707	412.0
333.07796315477395	412.0
333.08796369411084	412.0
333.0979642334478	407.0
333.10796477278467	402.0
333.11796531212156	380.0
333.12796585145844	350.0
333.1379663907953	346.0
333.14796693013227	346.0
333.15796746946916	402.0
333.16796800880604	402.0
333.1779685481429	402.0
333.18796908747987	402.0
333.19796962681676	402.0
333.20797016615364	402.0
333.21797070549053	402.0
333.2279712448275	407.0
333.23797178416436	407.0
333.24797232350124	407.0
333.25797286283813	407.0
333.2679734021751	407.0
333.27797394151196	407.0
333.28797448084885	407.0
333.29797502018573	407.0
333.3079755595227	402.0
333.31797609885956	398.0
333.32797663819645	393.0
333.33797717753333	380.0
333.3479777168702	367.0
333.35797825620716	350.0
333.36797879554405	338.0
333.37797933488093	327.0
333.3879798742178	319.0
333.39798041355476	316.0
333.40798095289165	312.0
333.41798149222853	308.0
333.4279820315654	298.0
333.43798257090236	281.0
333.44798311023925	284.0
333.45798364957614	0.0
333.467984188913	0.0
333.47798472824996	0.0
333.48798526758685	0.0
333.49798580692374	0.0
333.5079863462606	402.0
333.5179868855975	402.0
333.52798742493445	402.0
333.53798796427134	402.0
333.5479885036082	402.0
333.5579890429451	402.0
333.56798958228205	398.0
333.57799012161894	389.0
333.5879906609558	380.0
333.5979912002927	371.0
333.60799173962965	367.0
333.61799227896654	363.0
333.6279928183034	358.0
333.6379933576403	354.0
333.64799389697725	350.0
333.65799443631414	350.0
333.667994975651	346.0
333.6779955149879	346.0
333.6879960543248	342.0
333.69799659366174	338.0
333.7079971329986	338.0
333.7179976723355	334.0
333.7279982116724	334.0
333.73799875100934	338.0
333.74799929034623	346.0
333.7579998296831	358.0
333.76800036902	380.0
333.77800090835694	389.0
333.78800144769383	393.0
333.7980019870307	393.0
333.8080025263676	402.0
333.81800306570454	412.0
333.82800360504143	426.0
333.8380041443783	426.0
333.8480046837152	421.0
333.85800522305215	417.0
333.86800576238903	407.0
333.8780063017259	398.0
333.8880068410628	393.0
333.8980073803997	384.0
333.90800791973663	375.0
333.9180084590735	367.0
333.9280089984104	358.0
333.9380095377473	354.0
333.94801007708423	350.0
333.9580106164211	346.0
333.968011155758	342.0
333.9780116950949	342.0
333.98801223443184	342.0
333.9980127737687	338.0
334.0080133131056	338.0
334.0180138524425	338.0
334.02801439177944	338.0
334.0380149311163	342.0
334.0480154704532	342.0
334.0580160097901	342.0
334.068016549127	342.0
334.0780170884639	338.0
334.0880176278008	331.0
334.0980181671377	301.0
334.1080187064746	298.0
334.1180192458115	363.0
334.1280197851484	375.0
334.1380203244853	384.0
334.1480208638222	384.0
334.1580214031591	384.0
334.168021942496	384.0
334.1780224818329	384.0
334.1880230211698	380.0
334.1980235605067	375.0
334.2080240998436	371.0
334.2180246391805	358.0
334.2280251785174	350.0
334.23802571785427	342.0
334.2480262571912	334.0
334.2580267965281	323.0
334.268027335865	316.0
334.2780278752019	305.0
334.2880284145388	294.0
334.2980289538757	284.0
334.3080294932126	278.0
334.3180300325495	268.0
334.3280305718864	262.0
334.3380311112233	256.0
334.3480316505602	253.0
334.3580321898971	248.0
334.368032729234	245.0
334.3780332685709	239.0
334.3880338079078	226.0
334.3980343472447	218.0
334.40803488658156	0.0
334.4180354259185	0.0
334.4280359652554	0.0
334.4380365045923	0.0
334.44803704392916	0.0
334.4580375832661	0.0
334.468038122603	0.0
334.4780386619399	298.0
334.48803920127676	298.0
334.4980397406137	298.0
334.5080402799506	298.0
334.5180408192875	298.0
334.52804135862436	298.0
334.5380418979613	298.0
334.5480424372982	298.0
334.5580429766351	298.0
334.56804351597197	301.0
334.5780440553089	301.0
334.5880445946458	301.0
334.5980451339827	301.0
334.60804567331957	301.0
334.61804621265645	301.0
334.6280467519934	301.0
334.6380472913303	301.0
334.64804783066717	301.0
334.65804837000405	301.0
334.668048909341	301.0
334.6780494486779	301.0
334.68804998801477	301.0
334.69805052735165	305.0
334.7080510666886	305.0
334.7180516060255	308.0
334.72805214536237	305.0
334.73805268469926	301.0
334.7480532240362	275.0
334.7580537633731	268.0
334.76805430270997	268.0
334.77805484204686	272.0
334.78805538138374	305.0
334.7980559207207	367.0
334.80805646005757	375.0
334.81805699939446	380.0
334.82805753873134	380.0
334.8380580780683	375.0
334.8480586174052	371.0
334.85805915674206	367.0
334.86805969607894	358.0
334.8780602354159	354.0
334.8880607747528	350.0
334.89806131408966	346.0
334.90806185342655	342.0
334.9180623927635	342.0
334.9280629321004	338.0
334.93806347143726	338.0
334.94806401077415	338.0
334.95806455011103	334.0
334.968065089448	334.0
334.97806562878486	334.0
334.98806616812175	338.0
334.99806670745863	342.0
335.0080672467956	346.0
335.01806778613246	358.0
335.02806832546935	367.0
335.03806886480623	380.0
335.0480694041432	384.0
335.05806994348006	393.0
335.06807048281695	393.0
335.07807102215384	393.0
335.0880715614908	393.0
335.09807210082766	0.0
335.10807264016455	0.0
335.11807317950144	0.0
335.1280737188384	0.0
335.13807425817527	0.0
335.14807479751215	0.0
335.15807533684904	0.0
335.1680758761859	0.0
335.17807641552287	305.0
335.18807695485975	301.0
335.19807749419664	298.0
335.2080780335335	298.0
335.21807857287047	298.0
335.22807911220735	298.0
335.23807965154424	298.0
335.2480801908811	298.0
335.25808073021807	301.0
335.26808126955495	301.0
335.27808180889184	301.0
335.2880823482287	301.0
335.29808288756567	301.0
335.30808342690256	301.0
335.31808396623944	301.0
335.3280845055763	301.0
335.3380850449132	301.0
335.34808558425016	301.0
335.35808612358704	301.0
335.36808666292393	301.0
335.3780872022608	301.0
335.38808774159776	301.0
335.39808828093464	305.0
335.40808882027153	305.0
335.4180893596084	305.0
335.42808989894536	308.0
335.43809043828225	301.0
335.44809097761913	294.0
335.458091516956	291.0
335.46809205629296	294.0
335.47809259562985	298.0
335.48809313496673	367.0
335.4980936743036	371.0
335.5080942136405	375.0
335.51809475297745	375.0
335.52809529231433	375.0
335.5380958316512	371.0
335.5480963709881	363.0
335.55809691032505	354.0
335.56809744966193	350.0
335.5780979889988	346.0
335.5880985283357	342.0
335.59809906767265	342.0
335.60809960700954	338.0
335.6181001463464	338.0
335.6281006856833	338.0
335.63810122502025	338.0
335.64810176435714	342.0
335.658102303694	346.0
335.6681028430309	354.0
335.6781033823678	367.0
335.68810392170474	375.0
335.6981044610416	384.0
335.7081050003785	389.0
335.7181055397154	393.0
335.72810607905234	393.0
335.7381066183892	393.0
335.7481071577261	389.0
335.758107697063	0.0
335.76810823639994	0.0
335.7781087757368	0.0
335.7881093150737	0.0
335.7981098544106	0.0
335.80811039374754	0.0
335.8181109330844	319.0
335.8281114724213	316.0
335.8381120117582	308.0
335.84811255109514	308.0
335.858113090432	308.0
335.8681136297689	308.0
335.8781141691058	308.0
335.8881147084427	308.0
335.89811524777963	294.0
335.9081157871165	301.0
335.9181163264534	305.0
335.9281168657903	0.0
335.93811740512723	0.0
335.9481179444641	0.0
335.958118483801	0.0
335.9681190231379	0.0
335.97811956247483	0.0
335.9881201018117	0.0
335.9981206411486	0.0
336.0081211804855	0.0
336.01812171982243	0.0
336.0281222591593	0.0
336.0381227984962	0.0
336.0481233378331	0.0
336.05812387717	0.0
336.0681244165069	0.0
336.0781249558438	0.0
336.0881254951807	0.0
336.0981260345176	0.0
336.1081265738545	0.0
336.1181271131914	0.0
336.1281276525283	0.0
336.1381281918652	0.0
336.1481287312021	0.0
336.158129270539	0.0
336.1681298098759	0.0
336.1781303492128	0.0
336.1881308885497	0.0
336.1981314278866	0.0
336.2081319672235	262.0
336.2181325065604	268.0
336.22813304589727	275.0
336.2381335852342	281.0
336.2481341245711	284.0
336.258134663908	288.0
336.26813520324487	291.0
336.2781357425818	291.0
336.2881362819187	294.0
336.2981368212556	298.0
336.30813736059247	298.0
336.3181378999294	305.0
336.3281384392663	308.0
336.3381389786032	316.0
336.34813951794007	323.0
336.358140057277	331.0
336.3681405966139	342.0
336.3781411359508	354.0
336.38814167528767	371.0
336.39814221462456	393.0
336.4081427539615	426.0
336.4181432932984	452.0
336.42814383263527	468.0
336.43814437197216	490.0
336.4481449113091	507.0
336.458145450646	513.0
336.4681459899829	513.0
336.47814652931976	507.0
336.4881470686567	490.0
336.4981476079936	457.0
336.5081481473305	447.0
336.51814868666736	0.0
336.5281492260043	0.0
336.5381497653412	0.0
336.5481503046781	0.0
336.55815084401496	0.0
336.5681513833519	0.0
336.5781519226888	402.0
336.5881524620257	402.0
336.59815300136256	402.0
336.60815354069945	402.0
336.6181540800364	402.0
336.6281546193733	402.0
336.63815515871016	402.0
336.64815569804705	402.0
336.658156237384	402.0
336.6681567767209	402.0
336.67815731605776	402.0
336.68815785539465	402.0
336.6981583947316	402.0
336.7081589340685	402.0
336.71815947340536	402.0
336.72816001274225	402.0
336.7381605520792	402.0
336.7481610914161	402.0
336.75816163075297	407.0
336.76816217008985	407.0
336.77816270942674	407.0
336.7881632487637	407.0
336.79816378810057	407.0
336.80816432743745	402.0
336.81816486677434	398.0
336.8281654061113	389.0
336.83816594544817	354.0
336.84816648478505	350.0
336.85816702412194	389.0
336.8681675634589	393.0
336.87816810279577	398.0
336.88816864213265	398.0
336.89816918146954	398.0
336.9081697208065	402.0
336.91817026014337	402.0
336.92817079948026	407.0
336.93817133881714	412.0
336.948171878154	412.0
336.95817241749097	412.0
336.96817295682786	412.0
336.97817349616474	407.0
336.98817403550163	402.0
336.9981745748386	398.0
337.00817511417546	398.0
337.01817565351234	393.0
337.02817619284923	389.0
337.0381767321862	380.0
337.04817727152306	375.0
337.05817781085995	363.0
337.06817835019683	354.0
337.0781788895338	342.0
337.08817942887066	338.0
337.09817996820755	334.0
337.10818050754443	331.0
337.1181810468814	331.0
337.12818158621826	331.0
337.13818212555515	331.0
337.14818266489203	327.0
337.1581832042289	305.0
337.16818374356586	298.0
337.17818428290275	294.0
337.18818482223963	294.0
337.1981853615765	294.0
337.20818590091346	354.0
337.21818644025035	375.0
337.22818697958724	380.0
337.2381875189241	384.0
337.24818805826106	384.0
337.25818859759795	384.0
337.26818913693484	380.0
337.2781896762717	380.0
337.28819021560867	375.0
337.29819075494555	367.0
337.30819129428244	358.0
337.3181918336193	346.0
337.3281923729562	338.0
337.33819291229315	327.0
337.34819345163004	319.0
337.3581939909669	316.0
337.3681945303038	312.0
337.37819506964075	312.0
337.38819560897764	312.0
337.3981961483145	312.0
337.4081966876514	312.0
337.41819722698835	312.0
337.42819776632524	312.0
337.4381983056621	312.0
337.448198844999	308.0
337.45819938433596	305.0
337.46819992367284	301.0
337.4782004630097	291.0
337.4882010023466	259.0
337.4982015416835	253.0
337.50820208102044	250.0
337.51820262035733	250.0
337.5282031596942	256.0
337.5382036990311	301.0
337.54820423836804	305.0
337.55820477770493	308.0
337.5682053170418	312.0
337.5782058563787	316.0
337.58820639571564	316.0
337.59820693505253	316.0
337.6082074743894	316.0
337.6182080137263	312.0
337.62820855306325	308.0
337.63820909240013	305.0
337.648209631737	301.0
337.6582101710739	294.0
337.6682107104108	284.0
337.67821124974773	278.0
337.6882117890846	268.0
337.6982123284215	262.0
337.7082128677584	256.0
337.71821340709533	253.0
337.7282139464322	250.0
337.7382144857691	248.0
337.748215025106	245.0
337.75821556444293	242.0
337.7682161037798	242.0
337.7782166431167	242.0
337.7882171824536	239.0
337.79821772179054	242.0
337.8082182611274	242.0
337.8182188004643	242.0
337.8282193398012	239.0
337.83821987913814	239.0
337.848220418475	239.0
337.8582209578119	239.0
337.8682214971488	245.0
337.8782220364857	256.0
337.8882225758226	262.0
337.8982231151595	265.0
337.9082236544964	268.0
337.9182241938333	268.0
337.9282247331702	268.0
337.9382252725071	268.0
337.948225811844	265.0
337.9582263511809	259.0
337.9682268905178	256.0
337.9782274298547	250.0
337.9882279691916	245.0
337.9982285085285	239.0
338.0082290478654	231.0
338.0182295872023	228.0
338.0282301265392	223.0
338.0382306658761	223.0
338.04823120521297	223.0
338.0582317445499	223.0
338.0682322838868	223.0
338.0782328232237	226.0
338.0882333625606	231.0
338.0982339018975	236.0
338.1082344412344	245.0
338.1182349805713	250.0
338.1282355199082	256.0
338.1382360592451	256.0
338.148236598582	253.0
338.1582371379189	250.0
338.1682376772558	242.0
338.1782382165927	228.0
338.1882387559296	223.0
338.1982392952665	218.0
338.2082398346034	213.0
338.21824037394026	208.0
338.2282409132772	206.0
338.2382414526141	201.0
338.248241991951	196.0
338.25824253128786	196.0
338.2682430706248	194.0
338.2782436099617	196.0
338.2882441492986	196.0
338.29824468863546	196.0
338.3082452279724	199.0
338.3182457673093	199.0
338.3282463066462	201.0
338.33824684598306	201.0
338.34824738532	201.0
338.3582479246569	201.0
338.3682484639938	201.0
338.37824900333067	201.0
338.3882495426676	201.0
338.3982500820045	201.0
338.4082506213414	201.0
338.41825116067827	199.0
338.42825170001515	199.0
338.4382522393521	196.0
338.448252778689	192.0
338.45825331802587	190.0
338.46825385736275	187.0
338.4782543966997	187.0
338.4882549360366	190.0
338.49825547537347	194.0
338.50825601471035	199.0
338.5182565540473	206.0
338.5282570933842	210.0
338.53825763272107	218.0
338.54825817205796	226.0
338.5582587113949	234.0
338.5682592507318	245.0
338.57825979006867	253.0
338.58826032940556	256.0
338.59826086874244	256.0
338.6082614080794	256.0
338.6182619474163	253.0
338.62826248675316	250.0
338.63826302609004	248.0
338.648263565427	245.0
338.6582641047639	239.0
338.66826464410076	234.0
338.67826518343765	231.0
338.6882657227746	228.0
338.6982662621115	228.0
338.70826680144836	226.0
338.71826734078525	226.0
338.7282678801222	226.0
338.7382684194591	226.0
338.74826895879596	223.0
338.75826949813285	223.0
338.76827003746973	223.0
338.7782705768067	223.0
338.78827111614356	0.0
338.79827165548045	0.0
338.80827219481733	0.0
338.8182727341543	0.0
338.82827327349116	0.0
338.83827381282805	0.0
338.84827435216494	0.0
338.8582748915019	0.0
338.86827543083876	0.0
338.87827597017565	265.0
338.88827650951254	262.0
338.8982770488495	262.0
338.90827758818637	259.0
338.91827812752325	256.0
338.92827866686014	256.0
338.938279206197	256.0
338.94827974553397	253.0
338.95828028487085	253.0
338.96828082420774	253.0
338.9782813635446	253.0
338.98828190288157	250.0
338.99828244221845	250.0
339.00828298155534	250.0
339.0182835208922	248.0
339.02828406022917	250.0
339.03828459956605	250.0
339.04828513890294	253.0
339.0582856782398	253.0
339.06828621757677	256.0
339.07828675691366	256.0
339.08828729625054	256.0
339.0982878355874	256.0
339.10828837492437	256.0
339.11828891426126	256.0
339.12828945359814	253.0
339.13828999293503	253.0
339.1482905322719	253.0
339.15829107160886	253.0
339.16829161094574	253.0
339.17829215028263	253.0
339.1882926896195	253.0
339.19829322895646	253.0
339.20829376829334	253.0
339.21829430763023	253.0
339.2282948469671	253.0
339.23829538630406	253.0
339.24829592564095	250.0
339.25829646497783	250.0
339.2682970043147	250.0
339.27829754365166	250.0
339.28829808298855	253.0
339.29829862232543	256.0
339.3082991616623	259.0
339.3182997009992	262.0
339.32830024033615	265.0
339.33830077967303	268.0
339.3483013190099	268.0
339.3583018583468	259.0
339.36830239768375	250.0
339.37830293702063	242.0
339.3883034763575	236.0
339.3983040156944	0.0
339.40830455503135	0.0
339.41830509436824	0.0
339.4283056337051	0.0
339.438306173042	0.0
339.44830671237895	0.0
339.45830725171584	0.0
339.4683077910527	0.0
339.4783083303896	0.0
339.4883088697265	0.0
339.49830940906344	0.0
339.5083099484003	0.0
339.5183104877372	268.0
339.5283110270741	265.0
339.53831156641104	259.0
339.5483121057479	253.0
339.5583126450848	250.0
339.5683131844217	248.0
339.57831372375864	245.0
339.5883142630955	245.0
339.5983148024324	248.0
339.6083153417693	250.0
339.61831588110624	256.0
339.6283164204431	265.0
339.63831695978	272.0
339.6483174991169	275.0
339.65831803845384	275.0
339.6683185777907	272.0
339.6783191171276	265.0
339.6883196564645	262.0
339.6983201958014	259.0
339.70832073513833	250.0
339.7183212744752	245.0
339.7283218138121	245.0
339.738322353149	248.0
339.74832289248593	256.0
339.7583234318228	272.0
339.7683239711597	298.0
339.7783245104966	312.0
339.78832504983353	319.0
339.7983255891704	327.0
339.8083261285073	331.0
339.8183266678442	327.0
339.82832720718113	319.0
339.838327746518	305.0
339.8483282858549	284.0
339.8583288251918	262.0
339.8683293645287	253.0
339.8783299038656	248.0
339.8883304432025	245.0
339.8983309825394	248.0
339.9083315218763	250.0
339.9183320612132	256.0
339.9283326005501	262.0
339.938333139887	281.0
339.9483336792239	294.0
339.9583342185608	301.0
339.9683347578977	301.0
339.9783352972346	298.0
339.9883358365715	291.0
339.9983363759084	278.0
340.0083369152453	259.0
340.0183374545822	239.0
340.0283379939191	228.0
340.03833853325597	223.0
340.0483390725929	220.0
340.0583396119298	220.0
340.0683401512667	223.0
340.07834069060357	226.0
340.0883412299405	231.0
340.0983417692774	234.0
340.1083423086143	234.0
340.11834284795117	234.0
340.1283433872881	231.0
340.138343926625	228.0
340.1483444659619	223.0
340.15834500529877	218.0
340.1683455446357	215.0
340.1783460839726	215.0
340.1883466233095	215.0
340.19834716264637	218.0
340.20834770198326	220.0
340.2183482413202	223.0
340.2283487806571	226.0
340.238349319994	226.0
340.24834985933086	228.0
340.2583503986678	234.0
340.2683509380047	234.0
340.2783514773416	234.0
340.28835201667846	234.0
340.2983525560154	228.0
340.3083530953523	223.0
340.3183536346892	215.0
340.32835417402606	213.0
340.338354713363	210.0
340.3483552526999	210.0
340.3583557920368	215.0
340.36835633137366	223.0
340.3783568707106	236.0
340.3883574100475	245.0
340.3983579493844	253.0
340.40835848872126	259.0
340.41835902805815	265.0
340.4283595673951	265.0
340.438360106732	262.0
340.44836064606886	253.0
340.45836118540575	245.0
340.4683617247427	236.0
340.4783622640796	231.0
340.48836280341646	231.0
340.49836334275335	236.0
340.5083638820903	245.0
340.5183644214272	259.0
340.52836496076407	288.0
340.53836550010095	298.0
340.5483660394379	305.0
340.5583665787748	308.0
340.56836711811167	305.0
340.57836765744855	298.0
340.58836819678544	288.0
340.5983687361224	265.0
340.60836927545927	250.0
340.61836981479615	228.0
340.62837035413304	220.0
340.63837089347	218.0
340.64837143280687	220.0
340.65837197214375	226.0
340.66837251148064	234.0
340.6783730508176	242.0
340.68837359015447	250.0
340.69837412949136	253.0
340.70837466882824	253.0
340.7183752081652	253.0
340.72837574750207	250.0
340.73837628683896	248.0
340.74837682617584	245.0
340.75837736551273	239.0
340.7683779048497	234.0
340.77837844418656	0.0
340.78837898352344	0.0
340.79837952286033	0.0
340.8083800621973	0.0
340.81838060153416	0.0
340.82838114087104	0.0
340.83838168020793	0.0
340.8483822195449	0.0
340.85838275888176	0.0
340.86838329821865	294.0
340.87838383755553	298.0
340.8883843768925	301.0
340.89838491622936	305.0
340.90838545556625	308.0
340.91838599490313	308.0
340.9283865342401	308.0
340.93838707357696	308.0
340.94838761291385	308.0
340.95838815225073	305.0
340.9683886915876	301.0
340.97838923092456	301.0
340.98838977026145	301.0
340.99839030959834	301.0
341.0083908489352	301.0
341.01839138827216	301.0
341.02839192760905	305.0
341.03839246694594	305.0
341.0483930062828	305.0
341.05839354561977	301.0
341.06839408495665	301.0
341.07839462429354	298.0
341.0883951636304	298.0
341.09839570296737	0.0
341.10839624230425	0.0
341.11839678164114	305.0
341.128397320978	0.0
341.1383978603149	0.0
341.14839839965185	0.0
341.15839893898874	0.0
341.1683994783256	0.0
341.1784000176625	0.0
341.18840055699945	0.0
341.19840109633634	0.0
341.2084016356732	0.0
341.2184021750101	0.0
341.22840271434706	0.0
341.23840325368394	0.0
341.2484037930208	0.0
341.2584043323577	0.0
341.26840487169466	0.0
341.27840541103154	0.0
341.2884059503684	0.0
341.2984064897053	0.0
341.3084070290422	0.0
341.31840756837914	0.0
341.32840810771603	0.0
341.3384086470529	0.0
341.3484091863898	0.0
341.35840972572674	0.0
341.36841026506363	0.0
341.3784108044005	0.0
341.3884113437374	0.0
341.39841188307435	0.0
341.40841242241123	0.0
341.4184129617481	0.0
341.428413501085	0.0
341.43841404042195	0.0
341.44841457975883	0.0
341.4584151190957	0.0
341.4684156584326	0.0
341.4784161977695	0.0
341.48841673710643	0.0
341.4984172764433	0.0
341.5084178157802	0.0
341.5184183551171	284.0
341.52841889445403	288.0
341.5384194337909	294.0
341.5484199731278	301.0
341.5584205124647	305.0
341.56842105180164	308.0
341.5784215911385	312.0
341.5884221304754	312.0
341.5984226698123	316.0
341.60842320914924	316.0
341.6184237484861	316.0
341.628424287823	312.0
341.6384248271599	312.0
341.64842536649684	312.0
341.6584259058337	312.0
341.6684264451706	308.0
341.6784269845075	308.0
341.6884275238444	301.0
341.6984280631813	288.0
341.7084286025182	272.0
341.7184291418551	250.0
341.728429681192	239.0
341.7384302205289	234.0
341.7484307598658	234.0
341.7584312992027	236.0
341.7684318385396	245.0
341.7784323778765	259.0
341.7884329172134	281.0
341.7984334565503	298.0
341.8084339958872	312.0
341.8184345352241	316.0
341.828435074561	319.0
341.8384356138979	316.0
341.8484361532348	305.0
341.8584366925717	284.0
341.8684372319086	262.0
341.8784377712455	250.0
341.8884383105824	248.0
341.8984388499193	250.0
341.9084393892562	253.0
341.9184399285931	259.0
341.92844046793	298.0
341.9384410072669	327.0
341.9484415466038	350.0
341.9584420859407	367.0
341.9684426252776	384.0
341.9784431646145	398.0
341.9884437039514	407.0
341.9984442432883	407.0
342.0084447826252	398.0
342.0184453219621	367.0
342.02844586129896	354.0
342.0384464006359	342.0
342.0484469399728	334.0
342.0584474793097	334.0
342.06844801864656	342.0
342.0784485579835	363.0
342.0884490973204	393.0
342.0984496366573	421.0
342.10845017599416	436.0
342.1184507153311	447.0
342.128451254668	447.0
342.1384517940049	447.0
342.14845233334177	436.0
342.1584528726787	412.0
342.1684534120156	384.0
342.1784539513525	354.0
342.18845449068937	323.0
342.19845503002625	312.0
342.2084555693632	301.0
342.2184561087001	301.0
342.22845664803697	301.0
342.23845718737385	305.0
342.2484577267108	312.0
342.2584582660477	312.0
342.26845880538457	312.0
342.27845934472145	312.0
342.2884598840584	308.0
342.2984604233953	308.0
342.30846096273217	305.0
342.31846150206906	305.0
342.328462041406	305.0
342.3384625807429	305.0
342.34846312007977	305.0
342.35846365941666	305.0
342.3684641987536	308.0
342.3784647380905	308.0
342.3884652774274	308.0
342.39846581676426	308.0
342.40846635610114	308.0
342.4184668954381	305.0
342.428467434775	294.0
342.43846797411186	281.0
342.44846851344874	281.0
342.4584690527857	284.0
342.4684695921226	291.0
342.47847013145946	298.0
342.48847067079635	301.0
342.4984712101333	305.0
342.5084717494702	308.0
342.51847228880706	308.0
342.52847282814395	308.0
342.5384733674809	312.0
342.5484739068178	312.0
342.55847444615466	312.0
342.56847498549155	312.0
342.57847552482843	312.0
342.5884760641654	308.0
342.59847660350226	308.0
342.60847714283915	305.0
342.61847768217604	298.0
342.628478221513	291.0
342.63847876084986	281.0
342.64847930018675	268.0
342.65847983952364	250.0
342.6684803788606	234.0
342.67848091819747	226.0
342.68848145753435	223.0
342.69848199687124	226.0
342.7084825362082	228.0
342.71848307554507	239.0
342.72848361488195	248.0
342.73848415421884	265.0
342.7484846935557	281.0
342.75848523289267	291.0
342.76848577222955	301.0
342.77848631156644	301.0
342.7884868509033	301.0
342.79848739024027	294.0
342.80848792957715	288.0
342.81848846891404	275.0
342.8284890082509	259.0
342.83848954758787	253.0
342.84849008692476	248.0
342.85849062626164	250.0
342.8684911655985	256.0
342.87849170493547	268.0
342.88849224427236	294.0
342.89849278360924	316.0
342.90849332294613	346.0
342.91849386228307	358.0
342.92849440161996	367.0
342.93849494095684	380.0
342.94849548029373	384.0
342.9584960196306	380.0
342.96849655896756	367.0
342.97849709830444	354.0
342.98849763764133	331.0
342.9984981769782	316.0
343.00849871631516	308.0
343.01849925565205	308.0
343.02849979498893	308.0
343.0385003343258	312.0
343.04850087366276	312.0
343.05850141299965	316.0
343.06850195233653	316.0
343.0785024916734	316.0
343.08850303101036	312.0
343.09850357034725	312.0
343.10850410968413	0.0
343.118504649021	0.0
343.1285051883579	0.0
343.13850572769485	308.0
343.14850626703173	268.0
343.1585068063686	268.0
343.1685073457055	253.0
343.17850788504245	245.0
343.18850842437934	236.0
343.1985089637162	234.0
343.2085095030531	234.0
343.21851004239005	239.0
343.22851058172694	245.0
343.2385111210638	253.0
343.2485116604007	262.0
343.25851219973765	278.0
343.26851273907454	288.0
343.2785132784114	291.0
343.2885138177483	291.0
343.2985143570852	288.0
343.30851489642214	278.0
343.318515435759	265.0
343.3285159750959	256.0
343.3385165144328	250.0
343.34851705376974	248.0
343.3585175931066	248.0
343.3685181324435	256.0
343.3785186717804	268.0
343.38851921111734	298.0
343.3985197504542	312.0
343.4085202897911	319.0
343.418520829128	327.0
343.42852136846494	331.0
343.4385219078018	323.0
343.4485224471387	316.0
343.4585229864756	301.0
343.4685235258125	281.0
343.47852406514943	262.0
343.4885246044863	253.0
343.4985251438232	245.0
343.5085256831601	242.0
343.51852622249703	239.0
343.5285267618339	248.0
343.5385273011708	253.0
343.5485278405077	268.0
343.55852837984463	278.0
343.5685289191815	281.0
343.5785294585184	278.0
343.5885299978553	268.0
343.59853053719223	262.0
343.6085310765291	256.0
343.618531615866	248.0
343.6285321552029	239.0
343.63853269453983	234.0
343.6485332338767	231.0
343.6585337732136	234.0
343.6685343125505	242.0
343.6785348518874	248.0
343.6885353912243	253.0
343.6985359305612	253.0
343.7085364698981	253.0
343.718537009235	250.0
343.7285375485719	248.0
343.7385380879088	239.0
343.7485386272457	226.0
343.7585391665826	206.0
343.7685397059195	194.0
343.7785402452564	187.0
343.7885407845933	185.0
343.7985413239302	187.0
343.8085418632671	196.0
343.818542402604	203.0
343.8285429419409	208.0
343.8385434812778	210.0
343.84854402061467	210.0
343.8585445599516	208.0
343.8685450992885	206.0
343.8785456386254	203.0
343.88854617796227	201.0
343.8985467172992	201.0
343.9085472566361	203.0
343.918547795973	206.0
343.92854833530987	213.0
343.9385488746468	218.0
343.9485494139837	226.0
343.9585499533206	234.0
343.96855049265747	239.0
343.9785510319944	239.0
343.9885515713313	239.0
343.9985521106682	234.0
344.0085526500051	228.0
344.01855318934196	223.0
344.0285537286789	215.0
344.0385542680158	213.0
344.0485548073527	210.0
344.05855534668956	208.0
344.0685558860265	0.0
344.0785564253634	0.0
344.0885569647003	0.0
344.09855750403716	0.0
344.1085580433741	0.0
344.118558582711	0.0
344.1285591220479	0.0
344.13855966138476	0.0
344.1485602007217	0.0
344.1585607400586	268.0
344.1685612793955	268.0
344.17856181873236	265.0
344.1885623580693	265.0
344.1985628974062	262.0
344.2085634367431	262.0
344.21856397607996	259.0
344.22856451541685	256.0
344.2385650547538	256.0
344.2485655940907	256.0
344.25856613342756	256.0
344.26856667276445	256.0
344.2785672121014	256.0
344.2885677514383	256.0
344.29856829077517	256.0
344.30856883011205	256.0
344.318569369449	256.0
344.3285699087859	256.0
344.33857044812277	256.0
344.34857098745965	259.0
344.3585715267966	259.0
344.3685720661335	259.0
344.37857260547037	259.0
344.38857314480725	256.0
344.39857368414414	256.0
344.4085742234811	256.0
344.41857476281797	256.0
344.42857530215485	256.0
344.43857584149174	256.0
344.4485763808287	253.0
344.45857692016557	253.0
344.46857745950246	253.0
344.47857799883934	253.0
344.4885785381763	253.0
344.49857907751317	253.0
344.50857961685006	253.0
344.51858015618694	253.0
344.5285806955239	253.0
344.53858123486077	253.0
344.54858177419766	253.0
344.55858231353454	253.0
344.56858285287143	253.0
344.5785833922084	253.0
344.58858393154526	253.0
344.59858447088214	253.0
344.60858501021903	253.0
344.618585549556	248.0
344.62858608889286	242.0
344.63858662822975	234.0
344.64858716756663	0.0
344.6585877069036	0.0
344.66858824624046	0.0
344.67858878557735	0.0
344.68858932491423	0.0
344.6985898642512	0.0
344.70859040358806	0.0
344.71859094292495	0.0
344.72859148226183	0.0
344.7385920215987	0.0
344.74859256093566	0.0
344.75859310027255	0.0
344.76859363960943	0.0
344.7785941789463	278.0
344.78859471828326	272.0
344.79859525762015	265.0
344.80859579695704	268.0
344.8185963362939	262.0
344.82859687563086	256.0
344.83859741496775	250.0
344.84859795430464	248.0
344.8585984936415	245.0
344.86859903297847	245.0
344.87859957231535	248.0
344.88860011165224	253.0
344.8986006509891	259.0
344.90860119032607	268.0
344.91860172966295	278.0
344.92860226899984	281.0
344.9386028083367	281.0
344.9486033476736	275.0
344.95860388701055	268.0
344.96860442634744	256.0
344.9786049656843	248.0
344.9886055050212	242.0
344.99860604435816	236.0
345.00860658369504	236.0
345.0186071230319	242.0
345.0286076623688	250.0
345.03860820170576	262.0
345.04860874104264	281.0
345.0586092803795	291.0
345.0686098197164	305.0
345.07861035905336	312.0
345.08861089839024	316.0
345.09861143772713	316.0
345.108611977064	308.0
345.1186125164009	294.0
345.12861305573784	272.0
345.13861359507473	256.0
345.1486141344116	248.0
345.1586146737485	242.0
345.16861521308545	239.0
345.17861575242233	242.0
345.1886162917592	248.0
345.1986168310961	253.0
345.20861737043305	259.0
345.21861790976993	268.0
345.2286184491068	275.0
345.2386189884437	278.0
345.24861952778065	275.0
345.25862006711753	272.0
345.2686206064544	265.0
345.2786211457913	253.0
345.2886216851282	234.0
345.29862222446513	223.0
345.308622763802	220.0
345.3186233031389	218.0
345.3286238424758	220.0
345.33862438181274	223.0
345.3486249211496	226.0
345.3586254604865	228.0
345.3686259998234	231.0
345.37862653916034	231.0
345.3886270784972	234.0
345.3986276178341	234.0
345.408628157171	234.0
345.41862869650794	231.0
345.4286292358448	226.0
345.4386297751817	220.0
345.4486303145186	215.0
345.45863085385554	215.0
345.4686313931924	215.0
345.4786319325293	218.0
345.4886324718662	220.0
345.4986330112031	223.0
345.50863355054	226.0
345.5186340898769	228.0
345.5286346292138	228.0
345.5386351685507	231.0
345.5486357078876	231.0
345.5586362472245	231.0
345.5686367865614	228.0
345.5786373258983	226.0
345.5886378652352	218.0
345.5986384045721	210.0
345.608638943909	206.0
345.6186394832459	206.0
345.62864002258283	208.0
345.6386405619197	213.0
345.6486411012566	220.0
345.6586416405935	228.0
345.6686421799304	242.0
345.6786427192673	250.0
345.6886432586042	259.0
345.6986437979411	265.0
345.708644337278	265.0
345.7186448766149	262.0
345.7286454159518	256.0
345.7386459552887	245.0
345.7486464946256	236.0
345.7586470339625	234.0
345.7686475732994	236.0
345.7786481126363	245.0
345.7886486519732	262.0
345.7986491913101	278.0
345.808649730647	291.0
345.8186502699839	301.0
345.8286508093208	305.0
345.83865134865766	305.0
345.8486518879946	298.0
345.8586524273315	288.0
345.8686529666684	262.0
345.87865350600526	242.0
345.8886540453422	231.0
345.8986545846791	223.0
345.908655124016	223.0
345.91865566335287	228.0
345.9286562026898	239.0
345.9386567420267	248.0
345.9486572813636	253.0
345.95865782070047	259.0
345.9686583600374	259.0
345.9786588993743	259.0
345.9886594387112	256.0
345.99865997804807	253.0
346.00866051738495	250.0
346.0186610567219	245.0
346.0286615960588	236.0
346.03866213539567	0.0
346.04866267473255	0.0
346.0586632140695	0.0
346.0686637534064	0.0
346.07866429274327	0.0
346.08866483208016	0.0
346.0986653714171	0.0
346.108665910754	0.0
346.11866645009087	0.0
346.12866698942776	0.0
346.1386675287647	0.0
346.1486680681016	0.0
346.15866860743847	305.0
346.16866914677536	308.0
346.1786696861123	312.0
346.1886702254492	312.0
346.1986707647861	308.0
346.20867130412296	308.0
346.21867184345984	305.0
346.2286723827968	305.0
346.2386729221337	301.0
346.24867346147056	301.0
346.25867400080745	301.0
346.2686745401444	301.0
346.2786750794813	301.0
346.28867561881816	301.0
346.29867615815505	305.0
346.308676697492	305.0
346.3186772368289	305.0
346.32867777616576	301.0
346.33867831550265	301.0
346.3486788548396	301.0
346.3586793941765	305.0
346.36867993351336	305.0
346.37868047285025	305.0
346.38868101218713	308.0
346.3986815515241	305.0
346.40868209086096	305.0
346.41868263019785	298.0
346.42868316953474	291.0
346.4386837088717	291.0
346.44868424820856	294.0
346.45868478754545	298.0
346.46868532688234	305.0
346.4786858662193	305.0
346.48868640555617	308.0
346.49868694489305	0.0
346.50868748422994	0.0
346.5186880235669	0.0
346.52868856290377	0.0
346.53868910224065	0.0
346.54868964157754	0.0
346.5586901809144	0.0
346.56869072025137	0.0
346.57869125958825	0.0
346.58869179892514	0.0
346.598692338262	0.0
346.60869287759897	0.0
346.61869341693586	0.0
346.62869395627274	0.0
346.6386944956096	0.0
346.64869503494657	0.0
346.65869557428346	0.0
346.66869611362034	0.0
346.6786966529572	0.0
346.68869719229417	0.0
346.69869773163106	0.0
346.70869827096794	0.0
346.71869881030483	0.0
346.7286993496418	0.0
346.73869988897866	0.0
346.74870042831554	0.0
346.75870096765243	0.0
346.7687015069893	0.0
346.77870204632626	0.0
346.78870258566315	256.0
346.79870312500003	256.0
346.8087036643369	256.0
346.81870420367386	256.0
346.82870474301075	259.0
346.83870528234763	262.0
346.8487058216845	265.0
346.85870636102146	268.0
346.86870690035835	268.0
346.87870743969523	268.0
346.8887079790321	265.0
346.89870851836906	262.0
346.90870905770595	259.0
346.91870959704283	253.0
346.9287101363797	245.0
346.9387106757166	234.0
346.94871121505355	223.0
346.95871175439044	215.0
346.9687122937273	215.0
346.9787128330642	215.0
346.98871337240115	218.0
346.99871391173804	228.0
347.0087144510749	239.0
347.0187149904118	253.0
347.02871552974875	265.0
347.03871606908564	275.0
347.0487166084225	278.0
347.0587171477594	278.0
347.06871768709635	272.0
347.07871822643324	262.0
347.0887187657701	256.0
347.098719305107	248.0
347.1087198444439	242.0
347.11872038378084	234.0
347.1287209231177	234.0
347.1387214624546	234.0
347.1487220017915	236.0
347.15872254112844	248.0
347.1687230804653	272.0
347.1787236198022	294.0
347.1887241591391	312.0
347.19872469847604	327.0
347.2087252378129	338.0
347.2187257771498	350.0
347.2287263164867	354.0
347.23872685582364	358.0
347.24872739516053	354.0
347.2587279344974	346.0
347.2687284738343	334.0
347.2787290131712	308.0
347.28872955250813	294.0
347.298730091845	288.0
347.3087306311819	291.0
347.3187311705188	298.0
347.32873170985573	312.0
347.3387322491926	342.0
347.3487327885295	367.0
347.3587333278664	393.0
347.36873386720333	393.0
347.3787344065402	398.0
347.3887349458771	398.0
347.398735485214	398.0
347.40873602455093	389.0
347.4187365638878	358.0
347.4287371032247	334.0
347.4387376425616	294.0
347.44873818189853	288.0
347.4587387212354	288.0
347.4687392605723	288.0
347.4787397999092	294.0
347.4887403392461	298.0
347.498740878583	301.0
347.5087414179199	305.0
347.5187419572568	308.0
347.5287424965937	308.0
347.5387430359306	308.0
347.5487435752675	308.0
347.5587441146044	308.0
347.5687446539413	308.0
347.5787451932782	308.0
347.5887457326151	308.0
347.598746271952	308.0
347.6087468112889	308.0
347.6187473506258	308.0
347.6287478899627	308.0
347.6387484292996	308.0
347.6487489686365	308.0
347.65874950797337	308.0
347.6687500473103	308.0
347.6787505866472	305.0
347.6887511259841	305.0
347.69875166532097	305.0
347.7087522046579	301.0
347.7187527439948	294.0
347.7287532833317	288.0
347.73875382266857	284.0
347.7487543620055	281.0
347.7587549013424	272.0
347.7687554406793	265.0
347.7787559800162	259.0
347.7887565193531	253.0
347.79875705869	248.0
347.8087575980269	245.0
347.8187581373638	242.0
347.82875867670066	242.0
347.8387592160376	242.0
347.8487597553745	245.0
347.8587602947114	248.0
347.86876083404826	253.0
347.8787613733852	259.0
347.8887619127221	265.0
347.898762452059	275.0
347.90876299139586	281.0
347.9187635307328	281.0
347.9287640700697	278.0
347.9387646094066	268.0
347.94876514874346	262.0
347.9587656880804	253.0
347.9687662274173	245.0
347.9787667667542	239.0
347.98876730609106	236.0
347.99876784542795	239.0
348.0087683847649	245.0
348.0187689241018	250.0
348.02876946343866	256.0
348.03877000277555	265.0
348.0487705421125	272.0
348.0587710814494	275.0
348.06877162078626	275.0
348.07877216012315	272.0
348.0887726994601	265.0
348.098773238797	256.0
348.10877377813387	250.0
348.11877431747075	248.0
348.1287748568077	248.0
348.1387753961446	250.0
348.14877593548147	256.0
348.15877647481835	268.0
348.1687770141553	301.0
348.1787775534922	319.0
348.18877809282907	342.0
348.19877863216595	350.0
348.20877917150284	358.0
348.2187797108398	363.0
348.22878025017667	363.0
348.23878078951356	354.0
348.24878132885044	346.0
348.2587818681874	327.0
348.26878240752427	305.0
348.27878294686116	298.0
348.28878348619804	291.0
348.298784025535	291.0
348.30878456487187	294.0
348.31878510420876	301.0
348.32878564354564	305.0
348.3387861828826	312.0
348.3487867222195	316.0
348.35878726155636	316.0
348.36878780089324	319.0
348.37878834023013	312.0
348.3887888795671	0.0
348.39878941890396	0.0
348.40878995824085	291.0
348.41879049757773	291.0
348.4287910369147	284.0
348.43879157625156	281.0
348.44879211558845	275.0
348.45879265492533	259.0
348.4687931942623	245.0
348.47879373359916	236.0
348.48879427293605	231.0
348.49879481227293	231.0
348.5087953516099	234.0
348.51879589094676	242.0
348.52879643028365	253.0
348.53879696962053	265.0
348.5487975089574	275.0
348.55879804829436	278.0
348.56879858763125	278.0
348.57879912696814	272.0
348.588799666305	265.0
348.59880020564196	256.0
348.60880074497885	248.0
348.61880128431574	245.0
348.6288018236526	245.0
348.63880236298957	245.0
348.64880290232645	256.0
348.65880344166334	284.0
348.6688039810002	298.0
348.67880452033717	308.0
348.68880505967405	316.0
348.69880559901094	323.0
348.7088061383478	319.0
348.71880667768477	312.0
348.72880721702165	305.0
348.73880775635854	291.0
348.7488082956954	256.0
348.7588088350323	248.0
348.76880937436925	242.0
348.77880991370614	242.0
348.788810453043	245.0
348.7988109923799	250.0
348.80881153171686	259.0
348.81881207105374	265.0
348.8288126103906	272.0
348.8388131497275	272.0
348.84881368906446	268.0
348.85881422840134	262.0
348.86881476773823	250.0
348.8788153070751	239.0
348.88881584641206	228.0
348.89881638574894	223.0
348.90881692508583	218.0
348.9188174644227	220.0
348.9288180037596	226.0
348.93881854309654	234.0
348.94881908243343	242.0
348.9588196217703	245.0
348.9688201611072	245.0
348.97882070044415	239.0
348.98882123978103	234.0
348.9988217791179	226.0
349.0088223184548	215.0
349.01882285779175	208.0
349.02882339712863	203.0
349.0388239364655	201.0
349.0488244758024	201.0
349.05882501513935	203.0
349.06882555447623	206.0
349.0788260938131	210.0
349.08882663315	210.0
349.0988271724869	210.0
349.10882771182384	210.0
349.1188282511607	208.0
349.1288287904976	203.0
349.1388293298345	201.0
349.14882986917144	201.0
349.1588304085083	203.0
349.1688309478452	213.0
349.1788314871821	220.0
349.18883202651904	231.0
349.1988325658559	236.0
349.2088331051928	242.0
349.2188336445297	245.0
349.22883418386664	242.0
349.2388347232035	236.0
349.2488352625404	0.0
349.2588358018773	0.0
349.2688363412142	0.0
349.2788368805511	0.0
349.288837419888	0.0
349.2988379592249	0.0
349.3088384985618	0.0
349.3188390378987	0.0
349.3288395772356	0.0
349.3388401165725	0.0
349.3488406559094	0.0
349.3588411952463	0.0
349.3688417345832	0.0
349.3788422739201	0.0
349.388842813257	0.0
349.39884335259393	0.0
349.4088438919308	0.0
349.4188444312677	0.0
349.4288449706046	0.0
349.43884550994153	0.0
349.4488460492784	0.0
349.4588465886153	0.0
349.4688471279522	0.0
349.4788476672891	0.0
349.488848206626	0.0
349.4988487459629	398.0
349.5088492852998	402.0
349.5188498246367	402.0
349.5288503639736	402.0
349.5388509033105	402.0
349.5488514426474	402.0
349.5588519819843	402.0
349.5688525213212	402.0
349.5788530606581	402.0
349.588853599995	402.0
349.5988541393319	402.0
349.6088546786688	402.0
349.6188552180057	402.0
349.6288557573426	402.0
349.6388562966795	402.0
349.64885683601636	402.0
349.6588573753533	402.0
349.6688579146902	402.0
349.6788584540271	402.0
349.68885899336397	402.0
349.6988595327009	402.0
349.7088600720378	402.0
349.7188606113747	402.0
349.72886115071157	402.0
349.7388616900485	402.0
349.7488622293854	402.0
349.7588627687223	402.0
349.76886330805917	0.0
349.7788638473961	0.0
349.788864386733	417.0
349.7988649260699	417.0
349.80886546540677	407.0
349.81886600474365	393.0
349.8288665440806	393.0
349.8388670834175	393.0
349.84886762275437	398.0
349.85886816209126	412.0
349.8688687014282	431.0
349.8788692407651	447.0
349.88886978010197	462.0
349.89887031943886	468.0
349.9088708587758	468.0
349.9188713981127	468.0
349.92887193744957	468.0
349.93887247678646	468.0
349.9488730161234	468.0
349.9588735554603	393.0
349.9688740947972	393.0
349.97887463413406	393.0
349.988875173471	402.0
349.9988757128079	421.0
350.0088762521448	447.0
350.01887679148166	501.0
350.02887733081855	519.0
350.0388778701555	531.0
350.0488784094924	531.0
350.05887894882926	525.0
350.06887948816615	519.0
350.0788800275031	507.0
350.08888056684	484.0
350.09888110617686	426.0
350.10888164551375	412.0
350.1188821848507	412.0
350.1288827241876	412.0
350.13888326352446	426.0
350.14888380286135	441.0
350.1588843421983	462.0
350.1688848815352	507.0
350.17888542087206	525.0
350.18888596020895	537.0
350.19888649954584	537.0
350.2088870388828	531.0
350.21888757821966	519.0
350.22888811755655	484.0
350.23888865689344	447.0
350.2488891962304	417.0
350.25888973556727	380.0
350.26889027490415	354.0
350.27889081424104	358.0
350.288891353578	384.0
350.29889189291487	393.0
350.30889243225175	393.0
350.31889297158864	402.0
350.3288935109256	407.0
350.33889405026247	412.0
350.34889458959935	417.0
350.35889512893624	417.0
350.3688956682731	417.0
350.37889620761007	412.0
350.38889674694695	412.0
350.39889728628384	407.0
350.4088978256207	398.0
350.41889836495767	380.0
350.42889890429456	363.0
350.43889944363144	371.0
350.4488999829683	384.0
350.45890052230527	393.0
350.46890106164216	398.0
350.47890160097904	412.0
350.48890214031593	436.0
350.4989026796529	452.0
350.50890321898976	462.0
350.51890375832664	473.0
350.52890429766353	473.0
350.5389048370004	468.0
350.54890537633736	457.0
350.55890591567425	447.0
350.56890645501113	417.0
350.578906994348	389.0
350.58890753368496	384.0
350.59890807302185	384.0
350.60890861235873	384.0
350.6189091516956	389.0
350.62890969103256	393.0
350.63891023036945	398.0
350.64891076970633	402.0
350.6589113090432	407.0
350.66891184838016	412.0
350.67891238771705	417.0
350.68891292705393	417.0
350.6989134663908	417.0
350.70891400572776	412.0
350.71891454506465	402.0
350.72891508440154	380.0
350.7389156237384	367.0
350.7489161630753	363.0
350.75891670241225	342.0
350.76891724174914	319.0
350.778917781086	308.0
350.7889183204229	301.0
350.79891885975985	298.0
350.80891939909674	301.0
350.8189199384336	316.0
350.8289204777705	327.0
350.83892101710745	342.0
350.84892155644434	358.0
350.8589220957812	371.0
350.8689226351181	375.0
350.87892317445505	375.0
350.88892371379194	350.0
350.8989242531288	308.0
350.9089247924657	308.0
350.9189253318026	312.0
350.92892587113954	323.0
350.9389264104764	342.0
350.9489269498133	354.0
350.9589274891502	371.0
350.96892802848714	389.0
350.978928567824	407.0
350.9889291071609	426.0
350.9989296464978	436.0
351.00893018583474	436.0
351.01893072517163	436.0
351.0289312645085	421.0
351.0389318038454	393.0
351.04893234318234	375.0
351.05893288251923	354.0
351.0689334218561	342.0
351.078933961193	338.0
351.0889345005299	338.0
351.09893503986683	338.0
351.1089355792037	346.0
351.1189361185406	367.0
351.1289366578775	384.0
351.13893719721443	389.0
351.1489377365513	393.0
351.1589382758882	393.0
351.1689388152251	393.0
351.17893935456203	393.0
351.1889398938989	389.0
351.1989404332358	384.0
351.2089409725727	316.0
351.21894151190963	312.0
351.2289420512465	308.0
351.2389425905834	305.0
351.2489431299203	305.0
351.25894366925723	308.0
351.2689442085941	308.0
351.278944747931	312.0
351.2889452872679	316.0
351.2989458266048	316.0
351.3089463659417	316.0
351.3189469052786	316.0
351.3289474446155	312.0
351.3389479839524	308.0
351.3489485232893	291.0
351.3589490626262	253.0
351.3689496019631	245.0
351.3789501413	236.0
351.3889506806369	231.0
351.3989512199738	231.0
351.4089517593107	234.0
351.4189522986476	236.0
351.4289528379845	245.0
351.4389533773214	253.0
351.4489539166583	268.0
351.4589544559952	281.0
351.46895499533207	284.0
351.478955534669	288.0
351.4889560740059	284.0
351.4989566133428	278.0
351.50895715267967	265.0
351.5189576920166	250.0
351.5289582313535	236.0
351.5389587706904	215.0
351.54895931002727	213.0
351.5589598493642	210.0
351.5689603887011	215.0
351.578960928038	226.0
351.5889614673749	236.0
351.5989620067118	248.0
351.6089625460487	259.0
351.6189630853856	265.0
351.6289636247225	265.0
351.63896416405936	262.0
351.6489647033963	256.0
351.6589652427332	248.0
351.6689657820701	236.0
351.67896632140696	223.0
351.6889668607439	203.0
351.6989674000808	203.0
351.7089679394177	203.0
351.71896847875456	203.0
351.7289690180915	203.0
351.7389695574284	203.0
351.7489700967653	201.0
351.75897063610216	201.0
351.7689711754391	201.0
351.778971714776	203.0
351.7889722541129	203.0
351.79897279344976	203.0
351.80897333278665	203.0
351.8189738721236	203.0
351.8289744114605	206.0
351.83897495079736	206.0
351.84897549013425	203.0
351.8589760294712	203.0
351.8689765688081	201.0
351.87897710814497	201.0
351.88897764748185	201.0
351.8989781868188	203.0
351.9089787261557	206.0
351.91897926549257	208.0
351.92897980482945	215.0
351.9389803441664	223.0
351.9489808835033	231.0
351.95898142284017	265.0
351.96898196217705	265.0
351.978982501514	259.0
351.9889830408509	250.0
351.99898358018777	250.0
352.00898411952465	253.0
352.01898465886154	259.0
352.0289851981985	265.0
352.03898573753537	265.0
352.04898627687226	259.0
352.05898681620914	250.0
352.0689873555461	242.0
352.07898789488297	234.0
352.08898843421986	226.0
352.09898897355674	223.0
352.1089895128937	218.0
352.1189900522306	218.0
352.12899059156746	215.0
352.13899113090434	215.0
352.1489916702413	215.0
352.1589922095782	215.0
352.16899274891506	215.0
352.17899328825195	218.0
352.18899382758883	218.0
352.1989943669258	223.0
352.20899490626266	226.0
352.21899544559955	231.0
352.22899598493643	236.0
352.2389965242734	239.0
352.24899706361026	242.0
352.25899760294715	245.0
352.26899814228403	245.0
352.278998681621	245.0
352.28899922095786	242.0
352.29899976029475	239.0
352.30900029963163	236.0
352.3190008389686	231.0
352.32900137830546	226.0
352.33900191764235	220.0
352.34900245697924	215.0
352.3590029963161	210.0
352.36900353565306	208.0
352.37900407498995	206.0
352.38900461432684	203.0
352.3990051536637	203.0
352.40900569300067	203.0
352.41900623233755	203.0
352.42900677167444	203.0
352.4390073110113	206.0
352.44900785034827	206.0
352.45900838968515	203.0
352.46900892902204	203.0
352.4790094683589	185.0
352.48901000769587	0.0
352.49901054703275	0.0
352.50901108636964	0.0
352.5190116257065	0.0
352.5290121650434	0.0
352.53901270438035	0.0
352.54901324371724	0.0
352.5590137830541	0.0
352.569014322391	0.0
352.57901486172796	0.0
352.58901540106484	0.0
352.5990159404017	0.0
352.6090164797386	0.0
352.61901701907556	0.0
352.62901755841244	0.0
352.63901809774933	0.0
352.6490186370862	0.0
352.65901917642316	0.0
352.66901971576004	0.0
352.67902025509693	0.0
352.6890207944338	0.0
352.69902133377076	0.0
352.70902187310764	0.0
352.71902241244453	0.0
352.7290229517814	0.0
352.7390234911183	0.0
352.74902403045525	0.0
352.75902456979213	0.0
352.769025109129	0.0
352.7790256484659	0.0
352.78902618780285	0.0
352.79902672713973	0.0
352.8090272664766	0.0
352.8190278058135	0.0
352.82902834515045	0.0
352.83902888448733	0.0
352.8490294238242	0.0
352.8590299631611	0.0
352.86903050249805	0.0
352.87903104183493	0.0
352.8890315811718	0.0
352.8990321205087	0.0
352.9090326598456	0.0
352.91903319918254	0.0
352.9290337385194	0.0
352.9390342778563	0.0
352.9490348171932	0.0
352.95903535653014	0.0
352.969035895867	0.0
352.9790364352039	0.0
352.9890369745408	0.0
352.99903751387774	0.0
353.0090380532146	0.0
353.0190385925515	0.0
353.0290391318884	201.0
353.03903967122534	196.0
353.0490402105622	194.0
353.0590407498991	194.0
353.069041289236	194.0
353.0790418285729	194.0
353.0890423679098	196.0
353.0990429072467	196.0
353.1090434465836	194.0
353.1190439859205	194.0
353.1290445252574	190.0
353.1390450645943	183.0
353.1490456039312	179.0
353.1590461432681	181.0
353.169046682605	187.0
353.1790472219419	194.0
353.1890477612788	199.0
353.1990483006157	199.0
353.20904883995263	199.0
353.2190493792895	199.0
353.2290499186264	199.0
353.2390504579633	199.0
353.24905099730023	199.0
353.2590515366371	199.0
353.269052075974	199.0
353.2790526153109	199.0
353.2890531546478	196.0
353.2990536939847	192.0
353.3090542333216	185.0
353.3190547726585	185.0
353.3290553119954	190.0
353.3390558513323	196.0
353.3490563906692	208.0
353.3590569300061	215.0
353.369057469343	223.0
353.3790580086799	228.0
353.3890585480168	234.0
353.3990590873537	239.0
353.4090596266906	242.0
353.4190601660275	242.0
353.4290607053644	236.0
353.4390612447013	231.0
353.4490617840382	220.0
353.45906232337506	199.0
353.469062862712	185.0
353.4790634020489	183.0
353.4890639413858	185.0
353.49906448072267	192.0
353.5090650200596	208.0
353.5190655593965	215.0
353.5290660987334	223.0
353.53906663807027	228.0
353.5490671774072	231.0
353.5590677167441	234.0
353.569068256081	234.0
353.57906879541787	231.0
353.5890693347548	228.0
353.5990698740917	226.0
353.6090704134286	220.0
353.61907095276547	208.0
353.62907149210236	199.0
353.6390720314393	231.0
353.6490725707762	236.0
353.65907311011307	242.0
353.66907364944996	242.0
353.6790741887869	245.0
353.6890747281238	248.0
353.69907526746067	250.0
353.70907580679756	250.0
353.7190763461345	253.0
353.7290768854714	253.0
353.7390774248083	253.0
353.74907796414516	250.0
353.7590785034821	250.0
353.769079042819	245.0
353.7790795821559	239.0
353.78908012149276	228.0
353.79908066082965	220.0
353.8090812001666	218.0
353.8190817395035	220.0
353.82908227884036	228.0
353.83908281817725	234.0
353.8490833575142	239.0
353.8590838968511	242.0
353.86908443618796	248.0
353.87908497552485	253.0
353.8890855148618	256.0
353.8990860541987	256.0
353.90908659353556	256.0
353.91908713287245	250.0
353.9290876722094	245.0
353.9390882115463	234.0
353.94908875088316	226.0
353.95908929022005	0.0
353.969089829557	0.0
353.9790903688939	0.0
353.98909090823076	275.0
353.99909144756765	301.0
354.00909198690454	305.0
354.0190925262415	312.0
354.02909306557837	312.0
354.03909360491525	316.0
354.04909414425214	316.0
354.0590946835891	312.0
354.06909522292597	308.0
354.07909576226285	305.0
354.08909630159974	301.0
354.0990968409367	239.0
354.10909738027357	226.0
354.11909791961045	226.0
354.12909845894734	236.0
354.1390989982843	248.0
354.14909953762117	253.0
354.15910007695805	253.0
354.16910061629494	262.0
354.1791011556318	275.0
354.18910169496877	288.0
354.19910223430566	294.0
354.20910277364254	301.0
354.2191033129794	305.0
354.22910385231637	305.0
354.23910439165326	305.0
354.24910493099014	298.0
354.25910547032703	294.0
354.269106009664	284.0
354.27910654900086	256.0
354.28910708833774	250.0
354.29910762767463	250.0
354.3091081670116	312.0
354.31910870634846	327.0
354.32910924568534	334.0
354.33910978502223	338.0
354.3491103243591	342.0
354.35911086369606	342.0
354.36911140303295	342.0
354.37911194236983	342.0
354.3891124817067	342.0
354.39911302104366	338.0
354.40911356038055	331.0
354.41911409971743	323.0
354.4291146390543	308.0
354.43911517839126	272.0
354.44911571772815	268.0
354.45911625706503	284.0
354.4691167964019	294.0
354.47911733573886	305.0
354.48911787507575	316.0
354.49911841441264	327.0
354.5091189537495	342.0
354.51911949308646	358.0
354.52912003242335	363.0
354.53912057176024	367.0
354.5491211110971	358.0
354.559121650434	350.0
354.56912218977095	338.0
354.57912272910784	323.0
354.5891232684447	316.0
354.5991238077816	0.0
354.60912434711855	0.0
354.61912488645544	0.0
354.6291254257923	0.0
354.6391259651292	0.0
354.64912650446615	0.0
354.65912704380304	0.0
354.6691275831399	402.0
354.6791281224768	402.0
354.68912866181375	402.0
354.69912920115064	402.0
354.7091297404875	407.0
354.7191302798244	407.0
354.7291308191613	407.0
354.73913135849824	407.0
354.7491318978351	402.0
354.759132437172	398.0
354.7691329765089	393.0
354.77913351584584	393.0
354.7891340551827	398.0
354.7991345945196	402.0
354.8091351338565	407.0
354.81913567319344	412.0
354.82913621253033	417.0
354.8391367518672	431.0
354.8491372912041	447.0
354.85913783054104	462.0
354.86913836987793	490.0
354.8791389092148	501.0
354.8891394485517	507.0
354.8991399878886	501.0
354.90914052722553	496.0
354.9191410665624	484.0
354.9291416058993	473.0
354.9391421452362	462.0
354.94914268457313	452.0
354.95914322391	452.0
354.9691437632469	457.0
354.9791443025838	473.0
354.98914484192073	507.0
354.9991453812576	525.0
355.0091459205945	544.0
355.0191464599314	563.0
355.02914699926833	563.0
355.0391475386052	569.0
355.0491480779421	569.0
355.059148617279	563.0
355.0691491566159	550.0
355.0791496959528	537.0
355.0891502352897	452.0
355.0991507746266	441.0
355.1091513139635	426.0
355.1191518533004	417.0
355.1291523926373	421.0
355.1391529319742	441.0
355.1491534713111	452.0
355.159154010648	462.0
355.1691545499849	468.0
355.1791550893218	473.0
355.1891556286587	484.0
355.1991561679956	490.0
355.2091567073325	490.0
355.2191572466694	484.0
355.2291577860063	468.0
355.2391583253432	431.0
355.2491588646801	436.0
355.259159404017	441.0
355.2691599433539	447.0
355.27916048269077	457.0
355.2891610220277	479.0
355.2991615613646	507.0
355.3091621007015	525.0
355.31916264003837	537.0
355.3291631793753	550.0
355.3391637187122	563.0
355.3491642580491	569.0
355.359164797386	569.0
355.3691653367229	556.0
355.3791658760598	544.0
355.3891664153967	0.0
355.3991669547336	421.0
355.4091674940705	412.0
355.4191680334074	407.0
355.4291685727443	417.0
355.4391691120812	431.0
355.44916965141806	447.0
355.459170190755	462.0
355.4691707300919	479.0
355.4791712694288	479.0
355.48917180876566	473.0
355.4991723481026	468.0
355.5091728874395	457.0
355.5191734267764	0.0
355.52917396611326	0.0
355.5391745054502	316.0
355.5491750447871	262.0
355.559175584124	272.0
355.56917612346086	284.0
355.5791766627978	291.0
355.5891772021347	294.0
355.5991777414716	305.0
355.60917828080846	319.0
355.61917882014535	327.0
355.6291793594823	334.0
355.6391798988192	334.0
355.64918043815607	331.0
355.65918097749295	323.0
355.6691815168299	312.0
355.6791820561668	308.0
355.68918259550367	301.0
355.69918313484055	275.0
355.7091836741775	256.0
355.7191842135144	253.0
355.72918475285127	0.0
355.73918529218815	0.0
355.7491858315251	384.0
355.759186370862	393.0
355.76918691019887	398.0
355.77918744953575	402.0
355.7891879888727	412.0
355.7991885282096	412.0
355.80918906754647	417.0
355.81918960688336	417.0
355.82919014622024	412.0
355.8391906855572	412.0
355.84919122489407	407.0
355.85919176423096	398.0
355.86919230356784	393.0
355.8791928429048	398.0
355.8891933822417	412.0
355.89919392157856	421.0
355.90919446091544	436.0
355.9191950002524	452.0
355.9291955395893	468.0
355.93919607892616	496.0
355.94919661826304	513.0
355.9591971576	519.0
355.9691976969369	525.0
355.97919823627376	525.0
355.98919877561065	513.0
355.99919931494753	501.0
356.0091998542845	462.0
356.01920039362136	457.0
356.02920093295825	0.0
356.03920147229513	389.0
356.0492020116321	389.0
356.05920255096896	389.0
356.06920309030585	393.0
356.07920362964273	393.0
356.0892041689797	398.0
356.09920470831656	402.0
356.10920524765345	402.0
356.11920578699034	402.0
356.1292063263273	402.0
356.13920686566416	402.0
356.14920740500105	398.0
356.15920794433794	393.0
356.1692084836748	389.0
356.17920902301177	389.0
356.18920956234865	407.0
356.19921010168554	421.0
356.2092106410224	431.0
356.21921118035937	447.0
356.22921171969625	462.0
356.23921225903314	496.0
356.24921279837	519.0
356.25921333770697	525.0
356.26921387704385	525.0
356.27921441638074	519.0
356.2892149557176	496.0
356.29921549505457	468.0
356.30921603439145	398.0
356.31921657372834	393.0
356.3292171130652	421.0
356.3392176524021	417.0
356.34921819173906	398.0
356.35921873107594	393.0
356.3692192704128	398.0
356.3792198097497	412.0
356.38922034908666	417.0
356.39922088842354	421.0
356.40922142776043	421.0
356.4192219670973	417.0
356.42922250643426	412.0
356.43922304577114	402.0
356.44922358510803	393.0
356.4592241244449	389.0
356.46922466378186	375.0
356.47922520311874	268.0
356.48922574245563	265.0
356.4992262817925	298.0
356.50922682112946	301.0
356.51922736046635	298.0
356.52922789980323	298.0
356.5392284391401	298.0
356.549228978477	298.0
356.55922951781395	301.0
356.56923005715083	301.0
356.5792305964877	305.0
356.5892311358246	305.0
356.59923167516155	305.0
356.60923221449843	305.0
356.6192327538353	301.0
356.6292332931722	298.0
356.63923383250915	316.0
356.64923437184603	323.0
356.6592349111829	331.0
356.6692354505198	331.0
356.67923598985675	338.0
356.68923652919364	338.0
356.6992370685305	342.0
356.7092376078674	346.0
356.7192381472043	346.0
356.72923868654124	342.0
356.7392392258781	338.0
356.749239765215	334.0
356.7592403045519	327.0
356.76924084388884	319.0
356.7792413832257	0.0
356.7892419225626	0.0
356.7992424618995	0.0
356.80924300123644	0.0
356.8192435405733	0.0
356.8292440799102	402.0
356.8392446192471	402.0
356.84924515858404	407.0
356.8592456979209	407.0
356.8692462372578	407.0
356.8792467765947	407.0
356.8892473159316	402.0
356.8992478552685	398.0
356.9092483946054	393.0
356.9192489339423	389.0
356.9292494732792	380.0
356.9392500126161	308.0
356.949250551953	294.0
356.9592510912899	298.0
356.9692516306268	319.0
356.97925216996373	334.0
356.9892527093006	342.0
356.9992532486375	350.0
357.0092537879744	354.0
357.01925432731133	358.0
357.0292548666482	358.0
357.0392554059851	354.0
357.049255945322	346.0
357.05925648465893	338.0
357.0692570239958	327.0
357.0792575633327	312.0
357.0892581026696	301.0
357.0992586420065	294.0
357.1092591813434	291.0
357.1192597206803	298.0
357.1292602600172	346.0
357.1392607993541	358.0
357.149261338691	371.0
357.1592618780279	393.0
357.1692624173648	407.0
357.1792629567017	412.0
357.1892634960386	417.0
357.1992640353755	421.0
357.2092645747124	421.0
357.2192651140493	417.0
357.2292656533862	407.0
357.2392661927231	398.0
357.24926673206	393.0
357.2592672713969	308.0
357.26926781073377	298.0
357.2792683500707	298.0
357.2892688894076	319.0
357.2992694287445	334.0
357.30926996808137	338.0
357.3192705074183	342.0
357.3292710467552	354.0
357.3392715860921	367.0
357.34927212542897	375.0
357.3592726647659	384.0
357.3692732041028	389.0
357.3792737434397	384.0
357.38927428277657	375.0
357.3992748221135	367.0
357.4092753614504	268.0
357.4192759007873	256.0
357.42927644012417	248.0
357.43927697946106	242.0
357.449277518798	236.0
357.4592780581349	236.0
357.46927859747177	236.0
357.47927913680866	242.0
357.4892796761456	248.0
357.4992802154825	253.0
357.5092807548194	259.0
357.51928129415626	262.0
357.5292818334932	262.0
357.5392823728301	259.0
357.549282912167	256.0
357.55928345150386	250.0
357.5692839908408	226.0
357.5792845301777	0.0
357.5892850695146	0.0
357.59928560885146	0.0
357.60928614818835	298.0
357.6192866875253	294.0
357.6292872268622	298.0
357.63928776619906	298.0
357.64928830553595	301.0
357.6592888448729	308.0
357.6692893842098	312.0
357.67928992354666	312.0
357.68929046288355	312.0
357.6992910022205	312.0
357.7092915415574	308.0
357.71929208089426	308.0
357.72929262023115	262.0
357.7392931595681	256.0
357.749293698905	298.0
357.75929423824186	305.0
357.76929477757875	308.0
357.7792953169157	319.0
357.7892958562526	331.0
357.79929639558947	342.0
357.80929693492635	350.0
357.81929747426324	358.0
357.8292980136002	358.0
357.83929855293707	358.0
357.84929909227395	354.0
357.85929963161084	350.0
357.8693001709478	342.0
357.87930071028467	331.0
357.88930124962155	256.0
357.89930178895844	308.0
357.9093023282954	305.0
357.91930286763227	305.0
357.92930340696915	305.0
357.93930394630604	305.0
357.949304485643	308.0
357.95930502497987	308.0
357.96930556431676	312.0
357.97930610365364	312.0
357.9893066429905	312.0
357.99930718232747	312.0
358.00930772166436	312.0
358.01930826100124	312.0
358.02930880033813	308.0
358.03930933967507	301.0
358.04930987901196	298.0
358.05931041834884	301.0
358.06931095768573	308.0
358.0793114970227	316.0
358.08931203635956	331.0
358.09931257569644	346.0
358.10931311503333	363.0
358.1193136543703	375.0
358.12931419370716	380.0
358.13931473304405	380.0
358.14931527238093	375.0
358.1593158117178	367.0
358.16931635105476	350.0
358.17931689039165	0.0
358.18931742972853	308.0
358.1993179690654	308.0
358.20931850840236	305.0
358.21931904773925	301.0
358.22931958707613	298.0
358.239320126413	298.0
358.24932066574996	301.0
358.25932120508685	301.0
358.26932174442373	305.0
358.2793222837606	305.0
358.28932282309756	305.0
358.29932336243445	305.0
358.30932390177134	301.0
358.3193244411082	298.0
358.3293249804451	294.0
358.33932551978205	298.0
358.34932605911894	308.0
358.3593265984558	312.0
358.3693271377927	323.0
358.37932767712965	338.0
358.38932821646654	367.0
358.3993287558034	389.0
358.4093292951403	452.0
358.41932983447725	479.0
358.42933037381414	501.0
358.439330913151	519.0
358.4493314524879	519.0
358.45933199182485	519.0
358.46933253116174	513.0
358.4793330704986	496.0
358.4893336098355	457.0
358.49933414917245	447.0
358.50933468850934	421.0
358.5193352278462	398.0
358.5293357671831	393.0
358.53933630652	393.0
358.54933684585694	402.0
358.5593373851938	407.0
358.5693379245307	412.0
358.5793384638676	417.0
358.58933900320454	412.0
358.59933954254143	407.0
358.6093400818783	402.0
358.6193406212152	393.0
358.62934116055214	389.0
358.63934169988903	354.0
358.6493422392259	338.0
358.6593427785628	334.0
358.66934331789975	334.0
358.67934385723663	338.0
358.6893443965735	346.0
358.6993449359104	354.0
358.7093454752473	367.0
358.71934601458423	380.0
358.7293465539211	389.0
358.739347093258	393.0
358.7493476325949	393.0
358.75934817193183	389.0
358.7693487112687	384.0
358.7793492506056	367.0
358.7893497899425	275.0
358.79935032927943	275.0
358.8093508686163	281.0
358.8193514079532	291.0
358.8293519472901	298.0
358.83935248662704	305.0
358.8493530259639	312.0
358.8593535653008	316.0
358.8693541046377	319.0
358.8793546439746	323.0
358.8893551833115	319.0
358.8993557226484	319.0
358.9093562619853	316.0
358.9193568013222	308.0
358.9293573406591	298.0
358.939357879996	256.0
358.9493584193329	248.0
358.9593589586698	228.0
358.9693594980067	223.0
358.9793600373436	226.0
358.9893605766805	234.0
358.9993611160174	242.0
359.0093616553543	250.0
359.0193621946912	259.0
359.0293627340281	268.0
359.039363273365	275.0
359.0493638127019	275.0
359.0593643520388	275.0
359.0693648913757	268.0
359.0793654307126	262.0
359.08936597004947	248.0
359.0993665093864	223.0
359.1093670487233	218.0
359.1193675880602	215.0
359.1293681273971	218.0
359.139368666734	226.0
359.1493692060709	234.0
359.1593697454078	242.0
359.1693702847447	250.0
359.1793708240816	253.0
359.1893713634185	250.0
359.1993719027554	248.0
359.2093724420923	242.0
359.2193729814292	234.0
359.2293735207661	220.0
359.239374060103	185.0
359.2493745994399	179.0
359.25937513877676	0.0
359.2693756781137	0.0
359.2793762174506	0.0
359.2893767567875	203.0
359.29937729612436	201.0
359.3093778354613	201.0
359.3193783747982	201.0
359.3293789141351	201.0
359.33937945347196	201.0
359.3493799928089	201.0
359.3593805321458	201.0
359.3693810714827	199.0
359.37938161081956	199.0
359.3893821501565	201.0
359.3993826894934	201.0
359.4093832288303	203.0
359.41938376816717	206.0
359.42938430750405	206.0
359.439384846841	206.0
359.4493853861779	206.0
359.45938592551477	203.0
359.46938646485165	199.0
359.4793870041886	196.0
359.4893875435255	194.0
359.49938808286237	194.0
359.50938862219925	199.0
359.5193891615362	213.0
359.5293897008731	223.0
359.53939024020997	259.0
359.54939077954685	262.0
359.5593913188838	259.0
359.5693918582207	256.0
359.57939239755757	253.0
359.58939293689446	256.0
359.59939347623134	265.0
359.6093940155683	278.0
359.61939455490517	278.0
359.62939509424206	275.0
359.63939563357894	268.0
359.6493961729159	262.0
359.65939671225277	256.0
359.66939725158966	250.0
359.67939779092654	245.0
359.6893983302635	239.0
359.6993988696004	234.0
359.70939940893726	228.0
359.71939994827414	226.0
359.7294004876111	223.0
359.739401026948	220.0
359.74940156628486	220.0
359.75940210562175	220.0
359.7694026449587	223.0
359.7794031842956	226.0
359.78940372363246	231.0
359.79940426296935	236.0
359.80940480230623	239.0
359.8194053416432	242.0
359.82940588098006	245.0
359.83940642031695	250.0
359.84940695965383	253.0
359.8594074989908	253.0
359.86940803832766	256.0
359.87940857766455	256.0
359.88940911700143	256.0
359.8994096563384	256.0
359.90941019567526	256.0
359.91941073501215	253.0
359.92941127434904	253.0
359.939411813686	253.0
359.94941235302286	256.0
359.95941289235975	256.0
359.96941343169664	256.0
359.9794139710335	256.0
359.98941451037047	256.0
359.99941504970735	253.0
360.00941558904424	253.0
360.0194161283811	250.0
360.02941666771807	250.0
360.03941720705495	250.0
360.04941774639184	250.0
360.0594182857287	250.0
360.06941882506567	250.0
360.07941936440255	250.0
360.08941990373944	250.0
360.0994204430763	250.0
360.10942098241327	250.0
360.11942152175016	250.0
360.12942206108704	248.0
360.1394226004239	248.0
360.1494231397608	248.0
360.15942367909776	248.0
360.16942421843464	245.0
360.1794247577715	245.0
360.1894252971084	245.0
360.19942583644536	242.0
360.20942637578224	239.0
360.21942691511913	239.0
360.229427454456	239.0
360.23942799379296	242.0
360.24942853312984	245.0
360.25942907246673	248.0
360.2694296118036	250.0
360.27943015114056	253.0
360.28943069047745	256.0
360.29943122981433	256.0
360.3094317691512	256.0
360.31943230848816	256.0
360.32943284782505	256.0
360.33943338716193	253.0
360.3494339264988	253.0
360.3594344658357	250.0
360.36943500517265	250.0
360.37943554450953	250.0
360.3894360838464	250.0
360.3994366231833	250.0
360.40943716252025	248.0
360.41943770185713	248.0
360.429438241194	248.0
360.4394387805309	248.0
360.44943931986785	248.0
360.45943985920474	250.0
360.4694403985416	250.0
360.4794409378785	250.0
360.48944147721545	250.0
360.49944201655234	250.0
360.5094425558892	250.0
360.5194430952261	250.0
360.529443634563	250.0
360.53944417389994	250.0
360.5494447132368	250.0
360.5594452525737	250.0
360.5694457919106	253.0
360.57944633124754	253.0
360.5894468705844	256.0
360.5994474099213	256.0
360.6094479492582	256.0
360.61944848859514	256.0
360.629449027932	256.0
360.6394495672689	256.0
360.6494501066058	253.0
360.65945064594274	253.0
360.6694511852796	250.0
360.6794517246165	250.0
360.6894522639534	248.0
360.6994528032903	248.0
360.7094533426272	248.0
360.7194538819641	248.0
360.729454421301	248.0
360.7394549606379	245.0
360.74945549997483	242.0
360.7594560393117	236.0
360.7694565786486	234.0
360.7794571179855	228.0
360.78945765732243	228.0
360.7994581966593	0.0
360.8094587359962	0.0
360.8194592753331	0.0
360.82945981467003	0.0
360.8394603540069	0.0
360.8494608933438	0.0
360.8594614326807	0.0
360.8694619720176	0.0
360.8794625113545	0.0
360.8894630506914	0.0
360.8994635900283	0.0
360.9094641293652	268.0
360.9194646687021	268.0
360.929465208039	268.0
360.9394657473759	268.0
360.9494662867128	268.0
360.9594668260497	268.0
360.9694673653866	265.0
360.9794679047235	262.0
360.9894684440604	259.0
360.9994689833973	256.0
361.0094695227342	253.0
361.0194700620711	253.0
361.029470601408	250.0
361.0394711407449	250.0
361.0494716800818	250.0
361.0594722194187	250.0
361.0694727587556	250.0
361.07947329809247	250.0
361.0894738374294	250.0
361.0994743767663	250.0
361.1094749161032	250.0
361.11947545544007	250.0
361.129475994777	253.0
361.1394765341139	253.0
361.1494770734508	253.0
361.15947761278767	253.0
361.1694781521246	253.0
361.1794786914615	250.0
361.1894792307984	250.0
361.19947977013527	250.0
361.2094803094722	253.0
361.2194808488091	253.0
361.229481388146	256.0
361.23948192748287	262.0
361.24948246681976	265.0
361.2594830061567	272.0
361.2694835454936	272.0
361.2794840848305	272.0
361.28948462416736	272.0
361.2994851635043	268.0
361.3094857028412	265.0
361.3194862421781	262.0
361.32948678151496	259.0
361.3394873208519	256.0
361.3494878601888	253.0
361.3594883995257	253.0
361.36948893886256	253.0
361.3794894781995	253.0
361.3894900175364	253.0
361.3994905568733	253.0
361.40949109621016	253.0
361.41949163554705	253.0
361.429492174884	253.0
361.4394927142209	253.0
361.44949325355776	253.0
361.45949379289465	253.0
361.4694943322316	253.0
361.4794948715685	253.0
361.48949541090536	253.0
361.49949595024225	259.0
361.5094964895792	268.0
361.5194970289161	278.0
361.52949756825296	301.0
361.53949810758985	308.0
361.5494986469268	316.0
361.5594991862637	319.0
361.56949972560056	319.0
361.57950026493745	316.0
361.5895008042744	308.0
361.5995013436113	301.0
361.60950188294817	291.0
361.61950242228505	284.0
361.62950296162194	275.0
361.6395035009589	265.0
361.64950404029577	262.0
361.65950457963265	259.0
361.66950511896954	256.0
361.6795056583065	256.0
361.68950619764337	253.0
361.69950673698025	253.0
361.70950727631714	253.0
361.7195078156541	253.0
361.72950835499097	253.0
361.73950889432786	253.0
361.74950943366474	253.0
361.7595099730017	253.0
361.76951051233857	253.0
361.77951105167546	250.0
361.78951159101234	250.0
361.7995121303492	250.0
361.80951266968617	250.0
361.81951320902306	250.0
361.82951374835994	253.0
361.83951428769683	253.0
361.8495148270338	256.0
361.85951536637066	259.0
361.86951590570754	265.0
361.87951644504443	268.0
361.8895169843814	275.0
361.89951752371826	281.0
361.90951806305515	281.0
361.91951860239203	281.0
361.929519141729	278.0
361.93951968106586	275.0
361.94952022040275	268.0
361.95952075973963	265.0
361.9695212990765	262.0
361.97952183841346	259.0
361.98952237775035	253.0
361.99952291708723	250.0
362.0095234564241	245.0
362.01952399576106	242.0
362.02952453509795	236.0
362.03952507443483	234.0
362.0495256137717	231.0
362.05952615310866	228.0
362.06952669244555	228.0
362.07952723178244	228.0
362.0895277711193	228.0
362.09952831045626	226.0
362.10952884979315	226.0
362.11952938913004	226.0
362.1295299284669	226.0
362.1395304678038	228.0
362.14953100714075	228.0
362.15953154647764	228.0
362.1695320858145	228.0
362.1795326251514	228.0
362.18953316448835	226.0
362.19953370382524	226.0
362.2095342431621	220.0
362.219534782499	226.0
362.22953532183595	234.0
362.23953586117284	234.0
362.2495364005097	234.0
362.2595369398466	234.0
362.26953747918355	231.0
362.27953801852044	231.0
362.2895385578573	228.0
362.2995390971942	226.0
362.30953963653116	226.0
362.31954017586804	223.0
362.3295407152049	220.0
362.3395412545418	220.0
362.3495417938787	220.0
362.35954233321564	220.0
362.36954287255253	220.0
362.3795434118894	220.0
362.3895439512263	220.0
362.39954449056324	223.0
362.40954502990013	223.0
362.419545569237	226.0
362.4295461085739	228.0
362.43954664791084	231.0
362.44954718724773	234.0
362.4595477265846	236.0
362.4695482659215	236.0
362.47954880525845	239.0
362.48954934459533	239.0
362.4995498839322	236.0
362.5095504232691	234.0
362.519550962606	231.0
362.52955150194293	228.0
362.5395520412798	226.0
362.5495525806167	223.0
362.5595531199536	220.0
362.56955365929053	218.0
362.5795541986274	218.0
362.5895547379643	218.0
362.5995552773012	218.0
362.60955581663814	220.0
362.619556355975	226.0
362.6295568953119	231.0
362.6395574346488	236.0
362.64955797398574	242.0
362.6595585133226	248.0
362.6695590526595	253.0
362.6795595919964	256.0
362.6895601313333	259.0
362.6995606706702	259.0
362.7095612100071	259.0
362.719561749344	256.0
362.7295622886809	256.0
362.7395628280178	253.0
362.7495633673547	253.0
362.7595639066916	250.0
362.7695644460285	250.0
362.7795649853654	250.0
362.7895655247023	253.0
362.7995660640392	253.0
362.8095666033761	256.0
362.819567142713	256.0
362.8295676820499	259.0
362.8395682213868	259.0
362.8495687607237	256.0
362.8595693000606	253.0
362.8695698393975	250.0
362.8795703787344	245.0
362.8895709180713	239.0
362.8995714574082	234.0
362.9095719967451	231.0
362.919572536082	231.0
362.9295730754189	231.0
362.9395736147558	236.0
362.9495741540927	245.0
362.9595746934296	253.0
362.9695752327665	268.0
362.9795757721034	281.0
362.9895763114403	291.0
362.9995768507772	298.0
363.0095773901141	301.0
363.019577929451	305.0
363.0295784687879	308.0
363.0395790081248	308.0
363.0495795474617	308.0
363.0595800867986	308.0
363.06958062613546	305.0
363.0795811654724	305.0
363.0895817048093	305.0
363.0995822441462	301.0
363.10958278348306	301.0
363.11958332282	301.0
363.1295838621569	301.0
363.1395844014938	301.0
363.14958494083066	301.0
363.1595854801676	301.0
363.1695860195045	301.0
363.1795865588414	301.0
363.18958709817827	301.0
363.1995876375152	301.0
363.2095881768521	301.0
363.219588716189	301.0
363.22958925552587	301.0
363.23958979486275	305.0
363.2495903341997	305.0
363.2595908735366	305.0
363.26959141287347	305.0
363.27959195221035	305.0
363.2895924915473	308.0
363.2995930308842	308.0
363.30959357022107	308.0
363.31959410955795	312.0
363.3295946488949	308.0
363.3395951882318	308.0
363.34959572756867	305.0
363.35959626690556	305.0
363.3695968062425	305.0
363.3795973455794	301.0
363.38959788491627	298.0
363.39959842425316	298.0
363.40959896359004	294.0
363.419599502927	288.0
363.42960004226387	278.0
363.43960058160076	265.0
363.44960112093764	256.0
363.4596016602746	248.0
363.4696021996115	236.0
363.47960273894836	0.0
363.48960327828524	0.0
363.4996038176222	0.0
363.5096043569591	0.0
363.51960489629596	0.0
363.52960543563285	0.0
363.5396059749698	0.0
363.5496065143067	0.0
363.55960705364356	0.0
363.56960759298045	0.0
363.5796081323174	0.0
363.5896086716543	262.0
363.59960921099116	256.0
363.60960975032805	250.0
363.61961028966493	248.0
363.6296108290019	259.0
363.63961136833876	301.0
363.64961190767565	301.0
363.65961244701253	301.0
363.6696129863495	301.0
363.67961352568636	301.0
363.68961406502325	301.0
363.69961460436014	301.0
363.7096151436971	301.0
363.71961568303396	301.0
363.72961622237085	301.0
363.73961676170774	301.0
363.7496173010447	301.0
363.75961784038157	301.0
363.76961837971845	305.0
363.77961891905534	305.0
363.7896194583922	305.0
363.79961999772917	305.0
363.80962053706605	305.0
363.81962107640294	305.0
363.8296216157398	305.0
363.83962215507677	301.0
363.84962269441365	301.0
363.85962323375054	298.0
363.8696237730874	294.0
363.87962431242437	288.0
363.88962485176125	281.0
363.89962539109814	272.0
363.909625930435	265.0
363.91962646977197	259.0
363.92962700910886	259.0
363.93962754844574	256.0
363.9496280877826	253.0
363.9596286271195	250.0
363.96962916645646	250.0
363.97962970579334	250.0
363.98963024513023	253.0
363.9996307844671	256.0
364.00963132380406	256.0
364.01963186314094	262.0
364.02963240247783	265.0
364.0396329418147	272.0
364.04963348115166	278.0
364.05963402048855	288.0
364.06963455982543	294.0
364.0796350991623	298.0
364.08963563849926	301.0
364.09963617783615	301.0
364.10963671717303	301.0
364.1196372565099	301.0
364.1296377958468	301.0
364.13963833518375	301.0
364.14963887452063	301.0
364.1596394138575	301.0
364.1696399531944	305.0
364.17964049253135	305.0
364.18964103186823	305.0
364.1996415712051	305.0
364.209642110542	305.0
364.21964264987895	305.0
364.22964318921584	305.0
364.2396437285527	305.0
364.2496442678896	308.0
364.25964480722655	308.0
364.26964534656344	308.0
364.2796458859003	308.0
364.2896464252372	308.0
364.29964696457415	305.0
364.30964750391104	305.0
364.3196480432479	305.0
364.3296485825848	301.0
364.3396491219217	301.0
364.34964966125864	298.0
364.3596502005955	298.0
364.3696507399324	298.0
364.3796512792693	298.0
364.38965181860624	298.0
364.3996523579431	301.0
364.40965289728	301.0
364.4196534366169	305.0
364.42965397595384	305.0
364.4396545152907	305.0
364.4496550546276	301.0
364.4596555939645	294.0
364.46965613330144	284.0
364.4796566726383	278.0
364.4896572119752	0.0
364.4996577513121	0.0
364.509658290649	0.0
364.51965882998593	0.0
364.5296593693228	0.0
364.5396599086597	0.0
364.5496604479966	0.0
364.55966098733353	0.0
364.5696615266704	0.0
364.5796620660073	0.0
364.5896626053442	0.0
364.59966314468113	0.0
364.609663684018	0.0
364.6196642233549	0.0
364.6296647626918	0.0
364.63966530202873	0.0
364.6496658413656	0.0
364.6596663807025	0.0
364.6696669200394	0.0
364.6796674593763	0.0
364.6896679987132	0.0
364.6996685380501	0.0
364.709669077387	0.0
364.7196696167239	0.0
364.7296701560608	0.0
364.7396706953977	0.0
364.7496712347346	0.0
364.7596717740715	0.0
364.7696723134084	0.0
364.7796728527453	0.0
364.7896733920822	0.0
364.7996739314191	0.0
364.809674470756	0.0
364.8196750100929	0.0
364.8296755494298	0.0
364.8396760887667	0.0
364.8496766281036	0.0
364.8596771674405	0.0
364.8696777067774	0.0
364.8796782461143	0.0
364.88967878545117	0.0
364.8996793247881	0.0
364.909679864125	0.0
364.9196804034619	0.0
364.92968094279877	0.0
364.9396814821357	0.0
364.9496820214726	0.0
364.9596825608095	0.0
364.96968310014637	284.0
364.9796836394833	284.0
364.9896841788202	288.0
364.9996847181571	294.0
365.00968525749397	301.0
365.0196857968309	305.0
365.0296863361678	312.0
365.0396868755047	312.0
365.04968741484157	308.0
365.05968795417846	305.0
365.0696884935154	301.0
365.0796890328523	298.0
365.0896895721892	298.0
365.09969011152606	298.0
365.109690650863	298.0
365.1196911901999	301.0
365.1296917295368	305.0
365.13969226887366	305.0
365.1496928082106	308.0
365.1596933475475	308.0
365.1696938868844	308.0
365.17969442622126	305.0
365.1896949655582	305.0
365.1996955048951	301.0
365.209696044232	298.0
365.21969658356886	291.0
365.22969712290575	288.0
365.2396976622427	278.0
365.2496982015796	268.0
365.25969874091646	259.0
365.26969928025335	253.0
365.2796998195903	248.0
365.2897003589272	248.0
365.29970089826406	245.0
365.30970143760095	245.0
365.3197019769379	242.0
365.3297025162748	242.0
365.33970305561166	245.0
365.34970359494855	250.0
365.3597041342855	256.0
365.3697046736224	262.0
365.37970521295927	272.0
365.38970575229615	278.0
365.39970629163304	284.0
365.40970683097	288.0
365.41970737030687	288.0
365.42970790964375	284.0
365.43970844898064	281.0
365.4497089883176	275.0
365.45970952765447	268.0
365.46971006699135	265.0
365.47971060632824	262.0
365.4897111456652	259.0
365.49971168500207	256.0
365.50971222433895	253.0
365.51971276367584	250.0
365.5297133030128	250.0
365.53971384234967	250.0
365.54971438168656	250.0
365.55971492102344	250.0
365.5697154603604	253.0
365.57971599969727	256.0
365.58971653903416	262.0
365.59971707837104	272.0
365.60971761770793	278.0
365.6197181570449	288.0
365.62971869638176	294.0
365.63971923571864	298.0
365.64971977505553	301.0
365.6597203143925	301.0
365.66972085372936	305.0
365.67972139306625	301.0
365.68972193240313	298.0
365.6997224717401	294.0
365.70972301107696	291.0
365.71972355041385	288.0
365.72972408975073	281.0
365.7397246290877	275.0
365.74972516842456	268.0
365.75972570776145	265.0
365.76972624709833	265.0
365.7797267864352	262.0
365.78972732577216	262.0
365.79972786510905	259.0
365.80972840444593	259.0
365.8197289437828	256.0
365.82972948311976	256.0
365.83973002245665	256.0
365.84973056179354	253.0
365.8597311011304	253.0
365.86973164046736	253.0
365.87973217980425	253.0
365.88973271914114	256.0
365.899733258478	259.0
365.90973379781497	265.0
365.91973433715185	278.0
365.92973487648874	294.0
365.9397354158256	308.0
365.9497359551625	323.0
365.95973649449945	334.0
365.96973703383634	342.0
365.9797375731732	354.0
365.9897381125101	358.0
365.99973865184705	363.0
366.00973919118394	367.0
366.0197397305208	363.0
366.0297402698577	363.0
366.03974080919465	354.0
366.04974134853154	350.0
366.0597418878684	346.0
366.0697424272053	342.0
366.07974296654226	338.0
366.08974350587914	334.0
366.099744045216	334.0
366.1097445845529	334.0
366.11974512388986	334.0
366.12974566322674	334.0
366.13974620256363	334.0
366.1497467419005	334.0
366.1597472812374	334.0
366.16974782057434	334.0
366.17974835991123	334.0
366.1897488992481	334.0
366.199749438585	338.0
366.20974997792194	338.0
366.21975051725883	346.0
366.2297510565957	354.0
366.2397515959326	367.0
366.24975213526955	375.0
366.25975267460643	389.0
366.2697532139433	389.0
366.2797537532802	384.0
366.28975429261715	375.0
366.29975483195403	363.0
366.3097553712909	350.0
366.3197559106278	334.0
366.3297564499647	312.0
366.33975698930163	301.0
366.3497575286385	294.0
366.3597580679754	294.0
366.3697586073123	294.0
366.37975914664923	298.0
366.3897596859861	298.0
366.399760225323	301.0
366.4097607646599	305.0
366.41976130399684	305.0
366.4297618433337	305.0
366.4397623826706	308.0
366.4497629220075	308.0
366.45976346134444	308.0
366.4697640006813	305.0
366.4797645400182	305.0
366.4897650793551	301.0
366.499765618692	301.0
366.5097661580289	301.0
366.5197666973658	301.0
366.5297672367027	301.0
366.5397677760396	305.0
366.5497683153765	305.0
366.5597688547134	305.0
366.5697693940503	305.0
366.5797699333872	308.0
366.5897704727241	308.0
366.599771012061	308.0
366.6097715513979	312.0
366.6197720907348	312.0
366.6297726300717	308.0
366.6397731694086	308.0
366.6497737087455	308.0
366.6597742480824	308.0
366.66977478741927	308.0
366.6797753267562	305.0
366.6897758660931	305.0
366.69977640543	301.0
366.7097769447669	298.0
366.7197774841038	298.0
366.7297780234407	301.0
366.7397785627776	301.0
366.7497791021145	301.0
366.7597796414514	305.0
366.7697801807883	305.0
366.7797807201252	305.0
366.7897812594621	305.0
366.799781798799	305.0
366.8097823381359	305.0
366.8197828774728	301.0
366.8297834168097	301.0
366.8397839561466	301.0
366.8497844954835	301.0
366.8597850348204	301.0
366.8697855741573	301.0
366.87978611349416	301.0
366.8897866528311	301.0
366.899787192168	301.0
366.9097877315049	301.0
366.91978827084176	301.0
366.9297888101787	301.0
366.9397893495156	301.0
366.9497898888525	298.0
366.95979042818936	294.0
366.9697909675263	288.0
366.9797915068632	288.0
366.9897920462001	288.0
366.99979258553697	291.0
367.0097931248739	294.0
367.0197936642108	301.0
367.0297942035477	301.0
367.03979474288457	301.0
367.04979528222145	301.0
367.0597958215584	301.0
367.0697963608953	301.0
367.07979690023217	301.0
367.08979743956905	301.0
367.099797978906	301.0
367.1097985182429	301.0
367.11979905757977	301.0
367.12979959691665	301.0
367.1398001362536	301.0
367.1498006755905	301.0
367.15980121492737	301.0
367.16980175426426	301.0
367.1798022936012	301.0
367.1898028329381	301.0
367.19980337227497	301.0
367.20980391161186	301.0
367.21980445094874	301.0
367.2298049902857	298.0
367.2398055296226	298.0
367.24980606895946	294.0
367.25980660829634	288.0
367.2698071476333	281.0
367.2798076869702	272.0
367.28980822630706	259.0
367.29980876564395	250.0
367.3098093049809	245.0
367.3198098443178	236.0
367.32981038365466	234.0
367.33981092299155	234.0
367.3498114623285	236.0
367.3598120016654	242.0
367.36981254100226	248.0
367.37981308033915	256.0
367.3898136196761	265.0
367.399814159013	278.0
367.40981469834986	291.0
367.41981523768675	298.0
367.42981577702363	305.0
367.4398163163606	305.0
367.44981685569746	308.0
367.45981739503435	308.0
367.46981793437124	305.0
367.4798184737082	301.0
367.48981901304506	298.0
367.49981955238195	294.0
367.50982009171884	294.0
367.5198206310558	288.0
367.52982117039267	284.0
367.53982170972955	275.0
367.54982224906644	268.0
367.5598227884034	262.0
367.56982332774027	256.0
367.57982386707715	250.0
367.58982440641404	248.0
367.5998249457509	242.0
367.60982548508787	239.0
367.61982602442475	239.0
367.62982656376164	242.0
367.6398271030985	248.0
367.64982764243547	253.0
367.65982818177235	259.0
367.66982872110924	275.0
367.6798292604461	288.0
367.68982979978307	298.0
367.69983033911996	305.0
367.70983087845684	312.0
367.7198314177937	312.0
367.72983195713067	312.0
367.73983249646756	308.0
367.74983303580444	305.0
367.75983357514133	298.0
367.7698341144782	294.0
367.77983465381516	288.0
367.78983519315204	284.0
367.79983573248893	278.0
367.8098362718258	275.0
367.81983681116276	268.0
367.82983735049964	262.0
367.83983788983653	259.0
367.8498384291734	256.0
367.85983896851036	256.0
367.86983950784725	253.0
367.87984004718413	253.0
367.889840586521	250.0
367.89984112585796	253.0
367.90984166519485	259.0
367.91984220453173	272.0
367.9298427438686	288.0
367.9398432832055	305.0
367.94984382254245	319.0
367.95984436187933	338.0
367.9698449012162	354.0
367.9798454405531	367.0
367.98984597989005	375.0
367.99984651922694	384.0
368.0098470585638	384.0
368.0198475979007	380.0
368.02984813723765	367.0
368.03984867657454	354.0
368.0498492159114	338.0
368.0598497552483	319.0
368.06985029458525	308.0
368.07985083392214	301.0
368.089851373259	298.0
368.0998519125959	298.0
368.10985245193285	294.0
368.11985299126974	298.0
368.1298535306066	298.0
368.1398540699435	298.0
368.1498546092804	298.0
368.15985514861734	298.0
368.1698556879542	301.0
368.1798562272911	301.0
368.189856766628	301.0
368.19985730596494	301.0
368.2098578453018	301.0
368.2198583846387	301.0
368.2298589239756	301.0
368.23985946331254	305.0
368.2498600026494	305.0
368.2598605419863	305.0
368.2698610813232	305.0
368.27986162066014	301.0
368.289862159997	298.0
368.2998626993339	291.0
368.3098632386708	259.0
368.3198637780077	256.0
368.32986431734463	0.0
368.3398648566815	0.0
368.3498653960184	0.0
368.3598659353553	0.0
368.36986647469223	0.0
368.3798670140291	0.0
368.389867553366	0.0
368.3998680927029	316.0
368.40986863203983	312.0
368.4198691713767	308.0
368.4298697107136	308.0
368.4398702500505	305.0
368.44987078938743	305.0
368.4598713287243	305.0
368.4698718680612	305.0
368.4798724073981	305.0
368.489872946735	305.0
368.4998734860719	305.0
368.5098740254088	305.0
368.5198745647457	305.0
368.5298751040826	305.0
368.5398756434195	305.0
368.5498761827564	305.0
368.5598767220933	301.0
368.5698772614302	301.0
368.5798778007671	301.0
368.589878340104	301.0
368.5998788794409	298.0
368.6098794187778	294.0
368.6198799581147	291.0
368.6298804974516	281.0
368.6398810367885	268.0
368.6498815761254	256.0
368.6598821154623	248.0
368.6698826547992	242.0
368.6798831941361	236.0
368.689883733473	234.0
368.69988427280987	234.0
368.7098848121468	239.0
368.7198853514837	245.0
368.7298858908206	256.0
368.73988643015747	265.0
368.7498869694944	284.0
368.7598875088313	298.0
368.7698880481682	301.0
368.77988858750507	308.0
368.789889126842	312.0
368.7998896661789	312.0
368.8098902055158	312.0
368.81989074485267	312.0
368.8298912841896	308.0
368.8398918235265	301.0
368.8498923628634	294.0
368.8598929022003	288.0
368.86989344153716	281.0
368.8798939808741	278.0
368.889894520211	272.0
368.8998950595479	265.0
368.90989559888476	259.0
368.9198961382217	256.0
368.9298966775586	253.0
368.9398972168955	250.0
368.94989775623236	248.0
368.9598982955693	245.0
368.9698988349062	245.0
368.9798993742431	245.0
368.98989991357996	245.0
368.9999004529169	245.0
369.0099009922538	250.0
369.0199015315907	256.0
369.02990207092756	265.0
369.03990261026445	284.0
369.0499031496014	294.0
369.0599036889383	301.0
369.06990422827516	305.0
369.07990476761205	308.0
369.089905306949	308.0
369.0999058462859	305.0
369.10990638562276	301.0
369.11990692495965	298.0
369.1299074642966	298.0
369.1399080036335	291.0
369.14990854297037	288.0
369.15990908230725	278.0
369.1699096216442	272.0
369.1799101609811	265.0
369.18991070031797	262.0
369.19991123965485	256.0
369.20991177899174	256.0
369.2199123183287	253.0
369.22991285766557	250.0
369.23991339700245	250.0
369.24991393633934	250.0
369.2599144756763	250.0
369.26991501501317	250.0
369.27991555435005	250.0
369.28991609368694	250.0
369.2999166330239	250.0
369.30991717236077	250.0
369.31991771169766	250.0
369.32991825103454	248.0
369.3399187903715	248.0
369.34991932970837	248.0
369.35991986904526	248.0
369.36992040838214	248.0
369.3799209477191	248.0
369.389921487056	250.0
369.39992202639286	253.0
369.40992256572974	256.0
369.41992310506663	262.0
369.4299236444036	265.0
369.43992418374046	272.0
369.44992472307734	272.0
369.45992526241423	272.0
369.4699258017512	268.0
369.47992634108806	262.0
369.48992688042495	259.0
369.49992741976183	253.0
369.5099279590988	248.0
369.51992849843566	245.0
369.52992903777255	239.0
369.53992957710943	234.0
369.5499301164464	231.0
369.55993065578326	231.0
369.56993119512015	228.0
369.57993173445703	228.0
369.5899322737939	226.0
369.59993281313086	226.0
369.60993335246775	223.0
369.61993389180464	220.0
369.6299344311415	218.0
369.63993497047846	218.0
369.64993550981535	218.0
369.65993604915224	218.0
369.6699365884891	220.0
369.67993712782607	226.0
369.68993766716295	228.0
369.69993820649984	236.0
369.7099387458367	242.0
369.71993928517367	248.0
369.72993982451055	250.0
369.73994036384744	253.0
369.7499409031843	250.0
369.7599414425212	248.0
369.76994198185815	242.0
369.77994252119504	234.0
369.7899430605319	220.0
369.7999435998688	203.0
369.80994413920575	196.0
369.81994467854264	196.0
369.8299452178795	199.0
369.8399457572164	201.0
369.84994629655336	203.0
369.85994683589024	203.0
369.8699473752271	206.0
369.879947914564	206.0
369.88994845390096	206.0
369.89994899323784	206.0
369.90994953257473	206.0
369.9199500719116	206.0
369.9299506112485	206.0
369.93995115058544	208.0
369.94995168992233	206.0
369.9599522292592	206.0
369.9699527685961	206.0
369.97995330793304	203.0
369.98995384726993	203.0
369.9999543866068	203.0
370.0099549259437	203.0
370.01995546528065	206.0
370.02995600461753	203.0
370.0399565439544	203.0
370.0499570832913	201.0
370.05995762262825	201.0
370.06995816196513	199.0
370.079958701302	199.0
370.0899592406389	199.0
370.09995977997585	201.0
370.10996031931273	203.0
370.1199608586496	208.0
370.1299613979865	213.0
370.1399619373234	218.0
370.14996247666033	223.0
370.1599630159972	226.0
370.1699635553341	228.0
370.179964094671	228.0
370.18996463400794	228.0
370.1999651733448	228.0
370.2099657126817	226.0
370.2199662520186	226.0
370.22996679135554	223.0
370.2399673306924	220.0
370.2499678700293	220.0
370.2599684093662	220.0
370.26996894870314	223.0
370.27996948804	223.0
370.2899700273769	226.0
370.2999705667138	226.0
370.3099711060507	226.0
370.3199716453876	223.0
370.3299721847245	223.0
370.3399727240614	0.0
370.3499732633983	0.0
370.3599738027352	0.0
370.3699743420721	0.0
370.379974881409	0.0
370.3899754207459	0.0
370.3999759600828	0.0
370.4099764994197	0.0
370.4199770387566	0.0
370.4299775780935	0.0
370.4399781174304	0.0
370.4499786567673	0.0
370.4599791961042	0.0
370.4699797354411	256.0
370.479980274778	253.0
370.4899808141149	253.0
370.4999813534518	250.0
370.5099818927887	250.0
370.5199824321256	248.0
370.5299829714625	248.0
370.5399835107994	248.0
370.5499840501363	248.0
370.5599845894732	248.0
370.5699851288101	250.0
370.579985668147	250.0
370.5899862074839	250.0
370.5999867468208	253.0
370.6099872861577	253.0
370.6199878254946	253.0
370.6299883648315	253.0
370.6399889041684	256.0
370.6499894435053	256.0
370.6599899828422	256.0
370.6699905221791	256.0
370.679991061516	256.0
370.68999160085286	256.0
370.6999921401898	253.0
370.7099926795267	253.0
370.7199932188636	253.0
370.72999375820046	253.0
370.7399942975374	253.0
370.7499948368743	253.0
370.7599953762112	253.0
370.76999591554807	253.0
370.779996454885	253.0
370.7899969942219	253.0
370.7999975335588	253.0
370.80999807289567	253.0
370.8199986122326	253.0
370.8299991515695	253.0
370.8399996909064	253.0
370.85000023024327	253.0
370.86000076958015	253.0
370.8700013089171	253.0
370.880001848254	253.0
370.89000238759087	253.0
370.90000292692775	253.0
370.9100034662647	253.0
370.9200040056016	253.0
370.93000454493847	253.0
370.94000508427536	253.0
370.9500056236123	253.0
370.9600061629492	253.0
370.97000670228607	253.0
370.98000724162296	256.0
370.9900077809599	253.0
371.0000083202968	253.0
371.0100088596337	253.0
371.02000939897056	250.0
371.03000993830744	248.0
371.0400104776444	245.0
371.0500110169813	245.0
371.06001155631816	239.0
371.07001209565504	239.0
371.080012634992	236.0
371.0900131743289	236.0
371.10001371366576	239.0
371.11001425300265	242.0
371.1200147923396	248.0
371.1300153316765	250.0
371.14001587101336	256.0
371.15001641035025	262.0
371.1600169496872	265.0
371.1700174890241	268.0
371.18001802836096	265.0
371.19001856769785	265.0
371.20001910703473	262.0
371.2100196463717	259.0
371.22002018570856	256.0
371.23002072504545	256.0
371.24002126438234	256.0
371.2500218037193	256.0
371.26002234305616	256.0
371.27002288239305	256.0
371.28002342172994	256.0
371.2900239610669	256.0
371.30002450040377	256.0
371.31002503974065	256.0
371.32002557907754	256.0
371.3300261184145	259.0
371.34002665775137	259.0
371.35002719708825	259.0
371.36002773642514	259.0
371.3700282757621	259.0
371.38002881509897	256.0
371.39002935443585	253.0
371.40002989377274	248.0
371.4100304331096	245.0
371.42003097244657	239.0
371.43003151178345	0.0
371.44003205112034	0.0
371.4500325904572	0.0
371.46003312979417	0.0
371.47003366913106	0.0
371.48003420846794	0.0
371.4900347478048	0.0
371.50003528714177	0.0
371.51003582647866	0.0
371.52003636581554	0.0
371.53003690515243	0.0
371.54003744448937	0.0
371.55003798382626	0.0
371.56003852316314	0.0
371.57003906250003	0.0
371.5800396018369	0.0
371.59004014117386	0.0
371.60004068051074	0.0
371.61004121984763	0.0
371.6200417591845	0.0
371.63004229852146	0.0
371.64004283785835	0.0
371.65004337719523	0.0
371.6600439165321	0.0
371.67004445586906	0.0
371.68004499520595	0.0
371.69004553454283	0.0
371.7000460738797	0.0
371.71004661321666	0.0
371.72004715255355	0.0
371.73004769189043	0.0
371.7400482312273	0.0
371.7500487705642	0.0
371.76004930990115	0.0
371.77004984923803	0.0
371.7800503885749	0.0
371.7900509279118	0.0
371.80005146724875	0.0
371.81005200658564	0.0
371.8200525459225	284.0
371.8300530852594	284.0
371.84005362459635	284.0
371.85005416393324	278.0
371.8600547032701	275.0
371.870055242607	272.0
371.88005578194395	268.0
371.89005632128084	265.0
371.9000568606177	262.0
371.9100573999546	259.0
371.92005793929155	259.0
371.93005847862844	256.0
371.9400590179653	256.0
371.9500595573022	253.0
371.9600600966391	253.0
371.97006063597604	253.0
371.9800611753129	253.0
371.9900617146498	253.0
372.0000622539867	253.0
372.01006279332364	250.0
372.0200633326605	250.0
372.0300638719974	250.0
372.0400644113343	250.0
372.05006495067124	250.0
372.0600654900081	250.0
372.070066029345	250.0
372.0800665686819	250.0
372.09006710801884	253.0
372.10006764735573	253.0
372.1100681866926	256.0
372.1200687260295	256.0
372.1300692653664	262.0
372.14006980470333	268.0
372.1500703440402	272.0
372.1600708833771	278.0
372.170071422714	281.0
372.18007196205093	281.0
372.1900725013878	278.0
372.2000730407247	275.0
372.2100735800616	272.0
372.22007411939853	268.0
372.2300746587354	265.0
372.2400751980723	262.0
372.2500757374092	259.0
372.26007627674613	256.0
372.270076816083	256.0
372.2800773554199	253.0
372.2900778947568	253.0
372.3000784340937	253.0
372.3100789734306	253.0
372.3200795127675	253.0
372.3300800521044	253.0
372.3400805914413	253.0
372.3500811307782	253.0
372.3600816701151	253.0
372.370082209452	253.0
372.3800827487889	253.0
372.3900832881258	253.0
372.4000838274627	256.0
372.4100843667996	262.0
372.4200849061365	278.0
372.4300854454734	291.0
372.4400859848103	298.0
372.4500865241472	305.0
372.4600870634841	312.0
372.47008760282097	316.0
372.4800881421579	316.0
372.4900886814948	312.0
372.5000892208317	308.0
372.51008976016857	301.0
372.5200902995055	294.0
372.5300908388424	288.0
372.5400913781793	281.0
372.55009191751617	272.0
372.5600924568531	265.0
372.57009299619	262.0
372.5800935355269	259.0
372.59009407486377	259.0
372.6000946142007	256.0
372.6100951535376	256.0
372.6200956928745	253.0
372.6300962322114	253.0
372.6400967715483	253.0
372.6500973108852	253.0
372.6600978502221	253.0
372.670098389559	253.0
372.68009892889586	253.0
372.6900994682328	253.0
372.7001000075697	253.0
372.7101005469066	253.0
372.72010108624346	253.0
372.7301016255804	253.0
372.7401021649173	253.0
372.7501027042542	253.0
372.76010324359106	253.0
372.770103782928	256.0
372.7801043222649	256.0
372.7901048616018	259.0
372.80010540093866	262.0
372.8101059402756	265.0
372.8201064796125	268.0
372.8301070189494	272.0
372.84010755828626	272.0
372.85010809762315	272.0
372.8601086369601	272.0
372.870109176297	268.0
372.88010971563386	268.0
372.89011025497075	265.0
372.9001107943077	262.0
372.9101113336446	256.0
372.92011187298147	253.0
372.93011241231835	248.0
372.9401129516553	245.0
372.9501134909922	242.0
372.96011403032907	239.0
372.97011456966595	239.0
372.9801151090029	236.0
372.9901156483398	234.0
373.00011618767667	234.0
373.01011672701355	231.0
373.02011726635044	231.0
373.0301178056874	228.0
373.04011834502427	228.0
373.05011888436115	228.0
373.06011942369804	228.0
373.070119963035	228.0
373.08012050237187	228.0
373.09012104170876	228.0
373.10012158104564	226.0
373.1101221203826	226.0
373.12012265971947	226.0
373.13012319905636	226.0
373.14012373839324	226.0
373.1501242777302	228.0
373.16012481706707	231.0
373.17012535640396	262.0
373.18012589574084	265.0
373.1901264350778	265.0
373.2001269744147	262.0
373.21012751375156	259.0
373.22012805308844	256.0
373.23012859242533	253.0
373.2401291317623	250.0
373.25012967109916	248.0
373.26013021043605	242.0
373.27013074977293	239.0
373.2801312891099	234.0
373.29013182844676	231.0
373.30013236778365	231.0
373.31013290712053	228.0
373.3201334464575	228.0
373.33013398579436	228.0
373.34013452513125	228.0
373.35013506446813	226.0
373.3601356038051	226.0
373.37013614314196	226.0
373.38013668247885	226.0
373.39013722181573	228.0
373.4001377611526	231.0
373.41013830048956	234.0
373.42013883982645	236.0
373.43013937916334	239.0
373.4401399185002	242.0
373.45014045783716	245.0
373.46014099717405	248.0
373.47014153651094	248.0
373.4801420758478	248.0
373.49014261518477	245.0
373.50014315452165	242.0
373.51014369385854	239.0
373.5201442331954	236.0
373.53014477253237	234.0
373.54014531186925	228.0
373.55014585120614	226.0
373.560146390543	226.0
373.5701469298799	223.0
373.58014746921685	223.0
373.59014800855374	226.0
373.6001485478906	228.0
373.6101490872275	231.0
373.62014962656446	234.0
373.63015016590134	239.0
373.6401507052382	242.0
373.6501512445751	248.0
373.66015178391206	253.0
373.67015232324894	259.0
373.6801528625858	262.0
373.6901534019227	265.0
373.70015394125966	268.0
373.71015448059654	268.0
373.72015501993343	268.0
373.7301555592703	265.0
373.7401560986072	262.0
373.75015663794414	259.0
373.76015717728103	256.0
373.7701577166179	250.0
373.7801582559548	248.0
373.79015879529175	245.0
373.80015933462863	242.0
373.8101598739655	239.0
373.8201604133024	236.0
373.83016095263935	236.0
373.84016149197623	236.0
373.8501620313131	242.0
373.86016257065	248.0
373.87016310998695	256.0
373.88016364932383	265.0
373.8901641886607	275.0
373.9001647279976	284.0
373.91016526733455	291.0
373.92016580667143	294.0
373.9301663460083	301.0
373.9401668853452	305.0
373.9501674246821	305.0
373.96016796401904	308.0
373.9701685033559	308.0
373.9801690426928	305.0
373.9901695820297	305.0
374.00017012136664	301.0
374.0101706607035	301.0
374.0201712000404	301.0
374.0301717393773	301.0
374.04017227871424	301.0
374.0501728180511	301.0
374.060173357388	305.0
374.0701738967249	305.0
374.08017443606184	305.0
374.0901749753987	305.0
374.1001755147356	301.0
374.1101760540725	301.0
374.1201765934094	301.0
374.1301771327463	301.0
374.1401776720832	301.0
374.1501782114201	301.0
374.160178750757	301.0
374.1701792900939	301.0
374.1801798294308	301.0
374.1901803687677	301.0
374.2001809081046	301.0
374.2101814474415	301.0
374.2201819867784	301.0
374.2301825261153	301.0
374.2401830654522	301.0
374.25018360478913	305.0
374.260184144126	305.0
374.2701846834629	305.0
374.2801852227998	305.0
374.2901857621367	305.0
374.3001863014736	301.0
374.3101868408105	301.0
374.3201873801474	298.0
374.3301879194843	291.0
374.3401884588212	288.0
374.3501889981581	278.0
374.360189537495	262.0
374.3701900768319	250.0
374.3801906161688	245.0
374.3901911555057	239.0
374.4001916948426	231.0
374.4101922341795	228.0
374.4201927735164	0.0
374.4301933128533	0.0
374.4401938521902	0.0
374.4501943915271	0.0
374.46019493086396	0.0
374.4701954702009	0.0
374.4801960095378	0.0
374.4901965488747	0.0
374.50019708821156	0.0
374.5101976275485	0.0
374.5201981668854	298.0
374.5301987062223	298.0
374.54019924555917	294.0
374.5501997848961	294.0
374.560200324233	298.0
374.5702008635699	305.0
374.58020140290677	308.0
374.5902019422437	312.0
374.6002024815806	308.0
374.6102030209175	308.0
374.62020356025437	305.0
374.6302040995913	305.0
374.6402046389282	301.0
374.6502051782651	301.0
374.66020571760197	301.0
374.67020625693885	301.0
374.6802067962758	301.0
374.6902073356127	305.0
374.70020787494957	305.0
374.71020841428646	305.0
374.7202089536234	305.0
374.7302094929603	301.0
374.74021003229717	301.0
374.75021057163406	298.0
374.760211110971	298.0
374.7702116503079	294.0
374.78021218964477	291.0
374.79021272898166	284.0
374.8002132683186	278.0
374.8102138076555	268.0
374.8202143469924	262.0
374.83021488632926	259.0
374.84021542566614	253.0
374.8502159650031	250.0
374.86021650434	245.0
374.87021704367686	239.0
374.88021758301375	236.0
374.8902181223507	236.0
374.9002186616876	239.0
374.91021920102446	242.0
374.92021974036135	248.0
374.9302202796983	250.0
374.9402208190352	259.0
374.95022135837206	268.0
374.96022189770895	275.0
374.9702224370459	284.0
374.9802229763828	291.0
374.99022351571966	294.0
375.00022405505655	298.0
375.01022459439343	298.0
375.0202251337304	298.0
375.03022567306726	301.0
375.04022621240415	301.0
375.05022675174104	301.0
375.060227291078	298.0
375.07022783041486	298.0
375.08022836975175	298.0
375.09022890908864	298.0
375.1002294484256	298.0
375.11022998776247	298.0
375.12023052709935	301.0
375.13023106643624	301.0
375.1402316057732	301.0
375.15023214511007	301.0
375.16023268444695	301.0
375.17023322378384	301.0
375.1802337631208	301.0
375.19023430245767	301.0
375.20023484179455	301.0
375.21023538113144	301.0
375.2202359204683	301.0
375.23023645980527	301.0
375.24023699914216	301.0
375.25023753847904	301.0
375.2602380778159	301.0
375.27023861715287	301.0
375.28023915648976	301.0
375.29023969582664	301.0
375.3002402351635	301.0
375.31024077450047	301.0
375.32024131383736	301.0
375.33024185317424	301.0
375.34024239251113	301.0
375.3502429318481	301.0
375.36024347118496	301.0
375.37024401052184	301.0
375.38024454985873	301.0
375.3902450891956	301.0
375.40024562853256	301.0
375.41024616786945	301.0
375.42024670720633	301.0
375.4302472465432	301.0
375.44024778588016	301.0
375.45024832521705	301.0
375.46024886455393	301.0
375.4702494038908	301.0
375.48024994322776	301.0
375.49025048256465	301.0
375.50025102190153	298.0
375.5102515612384	298.0
375.52025210057536	298.0
375.53025263991225	298.0
375.54025317924913	298.0
375.550253718586	298.0
375.5602542579229	298.0
375.57025479725985	301.0
375.58025533659674	301.0
375.5902558759336	301.0
375.6002564152705	301.0
375.61025695460745	301.0
375.62025749394434	301.0
375.6302580332812	301.0
375.6402585726181	301.0
375.65025911195505	305.0
375.66025965129194	305.0
375.6702601906288	301.0
375.6802607299657	301.0
375.69026126930265	301.0
375.70026180863954	301.0
375.7102623479764	301.0
375.7202628873133	301.0
375.7302634266502	301.0
375.74026396598714	301.0
375.750264505324	298.0
375.7602650446609	288.0
375.7702655839978	278.0
375.78026612333474	278.0
375.7902666626716	281.0
375.8002672020085	288.0
375.8102677413454	298.0
375.82026828068234	301.0
375.8302688200192	301.0
375.8402693593561	301.0
375.850269898693	301.0
375.86027043802994	301.0
375.87027097736683	301.0
375.8802715167037	305.0
375.8902720560406	305.0
375.90027259537754	305.0
375.91027313471443	305.0
375.9202736740513	305.0
375.9302742133882	305.0
375.9402747527251	305.0
375.95027529206203	301.0
375.9602758313989	301.0
375.9702763707358	301.0
375.9802769100727	298.0
375.99027744940963	294.0
376.0002779887465	291.0
376.0102785280834	288.0
376.0202790674203	278.0
376.03027960675723	268.0
376.0402801460941	262.0
376.050280685431	256.0
376.0602812247679	253.0
376.07028176410483	248.0
376.0802823034417	245.0
376.0902828427786	245.0
376.1002833821155	245.0
376.1102839214524	245.0
376.1202844607893	248.0
376.1302850001262	250.0
376.1402855394631	253.0
376.1502860788	259.0
376.1602866181369	265.0
376.1702871574738	272.0
376.1802876968107	278.0
376.1902882361476	281.0
376.2002887754845	288.0
376.2102893148214	288.0
376.2202898541583	288.0
376.2302903934952	284.0
376.2402909328321	281.0
376.250291472169	275.0
376.2602920115059	272.0
376.2702925508428	265.0
376.28029309017967	262.0
376.2902936295166	262.0
376.3002941688535	259.0
376.3102947081904	256.0
376.32029524752727	253.0
376.3302957868642	253.0
376.3402963262011	253.0
376.350296865538	250.0
376.36029740487487	250.0
376.3702979442118	250.0
376.3802984835487	250.0
376.3902990228856	250.0
376.4002995622225	253.0
376.4103001015594	259.0
376.4203006408963	262.0
376.4303011802332	272.0
376.4403017195701	281.0
376.450302258907	288.0
376.4603027982439	291.0
376.4703033375808	294.0
376.4803038769177	298.0
376.49030441625456	294.0
376.5003049555915	294.0
376.5103054949284	291.0
376.5203060342653	288.0
376.53030657360216	281.0
376.5403071129391	272.0
376.550307652276	265.0
376.5603081916129	259.0
376.57030873094976	256.0
376.5803092702867	256.0
376.5903098096236	256.0
376.6003103489605	253.0
376.61031088829736	253.0
376.6203114276343	253.0
376.6303119669712	256.0
376.6403125063081	256.0
376.65031304564496	256.0
376.66031358498185	256.0
376.6703141243188	256.0
376.6803146636557	259.0
376.69031520299256	259.0
376.70031574232945	265.0
376.7103162816664	272.0
376.7203168210033	281.0
376.73031736034017	291.0
376.74031789967705	298.0
376.750318439014	312.0
376.7603189783509	327.0
376.77031951768777	338.0
376.78032005702465	354.0
376.7903205963616	363.0
376.8003211356985	367.0
376.81032167503537	367.0
376.82032221437225	367.0
376.83032275370914	363.0
376.8403232930461	358.0
376.85032383238297	354.0
376.86032437171986	346.0
376.87032491105674	342.0
376.8803254503937	338.0
376.89032598973057	334.0
376.90032652906746	334.0
376.91032706840434	334.0
376.9203276077413	334.0
376.93032814707817	334.0
376.94032868641506	338.0
376.95032922575194	338.0
376.9603297650889	338.0
376.9703303044258	342.0
376.98033084376266	342.0
376.99033138309954	346.0
377.00033192243643	350.0
377.0103324617734	358.0
377.02033300111026	367.0
377.03033354044715	380.0
377.04033407978403	389.0
377.050334619121	393.0
377.06033515845786	393.0
377.07033569779475	393.0
377.08033623713163	389.0
377.0903367764686	380.0
377.10033731580546	358.0
377.11033785514235	342.0
377.12033839447923	327.0
377.1303389338162	316.0
377.14033947315306	312.0
377.15034001248995	308.0
377.16034055182683	305.0
377.1703410911638	301.0
377.18034163050066	301.0
377.19034216983755	301.0
377.20034270917444	301.0
377.2103432485113	301.0
377.22034378784826	305.0
377.23034432718515	305.0
377.24034486652204	305.0
377.2503454058589	305.0
377.26034594519587	305.0
377.27034648453275	305.0
377.28034702386964	305.0
377.2903475632065	305.0
377.30034810254347	305.0
377.31034864188035	305.0
377.32034918121724	305.0
377.3303497205541	305.0
377.34035025989107	305.0
377.35035079922795	305.0
377.36035133856484	305.0
377.3703518779017	305.0
377.3803524172386	308.0
377.39035295657555	308.0
377.40035349591244	305.0
377.4103540352493	301.0
377.4203545745862	291.0
377.43035511392316	288.0
377.44035565326004	294.0
377.4503561925969	298.0
377.4603567319338	305.0
377.47035727127076	308.0
377.48035781060764	312.0
377.49035834994453	316.0
377.5003588892814	323.0
377.51035942861836	0.0
377.52035996795524	0.0
377.53036050729213	0.0
377.540361046629	0.0
377.5503615859659	0.0
377.56036212530285	0.0
377.57036266463973	0.0
377.5803632039766	0.0
377.5903637433135	0.0
377.60036428265045	0.0
377.61036482198733	0.0
377.6203653613242	0.0
377.6303659006611	0.0
377.64036643999805	0.0
377.65036697933493	0.0
377.6603675186718	0.0
377.6703680580087	0.0
377.68036859734565	0.0
377.69036913668253	0.0
377.7003696760194	0.0
377.7103702153563	0.0
377.72037075469325	0.0
377.73037129403014	0.0
377.740371833367	0.0
377.7503723727039	298.0
377.7603729120408	301.0
377.77037345137774	305.0
377.7803739907146	308.0
377.7903745300515	312.0
377.8003750693884	312.0
377.81037560872534	312.0
377.8203761480622	312.0
377.8303766873991	308.0
377.840377226736	308.0
377.85037776607294	305.0
377.8603783054098	305.0
377.8703788447467	305.0
377.8803793840836	305.0
377.89037992342054	305.0
377.9003804627574	305.0
377.9103810020943	308.0
377.9203815414312	305.0
377.9303820807681	305.0
377.940382620105	305.0
377.9503831594419	305.0
377.9603836987788	301.0
377.9703842381157	301.0
377.9803847774526	298.0
377.9903853167895	298.0
378.0003858561264	294.0
378.0103863954633	291.0
378.02038693480023	284.0
378.0303874741371	275.0
378.040388013474	262.0
378.0503885528109	253.0
378.06038909214783	245.0
378.0703896314847	239.0
378.0803901708216	236.0
378.0903907101585	236.0
378.1003912494954	239.0
378.1103917888323	245.0
378.1203923281692	250.0
378.1303928675061	259.0
378.140393406843	268.0
378.1503939461799	281.0
378.1603944855168	294.0
378.1703950248537	298.0
378.1803955641906	305.0
378.1903961035275	308.0
378.2003966428644	308.0
378.2103971822013	308.0
378.2203977215382	308.0
378.2303982608751	301.0
378.240398800212	294.0
378.2503993395489	291.0
378.2603998788858	284.0
378.27040041822266	278.0
378.2804009575596	272.0
378.2904014968965	262.0
378.3004020362334	256.0
378.31040257557027	253.0
378.3204031149072	250.0
378.3304036542441	248.0
378.340404193581	245.0
378.35040473291787	245.0
378.3604052722548	245.0
378.3704058115917	248.0
378.3804063509286	250.0
378.39040689026547	256.0
378.4004074296024	262.0
378.4104079689393	272.0
378.4204085082762	288.0
378.43040904761307	298.0
378.44040958695	301.0
378.4504101262869	305.0
378.4604106656238	308.0
378.47041120496067	305.0
378.48041174429756	305.0
378.4904122836345	301.0
378.5004128229714	294.0
378.51041336230827	291.0
378.52041390164516	284.0
378.5304144409821	278.0
378.540414980319	272.0
378.55041551965587	265.0
378.56041605899276	262.0
378.5704165983297	259.0
378.5804171376666	256.0
378.5904176770035	253.0
378.60041821634036	253.0
378.6104187556773	253.0
378.6204192950142	253.0
378.6304198343511	253.0
378.64042037368796	253.0
378.65042091302485	256.0
378.6604214523618	262.0
378.6704219916987	275.0
378.68042253103556	288.0
378.69042307037245	312.0
378.7004236097094	331.0
378.7104241490463	346.0
378.72042468838316	363.0
378.73042522772005	380.0
378.740425767057	393.0
378.7504263063939	393.0
378.76042684573076	393.0
378.77042738506765	380.0
378.7804279244046	367.0
378.7904284637415	342.0
378.80042900307836	323.0
378.81042954241525	312.0
378.82043008175214	305.0
378.8304306210891	301.0
378.84043116042596	301.0
378.85043169976285	301.0
378.86043223909974	301.0
378.8704327784367	301.0
378.88043331777357	301.0
378.89043385711045	301.0
378.90043439644734	301.0
378.9104349357843	301.0
378.92043547512117	301.0
378.93043601445805	301.0
378.94043655379494	301.0
378.9504370931319	301.0
378.96043763246877	301.0
378.97043817180565	305.0
378.98043871114254	305.0
378.9904392504795	305.0
379.00043978981637	305.0
379.01044032915325	301.0
379.02044086849014	294.0
379.030441407827	281.0
379.04044194716397	262.0
379.05044248650086	256.0
379.06044302583774	253.0
379.0704435651746	253.0
379.08044410451157	256.0
379.09044464384846	262.0
379.10044518318534	275.0
379.11044572252223	291.0
379.1204462618592	301.0
379.13044680119606	305.0
379.14044734053294	305.0
379.15044787986983	308.0
379.1604484192068	308.0
379.17044895854366	308.0
379.18044949788055	308.0
379.19045003721743	308.0
379.2004505765543	305.0
379.21045111589126	305.0
379.22045165522815	305.0
379.23045219456503	305.0
379.2404527339019	305.0
379.25045327323886	301.0
379.26045381257575	301.0
379.27045435191263	301.0
379.2804548912495	301.0
379.29045543058646	301.0
379.30045596992335	298.0
379.31045650926023	294.0
379.3204570485971	291.0
379.33045758793406	284.0
379.34045812727095	278.0
379.35045866660784	268.0
379.3604592059447	259.0
379.3704597452816	253.0
379.38046028461855	250.0
379.39046082395544	248.0
379.4004613632923	245.0
379.4104619026292	245.0
379.42046244196615	242.0
379.43046298130304	242.0
379.4404635206399	245.0
379.4504640599768	248.0
379.46046459931375	253.0
379.47046513865064	262.0
379.4804656779875	272.0
379.4904662173244	284.0
379.50046675666135	294.0
379.51046729599824	298.0
379.5204678353351	305.0
379.530468374672	308.0
379.5404689140089	308.0
379.55046945334584	308.0
379.5604699926827	308.0
379.5704705320196	301.0
379.5804710713565	294.0
379.59047161069344	288.0
379.6004721500303	281.0
379.6104726893672	278.0
379.6204732287041	272.0
379.63047376804104	265.0
379.64047430737793	259.0
379.6504748467148	253.0
379.6604753860517	250.0
379.67047592538864	248.0
379.68047646472553	248.0
379.6904770040624	248.0
379.7004775433993	248.0
379.71047808273624	248.0
379.72047862207313	248.0
379.73047916141	250.0
379.7404797007469	256.0
379.7504802400838	262.0
379.76048077942073	275.0
379.7704813187576	288.0
379.7804818580945	298.0
379.7904823974314	301.0
379.80048293676833	305.0
379.8104834761052	308.0
379.8204840154421	305.0
379.830484554779	305.0
379.84048509411593	298.0
379.8504856334528	294.0
379.8604861727897	288.0
379.8704867121266	284.0
379.88048725146353	278.0
379.8904877908004	272.0
379.9004883301373	268.0
379.9104888694742	262.0
379.9204894088111	259.0
379.930489948148	256.0
379.9404904874849	256.0
379.9504910268218	253.0
379.9604915661587	253.0
379.9704921054956	253.0
379.9804926448325	250.0
379.9904931841694	250.0
380.0004937235063	250.0
380.0104942628432	248.0
380.0204948021801	248.0
380.030495341517	248.0
380.0404958808539	248.0
380.0504964201908	248.0
380.0604969595277	250.0
380.0704974988646	253.0
380.0804980382015	259.0
380.09049857753837	262.0
380.1004991168753	268.0
380.1104996562122	275.0
380.1205001955491	275.0
380.13050073488597	278.0
380.1405012742229	278.0
380.1505018135598	275.0
380.1605023528967	272.0
380.17050289223357	268.0
380.1805034315705	265.0
380.1905039709074	262.0
380.2005045102443	256.0
380.2105050495812	253.0
380.2205055889181	248.0
380.230506128255	245.0
380.2405066675919	242.0
380.2505072069288	239.0
380.26050774626566	236.0
380.2705082856026	234.0
380.2805088249395	231.0
380.2905093642764	228.0
380.30050990361326	228.0
380.3105104429502	226.0
380.3205109822871	223.0
380.330511521624	223.0
380.34051206096086	220.0
380.3505126002978	220.0
380.3605131396347	223.0
380.3705136789716	228.0
380.38051421830846	234.0
380.3905147576454	239.0
380.4005152969823	245.0
380.4105158363192	250.0
380.42051637565606	253.0
380.430516914993	253.0
380.4405174543299	253.0
380.4505179936668	248.0
380.46051853300366	242.0
380.47051907234055	231.0
380.4805196116775	218.0
380.4905201510144	208.0
380.50052069035127	201.0
380.51052122968815	196.0
380.5205217690251	196.0
380.530522308362	199.0
380.54052284769887	201.0
380.55052338703575	203.0
380.5605239263727	203.0
380.5705244657096	203.0
380.58052500504647	203.0
380.59052554438335	203.0
380.6005260837203	203.0
380.6105266230572	201.0
380.62052716239407	201.0
380.63052770173095	201.0
380.64052824106784	201.0
380.6505287804048	201.0
380.66052931974167	201.0
380.67052985907856	201.0
380.68053039841544	201.0
380.6905309377524	201.0
380.70053147708927	201.0
380.71053201642616	201.0
380.72053255576304	201.0
380.7305330951	201.0
380.7405336344369	201.0
380.75053417377376	203.0
380.76053471311064	206.0
380.7705352524476	208.0
380.7805357917845	213.0
380.79053633112136	220.0
380.80053687045825	226.0
380.81053740979513	234.0
380.8205379491321	242.0
380.83053848846896	248.0
380.84053902780585	253.0
380.85053956714273	253.0
380.8605401064797	256.0
380.87054064581656	253.0
380.88054118515345	250.0
380.89054172449033	248.0
380.9005422638273	245.0
380.91054280316416	239.0
380.92054334250105	236.0
380.93054388183793	234.0
380.9405444211749	231.0
380.95054496051176	228.0
380.96054549984865	226.0
380.97054603918554	226.0
380.9805465785225	226.0
380.99054711785936	223.0
381.00054765719625	223.0
381.01054819653314	223.0
381.02054873587	223.0
381.03054927520697	223.0
381.04054981454385	223.0
381.05055035388074	223.0
381.0605508932176	223.0
381.07055143255457	223.0
381.08055197189145	223.0
381.09055251122834	223.0
381.1005530505652	223.0
381.11055358990217	223.0
381.12055412923905	223.0
381.13055466857594	223.0
381.1405552079128	226.0
381.15055574724977	226.0
381.16055628658665	228.0
381.17055682592354	231.0
381.1805573652604	234.0
381.1905579045973	239.0
381.20055844393426	242.0
381.21055898327114	245.0
381.220559522608	245.0
381.2305600619449	245.0
381.24056060128186	242.0
381.25056114061874	239.0
381.26056167995563	236.0
381.2705622192925	234.0
381.28056275862946	231.0
381.29056329796634	228.0
381.30056383730323	228.0
381.3105643766401	228.0
381.32056491597706	228.0
381.33056545531394	228.0
381.34056599465083	228.0
381.3505665339877	228.0
381.3605670733246	228.0
381.37056761266155	228.0
381.38056815199843	226.0
381.3905686913353	226.0
381.4005692306722	228.0
381.41056977000915	228.0
381.42057030934603	231.0
381.4305708486829	234.0
381.4405713880198	239.0
381.45057192735675	245.0
381.46057246669363	248.0
381.4705730060305	250.0
381.4805735453674	253.0
381.49057408470435	253.0
381.50057462404123	250.0
381.5105751633781	250.0
381.520575702715	248.0
381.5305762420519	245.0
381.54057678138884	239.0
381.5505773207257	236.0
381.5605778600626	234.0
381.5705783993995	231.0
381.58057893873644	231.0
381.5905794780733	228.0
381.6005800174102	228.0
381.6105805567471	228.0
381.62058109608404	226.0
381.6305816354209	226.0
381.6405821747578	226.0
381.6505827140947	226.0
381.66058325343164	228.0
381.6705837927685	234.0
381.6805843321054	239.0
381.6905848714423	242.0
381.70058541077924	248.0
381.7105859501161	250.0
381.720586489453	250.0
381.7305870287899	250.0
381.7405875681268	248.0
381.7505881074637	242.0
381.7605886468006	236.0
381.7705891861375	234.0
381.7805897254744	231.0
381.7905902648113	228.0
381.8005908041482	228.0
381.8105913434851	226.0
381.820591882822	226.0
381.83059242215893	226.0
381.8405929614958	226.0
381.8505935008327	223.0
381.8605940401696	0.0
381.87059457950653	0.0
381.8805951188434	0.0
381.8905956581803	0.0
381.9005961975172	0.0
381.9105967368541	0.0
381.920597276191	0.0
381.9305978155279	0.0
381.9405983548648	0.0
381.9505988942017	0.0
381.9605994335386	0.0
381.9705999728755	0.0
381.9806005122124	0.0
381.9906010515493	0.0
382.0006015908862	0.0
382.0106021302231	0.0
382.02060266956	0.0
382.0306032088969	0.0
382.0406037482338	0.0
382.0506042875707	0.0
382.0606048269076	0.0
382.0706053662445	0.0
382.08060590558136	0.0
382.0906064449183	0.0
382.1006069842552	0.0
382.1106075235921	0.0
382.12060806292897	0.0
382.1306086022659	0.0
382.1406091416028	0.0
382.1506096809397	0.0
382.16061022027657	0.0
382.1706107596135	0.0
382.1806112989504	0.0
382.1906118382873	0.0
382.20061237762417	0.0
382.2106129169611	0.0
382.220613456298	0.0
382.2306139956349	0.0
382.24061453497177	0.0
382.2506150743087	0.0
382.2606156136456	0.0
382.2706161529825	0.0
382.28061669231937	0.0
382.29061723165626	0.0
382.3006177709932	0.0
382.3106183103301	0.0
382.32061884966697	0.0
382.33061938900386	0.0
382.3406199283408	0.0
382.3506204676777	0.0
382.3606210070146	0.0
382.37062154635146	0.0
382.3806220856884	0.0
382.3906226250253	0.0
382.4006231643622	0.0
382.41062370369906	0.0
382.420624243036	0.0
382.4306247823729	0.0
382.4406253217098	0.0
382.45062586104666	0.0
382.46062640038355	0.0
382.4706269397205	0.0
382.4806274790574	0.0
382.49062801839426	0.0
382.50062855773115	0.0
382.5106290970681	0.0
382.520629636405	0.0
382.53063017574186	0.0
382.54063071507875	0.0
382.5506312544157	0.0
382.5606317937526	0.0
382.57063233308946	0.0
382.58063287242635	0.0
382.5906334117633	0.0
382.6006339511002	0.0
382.61063449043706	0.0
382.62063502977395	0.0
382.63063556911084	0.0
382.6406361084478	0.0
382.65063664778467	0.0
382.66063718712155	0.0
382.67063772645844	0.0
382.6806382657954	0.0
382.69063880513227	0.0
382.70063934446915	0.0
382.71063988380604	0.0
382.720640423143	0.0
382.73064096247987	0.0
382.74064150181675	0.0
382.75064204115364	0.0
382.7606425804906	0.0
382.77064311982747	0.0
382.78064365916435	0.0
382.79064419850124	0.0
382.8006447378381	281.0
382.81064527717507	275.0
382.82064581651196	272.0
382.83064635584884	272.0
382.8406468951857	268.0
382.85064743452267	268.0
382.86064797385956	265.0
382.87064851319644	262.0
382.88064905253333	259.0
382.8906495918703	256.0
382.90065013120716	256.0
382.91065067054404	253.0
382.92065120988093	253.0
382.9306517492179	250.0
382.94065228855476	250.0
382.95065282789164	250.0
382.96065336722853	250.0
382.9706539065655	250.0
382.98065444590236	248.0
382.99065498523925	248.0
383.00065552457613	250.0
383.010656063913	253.0
383.02065660324996	256.0
383.03065714258685	262.0
383.04065768192373	268.0
383.0506582212606	275.0
383.06065876059756	278.0
383.07065929993445	278.0
383.08065983927133	281.0
383.0906603786082	278.0
383.10066091794516	275.0
383.11066145728205	268.0
383.12066199661894	265.0
383.1306625359558	259.0
383.14066307529276	256.0
383.15066361462965	253.0
383.16066415396654	253.0
383.1706646933034	253.0
383.1806652326403	256.0
383.19066577197725	265.0
383.20066631131414	291.0
383.210666850651	294.0
383.2206673899879	301.0
383.23066792932485	312.0
383.24066846866174	319.0
383.2506690079986	327.0
383.2606695473355	331.0
383.27067008667245	331.0
383.28067062600934	327.0
383.2906711653462	319.0
383.3006717046831	308.0
383.31067224402005	291.0
383.32067278335694	278.0
383.3306733226938	265.0
383.3406738620307	259.0
383.3506744013676	256.0
383.36067494070454	253.0
383.3706754800414	253.0
383.3806760193783	253.0
383.3906765587152	253.0
383.40067709805214	253.0
383.410677637389	256.0
383.4206781767259	256.0
383.4306787160628	259.0
383.44067925539974	262.0
383.45067979473663	262.0
383.4606803340735	268.0
383.4706808734104	272.0
383.48068141274734	275.0
383.49068195208423	278.0
383.5006824914211	278.0
383.510683030758	278.0
383.52068357009495	275.0
383.53068410943183	272.0
383.5406846487687	265.0
383.5506851881056	262.0
383.5606857274425	256.0
383.57068626677943	248.0
383.5806868061163	242.0
383.5906873454532	239.0
383.6006878847901	234.0
383.61068842412703	231.0
383.6206889634639	231.0
383.6306895028008	231.0
383.6406900421377	228.0
383.65069058147463	228.0
383.6606911208115	228.0
383.6706916601484	228.0
383.6806921994853	228.0
383.69069273882224	228.0
383.7006932781591	228.0
383.710693817496	228.0
383.7206943568329	228.0
383.7306948961698	226.0
383.7406954355067	226.0
383.7506959748436	226.0
383.7606965141805	226.0
383.7706970535174	226.0
383.7806975928543	226.0
383.7906981321912	228.0
383.8006986715281	234.0
383.810699210865	236.0
383.8206997502019	242.0
383.8307002895388	245.0
383.8407008288757	248.0
383.8507013682126	248.0
383.8607019075495	248.0
383.8707024468864	245.0
383.8807029862233	242.0
383.8907035255602	239.0
383.90070406489707	234.0
383.910704604234	231.0
383.9207051435709	226.0
383.9307056829078	220.0
383.94070622224467	218.0
383.9507067615816	215.0
383.9607073009185	213.0
383.9707078402554	208.0
383.9807083795923	208.0
383.9907089189292	206.0
384.0007094582661	206.0
384.010709997603	203.0
384.0207105369399	203.0
384.0307110762768	203.0
384.0407116156137	203.0
384.0507121549506	203.0
384.0607126942875	203.0
384.07071323362436	203.0
384.0807137729613	203.0
384.0907143122982	203.0
384.1007148516351	203.0
384.11071539097196	203.0
384.1207159303089	203.0
384.1307164696458	203.0
384.1407170089827	203.0
384.15071754831956	203.0
384.1607180876565	203.0
384.1707186269934	203.0
384.1807191663303	203.0
384.19071970566716	203.0
384.2007202450041	206.0
384.210720784341	206.0
384.2207213236779	206.0
384.23072186301476	206.0
384.2407224023517	206.0
384.2507229416886	206.0
384.2607234810255	206.0
384.27072402036237	206.0
384.28072455969925	206.0
384.2907250990362	206.0
384.3007256383731	206.0
384.31072617770997	206.0
384.32072671704685	203.0
384.3307272563838	203.0
384.3407277957207	203.0
384.35072833505757	201.0
384.36072887439445	203.0
384.3707294137314	206.0
384.3807299530683	208.0
384.39073049240517	213.0
384.40073103174205	220.0
384.410731571079	228.0
384.4207321104159	239.0
384.43073264975277	250.0
384.44073318908966	256.0
384.45073372842654	265.0
384.4607342677635	265.0
384.47073480710037	265.0
384.48073534643726	265.0
384.49073588577414	265.0
384.5007364251111	259.0
384.510736964448	253.0
384.52073750378486	248.0
384.53073804312174	239.0
384.5407385824587	234.0
384.5507391217956	231.0
384.56073966113246	228.0
384.57074020046934	226.0
384.5807407398063	226.0
384.5907412791432	226.0
384.60074181848006	223.0
384.61074235781695	223.0
384.62074289715383	220.0
384.6307434364908	220.0
384.64074397582766	220.0
384.65074451516455	220.0
384.66074505450143	220.0
384.6707455938384	220.0
384.68074613317526	223.0
384.69074667251215	223.0
384.70074721184903	226.0
384.710747751186	228.0
384.72074829052286	234.0
384.73074882985975	236.0
384.74074936919664	239.0
384.7507499085336	245.0
384.76075044787046	248.0
384.77075098720735	250.0
384.78075152654424	250.0
384.7907520658812	250.0
384.80075260521807	250.0
384.81075314455495	248.0
384.82075368389184	245.0
384.8307542232287	245.0
384.84075476256567	242.0
384.85075530190255	239.0
384.86075584123944	236.0
384.8707563805763	234.0
384.88075691991327	231.0
384.89075745925015	228.0
384.90075799858704	223.0
384.9107585379239	220.0
384.92075907726087	215.0
384.93075961659775	213.0
384.94076015593464	208.0
384.9507606952715	206.0
384.96076123460847	203.0
384.97076177394536	201.0
384.98076231328224	199.0
384.9907628526191	196.0
385.000763391956	196.0
385.01076393129296	196.0
385.02076447062984	196.0
385.03076500996673	196.0
385.0407655493036	196.0
385.05076608864056	196.0
385.06076662797744	194.0
385.07076716731433	194.0
385.0807677066512	192.0
385.09076824598816	190.0
385.10076878532504	190.0
385.11076932466193	187.0
385.1207698639988	187.0
385.13077040333576	185.0
385.14077094267265	185.0
385.15077148200953	183.0
385.1607720213464	183.0
385.1707725606833	181.0
385.18077310002025	181.0
385.19077363935713	181.0
385.200774178694	181.0
385.2107747180309	181.0
385.22077525736785	181.0
385.23077579670473	181.0
385.2407763360416	181.0
385.2507768753785	179.0
385.26077741471545	179.0
385.27077795405233	177.0
385.2807784933892	175.0
385.2907790327261	175.0
385.30077957206305	175.0
385.31078011139994	175.0
385.3207806507368	175.0
385.3307811900737	175.0
385.3407817294106	175.0
385.35078226874754	175.0
385.3607828080844	175.0
385.3707833474213	175.0
385.3807838867582	175.0
385.39078442609514	177.0
385.400784965432	179.0
385.4107855047689	181.0
385.4207860441058	183.0
385.43078658344274	185.0
385.4407871227796	185.0
385.4507876621165	187.0
385.4607882014534	187.0
385.47078874079034	187.0
385.4807892801272	187.0
385.4907898194641	185.0
385.500790358801	185.0
385.51079089813794	183.0
385.5207914374748	181.0
385.5307919768117	179.0
385.5407925161486	179.0
385.5507930554855	177.0
385.5607935948224	177.0
385.5707941341593	177.0
385.5807946734962	177.0
385.5907952128331	175.0
385.60079575217003	175.0
385.6107962915069	175.0
385.6207968308438	175.0
385.6307973701807	175.0
385.64079790951763	175.0
385.6507984488545	0.0
385.6607989881914	0.0
385.6707995275283	0.0
385.68080006686523	0.0
385.6908006062021	0.0
385.700801145539	173.0
385.7108016848759	173.0
385.7208022242128	0.0
385.7308027635497	0.0
385.7408033028866	0.0
385.7508038422235	187.0
385.7608043815604	190.0
385.7708049208973	0.0
385.7808054602342	0.0
385.7908059995711	0.0
385.800806538908	0.0
385.8108070782449	0.0
385.8208076175818	0.0
385.8308081569187	0.0
385.8408086962556	0.0
385.8508092355925	0.0
385.8608097749294	0.0
385.8708103142663	0.0
385.8808108536032	0.0
385.89081139294007	0.0
385.900811932277	0.0
385.9108124716139	0.0
385.9208130109508	0.0
385.93081355028767	0.0
385.9408140896246	0.0
385.9508146289615	0.0
385.9608151682984	0.0
385.97081570763527	0.0
385.9808162469722	0.0
385.9908167863091	0.0
386.000817325646	0.0
386.01081786498287	0.0
386.0208184043198	0.0
386.0308189436567	0.0
386.0408194829936	0.0
386.05082002233047	0.0
386.06082056166736	0.0
386.0708211010043	0.0
386.0808216403412	0.0
386.09082217967807	0.0
386.10082271901496	0.0
386.1108232583519	0.0
386.1208237976888	0.0
386.1308243370257	0.0
386.14082487636256	0.0
386.1508254156995	0.0
386.1608259550364	0.0
386.1708264943733	0.0
386.18082703371016	0.0
386.1908275730471	0.0
386.200828112384	0.0
386.2108286517209	0.0
386.22082919105776	0.0
386.2308297303947	0.0
386.2408302697316	0.0
386.2508308090685	0.0
386.26083134840536	0.0
386.27083188774225	0.0
386.2808324270792	0.0
386.2908329664161	0.0
386.30083350575296	0.0
386.31083404508985	0.0
386.3208345844268	0.0
386.3308351237637	0.0
386.34083566310056	0.0
386.35083620243745	0.0
386.3608367417744	0.0
386.3708372811113	0.0
386.38083782044816	0.0
386.39083835978505	0.0
386.400838899122	0.0
386.4108394384589	0.0
386.42083997779577	0.0
386.43084051713265	0.0
386.44084105646954	0.0
386.4508415958065	0.0
386.46084213514337	0.0
386.47084267448025	0.0
386.48084321381714	0.0
386.4908437531541	0.0
386.50084429249097	0.0
386.51084483182785	0.0
386.52084537116474	0.0
386.5308459105017	0.0
386.54084644983857	0.0
386.55084698917545	0.0
386.56084752851234	0.0
386.5708480678493	0.0
386.58084860718617	0.0
386.59084914652306	0.0
386.60084968585994	0.0
386.6108502251968	0.0
386.62085076453377	0.0
386.63085130387066	0.0
386.64085184320754	0.0
386.65085238254443	0.0
386.66085292188137	0.0
386.67085346121826	0.0
386.68085400055514	0.0
386.69085453989203	0.0
386.700855079229	0.0
386.71085561856586	0.0
386.72085615790274	0.0
386.73085669723963	0.0
386.7408572365766	0.0
386.75085777591346	0.0
386.76085831525035	0.0
386.77085885458723	0.0
386.7808593939242	0.0
386.79085993326106	0.0
386.80086047259795	0.0
386.81086101193483	0.0
386.8208615512717	0.0
386.83086209060866	0.0
386.84086262994555	0.0
386.85086316928243	0.0
386.8608637086193	0.0
386.87086424795626	0.0
386.88086478729315	0.0
386.89086532663003	0.0
386.9008658659669	0.0
386.91086640530386	0.0
386.92086694464075	0.0
386.93086748397764	0.0
386.9408680233145	0.0
386.95086856265146	0.0
386.96086910198835	0.0
386.97086964132524	0.0
386.9808701806621	0.0
386.990870719999	0.0
387.00087125933595	0.0
387.01087179867284	0.0
387.0208723380097	0.0
387.0308728773466	0.0
387.04087341668355	0.0
387.05087395602044	0.0
387.0608744953573	0.0
387.0708750346942	0.0
387.08087557403115	0.0
387.09087611336804	0.0
387.1008766527049	0.0
387.1108771920418	0.0
387.12087773137876	0.0
387.13087827071564	0.0
387.1408788100525	0.0
387.1508793493894	0.0
387.1608798887263	0.0
387.17088042806324	0.0
387.1808809674001	0.0
387.190881506737	0.0
387.2008820460739	0.0
387.21088258541084	0.0
387.22088312474773	0.0
387.2308836640846	0.0
387.2408842034215	0.0
387.25088474275844	0.0
387.26088528209533	0.0
387.2708858214322	0.0
387.2808863607691	0.0
387.29088690010605	0.0
387.30088743944293	0.0
387.3108879787798	0.0
387.3208885181167	0.0
387.3308890574536	0.0
387.34088959679053	0.0
387.3508901361274	0.0
387.3608906754643	0.0
387.3708912148012	0.0
387.38089175413813	0.0
387.390892293475	0.0
387.4008928328119	0.0
387.4108933721488	0.0
387.42089391148573	0.0
387.4308944508226	0.0
387.4408949901595	0.0
387.4508955294964	0.0
387.46089606883334	0.0
387.4708966081702	0.0
387.4808971475071	0.0
387.490897686844	0.0
387.50089822618094	0.0
387.5108987655178	0.0
387.5208993048547	0.0
387.5308998441916	0.0
387.5409003835285	0.0
387.5509009228654	0.0
387.5609014622023	0.0
387.5709020015392	0.0
387.5809025408761	0.0
387.590903080213	0.0
387.6009036195499	0.0
387.6109041588868	0.0
387.6209046982237	0.0
387.6309052375606	0.0
387.6409057768975	0.0
387.6509063162344	0.0
387.6609068555713	0.0
387.6709073949082	0.0
387.6809079342451	0.0
387.690908473582	0.0
387.7009090129189	0.0
387.71090955225577	0.0
387.7209100915927	0.0
387.7309106309296	0.0
387.7409111702665	0.0
387.7509117096034	0.0
387.7609122489403	0.0
387.7709127882772	0.0
387.7809133276141	0.0
387.790913866951	0.0
387.8009144062879	0.0
387.8109149456248	0.0
387.8209154849617	0.0
387.8309160242986	0.0
387.8409165636355	0.0
387.8509171029724	0.0
387.8609176423093	0.0
387.8709181816462	0.0
387.88091872098306	0.0
387.89091926032	0.0
387.9009197996569	0.0
387.9109203389938	0.0
387.92092087833066	0.0
387.9309214176676	0.0
387.9409219570045	0.0
387.9509224963414	0.0
387.96092303567826	0.0
387.9709235750152	0.0
387.9809241143521	0.0
387.990924653689	0.0
388.00092519302586	0.0
388.0109257323628	0.0
388.0209262716997	0.0
388.0309268110366	0.0
388.04092735037347	0.0
388.0509278897104	0.0
388.0609284290473	0.0
388.0709289683842	0.0
388.08092950772107	0.0
388.09093004705795	0.0
388.1009305863949	0.0
388.1109311257318	0.0
388.12093166506867	0.0
388.13093220440555	0.0
388.1409327437425	0.0
388.1509332830794	0.0
388.16093382241627	0.0
388.17093436175315	0.0
388.1809349010901	0.0
388.190935440427	0.0
388.20093597976387	0.0
388.21093651910076	0.0
388.2209370584377	0.0
388.2309375977746	0.0
388.24093813711147	0.0
388.25093867644836	0.0
388.26093921578524	0.0
388.2709397551222	0.0
388.28094029445907	0.0
388.29094083379596	0.0
388.30094137313284	0.0
388.3109419124698	0.0
388.3209424518067	0.0
388.33094299114356	0.0
388.34094353048044	0.0
388.3509440698174	0.0
388.3609446091543	0.0
388.37094514849116	0.0
388.38094568782805	0.0
388.390946227165	0.0
388.4009467665019	0.0
388.41094730583876	0.0
388.42094784517565	0.0
388.43094838451253	0.0
388.4409489238495	0.0
388.45094946318636	0.0
388.46095000252325	0.0
388.47095054186013	0.0
388.4809510811971	0.0
388.49095162053396	0.0
388.50095215987085	0.0
388.51095269920773	0.0
388.5209532385447	0.0
388.53095377788156	0.0
388.54095431721845	0.0
388.55095485655534	0.0
388.5609553958923	0.0
388.57095593522916	0.0
388.58095647456605	0.0
388.59095701390294	0.0
388.6009575532398	0.0
388.61095809257677	0.0
388.62095863191365	0.0
388.63095917125054	0.0
388.6409597105874	0.0
388.65096024992437	0.0
388.66096078926125	0.0
388.67096132859814	0.0
388.680961867935	0.0
388.69096240727197	0.0
388.70096294660885	0.0
388.71096348594574	0.0
388.7209640252826	0.0
388.73096456461957	0.0
388.74096510395646	0.0
388.75096564329334	0.0
388.7609661826302	0.0
388.77096672196717	0.0
388.78096726130406	0.0
388.79096780064094	0.0
388.8009683399778	0.0
388.8109688793147	0.0
388.82096941865166	0.0
388.83096995798854	0.0
388.84097049732543	0.0
388.8509710366623	0.0
388.86097157599926	0.0
388.87097211533614	0.0
388.88097265467303	0.0
388.8909731940099	0.0
388.90097373334686	0.0
388.91097427268375	0.0
388.92097481202063	0.0
388.9309753513575	0.0
388.94097589069446	0.0
388.95097643003135	0.0
388.96097696936823	0.0
388.9709775087051	0.0
388.980978048042	0.0
388.99097858737895	0.0
389.00097912671583	0.0
389.0109796660527	0.0
389.0209802053896	0.0
389.03098074472655	0.0
389.04098128406343	0.0
389.0509818234003	0.0
389.0609823627372	0.0
389.07098290207415	0.0
389.08098344141104	0.0
389.0909839807479	0.0
389.1009845200848	0.0
389.11098505942175	0.0
389.12098559875864	0.0
389.1309861380955	0.0
389.1409866774324	0.0
389.1509872167693	0.0
389.16098775610624	0.0
389.1709882954431	0.0
389.18098883478	0.0
389.1909893741169	0.0
389.20098991345384	0.0
389.2109904527907	0.0
389.2209909921276	0.0
389.2309915314645	0.0
389.24099207080144	0.0
389.2509926101383	0.0
389.2609931494752	0.0
389.2709936888121	0.0
389.28099422814904	0.0
389.2909947674859	0.0
389.3009953068228	0.0
389.3109958461597	0.0
389.32099638549664	0.0
389.3309969248335	0.0
389.3409974641704	0.0
389.3509980035073	0.0
389.3609985428442	0.0
389.37099908218113	0.0
389.380999621518	0.0
389.3910001608549	0.0
389.4010007001918	0.0
389.41100123952873	0.0
389.4210017788656	0.0
389.4310023182025	0.0
389.4410028575394	0.0
389.45100339687633	0.0
389.4610039362132	0.0
389.4710044755501	0.0
389.481005014887	0.0
389.49100555422393	0.0
389.5010060935608	0.0
389.5110066328977	0.0
389.5210071722346	0.0
389.5310077115715	0.0
389.5410082509084	0.0
389.5510087902453	0.0
389.5610093295822	0.0
389.5710098689191	0.0
389.581010408256	0.0
389.5910109475929	0.0
389.6010114869298	0.0
389.6110120262667	0.0
389.6210125656036	0.0
389.6310131049405	0.0
389.6410136442774	0.0
389.6510141836143	0.0
389.6610147229512	0.0
389.6710152622881	0.0
389.681015801625	0.0
389.6910163409619	0.0
389.70101688029877	0.0
389.7110174196357	0.0
389.7210179589726	0.0
389.7310184983095	0.0
389.74101903764637	0.0
389.7510195769833	0.0
389.7610201163202	0.0
389.7710206556571	0.0
389.78102119499397	0.0
389.7910217343309	0.0
389.8010222736678	0.0
389.8110228130047	0.0
389.82102335234157	0.0
389.8310238916785	0.0
389.8410244310154	0.0
389.8510249703523	0.0
389.86102550968917	0.0
389.87102604902606	0.0
389.881026588363	0.0
389.8910271276999	0.0
389.9010276670368	0.0
389.91102820637366	0.0
389.9210287457106	0.0
389.9310292850475	0.0
389.9410298243844	0.0
389.95103036372126	0.0
389.9610309030582	0.0
389.9710314423951	0.0
389.981031981732	0.0
389.99103252106886	0.0
390.0010330604058	0.0
390.0110335997427	0.0
390.0210341390796	0.0
390.03103467841646	0.0
390.0410352177534	0.0
390.0510357570903	0.0
390.0610362964272	0.0
390.07103683576406	0.0
390.08103737510095	0.0
390.0910379144379	0.0
390.1010384537748	0.0
390.11103899311166	0.0
390.12103953244855	0.0
390.1310400717855	0.0
390.1410406111224	0.0
390.15104115045926	0.0
390.16104168979615	0.0
390.1710422291331	0.0
390.18104276847	0.0
390.19104330780686	0.0
390.20104384714375	0.0
390.2110443864807	0.0
390.2210449258176	0.0
390.23104546515447	0.0
390.24104600449135	0.0
390.25104654382824	0.0
390.2610470831652	0.0
390.27104762250207	0.0
390.28104816183895	0.0
390.29104870117584	0.0
390.3010492405128	0.0
390.31104977984967	0.0
390.32105031918655	0.0
390.33105085852344	0.0
390.3410513978604	0.0
390.35105193719727	0.0
390.36105247653416	0.0
390.37105301587104	0.0
390.381053555208	0.0
390.39105409454487	0.0
390.40105463388176	0.0
390.41105517321864	0.0
390.4210557125555	0.0
390.43105625189247	0.0
390.44105679122936	0.0
390.45105733056624	0.0
390.46105786990313	0.0
390.4710584092401	0.0
390.48105894857696	0.0
390.49105948791384	0.0
390.50106002725073	0.0
390.5110605665877	0.0
390.52106110592456	0.0
390.53106164526145	0.0
390.54106218459833	0.0
390.5510627239353	0.0
390.56106326327216	0.0
390.57106380260905	0.0
390.58106434194593	0.0
390.5910648812828	0.0
390.60106542061976	0.0
390.61106595995665	0.0
390.62106649929353	0.0
390.6310670386304	0.0
390.64106757796736	0.0
390.65106811730425	0.0
390.66106865664113	0.0
390.671069195978	0.0
390.68106973531496	0.0
390.69107027465185	0.0
390.70107081398874	0.0
390.7110713533256	0.0
390.72107189266256	0.0
390.73107243199945	0.0
390.74107297133634	0.0
390.7510735106732	0.0
390.76107405001017	0.0
390.77107458934705	0.0
390.78107512868394	0.0
390.7910756680208	0.0
390.8010762073577	0.0
390.81107674669465	0.0
390.82107728603154	0.0
390.8310778253684	0.0
390.8410783647053	0.0
390.85107890404225	0.0
390.86107944337914	0.0
390.871079982716	0.0
390.8810805220529	0.0
390.89108106138985	0.0
390.90108160072674	0.0
390.9110821400636	0.0
390.9210826794005	0.0
390.93108321873746	0.0
390.94108375807434	0.0
390.9510842974112	0.0
390.9610848367481	0.0
390.971085376085	0.0
390.98108591542194	0.0
390.99108645475883	0.0
391.0010869940957	0.0
391.0110875334326	0.0
391.02108807276954	0.0
391.03108861210643	0.0
391.0410891514433	0.0
391.0510896907802	0.0
391.06109023011714	0.0
391.07109076945403	0.0
391.0810913087909	0.0
391.0910918481278	0.0
391.10109238746475	0.0
391.11109292680163	0.0
391.1210934661385	0.0
391.1310940054754	0.0
391.1410945448123	0.0
391.15109508414923	0.0
391.1610956234861	0.0
391.171096162823	0.0
391.1810967021599	0.0
391.19109724149683	0.0
391.2010977808337	0.0
391.2110983201706	0.0
391.2210988595075	0.0
391.23109939884444	0.0
391.2410999381813	0.0
391.2511004775182	0.0
391.2611010168551	0.0
391.27110155619204	0.0
391.2811020955289	0.0
391.2911026348658	0.0
391.3011031742027	0.0
391.31110371353964	0.0
391.3211042528765	0.0
391.3311047922134	0.0
391.3411053315503	0.0
391.3511058708872	0.0
391.3611064102241	0.0
391.371106949561	0.0
391.3811074888979	0.0
391.3911080282348	0.0
391.4011085675717	0.0
391.4111091069086	0.0
391.4211096462455	0.0
391.4311101855824	0.0
391.4411107249193	0.0
391.4511112642562	0.0
391.4611118035931	0.0
391.47111234293	0.0
391.4811128822669	0.0
391.4911134216038	0.0
391.5011139609407	0.0
391.5111145002776	0.0
391.5211150396145	0.0
391.5311155789514	0.0
391.5411161182883	0.0
391.5511166576252	0.0
391.5611171969621	0.0
391.571117736299	0.0
391.5811182756359	0.0
391.5911188149728	0.0
391.6011193543097	0.0
391.6111198936466	0.0
391.6211204329835	0.0
391.6311209723204	0.0
391.6411215116573	0.0
391.6511220509942	0.0
391.6611225903311	0.0
391.671123129668	0.0
391.6811236690049	0.0
391.69112420834176	0.0
391.7011247476787	0.0
391.7111252870156	0.0
391.7211258263525	0.0
391.73112636568936	0.0
391.7411269050263	0.0
391.7511274443632	0.0
391.7611279837001	0.0
391.77112852303696	0.0
391.7811290623739	0.0
391.7911296017108	0.0
391.8011301410477	0.0
391.81113068038457	0.0
391.8211312197215	0.0
391.8311317590584	0.0
391.8411322983953	0.0
391.85113283773217	0.0
391.86113337706905	0.0
391.871133916406	0.0
391.8811344557429	0.0
391.89113499507977	0.0
391.90113553441665	0.0
391.9111360737536	0.0
391.9211366130905	0.0
391.93113715242737	0.0
391.94113769176425	0.0
391.9511382311012	0.0
391.9611387704381	0.0
391.97113930977497	0.0
391.98113984911186	0.0
391.9911403884488	0.0
392.0011409277857	0.0
392.01114146712257	0.0
392.02114200645946	0.0
392.0311425457964	0.0
392.0411430851333	0.0
392.05114362447017	0.0
392.06114416380706	0.0
392.07114470314394	0.0
392.0811452424809	0.0
392.0911457818178	0.0
392.10114632115466	0.0
392.11114686049154	0.0
392.1211473998285	0.0
392.1311479391654	0.0
392.14114847850226	0.0
392.15114901783915	0.0
392.1611495571761	0.0
392.171150096513	0.0
392.18115063584986	0.0
392.19115117518675	0.0
392.2011517145237	0.0
392.2111522538606	0.0
392.22115279319746	0.0
392.23115333253435	0.0
392.24115387187123	0.0
392.2511544112082	0.0
392.26115495054506	0.0
392.27115548988195	0.0
392.28115602921883	0.0
392.2911565685558	0.0
392.30115710789266	0.0
392.31115764722955	0.0
392.32115818656644	0.0
392.3311587259034	0.0
392.34115926524026	0.0
392.35115980457715	0.0
392.36116034391404	0.0
392.371160883251	0.0
392.38116142258787	0.0
392.39116196192475	0.0
392.40116250126164	0.0
392.4111630405985	0.0
392.42116357993547	0.0
392.43116411927235	0.0
392.44116465860924	0.0
392.4511651979461	0.0
392.46116573728307	0.0
392.47116627661995	0.0
392.48116681595684	0.0
392.4911673552937	0.0
392.50116789463067	0.0
392.51116843396755	0.0
392.52116897330444	0.0
392.5311695126413	0.0
392.54117005197827	0.0
392.55117059131516	0.0
392.56117113065204	0.0
392.5711716699889	0.0
392.58117220932587	0.0
392.59117274866276	0.0
392.60117328799964	0.0
392.61117382733653	0.0
392.6211743666734	0.0
392.63117490601036	0.0
392.64117544534724	0.0
392.65117598468413	0.0
392.661176524021	0.0
392.67117706335796	0.0
392.68117760269485	0.0
392.69117814203173	0.0
392.7011786813686	0.0
392.71117922070556	0.0
392.72117976004245	0.0
392.73118029937933	0.0
392.7411808387162	0.0
392.75118137805316	0.0
392.76118191739005	0.0
392.77118245672693	0.0
392.7811829960638	0.0
392.7911835354007	0.0
392.80118407473765	0.0
392.81118461407453	0.0
392.8211851534114	0.0
392.8311856927483	0.0
392.84118623208525	0.0
392.85118677142214	0.0
392.861187310759	0.0
392.8711878500959	0.0
392.88118838943285	0.0
392.89118892876974	0.0
392.9011894681066	0.0
392.9111900074435	0.0
392.92119054678045	0.0
392.93119108611734	0.0
392.9411916254542	0.0
392.9511921647911	0.0
392.961192704128	0.0
392.97119324346494	0.0
392.9811937828018	0.0
392.9911943221387	0.0
393.0011948614756	0.0
393.01119540081254	0.0
393.0211959401494	0.0
393.0311964794863	0.0
393.0411970188232	0.0
393.05119755816014	0.0
393.061198097497	0.0
393.0711986368339	0.0
393.0811991761708	0.0
393.09119971550774	0.0
393.1012002548446	0.0
393.1112007941815	0.0
393.1212013335184	0.0
393.1312018728553	0.0
393.14120241219223	0.0
393.1512029515291	0.0
393.161203490866	0.0
393.1712040302029	0.0
393.18120456953983	0.0
393.1912051088767	0.0
393.2012056482136	0.0
393.2112061875505	0.0
393.22120672688743	0.0
393.2312072662243	0.0
393.2412078055612	0.0
393.2512083448981	0.0
393.26120888423503	0.0
393.2712094235719	0.0
393.2812099629088	0.0
393.2912105022457	0.0
393.30121104158263	0.0
393.3112115809195	0.0
393.3212121202564	0.0
393.3312126595933	0.0
393.3412131989302	0.0
393.3512137382671	0.0
393.361214277604	0.0
393.3712148169409	0.0
393.3812153562778	0.0
393.3912158956147	0.0
393.4012164349516	0.0
393.4112169742885	0.0
393.4212175136254	0.0
393.4312180529623	0.0
393.4412185922992	0.0
393.4512191316361	0.0
393.461219670973	0.0
393.4712202103099	0.0
393.4812207496468	0.0
393.4912212889837	0.0
393.5012218283206	0.0
393.51122236765747	0.0
393.5212229069944	0.0
393.5312234463313	0.0
393.5412239856682	0.0
393.55122452500507	0.0
393.561225064342	0.0
393.5712256036789	0.0
393.5812261430158	0.0
393.59122668235267	0.0
393.6012272216896	0.0
393.6112277610265	0.0
393.6212283003634	0.0
393.63122883970027	0.0
393.6412293790372	0.0
393.6512299183741	0.0
393.661230457711	0.0
393.67123099704787	0.0
393.68123153638476	0.0
393.6912320757217	0.0
393.7012326150586	0.0
393.7112331543955	0.0
393.72123369373236	0.0
393.7312342330693	0.0
393.7412347724062	0.0
393.7512353117431	0.0
393.76123585107996	0.0
393.7712363904169	0.0
393.7812369297538	0.0
393.7912374690907	0.0
393.80123800842756	0.0
393.8112385477645	0.0
393.8212390871014	0.0
393.8312396264383	0.0
393.84124016577516	0.0
393.8512407051121	0.0
393.861241244449	0.0
393.8712417837859	0.0
393.88124232312276	0.0
393.89124286245965	0.0
393.9012434017966	0.0
393.9112439411335	0.0
393.92124448047036	0.0
393.93124501980725	0.0
393.9412455591442	0.0
393.9512460984811	0.0
393.96124663781796	0.0
393.97124717715485	0.0
393.9812477164918	0.0
393.9912482558287	0.0
394.00124879516557	0.0
394.01124933450245	0.0
394.0212498738394	0.0
394.0312504131763	0.0
394.04125095251317	0.0
394.05125149185005	0.0
394.06125203118694	0.0
394.0712525705239	0.0
394.08125310986077	0.0
394.09125364919765	0.0
394.10125418853454	0.0
394.1112547278715	0.0
394.12125526720837	0.0
394.13125580654525	0.0
394.14125634588214	0.0
394.1512568852191	0.0
394.16125742455597	0.0
394.17125796389286	0.0
394.18125850322974	0.0
394.1912590425667	0.0
394.20125958190357	0.0
394.21126012124046	0.0
394.22126066057734	0.0
394.23126119991423	0.0
394.2412617392512	0.0
394.25126227858806	0.0
394.26126281792494	0.0
394.27126335726183	0.0
394.2812638965988	0.0
394.29126443593566	0.0
394.30126497527255	0.0
394.31126551460943	0.0
394.3212660539464	0.0
394.33126659328326	0.0
394.34126713262015	0.0
394.35126767195703	0.0
394.361268211294	0.0
394.37126875063086	0.0
394.38126928996775	0.0
394.39126982930463	0.0
394.4012703686415	0.0
394.41127090797846	0.0
394.42127144731535	0.0
394.43127198665223	0.0
394.4412725259891	0.0
394.45127306532606	0.0
394.46127360466295	0.0
394.47127414399984	0.0
394.4812746833367	0.0
394.49127522267366	0.0
394.50127576201055	0.0
394.51127630134744	0.0
394.5212768406843	0.0
394.53127738002127	0.0
394.54127791935815	0.0
394.55127845869504	0.0
394.5612789980319	0.0
394.57127953736887	0.0
394.58128007670575	0.0
394.59128061604264	0.0
394.6012811553795	0.0
394.6112816947164	0.0
394.62128223405335	0.0
394.63128277339024	0.0
394.6412833127271	0.0
394.651283852064	0.0
394.66128439140095	0.0
394.67128493073784	0.0
394.6812854700747	0.0
394.6912860094116	0.0
394.70128654874856	0.0
394.71128708808544	0.0
394.7212876274223	0.0
394.7312881667592	0.0
394.74128870609616	0.0
394.75128924543304	0.0
394.76128978476993	0.0
394.7712903241068	0.0
394.7812908634437	0.0
394.79129140278064	0.0
394.80129194211753	0.0
394.8112924814544	0.0
394.8212930207913	0.0
394.83129356012824	0.0
394.84129409946513	0.0
394.851294638802	0.0
394.8612951781389	0.0
394.87129571747585	0.0
394.88129625681273	0.0
394.8912967961496	0.0
394.9012973354865	0.0
394.91129787482345	0.0
394.92129841416033	0.0
394.9312989534972	0.0
394.9412994928341	0.0
394.951300032171	0.0
394.96130057150793	0.0
394.9713011108448	0.0
394.9813016501817	0.0
394.9913021895186	0.0
395.00130272885553	0.0
395.0113032681924	0.0
395.0213038075293	0.0
395.0313043468662	0.0
395.04130488620314	0.0
395.05130542554	0.0
395.0613059648769	0.0
395.0713065042138	0.0
395.08130704355074	0.0
395.0913075828876	0.0
395.1013081222245	0.0
395.1113086615614	0.0
395.12130920089834	0.0
395.1313097402352	0.0
395.1413102795721	0.0
395.151310818909	0.0
395.1613113582459	0.0
395.1713118975828	0.0
395.1813124369197	0.0
395.1913129762566	0.0
395.2013135155935	0.0
395.2113140549304	0.0
395.2213145942673	0.0
395.2313151336042	0.0
395.2413156729411	0.0
395.251316212278	0.0
395.2613167516149	0.0
395.2713172909518	0.0
395.2813178302887	0.0
395.2913183696256	0.0
395.3013189089625	0.0
395.3113194482994	0.0
395.3213199876363	0.0
395.3313205269732	0.0
395.3413210663101	0.0
395.351321605647	0.0
395.3613221449839	0.0
395.3713226843208	0.0
395.3813232236577	0.0
395.3913237629946	0.0
395.4013243023315	0.0
395.4113248416684	0.0
395.4213253810053	0.0
395.4313259203422	0.0
395.4413264596791	0.0
395.451326999016	0.0
395.4613275383529	0.0
395.4713280776898	0.0
395.4813286170267	0.0
395.4913291563636	0.0
395.50132969570046	0.0
395.5113302350374	0.0
395.5213307743743	0.0
395.5313313137112	0.0
395.54133185304806	0.0
395.551332392385	0.0
395.5613329317219	0.0
395.5713334710588	0.0
395.58133401039566	0.0
395.5913345497326	0.0
395.6013350890695	0.0
395.6113356284064	0.0
395.62133616774327	0.0
395.6313367070802	0.0
395.6413372464171	0.0
395.651337785754	0.0
395.66133832509087	0.0
395.67133886442775	0.0
395.6813394037647	0.0
395.6913399431016	0.0
395.70134048243847	0.0
395.71134102177535	0.0
395.7213415611123	0.0
395.7313421004492	0.0
395.74134263978607	0.0
395.75134317912296	0.0
395.7613437184599	0.0
395.7713442577968	0.0
395.78134479713367	0.0
395.79134533647056	0.0
395.8013458758075	0.0
395.8113464151444	0.0
395.82134695448127	0.0
395.83134749381816	0.0
395.8413480331551	0.0
395.851348572492	0.0
395.8613491118289	0.0
395.87134965116576	0.0
395.88135019050264	0.0
395.8913507298396	0.0
395.9013512691765	0.0
395.91135180851336	0.0
395.92135234785025	0.0
395.9313528871872	0.0
395.9413534265241	0.0
395.95135396586096	0.0
395.96135450519785	0.0
395.9713550445348	0.0
395.9813555838717	0.0
395.99135612320856	0.0
396.00135666254545	0.0
396.0113572018824	0.0
396.0213577412193	0.0
396.03135828055616	0.0
396.04135881989305	0.0
396.05135935922993	0.0
396.0613598985669	0.0
396.07136043790376	0.0
396.08136097724065	0.0
396.09136151657754	0.0
396.1013620559145	0.0
396.11136259525136	0.0
396.12136313458825	0.0
396.13136367392514	0.0
396.1413642132621	0.0
396.15136475259897	0.0
396.16136529193585	0.0
396.17136583127274	0.0
396.1813663706097	0.0
396.19136690994657	0.0
396.20136744928345	0.0
396.21136798862034	0.0
396.2213685279572	0.0
396.23136906729417	0.0
396.24136960663105	0.0
396.25137014596794	0.0
396.2613706853048	0.0
396.27137122464177	0.0
396.28137176397865	0.0
396.29137230331554	0.0
396.3013728426524	0.0
396.31137338198937	0.0
396.32137392132626	0.0
396.33137446066314	0.0
396.341375	0.0
