0.0	0.0
0.010000538350469268	0.0
0.020001076700938536	0.0
0.030001615051407804	0.0
0.04000215340187707	0.0
0.05000269175234634	0.0
0.06000323010281561	0.0
0.07000376845328488	0.0
0.08000430680375414	0.0
0.09000484515422341	0.0
0.10000538350469268	142.0
0.11000592185516195	142.0
0.12000646020563122	142.0
0.13000699855610048	142.0
0.14000753690656975	142.0
0.15000807525703902	142.0
0.1600086136075083	142.0
0.17000915195797756	142.0
0.18000969030844682	142.0
0.1900102286589161	142.0
0.20001076700938536	142.0
0.21001130535985463	0.0
0.2200118437103239	0.0
0.23001238206079316	0.0
0.24001292041126243	0.0
0.2500134587617317	0.0
0.26001399711220097	0.0
0.27001453546267024	0.0
0.2800150738131395	0.0
0.29001561216360877	0.0
0.30001615051407804	0.0
0.3100166888645473	0.0
0.3200172272150166	0.0
0.33001776556548584	0.0
0.3400183039159551	0.0
0.3500188422664244	0.0
0.36001938061689365	0.0
0.3700199189673629	0.0
0.3800204573178322	0.0
0.39002099566830145	0.0
0.4000215340187707	0.0
0.41002207236924	0.0
0.42002261071970926	0.0
0.4300231490701785	0.0
0.4400236874206478	0.0
0.45002422577111706	0.0
0.4600247641215863	0.0
0.4700253024720556	0.0
0.48002584082252486	0.0
0.49002637917299413	0.0
0.5000269175234634	0.0
0.5100274558739326	0.0
0.5200279942244019	0.0
0.5300285325748713	0.0
0.5400290709253405	0.0
0.5500296092758097	0.0
0.560030147626279	0.0
0.5700306859767483	0.0
0.5800312243272175	0.0
0.5900317626776868	0.0
0.6000323010281561	0.0
0.6100328393786254	0.0
0.6200333777290946	0.0
0.6300339160795638	0.0
0.6400344544300332	0.0
0.6500349927805025	0.0
0.6600355311309717	0.0
0.6700360694814409	0.0
0.6800366078319102	0.0
0.6900371461823795	0.0
0.7000376845328488	0.0
0.710038222883318	0.0
0.7200387612337873	0.0
0.7300392995842566	0.0
0.7400398379347258	0.0
0.750040376285195	0.0
0.7600409146356644	0.0
0.7700414529861337	0.0
0.7800419913366029	0.0
0.7900425296870721	0.0
0.8000430680375414	0.0
0.8100436063880108	0.0
0.82004414473848	0.0
0.8300446830889492	0.0
0.8400452214394185	0.0
0.8500457597898878	0.0
0.860046298140357	0.0
0.8700468364908263	0.0
0.8800473748412956	0.0
0.8900479131917649	0.0
0.9000484515422341	0.0
0.9100489898927033	0.0
0.9200495282431727	0.0
0.930050066593642	0.0
0.9400506049441112	0.0
0.9500511432945804	0.0
0.9600516816450497	0.0
0.970052219995519	0.0
0.9800527583459883	0.0
0.9900532966964575	0.0
1.0000538350469268	0.0
1.0100543733973961	0.0
1.0200549117478652	0.0
1.0300554500983345	0.0
1.0400559884488039	0.0
1.0500565267992732	0.0
1.0600570651497425	0.0
1.0700576035002116	0.0
1.080058141850681	0.0
1.0900586802011503	0.0
1.1000592185516194	0.0
1.1100597569020887	0.0
1.120060295252558	0.0
1.1300608336030273	0.0
1.1400613719534967	0.0
1.1500619103039658	0.0
1.160062448654435	0.0
1.1700629870049044	0.0
1.1800635253553735	0.0
1.1900640637058428	0.0
1.2000646020563122	0.0
1.2100651404067815	0.0
1.2200656787572508	0.0
1.23006621710772	0.0
1.2400667554581892	0.0
1.2500672938086586	0.0
1.2600678321591277	0.0
1.270068370509597	0.0
1.2800689088600663	0.0
1.2900694472105356	0.0
1.300069985561005	0.0
1.310070523911474	0.0
1.3200710622619434	0.0
1.3300716006124127	0.0
1.3400721389628818	0.0
1.3500726773133511	0.0
1.3600732156638204	0.0
1.3700737540142898	0.0
1.380074292364759	0.0
1.3900748307152282	0.0
1.4000753690656975	0.0
1.4100759074161668	0.0
1.420076445766636	0.0
1.4300769841171053	0.0
1.4400775224675746	0.0
1.450078060818044	0.0
1.4600785991685132	0.0
1.4700791375189823	0.0
1.4800796758694517	0.0
1.490080214219921	0.0
1.50008075257039	0.0
1.5100812909208594	0.0
1.5200818292713287	0.0
1.530082367621798	0.0
1.5400829059722674	0.0
1.5500834443227365	0.0
1.5600839826732058	0.0
1.5700845210236751	0.0
1.5800850593741442	0.0
1.5900855977246136	0.0
1.6000861360750829	0.0
1.6100866744255522	0.0
1.6200872127760215	0.0
1.6300877511264906	0.0
1.64008828947696	0.0
1.6500888278274293	0.0
1.6600893661778984	0.0
1.6700899045283677	0.0
1.680090442878837	0.0
1.6900909812293063	0.0
1.7000915195797757	0.0
1.7100920579302448	0.0
1.720092596280714	0.0
1.7300931346311834	0.0
1.7400936729816525	0.0
1.7500942113321218	0.0
1.7600947496825912	0.0
1.7700952880330605	0.0
1.7800958263835298	0.0
1.790096364733999	0.0
1.8000969030844682	0.0
1.8100974414349376	0.0
1.8200979797854067	0.0
1.830098518135876	0.0
1.8400990564863453	0.0
1.8500995948368146	0.0
1.860100133187284	0.0
1.870100671537753	0.0
1.8801012098882224	0.0
1.8901017482386917	0.0
1.9001022865891608	0.0
1.9101028249396301	0.0
1.9201033632900995	0.0
1.9301039016405688	0.0
1.940104439991038	0.0
1.9501049783415072	0.0
1.9601055166919765	0.0
1.9701060550424458	0.0
1.980106593392915	0.0
1.9901071317433843	0.0
2.0001076700938536	0.0
2.010108208444323	0.0
2.0201087467947922	0.0
2.0301092851452616	0.0
2.0401098234957304	0.0
2.0501103618461998	0.0
2.060110900196669	0.0
2.0701114385471384	0.0
2.0801119768976077	0.0
2.090112515248077	0.0
2.1001130535985464	0.0
2.1101135919490157	0.0
2.120114130299485	0.0
2.130114668649954	0.0
2.1401152070004232	0.0
2.1501157453508926	0.0
2.160116283701362	0.0
2.170116822051831	0.0
2.1801173604023005	0.0
2.19011789875277	0.0
2.2001184371032387	0.0
2.210118975453708	0.0
2.2201195138041774	0.0
2.2301200521546467	0.0
2.240120590505116	0.0
2.2501211288555854	0.0
2.2601216672060547	0.0
2.270122205556524	0.0
2.2801227439069933	0.0
2.290123282257462	0.0
2.3001238206079315	0.0
2.310124358958401	0.0
2.32012489730887	0.0
2.3301254356593395	0.0
2.340125974009809	0.0
2.350126512360278	0.0
2.360127050710747	0.0
2.3701275890612163	0.0
2.3801281274116857	0.0
2.390128665762155	0.0
2.4001292041126243	0.0
2.4101297424630936	0.0
2.420130280813563	0.0
2.4301308191640323	0.0
2.4401313575145016	0.0
2.4501318958649705	0.0
2.46013243421544	0.0
2.470132972565909	0.0
2.4801335109163785	0.0
2.490134049266848	0.0
2.500134587617317	0.0
2.5101351259677864	0.0
2.5201356643182553	0.0
2.5301362026687246	0.0
2.540136741019194	0.0
2.5501372793696633	0.0
2.5601378177201326	0.0
2.570138356070602	0.0
2.5801388944210712	0.0
2.5901394327715406	0.0
2.60013997112201	0.0
2.6101405094724788	0.0
2.620141047822948	0.0
2.6301415861734174	0.0
2.6401421245238867	0.0
2.650142662874356	0.0
2.6601432012248254	0.0
2.6701437395752947	0.0
2.6801442779257636	0.0
2.690144816276233	0.0
2.7001453546267022	0.0
2.7101458929771716	0.0
2.720146431327641	0.0
2.73014696967811	0.0
2.7401475080285795	0.0
2.750148046379049	0.0
2.760148584729518	0.0
2.770149123079987	0.0
2.7801496614304564	0.0
2.7901501997809257	0.0
2.800150738131395	0.0
2.8101512764818644	0.0
2.8201518148323337	0.0
2.830152353182803	0.0
2.840152891533272	0.0
2.850153429883741	0.0
2.8601539682342105	0.0
2.87015450658468	0.0
2.880155044935149	0.0
2.8901555832856185	0.0
2.900156121636088	0.0
2.910156659986557	0.0
2.9201571983370265	0.0
2.9301577366874954	0.0
2.9401582750379647	0.0
2.950158813388434	0.0
2.9601593517389033	0.0
2.9701598900893726	0.0
2.980160428439842	0.0
2.9901609667903113	0.0
3.00016150514078	0.0
3.0101620434912495	0.0
3.020162581841719	0.0
3.030163120192188	0.0
3.0401636585426575	0.0
3.050164196893127	0.0
3.060164735243596	0.0
3.0701652735940654	0.0
3.0801658119445348	0.0
3.0901663502950036	0.0
3.100166888645473	0.0
3.1101674269959423	0.0
3.1201679653464116	0.0
3.130168503696881	0.0
3.1401690420473503	0.0
3.1501695803978196	0.0
3.1601701187482885	0.0
3.170170657098758	0.0
3.180171195449227	0.0
3.1901717337996964	0.0
3.2001722721501658	0.0
3.210172810500635	0.0
3.2201733488511044	0.0
3.2301738872015737	0.0
3.240174425552043	0.0
3.250174963902512	0.0
3.2601755022529812	0.0
3.2701760406034506	0.0
3.28017657895392	0.0
3.290177117304389	0.0
3.3001776556548585	0.0
3.310178194005328	0.0
3.3201787323557967	0.0
3.330179270706266	0.0
3.3401798090567354	0.0
3.3501803474072047	0.0
3.360180885757674	0.0
3.3701814241081434	0.0
3.3801819624586127	0.0
3.390182500809082	0.0
3.4001830391595513	0.0
3.41018357751002	0.0
3.4201841158604895	0.0
3.430184654210959	0.0
3.440185192561428	0.0
3.4501857309118975	0.0
3.460186269262367	0.0
3.470186807612836	0.0
3.480187345963305	0.0
3.4901878843137744	0.0
3.5001884226642437	0.0
3.510188961014713	0.0
3.5201894993651823	0.0
3.5301900377156517	0.0
3.540190576066121	0.0
3.5501911144165903	0.0
3.5601916527670596	0.0
3.5701921911175285	0.0
3.580192729467998	0.0
3.590193267818467	0.0
3.6001938061689365	0.0
3.610194344519406	0.0
3.620194882869875	0.0
3.6301954212203444	0.0
3.6401959595708133	0.0
3.6501964979212826	0.0
3.660197036271752	0.0
3.6701975746222213	0.0
3.6801981129726906	0.0
3.69019865132316	0.0
3.7001991896736293	0.0
3.7101997280240986	0.0
3.720200266374568	0.0
3.730200804725037	0.0
3.740201343075506	0.0
3.7502018814259754	0.0
3.7602024197764448	0.0
3.770202958126914	0.0
3.7802034964773834	0.0
3.7902040348278527	0.0
3.8002045731783216	0.0
3.810205111528791	0.0
3.8202056498792603	0.0
3.8302061882297296	0.0
3.840206726580199	0.0
3.8502072649306682	0.0
3.8602078032811376	0.0
3.870208341631607	0.0
3.880208879982076	0.0
3.890209418332545	0.0
3.9002099566830144	0.0
3.9102104950334837	0.0
3.920211033383953	0.0
3.9302115717344224	0.0
3.9402121100848917	0.0
3.950212648435361	0.0
3.96021318678583	0.0
3.970213725136299	0.0
3.9802142634867685	0.0
3.990214801837238	0.0
4.000215340187707	0.0
4.010215878538176	0.0
4.020216416888646	0.0
4.030216955239115	0.0
4.0402174935895845	0.0
4.050218031940053	0.0
4.060218570290523	0.0
4.070219108640992	0.0
4.080219646991461	0.0
4.090220185341931	0.0
4.1002207236923995	0.0
4.110221262042869	0.0
4.120221800393338	0.0
4.130222338743808	0.0
4.140222877094277	0.0
4.150223415444747	0.0
4.1602239537952155	0.0
4.170224492145684	0.0
4.180225030496154	0.0
4.190225568846623	0.0
4.200226107197093	0.0
4.210226645547562	0.0
4.220227183898031	0.0
4.2302277222485	0.0
4.24022826059897	0.0
4.250228798949439	0.0
4.260229337299908	0.0
4.270229875650378	0.0
4.2802304140008465	0.0
4.290230952351316	0.0
4.300231490701785	0.0
4.310232029052255	0.0
4.320232567402724	0.0
4.330233105753193	0.0
4.340233644103662	0.0
4.350234182454131	0.0
4.360234720804601	0.0
4.37023525915507	0.0
4.38023579750554	0.0
4.390236335856009	0.0
4.4002368742064775	0.0
4.410237412556947	0.0
4.420237950907416	0.0
4.430238489257886	0.0
4.440239027608355	0.0
4.4502395659588245	0.0
4.460240104309293	0.0
4.470240642659763	0.0
4.480241181010232	0.0
4.490241719360701	0.0
4.500242257711171	0.0
4.51024279606164	177.0
4.520243334412109	175.0
4.530243872762578	173.0
4.540244411113048	173.0
4.550244949463517	171.0
4.560245487813987	171.0
4.5702460261644555	171.0
4.580246564514924	171.0
4.590247102865394	171.0
4.600247641215863	171.0
4.610248179566333	171.0
4.620248717916802	171.0
4.6302492562672715	173.0
4.64024979461774	173.0
4.650250332968209	175.0
4.660250871318679	177.0
4.670251409669148	181.0
4.680251948019618	181.0
4.6902524863700865	183.0
4.700253024720556	183.0
4.710253563071025	181.0
4.720254101421494	179.0
4.730254639771964	179.0
4.740255178122433	177.0
4.7502557164729025	175.0
4.760256254823371	175.0
4.770256793173841	177.0
4.78025733152431	177.0
4.79025786987478	179.0
4.800258408225249	179.0
4.8102589465757175	181.0
4.820259484926187	181.0
4.830260023276656	181.0
4.840260561627126	181.0
4.850261099977595	181.0
4.860261638328065	179.0
4.8702621766785335	179.0
4.880262715029003	177.0
4.890263253379472	177.0
4.900263791729941	177.0
4.910264330080411	177.0
4.92026486843088	177.0
4.930265406781349	175.0
4.940265945131818	175.0
4.950266483482288	177.0
4.960267021832757	177.0
4.970267560183226	179.0
4.980268098533696	179.0
4.990268636884164	181.0
5.000269175234634	181.0
5.010269713585103	181.0
5.020270251935573	183.0
5.030270790286042	183.0
5.040271328636511	183.0
5.05027186698698	183.0
5.060272405337449	183.0
5.070272943687919	183.0
5.080273482038388	181.0
5.090274020388858	179.0
5.100274558739327	177.0
5.110275097089796	177.0
5.120275635440265	173.0
5.130276173790734	173.0
5.140276712141204	173.0
5.150277250491673	175.0
5.1602777888421425	175.0
5.170278327192611	175.0
5.180278865543081	177.0
5.19027940389355	177.0
5.20027994224402	175.0
5.210280480594489	175.0
5.2202810189449576	175.0
5.230281557295427	175.0
5.240282095645896	175.0
5.250282633996366	177.0
5.260283172346835	179.0
5.270283710697305	181.0
5.2802842490477735	185.0
5.290284787398242	187.0
5.300285325748712	190.0
5.310285864099181	192.0
5.320286402449651	194.0
5.33028694080012	192.0
5.340287479150589	190.0
5.350288017501058	185.0
5.360288555851527	183.0
5.370289094201997	179.0
5.380289632552466	179.0
5.390290170902936	179.0
5.4002907092534045	179.0
5.410291247603874	179.0
5.420291785954343	181.0
5.430292324304813	181.0
5.440292862655282	181.0
5.450293401005751	181.0
5.46029393935622	179.0
5.470294477706689	179.0
5.480295016057159	179.0
5.490295554407628	181.0
5.500296092758098	185.0
5.510296631108567	192.0
5.520297169459036	203.0
5.530297707809505	213.0
5.540298246159974	231.0
5.550298784510444	265.0
5.560299322860913	275.0
5.5702998612113825	281.0
5.580300399561851	281.0
5.590300937912321	275.0
5.60030147626279	256.0
5.610302014613259	239.0
5.620302552963729	220.0
5.630303091314198	210.0
5.640303629664667	206.0
5.650304168015136	203.0
5.660304706365606	203.0
5.670305244716075	203.0
5.680305783066544	206.0
5.6903063214170135	206.0
5.700306859767482	208.0
5.710307398117952	210.0
5.720307936468421	210.0
5.730308474818891	208.0
5.74030901316936	208.0
5.7503095515198295	208.0
5.760310089870298	208.0
5.770310628220767	208.0
5.780311166571237	208.0
5.790311704921706	206.0
5.800312243272176	201.0
5.8103127816226445	194.0
5.820313319973114	187.0
5.830313858323583	179.0
5.840314396674053	175.0
5.850314935024522	171.0
5.860315473374991	169.0
5.8703160117254605	169.0
5.880316550075929	169.0
5.890317088426399	169.0
5.900317626776868	171.0
5.910318165127338	171.0
5.920318703477807	171.0
5.9303192418282755	171.0
5.940319780178745	173.0
5.950320318529214	173.0
5.960320856879684	175.0
5.970321395230153	179.0
5.980321933580623	181.0
5.9903224719310915	183.0
6.00032301028156	185.0
6.01032354863203	185.0
6.020324086982499	185.0
6.030324625332969	185.0
6.040325163683438	183.0
6.050325702033907	181.0
6.060326240384376	177.0
6.070326778734846	173.0
6.080327317085315	167.0
6.090327855435784	161.0
6.100328393786254	158.0
6.1103289321367225	156.0
6.120329470487192	154.0
6.130330008837661	154.0
6.140330547188131	156.0
6.1503310855386	156.0
6.1603316238890695	158.0
6.170332162239538	158.0
6.180332700590007	158.0
6.190333238940477	159.0
6.200333777290946	159.0
6.210334315641416	159.0
6.220334853991885	159.0
6.230335392342354	159.0
6.240335930692823	158.0
6.250336469043292	158.0
6.260337007393762	156.0
6.270337545744231	156.0
6.2803380840947005	154.0
6.290338622445169	154.0
6.300339160795639	154.0
6.310339699146108	154.0
6.320340237496577	154.0
6.330340775847047	154.0
6.340341314197516	154.0
6.350341852547985	156.0
6.360342390898454	156.0
6.370342929248924	156.0
6.380343467599393	156.0
6.390344005949863	158.0
6.4003445443003315	158.0
6.4103450826508	159.0
6.42034562100127	163.0
6.430346159351739	165.0
6.440346697702209	167.0
6.450347236052678	167.0
6.4603477744031474	165.0
6.470348312753616	161.0
6.480348851104086	158.0
6.490349389454555	154.0
6.500349927805024	150.0
6.510350466155494	147.0
6.5203510045059625	144.0
6.530351542856432	140.0
6.540352081206901	139.0
6.550352619557371	139.0
6.56035315790784	137.0
6.570353696258309	137.0
6.580354234608778	139.0
6.590354772959247	139.0
6.600355311309717	139.0
6.610355849660186	140.0
6.620356388010656	140.0
6.630356926361125	140.0
6.6403574647115935	142.0
6.650358003062063	140.0
6.660358541412532	140.0
6.670359079763002	140.0
6.680359618113471	140.0
6.6903601564639406	139.0
6.700360694814409	139.0
6.710361233164879	137.0
6.720361771515348	137.0
6.730362309865817	137.0
6.740362848216287	137.0
6.750363386566756	137.0
6.760363924917225	139.0
6.770364463267694	139.0
6.780365001618164	140.0
6.790365539968633	140.0
6.800366078319103	140.0
6.8103666166695715	140.0
6.82036715502004	140.0
6.83036769337051	140.0
6.840368231720979	140.0
6.850368770071449	139.0
6.860369308421918	139.0
6.8703698467723875	139.0
6.880370385122856	139.0
6.890370923473325	139.0
6.900371461823795	139.0
6.910372000174264	139.0
6.920372538524734	140.0
6.9303730768752025	140.0
6.940373615225672	140.0
6.950374153576141	140.0
6.96037469192661	140.0
6.97037523027708	140.0
6.980375768627549	139.0
6.9903763069780185	139.0
7.000376845328487	139.0
7.010377383678957	139.0
7.020377922029426	139.0
7.030378460379896	139.0
7.040378998730365	140.0
7.0503795370808335	140.0
7.060380075431303	140.0
7.070380613781772	140.0
7.080381152132242	140.0
7.090381690482711	140.0
7.100382228833181	140.0
7.1103827671836495	140.0
7.120383305534119	140.0
7.130383843884588	140.0
7.140384382235057	140.0
7.150384920585527	140.0
7.160385458935996	140.0
7.170385997286465	140.0
7.180386535636934	140.0
7.190387073987404	140.0
7.200387612337873	140.0
7.210388150688342	140.0
7.220388689038812	140.0
7.2303892273892805	140.0
7.24038976573975	140.0
7.250390304090219	140.0
7.260390842440689	140.0
7.270391380791158	140.0
7.280391919141627	140.0
7.290392457492096	140.0
7.300392995842565	140.0
7.310393534193035	140.0
7.320394072543504	140.0
7.330394610893974	140.0
7.340395149244443	140.0
7.350395687594912	140.0
7.360396225945381	139.0
7.37039676429585	139.0
7.38039730264632	139.0
7.390397840996789	139.0
7.4003983793472585	140.0
7.410398917697727	140.0
7.420399456048197	140.0
7.430399994398666	0.0
7.440400532749136	0.0
7.450401071099605	0.0
7.460401609450074	0.0
7.470402147800543	0.0
7.480402686151012	0.0
7.490403224501482	0.0
7.500403762851951	0.0
7.510404301202421	0.0
7.5204048395528895	0.0
7.530405377903358	0.0
7.540405916253828	0.0
7.550406454604297	0.0
7.560406992954767	0.0
7.570407531305236	0.0
7.5804080696557055	0.0
7.590408608006174	0.0
7.600409146356643	0.0
7.610409684707113	0.0
7.620410223057582	0.0
7.630410761408052	0.0
7.6404112997585205	0.0
7.65041183810899	0.0
7.660412376459459	0.0
7.670412914809929	0.0
7.680413453160398	0.0
7.690413991510867	0.0
7.7004145298613365	0.0
7.710415068211805	0.0
7.720415606562275	0.0
7.730416144912744	0.0
7.740416683263214	0.0
7.750417221613683	0.0
7.760417759964152	0.0
7.770418298314621	0.0
7.78041883666509	0.0
7.79041937501556	0.0
7.800419913366029	0.0
7.810420451716499	0.0
7.8204209900669674	0.0
7.830421528417437	0.0
7.840422066767906	0.0
7.850422605118375	0.0
7.860423143468845	0.0
7.870423681819314	0.0
7.880424220169783	0.0
7.890424758520252	0.0
7.900425296870722	0.0
7.910425835221191	0.0
7.92042637357166	0.0
7.93042691192213	0.0
7.940427450272598	0.0
7.950427988623068	0.0
7.960428526973537	0.0
7.970429065324007	0.0
7.980429603674476	0.0
7.9904301420249455	0.0
8.000430680375414	0.0
8.010431218725884	0.0
8.020431757076352	0.0
8.030432295426822	0.0
8.040432833777292	0.0
8.050433372127761	0.0
8.06043391047823	0.0
8.0704344488287	0.0
8.080434987179169	0.0
8.090435525529637	0.0
8.100436063880107	0.0
8.110436602230576	0.0
8.120437140581046	0.0
8.130437678931514	0.0
8.140438217281984	0.0
8.150438755632454	0.0
8.160439293982922	0.0
8.170439832333392	0.0
8.180440370683861	0.0
8.190440909034331	0.0
8.200441447384799	0.0
8.210441985735269	0.0
8.220442524085739	0.0
8.230443062436208	0.0
8.240443600786676	0.0
8.250444139137146	0.0
8.260444677487616	0.0
8.270445215838084	0.0
8.280445754188554	0.0
8.290446292539023	0.0
8.300446830889493	0.0
8.310447369239961	0.0
8.320447907590431	0.0
8.3304484459409	0.0
8.340448984291369	0.0
8.350449522641838	0.0
8.360450060992308	0.0
8.370450599342778	0.0
8.380451137693246	0.0
8.390451676043716	0.0
8.400452214394186	0.0
8.410452752744654	0.0
8.420453291095123	0.0
8.430453829445593	0.0
8.440454367796063	0.0
8.45045490614653	0.0
8.460455444497	0.0
8.47045598284747	0.0
8.48045652119794	0.0
8.490457059548408	0.0
8.500457597898878	0.0
8.510458136249348	0.0
8.520458674599816	0.0
8.530459212950285	0.0
8.540459751300755	0.0
8.550460289651225	0.0
8.560460828001693	0.0
8.570461366352163	0.0
8.580461904702632	0.0
8.5904624430531	0.0
8.60046298140357	0.0
8.61046351975404	0.0
8.62046405810451	0.0
8.630464596454978	0.0
8.640465134805448	0.0
8.650465673155917	0.0
8.660466211506385	0.0
8.670466749856855	0.0
8.680467288207325	0.0
8.690467826557795	0.0
8.700468364908263	0.0
8.710468903258732	0.0
8.720469441609202	0.0
8.73046997995967	0.0
8.74047051831014	0.0
8.75047105666061	0.0
8.76047159501108	0.0
8.770472133361547	0.0
8.780472671712017	0.0
8.790473210062487	0.0
8.800473748412955	0.0
8.810474286763425	0.0
8.820474825113894	0.0
8.830475363464364	0.0
8.840475901814832	0.0
8.850476440165302	0.0
8.860476978515772	0.0
8.870477516866242	0.0
8.88047805521671	0.0
8.89047859356718	0.0
8.900479131917649	0.0
8.910479670268117	0.0
8.920480208618587	0.0
8.930480746969057	0.0
8.940481285319526	0.0
8.950481823669994	0.0
8.960482362020464	0.0
8.970482900370934	0.0
8.980483438721402	0.0
8.990483977071872	0.0
9.000484515422341	0.0
9.010485053772811	0.0
9.02048559212328	0.0
9.030486130473749	0.0
9.040486668824219	0.0
9.050487207174687	0.0
9.060487745525156	0.0
9.070488283875626	0.0
9.080488822226096	0.0
9.090489360576564	0.0
9.100489898927034	0.0
9.110490437277504	0.0
9.120490975627973	0.0
9.130491513978441	0.0
9.140492052328911	0.0
9.15049259067938	0.0
9.160493129029849	0.0
9.170493667380319	0.0
9.180494205730788	0.0
9.190494744081258	0.0
9.200495282431726	0.0
9.210495820782196	0.0
9.220496359132666	0.0
9.230496897483134	0.0
9.240497435833603	0.0
9.250497974184073	0.0
9.260498512534543	0.0
9.270499050885011	0.0
9.28049958923548	0.0
9.29050012758595	0.0
9.300500665936418	0.0
9.310501204286888	0.0
9.320501742637358	0.0
9.330502280987828	0.0
9.340502819338296	0.0
9.350503357688766	0.0
9.360503896039235	0.0
9.370504434389703	0.0
9.380504972740173	0.0
9.390505511090643	0.0
9.400506049441113	0.0
9.41050658779158	0.0
9.42050712614205	0.0
9.43050766449252	0.0
9.440508202842988	0.0
9.450508741193458	0.0
9.460509279543928	0.0
9.470509817894397	0.0
9.480510356244865	0.0
9.490510894595335	0.0
9.500511432945805	0.0
9.510511971296275	0.0
9.520512509646743	0.0
9.530513047997212	0.0
9.540513586347682	0.0
9.55051412469815	0.0
9.56051466304862	0.0
9.57051520139909	0.0
9.58051573974956	0.0
9.590516278100027	0.0
9.600516816450497	0.0
9.610517354800967	0.0
9.620517893151435	0.0
9.630518431501905	0.0
9.640518969852375	0.0
9.650519508202844	0.0
9.660520046553312	0.0
9.670520584903782	0.0
9.680521123254252	0.0
9.69052166160472	0.0
9.70052219995519	0.0
9.71052273830566	0.0
9.72052327665613	0.0
9.730523815006597	0.0
9.740524353357067	0.0
9.750524891707537	0.0
9.760525430058006	0.0
9.770525968408474	0.0
9.780526506758944	0.0
9.790527045109414	0.0
9.800527583459882	0.0
9.810528121810352	0.0
9.820528660160821	0.0
9.830529198511291	0.0
9.84052973686176	0.0
9.850530275212229	0.0
9.860530813562699	0.0
9.870531351913167	0.0
9.880531890263637	0.0
9.890532428614106	0.0
9.900532966964576	0.0
9.910533505315044	0.0
9.920534043665514	0.0
9.930534582015984	0.0
9.940535120366452	0.0
9.950535658716921	0.0
9.960536197067391	0.0
9.970536735417861	0.0
9.980537273768329	0.0
9.990537812118799	0.0
10.000538350469268	0.0
10.010538888819736	0.0
10.020539427170206	0.0
10.030539965520676	0.0
10.040540503871146	0.0
10.050541042221614	0.0
10.060541580572083	0.0
10.070542118922553	0.0
10.080542657273021	0.0
10.090543195623491	0.0
10.10054373397396	0.0
10.11054427232443	0.0
10.120544810674899	0.0
10.130545349025368	0.0
10.140545887375838	163.0
10.150546425726308	167.0
10.160546964076776	167.0
10.170547502427246	169.0
10.180548040777715	171.0
10.190548579128183	175.0
10.200549117478653	175.0
10.210549655829123	177.0
10.220550194179593	177.0
10.23055073253006	179.0
10.24055127088053	179.0
10.250551809231	179.0
10.260552347581468	179.0
10.270552885931938	181.0
10.280553424282408	181.0
10.290553962632877	181.0
10.300554500983345	179.0
10.310555039333815	179.0
10.320555577684285	179.0
10.330556116034753	179.0
10.340556654385223	177.0
10.350557192735693	177.0
10.360557731086162	175.0
10.37055826943663	175.0
10.3805588077871	175.0
10.39055934613757	175.0
10.40055988448804	177.0
10.410560422838508	177.0
10.420560961188977	177.0
10.430561499539447	177.0
10.440562037889915	177.0
10.450562576240385	177.0
10.460563114590855	177.0
10.470563652941324	177.0
10.480564191291792	177.0
10.490564729642262	177.0
10.500565267992732	177.0
10.5105658063432	177.0
10.52056634469367	177.0
10.53056688304414	177.0
10.54056742139461	175.0
10.550567959745077	175.0
10.560568498095547	175.0
10.570569036446017	175.0
10.580569574796485	175.0
10.590570113146955	175.0
10.600570651497424	175.0
10.610571189847894	175.0
10.620571728198362	177.0
10.630572266548832	177.0
10.640572804899302	177.0
10.65057334324977	177.0
10.66057388160024	175.0
10.670574419950709	175.0
10.680574958301179	175.0
10.690575496651647	175.0
10.700576035002117	175.0
10.710576573352586	175.0
10.720577111703054	175.0
10.730577650053524	175.0
10.740578188403994	175.0
10.750578726754464	177.0
10.760579265104932	177.0
10.770579803455401	177.0
10.780580341805871	177.0
10.790580880156341	175.0
10.800581418506809	175.0
10.810581956857279	175.0
10.820582495207749	175.0
10.830583033558216	175.0
10.840583571908686	175.0
10.850584110259156	175.0
10.860584648609626	177.0
10.870585186960094	177.0
10.880585725310564	177.0
10.890586263661033	177.0
10.900586802011501	177.0
10.910587340361971	177.0
10.92058787871244	177.0
10.93058841706291	177.0
10.940588955413379	175.0
10.950589493763848	175.0
10.960590032114318	175.0
10.970590570464786	175.0
10.980591108815256	175.0
10.990591647165726	173.0
11.000592185516195	173.0
11.010592723866663	173.0
11.020593262217133	173.0
11.030593800567603	173.0
11.040594338918073	173.0
11.05059487726854	175.0
11.06059541561901	175.0
11.07059595396948	175.0
11.080596492319948	175.0
11.090597030670418	175.0
11.100597569020888	177.0
11.110598107371358	177.0
11.120598645721826	177.0
11.130599184072295	177.0
11.140599722422765	177.0
11.150600260773233	177.0
11.160600799123703	177.0
11.170601337474173	177.0
11.180601875824642	175.0
11.19060241417511	175.0
11.20060295252558	173.0
11.21060349087605	171.0
11.220604029226518	169.0
11.230604567576988	165.0
11.240605105927457	159.0
11.250605644277927	154.0
11.260606182628395	147.0
11.270606720978865	145.0
11.280607259329335	144.0
11.290607797679803	142.0
11.300608336030272	140.0
11.310608874380742	140.0
11.320609412731212	139.0
11.33060995108168	136.0
11.34061048943215	0.0
11.35061102778262	0.0
11.360611566133088	0.0
11.370612104483557	0.0
11.380612642834027	0.0
11.390613181184497	0.0
11.400613719534965	0.0
11.410614257885435	0.0
11.420614796235904	0.0
11.430615334586374	0.0
11.440615872936842	0.0
11.450616411287312	0.0
11.460616949637782	0.0
11.47061748798825	0.0
11.48061802633872	0.0
11.49061856468919	0.0
11.500619103039659	0.0
11.510619641390127	0.0
11.520620179740597	0.0
11.530620718091066	0.0
11.540621256441534	0.0
11.550621794792004	0.0
11.560622333142474	0.0
11.570622871492944	0.0
11.580623409843412	0.0
11.590623948193882	0.0
11.600624486544351	185.0
11.61062502489482	183.0
11.620625563245289	183.0
11.630626101595759	181.0
11.640626639946229	179.0
11.650627178296697	179.0
11.660627716647166	177.0
11.670628254997636	175.0
11.680628793348106	173.0
11.690629331698574	173.0
11.700629870049044	173.0
11.710630408399513	173.0
11.720630946749981	173.0
11.730631485100451	173.0
11.740632023450921	175.0
11.75063256180139	175.0
11.760633100151859	175.0
11.770633638502328	175.0
11.780634176852798	177.0
11.790634715203266	177.0
11.800635253553736	177.0
11.810635791904206	179.0
11.820636330254676	179.0
11.830636868605144	179.0
11.840637406955613	177.0
11.850637945306083	177.0
11.860638483656551	175.0
11.87063902200702	175.0
11.88063956035749	175.0
11.89064009870796	175.0
11.900640637058428	175.0
11.910641175408898	177.0
11.920641713759368	179.0
11.930642252109836	181.0
11.940642790460306	181.0
11.950643328810775	183.0
11.960643867161245	181.0
11.970644405511713	181.0
11.980644943862183	181.0
11.990645482212653	179.0
12.00064602056312	177.0
12.01064655891359	175.0
12.02064709726406	171.0
12.03064763561453	169.0
12.040648173964998	165.0
12.050648712315468	163.0
12.060649250665938	161.0
12.070649789016407	159.0
12.080650327366875	159.0
12.090650865717345	159.0
12.100651404067815	159.0
12.110651942418283	159.0
12.120652480768753	159.0
12.130653019119222	158.0
12.140653557469692	159.0
12.15065409582016	159.0
12.16065463417063	159.0
12.1706551725211	159.0
12.180655710871568	159.0
12.190656249222037	159.0
12.200656787572507	159.0
12.210657325922977	158.0
12.220657864273445	158.0
12.230658402623915	158.0
12.240658940974384	158.0
12.250659479324852	156.0
12.260660017675322	156.0
12.270660556025792	156.0
12.280661094376262	156.0
12.29066163272673	158.0
12.3006621710772	159.0
12.31066270942767	161.0
12.320663247778139	163.0
12.330663786128607	167.0
12.340664324479077	169.0
12.350664862829547	169.0
12.360665401180015	171.0
12.370665939530484	169.0
12.380666477880954	169.0
12.390667016231424	167.0
12.400667554581892	165.0
12.410668092932362	163.0
12.420668631282831	161.0
12.4306691696333	159.0
12.44066970798377	158.0
12.450670246334239	158.0
12.460670784684709	158.0
12.470671323035177	158.0
12.480671861385646	158.0
12.490672399736116	158.0
12.500672938086584	158.0
12.510673476437054	158.0
12.520674014787524	158.0
12.530674553137993	158.0
12.540675091488461	158.0
12.550675629838931	158.0
12.560676168189401	158.0
12.570676706539869	156.0
12.580677244890339	156.0
12.590677783240809	156.0
12.600678321591278	156.0
12.610678859941746	156.0
12.620679398292216	158.0
12.630679936642686	158.0
12.640680474993154	159.0
12.650681013343624	163.0
12.660681551694093	165.0
12.670682090044563	167.0
12.680682628395031	169.0
12.690683166745501	171.0
12.70068370509597	171.0
12.71068424344644	169.0
12.720684781796908	167.0
12.730685320147378	165.0
12.740685858497848	161.0
12.750686396848316	159.0
12.760686935198786	158.0
12.770687473549255	158.0
12.780688011899725	158.0
12.790688550250193	158.0
12.800689088600663	158.0
12.810689626951133	159.0
12.8206901653016	158.0
12.83069070365207	158.0
12.84069124200254	158.0
12.85069178035301	158.0
12.860692318703478	158.0
12.870692857053948	156.0
12.880693395404418	156.0
12.890693933754886	156.0
12.900694472105355	154.0
12.910695010455825	154.0
12.920695548806295	154.0
12.930696087156763	156.0
12.940696625507233	158.0
12.950697163857702	159.0
12.960697702208172	161.0
12.97069824055864	165.0
12.98069877890911	167.0
12.99069931725958	169.0
13.000699855610048	169.0
13.010700393960517	169.0
13.020700932310987	163.0
13.030701470661457	154.0
13.040702009011925	145.0
13.050702547362395	140.0
13.060703085712865	136.0
13.070703624063333	132.0
13.080704162413802	131.0
13.090704700764272	129.0
13.100705239114742	128.0
13.11070577746521	129.0
13.12070631581568	131.0
13.13070685416615	134.0
13.140707392516617	136.0
13.150707930867087	137.0
13.160708469217557	139.0
13.170709007568027	139.0
13.180709545918495	139.0
13.190710084268964	139.0
13.200710622619434	139.0
13.210711160969902	139.0
13.220711699320372	139.0
13.230712237670842	139.0
13.240712776021311	139.0
13.25071331437178	140.0
13.26071385272225	140.0
13.270714391072719	140.0
13.280714929423187	140.0
13.290715467773657	142.0
13.300716006124127	142.0
13.310716544474596	142.0
13.320717082825064	142.0
13.330717621175534	140.0
13.340718159526004	140.0
13.350718697876474	140.0
13.360719236226942	140.0
13.370719774577411	140.0
13.380720312927881	140.0
13.390720851278349	139.0
13.400721389628819	140.0
13.410721927979289	140.0
13.420722466329758	140.0
13.430723004680226	142.0
13.440723543030696	142.0
13.450724081381166	140.0
13.460724619731634	139.0
13.470725158082104	136.0
13.480725696432573	131.0
13.490726234783043	126.0
13.500726773133511	125.0
13.510727311483981	124.0
13.52072784983445	125.0
13.530728388184919	128.0
13.540728926535389	129.0
13.550729464885858	131.0
13.560730003236328	132.0
13.570730541586796	134.0
13.580731079937266	136.0
13.590731618287736	137.0
13.600732156638205	139.0
13.610732694988673	140.0
13.620733233339143	140.0
13.630733771689613	142.0
13.64073431004008	142.0
13.65073484839055	142.0
13.66073538674102	142.0
13.67073592509149	142.0
13.680736463441958	142.0
13.690737001792428	140.0
13.700737540142898	140.0
13.710738078493366	140.0
13.720738616843835	140.0
13.730739155194305	139.0
13.740739693544775	139.0
13.750740231895243	139.0
13.760740770245713	139.0
13.770741308596183	139.0
13.78074184694665	139.0
13.79074238529712	137.0
13.80074292364759	137.0
13.81074346199806	137.0
13.820744000348528	137.0
13.830744538698998	139.0
13.840745077049467	142.0
13.850745615399935	147.0
13.860746153750405	154.0
13.870746692100875	159.0
13.880747230451345	165.0
13.890747768801813	171.0
13.900748307152282	175.0
13.910748845502752	177.0
13.92074938385322	179.0
13.93074992220369	181.0
13.94075046055416	181.0
13.95075099890463	181.0
13.960751537255097	179.0
13.970752075605567	177.0
13.980752613956037	175.0
13.990753152306507	173.0
14.000753690656975	171.0
14.010754229007444	169.0
14.020754767357914	167.0
14.030755305708382	167.0
14.040755844058852	165.0
14.050756382409322	163.0
14.060756920759792	161.0
14.07075745911026	159.0
14.08075799746073	159.0
14.090758535811199	158.0
14.100759074161667	156.0
14.110759612512137	154.0
14.120760150862607	154.0
14.130760689213076	154.0
14.140761227563544	154.0
14.150761765914014	156.0
14.160762304264484	159.0
14.170762842614952	163.0
14.180763380965422	167.0
14.190763919315891	171.0
14.200764457666361	175.0
14.21076499601683	179.0
14.220765534367299	181.0
14.230766072717769	181.0
14.240766611068238	181.0
14.250767149418706	179.0
14.260767687769176	175.0
14.270768226119646	173.0
14.280768764470114	169.0
14.290769302820584	167.0
14.300769841171054	163.0
14.310770379521523	161.0
14.320770917871991	159.0
14.330771456222461	158.0
14.34077199457293	156.0
14.350772532923399	156.0
14.360773071273869	154.0
14.370773609624338	156.0
14.380774147974808	156.0
14.390774686325276	158.0
14.400775224675746	161.0
14.410775763026216	165.0
14.420776301376684	169.0
14.430776839727153	173.0
14.440777378077623	175.0
14.450777916428093	177.0
14.460778454778561	177.0
14.47077899312903	177.0
14.4807795314795	177.0
14.490780069829968	173.0
14.500780608180438	169.0
14.510781146530908	167.0
14.520781684881378	161.0
14.530782223231846	159.0
14.540782761582316	156.0
14.550783299932785	156.0
14.560783838283253	156.0
14.570784376633723	156.0
14.580784914984193	156.0
14.590785453334663	158.0
14.60078599168513	158.0
14.6107865300356	159.0
14.62078706838607	159.0
14.63078760673654	159.0
14.640788145087008	161.0
14.650788683437478	163.0
14.660789221787947	167.0
14.670789760138415	169.0
14.680790298488885	173.0
14.690790836839355	175.0
14.700791375189825	177.0
14.710791913540293	181.0
14.720792451890762	181.0
14.730792990241232	181.0
14.7407935285917	181.0
14.75079406694217	179.0
14.76079460529264	177.0
14.77079514364311	177.0
14.780795681993578	175.0
14.790796220344047	175.0
14.800796758694517	175.0
14.810797297044985	175.0
14.820797835395455	177.0
14.830798373745925	177.0
14.840798912096394	179.0
14.850799450446862	179.0
14.860799988797332	179.0
14.870800527147802	179.0
14.880801065498272	179.0
14.89080160384874	177.0
14.90080214219921	177.0
14.91080268054968	175.0
14.920803218900147	175.0
14.930803757250617	175.0
14.940804295601087	175.0
14.950804833951556	175.0
14.960805372302024	177.0
14.970805910652494	179.0
14.980806449002964	181.0
14.990806987353432	181.0
15.000807525703902	181.0
15.010808064054372	179.0
15.020808602404841	179.0
15.03080914075531	177.0
15.040809679105779	175.0
15.050810217456249	175.0
15.060810755806717	175.0
15.070811294157187	173.0
15.080811832507656	173.0
15.090812370858126	173.0
15.100812909208594	173.0
15.110813447559064	175.0
15.120813985909534	175.0
15.130814524260002	175.0
15.140815062610471	175.0
15.150815600960941	177.0
15.160816139311411	177.0
15.170816677661879	177.0
15.180817216012349	177.0
15.190817754362818	177.0
15.200818292713286	177.0
15.210818831063756	177.0
15.220819369414226	175.0
15.230819907764696	175.0
15.240820446115164	175.0
15.250820984465634	175.0
15.260821522816103	175.0
15.270822061166573	173.0
15.280822599517041	173.0
15.29082313786751	173.0
15.30082367621798	173.0
15.310824214568449	173.0
15.320824752918918	173.0
15.330825291269388	173.0
15.340825829619858	173.0
15.350826367970326	173.0
15.360826906320796	173.0
15.370827444671265	173.0
15.380827983021733	173.0
15.390828521372203	173.0
15.400829059722673	173.0
15.410829598073143	175.0
15.42083013642361	175.0
15.43083067477408	177.0
15.44083121312455	177.0
15.450831751475018	179.0
15.460832289825488	179.0
15.470832828175958	179.0
15.480833366526427	179.0
15.490833904876895	179.0
15.500834443227365	177.0
15.510834981577835	173.0
15.520835519928305	167.0
15.530836058278773	163.0
15.540836596629243	159.0
15.550837134979712	156.0
15.56083767333018	156.0
15.57083821168065	154.0
15.58083875003112	154.0
15.59083928838159	154.0
15.600839826732058	156.0
15.610840365082527	159.0
15.620840903432997	163.0
15.630841441783465	167.0
15.640841980133935	173.0
15.650842518484405	177.0
15.660843056834874	179.0
15.670843595185342	181.0
15.680844133535812	183.0
15.690844671886282	183.0
15.70084521023675	181.0
15.71084574858722	179.0
15.72084628693769	175.0
15.73084682528816	171.0
15.740847363638627	167.0
15.750847901989097	163.0
15.760848440339567	161.0
15.770848978690035	159.0
15.780849517040505	159.0
15.790850055390974	158.0
15.800850593741444	158.0
15.810851132091912	158.0
15.820851670442382	156.0
15.830852208792852	156.0
15.84085274714332	156.0
15.85085328549379	156.0
15.86085382384426	156.0
15.870854362194729	156.0
15.880854900545197	156.0
15.890855438895667	158.0
15.900855977246136	159.0
15.910856515596606	163.0
15.920857053947074	167.0
15.930857592297544	171.0
15.940858130648014	173.0
15.950858668998482	175.0
15.960859207348951	175.0
15.970859745699421	175.0
15.980860284049891	171.0
15.990860822400359	165.0
16.00086136075083	156.0
16.010861899101297	145.0
16.02086243745177	140.0
16.030862975802236	137.0
16.040863514152704	136.0
16.050864052503176	134.0
16.060864590853644	136.0
16.070865129204115	137.0
16.080865667554583	139.0
16.09086620590505	140.0
16.100866744255523	142.0
16.11086728260599	142.0
16.12086782095646	142.0
16.13086835930693	142.0
16.1408688976574	142.0
16.150869436007866	142.0
16.160869974358338	142.0
16.170870512708806	142.0
16.180871051059274	142.0
16.190871589409745	142.0
16.200872127760213	142.0
16.210872666110685	142.0
16.220873204461153	142.0
16.23087374281162	142.0
16.240874281162093	142.0
16.25087481951256	142.0
16.26087535786303	142.0
16.2708758962135	142.0
16.280876434563968	142.0
16.290876972914436	142.0
16.300877511264908	142.0
16.310878049615376	142.0
16.320878587965844	142.0
16.330879126316315	142.0
16.340879664666783	144.0
16.350880203017255	142.0
16.360880741367723	142.0
16.37088127971819	142.0
16.380881818068662	142.0
16.39088235641913	140.0
16.400882894769598	140.0
16.41088343312007	139.0
16.420883971470538	139.0
16.430884509821006	139.0
16.440885048171477	139.0
16.450885586521945	139.0
16.460886124872417	140.0
16.470886663222885	145.0
16.480887201573353	152.0
16.490887739923824	159.0
16.500888278274292	167.0
16.51088881662476	173.0
16.520889354975232	179.0
16.5308898933257	181.0
16.540890431676168	183.0
16.55089097002664	183.0
16.560891508377107	181.0
16.570892046727575	179.0
16.580892585078047	171.0
16.590893123428515	165.0
16.600893661778986	159.0
16.610894200129454	156.0
16.620894738479922	152.0
16.630895276830394	152.0
16.640895815180862	154.0
16.65089635353133	158.0
16.6608968918818	161.0
16.67089743023227	165.0
16.680897968582737	171.0
16.69089850693321	177.0
16.700899045283677	181.0
16.71089958363415	185.0
16.720900121984617	185.0
16.730900660335084	185.0
16.740901198685556	185.0
16.750901737036024	183.0
16.760902275386492	181.0
16.770902813736964	177.0
16.78090335208743	175.0
16.7909038904379	173.0
16.80090442878837	171.0
16.81090496713884	171.0
16.820905505489307	171.0
16.83090604383978	173.0
16.840906582190247	173.0
16.850907120540718	173.0
16.860907658891186	175.0
16.870908197241654	175.0
16.880908735592126	175.0
16.890909273942594	173.0
16.90090981229306	173.0
16.910910350643533	171.0
16.920910888994	171.0
16.93091142734447	169.0
16.94091196569494	169.0
16.95091250404541	171.0
16.96091304239588	173.0
16.97091358074635	175.0
16.980914119096816	179.0
16.990914657447288	181.0
17.000915195797756	185.0
17.010915734148224	185.0
17.020916272498695	185.0
17.030916810849163	185.0
17.04091734919963	183.0
17.050917887550103	181.0
17.06091842590057	177.0
17.07091896425104	173.0
17.08091950260151	169.0
17.09092004095198	167.0
17.10092057930245	163.0
17.110921117652918	161.0
17.120921656003386	161.0
17.130922194353857	159.0
17.140922732704325	159.0
17.150923271054793	158.0
17.160923809405265	158.0
17.170924347755733	158.0
17.1809248861062	156.0
17.190925424456672	156.0
17.20092596280714	154.0
17.21092650115761	154.0
17.22092703950808	156.0
17.230927577858548	158.0
17.24092811620902	161.0
17.250928654559488	167.0
17.260929192909956	171.0
17.270929731260427	173.0
17.280930269610895	175.0
17.290930807961363	175.0
17.300931346311835	173.0
17.310931884662303	169.0
17.32093242301277	163.0
17.330932961363242	156.0
17.34093349971371	147.0
17.35093403806418	140.0
17.36093457641465	139.0
17.370935114765118	137.0
17.38093565311559	137.0
17.390936191466057	137.0
17.400936729816525	139.0
17.410937268166997	139.0
17.420937806517465	140.0
17.430938344867933	140.0
17.440938883218404	140.0
17.450939421568872	140.0
17.46093995991934	140.0
17.47094049826981	140.0
17.48094103662028	140.0
17.49094157497075	140.0
17.50094211332122	140.0
17.510942651671687	140.0
17.52094319002216	140.0
17.530943728372627	140.0
17.540944266723095	140.0
17.550944805073566	142.0
17.560945343424034	144.0
17.570945881774502	144.0
17.580946420124974	145.0
17.590946958475442	145.0
17.60094749682591	144.0
17.61094803517638	142.0
17.62094857352685	140.0
17.63094911187732	137.0
17.64094965022779	137.0
17.650950188578257	136.0
17.66095072692873	137.0
17.670951265279196	140.0
17.680951803629664	147.0
17.690952341980136	156.0
17.700952880330604	163.0
17.710953418681072	171.0
17.720953957031544	177.0
17.73095449538201	181.0
17.740955033732483	185.0
17.75095557208295	187.0
17.76095611043342	187.0
17.77095664878389	187.0
17.78095718713436	183.0
17.790957725484827	177.0
17.800958263835298	171.0
17.810958802185766	165.0
17.820959340536234	161.0
17.830959878886706	159.0
17.840960417237174	158.0
17.85096095558764	158.0
17.860961493938113	158.0
17.87096203228858	158.0
17.880962570639053	158.0
17.89096310898952	158.0
17.90096364733999	158.0
17.91096418569046	158.0
17.920964724040928	158.0
17.930965262391396	156.0
17.940965800741868	156.0
17.950966339092336	158.0
17.960966877442804	159.0
17.970967415793275	161.0
17.980967954143743	163.0
17.990968492494215	167.0
18.000969030844683	171.0
18.01096956919515	173.0
18.020970107545622	175.0
18.03097064589609	175.0
18.04097118424656	173.0
18.05097172259703	169.0
18.060972260947498	165.0
18.070972799297966	159.0
18.080973337648437	152.0
18.090973875998905	144.0
18.100974414349373	140.0
18.110974952699845	139.0
18.120975491050313	137.0
18.130976029400784	137.0
18.140976567751252	139.0
18.15097710610172	139.0
18.160977644452192	139.0
18.17097818280266	140.0
18.180978721153128	140.0
18.1909792595036	140.0
18.200979797854067	140.0
18.210980336204535	140.0
18.220980874555007	140.0
18.230981412905475	140.0
18.240981951255947	140.0
18.250982489606415	140.0
18.260983027956883	140.0
18.270983566307354	140.0
18.280984104657822	140.0
18.29098464300829	140.0
18.30098518135876	140.0
18.31098571970923	140.0
18.320986258059698	142.0
18.33098679641017	142.0
18.340987334760637	142.0
18.350987873111105	142.0
18.360988411461577	142.0
18.370988949812045	142.0
18.380989488162516	140.0
18.390990026512984	140.0
18.400990564863452	140.0
18.410991103213924	140.0
18.42099164156439	140.0
18.43099217991486	140.0
18.44099271826533	140.0
18.4509932566158	140.0
18.460993794966267	140.0
18.47099433331674	140.0
18.480994871667207	140.0
18.490995410017675	140.0
18.500995948368146	140.0
18.510996486718614	139.0
18.520997025069086	136.0
18.530997563419554	131.0
18.540998101770022	121.0
18.550998640120493	111.0
18.56099917847096	105.0
18.57099971682143	103.0
18.5810002551719	100.0
18.59100079352237	100.0
18.601001331872837	103.0
18.61100187022331	105.0
18.621002408573776	109.0
18.631002946924248	114.0
18.641003485274716	122.0
18.651004023625184	131.0
18.661004561975655	139.0
18.671005100326123	149.0
18.68100563867659	154.0
18.691006177027063	158.0
18.70100671537753	158.0
18.711007253728	158.0
18.72100779207847	152.0
18.73100833042894	147.0
18.741008868779407	142.0
18.751009407129878	136.0
18.761009945480346	129.0
18.771010483830818	124.0
18.781011022181286	118.0
18.791011560531754	114.0
18.801012098882225	110.0
18.811012637232693	107.0
18.82101317558316	106.0
18.831013713933633	106.0
18.8410142522841	111.0
18.85101479063457	115.0
18.86101532898504	119.0
18.871015867335508	125.0
18.881016405685976	131.0
18.891016944036448	136.0
18.901017482386916	140.0
18.911018020737387	142.0
18.921018559087855	144.0
18.931019097438323	145.0
18.941019635788795	145.0
18.951020174139263	145.0
18.96102071248973	145.0
18.971021250840202	145.0
18.98102178919067	144.0
18.99102232754114	142.0
19.00102286589161	142.0
19.011023404242078	140.0
19.02102394259255	140.0
19.031024480943017	139.0
19.041025019293485	139.0
19.051025557643957	139.0
19.061026095994425	140.0
19.071026634344893	140.0
19.081027172695364	140.0
19.091027711045832	140.0
19.1010282493963	140.0
19.111028787746772	139.0
19.12102932609724	139.0
19.131029864447708	137.0
19.14103040279818	136.0
19.151030941148647	137.0
19.16103147949912	139.0
19.171032017849587	144.0
19.181032556200055	150.0
19.191033094550527	156.0
19.201033632900995	167.0
19.211034171251463	171.0
19.221034709601934	175.0
19.231035247952402	179.0
19.24103578630287	181.0
19.25103632465334	183.0
19.26103686300381	181.0
19.27103740135428	181.0
19.28103793970475	179.0
19.291038478055217	177.0
19.30103901640569	175.0
19.311039554756157	173.0
19.321040093106625	169.0
19.331040631457096	167.0
19.341041169807564	167.0
19.351041708158032	165.0
19.361042246508504	163.0
19.37104278485897	161.0
19.38104332320944	159.0
19.39104386155991	158.0
19.40104439991038	158.0
19.41104493826085	158.0
19.42104547661132	158.0
19.431046014961787	159.0
19.44104655331226	163.0
19.451047091662726	165.0
19.461047630013194	169.0
19.471048168363666	173.0
19.481048706714134	175.0
19.491049245064602	179.0
19.501049783415073	181.0
19.51105032176554	183.0
19.521050860116013	183.0
19.53105139846648	183.0
19.54105193681695	183.0
19.55105247516742	181.0
19.56105301351789	179.0
19.571053551868356	177.0
19.581054090218828	175.0
19.591054628569296	173.0
19.601055166919764	173.0
19.611055705270235	173.0
19.621056243620703	173.0
19.63105678197117	173.0
19.641057320321643	173.0
19.65105785867211	175.0
19.661058397022583	175.0
19.67105893537305	173.0
19.68105947372352	173.0
19.69106001207399	173.0
19.701060550424458	173.0
19.711061088774926	171.0
19.721061627125398	171.0
19.731062165475866	171.0
19.741062703826334	171.0
19.751063242176805	171.0
19.761063780527273	175.0
19.77106431887774	179.0
19.781064857228213	183.0
19.79106539557868	185.0
19.801065933929152	187.0
19.81106647227962	187.0
19.821067010630088	190.0
19.83106754898056	187.0
19.841068087331028	185.0
19.851068625681496	183.0
19.861069164031967	181.0
19.871069702382435	177.0
19.881070240732903	175.0
19.891070779083375	171.0
19.901071317433843	171.0
19.911071855784314	171.0
19.921072394134782	171.0
19.93107293248525	171.0
19.941073470835722	173.0
19.95107400918619	173.0
19.961074547536658	175.0
19.97107508588713	177.0
19.981075624237597	179.0
19.991076162588065	179.0
20.001076700938537	179.0
20.011077239289005	179.0
20.021077777639473	177.0
20.031078315989944	171.0
20.041078854340412	167.0
20.051079392690884	163.0
20.061079931041352	161.0
20.07108046939182	161.0
20.08108100774229	165.0
20.09108154609276	171.0
20.101082084443227	181.0
20.1110826227937	190.0
20.121083161144167	196.0
20.131083699494635	203.0
20.141084237845106	208.0
20.151084776195574	210.0
20.161085314546042	210.0
20.171085852896514	210.0
20.181086391246982	210.0
20.191086929597454	210.0
20.20108746794792	210.0
20.21108800629839	208.0
20.22108854464886	208.0
20.23108908299933	206.0
20.241089621349797	206.0
20.25109015970027	203.0
20.261090698050737	203.0
20.271091236401205	201.0
20.281091774751676	196.0
20.291092313102144	190.0
20.301092851452616	183.0
20.311093389803084	175.0
20.32109392815355	171.0
20.331094466504023	169.0
20.34109500485449	169.0
20.35109554320496	169.0
20.36109608155543	169.0
20.3710966199059	171.0
20.381097158256367	173.0
20.39109769660684	175.0
20.401098234957306	175.0
20.411098773307774	177.0
20.421099311658246	177.0
20.431099850008714	177.0
20.441100388359185	177.0
20.451100926709653	177.0
20.46110146506012	177.0
20.471102003410593	177.0
20.48110254176106	177.0
20.49110308011153	179.0
20.501103618462	179.0
20.51110415681247	181.0
20.521104695162936	183.0
20.531105233513408	187.0
20.541105771863876	190.0
20.551106310214347	190.0
20.561106848564815	190.0
20.571107386915283	190.0
20.581107925265755	187.0
20.591108463616223	183.0
20.60110900196669	179.0
20.611109540317162	175.0
20.62111007866763	171.0
20.6311106170181	167.0
20.64111115536857	163.0
20.651111693719038	161.0
20.661112232069506	161.0
20.671112770419978	161.0
20.681113308770446	161.0
20.691113847120917	161.0
20.701114385471385	161.0
20.711114923821853	161.0
20.721115462172325	161.0
20.731116000522793	161.0
20.74111653887326	161.0
20.751117077223732	159.0
20.7611176155742	159.0
20.771118153924668	158.0
20.78111869227514	156.0
20.791119230625608	156.0
20.80111976897608	156.0
20.811120307326547	156.0
20.821120845677015	158.0
20.831121384027487	161.0
20.841121922377955	165.0
20.851122460728423	169.0
20.861122999078894	171.0
20.871123537429362	171.0
20.88112407577983	169.0
20.8911246141303	167.0
20.90112515248077	163.0
20.911125690831238	158.0
20.92112622918171	152.0
20.931126767532177	145.0
20.94112730588265	142.0
20.951127844233117	139.0
20.961128382583585	137.0
20.971128920934056	137.0
20.981129459284524	139.0
20.991129997634992	139.0
21.001130535985464	139.0
21.011131074335932	140.0
21.0211316126864	140.0
21.03113215103687	140.0
21.04113268938734	140.0
21.051133227737807	140.0
21.06113376608828	140.0
21.071134304438747	140.0
21.08113484278922	140.0
21.091135381139686	140.0
21.101135919490154	142.0
21.111136457840626	142.0
21.121136996191094	144.0
21.131137534541562	144.0
21.141138072892034	144.0
21.1511386112425	142.0
21.16113914959297	140.0
21.17113968794344	140.0
21.18114022629391	139.0
21.19114076464438	140.0
21.20114130299485	144.0
21.211141841345317	149.0
21.221142379695788	154.0
21.231142918046256	159.0
21.241143456396724	165.0
21.251143994747196	171.0
21.261144533097664	175.0
21.27114507144813	177.0
21.281145609798603	179.0
21.29114614814907	179.0
21.30114668649954	179.0
21.31114722485001	177.0
21.32114776320048	175.0
21.33114830155095	171.0
21.341148839901418	169.0
21.351149378251886	167.0
21.361149916602358	167.0
21.371150454952826	165.0
21.381150993303294	165.0
21.391151531653765	163.0
21.401152070004233	163.0
21.4111526083547	161.0
21.421153146705173	159.0
21.43115368505564	159.0
21.44115422340611	158.0
21.45115476175658	158.0
21.46115530010705	158.0
21.47115583845752	156.0
21.481156376807988	156.0
21.491156915158456	158.0
21.501157453508927	158.0
21.511157991859395	161.0
21.521158530209863	165.0
21.531159068560335	167.0
21.541159606910803	171.0
21.55116014526127	175.0
21.561160683611742	177.0
21.57116122196221	179.0
21.581161760312682	181.0
21.59116229866315	181.0
21.601162837013618	181.0
21.61116337536409	179.0
21.621163913714557	179.0
21.631164452065025	177.0
21.641164990415497	173.0
21.651165528765965	171.0
21.661166067116433	167.0
21.671166605466905	163.0
21.681167143817373	161.0
21.69116768216784	159.0
21.701168220518312	158.0
21.71116875886878	158.0
21.72116929721925	158.0
21.73116983556972	158.0
21.741170373920188	158.0
21.75117091227066	158.0
21.761171450621127	158.0
21.771171988971595	158.0
21.781172527322067	158.0
21.791173065672535	159.0
21.801173604023003	159.0
21.811174142373474	159.0
21.821174680723942	161.0
21.831175219074414	163.0
21.84117575742488	165.0
21.85117629577535	165.0
21.86117683412582	167.0
21.87117737247629	169.0
21.881177910826757	171.0
21.89117844917723	171.0
21.901178987527697	173.0
21.911179525878165	175.0
21.921180064228636	179.0
21.931180602579104	181.0
21.941181140929572	183.0
21.951181679280044	185.0
21.961182217630512	185.0
21.971182755980983	185.0
21.98118329433145	183.0
21.99118383268192	181.0
22.00118437103239	179.0
22.01118490938286	175.0
22.021185447733327	173.0
22.0311859860838	171.0
22.041186524434266	171.0
22.051187062784734	173.0
22.061187601135206	173.0
22.071188139485674	173.0
22.081188677836145	173.0
22.091189216186613	173.0
22.10118975453708	173.0
22.111190292887553	173.0
22.12119083123802	173.0
22.13119136958849	173.0
22.14119190793896	173.0
22.15119244628943	173.0
22.161192984639897	173.0
22.171193522990368	173.0
22.181194061340836	173.0
22.191194599691304	173.0
22.201195138041776	173.0
22.211195676392244	173.0
22.221196214742715	175.0
22.231196753093183	177.0
22.24119729144365	179.0
22.251197829794123	181.0
22.26119836814459	183.0
22.27119890649506	183.0
22.28119944484553	183.0
22.291199983195998	183.0
22.301200521546466	181.0
22.311201059896938	181.0
22.321201598247406	179.0
22.331202136597874	177.0
22.341202674948345	177.0
22.351203213298813	175.0
22.361203751649285	175.0
22.371204289999753	175.0
22.38120482835022	175.0
22.391205366700692	175.0
22.40120590505116	175.0
22.41120644340163	175.0
22.4212069817521	175.0
22.431207520102568	175.0
22.441208058453036	175.0
22.451208596803507	175.0
22.461209135153975	175.0
22.471209673504447	175.0
22.481210211854915	175.0
22.491210750205383	175.0
22.501211288555854	173.0
22.511211826906322	173.0
22.52121236525679	173.0
22.531212903607262	173.0
22.54121344195773	173.0
22.551213980308198	175.0
22.56121451865867	177.0
22.571215057009137	181.0
22.581215595359605	183.0
22.591216133710077	183.0
22.601216672060545	183.0
22.611217210411017	183.0
22.621217748761485	183.0
22.631218287111952	181.0
22.641218825462424	177.0
22.651219363812892	175.0
22.66121990216336	173.0
22.67122044051383	173.0
22.6812209788643	171.0
22.691221517214768	171.0
22.70122205556524	171.0
22.711222593915707	173.0
22.721223132266175	173.0
22.731223670616647	173.0
22.741224208967115	173.0
22.751224747317586	171.0
22.761225285668054	169.0
22.771225824018522	165.0
22.781226362368994	163.0
22.79122690071946	163.0
22.80122743906993	154.0
22.8112279774204	0.0
22.82122851577087	0.0
22.831229054121337	0.0
22.84122959247181	0.0
22.851230130822277	0.0
22.86123066917275	0.0
22.871231207523216	0.0
22.881231745873684	0.0
22.891232284224156	0.0
22.901232822574624	0.0
22.91123336092509	0.0
22.921233899275563	0.0
22.93123443762603	0.0
22.9412349759765	0.0
22.95123551432697	0.0
22.96123605267744	0.0
22.971236591027907	0.0
22.98123712937838	0.0
22.991237667728846	0.0
23.001238206079318	0.0
23.011238744429786	0.0
23.021239282780254	0.0
23.031239821130725	0.0
23.041240359481193	183.0
23.05124089783166	181.0
23.061241436182133	181.0
23.0712419745326	179.0
23.08124251288307	179.0
23.09124305123354	179.0
23.10124358958401	179.0
23.11124412793448	177.0
23.121244666284948	177.0
23.131245204635416	177.0
23.141245742985888	177.0
23.151246281336356	177.0
23.161246819686824	177.0
23.171247358037295	177.0
23.181247896387763	177.0
23.19124843473823	175.0
23.201248973088703	175.0
23.21124951143917	175.0
23.22125004978964	175.0
23.23125058814011	175.0
23.241251126490578	175.0
23.25125166484105	177.0
23.261252203191518	177.0
23.271252741541986	179.0
23.281253279892457	181.0
23.291253818242925	181.0
23.301254356593393	181.0
23.311254894943865	181.0
23.321255433294333	181.0
23.3312559716448	181.0
23.341256509995272	179.0
23.35125704834574	177.0
23.36125758669621	175.0
23.37125812504668	173.0
23.381258663397148	169.0
23.39125920174762	167.0
23.401259740098087	165.0
23.411260278448555	163.0
23.421260816799027	161.0
23.431261355149495	161.0
23.441261893499963	159.0
23.451262431850434	159.0
23.461262970200902	159.0
23.47126350855137	159.0
23.481264046901842	159.0
23.49126458525231	159.0
23.50126512360278	161.0
23.51126566195325	161.0
23.521266200303717	161.0
23.53126673865419	161.0
23.541267277004657	161.0
23.551267815355125	161.0
23.561268353705596	161.0
23.571268892056064	161.0
23.581269430406532	161.0
23.591269968757004	161.0
23.601270507107472	161.0
23.61127104545794	161.0
23.62127158380841	161.0
23.63127212215888	159.0
23.64127266050935	159.0
23.65127319885982	159.0
23.661273737210287	159.0
23.67127427556076	159.0
23.681274813911227	161.0
23.691275352261695	163.0
23.701275890612166	167.0
23.711276428962634	169.0
23.721276967313102	171.0
23.731277505663574	173.0
23.74127804401404	175.0
23.751278582364513	175.0
23.76127912071498	173.0
23.77127965906545	171.0
23.78128019741592	169.0
23.79128073576639	165.0
23.801281274116857	163.0
23.811281812467328	159.0
23.821282350817796	158.0
23.831282889168264	158.0
23.841283427518736	158.0
23.851283965869204	158.0
23.86128450421967	158.0
23.871285042570143	159.0
23.88128558092061	159.0
23.891286119271083	159.0
23.90128665762155	159.0
23.91128719597202	158.0
23.92128773432249	158.0
23.93128827267296	158.0
23.941288811023426	159.0
23.951289349373898	159.0
23.961289887724366	161.0
23.971290426074834	161.0
23.981290964425305	161.0
23.991291502775773	159.0
24.00129204112624	154.0
24.011292579476713	149.0
24.02129311782718	145.0
24.031293656177652	0.0
24.04129419452812	0.0
24.05129473287859	0.0
24.06129527122906	0.0
24.071295809579528	0.0
24.081296347929996	0.0
24.091296886280468	0.0
24.101297424630935	0.0
24.111297962981403	0.0
24.121298501331875	0.0
24.131299039682343	0.0
24.141299578032815	0.0
24.151300116383283	0.0
24.16130065473375	0.0
24.171301193084222	0.0
24.18130173143469	0.0
24.191302269785158	0.0
24.20130280813563	0.0
24.211303346486098	0.0
24.221303884836566	0.0
24.231304423187037	0.0
24.241304961537505	0.0
24.251305499887973	0.0
24.261306038238445	0.0
24.271306576588913	0.0
24.281307114939384	0.0
24.291307653289852	0.0
24.30130819164032	0.0
24.31130872999079	0.0
24.32130926834126	0.0
24.331309806691728	0.0
24.3413103450422	0.0
24.351310883392667	0.0
24.361311421743135	0.0
24.371311960093607	0.0
24.381312498444075	0.0
24.391313036794546	0.0
24.401313575145014	0.0
24.411314113495482	0.0
24.421314651845954	132.0
24.431315190196422	136.0
24.44131572854689	137.0
24.45131626689736	139.0
24.46131680524783	139.0
24.471317343598297	140.0
24.48131788194877	140.0
24.491318420299237	140.0
24.501318958649705	140.0
24.511319497000176	140.0
24.521320035350644	142.0
24.531320573701116	142.0
24.541321112051584	142.0
24.551321650402052	142.0
24.561322188752523	142.0
24.57132272710299	142.0
24.58132326545346	142.0
24.59132380380393	142.0
24.6013243421544	142.0
24.611324880504867	142.0
24.62132541885534	144.0
24.631325957205807	144.0
24.641326495556278	144.0
24.651327033906746	144.0
24.661327572257214	142.0
24.671328110607686	142.0
24.681328648958154	142.0
24.69132918730862	140.0
24.701329725659093	140.0
24.71133026400956	140.0
24.72133080236003	140.0
24.7313313407105	140.0
24.74133187906097	140.0
24.751332417411437	140.0
24.761332955761908	142.0
24.771333494112376	142.0
24.781334032462848	142.0
24.791334570813316	142.0
24.801335109163784	144.0
24.811335647514255	144.0
24.821336185864723	144.0
24.83133672421519	144.0
24.841337262565663	144.0
24.85133780091613	144.0
24.8613383392666	144.0
24.87133887761707	144.0
24.88133941596754	144.0
24.891339954318006	144.0
24.901340492668478	144.0
24.911341031018946	142.0
24.921341569369417	142.0
24.931342107719885	142.0
24.941342646070353	142.0
24.951343184420825	142.0
24.961343722771293	142.0
24.97134426112176	144.0
24.981344799472232	144.0
24.9913453378227	144.0
25.00134587617317	144.0
25.01134641452364	144.0
25.021346952874108	144.0
25.03134749122458	144.0
25.041348029575047	144.0
25.051348567925515	144.0
25.061349106275987	144.0
25.071349644626455	142.0
25.081350182976923	142.0
25.091350721327395	142.0
25.101351259677863	142.0
25.11135179802833	142.0
25.121352336378802	142.0
25.13135287472927	140.0
25.141353413079738	142.0
25.15135395143021	142.0
25.161354489780678	142.0
25.17135502813115	142.0
25.181355566481617	142.0
25.191356104832085	144.0
25.201356643182557	144.0
25.211357181533025	145.0
25.221357719883493	147.0
25.231358258233964	149.0
25.241358796584432	154.0
25.2513593349349	159.0
25.26135987328537	167.0
25.27136041163584	173.0
25.281360949986308	177.0
25.29136148833678	179.0
25.301362026687247	181.0
25.31136256503772	179.0
25.321363103388187	177.0
25.331363641738655	175.0
25.341364180089126	171.0
25.351364718439594	169.0
25.361365256790062	165.0
25.371365795140534	163.0
25.381366333491002	163.0
25.39136687184147	161.0
25.40136741019194	161.0
25.41136794854241	161.0
25.42136848689288	159.0
25.43136902524335	159.0
25.441369563593817	158.0
25.45137010194429	156.0
25.461370640294756	156.0
25.471371178645224	156.0
25.481371716995696	156.0
25.491372255346164	158.0
25.501372793696632	161.0
25.511373332047103	165.0
25.52137387039757	167.0
25.53137440874804	171.0
25.54137494709851	175.0
25.55137548544898	179.0
25.56137602379945	181.0
25.57137656214992	181.0
25.581377100500386	181.0
25.591377638850858	179.0
25.601378177201326	179.0
25.611378715551794	175.0
25.621379253902266	173.0
25.631379792252734	169.0
25.6413803306032	167.0
25.651380868953673	165.0
25.66138140730414	165.0
25.671381945654613	163.0
25.68138248400508	163.0
25.69138302235555	161.0
25.70138356070602	161.0
25.711384099056488	161.0
25.721384637406956	159.0
25.731385175757428	159.0
25.741385714107896	159.0
25.751386252458364	159.0
25.761386790808835	159.0
25.771387329159303	159.0
25.78138786750977	161.0
25.791388405860243	163.0
25.80138894421071	165.0
25.811389482561182	167.0
25.82139002091165	169.0
25.83139055926212	171.0
25.84139109761259	175.0
25.851391635963058	177.0
25.861392174313526	179.0
25.871392712663997	181.0
25.881393251014465	183.0
25.891393789364933	183.0
25.901394327715405	183.0
25.911394866065873	181.0
25.921395404416344	181.0
25.931395942766812	179.0
25.94139648111728	177.0
25.951397019467752	177.0
25.96139755781822	177.0
25.971398096168688	175.0
25.98139863451916	175.0
25.991399172869627	175.0
26.001399711220095	175.0
26.011400249570567	175.0
26.021400787921035	175.0
26.031401326271503	175.0
26.041401864621974	175.0
26.051402402972442	175.0
26.061402941322914	177.0
26.071403479673382	177.0
26.08140401802385	177.0
26.09140455637432	177.0
26.10140509472479	177.0
26.111405633075258	177.0
26.12140617142573	177.0
26.131406709776197	177.0
26.141407248126665	177.0
26.151407786477137	177.0
26.161408324827605	177.0
26.171408863178073	175.0
26.181409401528544	175.0
26.191409939879012	175.0
26.201410478229484	175.0
26.21141101657995	173.0
26.22141155493042	173.0
26.23141209328089	173.0
26.24141263163136	173.0
26.251413169981827	173.0
26.2614137083323	173.0
26.271414246682767	173.0
26.281414785033235	173.0
26.291415323383706	173.0
26.301415861734174	173.0
26.311416400084646	173.0
26.321416938435114	173.0
26.33141747678558	173.0
26.341418015136053	173.0
26.35141855348652	175.0
26.36141909183699	175.0
26.37141963018746	175.0
26.38142016853793	175.0
26.391420706888397	175.0
26.40142124523887	177.0
26.411421783589336	177.0
26.421422321939804	177.0
26.431422860290276	175.0
26.441423398640744	175.0
26.451423936991215	173.0
26.461424475341683	173.0
26.47142501369215	173.0
26.481425552042623	173.0
26.49142609039309	173.0
26.50142662874356	173.0
26.51142716709403	173.0
26.5214277054445	173.0
26.531428243794966	173.0
26.541428782145438	173.0
26.551429320495906	173.0
26.561429858846374	175.0
26.571430397196846	175.0
26.581430935547314	175.0
26.591431473897785	175.0
26.601432012248253	175.0
26.61143255059872	177.0
26.621433088949193	177.0
26.63143362729966	177.0
26.64143416565013	177.0
26.6514347040006	177.0
26.661435242351068	177.0
26.671435780701536	175.0
26.681436319052008	173.0
26.691436857402476	171.0
26.701437395752947	169.0
26.711437934103415	165.0
26.721438472453883	161.0
26.731439010804355	158.0
26.741439549154823	156.0
26.75144008750529	152.0
26.761440625855762	152.0
26.77144116420623	152.0
26.781441702556698	154.0
26.79144224090717	158.0
26.801442779257638	163.0
26.811443317608106	169.0
26.821443855958577	173.0
26.831444394309045	177.0
26.841444932659517	181.0
26.851445471009985	183.0
26.861446009360453	183.0
26.871446547710924	183.0
26.881447086061392	183.0
26.89144762441186	181.0
26.901448162762332	179.0
26.9114487011128	175.0
26.921449239463268	171.0
26.93144977781374	167.0
26.941450316164207	165.0
26.95145085451468	163.0
26.961451392865147	161.0
26.971451931215615	159.0
26.981452469566086	159.0
26.991453007916554	158.0
27.001453546267022	158.0
27.011454084617494	158.0
27.021454622967962	158.0
27.03145516131843	158.0
27.0414556996689	156.0
27.05145623801937	156.0
27.061456776369837	156.0
27.07145731472031	156.0
27.081457853070777	158.0
27.09145839142125	159.0
27.101458929771717	161.0
27.111459468122185	165.0
27.121460006472656	169.0
27.131460544823124	171.0
27.141461083173592	175.0
27.151461621524064	175.0
27.16146215987453	175.0
27.171462698225	173.0
27.18146323657547	169.0
27.19146377492594	163.0
27.20146431327641	158.0
27.21146485162688	147.0
27.221465389977347	142.0
27.231465928327818	139.0
27.241466466678286	136.0
27.251467005028754	134.0
27.261467543379226	134.0
27.271468081729694	136.0
27.28146862008016	136.0
27.291469158430633	137.0
27.3014696967811	139.0
27.31147023513157	140.0
27.32147077348204	142.0
27.33147131183251	144.0
27.34147185018298	144.0
27.35147238853345	144.0
27.361472926883916	144.0
27.371473465234388	144.0
27.381474003584856	144.0
27.391474541935324	142.0
27.401475080285795	142.0
27.411475618636263	142.0
27.42147615698673	142.0
27.431476695337203	142.0
27.44147723368767	142.0
27.45147777203814	142.0
27.46147831038861	142.0
27.47147884873908	142.0
27.48147938708955	142.0
27.491479925440018	142.0
27.501480463790486	142.0
27.511481002140957	142.0
27.521481540491425	142.0
27.531482078841893	142.0
27.541482617192365	142.0
27.551483155542833	142.0
27.5614836938933	142.0
27.571484232243773	140.0
27.58148477059424	140.0
27.591485308944712	140.0
27.60148584729518	140.0
27.611486385645648	140.0
27.62148692399612	140.0
27.631487462346588	140.0
27.641488000697056	140.0
27.651488539047527	140.0
27.661489077397995	140.0
27.671489615748463	140.0
27.681490154098935	144.0
27.691490692449403	147.0
27.70149123079987	150.0
27.711491769150342	158.0
27.72149230750081	165.0
27.73149284585128	173.0
27.74149338420175	177.0
27.751493922552218	181.0
27.76149446090269	181.0
27.771494999253157	183.0
27.781495537603625	181.0
27.791496075954097	179.0
27.801496614304565	173.0
27.811497152655033	169.0
27.821497691005504	163.0
27.831498229355972	159.0
27.84149876770644	156.0
27.851499306056912	154.0
27.86149984440738	154.0
27.87150038275785	156.0
27.88150092110832	159.0
27.891501459458787	163.0
27.90150199780926	167.0
27.911502536159727	169.0
27.921503074510195	173.0
27.931503612860666	177.0
27.941504151211134	179.0
27.951504689561602	179.0
27.961505227912074	181.0
27.971505766262542	181.0
27.981506304613013	181.0
27.99150684296348	181.0
28.00150738131395	179.0
28.01150791966442	179.0
28.02150845801489	177.0
28.031508996365357	175.0
28.04150953471583	175.0
28.051510073066297	173.0
28.061510611416765	173.0
28.071511149767236	173.0
28.081511688117704	173.0
28.091512226468172	173.0
28.101512764818644	173.0
28.11151330316911	171.0
28.121513841519583	171.0
28.13151437987005	173.0
28.14151491822052	173.0
28.15151545657099	173.0
28.16151599492146	175.0
28.171516533271927	175.0
28.181517071622398	177.0
28.191517609972866	179.0
28.201518148323334	181.0
28.211518686673806	183.0
28.221519225024274	185.0
28.231519763374745	185.0
28.241520301725213	185.0
28.25152084007568	185.0
28.261521378426153	185.0
28.27152191677662	183.0
28.28152245512709	179.0
28.29152299347756	177.0
28.30152353182803	173.0
28.311524070178496	169.0
28.321524608528968	165.0
28.331525146879436	163.0
28.341525685229904	161.0
28.351526223580375	159.0
28.361526761930843	159.0
28.371527300281315	158.0
28.381527838631783	156.0
28.39152837698225	156.0
28.401528915332722	156.0
28.41152945368319	156.0
28.42152999203366	156.0
28.43153053038413	156.0
28.441531068734598	156.0
28.451531607085066	156.0
28.461532145435537	158.0
28.471532683786005	159.0
28.481533222136477	161.0
28.491533760486945	165.0
28.501534298837413	167.0
28.511534837187885	171.0
28.521535375538352	173.0
28.53153591388882	173.0
28.541536452239292	173.0
28.55153699058976	171.0
28.561537528940228	167.0
28.5715380672907	163.0
28.581538605641168	158.0
28.591539143991636	149.0
28.601539682342107	142.0
28.611540220692575	139.0
28.621540759043047	139.0
28.631541297393515	137.0
28.641541835743983	139.0
28.651542374094454	140.0
28.661542912444922	140.0
28.67154345079539	142.0
28.68154398914586	144.0
28.69154452749633	144.0
28.701545065846798	144.0
28.71154560419727	144.0
28.721546142547737	144.0
28.731546680898205	144.0
28.741547219248677	144.0
28.751547757599145	144.0
28.761548295949616	144.0
28.771548834300084	144.0
28.781549372650552	144.0
28.791549911001024	144.0
28.801550449351492	144.0
28.81155098770196	144.0
28.82155152605243	144.0
28.8315520644029	144.0
28.841552602753367	142.0
28.85155314110384	142.0
28.861553679454307	140.0
28.87155421780478	140.0
28.881554756155246	140.0
28.891555294505714	139.0
28.901555832856186	139.0
28.911556371206654	137.0
28.921556909557122	137.0
28.931557447907593	137.0
28.94155798625806	137.0
28.95155852460853	139.0
28.961559062959	140.0
28.97155960130947	144.0
28.981560139659937	150.0
28.99156067801041	159.0
29.001561216360876	167.0
29.011561754711348	175.0
29.021562293061816	179.0
29.031562831412284	183.0
29.041563369762756	185.0
29.051563908113224	185.0
29.06156444646369	183.0
29.071564984814163	179.0
29.08156552316463	175.0
29.0915660615151	171.0
29.10156659986557	165.0
29.11156713821604	161.0
29.121567676566507	156.0
29.131568214916978	154.0
29.141568753267446	152.0
29.151569291617918	152.0
29.161569829968386	152.0
29.171570368318854	152.0
29.181570906669325	152.0
29.191571445019793	152.0
29.20157198337026	152.0
29.211572521720733	152.0
29.2215730600712	152.0
29.23157359842167	154.0
29.24157413677214	159.0
29.25157467512261	165.0
29.26157521347308	169.0
29.271575751823548	171.0
29.281576290174016	173.0
29.291576828524487	171.0
29.301577366874955	171.0
29.311577905225423	167.0
29.321578443575895	161.0
29.331578981926363	154.0
29.34157952027683	147.0
29.351580058627302	144.0
29.36158059697777	142.0
29.37158113532824	140.0
29.38158167367871	142.0
29.391582212029178	142.0
29.40158275037965	144.0
29.411583288730117	144.0
29.421583827080585	144.0
29.431584365431057	144.0
29.441584903781525	144.0
29.451585442131993	144.0
29.461585980482464	144.0
29.471586518832932	144.0
29.4815870571834	144.0
29.491587595533872	144.0
29.50158813388434	144.0
29.51158867223481	144.0
29.52158921058528	144.0
29.531589748935748	144.0
29.54159028728622	144.0
29.551590825636687	144.0
29.561591363987155	142.0
29.571591902337627	142.0
29.581592440688095	140.0
29.591592979038563	140.0
29.601593517389034	139.0
29.611594055739502	139.0
29.62159459408997	139.0
29.63159513244044	139.0
29.64159567079091	140.0
29.65159620914138	140.0
29.66159674749185	140.0
29.671597285842317	140.0
29.68159782419279	140.0
29.691598362543257	139.0
29.701598900893725	139.0
29.711599439244196	139.0
29.721599977594664	139.0
29.731600515945132	139.0
29.741601054295604	140.0
29.75160159264607	140.0
29.761602130996543	140.0
29.77160266934701	140.0
29.78160320769748	140.0
29.79160374604795	139.0
29.80160428439842	137.0
29.811604822748887	134.0
29.82160536109936	132.0
29.831605899449826	126.0
29.841606437800294	119.0
29.851606976150766	114.0
29.861607514501234	110.0
29.871608052851702	100.0
29.881608591202173	192.0
29.89160912955264	192.0
29.901609667903113	196.0
29.91161020625358	206.0
29.92161074460405	228.0
29.93161128295452	242.0
29.94161182130499	129.0
29.951612359655456	139.0
29.961612898005928	147.0
29.971613436356396	149.0
29.981613974706864	149.0
29.991614513057336	149.0
30.001615051407803	147.0
30.01161558975827	142.0
30.021616128108743	139.0
30.03161666645921	132.0
30.041617204809683	121.0
30.05161774316015	115.0
30.06161828151062	110.0
30.07161881986109	105.0
30.081619358211558	103.0
30.091619896562026	103.0
30.101620434912498	104.0
30.111620973262966	107.0
30.121621511613434	117.0
30.131622049963905	121.0
30.141622588314373	125.0
30.151623126664845	131.0
30.161623665015313	134.0
30.17162420336578	137.0
30.181624741716252	140.0
30.19162528006672	142.0
30.201625818417188	142.0
30.21162635676766	142.0
30.221626895118128	140.0
30.231627433468596	139.0
30.241627971819067	137.0
30.251628510169535	137.0
30.261629048520003	137.0
30.271629586870475	137.0
30.281630125220943	137.0
30.291630663571414	137.0
30.301631201921882	137.0
30.31163174027235	136.0
30.321632278622822	0.0
30.33163281697329	0.0
30.341633355323758	136.0
30.35163389367423	136.0
30.361634432024697	136.0
30.371634970375165	136.0
30.381635508725637	137.0
30.391636047076105	137.0
30.401636585426573	0.0
30.411637123777044	0.0
30.421637662127512	159.0
30.431638200477984	167.0
30.441638738828452	173.0
30.45163927717892	177.0
30.46163981552939	181.0
30.47164035387986	181.0
30.481640892230327	181.0
30.4916414305808	181.0
30.501641968931267	179.0
30.511642507281735	177.0
30.521643045632207	173.0
30.531643583982675	169.0
30.541644122333146	167.0
30.551644660683614	165.0
30.561645199034082	163.0
30.571645737384554	163.0
30.58164627573502	161.0
30.59164681408549	159.0
30.60164735243596	159.0
30.61164789078643	158.0
30.621648429136897	156.0
30.63164896748737	158.0
30.641649505837837	159.0
30.651650044188305	163.0
30.661650582538776	169.0
30.671651120889244	173.0
30.681651659239716	177.0
30.691652197590184	181.0
30.70165273594065	185.0
30.711653274291123	187.0
30.72165381264159	187.0
30.73165435099206	187.0
30.74165488934253	187.0
30.751655427693	187.0
30.761655966043467	185.0
30.77165650439394	185.0
30.781657042744406	183.0
30.791657581094878	181.0
30.801658119445346	179.0
30.811658657795814	177.0
30.821659196146285	175.0
30.831659734496753	175.0
30.84166027284722	173.0
30.851660811197693	173.0
30.86166134954816	175.0
30.87166188789863	173.0
30.8816624262491	173.0
30.89166296459957	173.0
30.901663502950036	171.0
30.911664041300508	171.0
30.921664579650976	171.0
30.931665118001447	169.0
30.941665656351915	171.0
30.951666194702383	171.0
30.961666733052855	175.0
30.971667271403323	177.0
30.98166780975379	179.0
30.991668348104263	181.0
31.00166888645473	183.0
31.0116694248052	183.0
31.02166996315567	183.0
31.031670501506138	181.0
31.04167103985661	181.0
31.051671578207078	179.0
31.061672116557546	177.0
31.071672654908017	177.0
31.081673193258485	175.0
31.091673731608953	173.0
31.101674269959425	173.0
31.111674808309893	173.0
31.12167534666036	173.0
31.131675885010832	175.0
31.1416764233613	175.0
31.151676961711768	175.0
31.16167750006224	175.0
31.171678038412708	177.0
31.18167857676318	177.0
31.191679115113647	177.0
31.201679653464115	177.0
31.211680191814587	177.0
31.221680730165055	175.0
31.231681268515523	171.0
31.241681806865994	167.0
31.251682345216462	163.0
31.26168288356693	163.0
31.271683421917402	165.0
31.28168396026787	171.0
31.291684498618338	177.0
31.30168503696881	183.0
31.311685575319277	192.0
31.32168611366975	199.0
31.331686652020217	206.0
31.341687190370685	208.0
31.351687728721156	210.0
31.361688267071624	210.0
31.371688805422092	210.0
31.381689343772564	210.0
31.391689882123032	210.0
31.4016904204735	210.0
31.41169095882397	210.0
31.42169149717444	213.0
31.43169203552491	213.0
31.44169257387538	215.0
31.451693112225847	215.0
31.46169365057632	215.0
31.471694188926786	215.0
31.481694727277254	213.0
31.491695265627726	208.0
31.501695803978194	201.0
31.511696342328662	194.0
31.521696880679134	187.0
31.5316974190296	181.0
31.54169795738007	177.0
31.55169849573054	175.0
31.56169903408101	173.0
31.57169957243148	171.0
31.58170011078195	171.0
31.591700649132417	171.0
31.601701187482888	171.0
31.611701725833356	171.0
31.621702264183824	171.0
31.631702802534296	171.0
31.641703340884764	171.0
31.65170387923523	173.0
31.661704417585703	177.0
31.67170495593617	181.0
31.68170549428664	185.0
31.69170603263711	187.0
31.70170657098758	190.0
31.71170710933805	190.0
31.72170764768852	190.0
31.731708186038986	187.0
31.741708724389458	185.0
31.751709262739926	183.0
31.761709801090394	179.0
31.771710339440865	177.0
31.781710877791333	173.0
31.7917114161418	171.0
31.801711954492273	167.0
31.81171249284274	165.0
31.821713031193212	163.0
31.83171356954368	163.0
31.84171410789415	161.0
31.85171464624462	159.0
31.861715184595088	158.0
31.871715722945556	156.0
31.881716261296027	156.0
31.891716799646495	156.0
31.901717337996963	156.0
31.911717876347435	156.0
31.921718414697903	156.0
31.93171895304837	154.0
31.941719491398842	154.0
31.95172002974931	156.0
31.961720568099782	156.0
31.97172110645025	158.0
31.981721644800718	161.0
31.99172218315119	167.0
32.00172272150166	175.0
32.011723259852126	175.0
32.02172379820259	173.0
32.03172433655307	171.0
32.04172487490354	167.0
32.051725413254005	161.0
32.06172595160447	156.0
32.07172648995494	149.0
32.08172702830541	144.0
32.091727566655884	140.0
32.10172810500635	137.0
32.11172864335682	136.0
32.12172918170729	136.0
32.131729720057756	137.0
32.14173025840823	137.0
32.1517307967587	139.0
32.16173133510917	139.0
32.171731873459635	139.0
32.1817324118101	139.0
32.19173295016057	139.0
32.201733488511046	139.0
32.211734026861514	139.0
32.22173456521198	139.0
32.23173510356245	140.0
32.24173564191292	140.0
32.251736180263386	140.0
32.26173671861386	140.0
32.27173725696433	140.0
32.2817377953148	140.0
32.291738333665265	140.0
32.30173887201573	140.0
32.31173941036621	140.0
32.321739948716676	139.0
32.331740487067144	137.0
32.34174102541761	136.0
32.35174156376808	134.0
32.36174210211855	136.0
32.37174264046902	142.0
32.38174317881949	149.0
32.39174371716996	156.0
32.40174425552043	163.0
32.411744793870895	171.0
32.42174533222137	175.0
32.43174587057184	177.0
32.441746408922306	177.0
32.451746947272774	175.0
32.46174748562324	171.0
32.47174802397371	167.0
32.481748562324185	165.0
32.49174910067465	161.0
32.50174963902512	158.0
32.51175017737559	156.0
32.52175071572606	152.0
32.53175125407653	149.0
32.541751792427	145.0
32.55175233077747	142.0
32.561752869127936	140.0
32.571753407478404	0.0
32.58175394582887	0.0
32.59175448417935	0.0
32.601755022529815	0.0
32.61175556088028	0.0
32.62175609923075	0.0
32.63175663758122	0.0
32.64175717593169	0.0
32.65175771428216	0.0
32.66175825263263	0.0
32.6717587909831	0.0
32.681759329333566	0.0
32.691759867684034	0.0
32.70176040603451	0.0
32.71176094438498	0.0
32.721761482735445	0.0
32.73176202108591	0.0
32.74176255943638	0.0
32.75176309778685	0.0
32.761763636137324	0.0
32.77176417448779	0.0
32.78176471283826	0.0
32.79176525118873	0.0
32.801765789539196	0.0
32.81176632788967	0.0
32.82176686624014	0.0
32.83176740459061	0.0
32.841767942941075	0.0
32.85176848129154	0.0
32.86176901964201	0.0
32.87176955799249	0.0
32.881770096342954	0.0
32.89177063469342	0.0
32.90177117304389	0.0
32.91177171139436	0.0
32.92177224974483	0.0
32.9317727880953	0.0
32.94177332644577	0.0
32.95177386479624	187.0
32.961774403146705	185.0
32.97177494149717	183.0
32.98177547984765	181.0
32.99177601819812	179.0
33.001776556548585	179.0
33.01177709489905	179.0
33.02177763324952	177.0
33.031778171599996	177.0
33.041778709950464	177.0
33.05177924830093	175.0
33.0617797866514	175.0
33.07178032500187	175.0
33.081780863352336	173.0
33.09178140170281	173.0
33.10178194005328	173.0
33.11178247840375	173.0
33.121783016754215	173.0
33.13178355510468	173.0
33.14178409345515	173.0
33.151784631805626	173.0
33.161785170156094	173.0
33.17178570850656	175.0
33.18178624685703	177.0
33.1917867852075	179.0
33.20178732355797	181.0
33.21178786190844	185.0
33.22178840025891	187.0
33.23178893860938	190.0
33.241789476959845	192.0
33.25179001531031	194.0
33.26179055366079	194.0
33.271791092011256	194.0
33.281791630361724	192.0
33.29179216871219	192.0
33.30179270706266	190.0
33.311793245413135	185.0
33.3217937837636	183.0
33.33179432211407	179.0
33.34179486046454	177.0
33.35179539881501	177.0
33.361795937165475	175.0
33.37179647551595	173.0
33.38179701386642	173.0
33.391797552216886	173.0
33.401798090567354	173.0
33.41179862891782	173.0
33.4217991672683	173.0
33.431799705618765	175.0
33.44180024396923	175.0
33.4518007823197	175.0
33.46180132067017	175.0
33.47180185902064	175.0
33.48180239737111	173.0
33.49180293572158	173.0
33.50180347407205	173.0
33.511804012422516	173.0
33.521804550772984	173.0
33.53180508912345	177.0
33.54180562747393	181.0
33.551806165824395	187.0
33.56180670417486	194.0
33.57180724252533	199.0
33.5818077808758	206.0
33.591808319226274	210.0
33.60180885757674	213.0
33.61180939592721	215.0
33.62180993427768	218.0
33.631810472628146	215.0
33.641811010978614	213.0
33.65181154932909	210.0
33.66181208767956	208.0
33.671812626030025	203.0
33.68181316438049	199.0
33.69181370273096	194.0
33.701814241081436	187.0
33.711814779431904	183.0
33.72181531778237	181.0
33.73181585613284	177.0
33.74181639448331	177.0
33.751816932833776	175.0
33.76181747118425	175.0
33.77181800953472	175.0
33.78181854788519	177.0
33.791819086235655	177.0
33.80181962458612	177.0
33.8118201629366	177.0
33.821820701287066	177.0
33.831821239637534	177.0
33.841821777988	177.0
33.85182231633847	177.0
33.86182285468894	177.0
33.87182339303941	177.0
33.88182393138988	175.0
33.89182446974035	175.0
33.90182500809082	173.0
33.911825546441285	173.0
33.92182608479176	173.0
33.93182662314223	175.0
33.9418271614927	177.0
33.951827699843165	179.0
33.96182823819363	181.0
33.9718287765441	183.0
33.981829314894576	183.0
33.991829853245044	183.0
34.00183039159551	183.0
34.01183092994598	183.0
34.02183146829645	183.0
34.031832006646916	181.0
34.04183254499739	181.0
34.05183308334786	179.0
34.06183362169833	175.0
34.071834160048795	173.0
34.08183469839926	169.0
34.09183523674974	167.0
34.101835775100206	165.0
34.111836313450674	165.0
34.12183685180114	163.0
34.13183739015161	163.0
34.14183792850208	161.0
34.15183846685255	159.0
34.16183900520302	159.0
34.17183954355349	158.0
34.18184008190396	158.0
34.191840620254425	158.0
34.2018411586049	159.0
34.21184169695537	161.0
34.221842235305836	165.0
34.231842773656304	169.0
34.24184331200677	171.0
34.25184385035724	175.0
34.261844388707715	177.0
34.27184492705818	181.0
34.28184546540865	183.0
34.29184600375912	183.0
34.30184654210959	183.0
34.31184708046006	183.0
34.32184761881053	181.0
34.331848157161	177.0
34.341848695511466	173.0
34.351849233861934	169.0
34.3618497722124	165.0
34.37185031056288	163.0
34.381850848913345	161.0
34.39185138726381	159.0
34.40185192561428	158.0
34.41185246396475	156.0
34.42185300231522	156.0
34.43185354066569	156.0
34.44185407901616	158.0
34.45185461736663	158.0
34.461855155717096	158.0
34.471855694067564	156.0
34.48185623241804	156.0
34.49185677076851	156.0
34.501857309118975	156.0
34.51185784746944	156.0
34.52185838581991	158.0
34.53185892417038	159.0
34.541859462520854	163.0
34.55186000087132	165.0
34.56186053922179	169.0
34.57186107757226	167.0
34.581861615922726	167.0
34.5918621542732	165.0
34.60186269262367	161.0
34.61186323097414	158.0
34.621863769324605	152.0
34.63186430767507	147.0
34.64186484602554	144.0
34.651865384376016	140.0
34.661865922726484	139.0
34.67186646107695	137.0
34.68186699942742	137.0
34.69186753777789	139.0
34.70186807612836	139.0
34.71186861447883	142.0
34.7218691528293	144.0
34.73186969117977	142.0
34.741870229530235	140.0
34.7518707678807	137.0
34.76187130623118	136.0
34.771871844581646	136.0
34.781872382932114	0.0
34.79187292128258	0.0
34.80187345963305	0.0
34.81187399798352	0.0
34.82187453633399	0.0
34.83187507468446	0.0
34.84187561303493	0.0
34.8518761513854	0.0
34.861876689735865	0.0
34.87187722808634	0.0
34.88187776643681	0.0
34.89187830478728	0.0
34.901878843137744	0.0
34.91187938148821	0.0
34.92187991983868	0.0
34.931880458189156	0.0
34.94188099653962	0.0
34.95188153489009	0.0
34.96188207324056	0.0
34.97188261159103	0.0
34.9818831499415	0.0
34.99188368829197	0.0
35.00188422664244	0.0
35.01188476499291	0.0
35.021885303343375	0.0
35.03188584169384	0.0
35.04188638004432	0.0
35.051886918394786	0.0
35.061887456745254	0.0
35.07188799509572	0.0
35.08188853344619	0.0
35.091889071796665	0.0
35.10188961014713	0.0
35.1118901484976	0.0
35.12189068684807	0.0
35.13189122519854	0.0
35.141891763549005	0.0
35.15189230189948	0.0
35.16189284024995	0.0
35.171893378600416	0.0
35.181893916950884	0.0
35.19189445530135	0.0
35.20189499365182	0.0
35.211895532002295	0.0
35.22189607035276	0.0
35.23189660870323	0.0
35.2418971470537	0.0
35.25189768540417	0.0
35.26189822375464	0.0
35.27189876210511	0.0
35.28189930045558	0.0
35.291899838806046	0.0
35.301900377156514	0.0
35.31190091550698	0.0
35.32190145385746	0.0
35.331901992207925	0.0
35.34190253055839	0.0
35.35190306890886	0.0
35.36190360725933	0.0
35.371904145609804	0.0
35.38190468396027	0.0
35.39190522231074	0.0
35.40190576066121	0.0
35.411906299011676	0.0
35.421906837362144	0.0
35.43190737571262	0.0
35.44190791406309	0.0
35.451908452413555	0.0
35.46190899076402	0.0
35.47190952911449	0.0
35.481910067464966	0.0
35.491910605815434	0.0
35.5019111441659	0.0
35.51191168251637	0.0
35.52191222086684	0.0
35.531912759217306	0.0
35.54191329756778	0.0
35.55191383591825	0.0
35.56191437426872	0.0
35.571914912619185	0.0
35.58191545096965	0.0
35.59191598932013	0.0
35.601916527670596	0.0
35.611917066021064	0.0
35.62191760437153	0.0
35.631918142722	0.0
35.64191868107247	0.0
35.65191921942294	0.0
35.66191975777341	0.0
35.67192029612388	0.0
35.68192083447435	0.0
35.691921372824815	0.0
35.70192191117528	0.0
35.71192244952576	0.0
35.721922987876226	0.0
35.731923526226694	0.0
35.74192406457716	0.0
35.75192460292763	0.0
35.761925141278105	0.0
35.77192567962857	0.0
35.78192621797904	0.0
35.79192675632951	0.0
35.80192729467998	0.0
35.811927833030445	0.0
35.82192837138092	0.0
35.83192890973139	0.0
35.841929448081856	0.0
35.851929986432324	0.0
35.86193052478279	0.0
35.87193106313327	0.0
35.881931601483736	0.0
35.8919321398342	0.0
35.90193267818467	0.0
35.91193321653514	0.0
35.92193375488561	0.0
35.93193429323608	0.0
35.94193483158655	0.0
35.95193536993702	0.0
35.96193590828749	0.0
35.971936446637955	0.0
35.98193698498843	0.0
35.9919375233389	0.0
36.001938061689366	0.0
36.011938600039834	0.0
36.0219391383903	0.0
36.03193967674077	0.0
36.041940215091245	0.0
36.05194075344171	0.0
36.06194129179218	0.0
36.07194183014265	0.0
36.08194236849312	0.0
36.091942906843585	0.0
36.10194344519406	0.0
36.11194398354453	0.0
36.121944521894996	0.0
36.131945060245464	0.0
36.14194559859593	0.0
36.15194613694641	0.0
36.161946675296875	0.0
36.17194721364734	0.0
36.18194775199781	0.0
36.19194829034828	0.0
36.20194882869875	0.0
36.21194936704922	0.0
36.22194990539969	0.0
36.23195044375016	0.0
36.241950982100626	0.0
36.251951520451094	0.0
36.26195205880157	0.0
36.27195259715204	0.0
36.281953135502505	0.0
36.29195367385297	0.0
36.30195421220344	0.0
36.31195475055391	0.0
36.321955288904384	0.0
36.33195582725485	0.0
36.34195636560532	0.0
36.35195690395579	0.0
36.361957442306256	0.0
36.37195798065673	0.0
36.3819585190072	0.0
36.39195905735767	0.0
36.401959595708135	0.0
36.4119601340586	0.0
36.42196067240907	0.0
36.431961210759546	0.0
36.441961749110014	0.0
36.45196228746048	0.0
36.46196282581095	0.0
36.47196336416142	0.0
36.48196390251189	0.0
36.49196444086236	0.0
36.50196497921283	0.0
36.5119655175633	0.0
36.521966055913765	0.0
36.53196659426423	0.0
36.54196713261471	0.0
36.551967670965176	0.0
36.561968209315644	0.0
36.57196874766611	0.0
36.58196928601658	0.0
36.59196982436705	0.0
36.60197036271752	0.0
36.61197090106799	0.0
36.62197143941846	0.0
36.63197197776893	179.0
36.641972516119395	179.0
36.65197305446987	181.0
36.66197359282034	181.0
36.671974131170806	183.0
36.681974669521274	185.0
36.69197520787174	185.0
36.70197574622221	185.0
36.711976284572685	183.0
36.72197682292315	181.0
36.73197736127362	181.0
36.74197789962409	181.0
36.75197843797456	179.0
36.76197897632503	179.0
36.7719795146755	177.0
36.78198005302597	177.0
36.791980591376436	177.0
36.801981129726904	177.0
36.81198166807737	179.0
36.82198220642785	179.0
36.831982744778315	179.0
36.84198328312878	179.0
36.85198382147925	177.0
36.86198435982972	175.0
36.871984898180195	173.0
36.88198543653066	173.0
36.89198597488113	173.0
36.9019865132316	173.0
36.91198705158207	177.0
36.921987589932534	181.0
36.93198812828301	183.0
36.94198866663348	185.0
36.951989204983946	187.0
36.961989743334414	190.0
36.97199028168488	190.0
36.98199082003535	190.0
36.991991358385825	187.0
37.00199189673629	187.0
37.01199243508676	185.0
37.02199297343723	183.0
37.0319935117877	183.0
37.04199405013817	181.0
37.05199458848864	179.0
37.06199512683911	177.0
37.071995665189576	177.0
37.081996203540044	175.0
37.09199674189051	175.0
37.10199728024099	177.0
37.111997818591455	177.0
37.12199835694192	175.0
37.13199889529239	175.0
37.14199943364286	175.0
37.151999971993334	175.0
37.1620005103438	175.0
37.17200104869427	175.0
37.18200158704474	175.0
37.192002125395206	177.0
37.202002663745674	181.0
37.21200320209615	185.0
37.22200374044662	190.0
37.232004278797085	196.0
37.24200481714755	203.0
37.25200535549802	208.0
37.262005893848496	213.0
37.272006432198964	215.0
37.28200697054943	215.0
37.2920075088999	215.0
37.30200804725037	213.0
37.312008585600836	210.0
37.32200912395131	208.0
37.33200966230178	203.0
37.34201020065225	199.0
37.352010739002715	194.0
37.36201127735318	187.0
37.37201181570365	185.0
37.382012354054126	181.0
37.392012892404594	179.0
37.40201343075506	177.0
37.41201396910553	175.0
37.422014507456	173.0
37.43201504580647	173.0
37.44201558415694	173.0
37.45201612250741	175.0
37.46201666085788	175.0
37.472017199208345	175.0
37.48201773755881	175.0
37.49201827590929	175.0
37.502018814259756	175.0
37.512019352610224	175.0
37.52201989096069	175.0
37.53202042931116	175.0
37.542020967661635	175.0
37.5520215060121	175.0
37.56202204436257	175.0
37.57202258271304	177.0
37.58202312106351	177.0
37.592023659413975	179.0
37.60202419776445	181.0
37.61202473611492	181.0
37.622025274465386	183.0
37.632025812815854	183.0
37.64202635116632	185.0
37.6520268895168	185.0
37.662027427867265	185.0
37.67202796621773	183.0
37.6820285045682	183.0
37.69202904291867	181.0
37.70202958126914	179.0
37.71203011961961	179.0
37.72203065797008	177.0
37.73203119632055	173.0
37.742031734671016	171.0
37.752032273021484	167.0
37.76203281137195	165.0
37.77203334972243	163.0
37.782033888072895	159.0
37.79203442642336	158.0
37.80203496477383	156.0
37.8120355031243	154.0
37.822036041474774	156.0
37.83203657982524	156.0
37.84203711817571	158.0
37.85203765652618	158.0
37.86203819487665	159.0
37.872038733227114	161.0
37.88203927157759	161.0
37.89203980992806	163.0
37.902040348278526	165.0
37.91204088662899	169.0
37.92204142497946	173.0
37.93204196332994	177.0
37.942042501680405	181.0
37.95204304003087	185.0
37.96204357838134	187.0
37.97204411673181	187.0
37.98204465508228	187.0
37.99204519343275	185.0
38.00204573178322	181.0
38.01204627013369	179.0
38.022046808484156	173.0
38.032047346834624	169.0
38.0420478851851	163.0
38.05204842353557	161.0
38.062048961886035	159.0
38.0720495002365	158.0
38.08205003858697	156.0
38.09205057693744	156.0
38.102051115287914	158.0
38.11205165363838	158.0
38.12205219198885	159.0
38.13205273033932	159.0
38.142053268689786	161.0
38.15205380704026	161.0
38.16205434539073	161.0
38.1720548837412	159.0
38.182055422091665	159.0
38.19205596044213	158.0
38.2020564987926	159.0
38.212057037143076	161.0
38.222057575493544	163.0
38.23205811384401	165.0
38.24205865219448	169.0
38.25205919054495	171.0
38.262059728895416	171.0
38.27206026724589	173.0
38.28206080559636	171.0
38.29206134394683	171.0
38.302061882297295	169.0
38.31206242064776	167.0
38.32206295899824	163.0
38.332063497348706	159.0
38.342064035699174	154.0
38.35206457404964	149.0
38.36206511240011	145.0
38.37206565075058	144.0
38.38206618910105	142.0
38.39206672745152	142.0
38.40206726580199	144.0
38.41206780415246	144.0
38.422068342502925	144.0
38.4320688808534	144.0
38.44206941920387	144.0
38.452069957554336	144.0
38.462070495904804	144.0
38.47207103425527	144.0
38.48207157260574	144.0
38.492072110956215	144.0
38.50207264930668	144.0
38.51207318765715	142.0
38.52207372600762	140.0
38.53207426435809	139.0
38.54207480270856	136.0
38.55207534105903	134.0
38.5620758794095	134.0
38.572076417759966	136.0
38.582076956110434	0.0
38.5920774944609	0.0
38.60207803281138	0.0
38.612078571161845	0.0
38.62207910951231	0.0
38.63207964786278	0.0
38.64208018621325	0.0
38.65208072456372	0.0
38.66208126291419	0.0
38.67208180126466	0.0
38.68208233961513	0.0
38.692082877965596	199.0
38.702083416316064	194.0
38.71208395466654	190.0
38.72208449301701	187.0
38.732085031367475	181.0
38.74208556971794	177.0
38.75208610806841	171.0
38.76208664641888	165.0
38.772087184769354	159.0
38.78208772311982	156.0
38.79208826147029	154.0
38.80208879982076	156.0
38.812089338171226	158.0
38.8220898765217	159.0
38.83209041487217	163.0
38.84209095322264	169.0
38.852091491573105	173.0
38.86209202992357	177.0
38.87209256827404	181.0
38.88209310662452	183.0
38.892093644974985	185.0
38.90209418332545	183.0
38.91209472167592	183.0
38.92209526002639	179.0
38.932095798376864	175.0
38.94209633672733	169.0
38.9520968750778	165.0
38.96209741342827	161.0
38.972097951778736	159.0
38.982098490129204	158.0
38.99209902847968	158.0
39.00209956683015	158.0
39.012100105180615	159.0
39.02210064353108	159.0
39.03210118188155	161.0
39.042101720232026	163.0
39.052102258582494	163.0
39.06210279693296	165.0
39.07210333528343	167.0
39.0821038736339	169.0
39.092104411984366	171.0
39.10210495033484	175.0
39.11210548868531	177.0
39.12210602703578	179.0
39.132106565386245	181.0
39.14210710373671	183.0
39.15210764208718	181.0
39.162108180437656	181.0
39.172108718788124	177.0
39.18210925713859	175.0
39.19210979548906	173.0
39.20211033383953	173.0
39.21211087219	173.0
39.22211141054047	173.0
39.23211194889094	175.0
39.24211248724141	175.0
39.252113025591875	175.0
39.26211356394234	175.0
39.27211410229282	177.0
39.282114640643286	177.0
39.292115178993754	177.0
39.30211571734422	177.0
39.31211625569469	177.0
39.322116794045165	179.0
39.33211733239563	179.0
39.3421178707461	179.0
39.35211840909657	179.0
39.36211894744704	177.0
39.372119485797505	177.0
39.38212002414798	177.0
39.39212056249845	175.0
39.402121100848916	175.0
39.412121639199384	175.0
39.42212217754985	175.0
39.43212271590033	173.0
39.442123254250795	173.0
39.45212379260126	173.0
39.46212433095173	173.0
39.4721248693022	173.0
39.48212540765267	175.0
39.49212594600314	175.0
39.50212648435361	175.0
39.51212702270408	177.0
39.522127561054546	177.0
39.532128099405014	177.0
39.54212863775548	175.0
39.55212917610596	175.0
39.562129714456425	173.0
39.57213025280689	171.0
39.58213079115736	169.0
39.59213132950783	165.0
39.602131867858304	161.0
39.61213240620877	158.0
39.62213294455924	152.0
39.63213348290971	149.0
39.642134021260176	147.0
39.652134559610644	147.0
39.66213509796112	147.0
39.67213563631159	154.0
39.682136174662055	163.0
39.69213671301252	169.0
39.70213725136299	173.0
39.712137789713466	177.0
39.722138328063934	181.0
39.7321388664144	185.0
39.74213940476487	187.0
39.75213994311534	187.0
39.762140481465806	185.0
39.77214101981628	183.0
39.78214155816675	179.0
39.79214209651722	175.0
39.802142634867685	171.0
39.81214317321815	167.0
39.82214371156863	163.0
39.8321442499191	161.0
39.842144788269565	159.0
39.85214532662003	158.0
39.8621458649705	158.0
39.87214640332097	156.0
39.882146941671444	156.0
39.89214748002191	156.0
39.90214801837238	156.0
39.91214855672285	156.0
39.922149095073316	156.0
39.93214963342378	156.0
39.94215017177426	156.0
39.95215071012473	158.0
39.962151248475195	159.0
39.97215178682566	163.0
39.98215232517613	167.0
39.992152863526606	171.0
40.002153401877074	173.0
40.01215394022754	173.0
40.02215447857801	171.0
40.03215501692848	171.0
40.042155555278946	167.0
40.05215609362942	165.0
40.06215663197989	159.0
40.07215717033036	154.0
40.082157708680825	147.0
40.09215824703129	144.0
40.10215878538177	142.0
40.112159323732236	140.0
40.122159862082704	140.0
40.13216040043317	140.0
40.14216093878364	140.0
40.15216147713411	140.0
40.16216201548458	140.0
40.17216255383505	140.0
40.18216309218552	140.0
40.19216363053599	140.0
40.202164168886455	140.0
40.21216470723693	140.0
40.2221652455874	140.0
40.232165783937866	140.0
40.242166322288334	142.0
40.2521668606388	142.0
40.26216739898927	142.0
40.272167937339745	144.0
40.28216847569021	144.0
40.29216901404068	144.0
40.30216955239115	144.0
40.31217009074162	144.0
40.322170629092085	142.0
40.33217116744256	140.0
40.34217170579303	140.0
40.352172244143496	139.0
40.362172782493964	139.0
40.37217332084443	139.0
40.38217385919491	139.0
40.392174397545375	139.0
40.40217493589584	139.0
40.41217547424631	139.0
40.42217601259678	139.0
40.43217655094725	140.0
40.44217708929772	140.0
40.45217762764819	140.0
40.46217816599866	140.0
40.472178704349126	140.0
40.482179242699594	140.0
40.49217978105007	140.0
40.50218031940054	139.0
40.512180857751005	136.0
40.52218139610147	134.0
40.53218193445194	125.0
40.54218247280241	109.0
40.552183011152884	105.0
40.56218354950335	104.0
40.57218408785382	105.0
40.58218462620429	110.0
40.592185164554756	117.0
40.60218570290523	126.0
40.6121862412557	137.0
40.62218677960617	145.0
40.632187317956635	154.0
40.6421878563071	158.0
40.65218839465757	158.0
40.662188933008046	150.0
40.672189471358514	142.0
40.68219000970898	134.0
40.69219054805945	125.0
40.70219108640992	121.0
40.71219162476039	115.0
40.72219216311086	110.0
40.73219270146133	105.0
40.7421932398118	105.0
40.752193778162265	105.0
40.76219431651273	106.0
40.77219485486321	107.0
40.78219539321368	111.0
40.792195931564144	115.0
40.80219646991461	121.0
40.81219700826508	126.0
40.82219754661555	131.0
40.83219808496602	134.0
40.84219862331649	137.0
40.85219916166696	137.0
40.86219970001743	139.0
40.872200238367896	139.0
40.88220077671837	139.0
40.89220131506884	139.0
40.90220185341931	139.0
40.912202391769775	137.0
40.92220293012024	137.0
40.93220346847071	137.0
40.942204006821186	137.0
40.952204545171654	137.0
40.96220508352212	139.0
40.97220562187259	139.0
40.98220616022306	140.0
40.99220669857353	142.0
41.002207236924	142.0
41.01220777527447	144.0
41.02220831362494	144.0
41.032208851975405	144.0
41.04220939032587	144.0
41.05220992867635	142.0
41.062210467026816	142.0
41.072211005377284	142.0
41.08221154372775	142.0
41.09221208207822	140.0
41.102212620428695	140.0
41.11221315877916	140.0
41.12221369712963	140.0
41.1322142354801	140.0
41.14221477383057	142.0
41.152215312181035	142.0
41.16221585053151	142.0
41.17221638888198	140.0
41.182216927232446	140.0
41.192217465582914	139.0
41.20221800393338	137.0
41.21221854228385	137.0
41.222219080634325	137.0
41.23221961898479	140.0
41.24222015733526	147.0
41.25222069568573	154.0
41.2622212340362	163.0
41.27222177238667	171.0
41.28222231073714	177.0
41.29222284908761	181.0
41.302223387438076	183.0
41.312223925788544	185.0
41.32222446413901	183.0
41.33222500248949	179.0
41.342225540839955	173.0
41.35222607919042	167.0
41.36222661754089	159.0
41.37222715589136	156.0
41.382227694241834	154.0
41.3922282325923	154.0
41.40222877094277	154.0
41.41222930929324	158.0
41.422229847643706	163.0
41.432230385994174	169.0
41.44223092434465	175.0
41.45223146269512	179.0
41.462232001045585	185.0
41.47223253939605	190.0
41.48223307774652	190.0
41.492233616096996	192.0
41.502234154447464	190.0
41.51223469279793	187.0
41.5222352311484	183.0
41.53223576949887	181.0
41.542236307849336	177.0
41.55223684619981	175.0
41.56223738455028	175.0
41.57223792290075	175.0
41.582238461251215	175.0
41.59223899960168	175.0
41.60223953795216	175.0
41.612240076302626	175.0
41.622240614653094	175.0
41.63224115300356	175.0
41.64224169135403	175.0
41.6522422297045	175.0
41.66224276805497	173.0
41.67224330640544	173.0
41.68224384475591	173.0
41.69224438310638	171.0
41.702244921456845	171.0
41.71224545980731	173.0
41.72224599815779	177.0
41.732246536508256	181.0
41.742247074858724	183.0
41.75224761320919	185.0
41.76224815155966	187.0
41.772248689910136	190.0
41.7822492282606	190.0
41.79224976661107	187.0
41.80225030496154	185.0
41.81225084331201	181.0
41.822251381662475	179.0
41.83225192001295	175.0
41.84225245836342	171.0
41.85225299671389	169.0
41.862253535064355	165.0
41.87225407341482	163.0
41.8822546117653	161.0
41.892255150115766	159.0
41.902255688466234	159.0
41.9122562268167	158.0
41.92225676516717	158.0
41.93225730351764	158.0
41.94225784186811	158.0
41.95225838021858	158.0
41.96225891856905	158.0
41.97225945691952	158.0
41.982259995269985	156.0
41.99226053362046	156.0
42.00226107197093	156.0
42.012261610321396	158.0
42.022262148671864	159.0
42.03226268702233	163.0
42.0422632253728	169.0
42.052263763723275	173.0
42.06226430207374	179.0
42.07226484042421	185.0
42.08226537877468	187.0
42.09226591712515	192.0
42.102266455475615	192.0
42.11226699382609	192.0
42.12226753217656	190.0
42.132268070527026	185.0
42.142268608877494	181.0
42.15226914722796	177.0
42.16226968557844	173.0
42.172270223928905	171.0
42.18227076227937	169.0
42.19227130062984	171.0
42.20227183898031	173.0
42.21227237733078	177.0
42.22227291568125	181.0
42.23227345403172	183.0
42.24227399238219	185.0
42.252274530732656	187.0
42.262275069083124	187.0
42.2722756074336	185.0
42.28227614578407	185.0
42.292276684134535	181.0
42.302277222485	177.0
42.31227776083547	173.0
42.32227829918594	171.0
42.332278837536414	169.0
42.34227937588688	167.0
42.35227991423735	169.0
42.36228045258782	171.0
42.372280990938286	175.0
42.38228152928876	177.0
42.39228206763923	181.0
42.4022826059897	183.0
42.412283144340165	185.0
42.42228368269063	187.0
42.4322842210411	185.0
42.442284759391576	185.0
42.452285297742044	181.0
42.46228583609251	177.0
42.47228637444298	173.0
42.48228691279345	169.0
42.492287451143916	167.0
42.50228798949439	167.0
42.51228852784486	169.0
42.52228906619533	173.0
42.532289604545795	175.0
42.54229014289626	179.0
42.55229068124674	183.0
42.562291219597206	185.0
42.572291757947674	187.0
42.58229229629814	185.0
42.59229283464861	185.0
42.60229337299908	181.0
42.61229391134955	177.0
42.62229444970002	171.0
42.63229498805049	167.0
42.64229552640096	163.0
42.652296064751425	163.0
42.6622966031019	163.0
42.67229714145237	167.0
42.682297679802836	173.0
42.692298218153304	179.0
42.70229875650377	187.0
42.71229929485424	196.0
42.722299833204715	203.0
42.73230037155518	208.0
42.74230090990565	213.0
42.75230144825612	215.0
42.76230198660659	215.0
42.77230252495706	215.0
42.78230306330753	215.0
42.792303601658	213.0
42.80230414000847	213.0
42.812304678358934	213.0
42.8223052167094	213.0
42.83230575505988	213.0
42.842306293410346	213.0
42.852306831760814	213.0
42.86230737011128	213.0
42.87230790846175	213.0
42.88230844681222	213.0
42.89230898516269	213.0
42.90230952351316	213.0
42.91231006186363	210.0
42.9223106002141	210.0
42.932311138564565	208.0
42.94231167691504	208.0
42.95231221526551	208.0
42.962312753615976	208.0
42.972313291966444	210.0
42.98231383031691	208.0
42.99231436866738	208.0
43.002314907017855	208.0
43.01231544536832	206.0
43.02231598371879	201.0
43.03231652206926	196.0
43.04231706041973	190.0
43.0523175987702	183.0
43.06231813712067	179.0
43.07231867547114	175.0
43.082319213821606	173.0
43.092319752172074	173.0
43.10232029052254	171.0
43.11232082887302	171.0
43.122321367223485	169.0
43.13232190557395	167.0
43.14232244392442	165.0
43.15232298227489	167.0
43.162323520625364	0.0
43.17232405897583	0.0
43.1823245973263	0.0
43.19232513567677	0.0
43.202325674027236	0.0
43.212326212377704	0.0
43.22232675072818	0.0
43.23232728907865	215.0
43.242327827429115	213.0
43.25232836577958	213.0
43.26232890413005	213.0
43.272329442480526	210.0
43.282329980830994	210.0
43.29233051918146	210.0
43.30233105753193	208.0
43.3123315958824	208.0
43.322332134232866	208.0
43.33233267258334	208.0
43.34233321093381	208.0
43.35233374928428	210.0
43.362334287634745	210.0
43.37233482598521	210.0
43.38233536433568	210.0
43.392335902686156	210.0
43.402336441036624	210.0
43.41233697938709	208.0
43.42233751773756	208.0
43.43233805608803	208.0
43.4423385944385	208.0
43.45233913278897	208.0
43.46233967113944	210.0
43.47234020948991	210.0
43.482340747840375	213.0
43.49234128619084	213.0
43.50234182454132	215.0
43.512342362891786	215.0
43.522342901242254	213.0
43.53234343959272	210.0
43.54234397794319	208.0
43.552344516293665	203.0
43.56234505464413	203.0
43.5723455929946	203.0
43.58234613134507	206.0
43.59234666969554	213.0
43.602347208046005	223.0
43.61234774639648	236.0
43.62234828474695	248.0
43.632348823097416	265.0
43.642349361447884	275.0
43.65234989979835	281.0
43.66235043814883	281.0
43.672350976499295	284.0
43.68235151484976	284.0
43.69235205320023	281.0
43.7023525915507	275.0
43.71235312990117	268.0
43.72235366825164	259.0
43.73235420660211	250.0
43.74235474495258	245.0
43.75235528330305	239.0
43.762355821653514	236.0
43.77235636000398	234.0
43.78235689835446	231.0
43.792357436704926	228.0
43.80235797505539	228.0
43.81235851340586	226.0
43.82235905175633	228.0
43.832359590106805	228.0
43.84236012845727	228.0
43.85236066680774	231.0
43.86236120515821	231.0
43.87236174350868	234.0
43.882362281859145	236.0
43.89236282020962	236.0
43.90236335856009	239.0
43.912363896910556	242.0
43.922364435261024	248.0
43.93236497361149	250.0
43.94236551196197	256.0
43.952366050312435	259.0
43.9623665886629	265.0
43.97236712701337	265.0
43.98236766536384	262.0
43.99236820371431	256.0
44.00236874206478	250.0
44.01236928041525	242.0
44.02236981876572	234.0
44.032370357116186	226.0
44.042370895466654	220.0
44.05237143381713	218.0
44.0623719721676	215.0
44.072372510518065	215.0
44.08237304886853	215.0
44.092373587219	213.0
44.10237412556947	213.0
44.112374663919944	210.0
44.12237520227041	206.0
44.13237574062088	203.0
44.14237627897135	196.0
44.152376817321816	0.0
44.16237735567229	0.0
44.17237789402276	0.0
44.18237843237323	0.0
44.192378970723695	0.0
44.20237950907416	0.0
44.21238004742463	0.0
44.222380585775106	0.0
44.232381124125574	0.0
44.24238166247604	0.0
44.25238220082651	0.0
44.26238273917698	0.0
44.272383277527446	0.0
44.28238381587792	0.0
44.29238435422839	0.0
44.30238489257886	0.0
44.312385430929325	0.0
44.32238596927979	0.0
44.33238650763027	0.0
44.342387045980736	0.0
44.352387584331204	0.0
44.36238812268167	0.0
44.37238866103214	0.0
44.38238919938261	0.0
44.39238973773308	0.0
44.40239027608355	0.0
44.41239081443402	0.0
44.42239135278449	278.0
44.432391891134955	272.0
44.44239242948543	268.0
44.4523929678359	262.0
44.462393506186366	256.0
44.472394044536834	250.0
44.4823945828873	245.0
44.49239512123777	239.0
44.502395659588245	234.0
44.51239619793871	228.0
44.52239673628918	223.0
44.53239727463965	220.0
44.54239781299012	223.0
44.55239835134059	226.0
44.56239888969106	231.0
44.57239942804153	239.0
44.582399966391996	248.0
44.592400504742464	256.0
44.60240104309293	265.0
44.61240158144341	272.0
44.622402119793875	275.0
44.63240265814434	278.0
44.64240319649481	278.0
44.65240373484528	278.0
44.66240427319575	275.0
44.67240481154622	268.0
44.68240534989669	259.0
44.69240588824716	250.0
44.702406426597626	242.0
44.712406964948094	239.0
44.72240750329857	236.0
44.73240804164904	234.0
44.742408579999505	231.0
44.75240911834997	228.0
44.76240965670044	226.0
44.77241019505091	223.0
44.782410733401385	223.0
44.79241127175185	223.0
44.80241181010232	226.0
44.81241234845279	226.0
44.82241288680326	228.0
44.83241342515373	234.0
44.8424139635042	239.0
44.85241450185467	245.0
44.862415040205136	253.0
44.872415578555604	262.0
44.88241611690607	268.0
44.89241665525655	275.0
44.902417193607015	281.0
44.91241773195748	284.0
44.92241827030795	284.0
44.93241880865842	281.0
44.942419347008894	281.0
44.95241988535936	281.0
44.96242042370983	278.0
44.9724209620603	278.0
44.982421500410766	278.0
44.992422038761234	281.0
45.00242257711171	281.0
45.01242311546218	281.0
45.022423653812645	281.0
45.03242419216311	281.0
45.04242473051358	281.0
45.05242526886405	281.0
45.062425807214524	281.0
45.07242634556499	281.0
45.08242688391546	278.0
45.09242742226593	278.0
45.102427960616396	278.0
45.11242849896687	278.0
45.12242903731734	278.0
45.13242957566781	275.0
45.142430114018275	275.0
45.15243065236874	278.0
45.16243119071921	278.0
45.172431729069686	278.0
45.182432267420154	281.0
45.19243280577062	281.0
45.20243334412109	281.0
45.21243388247156	281.0
45.22243442082203	281.0
45.2324349591725	281.0
45.24243549752297	281.0
45.25243603587344	281.0
45.262436574223905	281.0
45.27243711257437	281.0
45.28243765092485	281.0
45.292438189275316	281.0
45.302438727625784	278.0
45.31243926597625	275.0
45.32243980432672	272.0
45.332440342677195	265.0
45.34244088102766	259.0
45.35244141937813	250.0
45.3624419577286	245.0
45.37244249607907	236.0
45.382443034429535	228.0
45.39244357278001	220.0
45.40244411113048	215.0
45.412444649480946	215.0
45.422445187831414	215.0
45.43244572618188	218.0
45.44244626453235	226.0
45.452446802882825	231.0
45.46244734123329	239.0
45.47244787958376	248.0
45.48244841793423	256.0
45.4924489562847	265.0
45.50244949463517	275.0
45.51245003298564	281.0
45.52245057133611	284.0
45.532451109686576	284.0
45.542451648037044	284.0
45.55245218638751	281.0
45.56245272473799	278.0
45.572453263088455	275.0
45.58245380143892	268.0
45.59245433978939	262.0
45.60245487813986	256.0
45.612455416490334	250.0
45.6224559548408	248.0
45.63245649319127	242.0
45.64245703154174	239.0
45.652457569892206	236.0
45.662458108242674	236.0
45.67245864659315	234.0
45.68245918494362	234.0
45.692459723294085	234.0
45.70246026164455	234.0
45.71246079999502	234.0
45.7224613383455	234.0
45.732461876695965	234.0
45.74246241504643	234.0
45.7524629533969	234.0
45.76246349174737	234.0
45.77246403009784	234.0
45.78246456844831	234.0
45.79246510679878	236.0
45.80246564514925	239.0
45.812466183499716	245.0
45.82246672185018	248.0
45.83246726020066	250.0
45.84246779855113	256.0
45.852468336901595	262.0
45.86246887525206	262.0
45.87246941360253	262.0
45.882469951953	259.0
45.892470490303474	253.0
45.90247102865394	248.0
45.91247156700441	236.0
45.92247210535488	231.0
45.932472643705346	223.0
45.942473182055814	218.0
45.95247372040629	213.0
45.96247425875676	213.0
45.972474797107225	213.0
45.98247533545769	213.0
45.99247587380816	213.0
46.002476412158636	213.0
46.012476950509104	215.0
46.02247748885957	215.0
46.03247802721004	215.0
46.04247856556051	213.0
46.052479103910976	213.0
46.06247964226145	213.0
46.07248018061192	210.0
46.08248071896239	210.0
46.092481257312855	210.0
46.10248179566332	210.0
46.1124823340138	210.0
46.122482872364266	210.0
46.132483410714734	210.0
46.1424839490652	208.0
46.15248448741567	208.0
46.16248502576614	208.0
46.17248556411661	208.0
46.18248610246708	210.0
46.19248664081755	210.0
46.20248717916802	210.0
46.212487717518485	210.0
46.22248825586896	210.0
46.23248879421943	210.0
46.242489332569896	210.0
46.252489870920364	210.0
46.26249040927083	210.0
46.2724909476213	210.0
46.282491485971775	210.0
46.29249202432224	210.0
46.30249256267271	210.0
46.31249310102318	210.0
46.32249363937365	210.0
46.332494177724115	210.0
46.34249471607459	210.0
46.35249525442506	210.0
46.362495792775526	208.0
46.372496331125994	203.0
46.38249686947646	199.0
46.39249740782694	192.0
46.402497946177405	183.0
46.41249848452787	173.0
46.42249902287834	167.0
46.43249956122881	163.0
46.44250009957928	163.0
46.45250063792975	167.0
46.46250117628022	173.0
46.47250171463069	177.0
46.482502252981156	183.0
46.492502791331624	190.0
46.5025033296821	196.0
46.51250386803257	203.0
46.522504406383035	210.0
46.5325049447335	215.0
46.54250548308397	218.0
46.55250602143444	220.0
46.562506559784914	223.0
46.57250709813538	223.0
46.58250763648585	220.0
46.59250817483632	218.0
46.602508713186786	215.0
46.61250925153726	213.0
46.62250978988773	208.0
46.6325103282382	203.0
46.642510866588665	199.0
46.65251140493913	194.0
46.6625119432896	187.0
46.67251248164008	183.0
46.682513019990544	181.0
46.69251355834101	181.0
46.70251409669148	179.0
46.71251463504195	179.0
46.72251517339242	179.0
46.73251571174289	179.0
46.74251625009336	177.0
46.75251678844383	177.0
46.762517326794296	179.0
46.77251786514476	179.0
46.78251840349524	179.0
46.79251894184571	179.0
46.802519480196175	179.0
46.81252001854664	179.0
46.82252055689711	181.0
46.83252109524758	187.0
46.842521633598054	199.0
46.85252217194852	208.0
46.86252271029899	223.0
46.87252324864946	242.0
46.882523786999926	253.0
46.8925243253504	265.0
46.90252486370087	268.0
46.91252540205134	268.0
46.922525940401805	259.0
46.93252647875227	250.0
46.94252701710274	236.0
46.952527555453216	223.0
46.962528093803684	215.0
46.97252863215415	210.0
46.98252917050462	210.0
46.99252970885509	210.0
47.00253024720556	210.0
47.01253078555603	210.0
47.0225313239065	210.0
47.03253186225697	213.0
47.042532400607435	213.0
47.0525329389579	213.0
47.06253347730838	213.0
47.072534015658846	213.0
47.082534554009314	213.0
47.09253509235978	213.0
47.10253563071025	210.0
47.112536169060725	206.0
47.12253670741119	199.0
47.13253724576166	190.0
47.14253778411213	183.0
47.1525383224626	177.0
47.162538860813065	173.0
47.17253939916354	0.0
47.18253993751401	0.0
47.192540475864476	0.0
47.202541014214944	0.0
47.21254155256541	0.0
47.22254209091588	0.0
47.232542629266355	0.0
47.24254316761682	206.0
47.25254370596729	210.0
47.26254424431776	210.0
47.27254478266823	213.0
47.2825453210187	215.0
47.29254585936917	215.0
47.30254639771964	215.0
47.312546936070106	215.0
47.322547474420574	213.0
47.33254801277104	210.0
47.34254855112152	210.0
47.352549089471985	208.0
47.36254962782245	208.0
47.37255016617292	206.0
47.38255070452339	206.0
47.392551242873864	206.0
47.40255178122433	203.0
47.4125523195748	199.0
47.42255285792527	194.0
47.432553396275736	190.0
47.442553934626204	185.0
47.45255447297668	177.0
47.46255501132715	175.0
47.472555549677615	173.0
47.48255608802808	173.0
47.49255662637855	173.0
47.502557164729026	173.0
47.512557703079494	175.0
47.52255824142996	175.0
47.53255877978043	177.0
47.5425593181309	177.0
47.552559856481366	179.0
47.56256039483184	179.0
47.57256093318231	179.0
47.58256147153278	179.0
47.592562009883245	177.0
47.60256254823371	177.0
47.61256308658418	175.0
47.622563624934656	175.0
47.632564163285124	175.0
47.64256470163559	177.0
47.65256523998606	179.0
47.66256577833653	181.0
47.672566316687	183.0
47.68256685503747	185.0
47.69256739338794	185.0
47.70256793173841	187.0
47.712568470088875	185.0
47.72256900843934	183.0
47.73256954678982	181.0
47.74257008514029	179.0
47.752570623490755	175.0
47.76257116184122	169.0
47.77257170019169	165.0
47.782572238542166	163.0
47.792572776892634	161.0
47.8025733152431	159.0
47.81257385359357	158.0
47.82257439194404	158.0
47.832574930294506	158.0
47.84257546864498	159.0
47.85257600699545	159.0
47.86257654534592	159.0
47.872577083696385	159.0
47.88257762204685	159.0
47.89257816039733	158.0
47.902578698747796	158.0
47.912579237098264	156.0
47.92257977544873	156.0
47.9325803137992	156.0
47.94258085214967	158.0
47.95258139050014	161.0
47.96258192885061	165.0
47.97258246720108	169.0
47.98258300555155	173.0
47.992583543902015	177.0
48.00258408225248	179.0
48.01258462060296	181.0
48.022585158953426	183.0
48.032585697303894	183.0
48.04258623565436	183.0
48.05258677400483	183.0
48.062587312355305	181.0
48.07258785070577	177.0
48.08258838905624	175.0
48.09258892740671	173.0
48.10258946575718	173.0
48.112590004107645	173.0
48.12259054245812	173.0
48.13259108080859	175.0
48.142591619159056	175.0
48.152592157509524	175.0
48.16259269585999	175.0
48.17259323421047	177.0
48.182593772560935	177.0
48.1925943109114	177.0
48.20259484926187	177.0
48.21259538761234	177.0
48.22259592596281	177.0
48.23259646431328	177.0
48.24259700266375	177.0
48.25259754101422	177.0
48.262598079364686	177.0
48.272598617715154	179.0
48.28259915606563	181.0
48.2925996944161	183.0
48.302600232766565	185.0
48.31260077111703	185.0
48.3226013094675	187.0
48.33260184781797	187.0
48.342602386168444	187.0
48.35260292451891	185.0
48.36260346286938	185.0
48.37260400121985	183.0
48.382604539570316	181.0
48.39260507792079	181.0
48.40260561627126	179.0
48.41260615462173	177.0
48.422606692972195	177.0
48.43260723132266	177.0
48.44260776967313	175.0
48.452608308023606	175.0
48.462608846374074	175.0
48.47260938472454	175.0
48.48260992307501	175.0
48.49261046142548	175.0
48.502610999775946	177.0
48.51261153812642	177.0
48.52261207647689	175.0
48.53261261482736	175.0
48.542613153177825	175.0
48.55261369152829	175.0
48.56261422987877	177.0
48.572614768229236	177.0
48.582615306579704	179.0
48.59261584493017	183.0
48.60261638328064	187.0
48.61261692163111	192.0
48.62261745998158	196.0
48.63261799833205	201.0
48.64261853668252	206.0
48.65261907503299	213.0
48.662619613383455	215.0
48.67262015173393	215.0
48.6826206900844	215.0
48.69262122843487	213.0
48.702621766785335	208.0
48.7126223051358	203.0
48.72262284348627	196.0
48.732623381836746	192.0
48.742623920187214	187.0
48.75262445853768	183.0
48.76262499688815	183.0
48.77262553523862	181.0
48.78262607358909	181.0
48.79262661193956	181.0
48.80262715029003	179.0
48.8126276886405	179.0
48.822628226990965	179.0
48.83262876534143	177.0
48.84262930369191	177.0
48.852629842042376	177.0
48.862630380392844	177.0
48.87263091874331	175.0
48.88263145709378	175.0
48.89263199544425	175.0
48.90263253379472	175.0
48.91263307214519	175.0
48.92263361049566	175.0
48.93263414884613	175.0
48.942634687196595	175.0
48.95263522554707	175.0
48.96263576389754	175.0
48.972636302248006	177.0
48.982636840598474	177.0
48.99263737894894	177.0
49.00263791729941	179.0
49.012638455649885	179.0
49.02263899400035	181.0
49.03263953235082	181.0
49.04264007070129	181.0
49.05264060905176	179.0
49.06264114740223	179.0
49.0726416857527	177.0
49.08264222410317	177.0
49.092642762453636	175.0
49.102643300804104	175.0
49.11264383915457	173.0
49.12264437750505	173.0
49.132644915855515	171.0
49.14264545420598	171.0
49.15264599255645	169.0
49.16264653090692	167.0
49.172647069257394	167.0
49.18264760760786	165.0
49.19264814595833	161.0
49.2026486843088	159.0
49.212649222659266	156.0
49.222649761009734	154.0
49.23265029936021	154.0
49.24265083771068	154.0
49.252651376061145	156.0
49.26265191441161	158.0
49.27265245276208	161.0
49.282652991112556	165.0
49.292653529463024	167.0
49.30265406781349	171.0
49.31265460616396	175.0
49.32265514451443	177.0
49.332655682864896	181.0
49.34265622121537	183.0
49.35265675956584	185.0
49.36265729791631	185.0
49.372657836266775	185.0
49.38265837461724	183.0
49.39265891296771	179.0
49.402659451318186	177.0
49.412659989668654	173.0
49.42266052801912	169.0
49.43266106636959	165.0
49.44266160472006	163.0
49.45266214307053	161.0
49.462662681421	159.0
49.47266321977147	158.0
49.48266375812194	156.0
49.492664296472405	156.0
49.50266483482287	156.0
49.51266537317335	156.0
49.522665911523816	158.0
49.532666449874284	158.0
49.54266698822475	158.0
49.55266752657522	158.0
49.562668064925695	158.0
49.57266860327616	158.0
49.58266914162663	158.0
49.5926696799771	158.0
49.60267021832757	159.0
49.612670756678035	161.0
49.62267129502851	163.0
49.63267183337898	165.0
49.64267237172945	167.0
49.652672910079914	169.0
49.66267344843038	169.0
49.67267398678086	169.0
49.682674525131326	167.0
49.69267506348179	165.0
49.70267560183226	161.0
49.71267614018273	156.0
49.7226766785332	150.0
49.73267721688367	147.0
49.74267775523414	144.0
49.75267829358461	140.0
49.76267883193508	140.0
49.772679370285545	140.0
49.78267990863601	140.0
49.79268044698649	142.0
49.802680985336956	142.0
49.812681523687424	142.0
49.82268206203789	142.0
49.83268260038836	142.0
49.842683138738835	142.0
49.8526836770893	142.0
49.86268421543977	142.0
49.87268475379024	142.0
49.88268529214071	140.0
49.892685830491175	140.0
49.90268636884165	140.0
49.91268690719212	140.0
49.922687445542586	139.0
49.932687983893054	140.0
49.94268852224352	140.0
49.952689060594	140.0
49.962689598944465	0.0
49.97269013729493	0.0
49.9826906756454	0.0
49.99269121399587	0.0
50.00269175234634	0.0
50.01269229069681	0.0
50.02269282904728	0.0
50.03269336739775	0.0
50.042693905748216	0.0
50.052694444098684	0.0
50.06269498244916	192.0
50.07269552079963	192.0
50.082696059150095	190.0
50.09269659750056	181.0
50.10269713585103	175.0
50.1126976742015	169.0
50.122698212551974	163.0
50.13269875090244	158.0
50.14269928925291	154.0
50.15269982760338	150.0
50.162700365953846	150.0
50.172700904304314	154.0
50.18270144265479	161.0
50.19270198100526	165.0
50.202702519355725	171.0
50.21270305770619	175.0
50.22270359605666	179.0
50.232704134407136	181.0
50.242704672757604	183.0
50.25270521110807	183.0
50.26270574945854	185.0
50.27270628780901	183.0
50.282706826159476	183.0
50.29270736450995	179.0
50.30270790286042	175.0
50.31270844121089	169.0
50.322708979561355	163.0
50.33270951791182	159.0
50.3427100562623	156.0
50.352710594612766	154.0
50.362711132963234	154.0
50.3727116713137	154.0
50.38271220966417	156.0
50.39271274801464	158.0
50.40271328636511	159.0
50.41271382471558	159.0
50.42271436306605	161.0
50.43271490141652	163.0
50.442715439766985	167.0
50.45271597811746	171.0
50.46271651646793	175.0
50.472717054818396	177.0
50.482717593168864	181.0
50.49271813151933	183.0
50.5027186698698	183.0
50.512719208220275	183.0
50.52271974657074	183.0
50.53272028492121	181.0
50.54272082327168	179.0
50.55272136162215	177.0
50.562721899972615	175.0
50.57272243832309	175.0
50.58272297667356	175.0
50.592723515024026	175.0
50.602724053374494	175.0
50.61272459172496	175.0
50.62272513007544	177.0
50.632725668425905	177.0
50.64272620677637	177.0
50.65272674512684	177.0
50.66272728347731	177.0
50.67272782182778	175.0
50.68272836017825	175.0
50.69272889852872	175.0
50.70272943687919	175.0
50.71272997522966	175.0
50.722730513580125	175.0
50.7327310519306	175.0
50.74273159028107	175.0
50.752732128631536	175.0
50.762732666982004	175.0
50.77273320533247	175.0
50.78273374368294	175.0
50.792734282033415	175.0
50.80273482038388	175.0
50.81273535873435	175.0
50.82273589708482	175.0
50.83273643543529	175.0
50.84273697378576	175.0
50.85273751213623	175.0
50.8627380504867	175.0
50.872738588837166	175.0
50.882739127187634	175.0
50.8927396655381	175.0
50.90274020388858	175.0
50.912740742239045	177.0
50.92274128058951	177.0
50.93274181893998	179.0
50.94274235729045	179.0
50.952742895640924	179.0
50.96274343399139	179.0
50.97274397234186	177.0
50.98274451069233	177.0
50.992745049042796	173.0
51.002745587393264	171.0
51.01274612574374	167.0
51.02274666409421	161.0
51.032747202444675	158.0
51.04274774079514	154.0
51.05274827914561	150.0
51.06274881749608	150.0
51.072749355846554	152.0
51.08274989419702	156.0
51.09275043254749	161.0
51.10275097089796	167.0
51.112751509248426	171.0
51.1227520475989	177.0
51.13275258594937	181.0
51.14275312429984	185.0
51.152753662650305	187.0
51.16275420100077	190.0
51.17275473935124	190.0
51.182755277701716	187.0
51.192755816052184	183.0
51.20275635440265	175.0
51.21275689275312	171.0
51.22275743110359	163.0
51.23275796945406	161.0
51.24275850780453	158.0
51.252759046155	156.0
51.26275958450547	154.0
51.272760122855935	154.0
51.2827606612064	154.0
51.29276119955688	156.0
51.302761737907346	156.0
51.312762276257814	158.0
51.32276281460828	158.0
51.33276335295875	158.0
51.342763891309225	159.0
51.35276442965969	159.0
51.36276496801016	161.0
51.37276550636063	163.0
51.3827660447111	167.0
51.392766583061565	171.0
51.40276712141204	173.0
51.41276765976251	175.0
51.422768198112976	175.0
51.432768736463444	173.0
51.44276927481391	169.0
51.45276981316438	165.0
51.462770351514855	159.0
51.47277088986532	154.0
51.48277142821579	145.0
51.49277196656626	140.0
51.50277250491673	139.0
51.5127730432672	139.0
51.52277358161767	139.0
51.53277411996814	139.0
51.542774658318606	140.0
51.552775196669074	140.0
51.56277573501954	142.0
51.57277627337002	142.0
51.582776811720485	144.0
51.59277735007095	144.0
51.60277788842142	144.0
51.61277842677189	144.0
51.622778965122365	144.0
51.63277950347283	144.0
51.6427800418233	144.0
51.65278058017377	144.0
51.66278111852424	144.0
51.672781656874704	144.0
51.68278219522518	144.0
51.69278273357565	144.0
51.702783271926116	144.0
51.71278381027658	142.0
51.72278434862705	142.0
51.73278488697753	142.0
51.742785425327995	142.0
51.75278596367846	142.0
51.76278650202893	142.0
51.7727870403794	142.0
51.78278757872987	142.0
51.79278811708034	140.0
51.80278865543081	140.0
51.81278919378128	140.0
51.822789732131746	142.0
51.832790270482214	142.0
51.84279080883269	142.0
51.85279134718316	142.0
51.862791885533625	142.0
51.87279242388409	140.0
51.88279296223456	140.0
51.89279350058503	139.0
51.902794038935504	136.0
51.91279457728597	132.0
51.92279511563644	128.0
51.93279565398691	114.0
51.942796192337376	110.0
51.952796730687844	107.0
51.96279726903832	106.0
51.97279780738879	106.0
51.982798345739255	107.0
51.99279888408972	110.0
52.00279942244019	156.0
52.012799960790666	159.0
52.022800499141134	165.0
52.0328010374916	167.0
52.04280157584207	167.0
52.05280211419254	154.0
52.062802652543006	150.0
52.07280319089348	144.0
52.08280372924395	0.0
52.09280426759442	0.0
52.102804805944885	0.0
52.11280534429535	0.0
52.12280588264583	0.0
52.132806420996296	0.0
52.142806959346764	96.0
52.15280749769723	96.0
52.1628080360477	114.0
52.17280857439817	114.0
52.18280911274864	114.0
52.19280965109911	118.0
52.20281018944958	125.0
52.21281072780005	129.0
52.222811266150515	132.0
52.23281180450099	134.0
52.24281234285146	136.0
52.252812881201926	136.0
52.262813419552394	136.0
52.27281395790286	136.0
52.28281449625333	136.0
52.292815034603805	134.0
52.30281557295427	134.0
52.31281611130474	134.0
52.32281664965521	136.0
52.33281718800568	136.0
52.342817726356145	136.0
52.35281826470662	137.0
52.36281880305709	139.0
52.372819341407556	140.0
52.382819879758024	140.0
52.39282041810849	142.0
52.40282095645897	144.0
52.412821494809435	144.0
52.4228220331599	144.0
52.43282257151037	144.0
52.44282310986084	144.0
52.45282364821131	142.0
52.46282418656178	142.0
52.47282472491225	142.0
52.48282526326272	140.0
52.492825801613186	140.0
52.502826339963654	140.0
52.51282687831413	139.0
52.5228274166646	139.0
52.532827955015065	139.0
52.54282849336553	139.0
52.552829031716	140.0
52.56282957006647	140.0
52.572830108416944	140.0
52.58283064676741	140.0
52.59283118511788	139.0
52.60283172346835	139.0
52.61283226181882	139.0
52.62283280016929	137.0
52.63283333851976	137.0
52.64283387687023	137.0
52.652834415220696	139.0
52.66283495357116	144.0
52.67283549192163	149.0
52.68283603027211	154.0
52.692836568622575	165.0
52.70283710697304	175.0
52.71283764532351	181.0
52.72283818367398	183.0
52.73283872202445	183.0
52.74283926037492	183.0
52.75283979872539	177.0
52.76284033707586	171.0
52.772840875426326	165.0
52.782841413776794	158.0
52.79284195212727	152.0
52.80284249047774	149.0
52.812843028828205	149.0
52.82284356717867	152.0
52.83284410552914	159.0
52.84284464387961	167.0
52.852845182230084	173.0
52.86284572058055	181.0
52.87284625893102	185.0
52.88284679728149	187.0
52.892847335631956	190.0
52.90284787398243	190.0
52.9128484123329	187.0
52.92284895068337	185.0
52.932849489033835	179.0
52.9428500273843	177.0
52.95285056573477	173.0
52.962851104085246	171.0
52.972851642435714	171.0
52.98285218078618	173.0
52.99285271913665	173.0
53.00285325748712	173.0
53.01285379583759	175.0
53.02285433418806	175.0
53.03285487253853	173.0
53.042855410889	173.0
53.052855949239465	171.0
53.06285648758993	171.0
53.07285702594041	169.0
53.082857564290876	169.0
53.092858102641344	169.0
53.10285864099181	173.0
53.11285917934228	177.0
53.12285971769275	181.0
53.13286025604322	187.0
53.14286079439369	192.0
53.15286133274416	192.0
53.16286187109463	192.0
53.172862409445095	190.0
53.18286294779557	185.0
53.19286348614604	179.0
53.202864024496506	173.0
53.212864562846974	167.0
53.22286510119744	163.0
53.23286563954791	159.0
53.242866177898385	156.0
53.25286671624885	152.0
53.26286725459932	147.0
53.27286779294979	144.0
53.28286833130026	144.0
53.29286886965073	0.0
53.3028694080012	0.0
53.31286994635167	0.0
53.322870484702136	0.0
53.332871023052604	0.0
53.34287156140307	0.0
53.35287209975355	0.0
53.362872638104015	0.0
53.37287317645448	0.0
53.38287371480495	0.0
53.39287425315542	0.0
53.402874791505894	0.0
53.41287532985636	0.0
53.42287586820683	0.0
53.4328764065573	0.0
53.442876944907766	0.0
53.452877483258234	0.0
53.46287802160871	0.0
53.47287855995918	0.0
53.482879098309645	0.0
53.49287963666011	0.0
53.50288017501058	0.0
53.51288071336106	0.0
53.522881251711524	0.0
53.53288179006199	0.0
53.54288232841246	0.0
53.55288286676293	0.0
53.562883405113396	0.0
53.57288394346387	0.0
53.58288448181434	0.0
53.59288502016481	201.0
53.602885558515275	199.0
53.61288609686574	199.0
53.62288663521621	196.0
53.63288717356669	192.0
53.642887711917155	190.0
53.65288825026762	185.0
53.66288878861809	181.0
53.67288932696856	179.0
53.682889865319034	177.0
53.6928904036695	173.0
53.70289094201997	173.0
53.71289148037044	173.0
53.722892018720906	175.0
53.732892557071374	177.0
53.74289309542185	179.0
53.75289363377232	183.0
53.762894172122785	183.0
53.77289471047325	185.0
53.78289524882372	187.0
53.792895787174196	187.0
53.802896325524664	190.0
53.81289686387513	187.0
53.8228974022256	187.0
53.83289794057607	185.0
53.842898478926536	183.0
53.85289901727701	181.0
53.86289955562748	179.0
53.87290009397795	177.0
53.882900632328415	177.0
53.89290117067888	177.0
53.90290170902936	179.0
53.912902247379826	179.0
53.922902785730294	181.0
53.93290332408076	181.0
53.94290386243123	183.0
53.9529044007817	183.0
53.96290493913217	183.0
53.97290547748264	183.0
53.98290601583311	185.0
53.99290655418358	185.0
54.002907092534045	185.0
54.01290763088451	183.0
54.02290816923499	181.0
54.032908707585456	179.0
54.042909245935924	175.0
54.05290978428639	171.0
54.06291032263686	167.0
54.072910860987335	165.0
54.0829113993378	167.0
54.09291193768827	171.0
54.10291247603874	177.0
54.11291301438921	183.0
54.122913552739675	190.0
54.13291409109015	196.0
54.14291462944062	203.0
54.152915167791086	208.0
54.162915706141554	210.0
54.17291624449202	213.0
54.1829167828425	213.0
54.192917321192965	210.0
54.20291785954343	210.0
54.2129183978939	208.0
54.22291893624437	208.0
54.23291947459484	208.0
54.24292001294531	208.0
54.25292055129578	208.0
54.26292108964625	210.0
54.272921627996716	210.0
54.282922166347184	210.0
54.29292270469766	210.0
54.30292324304813	210.0
54.312923781398595	210.0
54.32292431974906	210.0
54.33292485809953	210.0
54.34292539645	210.0
54.352925934800474	210.0
54.36292647315094	210.0
54.37292701150141	210.0
54.38292754985188	210.0
54.392928088202346	210.0
54.40292862655282	210.0
54.41292916490329	210.0
54.42292970325376	210.0
54.432930241604225	208.0
54.44293077995469	208.0
54.45293131830516	208.0
54.462931856655636	208.0
54.472932395006104	208.0
54.48293293335657	206.0
54.49293347170704	206.0
54.50293401005751	203.0
54.512934548407976	199.0
54.52293508675845	192.0
54.53293562510892	185.0
54.54293616345939	179.0
54.552936701809855	175.0
54.56293724016032	171.0
54.5729377785108	171.0
54.58293831686127	171.0
54.592938855211735	173.0
54.6029393935622	173.0
54.61293993191267	171.0
54.62294047026314	169.0
54.632941008613614	0.0
54.64294154696408	0.0
54.65294208531455	0.0
54.66294262366502	0.0
54.672943162015486	0.0
54.68294370036596	0.0
54.69294423871643	0.0
54.7029447770669	0.0
54.712945315417365	0.0
54.72294585376783	0.0
54.7329463921183	206.0
54.742946930468776	215.0
54.752947468819244	215.0
54.76294800716971	215.0
54.77294854552018	215.0
54.78294908387065	213.0
54.79294962222112	213.0
54.80295016057159	210.0
54.81295069892206	210.0
54.82295123727253	210.0
54.832951775622995	210.0
54.84295231397346	210.0
54.85295285232394	210.0
54.862953390674406	210.0
54.872953929024874	213.0
54.88295446737534	213.0
54.89295500572581	213.0
54.90295554407628	213.0
54.91295608242675	213.0
54.92295662077722	213.0
54.93295715912769	213.0
54.94295769747816	213.0
54.952958235828625	213.0
54.9629587741791	210.0
54.97295931252957	210.0
54.982959850880036	208.0
54.992960389230504	208.0
55.00296092758097	208.0
55.01296146593144	208.0
55.022962004281915	208.0
55.03296254263238	213.0
55.04296308098285	218.0
55.05296361933332	226.0
55.06296415768379	236.0
55.07296469603426	248.0
55.08296523438473	262.0
55.0929657727352	268.0
55.102966311085666	275.0
55.112966849436134	275.0
55.1229673877866	275.0
55.13296792613708	272.0
55.142968464487545	265.0
55.15296900283801	259.0
55.16296954118848	250.0
55.17297007953895	242.0
55.182970617889424	236.0
55.19297115623989	234.0
55.20297169459036	231.0
55.21297223294083	231.0
55.222972771291296	228.0
55.232973309641764	228.0
55.24297384799224	228.0
55.25297438634271	228.0
55.262974924693175	228.0
55.27297546304364	228.0
55.28297600139411	231.0
55.29297653974458	231.0
55.302977078095054	231.0
55.31297761644552	231.0
55.32297815479599	234.0
55.33297869314646	234.0
55.342979231496926	236.0
55.3529797698474	239.0
55.36298030819787	242.0
55.37298084654834	248.0
55.382981384898805	253.0
55.39298192324927	259.0
55.40298246159974	259.0
55.412982999950216	259.0
55.422983538300684	256.0
55.43298407665115	253.0
55.44298461500162	245.0
55.45298515335209	239.0
55.46298569170256	231.0
55.47298623005303	226.0
55.4829867684035	220.0
55.49298730675397	218.0
55.502987845104435	215.0
55.5129883834549	215.0
55.52298892180538	215.0
55.53298946015585	215.0
55.542989998506314	213.0
55.55299053685678	210.0
55.56299107520725	208.0
55.572991613557726	206.0
55.58299215190819	199.0
55.59299269025866	0.0
55.60299322860913	0.0
55.6129937669596	0.0
55.622994305310065	0.0
55.63299484366054	0.0
55.64299538201101	0.0
55.65299592036148	0.0
55.662996458711945	0.0
55.67299699706241	0.0
55.68299753541288	0.0
55.692998073763356	0.0
55.702998612113824	0.0
55.71299915046429	0.0
55.72299968881476	0.0
55.73300022716523	0.0
55.7430007655157	0.0
55.75300130386617	0.0
55.76300184221664	0.0
55.77300238056711	0.0
55.783002918917575	0.0
55.79300345726804	0.0
55.80300399561852	0.0
55.813004533968986	0.0
55.823005072319454	0.0
55.83300561066992	0.0
55.84300614902039	0.0
55.853006687370865	0.0
55.86300722572133	0.0
55.8730077640718	268.0
55.88300830242227	272.0
55.89300884077274	275.0
55.903009379123205	275.0
55.91300991747368	275.0
55.92301045582415	272.0
55.933010994174616	265.0
55.943011532525084	259.0
55.95301207087555	250.0
55.96301260922603	245.0
55.973013147576495	236.0
55.98301368592696	234.0
55.99301422427743	231.0
56.0030147626279	228.0
56.01301530097837	226.0
56.02301583932884	223.0
56.03301637767931	226.0
56.04301691602978	228.0
56.053017454380246	234.0
56.063017992730714	239.0
56.07301853108119	248.0
56.08301906943166	256.0
56.093019607782125	265.0
56.10302014613259	272.0
56.11302068448306	275.0
56.12302122283353	278.0
56.133021761184004	278.0
56.14302229953447	275.0
56.15302283788494	272.0
56.16302337623541	268.0
56.173023914585876	259.0
56.183024452936344	253.0
56.19302499128682	248.0
56.20302552963729	245.0
56.213026067987755	242.0
56.22302660633822	239.0
56.23302714468869	236.0
56.243027683039166	234.0
56.253028221389634	231.0
56.2630287597401	228.0
56.27302929809057	228.0
56.28302983644104	226.0
56.293030374791506	226.0
56.30303091314198	226.0
56.31303145149245	228.0
56.32303198984292	234.0
56.333032528193385	239.0
56.34303306654385	242.0
56.35303360489433	248.0
56.363034143244796	253.0
56.373034681595264	262.0
56.38303521994573	268.0
56.3930357582962	275.0
56.40303629664667	281.0
56.41303683499714	281.0
56.42303737334761	284.0
56.43303791169808	284.0
56.44303845004855	281.0
56.453038988399015	281.0
56.46303952674949	281.0
56.47304006509996	281.0
56.483040603450426	281.0
56.493041141800894	281.0
56.50304168015136	281.0
56.51304221850183	281.0
56.523042756852306	281.0
56.53304329520277	281.0
56.54304383355324	281.0
56.55304437190371	281.0
56.56304491025418	281.0
56.573045448604645	281.0
56.58304598695512	281.0
56.59304652530559	281.0
56.60304706365606	281.0
56.613047602006525	281.0
56.62304814035699	278.0
56.63304867870747	278.0
56.643049217057936	278.0
56.653049755408404	278.0
56.66305029375887	278.0
56.67305083210934	281.0
56.68305137045981	281.0
56.69305190881028	281.0
56.70305244716075	281.0
56.71305298551122	281.0
56.72305352386169	281.0
56.733054062212155	284.0
56.74305460056263	284.0
56.7530551389131	284.0
56.763055677263566	284.0
56.773056215614034	281.0
56.7830567539645	281.0
56.79305729231497	278.0
56.803057830665445	275.0
56.81305836901591	268.0
56.82305890736638	262.0
56.83305944571685	253.0
56.84305998406732	245.0
56.85306052241779	236.0
56.86306106076826	228.0
56.87306159911873	220.0
56.883062137469196	218.0
56.893062675819664	215.0
56.90306321417013	213.0
56.91306375252061	215.0
56.923064290871075	218.0
56.93306482922154	223.0
56.94306536757201	231.0
56.95306590592248	239.0
56.963066444272954	250.0
56.97306698262342	259.0
56.98306752097389	272.0
56.99306805932436	278.0
57.003068597674826	284.0
57.013069136025294	288.0
57.02306967437577	288.0
57.03307021272624	288.0
57.043070751076705	284.0
57.05307128942717	278.0
57.06307182777764	275.0
57.07307236612811	268.0
57.083072904478584	262.0
57.09307344282905	256.0
57.10307398117952	250.0
57.11307451952999	245.0
57.123075057880456	242.0
57.13307559623093	239.0
57.1430761345814	236.0
57.15307667293187	236.0
57.163077211282335	236.0
57.1730777496328	234.0
57.18307828798327	234.0
57.193078826333746	234.0
57.203079364684214	234.0
57.21307990303468	234.0
57.22308044138515	234.0
57.23308097973562	234.0
57.24308151808609	234.0
57.25308205643656	234.0
57.26308259478703	234.0
57.2730831331375	236.0
57.283083671487965	236.0
57.29308420983843	236.0
57.30308474818891	239.0
57.313085286539376	242.0
57.323085824889844	245.0
57.33308636324031	248.0
57.34308690159078	253.0
57.353087439941255	256.0
57.36308797829172	259.0
57.37308851664219	259.0
57.38308905499266	256.0
57.39308959334313	253.0
57.403090131693595	248.0
57.41309067004407	239.0
57.42309120839454	231.0
57.433091746745006	220.0
57.443092285095474	213.0
57.45309282344594	210.0
57.46309336179641	210.0
57.473093900146885	208.0
57.48309443849735	208.0
57.49309497684782	208.0
57.50309551519829	210.0
57.51309605354876	210.0
57.52309659189923	210.0
57.5330971302497	210.0
57.54309766860017	210.0
57.55309820695064	210.0
57.563098745301104	210.0
57.57309928365157	210.0
57.58309982200205	210.0
57.593100360352516	210.0
57.603100898702984	210.0
57.61310143705345	210.0
57.62310197540392	210.0
57.633102513754395	210.0
57.64310305210486	210.0
57.65310359045533	210.0
57.6631041288058	210.0
57.67310466715627	213.0
57.683105205506735	213.0
57.69310574385721	215.0
57.70310628220768	215.0
57.713106820558146	215.0
57.723107358908614	215.0
57.73310789725908	215.0
57.74310843560956	215.0
57.753108973960025	213.0
57.76310951231049	213.0
57.77311005066096	213.0
57.78311058901143	213.0
57.7931111273619	213.0
57.80311166571237	210.0
57.81311220406284	210.0
57.82311274241331	213.0
57.833113280763776	213.0
57.843113819114244	213.0
57.85311435746471	213.0
57.86311489581519	213.0
57.873115434165655	210.0
57.88311597251612	208.0
57.89311651086659	206.0
57.90311704921706	201.0
57.913117587567534	194.0
57.923118125918	183.0
57.93311866426847	175.0
57.94311920261894	169.0
57.953119740969406	165.0
57.963120279319874	165.0
57.97312081767035	167.0
57.98312135602082	171.0
57.993121894371285	175.0
58.00312243272175	181.0
58.01312297107222	187.0
58.023123509422696	192.0
58.033124047773164	199.0
58.04312458612363	203.0
58.0531251244741	210.0
58.06312566282457	215.0
58.073126201175036	218.0
58.08312673952551	218.0
58.09312727787598	218.0
58.10312781622645	215.0
58.113128354576915	213.0
58.12312889292738	210.0
58.13312943127786	208.0
58.143129969628326	203.0
58.153130507978794	199.0
58.16313104632926	194.0
58.17313158467973	192.0
58.1831321230302	190.0
58.19313266138067	187.0
58.20313319973114	185.0
58.21313373808161	183.0
58.22313427643208	181.0
58.233134814782545	179.0
58.24313535313301	179.0
58.25313589148349	179.0
58.263136429833956	177.0
58.273136968184424	177.0
58.28313750653489	177.0
58.29313804488536	177.0
58.303138583235835	177.0
58.3131391215863	177.0
58.32313965993677	179.0
58.33314019828724	181.0
58.34314073663771	185.0
58.353141274988175	192.0
58.36314181333865	203.0
58.37314235168912	215.0
58.383142890039586	231.0
58.393143428390054	245.0
58.40314396674052	253.0
58.413144505091	259.0
58.423145043441465	259.0
58.43314558179193	256.0
58.4431461201424	248.0
58.45314665849287	236.0
58.46314719684334	226.0
58.47314773519381	218.0
58.48314827354428	213.0
58.49314881189475	210.0
58.50314935024522	210.0
58.513149888595684	210.0
58.52315042694616	210.0
58.53315096529663	210.0
58.543151503647096	213.0
58.55315204199756	213.0
58.56315258034803	215.0
58.5731531186985	215.0
58.583153657048975	215.0
58.59315419539944	213.0
58.60315473374991	210.0
58.61315527210038	206.0
58.62315581045085	199.0
58.63315634880132	187.0
58.64315688715179	185.0
58.65315742550226	183.0
58.663157963852726	185.0
58.673158502203194	0.0
58.68315904055366	0.0
58.69315957890414	0.0
58.703160117254605	0.0
58.71316065560507	0.0
58.72316119395554	0.0
58.73316173230601	206.0
58.74316227065648	201.0
58.75316280900695	203.0
58.76316334735742	206.0
58.77316388570789	210.0
58.783164424058356	213.0
58.793164962408824	213.0
58.8031655007593	215.0
58.81316603910977	215.0
58.823166577460235	215.0
58.8331671158107	215.0
58.84316765416117	213.0
58.85316819251164	213.0
58.863168730862114	213.0
58.87316926921258	210.0
58.88316980756305	210.0
58.89317034591352	210.0
58.903170884263986	208.0
58.91317142261446	203.0
58.92317196096493	199.0
58.9331724993154	194.0
58.943173037665865	187.0
58.95317357601633	181.0
58.9631741143668	177.0
58.973174652717276	175.0
58.983175191067744	173.0
58.99317572941821	173.0
59.00317626776868	173.0
59.01317680611915	175.0
59.02317734446962	175.0
59.03317788282009	177.0
59.04317842117056	177.0
59.05317895952103	179.0
59.063179497871495	179.0
59.07318003622196	179.0
59.08318057457244	179.0
59.093181112922906	177.0
59.103181651273374	175.0
59.11318218962384	175.0
59.12318272797431	173.0
59.13318326632478	173.0
59.14318380467525	175.0
59.15318434302572	175.0
59.16318488137619	179.0
59.17318541972666	181.0
59.183185958077125	185.0
59.1931864964276	187.0
59.20318703477807	187.0
59.213187573128536	187.0
59.223188111479004	187.0
59.23318864982947	185.0
59.24318918817994	183.0
59.253189726530415	181.0
59.26319026488088	177.0
59.27319080323135	171.0
59.28319134158182	165.0
59.29319187993229	161.0
59.30319241828276	159.0
59.31319295663323	158.0
59.3231934949837	158.0
59.333194033334166	156.0
59.343194571684634	156.0
59.3531951100351	158.0
59.36319564838558	158.0
59.373196186736045	158.0
59.38319672508651	159.0
59.39319726343698	159.0
59.40319780178745	158.0
59.413198340137924	158.0
59.42319887848839	158.0
59.43319941683886	159.0
59.44319995518933	161.0
59.453200493539796	163.0
59.463201031890264	169.0
59.47320157024074	173.0
59.48320210859121	179.0
59.493202646941675	181.0
59.50320318529214	183.0
59.51320372364261	183.0
59.52320426199309	183.0
59.533204800343555	183.0
59.54320533869402	181.0
59.55320587704449	181.0
59.56320641539496	179.0
59.57320695374543	175.0
59.5832074920959	171.0
59.59320803044637	167.0
59.60320856879684	163.0
59.613209107147306	159.0
59.623209645497774	158.0
59.63321018384824	156.0
59.64321072219872	156.0
59.653211260549185	156.0
59.66321179889965	156.0
59.67321233725012	156.0
59.68321287560059	156.0
59.693213413951064	158.0
59.70321395230153	159.0
59.713214490652	161.0
59.72321502900247	165.0
59.733215567352936	169.0
59.743216105703404	175.0
59.75321664405388	181.0
59.76321718240435	190.0
59.773217720754815	199.0
59.78321825910528	206.0
59.79321879745575	210.0
59.803219335806226	213.0
59.813219874156694	215.0
59.82322041250716	213.0
59.83322095085763	210.0
59.8432214892081	208.0
59.853222027558566	203.0
59.86322256590904	199.0
59.87322310425951	192.0
59.88322364260998	187.0
59.893224180960445	183.0
59.90322471931091	181.0
59.91322525766139	179.0
59.923225796011856	177.0
59.933226334362324	175.0
59.94322687271279	175.0
59.95322741106326	175.0
59.96322794941373	175.0
59.9732284877642	175.0
59.98322902611467	175.0
59.99322956446514	175.0
60.00323010281561	175.0
60.013230641166075	175.0
60.02323117951654	175.0
60.03323171786702	175.0
60.043232256217486	175.0
60.053232794567954	175.0
60.06323333291842	177.0
60.07323387126889	177.0
60.083234409619365	179.0
60.09323494796983	181.0
60.1032354863203	183.0
60.11323602467077	185.0
60.12323656302124	185.0
60.133237101371705	187.0
60.14323763972218	187.0
60.15323817807265	187.0
60.163238716423116	187.0
60.173239254773584	187.0
60.18323979312405	185.0
60.19324033147453	181.0
60.203240869824995	179.0
60.21324140817546	177.0
60.22324194652593	175.0
60.2332424848764	173.0
60.24324302322687	173.0
60.25324356157734	173.0
60.26324409992781	173.0
60.27324463827828	175.0
60.283245176628746	177.0
60.293245714979214	179.0
60.30324625332969	181.0
60.31324679168016	183.0
60.323247330030625	183.0
60.33324786838109	185.0
60.34324840673156	185.0
60.35324894508203	183.0
60.363249483432504	181.0
60.37325002178297	179.0
60.38325056013344	177.0
60.39325109848391	175.0
60.403251636834376	173.0
60.413252175184844	171.0
60.42325271353532	171.0
60.43325325188579	171.0
60.443253790236255	173.0
60.45325432858672	175.0
60.46325486693719	177.0
60.47325540528767	179.0
60.483255943638135	179.0
60.4932564819886	181.0
60.50325702033907	179.0
60.51325755868954	177.0
60.52325809704001	173.0
60.53325863539048	167.0
60.54325917374095	161.0
60.55325971209142	159.0
60.563260250441886	161.0
60.57326078879235	163.0
60.58326132714283	167.0
60.5932618654933	173.0
60.603262403843765	175.0
60.61326294219423	0.0
60.6232634805447	0.0
60.63326401889517	0.0
60.643264557245644	0.0
60.65326509559611	0.0
60.66326563394658	0.0
60.67326617229705	0.0
60.683266710647516	0.0
60.69326724899799	0.0
60.70326778734846	0.0
60.71326832569893	0.0
60.723268864049395	0.0
60.73326940239986	0.0
60.74326994075033	0.0
60.753270479100806	0.0
60.763271017451274	0.0
60.77327155580174	0.0
60.78327209415221	0.0
60.79327263250268	0.0
60.803273170853146	220.0
60.81327370920362	220.0
60.82327424755409	220.0
60.83327478590456	220.0
60.843275324255025	220.0
60.85327586260549	220.0
60.86327640095597	220.0
60.873276939306436	218.0
60.883277477656904	218.0
60.89327801600737	218.0
60.90327855435784	218.0
60.91327909270831	215.0
60.92327963105878	215.0
60.93328016940925	215.0
60.94328070775972	215.0
60.95328124611019	213.0
60.963281784460655	213.0
60.97328232281113	213.0
60.9832828611616	213.0
60.993283399512066	213.0
61.003283937862534	213.0
61.013284476213	213.0
61.02328501456347	213.0
61.033285552913945	213.0
61.04328609126441	213.0
61.05328662961488	213.0
61.06328716796535	213.0
61.07328770631582	213.0
61.08328824466629	213.0
61.09328878301676	213.0
61.10328932136723	213.0
61.113289859717696	213.0
61.123290398068164	213.0
61.13329093641863	213.0
61.14329147476911	213.0
61.153292013119575	213.0
61.16329255147004	213.0
61.17329308982051	213.0
61.18329362817098	213.0
61.193294166521454	213.0
61.20329470487192	213.0
61.21329524322239	213.0
61.22329578157286	213.0
61.233296319923326	213.0
61.243296858273794	213.0
61.25329739662427	213.0
61.26329793497474	210.0
61.273298473325205	210.0
61.28329901167567	210.0
61.29329955002614	210.0
61.30330008837661	210.0
61.313300626727084	210.0
61.32330116507755	210.0
61.33330170342802	210.0
61.34330224177849	210.0
61.353302780128956	210.0
61.36330331847943	210.0
61.3733038568299	210.0
61.38330439518037	210.0
61.393304933530835	210.0
61.4033054718813	210.0
61.41330601023177	210.0
61.42330654858225	210.0
61.433307086932714	210.0
61.44330762528318	213.0
61.45330816363365	210.0
61.46330870198412	210.0
61.47330924033459	210.0
61.48330977868506	210.0
61.49331031703553	210.0
61.503310855386	210.0
61.513311393736466	210.0
61.52331193208693	213.0
61.53331247043741	213.0
61.54331300878788	213.0
61.553313547138345	213.0
61.56331408548881	213.0
61.57331462383928	213.0
61.583315162189756	213.0
61.593315700540224	213.0
61.60331623889069	213.0
61.61331677724116	210.0
61.62331731559163	210.0
61.633317853942096	210.0
61.64331839229257	210.0
61.65331893064304	210.0
61.66331946899351	210.0
61.673320007343975	210.0
61.68332054569444	210.0
61.69332108404491	210.0
61.703321622395386	210.0
61.713322160745854	210.0
61.72332269909632	210.0
61.73332323744679	210.0
61.74332377579726	210.0
61.75332431414773	210.0
61.7633248524982	210.0
61.77332539084867	210.0
61.78332592919914	213.0
61.793326467549605	210.0
61.80332700590007	208.0
61.81332754425055	203.0
61.823328082601016	196.0
61.833328620951484	190.0
61.84332915930195	0.0
61.85332969765242	0.0
61.863330236002895	0.0
61.87333077435336	0.0
61.88333131270383	0.0
61.8933318510543	0.0
61.90333238940477	0.0
61.913332927755235	0.0
61.92333346610571	0.0
61.93333400445618	0.0
61.943334542806646	0.0
61.953335081157114	0.0
61.96333561950758	0.0
61.97333615785806	0.0
61.983336696208525	0.0
61.99333723455899	0.0
62.00333777290946	0.0
62.01333831125993	0.0
62.0233388496104	0.0
62.03333938796087	0.0
62.04333992631134	0.0
62.05334046466181	0.0
62.063341003012276	0.0
62.073341541362744	0.0
62.08334207971322	0.0
62.09334261806369	0.0
62.103343156414155	0.0
62.11334369476462	0.0
62.12334423311509	0.0
62.13334477146556	0.0
62.143345309816034	0.0
62.1533458481665	0.0
62.16334638651697	0.0
62.17334692486744	0.0
62.183347463217906	0.0
62.193348001568374	0.0
62.20334853991885	0.0
62.21334907826932	0.0
62.223349616619785	0.0
62.23335015497025	0.0
62.24335069332072	0.0
62.253351231671196	0.0
62.263351770021664	0.0
62.27335230837213	0.0
62.2833528467226	177.0
62.29335338507307	173.0
62.303353923423536	169.0
62.31335446177401	169.0
62.32335500012448	167.0
62.33335553847495	167.0
62.343356076825415	169.0
62.35335661517588	171.0
62.36335715352636	171.0
62.373357691876826	171.0
62.383358230227294	169.0
62.39335876857776	169.0
62.40335930692823	167.0
62.4133598452787	165.0
62.42336038362917	165.0
62.43336092197964	167.0
62.44336146033011	171.0
62.45336199868058	177.0
62.463362537031045	183.0
62.47336307538152	190.0
62.48336361373199	196.0
62.49336415208246	199.0
62.503364690432925	201.0
62.51336522878339	203.0
62.52336576713386	203.0
62.533366305484336	201.0
62.543366843834804	199.0
62.55336738218527	194.0
62.56336792053574	190.0
62.57336845888621	185.0
62.583368997236676	181.0
62.59336953558715	179.0
62.60337007393762	177.0
62.61337061228809	175.0
62.623371150638555	173.0
62.63337168898902	173.0
62.6433722273395	173.0
62.653372765689966	173.0
62.663373304040434	173.0
62.6733738423909	173.0
62.68337438074137	175.0
62.69337491909184	175.0
62.70337545744231	175.0
62.71337599579278	175.0
62.72337653414325	179.0
62.73337707249372	181.0
62.743377610844185	185.0
62.75337814919466	187.0
62.76337868754513	187.0
62.773379225895596	190.0
62.783379764246064	190.0
62.79338030259653	190.0
62.803380840947	187.0
62.813381379297475	185.0
62.82338191764794	183.0
62.83338245599841	179.0
62.84338299434888	175.0
62.85338353269935	173.0
62.86338407104982	173.0
62.87338460940029	173.0
62.88338514775076	173.0
62.893385686101226	175.0
62.903386224451694	175.0
62.91338676280216	177.0
62.92338730115264	177.0
62.933387839503105	179.0
62.94338837785357	179.0
62.95338891620404	179.0
62.96338945455451	179.0
62.97338999290498	179.0
62.98339053125545	177.0
62.99339106960592	177.0
63.00339160795639	173.0
63.013392146306856	171.0
63.023392684657324	169.0
63.0333932230078	169.0
63.04339376135827	171.0
63.053394299708735	175.0
63.0633948380592	179.0
63.07339537640967	183.0
63.08339591476014	190.0
63.093396453110614	194.0
63.10339699146108	199.0
63.11339752981155	203.0
63.12339806816202	206.0
63.133398606512486	208.0
63.14339914486296	210.0
63.15339968321343	210.0
63.1634002215639	210.0
63.173400759914365	210.0
63.18340129826483	210.0
63.1934018366153	210.0
63.203402374965776	210.0
63.213402913316244	213.0
63.22340345166671	215.0
63.23340399001718	215.0
63.24340452836765	218.0
63.25340506671812	218.0
63.26340560506859	218.0
63.27340614341906	215.0
63.28340668176953	213.0
63.293407220119995	210.0
63.30340775847046	206.0
63.31340829682094	199.0
63.323408835171406	190.0
63.333409373521874	171.0
63.34340991187234	163.0
63.35341045022281	158.0
63.36341098857328	156.0
63.37341152692375	159.0
63.38341206527422	163.0
63.39341260362469	167.0
63.40341314197516	173.0
63.413413680325625	179.0
63.4234142186761	185.0
63.43341475702657	192.0
63.44341529537704	199.0
63.453415833727504	203.0
63.46341637207797	206.0
63.47341691042844	210.0
63.483417448778916	213.0
63.493417987129384	213.0
63.50341852547985	213.0
63.51341906383032	213.0
63.52341960218079	213.0
63.53342014053126	213.0
63.54342067888173	213.0
63.5534212172322	213.0
63.56342175558267	213.0
63.573422293933135	213.0
63.5834228322836	213.0
63.59342337063408	210.0
63.603423908984546	208.0
63.613424447335014	201.0
63.62342498568548	187.0
63.63342552403595	181.0
63.643426062386425	177.0
63.65342660073689	0.0
63.66342713908736	0.0
63.67342767743783	0.0
63.6834282157883	0.0
63.693428754138765	0.0
63.70342929248924	0.0
63.71342983083971	0.0
63.723430369190176	228.0
63.733430907540644	226.0
63.74343144589111	223.0
63.75343198424159	220.0
63.763432522592055	215.0
63.77343306094252	213.0
63.78343359929299	213.0
63.79343413764346	210.0
63.80343467599393	210.0
63.8134352143444	208.0
63.82343575269487	208.0
63.83343629104534	208.0
63.843436829395806	210.0
63.853437367746274	213.0
63.86343790609674	218.0
63.87343844444722	223.0
63.883438982797685	234.0
63.89343952114815	250.0
63.90344005949862	265.0
63.91344059784909	272.0
63.923441136199564	278.0
63.93344167455003	284.0
63.9434422129005	284.0
63.95344275125097	281.0
63.963443289601436	278.0
63.973443827951904	268.0
63.98344436630238	262.0
63.99344490465285	256.0
64.00344544300332	248.0
64.01344598135378	242.0
64.02344651970425	236.0
64.03344705805472	236.0
64.04344759640519	236.0
64.05344813475566	234.0
64.06344867310614	234.0
64.0734492114566	234.0
64.08344974980707	236.0
64.09345028815754	236.0
64.10345082650801	239.0
64.11345136485848	242.0
64.12345190320895	248.0
64.13345244155941	256.0
64.14345297990988	265.0
64.15345351826035	275.0
64.16345405661082	281.0
64.1734545949613	284.0
64.18345513331177	288.0
64.19345567166224	288.0
64.2034562100127	284.0
64.21345674836317	278.0
64.22345728671364	272.0
64.23345782506411	259.0
64.24345836341458	250.0
64.25345890176504	242.0
64.26345944011551	236.0
64.27345997846598	234.0
64.28346051681646	234.0
64.29346105516693	234.0
64.3034615935174	231.0
64.31346213186787	231.0
64.32346267021833	231.0
64.3334632085688	231.0
64.34346374691927	231.0
64.35346428526974	231.0
64.3634648236202	231.0
64.37346536197067	234.0
64.38346590032114	234.0
64.39346643867162	236.0
64.40346697702209	236.0
64.41346751537256	239.0
64.42346805372303	242.0
64.4334685920735	245.0
64.44346913042396	250.0
64.45346966877443	256.0
64.4634702071249	259.0
64.47347074547537	262.0
64.48347128382584	262.0
64.4934718221763	259.0
64.50347236052677	253.0
64.51347289887725	248.0
64.52347343722772	242.0
64.53347397557819	236.0
64.54347451392866	231.0
64.55347505227913	226.0
64.5634755906296	220.0
64.57347612898006	218.0
64.58347666733053	215.0
64.593477205681	213.0
64.60347774403147	213.0
64.61347828238193	213.0
64.62347882073242	213.0
64.63347935908288	213.0
64.64347989743335	213.0
64.65348043578382	215.0
64.66348097413429	215.0
64.67348151248476	215.0
64.68348205083522	215.0
64.69348258918569	215.0
64.70348312753616	215.0
64.71348366588663	213.0
64.7234842042371	213.0
64.73348474258758	213.0
64.74348528093805	210.0
64.75348581928851	210.0
64.76348635763898	210.0
64.77348689598945	210.0
64.78348743433992	213.0
64.79348797269039	213.0
64.80348851104085	213.0
64.81348904939132	213.0
64.82348958774179	213.0
64.83349012609226	0.0
64.84349066444274	0.0
64.85349120279321	0.0
64.86349174114368	0.0
64.87349227949414	0.0
64.88349281784461	0.0
64.89349335619508	0.0
64.90349389454555	0.0
64.91349443289602	0.0
64.92349497124648	0.0
64.93349550959695	0.0
64.94349604794742	0.0
64.9534965862979	0.0
64.96349712464837	0.0
64.97349766299884	0.0
64.9834982013493	0.0
64.99349873969977	0.0
65.00349927805024	0.0
65.01349981640071	0.0
65.02350035475118	0.0
65.03350089310165	0.0
65.04350143145211	0.0
65.05350196980258	0.0
65.06350250815306	0.0
65.07350304650353	0.0
65.083503584854	0.0
65.09350412320447	0.0
65.10350466155494	0.0
65.1135051999054	0.0
65.12350573825587	0.0
65.13350627660634	0.0
65.14350681495681	0.0
65.15350735330728	0.0
65.16350789165774	284.0
65.17350843000823	278.0
65.1835089683587	272.0
65.19350950670916	262.0
65.20351004505963	256.0
65.2135105834101	248.0
65.22351112176057	242.0
65.23351166011103	236.0
65.2435121984615	234.0
65.25351273681197	231.0
65.26351327516244	228.0
65.2735138135129	228.0
65.28351435186337	228.0
65.29351489021386	231.0
65.30351542856432	236.0
65.31351596691479	245.0
65.32351650526526	250.0
65.33351704361573	262.0
65.3435175819662	272.0
65.35351812031666	275.0
65.36351865866713	278.0
65.3735191970176	281.0
65.38351973536807	278.0
65.39352027371854	278.0
65.40352081206902	272.0
65.41352135041949	265.0
65.42352188876995	256.0
65.43352242712042	248.0
65.44352296547089	242.0
65.45352350382136	239.0
65.46352404217183	239.0
65.4735245805223	236.0
65.48352511887276	236.0
65.49352565722323	234.0
65.5035261955737	231.0
65.51352673392418	231.0
65.52352727227465	228.0
65.53352781062512	226.0
65.54352834897558	226.0
65.55352888732605	228.0
65.56352942567652	231.0
65.57352996402699	236.0
65.58353050237746	245.0
65.59353104072792	250.0
65.60353157907839	256.0
65.61353211742886	265.0
65.62353265577934	272.0
65.63353319412981	278.0
65.64353373248028	281.0
65.65353427083075	281.0
65.66353480918121	281.0
65.67353534753168	281.0
65.68353588588215	281.0
65.69353642423262	281.0
65.70353696258309	281.0
65.71353750093355	281.0
65.72353803928402	281.0
65.7335385776345	281.0
65.74353911598497	281.0
65.75353965433544	281.0
65.76354019268591	281.0
65.77354073103638	278.0
65.78354126938684	272.0
65.79354180773731	265.0
65.80354234608778	262.0
65.81354288443825	262.0
65.82354342278872	262.0
65.83354396113918	268.0
65.84354449948967	272.0
65.85354503784014	278.0
65.8635455761906	281.0
65.87354611454107	281.0
65.88354665289154	281.0
65.893547191242	281.0
65.90354772959247	281.0
65.91354826794294	281.0
65.92354880629341	281.0
65.93354934464388	281.0
65.94354988299435	281.0
65.95355042134483	281.0
65.9635509596953	281.0
65.97355149804577	281.0
65.98355203639623	281.0
65.9935525747467	281.0
66.00355311309717	281.0
66.01355365144764	281.0
66.0235541897981	281.0
66.03355472814857	281.0
66.04355526649904	281.0
66.05355580484951	278.0
66.06355634319999	278.0
66.07355688155046	272.0
66.08355741990093	268.0
66.0935579582514	259.0
66.10355849660186	250.0
66.11355903495233	239.0
66.1235595733028	228.0
66.13356011165327	220.0
66.14356065000374	218.0
66.1535611883542	218.0
66.16356172670467	223.0
66.17356226505514	228.0
66.18356280340562	236.0
66.19356334175609	242.0
66.20356388010656	253.0
66.21356441845703	262.0
66.2235649568075	272.0
66.23356549515796	278.0
66.24356603350843	281.0
66.2535665718589	284.0
66.26356711020937	284.0
66.27356764855983	281.0
66.2835681869103	278.0
66.29356872526078	275.0
66.30356926361125	268.0
66.31356980196172	265.0
66.32357034031219	259.0
66.33357087866266	253.0
66.34357141701312	250.0
66.35357195536359	245.0
66.36357249371406	242.0
66.37357303206453	239.0
66.383573570415	239.0
66.39357410876546	236.0
66.40357464711595	236.0
66.41357518546641	234.0
66.42357572381688	234.0
66.43357626216735	234.0
66.44357680051782	231.0
66.45357733886829	231.0
66.46357787721875	231.0
66.47357841556922	231.0
66.48357895391969	231.0
66.49357949227016	234.0
66.50358003062063	236.0
66.51358056897111	242.0
66.52358110732158	248.0
66.53358164567204	253.0
66.54358218402251	259.0
66.55358272237298	262.0
66.56358326072345	265.0
66.57358379907392	262.0
66.58358433742438	256.0
66.59358487577485	248.0
66.60358541412532	236.0
66.61358595247579	220.0
66.62358649082627	215.0
66.63358702917674	210.0
66.6435875675272	210.0
66.65358810587767	210.0
66.66358864422814	210.0
66.67358918257861	210.0
66.68358972092908	213.0
66.69359025927955	213.0
66.70359079763001	213.0
66.71359133598048	213.0
66.72359187433095	213.0
66.73359241268143	213.0
66.7435929510319	213.0
66.75359348938237	213.0
66.76359402773284	213.0
66.7735945660833	213.0
66.78359510443377	213.0
66.79359564278424	213.0
66.80359618113471	210.0
66.81359671948518	210.0
66.82359725783564	210.0
66.83359779618611	210.0
66.8435983345366	213.0
66.85359887288706	213.0
66.86359941123753	213.0
66.873599949588	213.0
66.88360048793847	210.0
66.89360102628893	210.0
66.9036015646394	208.0
66.91360210298987	208.0
66.92360264134034	208.0
66.9336031796908	208.0
66.94360371804127	208.0
66.95360425639176	210.0
66.96360479474222	210.0
66.97360533309269	210.0
66.98360587144316	210.0
66.99360640979363	210.0
67.0036069481441	210.0
67.01360748649456	210.0
67.02360802484503	210.0
67.0336085631955	210.0
67.04360910154597	210.0
67.05360963989644	208.0
67.0636101782469	206.0
67.07361071659739	201.0
67.08361125494785	194.0
67.09361179329832	187.0
67.10361233164879	183.0
67.11361286999926	177.0
67.12361340834973	175.0
67.1336139467002	173.0
67.14361448505066	173.0
67.15361502340113	173.0
67.1636155617516	175.0
67.17361610010207	177.0
67.18361663845255	179.0
67.19361717680302	183.0
67.20361771515348	187.0
67.21361825350395	194.0
67.22361879185442	203.0
67.23361933020489	220.0
67.24361986855536	234.0
67.25362040690582	248.0
67.26362094525629	259.0
67.27362148360676	268.0
67.28362202195723	272.0
67.29362256030771	272.0
67.30362309865818	275.0
67.31362363700865	275.0
67.32362417535911	275.0
67.33362471370958	275.0
67.34362525206005	268.0
67.35362579041052	259.0
67.36362632876099	250.0
67.37362686711145	245.0
67.38362740546192	242.0
67.39362794381239	236.0
67.40362848216287	234.0
67.41362902051334	234.0
67.42362955886381	231.0
67.43363009721428	231.0
67.44363063556474	231.0
67.45363117391521	231.0
67.46363171226568	231.0
67.47363225061615	231.0
67.48363278896662	234.0
67.49363332731708	234.0
67.50363386566755	234.0
67.51363440401803	236.0
67.5236349423685	236.0
67.53363548071897	236.0
67.54363601906944	236.0
67.5536365574199	236.0
67.56363709577037	236.0
67.57363763412084	239.0
67.58363817247131	242.0
67.59363871082178	248.0
67.60363924917225	253.0
67.61363978752271	259.0
67.6236403258732	265.0
67.63364086422366	265.0
67.64364140257413	265.0
67.6536419409246	259.0
67.66364247927507	253.0
67.67364301762554	245.0
67.683643555976	234.0
67.69364409432647	223.0
67.70364463267694	215.0
67.71364517102741	213.0
67.72364570937788	210.0
67.73364624772836	210.0
67.74364678607883	210.0
67.7536473244293	213.0
67.76364786277976	213.0
67.77364840113023	213.0
67.7836489394807	213.0
67.79364947783117	213.0
67.80365001618163	213.0
67.8136505545321	210.0
67.82365109288257	210.0
67.83365163123304	210.0
67.84365216958352	210.0
67.85365270793399	210.0
67.86365324628446	210.0
67.87365378463493	213.0
67.8836543229854	213.0
67.89365486133586	213.0
67.90365539968633	213.0
67.9136559380368	213.0
67.92365647638727	210.0
67.93365701473773	208.0
67.9436575530882	208.0
67.95365809143867	206.0
67.96365862978915	208.0
67.97365916813962	210.0
67.98365970649009	218.0
67.99366024484056	226.0
68.00366078319102	239.0
68.01366132154149	250.0
68.02366185989196	262.0
68.03366239824243	268.0
68.0436629365929	272.0
68.05366347494336	275.0
68.06366401329383	278.0
68.07366455164431	275.0
68.08366508999478	272.0
68.09366562834525	265.0
68.10366616669572	259.0
68.11366670504619	253.0
68.12366724339665	248.0
68.13366778174712	245.0
68.14366832009759	239.0
68.15366885844806	236.0
68.16366939679853	236.0
68.173669935149	234.0
68.18367047349948	234.0
68.19367101184994	231.0
68.20367155020041	231.0
68.21367208855088	228.0
68.22367262690135	226.0
68.23367316525182	228.0
68.24367370360228	231.0
68.25367424195275	236.0
68.26367478030322	242.0
68.27367531865369	248.0
68.28367585700416	253.0
68.29367639535464	259.0
68.3036769337051	265.0
68.31367747205557	272.0
68.32367801040604	275.0
68.33367854875651	272.0
68.34367908710698	272.0
68.35367962545745	268.0
68.36368016380791	265.0
68.37368070215838	262.0
68.38368124050885	259.0
68.39368177885932	256.0
68.4036823172098	253.0
68.41368285556027	248.0
68.42368339391074	245.0
68.4336839322612	239.0
68.44368447061167	234.0
68.45368500896214	226.0
68.46368554731261	215.0
68.47368608566308	208.0
68.48368662401354	201.0
68.49368716236401	194.0
68.50368770071448	187.0
68.51368823906496	183.0
68.52368877741543	181.0
68.5336893157659	179.0
68.54368985411637	177.0
68.55369039246683	175.0
68.5636909308173	173.0
68.57369146916777	171.0
68.58369200751824	169.0
68.5936925458687	169.0
68.60369308421917	169.0
68.61369362256964	171.0
68.62369416092012	175.0
68.63369469927059	177.0
68.64369523762106	181.0
68.65369577597153	187.0
68.663696314322	192.0
68.67369685267246	196.0
68.68369739102293	201.0
68.6936979293734	206.0
68.70369846772387	210.0
68.71369900607434	213.0
68.7236995444248	215.0
68.73370008277527	215.0
68.74370062112575	213.0
68.75370115947622	213.0
68.76370169782669	208.0
68.77370223617716	206.0
68.78370277452763	201.0
68.7937033128781	196.0
68.80370385122856	194.0
68.81370438957903	192.0
68.8237049279295	190.0
68.83370546627997	187.0
68.84370600463043	185.0
68.85370654298092	183.0
68.86370708133138	181.0
68.87370761968185	177.0
68.88370815803232	175.0
68.89370869638279	171.0
68.90370923473326	171.0
68.91370977308372	171.0
68.92371031143419	171.0
68.93371084978466	175.0
68.94371138813513	177.0
68.9537119264856	183.0
68.96371246483608	190.0
68.97371300318655	201.0
68.98371354153701	215.0
68.99371407988748	236.0
69.00371461823795	253.0
69.01371515658842	265.0
69.02371569493889	272.0
69.03371623328935	275.0
69.04371677163982	272.0
69.05371730999029	262.0
69.06371784834076	248.0
69.07371838669124	234.0
69.08371892504171	220.0
69.09371946339218	215.0
69.10372000174264	213.0
69.11372054009311	210.0
69.12372107844358	213.0
69.13372161679405	213.0
69.14372215514452	213.0
69.15372269349498	213.0
69.16372323184545	213.0
69.17372377019592	213.0
69.1837243085464	213.0
69.19372484689687	213.0
69.20372538524734	213.0
69.2137259235978	213.0
69.22372646194827	213.0
69.23372700029874	213.0
69.24372753864921	210.0
69.25372807699968	210.0
69.26372861535015	210.0
69.27372915370061	208.0
69.28372969205108	206.0
69.29373023040156	201.0
69.30373076875203	201.0
69.3137313071025	203.0
69.32373184545297	208.0
69.33373238380344	210.0
69.3437329221539	213.0
69.35373346050437	215.0
69.36373399885484	215.0
69.37373453720531	215.0
69.38373507555578	215.0
69.39373561390624	213.0
69.40373615225673	213.0
69.4137366906072	213.0
69.42373722895766	210.0
69.43373776730813	210.0
69.4437383056586	210.0
69.45373884400907	213.0
69.46373938235953	213.0
69.47373992071	213.0
69.48374045906047	213.0
69.49374099741094	210.0
69.5037415357614	208.0
69.51374207411189	203.0
69.52374261246236	199.0
69.53374315081282	192.0
69.54374368916329	185.0
69.55374422751376	181.0
69.56374476586423	177.0
69.5737453042147	177.0
69.58374584256516	175.0
69.59374638091563	175.0
69.6037469192661	175.0
69.61374745761657	177.0
69.62374799596704	177.0
69.63374853431752	177.0
69.64374907266799	179.0
69.65374961101845	179.0
69.66375014936892	179.0
69.67375068771939	179.0
69.68375122606986	177.0
69.69375176442033	175.0
69.7037523027708	175.0
69.71375284112126	173.0
69.72375337947173	173.0
69.7337539178222	175.0
69.74375445617268	177.0
69.75375499452315	179.0
69.76375553287362	181.0
69.77375607122408	185.0
69.78375660957455	185.0
69.79375714792502	187.0
69.80375768627549	187.0
69.81375822462596	185.0
69.82375876297642	183.0
69.8337593013269	181.0
69.84375983967736	177.0
69.85376037802784	173.0
69.86376091637831	169.0
69.87376145472878	165.0
69.88376199307925	163.0
69.89376253142972	159.0
69.90376306978018	158.0
69.91376360813065	158.0
69.92376414648112	156.0
69.93376468483159	156.0
69.94376522318206	158.0
69.95376576153252	158.0
69.963766299883	158.0
69.97376683823347	158.0
69.98376737658394	158.0
69.99376791493441	158.0
70.00376845328488	158.0
70.01376899163535	159.0
70.02376952998581	159.0
70.03377006833628	161.0
70.04377060668675	163.0
70.05377114503722	165.0
70.06377168338769	167.0
70.07377222173817	171.0
70.08377276008864	171.0
70.0937732984391	171.0
70.10377383678957	169.0
70.11377437514004	165.0
70.12377491349051	159.0
70.13377545184098	154.0
70.14377599019144	149.0
70.15377652854191	145.0
70.16377706689238	140.0
70.17377760524285	139.0
70.18377814359333	137.0
70.1937786819438	137.0
70.20377922029427	137.0
70.21377975864473	137.0
70.2237802969952	139.0
70.23378083534567	139.0
70.24378137369614	140.0
70.2537819120466	140.0
70.26378245039707	139.0
70.27378298874754	139.0
70.28378352709801	139.0
70.29378406544849	139.0
70.30378460379896	139.0
70.31378514214943	139.0
70.3237856804999	140.0
70.33378621885036	140.0
70.34378675720083	142.0
70.3537872955513	142.0
70.36378783390177	142.0
70.37378837225224	142.0
70.3837889106027	140.0
70.39378944895317	140.0
70.40378998730364	140.0
70.41379052565412	139.0
70.42379106400459	139.0
70.43379160235506	139.0
70.44379214070553	140.0
70.453792679056	144.0
70.46379321740646	150.0
70.47379375575693	156.0
70.4837942941074	161.0
70.49379483245787	167.0
70.50379537080833	173.0
70.5137959091588	175.0
70.52379644750928	179.0
70.53379698585975	179.0
70.54379752421022	179.0
70.55379806256069	179.0
70.56379860091116	177.0
70.57379913926162	175.0
70.58379967761209	173.0
70.59380021596256	171.0
70.60380075431303	169.0
70.6138012926635	167.0
70.62380183101396	165.0
70.63380236936445	163.0
70.64380290771491	161.0
70.65380344606538	158.0
70.66380398441585	156.0
70.67380452276632	154.0
70.68380506111679	152.0
70.69380559946725	154.0
70.70380613781772	156.0
70.71380667616819	159.0
70.72380721451866	165.0
70.73380775286913	169.0
70.74380829121961	171.0
70.75380882957008	175.0
70.76380936792054	177.0
70.77380990627101	181.0
70.78381044462148	185.0
70.79381098297195	187.0
70.80381152132242	187.0
70.81381205967288	187.0
70.82381259802335	185.0
70.83381313637382	183.0
70.84381367472429	181.0
70.85381421307477	177.0
70.86381475142524	175.0
70.8738152897757	171.0
70.88381582812617	169.0
70.89381636647664	167.0
70.90381690482711	163.0
70.91381744317758	161.0
70.92381798152805	159.0
70.93381851987851	158.0
70.94381905822898	156.0
70.95381959657945	154.0
70.96382013492993	154.0
70.9738206732804	154.0
70.98382121163087	156.0
70.99382174998134	158.0
71.0038222883318	161.0
71.01382282668227	165.0
71.02382336503274	171.0
71.03382390338321	179.0
71.04382444173368	190.0
71.05382498008414	196.0
71.06382551843461	203.0
71.0738260567851	210.0
71.08382659513556	215.0
71.09382713348603	218.0
71.1038276718365	218.0
71.11382821018697	218.0
71.12382874853743	213.0
71.1338292868879	208.0
71.14382982523837	203.0
71.15383036358884	196.0
71.1638309019393	192.0
71.17383144028977	185.0
71.18383197864026	181.0
71.19383251699072	179.0
71.20383305534119	177.0
71.21383359369166	175.0
71.22383413204213	175.0
71.2338346703926	175.0
71.24383520874306	175.0
71.25383574709353	175.0
71.263836285444	177.0
71.27383682379447	177.0
71.28383736214494	177.0
71.2938379004954	179.0
71.30383843884589	179.0
71.31383897719635	179.0
71.32383951554682	179.0
71.33384005389729	179.0
71.34384059224776	179.0
71.35384113059823	179.0
71.3638416689487	179.0
71.37384220729916	177.0
71.38384274564963	177.0
71.3938432840001	177.0
71.40384382235057	175.0
71.41384436070105	175.0
71.42384489905152	175.0
71.43384543740198	175.0
71.44384597575245	177.0
71.45384651410292	179.0
71.46384705245339	183.0
71.47384759080386	185.0
71.48384812915432	187.0
71.49384866750479	192.0
71.50384920585526	192.0
71.51384974420573	192.0
71.52385028255621	190.0
71.53385082090668	187.0
71.54385135925715	183.0
71.55385189760761	179.0
71.56385243595808	175.0
71.57385297430855	173.0
71.58385351265902	171.0
71.59385405100949	171.0
71.60385458935995	173.0
71.61385512771042	177.0
71.62385566606089	181.0
71.63385620441137	183.0
71.64385674276184	187.0
71.65385728111231	190.0
71.66385781946278	190.0
71.67385835781324	190.0
71.68385889616371	187.0
71.69385943451418	185.0
71.70385997286465	181.0
71.71386051121512	177.0
71.72386104956558	175.0
71.73386158791605	171.0
71.74386212626654	171.0
71.753862664617	173.0
71.76386320296747	175.0
71.77386374131794	179.0
71.7838642796684	181.0
71.79386481801887	183.0
71.80386535636934	185.0
71.81386589471981	185.0
71.82386643307028	181.0
71.83386697142075	179.0
71.84386750977121	177.0
71.8538680481217	175.0
71.86386858647217	177.0
71.87386912482263	181.0
71.8838696631731	0.0
71.89387020152357	0.0
71.90387073987404	0.0
71.9138712782245	0.0
71.92387181657497	0.0
71.93387235492544	0.0
71.94387289327591	0.0
71.95387343162638	0.0
71.96387396997686	0.0
71.97387450832733	0.0
71.9838750466778	0.0
71.99387558502826	0.0
72.00387612337873	0.0
72.0138766617292	0.0
72.02387720007967	0.0
72.03387773843014	0.0
72.0438782767806	0.0
72.05387881513107	0.0
72.06387935348154	0.0
72.07387989183202	0.0
72.08388043018249	0.0
72.09388096853296	0.0
72.10388150688343	0.0
72.1138820452339	0.0
72.12388258358436	0.0
72.13388312193483	0.0
72.1438836602853	0.0
72.15388419863577	0.0
72.16388473698623	0.0
72.1738852753367	0.0
72.18388581368717	215.0
72.19388635203765	213.0
72.20388689038812	213.0
72.21388742873859	213.0
72.22388796708906	210.0
72.23388850543952	210.0
72.24388904378999	208.0
72.25388958214046	208.0
72.26389012049093	208.0
72.2738906588414	208.0
72.28389119719186	208.0
72.29389173554233	208.0
72.30389227389281	208.0
72.31389281224328	208.0
72.32389335059375	210.0
72.33389388894422	210.0
72.34389442729469	210.0
72.35389496564515	213.0
72.36389550399562	213.0
72.37389604234609	213.0
72.38389658069656	213.0
72.39389711904703	213.0
72.4038976573975	213.0
72.41389819574798	213.0
72.42389873409844	210.0
72.43389927244891	210.0
72.44389981079938	210.0
72.45390034914985	213.0
72.46390088750032	213.0
72.47390142585078	213.0
72.48390196420125	213.0
72.49390250255172	213.0
72.50390304090219	213.0
72.51390357925266	213.0
72.52390411760314	213.0
72.5339046559536	213.0
72.54390519430407	213.0
72.55390573265454	213.0
72.56390627100501	213.0
72.57390680935548	213.0
72.58390734770595	213.0
72.59390788605641	213.0
72.60390842440688	213.0
72.61390896275735	213.0
72.62390950110782	213.0
72.6339100394583	213.0
72.64391057780877	210.0
72.65391111615924	210.0
72.6639116545097	210.0
72.67391219286017	210.0
72.68391273121064	210.0
72.69391326956111	210.0
72.70391380791158	210.0
72.71391434626204	210.0
72.72391488461251	210.0
72.73391542296298	210.0
72.74391596131346	210.0
72.75391649966393	210.0
72.7639170380144	213.0
72.77391757636487	213.0
72.78391811471533	213.0
72.7939186530658	213.0
72.80391919141627	213.0
72.81391972976674	215.0
72.8239202681172	215.0
72.83392080646767	213.0
72.84392134481814	213.0
72.85392188316862	213.0
72.86392242151909	213.0
72.87392295986956	210.0
72.88392349822003	210.0
72.8939240365705	210.0
72.90392457492096	210.0
72.91392511327143	210.0
72.9239256516219	210.0
72.93392618997237	210.0
72.94392672832284	210.0
72.9539272666733	210.0
72.96392780502379	210.0
72.97392834337425	210.0
72.98392888172472	210.0
72.99392942007519	210.0
73.00392995842566	210.0
73.01393049677613	208.0
73.0239310351266	208.0
73.03393157347706	208.0
73.04393211182753	208.0
73.053932650178	208.0
73.06393318852847	208.0
73.07393372687893	208.0
73.08393426522942	206.0
73.09393480357988	203.0
73.10393534193035	199.0
73.11393588028082	192.0
73.12393641863129	0.0
73.13393695698176	0.0
73.14393749533222	0.0
73.15393803368269	0.0
73.16393857203316	0.0
73.17393911038363	0.0
73.1839396487341	0.0
73.19394018708458	0.0
73.20394072543505	0.0
73.21394126378551	0.0
73.22394180213598	0.0
73.23394234048645	0.0
73.24394287883692	0.0
73.25394341718739	0.0
73.26394395553785	0.0
73.27394449388832	0.0
73.28394503223879	0.0
73.29394557058926	0.0
73.30394610893974	0.0
73.31394664729021	0.0
73.32394718564068	0.0
73.33394772399114	0.0
73.34394826234161	0.0
73.35394880069208	0.0
73.36394933904255	0.0
73.37394987739302	0.0
73.38395041574348	0.0
73.39395095409395	0.0
73.40395149244442	0.0
73.4139520307949	0.0
73.42395256914537	0.0
73.43395310749584	0.0
73.4439536458463	0.0
73.45395418419677	0.0
73.46395472254724	0.0
73.47395526089771	0.0
73.48395579924818	0.0
73.49395633759865	0.0
73.50395687594911	0.0
73.51395741429958	0.0
73.52395795265006	0.0
73.53395849100053	0.0
73.543959029351	0.0
73.55395956770147	0.0
73.56396010605194	0.0
73.5739606444024	0.0
73.58396118275287	0.0
73.59396172110334	0.0
73.60396225945381	0.0
73.61396279780428	0.0
73.62396333615474	203.0
73.63396387450523	201.0
73.6439644128557	199.0
73.65396495120616	201.0
73.66396548955663	203.0
73.6739660279071	208.0
73.68396656625757	213.0
73.69396710460803	215.0
73.7039676429585	218.0
73.71396818130897	220.0
73.72396871965944	218.0
73.7339692580099	218.0
73.74396979636039	215.0
73.75397033471086	213.0
73.76397087306133	208.0
73.7739714114118	203.0
73.78397194976226	199.0
73.79397248811273	192.0
73.8039730264632	185.0
73.81397356481367	181.0
73.82397410316413	179.0
73.8339746415146	177.0
73.84397517986507	175.0
73.85397571821554	175.0
73.86397625656602	175.0
73.87397679491649	175.0
73.88397733326696	177.0
73.89397787161742	177.0
73.90397840996789	179.0
73.91397894831836	179.0
73.92397948666883	179.0
73.9339800250193	177.0
73.94398056336976	175.0
73.95398110172023	175.0
73.9639816400707	173.0
73.97398217842118	173.0
73.98398271677165	173.0
73.99398325512212	175.0
74.00398379347259	179.0
74.01398433182305	181.0
74.02398487017352	185.0
74.03398540852399	187.0
74.04398594687446	187.0
74.05398648522493	187.0
74.0639870235754	187.0
74.07398756192586	183.0
74.08398810027634	181.0
74.09398863862681	177.0
74.10398917697728	175.0
74.11398971532775	171.0
74.12399025367822	171.0
74.13399079202868	171.0
74.14399133037915	173.0
74.15399186872962	177.0
74.16399240708009	181.0
74.17399294543056	185.0
74.18399348378102	187.0
74.1939940221315	190.0
74.20399456048197	190.0
74.21399509883244	190.0
74.22399563718291	187.0
74.23399617553338	185.0
74.24399671388385	185.0
74.25399725223431	181.0
74.26399779058478	177.0
74.27399832893525	173.0
74.28399886728572	171.0
74.29399940563619	169.0
74.30399994398667	169.0
74.31400048233714	169.0
74.3240010206876	171.0
74.33400155903807	175.0
74.34400209738854	179.0
74.35400263573901	183.0
74.36400317408948	187.0
74.37400371243994	194.0
74.38400425079041	201.0
74.39400478914088	206.0
74.40400532749135	208.0
74.41400586584183	210.0
74.4240064041923	213.0
74.43400694254277	213.0
74.44400748089323	213.0
74.4540080192437	213.0
74.46400855759417	213.0
74.47400909594464	213.0
74.4840096342951	213.0
74.49401017264557	213.0
74.50401071099604	213.0
74.51401124934651	213.0
74.52401178769699	213.0
74.53401232604746	215.0
74.54401286439793	215.0
74.5540134027484	215.0
74.56401394109886	213.0
74.57401447944933	213.0
74.5840150177998	213.0
74.59401555615027	213.0
74.60401609450074	213.0
74.6140166328512	213.0
74.62401717120167	213.0
74.63401770955215	210.0
74.64401824790262	208.0
74.65401878625309	203.0
74.66401932460356	196.0
74.67401986295403	185.0
74.6840204013045	175.0
74.69402093965496	169.0
74.70402147800543	167.0
74.7140220163559	167.0
74.72402255470637	169.0
74.73402309305683	173.0
74.7440236314073	179.0
74.75402416975778	185.0
74.76402470810825	192.0
74.77402524645872	196.0
74.78402578480919	203.0
74.79402632315966	208.0
74.80402686151012	210.0
74.81402739986059	213.0
74.82402793821106	213.0
74.83402847656153	213.0
74.844029014912	213.0
74.85402955326246	213.0
74.86403009161295	213.0
74.87403062996341	213.0
74.88403116831388	213.0
74.89403170666435	210.0
74.90403224501482	206.0
74.91403278336529	196.0
74.92403332171575	185.0
74.93403386006622	177.0
74.94403439841669	0.0
74.95403493676716	0.0
74.96403547511763	0.0
74.97403601346811	0.0
74.98403655181858	0.0
74.99403709016904	0.0
75.00403762851951	0.0
75.01403816686998	0.0
75.02403870522045	0.0
75.03403924357092	0.0
75.04403978192138	215.0
75.05404032027185	213.0
75.06404085862232	213.0
75.07404139697279	210.0
75.08404193532327	210.0
75.09404247367374	208.0
75.1040430120242	208.0
75.11404355037467	206.0
75.12404408872514	206.0
75.13404462707561	208.0
75.14404516542608	208.0
75.15404570377655	210.0
75.16404624212701	213.0
75.17404678047748	218.0
75.18404731882795	226.0
75.19404785717843	236.0
75.2040483955289	250.0
75.21404893387937	265.0
75.22404947222984	275.0
75.2340500105803	281.0
75.24405054893077	284.0
75.25405108728124	284.0
75.26405162563171	281.0
75.27405216398218	275.0
75.28405270233264	268.0
75.29405324068311	259.0
75.3040537790336	250.0
75.31405431738406	245.0
75.32405485573453	239.0
75.334055394085	236.0
75.34405593243547	234.0
75.35405647078593	234.0
75.3640570091364	231.0
75.37405754748687	231.0
75.38405808583734	231.0
75.3940586241878	231.0
75.40405916253827	231.0
75.41405970088876	234.0
75.42406023923922	239.0
75.43406077758969	242.0
75.44406131594016	250.0
75.45406185429063	259.0
75.4640623926411	268.0
75.47406293099156	275.0
75.48406346934203	278.0
75.4940640076925	281.0
75.50406454604297	281.0
75.51406508439344	284.0
75.5240656227439	278.0
75.53406616109439	275.0
75.54406669944485	262.0
75.55406723779532	253.0
75.56406777614579	245.0
75.57406831449626	242.0
75.58406885284673	236.0
75.5940693911972	236.0
75.60406992954766	234.0
75.61407046789813	234.0
75.6240710062486	231.0
75.63407154459907	231.0
75.64407208294955	231.0
75.65407262130002	228.0
75.66407315965048	228.0
75.67407369800095	228.0
75.68407423635142	228.0
75.69407477470189	231.0
75.70407531305236	234.0
75.71407585140282	236.0
75.7240763897533	242.0
75.73407692810376	245.0
75.74407746645423	250.0
75.75407800480471	253.0
75.76407854315518	259.0
75.77407908150565	259.0
75.78407961985612	259.0
75.79408015820658	256.0
75.80408069655705	253.0
75.81408123490752	250.0
75.82408177325799	245.0
75.83408231160846	242.0
75.84408284995892	236.0
75.85408338830939	234.0
75.86408392665987	231.0
75.87408446501034	226.0
75.88408500336081	223.0
75.89408554171128	220.0
75.90408608006175	218.0
75.91408661841221	218.0
75.92408715676268	215.0
75.93408769511315	215.0
75.94408823346362	213.0
75.95408877181409	210.0
75.96408931016455	210.0
75.97408984851504	210.0
75.9840903868655	210.0
75.99409092521597	210.0
76.00409146356644	210.0
76.01409200191691	210.0
76.02409254026738	210.0
76.03409307861784	210.0
76.04409361696831	208.0
76.05409415531878	208.0
76.06409469366925	208.0
76.07409523201972	208.0
76.0840957703702	210.0
76.09409630872067	210.0
76.10409684707113	210.0
76.1140973854216	210.0
76.12409792377207	210.0
76.13409846212254	208.0
76.144099000473	208.0
76.15409953882347	0.0
76.16410007717394	0.0
76.17410061552441	0.0
76.18410115387488	0.0
76.19410169222536	0.0
76.20410223057583	0.0
76.2141027689263	0.0
76.22410330727676	0.0
76.23410384562723	0.0
76.2441043839777	0.0
76.25410492232817	0.0
76.26410546067864	0.0
76.2741059990291	0.0
76.28410653737957	0.0
76.29410707573004	0.0
76.30410761408052	0.0
76.31410815243099	0.0
76.32410869078146	0.0
76.33410922913193	0.0
76.3441097674824	0.0
76.35411030583286	0.0
76.36411084418333	0.0
76.3741113825338	0.0
76.38411192088427	0.0
76.39411245923473	0.0
76.4041129975852	0.0
76.41411353593567	0.0
76.42411407428615	0.0
76.43411461263662	0.0
76.44411515098709	0.0
76.45411568933756	284.0
76.46411622768802	281.0
76.47411676603849	272.0
76.48411730438896	265.0
76.49411784273943	259.0
76.5041183810899	250.0
76.51411891944036	245.0
76.52411945779083	239.0
76.53411999614131	236.0
76.54412053449178	231.0
76.55412107284225	228.0
76.56412161119272	226.0
76.57412214954319	226.0
76.58412268789365	228.0
76.59412322624412	231.0
76.60412376459459	236.0
76.61412430294506	242.0
76.62412484129553	250.0
76.634125379646	259.0
76.64412591799648	272.0
76.65412645634694	278.0
76.66412699469741	281.0
76.67412753304788	284.0
76.68412807139835	284.0
76.69412860974882	281.0
76.70412914809928	278.0
76.71412968644975	272.0
76.72413022480022	262.0
76.73413076315069	253.0
76.74413130150116	248.0
76.75413183985164	245.0
76.7641323782021	242.0
76.77413291655257	239.0
76.78413345490304	239.0
76.79413399325351	236.0
76.80413453160398	234.0
76.81413506995445	234.0
76.82413560830491	231.0
76.83413614665538	231.0
76.84413668500585	231.0
76.85413722335632	231.0
76.8641377617068	236.0
76.87413830005727	242.0
76.88413883840774	248.0
76.8941393767582	253.0
76.90413991510867	262.0
76.91414045345914	272.0
76.92414099180961	278.0
76.93414153016008	281.0
76.94414206851054	281.0
76.95414260686101	281.0
76.96414314521148	281.0
76.97414368356196	281.0
76.98414422191243	281.0
76.9941447602629	281.0
77.00414529861337	281.0
77.01414583696383	281.0
77.0241463753143	281.0
77.03414691366477	281.0
77.04414745201524	281.0
77.0541479903657	281.0
77.06414852871617	278.0
77.07414906706664	272.0
77.08414960541712	265.0
77.09415014376759	262.0
77.10415068211806	262.0
77.11415122046853	268.0
77.124151758819	278.0
77.13415229716946	281.0
77.14415283551993	281.0
77.1541533738704	281.0
77.16415391222087	281.0
77.17415445057134	281.0
77.1841549889218	281.0
77.19415552727229	281.0
77.20415606562275	281.0
77.21415660397322	281.0
77.22415714232369	278.0
77.23415768067416	278.0
77.24415821902463	278.0
77.2541587573751	278.0
77.26415929572556	278.0
77.27415983407603	281.0
77.2841603724265	281.0
77.29416091077697	281.0
77.30416144912743	281.0
77.31416198747792	281.0
77.32416252582838	281.0
77.33416306417885	278.0
77.34416360252932	275.0
77.35416414087979	272.0
77.36416467923026	268.0
77.37416521758072	262.0
77.38416575593119	250.0
77.39416629428166	239.0
77.40416683263213	228.0
77.4141673709826	223.0
77.42416790933308	220.0
77.43416844768355	220.0
77.44416898603401	226.0
77.45416952438448	231.0
77.46417006273495	236.0
77.47417060108542	242.0
77.48417113943589	248.0
77.49417167778635	256.0
77.50417221613682	265.0
77.51417275448729	275.0
77.52417329283776	281.0
77.53417383118824	284.0
77.54417436953871	288.0
77.55417490788918	288.0
77.56417544623964	284.0
77.57417598459011	281.0
77.58417652294058	278.0
77.59417706129105	275.0
77.60417759964152	268.0
77.61417813799198	262.0
77.62417867634245	256.0
77.63417921469292	250.0
77.6441797530434	245.0
77.65418029139387	242.0
77.66418082974434	239.0
77.6741813680948	239.0
77.68418190644527	236.0
77.69418244479574	236.0
77.70418298314621	236.0
77.71418352149668	234.0
77.72418405984715	234.0
77.73418459819761	234.0
77.74418513654808	234.0
77.75418567489857	234.0
77.76418621324903	234.0
77.7741867515995	236.0
77.78418728994997	242.0
77.79418782830044	245.0
77.8041883666509	250.0
77.81418890500137	256.0
77.82418944335184	262.0
77.83418998170231	268.0
77.84419052005278	268.0
77.85419105840325	265.0
77.86419159675373	259.0
77.8741921351042	248.0
77.88419267345466	236.0
77.89419321180513	223.0
77.9041937501556	215.0
77.91419428850607	210.0
77.92419482685654	210.0
77.934195365207	210.0
77.94419590355747	210.0
77.95419644190794	213.0
77.96419698025841	213.0
77.97419751860889	213.0
77.98419805695936	213.0
77.99419859530983	213.0
78.0041991336603	213.0
78.01419967201076	210.0
78.02420021036123	210.0
78.0342007487117	210.0
78.04420128706217	210.0
78.05420182541263	210.0
78.0642023637631	210.0
78.07420290211357	210.0
78.08420344046405	210.0
78.09420397881452	210.0
78.10420451716499	210.0
78.11420505551546	210.0
78.12420559386592	210.0
78.13420613221639	210.0
78.14420667056686	210.0
78.15420720891733	213.0
78.1642077472678	213.0
78.17420828561826	210.0
78.18420882396873	210.0
78.1942093623192	210.0
78.20420990066968	210.0
78.21421043902015	210.0
78.22421097737062	210.0
78.23421151572109	210.0
78.24421205407155	210.0
78.25421259242202	210.0
78.26421313077249	210.0
78.27421366912296	210.0
78.28421420747343	210.0
78.2942147458239	210.0
78.30421528417436	210.0
78.31421582252484	210.0
78.32421636087531	208.0
78.33421689922578	206.0
78.34421743757625	199.0
78.35421797592672	192.0
78.36421851427718	185.0
78.37421905262765	179.0
78.38421959097812	175.0
78.39422012932859	171.0
78.40422066767906	167.0
78.41422120602952	167.0
78.42422174438	169.0
78.43422228273047	173.0
78.44422282108094	175.0
78.45422335943141	179.0
78.46422389778188	185.0
78.47422443613235	190.0
78.48422497448281	196.0
78.49422551283328	208.0
78.50422605118375	220.0
78.51422658953422	236.0
78.52422712788469	250.0
78.53422766623517	259.0
78.54422820458564	268.0
78.5542287429361	278.0
78.56422928128657	281.0
78.57422981963704	284.0
78.58423035798751	288.0
78.59423089633798	284.0
78.60423143468844	281.0
78.61423197303891	278.0
78.62423251138938	272.0
78.63423304973985	265.0
78.64423358809033	259.0
78.6542341264408	253.0
78.66423466479127	248.0
78.67423520314173	245.0
78.6842357414922	242.0
78.69423627984267	239.0
78.70423681819314	236.0
78.7142373565436	236.0
78.72423789489407	236.0
78.73423843324454	236.0
78.74423897159501	236.0
78.75423950994549	236.0
78.76424004829596	236.0
78.77424058664643	236.0
78.7842411249969	236.0
78.79424166334736	239.0
78.80424220169783	242.0
78.8142427400483	245.0
78.82424327839877	250.0
78.83424381674924	256.0
78.8442443550997	265.0
78.85424489345017	272.0
78.86424543180065	275.0
78.87424597015112	275.0
78.88424650850159	268.0
78.89424704685206	262.0
78.90424758520253	250.0
78.914248123553	234.0
78.92424866190346	220.0
78.93424920025393	215.0
78.9442497386044	213.0
78.95425027695487	210.0
78.96425081530533	210.0
78.9742513536558	213.0
78.98425189200628	213.0
78.99425243035675	213.0
79.00425296870722	213.0
79.01425350705769	215.0
79.02425404540816	213.0
79.03425458375862	213.0
79.04425512210909	213.0
79.05425566045956	213.0
79.06425619881003	213.0
79.0742567371605	213.0
79.08425727551096	213.0
79.09425781386145	213.0
79.10425835221191	213.0
79.11425889056238	215.0
79.12425942891285	215.0
79.13425996726332	215.0
79.14426050561379	213.0
79.15426104396425	213.0
79.16426158231472	213.0
79.17426212066519	210.0
79.18426265901566	208.0
79.19426319736613	208.0
79.20426373571661	208.0
79.21426427406708	210.0
79.22426481241754	215.0
79.23426535076801	223.0
79.24426588911848	236.0
79.25426642746895	250.0
79.26426696581942	262.0
79.27426750416988	272.0
79.28426804252035	281.0
79.29426858087082	288.0
79.30426911922129	288.0
79.31426965757177	288.0
79.32427019592224	281.0
79.3342707342727	272.0
79.34427127262317	262.0
79.35427181097364	256.0
79.36427234932411	245.0
79.37427288767458	242.0
79.38427342602505	239.0
79.39427396437551	239.0
79.40427450272598	236.0
79.41427504107645	236.0
79.42427557942693	236.0
79.4342761177774	234.0
79.44427665612787	234.0
79.45427719447834	231.0
79.4642777328288	231.0
79.47427827117927	234.0
79.48427880952974	236.0
79.49427934788021	239.0
79.50427988623068	245.0
79.51428042458114	253.0
79.52428096293161	259.0
79.5342815012821	268.0
79.54428203963256	275.0
79.55428257798303	278.0
79.5642831163335	278.0
79.57428365468397	278.0
79.58428419303443	275.0
79.5942847313849	272.0
79.60428526973537	268.0
79.61428580808584	262.0
79.6242863464363	256.0
79.63428688478677	253.0
79.64428742313726	248.0
79.65428796148773	242.0
79.6642884998382	234.0
79.67428903818866	226.0
79.68428957653913	218.0
79.6942901148896	208.0
79.70429065324007	203.0
79.71429119159053	196.0
79.724291729941	190.0
79.73429226829147	185.0
79.74429280664194	181.0
79.75429334499242	177.0
79.76429388334289	173.0
79.77429442169336	169.0
79.78429496004382	167.0
79.79429549839429	165.0
79.80429603674476	165.0
79.81429657509523	167.0
79.8242971134457	173.0
79.83429765179616	177.0
79.84429819014663	181.0
79.8542987284971	187.0
79.86429926684757	194.0
79.87429980519805	201.0
79.88430034354852	208.0
79.89430088189899	210.0
79.90430142024945	213.0
79.91430195859992	213.0
79.92430249695039	213.0
79.93430303530086	213.0
79.94430357365133	213.0
79.9543041120018	210.0
79.96430465035226	210.0
79.97430518870273	208.0
79.98430572705321	206.0
79.99430626540368	203.0
80.00430680375415	199.0
80.01430734210462	192.0
80.02430788045508	190.0
80.03430841880555	185.0
80.04430895715602	181.0
80.05430949550649	179.0
80.06431003385696	177.0
80.07431057220742	175.0
80.08431111055789	173.0
80.09431164890837	173.0
80.10431218725884	171.0
80.11431272560931	171.0
80.12431326395978	171.0
80.13431380231025	173.0
80.14431434066071	175.0
80.15431487901118	177.0
80.16431541736165	183.0
80.17431595571212	192.0
80.18431649406259	203.0
80.19431703241305	215.0
80.20431757076354	228.0
80.214318109114	250.0
80.22431864746447	262.0
80.23431918581494	268.0
80.24431972416541	272.0
80.25432026251588	272.0
80.26432080086634	265.0
80.27432133921681	256.0
80.28432187756728	239.0
80.29432241591775	223.0
80.30432295426822	215.0
80.3143234926187	213.0
80.32432403096917	213.0
80.33432456931963	213.0
80.3443251076701	213.0
80.35432564602057	213.0
80.36432618437104	213.0
80.3743267227215	213.0
80.38432726107197	215.0
80.39432779942244	215.0
80.40432833777291	215.0
80.41432887612338	213.0
80.42432941447386	213.0
80.43432995282433	213.0
80.4443304911748	213.0
80.45433102952526	213.0
80.46433156787573	210.0
80.4743321062262	210.0
80.48433264457667	210.0
80.49433318292714	210.0
80.5043337212776	208.0
80.51433425962807	208.0
80.52433479797854	208.0
80.53433533632902	210.0
80.54433587467949	213.0
80.55433641302996	213.0
80.56433695138043	215.0
80.5743374897309	215.0
80.58433802808136	213.0
80.59433856643183	213.0
80.6043391047823	210.0
80.61433964313277	210.0
80.62434018148323	210.0
80.6343407198337	208.0
80.64434125818417	208.0
80.65434179653465	208.0
80.66434233488512	210.0
80.67434287323559	210.0
80.68434341158606	210.0
80.69434394993652	210.0
80.70434448828699	208.0
80.71434502663746	206.0
80.72434556498793	203.0
80.7343461033384	199.0
80.74434664168886	194.0
80.75434718003933	187.0
80.76434771838981	183.0
80.77434825674028	179.0
80.78434879509075	177.0
80.79434933344122	175.0
80.80434987179169	175.0
80.81435041014215	175.0
80.82435094849262	175.0
80.83435148684309	175.0
80.84435202519356	177.0
80.85435256354403	177.0
80.8643531018945	177.0
80.87435364024498	179.0
80.88435417859544	179.0
80.89435471694591	179.0
80.90435525529638	179.0
80.91435579364685	181.0
80.92435633199732	183.0
80.93435687034778	183.0
80.94435740869825	185.0
80.95435794704872	185.0
80.96435848539919	185.0
80.97435902374966	185.0
80.98435956210014	183.0
80.9943601004506	181.0
81.00436063880107	179.0
81.01436117715154	175.0
81.02436171550201	171.0
81.03436225385248	165.0
81.04436279220295	161.0
81.05436333055341	158.0
81.06436386890388	158.0
81.07436440725435	156.0
81.08436494560482	156.0
81.0943654839553	156.0
81.10436602230577	158.0
81.11436656065624	158.0
81.1243670990067	158.0
81.13436763735717	158.0
81.14436817570764	158.0
81.15436871405811	158.0
81.16436925240858	158.0
81.17436979075904	158.0
81.18437032910951	159.0
81.19437086745998	161.0
81.20437140581046	163.0
81.21437194416093	165.0
81.2243724825114	171.0
81.23437302086187	173.0
81.24437355921233	175.0
81.2543740975628	175.0
81.26437463591327	173.0
81.27437517426374	171.0
81.2843757126142	165.0
81.29437625096467	158.0
81.30437678931514	152.0
81.31437732766562	147.0
81.32437786601609	142.0
81.33437840436656	140.0
81.34437894271703	139.0
81.3543794810675	139.0
81.36438001941796	140.0
81.37438055776843	140.0
81.3843810961189	142.0
81.39438163446937	142.0
81.40438217281984	142.0
81.4143827111703	142.0
81.42438324952079	142.0
81.43438378787125	142.0
81.44438432622172	142.0
81.45438486457219	142.0
81.46438540292266	142.0
81.47438594127313	144.0
81.4843864796236	144.0
81.49438701797406	144.0
81.50438755632453	144.0
81.514388094675	142.0
81.52438863302547	140.0
81.53438917137593	139.0
81.54438970972642	137.0
81.55439024807688	137.0
81.56439078642735	139.0
81.57439132477782	142.0
81.58439186312829	147.0
81.59439240147876	154.0
81.60439293982922	159.0
81.6143934781797	167.0
81.62439401653016	173.0
81.63439455488063	177.0
81.6443950932311	179.0
81.65439563158158	179.0
81.66439616993205	181.0
81.67439670828252	179.0
81.68439724663298	177.0
81.69439778498345	175.0
81.70439832333392	171.0
81.71439886168439	169.0
81.72439940003486	167.0
81.73439993838532	165.0
81.74440047673579	163.0
81.75440101508626	163.0
81.76440155343674	161.0
81.77440209178721	159.0
81.78440263013768	159.0
81.79440316848815	158.0
81.80440370683861	158.0
81.81440424518908	158.0
81.82440478353955	158.0
81.83440532189002	158.0
81.84440586024049	156.0
81.85440639859095	156.0
81.86440693694142	156.0
81.8744074752919	158.0
81.88440801364237	161.0
81.89440855199284	165.0
81.90440909034331	171.0
81.91440962869378	175.0
81.92441016704424	183.0
81.93441070539471	183.0
81.94441124374518	185.0
81.95441178209565	187.0
81.96441232044612	187.0
81.97441285879658	187.0
81.98441339714707	187.0
81.99441393549753	185.0
82.004414473848	181.0
82.01441501219847	179.0
82.02441555054894	179.0
82.0344160888994	177.0
82.04441662724987	177.0
82.05441716560034	175.0
82.06441770395081	175.0
82.07441824230128	177.0
82.08441878065175	177.0
82.09441931900223	177.0
82.1044198573527	177.0
82.11442039570316	179.0
82.12442093405363	179.0
82.1344214724041	179.0
82.14442201075457	179.0
82.15442254910504	179.0
82.1644230874555	179.0
82.17442362580597	179.0
82.18442416415644	179.0
82.19442470250691	181.0
82.20442524085739	181.0
82.21442577920786	183.0
82.22442631755833	183.0
82.2344268559088	183.0
82.24442739425926	181.0
82.25442793260973	179.0
82.2644284709602	175.0
82.27442900931067	165.0
82.28442954766113	154.0
82.2944300860116	149.0
82.30443062436207	144.0
82.31443116271255	140.0
82.32443170106302	139.0
82.33443223941349	140.0
82.34443277776396	147.0
82.35443331611442	154.0
82.36443385446489	161.0
82.37443439281536	167.0
82.38443493116583	173.0
82.3944354695163	175.0
82.40443600786676	177.0
82.41443654621723	177.0
82.4244370845677	177.0
82.43443762291818	177.0
82.44443816126865	177.0
82.45443869961912	177.0
82.46443923796959	175.0
82.47443977632005	175.0
82.48444031467052	175.0
82.49444085302099	175.0
82.50444139137146	175.0
82.51444192972193	177.0
82.5244424680724	177.0
82.53444300642286	179.0
82.54444354477334	181.0
82.55444408312381	181.0
82.56444462147428	183.0
82.57444515982475	183.0
82.58444569817522	181.0
82.59444623652568	181.0
82.60444677487615	177.0
82.61444731322662	173.0
82.62444785157709	169.0
82.63444838992756	165.0
82.64444892827802	163.0
82.6544494666285	165.0
82.66445000497897	171.0
82.67445054332944	177.0
82.68445108167991	183.0
82.69445162003038	192.0
82.70445215838085	199.0
82.71445269673131	203.0
82.72445323508178	208.0
82.73445377343225	210.0
82.74445431178272	210.0
82.75445485013319	210.0
82.76445538848367	213.0
82.77445592683414	213.0
82.7844564651846	213.0
82.79445700353507	213.0
82.80445754188554	213.0
82.81445808023601	213.0
82.82445861858648	213.0
82.83445915693694	213.0
82.84445969528741	215.0
82.85446023363788	215.0
82.86446077198835	213.0
82.87446131033883	213.0
82.8844618486893	213.0
82.89446238703977	210.0
82.90446292539023	208.0
82.9144634637407	206.0
82.92446400209117	203.0
82.93446454044164	199.0
82.9444650787921	192.0
82.95446561714257	183.0
82.96446615549304	173.0
82.97446669384351	165.0
82.98446723219399	163.0
82.99446777054446	165.0
83.00446830889493	171.0
83.0144688472454	177.0
83.02446938559586	183.0
83.03446992394633	190.0
83.0444704622968	194.0
83.05447100064727	199.0
83.06447153899774	203.0
83.0744720773482	206.0
83.08447261569867	208.0
83.09447315404915	210.0
83.10447369239962	210.0
83.11447423075009	210.0
83.12447476910056	210.0
83.13447530745103	210.0
83.1444758458015	210.0
83.15447638415196	210.0
83.16447692250243	213.0
83.1744774608529	213.0
83.18447799920337	213.0
83.19447853755383	213.0
83.20447907590432	215.0
83.21447961425478	213.0
83.22448015260525	213.0
83.23448069095572	210.0
83.24448122930619	208.0
83.25448176765666	208.0
83.26448230600712	208.0
83.27448284435759	210.0
83.28448338270806	215.0
83.29448392105853	223.0
83.304484459409	234.0
83.31448499775946	242.0
83.32448553610995	256.0
83.33448607446041	268.0
83.34448661281088	275.0
83.35448715116135	281.0
83.36448768951182	284.0
83.37448822786229	281.0
83.38448876621275	278.0
83.39448930456322	272.0
83.40448984291369	265.0
83.41449038126416	259.0
83.42449091961463	250.0
83.43449145796511	242.0
83.44449199631558	239.0
83.45449253466604	234.0
83.46449307301651	234.0
83.47449361136698	231.0
83.48449414971745	231.0
83.49449468806792	228.0
83.50449522641838	228.0
83.51449576476885	228.0
83.52449630311932	228.0
83.53449684146979	228.0
83.54449737982027	231.0
83.55449791817074	231.0
83.5644984565212	234.0
83.57449899487167	234.0
83.58449953322214	234.0
83.59450007157261	236.0
83.60450060992308	239.0
83.61450114827355	242.0
83.62450168662401	248.0
83.63450222497448	250.0
83.64450276332495	256.0
83.65450330167543	262.0
83.6645038400259	265.0
83.67450437837637	262.0
83.68450491672684	259.0
83.6945054550773	253.0
83.70450599342777	245.0
83.71450653177824	236.0
83.72450707012871	228.0
83.73450760847918	223.0
83.74450814682965	218.0
83.75450868518011	218.0
83.7645092235306	215.0
83.77450976188106	215.0
83.78451030023153	215.0
83.794510838582	215.0
83.80451137693247	213.0
83.81451191528294	210.0
83.8245124536334	208.0
83.83451299198387	208.0
83.84451353033434	0.0
83.85451406868481	0.0
83.86451460703528	0.0
83.87451514538576	0.0
83.88451568373623	0.0
83.8945162220867	0.0
83.90451676043716	0.0
83.91451729878763	0.0
83.9245178371381	0.0
83.93451837548857	0.0
83.94451891383903	0.0
83.9545194521895	0.0
83.96451999053997	0.0
83.97452052889044	0.0
83.98452106724092	0.0
83.99452160559139	0.0
84.00452214394186	0.0
84.01452268229232	0.0
84.02452322064279	0.0
84.03452375899326	0.0
84.04452429734373	0.0
84.0545248356942	0.0
84.06452537404466	0.0
84.07452591239513	0.0
84.0845264507456	0.0
84.09452698909607	0.0
84.10452752744655	0.0
84.11452806579702	0.0
84.12452860414749	0.0
84.13452914249795	281.0
84.14452968084842	278.0
84.15453021919889	272.0
84.16453075754936	265.0
84.17453129589983	256.0
84.1845318342503	248.0
84.19453237260076	239.0
84.20453291095123	231.0
84.21453344930171	226.0
84.22453398765218	223.0
84.23453452600265	223.0
84.24453506435312	223.0
84.25453560270358	228.0
84.26453614105405	236.0
84.27453667940452	245.0
84.28453721775499	253.0
84.29453775610546	262.0
84.30453829445592	272.0
84.31453883280639	278.0
84.32453937115687	281.0
84.33453990950734	278.0
84.34454044785781	278.0
84.35454098620828	272.0
84.36454152455875	268.0
84.37454206290921	259.0
84.38454260125968	250.0
84.39454313961015	245.0
84.40454367796062	242.0
84.41454421631109	242.0
84.42454475466155	239.0
84.43454529301204	239.0
84.4445458313625	236.0
84.45454636971297	236.0
84.46454690806344	234.0
84.47454744641391	234.0
84.48454798476438	231.0
84.49454852311484	231.0
84.50454906146531	231.0
84.51454959981578	231.0
84.52455013816625	236.0
84.53455067651672	242.0
84.5445512148672	248.0
84.55455175321767	253.0
84.56455229156813	262.0
84.5745528299186	272.0
84.58455336826907	278.0
84.59455390661954	284.0
84.60455444497	288.0
84.61455498332047	288.0
84.62455552167094	288.0
84.63455606002141	284.0
84.64455659837188	284.0
84.65455713672236	281.0
84.66455767507283	281.0
84.6745582134233	281.0
84.68455875177376	281.0
84.69455929012423	281.0
84.7045598284747	281.0
84.71456036682517	281.0
84.72456090517564	281.0
84.7345614435261	278.0
84.74456198187657	278.0
84.75456252022704	278.0
84.76456305857752	278.0
84.77456359692799	275.0
84.78456413527846	278.0
84.79456467362893	278.0
84.8045652119794	278.0
84.81456575032986	278.0
84.82456628868033	281.0
84.8345668270308	281.0
84.84456736538127	281.0
84.85456790373173	281.0
84.8645684420822	281.0
84.87456898043268	284.0
84.88456951878315	284.0
84.89457005713362	284.0
84.90457059548409	284.0
84.91457113383456	284.0
84.92457167218502	281.0
84.93457221053549	281.0
84.94457274888596	281.0
84.95457328723643	278.0
84.9645738255869	272.0
84.97457436393736	265.0
84.98457490228783	259.0
84.99457544063831	248.0
85.00457597898878	242.0
85.01457651733925	236.0
85.02457705568972	234.0
85.03457759404019	231.0
85.04457813239065	231.0
85.05457867074112	234.0
85.06457920909159	234.0
85.07457974744206	236.0
85.08458028579253	236.0
85.094580824143	226.0
85.10458136249348	210.0
85.11458190084394	206.0
85.12458243919441	206.0
85.13458297754488	203.0
85.14458351589535	203.0
85.15458405424582	206.0
85.16458459259628	218.0
85.17458513094675	262.0
85.18458566929722	272.0
85.19458620764769	281.0
85.20458674599816	284.0
85.21458728434864	284.0
85.2245878226991	284.0
85.23458836104957	284.0
85.24458889940004	281.0
85.25458943775051	281.0
85.26458997610098	278.0
85.27459051445145	278.0
85.28459105280191	278.0
85.29459159115238	278.0
85.30459212950285	278.0
85.31459266785332	281.0
85.3245932062038	281.0
85.33459374455427	281.0
85.34459428290474	281.0
85.3545948212552	281.0
85.36459535960567	281.0
85.37459589795614	281.0
85.38459643630661	281.0
85.39459697465708	281.0
85.40459751300754	281.0
85.41459805135801	281.0
85.42459858970848	281.0
85.43459912805896	281.0
85.44459966640943	281.0
85.4546002047599	281.0
85.46460074311037	281.0
85.47460128146083	278.0
85.4846018198113	281.0
85.49460235816177	284.0
85.50460289651224	294.0
85.5146034348627	308.0
85.52460397321317	323.0
85.53460451156364	342.0
85.54460504991413	354.0
85.5546055882646	363.0
85.56460612661506	371.0
85.57460666496553	371.0
85.584607203316	367.0
85.59460774166647	363.0
85.60460828001693	354.0
85.6146088183674	346.0
85.62460935671787	338.0
85.63460989506834	331.0
85.6446104334188	323.0
85.65461097176929	319.0
85.66461151011976	319.0
85.67461204847022	316.0
85.68461258682069	316.0
85.69461312517116	316.0
85.70461366352163	316.0
85.7146142018721	316.0
85.72461474022256	316.0
85.73461527857303	319.0
85.7446158169235	319.0
85.75461635527397	319.0
85.76461689362444	319.0
85.77461743197492	323.0
85.78461797032539	323.0
85.79461850867585	323.0
85.80461904702632	323.0
85.81461958537679	323.0
85.82462012372726	327.0
85.83462066207773	327.0
85.8446212004282	331.0
85.85462173877866	338.0
85.86462227712913	346.0
85.8746228154796	350.0
85.88462335383008	350.0
85.89462389218055	350.0
85.90462443053102	346.0
85.91462496888148	334.0
85.92462550723195	323.0
85.93462604558242	308.0
85.94462658393289	288.0
85.95462712228336	281.0
85.96462766063382	278.0
85.97462819898429	278.0
85.98462873733476	278.0
85.99462927568524	281.0
86.00462981403571	281.0
86.01463035238618	281.0
86.02463089073665	284.0
86.03463142908711	284.0
86.04463196743758	281.0
86.05463250578805	281.0
86.06463304413852	281.0
86.07463358248899	281.0
86.08463412083945	281.0
86.09463465918992	278.0
86.1046351975404	275.0
86.11463573589087	272.0
86.12463627424134	0.0
86.13463681259181	0.0
86.14463735094228	0.0
86.15463788929274	0.0
86.16463842764321	0.0
86.17463896599368	0.0
86.18463950434415	0.0
86.19464004269462	0.0
86.20464058104508	0.0
86.21464111939557	0.0
86.22464165774603	0.0
86.2346421960965	256.0
86.24464273444697	259.0
86.25464327279744	268.0
86.2646438111479	272.0
86.27464434949837	275.0
86.28464488784884	275.0
86.29464542619931	278.0
86.30464596454978	278.0
86.31464650290025	278.0
86.32464704125073	278.0
86.3346475796012	278.0
86.34464811795166	278.0
86.35464865630213	278.0
86.3646491946526	278.0
86.37464973300307	278.0
86.38465027135354	278.0
86.394650809704	278.0
86.40465134805447	278.0
86.41465188640494	278.0
86.42465242475541	278.0
86.43465296310589	278.0
86.44465350145636	275.0
86.45465403980683	275.0
86.4646545781573	272.0
86.47465511650776	268.0
86.48465565485823	265.0
86.4946561932087	265.0
86.50465673155917	259.0
86.51465726990963	253.0
86.5246578082601	250.0
86.53465834661057	248.0
86.54465888496105	245.0
86.55465942331152	242.0
86.56465996166199	242.0
86.57466050001246	236.0
86.58466103836292	234.0
86.59466157671339	231.0
86.60466211506386	231.0
86.61466265341433	234.0
86.6246631917648	236.0
86.63466373011526	239.0
86.64466426846573	248.0
86.6546648068162	259.0
86.66466534516668	275.0
86.67466588351715	291.0
86.68466642186762	312.0
86.69466696021809	327.0
86.70466749856855	342.0
86.71466803691902	354.0
86.72466857526949	363.0
86.73466911361996	367.0
86.74466965197043	367.0
86.7546701903209	367.0
86.76467072867136	363.0
86.77467126702184	363.0
86.78467180537231	358.0
86.79467234372278	354.0
86.80467288207325	350.0
86.81467342042372	350.0
86.82467395877418	346.0
86.83467449712465	350.0
86.84467503547512	350.0
86.85467557382559	350.0
86.86467611217606	350.0
86.87467665052652	350.0
86.884677188877	354.0
86.89467772722747	354.0
86.90467826557794	354.0
86.91467880392841	358.0
86.92467934227888	367.0
86.93467988062935	371.0
86.94468041897981	375.0
86.95468095733028	375.0
86.96468149568075	375.0
86.97468203403122	375.0
86.98468257238169	375.0
86.99468311073217	371.0
87.00468364908264	367.0
87.0146841874331	363.0
87.02468472578357	358.0
87.03468526413404	354.0
87.04468580248451	346.0
87.05468634083498	338.0
87.06468687918544	334.0
87.07468741753591	331.0
87.08468795588638	327.0
87.09468849423685	323.0
87.10468903258733	323.0
87.1146895709378	319.0
87.12469010928827	319.0
87.13469064763873	319.0
87.1446911859892	316.0
87.15469172433967	316.0
87.16469226269014	316.0
87.1746928010406	319.0
87.18469333939107	323.0
87.19469387774154	327.0
87.20469441609201	334.0
87.21469495444249	342.0
87.22469549279296	354.0
87.23469603114343	367.0
87.2446965694939	371.0
87.25469710784436	371.0
87.26469764619483	367.0
87.2746981845453	358.0
87.28469872289577	301.0
87.29469926124624	288.0
87.3046997995967	278.0
87.31470033794717	272.0
87.32470087629765	0.0
87.33470141464812	0.0
87.34470195299859	0.0
87.35470249134906	0.0
87.36470302969953	281.0
87.37470356805	284.0
87.38470410640046	284.0
87.39470464475093	284.0
87.4047051831014	284.0
87.41470572145187	284.0
87.42470625980233	284.0
87.43470679815282	288.0
87.44470733650328	288.0
87.45470787485375	288.0
87.46470841320422	288.0
87.47470895155469	288.0
87.48470948990516	284.0
87.49471002825562	284.0
87.5047105666061	284.0
87.51471110495656	281.0
87.52471164330703	281.0
87.5347121816575	281.0
87.54471272000796	278.0
87.55471325835845	278.0
87.56471379670892	278.0
87.57471433505938	278.0
87.58471487340985	278.0
87.59471541176032	281.0
87.60471595011079	281.0
87.61471648846126	281.0
87.62471702681172	281.0
87.63471756516219	281.0
87.64471810351266	281.0
87.65471864186313	281.0
87.66471918021361	281.0
87.67471971856408	281.0
87.68472025691455	281.0
87.69472079526501	281.0
87.70472133361548	278.0
87.71472187196595	275.0
87.72472241031642	272.0
87.73472294866689	265.0
87.74472348701735	259.0
87.75472402536782	250.0
87.76472456371829	245.0
87.77472510206877	239.0
87.78472564041924	234.0
87.79472617876971	234.0
87.80472671712018	231.0
87.81472725547064	231.0
87.82472779382111	231.0
87.83472833217158	234.0
87.84472887052205	236.0
87.85472940887252	239.0
87.86472994722298	242.0
87.87473048557345	245.0
87.88473102392393	250.0
87.8947315622744	253.0
87.90473210062487	253.0
87.91473263897534	253.0
87.9247331773258	253.0
87.93473371567627	250.0
87.94473425402674	248.0
87.95473479237721	245.0
87.96473533072768	242.0
87.97473586907815	236.0
87.98473640742861	234.0
87.9947369457791	228.0
88.00473748412956	226.0
88.01473802248003	226.0
88.0247385608305	228.0
88.03473909918097	234.0
88.04473963753144	236.0
88.0547401758819	242.0
88.06474071423237	248.0
88.07474125258284	253.0
88.08474179093331	262.0
88.09474232928378	268.0
88.10474286763426	275.0
88.11474340598473	281.0
88.1247439443352	284.0
88.13474448268566	284.0
88.14474502103613	284.0
88.1547455593866	284.0
88.16474609773707	284.0
88.17474663608753	284.0
88.184747174438	284.0
88.19474771278847	284.0
88.20474825113894	284.0
88.21474878948942	281.0
88.22474932783989	281.0
88.23474986619036	281.0
88.24475040454082	278.0
88.25475094289129	278.0
88.26475148124176	278.0
88.27475201959223	278.0
88.2847525579427	278.0
88.29475309629316	278.0
88.30475363464363	278.0
88.3147541729941	281.0
88.32475471134458	281.0
88.33475524969505	281.0
88.34475578804552	281.0
88.35475632639599	281.0
88.36475686474645	284.0
88.37475740309692	284.0
88.38475794144739	284.0
88.39475847979786	284.0
88.40475901814833	284.0
88.4147595564988	284.0
88.42476009484926	284.0
88.43476063319973	284.0
88.44476117155021	281.0
88.45476170990068	278.0
88.46476224825115	278.0
88.47476278660162	275.0
88.48476332495208	278.0
88.49476386330255	284.0
88.50476440165302	294.0
88.51476494000349	308.0
88.52476547835396	331.0
88.53476601670442	346.0
88.54476655505489	354.0
88.55476709340537	358.0
88.56476763175584	358.0
88.57476817010631	358.0
88.58476870845678	354.0
88.59476924680725	346.0
88.60476978515771	334.0
88.61477032350818	323.0
88.62477086185865	316.0
88.63477140020912	308.0
88.64477193855959	305.0
88.65477247691005	308.0
88.66477301526054	312.0
88.674773553611	323.0
88.68477409196147	342.0
88.69477463031194	354.0
88.70477516866241	363.0
88.71477570701288	402.0
88.72477624536334	407.0
88.73477678371381	402.0
88.74477732206428	363.0
88.75477786041475	354.0
88.76477839876522	301.0
88.7747789371157	291.0
88.78477947546617	281.0
88.79478001381663	272.0
88.8047805521671	268.0
88.81478109051757	268.0
88.82478162886804	278.0
88.8347821672185	294.0
88.84478270556897	298.0
88.85478324391944	301.0
88.86478378226991	301.0
88.87478432062038	305.0
88.88478485897086	308.0
88.89478539732133	312.0
88.9047859356718	319.0
88.91478647402226	327.0
88.92478701237273	338.0
88.9347875507232	346.0
88.94478808907367	354.0
88.95478862742414	358.0
88.9647891657746	358.0
88.97478970412507	354.0
88.98479024247554	350.0
88.99479078082602	338.0
89.00479131917649	319.0
89.01479185752696	308.0
89.02479239587743	301.0
89.0347929342279	294.0
89.04479347257836	288.0
89.05479401092883	284.0
89.0647945492793	281.0
89.07479508762977	281.0
89.08479562598023	281.0
89.0947961643307	281.0
89.10479670268118	281.0
89.11479724103165	281.0
89.12479777938212	281.0
89.13479831773259	281.0
89.14479885608306	281.0
89.15479939443352	281.0
89.16479993278399	281.0
89.17480047113446	281.0
89.18480100948493	281.0
89.1948015478354	284.0
89.20480208618586	284.0
89.21480262453633	284.0
89.22480316288681	284.0
89.23480370123728	284.0
89.24480423958775	284.0
89.25480477793822	284.0
89.26480531628869	284.0
89.27480585463915	284.0
89.28480639298962	284.0
89.29480693134009	284.0
89.30480746969056	284.0
89.31480800804103	284.0
89.3248085463915	284.0
89.33480908474198	284.0
89.34480962309244	284.0
89.35481016144291	284.0
89.36481069979338	281.0
89.37481123814385	278.0
89.38481177649432	278.0
89.39481231484478	275.0
89.40481285319525	268.0
89.41481339154572	265.0
89.42481392989619	259.0
89.43481446824666	253.0
89.44481500659714	245.0
89.4548155449476	242.0
89.46481608329808	239.0
89.47481662164854	236.0
89.48481715999901	236.0
89.49481769834948	236.0
89.50481823669995	236.0
89.51481877505041	236.0
89.52481931340088	236.0
89.53481985175135	236.0
89.54482039010182	236.0
89.5548209284523	236.0
89.56482146680277	236.0
89.57482200515324	236.0
89.5848225435037	236.0
89.59482308185417	236.0
89.60482362020464	239.0
89.61482415855511	242.0
89.62482469690558	245.0
89.63482523525605	248.0
89.64482577360651	253.0
89.65482631195698	256.0
89.66482685030746	259.0
89.67482738865793	259.0
89.6848279270084	256.0
89.69482846535887	253.0
89.70482900370934	248.0
89.7148295420598	242.0
89.72483008041027	234.0
89.73483061876074	223.0
89.74483115711121	215.0
89.75483169546168	210.0
89.76483223381214	210.0
89.77483277216263	210.0
89.7848333105131	210.0
89.79483384886356	210.0
89.80483438721403	210.0
89.8148349255645	210.0
89.82483546391497	210.0
89.83483600226543	210.0
89.8448365406159	213.0
89.85483707896637	213.0
89.86483761731684	213.0
89.8748381556673	213.0
89.88483869401779	210.0
89.89483923236826	208.0
89.90483977071872	208.0
89.91484030906919	208.0
89.92484084741966	208.0
89.93484138577013	213.0
89.9448419241206	220.0
89.95484246247106	231.0
89.96484300082153	256.0
89.974843539172	268.0
89.98484407752247	281.0
89.99484461587295	288.0
90.00484515422342	291.0
90.01484569257389	288.0
90.02484623092435	281.0
90.03484676927482	272.0
90.04484730762529	262.0
90.05484784597576	242.0
90.06484838432623	228.0
90.0748489226767	223.0
90.08484946102716	220.0
90.09484999937763	223.0
90.1048505377281	234.0
90.11485107607858	242.0
90.12485161442905	253.0
90.13485215277952	265.0
90.14485269112998	275.0
90.15485322948045	281.0
90.16485376783092	284.0
90.17485430618139	284.0
90.18485484453186	284.0
90.19485538288232	281.0
90.20485592123279	275.0
90.21485645958326	265.0
90.22485699793374	256.0
90.23485753628421	245.0
90.24485807463468	236.0
90.25485861298515	226.0
90.26485915133561	215.0
90.27485968968608	206.0
90.28486022803655	201.0
90.29486076638702	199.0
90.30486130473749	201.0
90.31486184308795	208.0
90.32486238143842	215.0
90.3348629197889	226.0
90.34486345813937	284.0
90.35486399648984	284.0
90.36486453484031	288.0
90.37486507319078	288.0
90.38486561154124	284.0
90.39486614989171	284.0
90.40486668824218	284.0
90.41486722659265	284.0
90.42486776494312	284.0
90.43486830329358	284.0
90.44486884164407	284.0
90.45486937999453	284.0
90.464869918345	284.0
90.47487045669547	284.0
90.48487099504594	284.0
90.4948715333964	284.0
90.50487207174687	284.0
90.51487261009734	284.0
90.52487314844781	284.0
90.53487368679828	284.0
90.54487422514875	284.0
90.55487476349923	284.0
90.5648753018497	284.0
90.57487584020016	284.0
90.58487637855063	284.0
90.5948769169011	284.0
90.60487745525157	284.0
90.61487799360204	281.0
90.6248785319525	281.0
90.63487907030297	281.0
90.64487960865344	281.0
90.65488014700391	281.0
90.66488068535439	278.0
90.67488122370486	278.0
90.68488176205533	278.0
90.6948823004058	278.0
90.70488283875626	281.0
90.71488337710673	281.0
90.7248839154572	281.0
90.73488445380767	281.0
90.74488499215813	281.0
90.7548855305086	284.0
90.76488606885907	284.0
90.77488660720955	284.0
90.78488714556002	284.0
90.79488768391049	284.0
90.80488822226096	281.0
90.81488876061142	281.0
90.82488929896189	281.0
90.83488983731236	278.0
90.84489037566283	275.0
90.8548909140133	268.0
90.86489145236376	262.0
90.87489199071423	259.0
90.8848925290647	239.0
90.89489306741518	231.0
90.90489360576565	223.0
90.91489414411612	218.0
90.92489468246659	213.0
90.93489522081705	208.0
90.94489575916752	206.0
90.95489629751799	206.0
90.96489683586846	208.0
90.97489737421893	213.0
90.9848979125694	218.0
90.99489845091986	226.0
91.00489898927034	234.0
91.01489952762081	242.0
91.02490006597128	253.0
91.03490060432175	265.0
91.04490114267222	281.0
91.05490168102268	288.0
91.06490221937315	291.0
91.07490275772362	294.0
91.08490329607409	294.0
91.09490383442456	291.0
91.10490437277502	284.0
91.1149049111255	278.0
91.12490544947597	272.0
91.13490598782644	265.0
91.14490652617691	259.0
91.15490706452738	253.0
91.16490760287785	248.0
91.17490814122831	242.0
91.18490867957878	239.0
91.19490921792925	236.0
91.20490975627972	236.0
91.21491029463019	236.0
91.22491083298067	236.0
91.23491137133114	236.0
91.2449119096816	236.0
91.25491244803207	236.0
91.26491298638254	236.0
91.27491352473301	236.0
91.28491406308348	239.0
91.29491460143394	239.0
91.30491513978441	242.0
91.31491567813488	248.0
91.32491621648535	250.0
91.33491675483583	253.0
91.3449172931863	259.0
91.35491783153677	262.0
91.36491836988723	265.0
91.3749189082377	265.0
91.38491944658817	262.0
91.39491998493864	259.0
91.4049205232891	256.0
91.41492106163957	250.0
91.42492159999004	239.0
91.43492213834051	231.0
91.444922676691	220.0
91.45492321504146	218.0
91.46492375339193	215.0
91.4749242917424	215.0
91.48492483009287	215.0
91.49492536844333	215.0
91.5049259067938	215.0
91.51492644514427	215.0
91.52492698349474	215.0
91.5349275218452	215.0
91.54492806019567	215.0
91.55492859854616	213.0
91.56492913689662	213.0
91.57492967524709	213.0
91.58493021359756	213.0
91.59493075194803	210.0
91.6049312902985	210.0
91.61493182864896	208.0
91.62493236699943	206.0
91.6349329053499	206.0
91.64493344370037	208.0
91.65493398205084	208.0
91.66493452040132	210.0
91.67493505875179	210.0
91.68493559710225	210.0
91.69493613545272	210.0
91.70493667380319	208.0
91.71493721215366	208.0
91.72493775050413	208.0
91.7349382888546	208.0
91.74493882720506	208.0
91.75493936555553	208.0
91.764939903906	208.0
91.77494044225647	210.0
91.78494098060695	210.0
91.79494151895742	210.0
91.80494205730788	210.0
91.81494259565835	208.0
91.82494313400882	206.0
91.83494367235929	201.0
91.84494421070976	196.0
91.85494474906022	192.0
91.86494528741069	185.0
91.87494582576116	181.0
91.88494636411163	177.0
91.89494690246211	175.0
91.90494744081258	173.0
91.91494797916305	173.0
91.92494851751351	173.0
91.93494905586398	175.0
91.94494959421445	175.0
91.95495013256492	175.0
91.96495067091539	177.0
91.97495120926585	177.0
91.98495174761632	179.0
91.99495228596679	179.0
92.00495282431727	181.0
92.01495336266774	181.0
92.02495390101821	183.0
92.03495443936868	183.0
92.04495497771914	185.0
92.05495551606961	187.0
92.06495605442008	187.0
92.07495659277055	187.0
92.08495713112102	187.0
92.09495766947148	187.0
92.10495820782195	185.0
92.11495874617243	181.0
92.1249592845229	177.0
92.13495982287337	173.0
92.14496036122384	167.0
92.1549608995743	163.0
92.16496143792477	161.0
92.17496197627524	159.0
92.18496251462571	159.0
92.19496305297618	158.0
92.20496359132665	158.0
92.21496412967711	158.0
92.2249646680276	158.0
92.23496520637806	158.0
92.24496574472853	156.0
92.254966283079	156.0
92.26496682142947	156.0
92.27496735977994	154.0
92.2849678981304	154.0
92.29496843648087	154.0
92.30496897483134	156.0
92.31496951318181	159.0
92.32497005153228	161.0
92.33497058988276	165.0
92.34497112823323	169.0
92.3549716665837	171.0
92.36497220493416	173.0
92.37497274328463	171.0
92.3849732816351	169.0
92.39497381998557	163.0
92.40497435833603	158.0
92.4149748966865	152.0
92.42497543503697	147.0
92.43497597338744	142.0
92.44497651173792	140.0
92.45497705008839	139.0
92.46497758843886	139.0
92.47497812678932	140.0
92.48497866513979	140.0
92.49497920349026	140.0
92.50497974184073	142.0
92.5149802801912	142.0
92.52498081854166	142.0
92.53498135689213	142.0
92.5449818952426	142.0
92.55498243359308	142.0
92.56498297194355	142.0
92.57498351029402	140.0
92.58498404864449	140.0
92.59498458699495	140.0
92.60498512534542	139.0
92.61498566369589	139.0
92.62498620204636	139.0
92.63498674039683	139.0
92.6449872787473	139.0
92.65498781709776	137.0
92.66498835544823	136.0
92.67498889379871	136.0
92.68498943214918	134.0
92.69498997049965	136.0
92.70499050885012	139.0
92.71499104720058	144.0
92.72499158555105	152.0
92.73499212390152	159.0
92.74499266225199	167.0
92.75499320060246	173.0
92.76499373895292	177.0
92.77499427730339	183.0
92.78499481565387	183.0
92.79499535400434	183.0
92.80499589235481	181.0
92.81499643070528	177.0
92.82499696905575	171.0
92.83499750740621	165.0
92.84499804575668	161.0
92.85499858410715	158.0
92.86499912245762	156.0
92.87499966080809	156.0
92.88500019915855	156.0
92.89500073750904	156.0
92.9050012758595	156.0
92.91500181420997	156.0
92.92500235256044	154.0
92.93500289091091	147.0
92.94500342926138	144.0
92.95500396761184	140.0
92.96500450596231	140.0
92.97500504431278	0.0
92.98500558266325	0.0
92.99500612101372	0.0
93.0050066593642	0.0
93.01500719771467	0.0
93.02500773606513	0.0
93.0350082744156	0.0
93.04500881276607	0.0
93.05500935111654	0.0
93.065009889467	0.0
93.07501042781747	0.0
93.08501096616794	0.0
93.09501150451841	0.0
93.10501204286888	0.0
93.11501258121936	0.0
93.12501311956983	0.0
93.1350136579203	0.0
93.14501419627076	0.0
93.15501473462123	0.0
93.1650152729717	0.0
93.17501581132217	0.0
93.18501634967264	0.0
93.1950168880231	0.0
93.20501742637357	0.0
93.21501796472404	0.0
93.22501850307452	0.0
93.23501904142499	0.0
93.24501957977546	0.0
93.25502011812593	0.0
93.2650206564764	0.0
93.27502119482686	0.0
93.28502173317733	0.0
93.2950222715278	0.0
93.30502280987827	0.0
93.31502334822873	0.0
93.3250238865792	0.0
93.33502442492968	0.0
93.34502496328015	0.0
93.35502550163062	0.0
93.36502603998109	0.0
93.37502657833156	0.0
93.38502711668202	0.0
93.3950276550325	0.0
93.40502819338296	0.0
93.41502873173343	0.0
93.4250292700839	0.0
93.43502980843436	0.0
93.44503034678485	0.0
93.45503088513532	0.0
93.46503142348578	0.0
93.47503196183625	0.0
93.48503250018672	0.0
93.49503303853719	0.0
93.50503357688766	0.0
93.51503411523812	0.0
93.52503465358859	0.0
93.53503519193906	0.0
93.54503573028953	0.0
93.55503626864	0.0
93.56503680699048	0.0
93.57503734534095	0.0
93.58503788369141	0.0
93.59503842204188	0.0
93.60503896039235	0.0
93.61503949874282	0.0
93.62504003709329	0.0
93.63504057544375	0.0
93.64504111379422	0.0
93.65504165214469	0.0
93.66504219049516	0.0
93.67504272884564	0.0
93.68504326719611	0.0
93.69504380554658	0.0
93.70504434389704	0.0
93.71504488224751	0.0
93.72504542059798	0.0
93.73504595894845	0.0
93.74504649729892	0.0
93.75504703564938	0.0
93.76504757399985	0.0
93.77504811235032	0.0
93.7850486507008	0.0
93.79504918905127	0.0
93.80504972740174	0.0
93.8150502657522	0.0
93.82505080410267	0.0
93.83505134245314	0.0
93.84505188080361	0.0
93.85505241915408	0.0
93.86505295750455	0.0
93.87505349585501	0.0
93.88505403420548	0.0
93.89505457255596	0.0
93.90505511090643	0.0
93.9150556492569	0.0
93.92505618760737	0.0
93.93505672595784	0.0
93.9450572643083	0.0
93.95505780265877	0.0
93.96505834100924	0.0
93.97505887935971	0.0
93.98505941771018	0.0
93.99505995606064	0.0
94.00506049441113	0.0
94.0150610327616	0.0
94.02506157111206	0.0
94.03506210946253	0.0
94.045062647813	0.0
94.05506318616347	0.0
94.06506372451393	0.0
94.0750642628644	0.0
94.08506480121487	0.0
94.09506533956534	0.0
94.1050658779158	0.0
94.11506641626629	0.0
94.12506695461676	0.0
94.13506749296722	0.0
94.14506803131769	0.0
94.15506856966816	0.0
94.16506910801863	0.0
94.1750696463691	0.0
94.18507018471956	0.0
94.19507072307003	0.0
94.2050712614205	0.0
94.21507179977097	0.0
94.22507233812145	0.0
94.23507287647192	0.0
94.24507341482239	0.0
94.25507395317285	0.0
94.26507449152332	213.0
94.27507502987379	210.0
94.28507556822426	210.0
94.29507610657473	208.0
94.3050766449252	208.0
94.31507718327566	208.0
94.32507772162613	208.0
94.3350782599766	210.0
94.34507879832708	210.0
94.35507933667755	210.0
94.36507987502802	210.0
94.37508041337848	210.0
94.38508095172895	210.0
94.39508149007942	210.0
94.40508202842989	208.0
94.41508256678036	208.0
94.42508310513082	208.0
94.43508364348129	208.0
94.44508418183176	208.0
94.45508472018224	208.0
94.46508525853271	208.0
94.47508579688318	208.0
94.48508633523365	208.0
94.49508687358411	208.0
94.50508741193458	210.0
94.51508795028505	213.0
94.52508848863552	213.0
94.53508902698599	213.0
94.54508956533645	213.0
94.55509010368692	213.0
94.5650906420374	208.0
94.57509118038787	206.0
94.58509171873834	201.0
94.59509225708881	199.0
94.60509279543928	199.0
94.61509333378974	199.0
94.62509387214021	206.0
94.63509441049068	218.0
94.64509494884115	228.0
94.65509548719162	242.0
94.66509602554208	256.0
94.67509656389257	265.0
94.68509710224303	278.0
94.6950976405935	281.0
94.70509817894397	284.0
94.71509871729444	284.0
94.7250992556449	284.0
94.73509979399537	281.0
94.74510033234584	275.0
94.75510087069631	268.0
94.76510140904678	262.0
94.77510194739725	253.0
94.78510248574773	248.0
94.7951030240982	242.0
94.80510356244866	239.0
94.81510410079913	239.0
94.8251046391496	236.0
94.83510517750007	236.0
94.84510571585054	236.0
94.855106254201	236.0
94.86510679255147	236.0
94.87510733090194	239.0
94.88510786925241	239.0
94.89510840760289	239.0
94.90510894595336	239.0
94.91510948430383	239.0
94.9251100226543	239.0
94.93511056100476	239.0
94.94511109935523	239.0
94.9551116377057	242.0
94.96511217605617	245.0
94.97511271440663	248.0
94.9851132527571	253.0
94.99511379110757	259.0
95.00511432945805	262.0
95.01511486780852	265.0
95.02511540615899	265.0
95.03511594450946	265.0
95.04511648285992	262.0
95.05511702121039	259.0
95.06511755956086	253.0
95.07511809791133	242.0
95.0851186362618	234.0
95.09511917461226	223.0
95.10511971296273	218.0
95.11512025131321	215.0
95.12512078966368	213.0
95.13512132801415	213.0
95.14512186636462	213.0
95.15512240471509	213.0
95.16512294306555	213.0
95.17512348141602	213.0
95.18512401976649	213.0
95.19512455811696	215.0
95.20512509646743	215.0
95.2151256348179	215.0
95.22512617316836	215.0
95.23512671151884	215.0
95.24512724986931	213.0
95.25512778821978	210.0
95.26512832657025	208.0
95.27512886492072	203.0
95.28512940327118	201.0
95.29512994162165	201.0
95.30513047997212	206.0
95.31513101832259	210.0
95.32513155667306	218.0
95.33513209502352	231.0
95.345132633374	242.0
95.35513317172448	253.0
95.36513371007494	265.0
95.37513424842541	275.0
95.38513478677588	281.0
95.39513532512635	281.0
95.40513586347681	281.0
95.41513640182728	278.0
95.42513694017775	272.0
95.43513747852822	262.0
95.44513801687869	253.0
95.45513855522917	245.0
95.46513909357964	236.0
95.4751396319301	231.0
95.48514017028057	228.0
95.49514070863104	228.0
95.50514124698151	228.0
95.51514178533198	231.0
95.52514232368245	236.0
95.53514286203291	242.0
95.54514340038338	250.0
95.55514393873385	259.0
95.56514447708433	268.0
95.5751450154348	275.0
95.58514555378527	281.0
95.59514609213574	284.0
95.6051466304862	284.0
95.61514716883667	281.0
95.62514770718714	278.0
95.63514824553761	272.0
95.64514878388808	265.0
95.65514932223854	259.0
95.66514986058901	253.0
95.6751503989395	245.0
95.68515093728996	242.0
95.69515147564043	239.0
95.7051520139909	236.0
95.71515255234137	236.0
95.72515309069183	234.0
95.7351536290423	234.0
95.74515416739277	231.0
95.75515470574324	228.0
95.7651552440937	228.0
95.77515578244417	226.0
95.78515632079466	226.0
95.79515685914512	226.0
95.80515739749559	228.0
95.81515793584606	234.0
95.82515847419653	239.0
95.835159012547	248.0
95.84515955089746	256.0
95.85516008924793	265.0
95.8651606275984	275.0
95.87516116594887	281.0
95.88516170429934	284.0
95.89516224264982	291.0
95.90516278100029	291.0
95.91516331935075	291.0
95.92516385770122	291.0
95.93516439605169	288.0
95.94516493440216	288.0
95.95516547275263	284.0
95.9651660111031	284.0
95.97516654945356	284.0
95.98516708780403	281.0
95.9951676261545	281.0
96.00516816450497	281.0
96.01516870285545	278.0
96.02516924120592	278.0
96.03516977955638	278.0
96.04517031790685	278.0
96.05517085625732	278.0
96.06517139460779	278.0
96.07517193295826	278.0
96.08517247130872	278.0
96.09517300965919	281.0
96.10517354800966	281.0
96.11517408636013	281.0
96.12517462471061	281.0
96.13517516306108	281.0
96.14517570141155	281.0
96.15517623976201	281.0
96.16517677811248	284.0
96.17517731646295	284.0
96.18517785481342	284.0
96.19517839316389	284.0
96.20517893151435	284.0
96.21517946986482	284.0
96.22518000821529	281.0
96.23518054656577	275.0
96.24518108491624	268.0
96.25518162326671	262.0
96.26518216161718	248.0
96.27518269996764	239.0
96.28518323831811	234.0
96.29518377666858	231.0
96.30518431501905	231.0
96.31518485336952	234.0
96.32518539171998	234.0
96.33518593007045	236.0
96.34518646842093	236.0
96.3551870067714	236.0
96.36518754512187	231.0
96.37518808347234	218.0
96.3851886218228	208.0
96.39518916017327	203.0
96.40518969852374	199.0
96.41519023687421	199.0
96.42519077522468	199.0
96.43519131357515	203.0
96.44519185192561	218.0
96.4551923902761	248.0
96.46519292862656	268.0
96.47519346697703	275.0
96.4851940053275	278.0
96.49519454367797	278.0
96.50519508202844	281.0
96.5151956203789	281.0
96.52519615872937	281.0
96.53519669707984	278.0
96.54519723543031	278.0
96.55519777378078	278.0
96.56519831213126	278.0
96.57519885048173	278.0
96.5851993888322	281.0
96.59519992718266	281.0
96.60520046553313	281.0
96.6152010038836	281.0
96.62520154223407	281.0
96.63520208058453	281.0
96.645202618935	281.0
96.65520315728547	281.0
96.66520369563594	281.0
96.67520423398642	281.0
96.68520477233689	281.0
96.69520531068736	281.0
96.70520584903782	281.0
96.71520638738829	281.0
96.72520692573876	281.0
96.73520746408923	278.0
96.7452080024397	278.0
96.75520854079016	278.0
96.76520907914063	278.0
96.7752096174911	281.0
96.78521015584158	291.0
96.79521069419205	301.0
96.80521123254252	319.0
96.81521177089299	334.0
96.82521230924345	350.0
96.83521284759392	358.0
96.84521338594439	367.0
96.85521392429486	367.0
96.86521446264533	363.0
96.8752150009958	358.0
96.88521553934626	354.0
96.89521607769673	346.0
96.90521661604721	338.0
96.91521715439768	331.0
96.92521769274815	323.0
96.93521823109862	319.0
96.94521876944908	316.0
96.95521930779955	316.0
96.96521984615002	316.0
96.97522038450049	316.0
96.98522092285096	316.0
96.99522146120142	316.0
97.00522199955189	316.0
97.01522253790237	316.0
97.02522307625284	316.0
97.03522361460331	316.0
97.04522415295378	316.0
97.05522469130425	312.0
97.06522522965471	312.0
97.07522576800518	312.0
97.08522630635565	312.0
97.09522684470612	312.0
97.10522738305659	316.0
97.11522792140705	323.0
97.12522845975754	331.0
97.135228998108	342.0
97.14522953645847	346.0
97.15523007480894	346.0
97.16523061315941	346.0
97.17523115150988	346.0
97.18523168986034	338.0
97.19523222821081	331.0
97.20523276656128	316.0
97.21523330491175	298.0
97.22523384326222	291.0
97.2352343816127	284.0
97.24523491996317	281.0
97.25523545831363	281.0
97.2652359966641	281.0
97.27523653501457	281.0
97.28523707336504	284.0
97.2952376117155	284.0
97.30523815006597	284.0
97.31523868841644	284.0
97.32523922676691	284.0
97.33523976511738	281.0
97.34524030346786	281.0
97.35524084181833	281.0
97.3652413801688	278.0
97.37524191851927	275.0
97.38524245686973	275.0
97.3952429952202	272.0
97.40524353357067	259.0
97.41524407192114	228.0
97.4252446102716	226.0
97.43524514862207	0.0
97.44524568697254	0.0
97.45524622532302	0.0
97.46524676367349	0.0
97.47524730202396	0.0
97.48524784037443	0.0
97.4952483787249	0.0
97.50524891707536	0.0
97.51524945542583	0.0
97.5252499937763	0.0
97.53525053212677	272.0
97.54525107047724	275.0
97.5552516088277	275.0
97.56525214717819	278.0
97.57525268552865	278.0
97.58525322387912	278.0
97.59525376222959	278.0
97.60525430058006	281.0
97.61525483893053	281.0
97.625255377281	281.0
97.63525591563146	281.0
97.64525645398193	281.0
97.6552569923324	281.0
97.66525753068287	281.0
97.67525806903335	281.0
97.68525860738382	281.0
97.69525914573428	281.0
97.70525968408475	281.0
97.71526022243522	281.0
97.72526076078569	281.0
97.73526129913616	281.0
97.74526183748662	281.0
97.75526237583709	278.0
97.76526291418756	275.0
97.77526345253803	272.0
97.7852639908885	268.0
97.79526452923898	262.0
97.80526506758945	256.0
97.81526560593991	248.0
97.82526614429038	245.0
97.83526668264085	242.0
97.84526722099132	239.0
97.85526775934179	239.0
97.86526829769225	236.0
97.87526883604272	236.0
97.88526937439319	236.0
97.89526991274366	236.0
97.90527045109414	236.0
97.91527098944461	236.0
97.92527152779508	239.0
97.93527206614554	245.0
97.94527260449601	253.0
97.95527314284648	262.0
97.96527368119695	278.0
97.97527421954742	294.0
97.98527475789788	308.0
97.99527529624835	327.0
98.00527583459882	342.0
98.0152763729493	354.0
98.02527691129977	363.0
98.03527744965024	367.0
98.0452779880007	371.0
98.05527852635117	371.0
98.06527906470164	371.0
98.07527960305211	367.0
98.08528014140258	363.0
98.09528067975305	358.0
98.10528121810351	354.0
98.11528175645398	354.0
98.12528229480446	350.0
98.13528283315493	350.0
98.1452833715054	346.0
98.15528390985587	346.0
98.16528444820634	346.0
98.1752849865568	346.0
98.18528552490727	346.0
98.19528606325774	346.0
98.20528660160821	350.0
98.21528713995868	354.0
98.22528767830914	358.0
98.23528821665963	363.0
98.2452887550101	367.0
98.25528929336056	367.0
98.26528983171103	371.0
98.2752903700615	371.0
98.28529090841197	371.0
98.29529144676243	367.0
98.3052919851129	367.0
98.31529252346337	363.0
98.32529306181384	358.0
98.3352936001643	354.0
98.34529413851479	346.0
98.35529467686526	342.0
98.36529521521572	338.0
98.37529575356619	334.0
98.38529629191666	331.0
98.39529683026713	327.0
98.4052973686176	327.0
98.41529790696806	323.0
98.42529844531853	319.0
98.435298983669	319.0
98.44529952201947	319.0
98.45530006036995	319.0
98.46530059872042	319.0
98.47530113707089	319.0
98.48530167542135	319.0
98.49530221377182	319.0
98.50530275212229	323.0
98.51530329047276	327.0
98.52530382882323	331.0
98.5353043671737	338.0
98.54530490552416	342.0
98.55530544387463	350.0
98.56530598222511	354.0
98.57530652057558	354.0
98.58530705892605	354.0
98.59530759727652	346.0
98.60530813562698	334.0
98.61530867397745	301.0
98.62530921232792	284.0
98.63530975067839	272.0
98.64531028902886	236.0
98.65531082737932	218.0
98.66531136572979	208.0
98.67531190408026	208.0
98.68531244243074	213.0
98.69531298078121	223.0
98.70531351913168	231.0
98.71531405748215	242.0
98.72531459583261	262.0
98.73531513418308	268.0
98.74531567253355	275.0
98.75531621088402	275.0
98.76531674923449	278.0
98.77531728758495	278.0
98.78531782593542	278.0
98.7953183642859	278.0
98.80531890263637	278.0
98.81531944098684	278.0
98.82531997933731	278.0
98.83532051768778	278.0
98.84532105603824	278.0
98.85532159438871	281.0
98.86532213273918	281.0
98.87532267108965	281.0
98.88532320944012	281.0
98.89532374779058	281.0
98.90532428614107	281.0
98.91532482449153	281.0
98.925325362842	281.0
98.93532590119247	281.0
98.94532643954294	281.0
98.9553269778934	281.0
98.96532751624387	281.0
98.97532805459434	281.0
98.98532859294481	281.0
98.99532913129528	281.0
99.00532966964575	284.0
99.01533020799623	284.0
99.0253307463467	284.0
99.03533128469716	284.0
99.04533182304763	284.0
99.0553323613981	284.0
99.06533289974857	284.0
99.07533343809904	284.0
99.0853339764495	284.0
99.09533451479997	284.0
99.10533505315044	284.0
99.11533559150091	281.0
99.12533612985139	281.0
99.13533666820186	281.0
99.14533720655233	281.0
99.1553377449028	281.0
99.16533828325326	281.0
99.17533882160373	281.0
99.1853393599542	281.0
99.19533989830467	278.0
99.20534043665513	275.0
99.2153409750056	268.0
99.22534151335607	265.0
99.23534205170655	256.0
99.24534259005702	248.0
99.25534312840749	239.0
99.26534366675796	236.0
99.27534420510842	234.0
99.2853447434589	234.0
99.29534528180936	234.0
99.30534582015983	234.0
99.3153463585103	236.0
99.32534689686076	236.0
99.33534743521123	236.0
99.34534797356172	236.0
99.35534851191218	236.0
99.36534905026265	236.0
99.37534958861312	239.0
99.38535012696359	242.0
99.39535066531406	245.0
99.40535120366452	248.0
99.41535174201499	250.0
99.42535228036546	250.0
99.43535281871593	250.0
99.4453533570664	250.0
99.45535389541686	248.0
99.46535443376735	242.0
99.47535497211781	236.0
99.48535551046828	231.0
99.49535604881875	228.0
99.50535658716922	226.0
99.51535712551969	226.0
99.52535766387015	228.0
99.53535820222062	234.0
99.54535874057109	242.0
99.55535927892156	250.0
99.56535981727203	259.0
99.57536035562251	268.0
99.58536089397298	275.0
99.59536143232344	281.0
99.60536197067391	284.0
99.61536250902438	284.0
99.62536304737485	284.0
99.63536358572532	284.0
99.64536412407578	281.0
99.65536466242625	281.0
99.66536520077672	281.0
99.67536573912719	281.0
99.68536627747767	281.0
99.69536681582814	281.0
99.7053673541786	281.0
99.71536789252907	281.0
99.72536843087954	281.0
99.73536896923001	284.0
99.74536950758048	284.0
99.75537004593095	284.0
99.76537058428141	284.0
99.77537112263188	284.0
99.78537166098235	284.0
99.79537219933283	284.0
99.8053727376833	284.0
99.81537327603377	284.0
99.82537381438424	284.0
99.8353743527347	284.0
99.84537489108517	284.0
99.85537542943564	281.0
99.86537596778611	281.0
99.87537650613658	281.0
99.88537704448704	278.0
99.89537758283751	278.0
99.905378121188	278.0
99.91537865953846	281.0
99.92537919788893	288.0
99.9353797362394	301.0
99.94538027458987	319.0
99.95538081294033	331.0
99.9653813512908	338.0
99.97538188964127	342.0
99.98538242799174	346.0
99.9953829663422	346.0
100.00538350469267	342.0
100.01538404304316	338.0
100.02538458139362	331.0
100.03538511974409	319.0
100.04538565809456	312.0
100.05538619644503	308.0
100.0653867347955	305.0
100.07538727314596	305.0
100.08538781149643	308.0
100.0953883498469	319.0
100.10538888819737	331.0
100.11538942654784	346.0
100.12538996489832	358.0
100.13539050324879	393.0
100.14539104159925	407.0
100.15539157994972	407.0
100.16539211830019	393.0
100.17539265665066	380.0
100.18539319500113	327.0
100.1953937333516	308.0
100.20539427170206	291.0
100.21539481005253	281.0
100.225395348403	268.0
100.23539588675348	259.0
100.24539642510395	250.0
100.25539696345442	250.0
100.26539750180488	272.0
100.27539804015535	278.0
100.28539857850582	291.0
100.29539911685629	301.0
100.30539965520676	308.0
100.31540019355722	312.0
100.32540073190769	319.0
100.33540127025816	327.0
100.34540180860863	334.0
100.35540234695911	342.0
100.36540288530958	346.0
100.37540342366005	354.0
100.38540396201051	358.0
100.39540450036098	358.0
100.40540503871145	358.0
100.41540557706192	350.0
100.42540611541239	338.0
100.43540665376285	323.0
100.44540719211332	312.0
100.45540773046379	298.0
100.46540826881427	288.0
100.47540880716474	284.0
100.48540934551521	281.0
100.49540988386568	281.0
100.50541042221614	281.0
100.51541096056661	281.0
100.52541149891708	284.0
100.53541203726755	284.0
100.54541257561802	284.0
100.55541311396848	284.0
100.56541365231895	284.0
100.57541419066943	284.0
100.5854147290199	284.0
100.59541526737037	284.0
100.60541580572084	281.0
100.6154163440713	281.0
100.62541688242177	281.0
100.63541742077224	284.0
100.64541795912271	284.0
100.65541849747318	284.0
100.66541903582365	284.0
100.67541957417411	284.0
100.6854201125246	284.0
100.69542065087506	284.0
100.70542118922553	284.0
100.715421727576	288.0
100.72542226592647	288.0
100.73542280427694	288.0
100.7454233426274	291.0
100.75542388097787	291.0
100.76542441932834	288.0
100.77542495767881	288.0
100.78542549602928	288.0
100.79542603437976	284.0
100.80542657273023	281.0
100.8154271110807	278.0
100.82542764943116	275.0
100.83542818778163	268.0
100.8454287261321	262.0
100.85542926448257	256.0
100.86542980283303	248.0
100.8754303411835	242.0
100.88543087953397	236.0
100.89543141788444	234.0
100.90543195623492	234.0
100.91543249458539	231.0
100.92543303293586	231.0
100.93543357128632	231.0
100.94543410963679	231.0
100.95543464798726	234.0
100.96543518633773	234.0
100.9754357246882	234.0
100.98543626303866	236.0
100.99543680138913	236.0
101.0054373397396	236.0
101.01543787809008	236.0
101.02543841644055	236.0
101.03543895479102	236.0
101.04543949314149	239.0
101.05544003149195	245.0
101.06544056984242	250.0
101.07544110819289	256.0
101.08544164654336	259.0
101.09544218489383	262.0
101.1054427232443	262.0
101.11544326159476	259.0
101.12544379994523	250.0
101.13544433829571	239.0
101.14544487664618	234.0
101.15544541499665	223.0
101.16544595334712	218.0
101.17544649169758	213.0
101.18544703004805	210.0
101.19544756839852	210.0
101.20544810674899	210.0
101.21544864509946	210.0
101.22544918344992	213.0
101.23544972180039	213.0
101.24545026015088	213.0
101.25545079850134	213.0
101.26545133685181	213.0
101.27545187520228	213.0
101.28545241355275	213.0
101.29545295190321	213.0
101.30545349025368	210.0
101.31545402860415	210.0
101.32545456695462	210.0
101.33545510530509	210.0
101.34545564365555	210.0
101.35545618200604	215.0
101.3654567203565	226.0
101.37545725870697	236.0
101.38545779705744	259.0
101.39545833540791	278.0
101.40545887375838	288.0
101.41545941210885	291.0
101.42545995045931	288.0
101.43546048880978	281.0
101.44546102716025	275.0
101.45546156551072	268.0
101.4654621038612	253.0
101.47546264221167	239.0
101.48546318056214	231.0
101.4954637189126	226.0
101.50546425726307	226.0
101.51546479561354	231.0
101.52546533396401	236.0
101.53546587231448	242.0
101.54546641066494	253.0
101.55546694901541	268.0
101.56546748736588	278.0
101.57546802571636	284.0
101.58546856406683	288.0
101.5954691024173	288.0
101.60546964076777	284.0
101.61547017911823	278.0
101.6254707174687	272.0
101.63547125581917	265.0
101.64547179416964	253.0
101.6554723325201	242.0
101.66547287087057	234.0
101.67547340922104	228.0
101.68547394757152	223.0
101.69547448592199	215.0
101.70547502427246	208.0
101.71547556262293	206.0
101.7254761009734	206.0
101.73547663932386	208.0
101.74547717767433	215.0
101.7554777160248	223.0
101.76547825437527	234.0
101.77547879272574	278.0
101.7854793310762	284.0
101.79547986942669	284.0
101.80548040777715	288.0
101.81548094612762	288.0
101.82548148447809	288.0
101.83548202282856	288.0
101.84548256117903	288.0
101.8554830995295	284.0
101.86548363787996	284.0
101.87548417623043	284.0
101.8854847145809	284.0
101.89548525293137	284.0
101.90548579128185	284.0
101.91548632963232	284.0
101.92548686798278	284.0
101.93548740633325	281.0
101.94548794468372	281.0
101.95548848303419	281.0
101.96548902138466	281.0
101.97548955973512	281.0
101.98549009808559	281.0
101.99549063643606	284.0
102.00549117478653	284.0
102.015491713137	284.0
102.02549225148748	284.0
102.03549278983795	284.0
102.04549332818841	284.0
102.05549386653888	284.0
102.06549440488935	284.0
102.07549494323982	284.0
102.08549548159029	284.0
102.09549601994075	284.0
102.10549655829122	284.0
102.11549709664169	284.0
102.12549763499216	284.0
102.13549817334264	284.0
102.14549871169311	284.0
102.15549925004358	281.0
102.16549978839404	281.0
102.17550032674451	281.0
102.18550086509498	281.0
102.19550140344545	281.0
102.20550194179592	278.0
102.21550248014638	278.0
102.22550301849685	278.0
102.23550355684732	278.0
102.2455040951978	275.0
102.25550463354827	272.0
102.26550517189874	268.0
102.2755057102492	262.0
102.28550624859967	253.0
102.29550678695014	242.0
102.30550732530061	231.0
102.31550786365108	220.0
102.32550840200155	213.0
102.33550894035201	208.0
102.34550947870248	206.0
102.35551001705296	206.0
102.36551055540343	203.0
102.3755110937539	206.0
102.38551163210437	206.0
102.39551217045484	208.0
102.4055127088053	213.0
102.41551324715577	218.0
102.42551378550624	228.0
102.43551432385671	239.0
102.44551486220718	250.0
102.45551540055764	259.0
102.46551593890813	268.0
102.4755164772586	275.0
102.48551701560906	281.0
102.49551755395953	284.0
102.50551809231	284.0
102.51551863066047	284.0
102.52551916901093	281.0
102.5355197073614	278.0
102.54552024571187	275.0
102.55552078406234	268.0
102.5655213224128	265.0
102.57552186076329	259.0
102.58552239911376	253.0
102.59552293746422	248.0
102.60552347581469	242.0
102.61552401416516	239.0
102.62552455251563	236.0
102.6355250908661	234.0
102.64552562921656	234.0
102.65552616756703	234.0
102.6655267059175	234.0
102.67552724426797	234.0
102.68552778261845	236.0
102.69552832096892	236.0
102.70552885931939	236.0
102.71552939766985	236.0
102.72552993602032	236.0
102.73553047437079	236.0
102.74553101272126	239.0
102.75553155107173	239.0
102.7655320894222	242.0
102.77553262777266	248.0
102.78553316612313	250.0
102.79553370447361	256.0
102.80553424282408	259.0
102.81553478117455	259.0
102.82553531952502	259.0
102.83553585787548	256.0
102.84553639622595	250.0
102.85553693457642	245.0
102.86553747292689	236.0
102.87553801127736	226.0
102.88553854962782	218.0
102.89553908797829	210.0
102.90553962632876	208.0
102.91554016467924	206.0
102.92554070302971	206.0
102.93554124138018	208.0
102.94554177973065	208.0
102.95554231808111	210.0
102.96554285643158	210.0
102.97554339478205	210.0
102.98554393313252	210.0
102.99554447148299	210.0
103.00554500983345	210.0
103.01554554818392	210.0
103.0255460865344	210.0
103.03554662488487	210.0
103.04554716323534	208.0
103.05554770158581	208.0
103.06554823993628	208.0
103.07554877828674	208.0
103.08554931663721	210.0
103.09554985498768	213.0
103.10555039333815	215.0
103.11555093168862	215.0
103.12555147003908	215.0
103.13555200838957	215.0
103.14555254674003	213.0
103.1555530850905	210.0
103.16555362344097	210.0
103.17555416179144	208.0
103.1855547001419	208.0
103.19555523849237	208.0
103.20555577684284	208.0
103.21555631519331	210.0
103.22555685354378	210.0
103.23555739189425	210.0
103.24555793024473	210.0
103.2555584685952	210.0
103.26555900694567	210.0
103.27555954529613	208.0
103.2855600836466	206.0
103.29556062199707	203.0
103.30556116034754	199.0
103.315561698698	192.0
103.32556223704847	185.0
103.33556277539894	179.0
103.34556331374941	175.0
103.35556385209989	173.0
103.36556439045036	171.0
103.37556492880083	171.0
103.3855654671513	173.0
103.39556600550176	173.0
103.40556654385223	173.0
103.4155670822027	175.0
103.42556762055317	175.0
103.43556815890364	177.0
103.4455686972541	177.0
103.45556923560457	177.0
103.46556977395505	177.0
103.47557031230552	177.0
103.48557085065599	179.0
103.49557138900646	179.0
103.50557192735693	181.0
103.5155724657074	183.0
103.52557300405786	185.0
103.53557354240833	185.0
103.5455740807588	187.0
103.55557461910927	187.0
103.56557515745973	185.0
103.57557569581022	183.0
103.58557623416068	181.0
103.59557677251115	177.0
103.60557731086162	173.0
103.61557784921209	167.0
103.62557838756256	161.0
103.63557892591302	158.0
103.64557946426349	158.0
103.65558000261396	158.0
103.66558054096443	158.0
103.6755810793149	158.0
103.68558161766538	159.0
103.69558215601585	159.0
103.70558269436631	158.0
103.71558323271678	158.0
103.72558377106725	158.0
103.73558430941772	158.0
103.74558484776819	159.0
103.75558538611865	161.0
103.76558592446912	161.0
103.77558646281959	163.0
103.78558700117006	163.0
103.79558753952053	163.0
103.80558807787101	163.0
103.81558861622148	163.0
103.82558915457194	163.0
103.83558969292241	165.0
103.84559023127288	165.0
103.85559076962335	167.0
103.86559130797382	165.0
103.87559184632428	165.0
103.88559238467475	161.0
103.89559292302522	158.0
103.90559346137569	154.0
103.91559399972617	150.0
103.92559453807664	145.0
103.9355950764271	142.0
103.94559561477757	140.0
103.95559615312804	139.0
103.96559669147851	139.0
103.97559722982898	140.0
103.98559776817945	140.0
103.99559830652991	142.0
104.00559884488038	142.0
104.01559938323085	142.0
104.02559992158133	142.0
104.0356004599318	144.0
104.04560099828227	144.0
104.05560153663274	144.0
104.0656020749832	144.0
104.07560261333367	144.0
104.08560315168414	144.0
104.09560369003461	142.0
104.10560422838508	142.0
104.11560476673554	140.0
104.12560530508601	139.0
104.1356058434365	137.0
104.14560638178696	136.0
104.15560692013743	136.0
104.1656074584879	137.0
104.17560799683837	140.0
104.18560853518883	145.0
104.1956090735393	150.0
104.20560961188977	158.0
104.21561015024024	165.0
104.2256106885907	171.0
104.23561122694117	175.0
104.24561176529166	179.0
104.25561230364212	181.0
104.26561284199259	181.0
104.27561338034306	181.0
104.28561391869353	179.0
104.295614457044	177.0
104.30561499539446	173.0
104.31561553374493	171.0
104.3256160720954	169.0
104.33561661044587	167.0
104.34561714879634	165.0
104.35561768714682	165.0
104.36561822549729	163.0
104.37561876384775	163.0
104.38561930219822	163.0
104.39561984054869	161.0
104.40562037889916	161.0
104.41562091724963	159.0
104.4256214556001	158.0
104.43562199395056	156.0
104.44562253230103	156.0
104.4556230706515	154.0
104.46562360900198	154.0
104.47562414735245	154.0
104.48562468570292	154.0
104.49562522405338	156.0
104.50562576240385	156.0
104.51562630075432	159.0
104.52562683910479	163.0
104.53562737745526	167.0
104.54562791580572	171.0
104.55562845415619	177.0
104.56562899250666	181.0
104.57562953085713	183.0
104.58563006920761	185.0
104.59563060755808	185.0
104.60563114590855	183.0
104.61563168425901	181.0
104.62563222260948	179.0
104.63563276095995	177.0
104.64563329931042	175.0
104.65563383766089	175.0
104.66563437601135	177.0
104.67563491436182	177.0
104.68563545271229	177.0
104.69563599106277	179.0
104.70563652941324	179.0
104.71563706776371	179.0
104.72563760611418	179.0
104.73563814446464	179.0
104.74563868281511	179.0
104.75563922116558	179.0
104.76563975951605	179.0
104.77564029786652	179.0
104.78564083621698	181.0
104.79564137456745	181.0
104.80564191291793	181.0
104.8156424512684	183.0
104.82564298961887	183.0
104.83564352796934	183.0
104.8456440663198	183.0
104.85564460467027	181.0
104.86564514302074	179.0
104.87564568137121	177.0
104.88564621972168	173.0
104.89564675807215	173.0
104.90564729642261	171.0
104.9156478347731	171.0
104.92564837312356	173.0
104.93564891147403	175.0
104.9456494498245	177.0
104.95564998817497	177.0
104.96565052652544	175.0
104.9756510648759	175.0
104.98565160322637	0.0
104.99565214157684	0.0
105.00565267992731	0.0
105.01565321827778	0.0
105.02565375662826	0.0
105.03565429497873	0.0
105.0456548333292	0.0
105.05565537167966	0.0
105.06565591003013	0.0
105.0756564483806	0.0
105.08565698673107	0.0
105.09565752508153	0.0
105.105658063432	0.0
105.11565860178247	0.0
105.12565914013294	0.0
105.13565967848342	0.0
105.14566021683389	0.0
105.15566075518436	0.0
105.16566129353482	0.0
105.1756618318853	0.0
105.18566237023576	0.0
105.19566290858623	0.0
105.2056634469367	0.0
105.21566398528716	0.0
105.22566452363763	0.0
105.2356650619881	0.0
105.24566560033858	0.0
105.25566613868905	0.0
105.26566667703952	0.0
105.27566721538999	0.0
105.28566775374046	0.0
105.29566829209092	0.0
105.30566883044139	0.0
105.31566936879186	177.0
105.32566990714233	177.0
105.3356704454928	177.0
105.34567098384326	177.0
105.35567152219375	177.0
105.36567206054421	177.0
105.37567259889468	177.0
105.38567313724515	177.0
105.39567367559562	177.0
105.40567421394609	177.0
105.41567475229655	177.0
105.42567529064702	177.0
105.43567582899749	177.0
105.44567636734796	177.0
105.45567690569843	179.0
105.4656774440489	179.0
105.47567798239938	181.0
105.48567852074984	181.0
105.49567905910031	181.0
105.50567959745078	179.0
105.51568013580125	177.0
105.52568067415172	175.0
105.53568121250218	171.0
105.54568175085265	165.0
105.55568228920312	159.0
105.56568282755359	154.0
105.57568336590406	149.0
105.58568390425454	147.0
105.595684442605	147.0
105.60568498095547	152.0
105.61568551930594	161.0
105.62568605765641	169.0
105.63568659600688	175.0
105.64568713435735	179.0
105.65568767270781	181.0
105.66568821105828	183.0
105.67568874940875	183.0
105.68568928775922	181.0
105.6956898261097	179.0
105.70569036446017	177.0
105.71569090281064	177.0
105.7256914411611	175.0
105.73569197951157	173.0
105.74569251786204	173.0
105.75569305621251	173.0
105.76569359456298	173.0
105.77569413291344	175.0
105.78569467126391	175.0
105.79569520961438	175.0
105.80569574796486	173.0
105.81569628631533	171.0
105.8256968246658	169.0
105.83569736301627	165.0
105.84569790136673	161.0
105.8556984397172	159.0
105.86569897806767	156.0
105.87569951641814	156.0
105.8857000547686	154.0
105.89570059311907	154.0
105.90570113146954	154.0
105.91570166982002	154.0
105.92570220817049	156.0
105.93570274652096	156.0
105.94570328487143	159.0
105.9557038232219	161.0
105.96570436157236	165.0
105.97570489992283	171.0
105.9857054382733	179.0
105.99570597662377	185.0
106.00570651497424	190.0
106.0157070533247	194.0
106.02570759167519	196.0
106.03570813002565	194.0
106.04570866837612	190.0
106.05570920672659	185.0
106.06570974507706	181.0
106.07571028342753	175.0
106.085710821778	169.0
106.09571136012846	165.0
106.10571189847893	161.0
106.1157124368294	159.0
106.12571297517987	159.0
106.13571351353035	158.0
106.14571405188082	158.0
106.15571459023128	158.0
106.16571512858175	158.0
106.17571566693222	158.0
106.18571620528269	159.0
106.19571674363316	159.0
106.20571728198362	159.0
106.21571782033409	159.0
106.22571835868456	161.0
106.23571889703503	163.0
106.2457194353855	169.0
106.25571997373598	173.0
106.26572051208645	177.0
106.27572105043691	179.0
106.28572158878738	181.0
106.29572212713785	181.0
106.30572266548832	179.0
106.31572320383879	175.0
106.32572374218925	0.0
106.33572428053972	0.0
106.34572481889019	0.0
106.35572535724066	0.0
106.36572589559114	0.0
106.37572643394161	0.0
106.38572697229208	0.0
106.39572751064254	0.0
106.40572804899301	0.0
106.41572858734348	0.0
106.42572912569395	150.0
106.43572966404442	145.0
106.44573020239488	142.0
106.45573074074535	140.0
106.46573127909582	140.0
106.4757318174463	139.0
106.48573235579677	139.0
106.49573289414724	139.0
106.5057334324977	139.0
106.51573397084817	139.0
106.52573450919864	139.0
106.53573504754911	139.0
106.54573558589958	139.0
106.55573612425005	139.0
106.56573666260051	139.0
106.57573720095098	139.0
106.58573773930146	139.0
106.59573827765193	139.0
106.6057388160024	137.0
106.61573935435287	139.0
106.62573989270334	139.0
106.6357404310538	140.0
106.64574096940427	142.0
106.65574150775474	144.0
106.66574204610521	144.0
106.67574258445568	142.0
106.68574312280614	139.0
106.69574366115663	137.0
106.7057441995071	137.0
106.71574473785756	136.0
106.72574527620803	134.0
106.7357458145585	134.0
106.74574635290897	136.0
106.75574689125943	137.0
106.7657474296099	139.0
106.77574796796037	140.0
106.78574850631084	142.0
106.7957490446613	142.0
106.80574958301179	142.0
106.81575012136226	142.0
106.82575065971272	142.0
106.83575119806319	140.0
106.84575173641366	140.0
106.85575227476413	140.0
106.8657528131146	140.0
106.87575335146506	140.0
106.88575388981553	142.0
106.895754428166	144.0
106.90575496651647	147.0
106.91575550486695	152.0
106.92575604321742	159.0
106.93575658156789	167.0
106.94575711991835	173.0
106.95575765826882	177.0
106.96575819661929	181.0
106.97575873496976	183.0
106.98575927332023	183.0
106.9957598116707	183.0
107.00576035002116	181.0
107.01576088837163	177.0
107.02576142672211	173.0
107.03576196507258	169.0
107.04576250342305	167.0
107.05576304177352	165.0
107.06576358012398	163.0
107.07576411847445	163.0
107.08576465682492	161.0
107.09576519517539	159.0
107.10576573352586	158.0
107.11576627187632	158.0
107.12576681022679	156.0
107.13576734857726	156.0
107.14576788692774	156.0
107.15576842527821	158.0
107.16576896362868	158.0
107.17576950197915	159.0
107.18577004032961	159.0
107.19577057868008	163.0
107.20577111703055	165.0
107.21577165538102	169.0
107.22577219373149	173.0
107.23577273208195	173.0
107.24577327043242	175.0
107.2557738087829	173.0
107.26577434713337	169.0
107.27577488548384	0.0
107.28577542383431	0.0
107.29577596218478	0.0
107.30577650053525	0.0
107.31577703888571	0.0
107.32577757723618	0.0
107.33577811558665	0.0
107.34577865393712	0.0
107.35577919228759	0.0
107.36577973063807	0.0
107.37578026898854	0.0
107.385780807339	0.0
107.39578134568947	0.0
107.40578188403994	0.0
107.41578242239041	0.0
107.42578296074088	0.0
107.43578349909134	0.0
107.44578403744181	0.0
107.45578457579228	0.0
107.46578511414275	0.0
107.47578565249323	0.0
107.4857861908437	0.0
107.49578672919417	0.0
107.50578726754463	0.0
107.5157878058951	0.0
107.52578834424557	0.0
107.53578888259604	0.0
107.5457894209465	0.0
107.55578995929697	0.0
107.56579049764744	0.0
107.57579103599791	139.0
107.58579157434839	139.0
107.59579211269886	139.0
107.60579265104933	139.0
107.6157931893998	139.0
107.62579372775026	139.0
107.63579426610073	139.0
107.6457948044512	140.0
107.65579534280167	140.0
107.66579588115214	140.0
107.6757964195026	140.0
107.68579695785307	140.0
107.69579749620355	140.0
107.70579803455402	140.0
107.71579857290449	140.0
107.72579911125496	139.0
107.73579964960543	140.0
107.7458001879559	140.0
107.75580072630636	140.0
107.76580126465683	140.0
107.7758018030073	140.0
107.78580234135777	140.0
107.79580287970823	139.0
107.80580341805872	137.0
107.81580395640918	136.0
107.82580449475965	134.0
107.83580503311012	134.0
107.84580557146059	137.0
107.85580610981106	140.0
107.86580664816152	147.0
107.87580718651199	152.0
107.88580772486246	167.0
107.89580826321293	177.0
107.9058088015634	183.0
107.91580933991388	185.0
107.92580987826435	183.0
107.93581041661481	181.0
107.94581095496528	179.0
107.95581149331575	175.0
107.96581203166622	169.0
107.97581257001669	165.0
107.98581310836715	159.0
107.99581364671762	156.0
108.00581418506809	152.0
108.01581472341856	152.0
108.02581526176903	150.0
108.03581580011951	150.0
108.04581633846998	150.0
108.05581687682044	150.0
108.06581741517091	152.0
108.07581795352138	154.0
108.08581849187185	156.0
108.09581903022232	158.0
108.10581956857278	161.0
108.11582010692325	165.0
108.12582064527372	169.0
108.13582118362419	173.0
108.14582172197467	175.0
108.15582226032514	177.0
108.1658227986756	175.0
108.17582333702607	171.0
108.18582387537654	165.0
108.19582441372701	159.0
108.20582495207748	0.0
108.21582549042795	0.0
108.22582602877841	0.0
108.23582656712888	0.0
108.24582710547935	0.0
108.25582764382983	0.0
108.2658281821803	0.0
108.27582872053077	0.0
108.28582925888124	149.0
108.2958297972317	142.0
108.30583033558217	140.0
108.31583087393264	140.0
108.32583141228311	140.0
108.33583195063358	142.0
108.34583248898404	144.0
108.35583302733451	144.0
108.365833565685	144.0
108.37583410403546	144.0
108.38583464238593	144.0
108.3958351807364	144.0
108.40583571908687	142.0
108.41583625743733	142.0
108.4258367957878	142.0
108.43583733413827	142.0
108.44583787248874	142.0
108.4558384108392	144.0
108.46583894918967	144.0
108.47583948754016	144.0
108.48584002589062	144.0
108.49584056424109	144.0
108.50584110259156	144.0
108.51584164094203	142.0
108.5258421792925	142.0
108.53584271764296	140.0
108.54584325599343	140.0
108.5558437943439	139.0
108.56584433269437	136.0
108.57584487104484	132.0
108.58584540939532	131.0
108.59584594774579	131.0
108.60584648609625	134.0
108.61584702444672	139.0
108.62584756279719	149.0
108.63584810114766	156.0
108.64584863949813	171.0
108.6558491778486	177.0
108.66584971619906	181.0
108.67585025454953	185.0
108.6858507929	185.0
108.69585133125048	185.0
108.70585186960095	181.0
108.71585240795142	177.0
108.72585294630188	173.0
108.73585348465235	171.0
108.74585402300282	169.0
108.75585456135329	169.0
108.76585509970376	169.0
108.77585563805422	169.0
108.78585617640469	169.0
108.79585671475516	169.0
108.80585725310564	171.0
108.81585779145611	171.0
108.82585832980658	171.0
108.83585886815705	171.0
108.84585940650751	173.0
108.85585994485798	175.0
108.86586048320845	177.0
108.87586102155892	179.0
108.88586155990939	181.0
108.89586209825985	181.0
108.90586263661032	179.0
108.91586317496079	175.0
108.92586371331127	173.0
108.93586425166174	173.0
108.94586479001221	175.0
108.95586532836268	179.0
108.96586586671314	179.0
108.97586640506361	179.0
108.98586694341408	175.0
108.99586748176455	169.0
109.00586802011502	165.0
109.01586855846548	161.0
109.02586909681595	156.0
109.03586963516643	154.0
109.0458701735169	152.0
109.05587071186737	154.0
109.06587125021784	158.0
109.0758717885683	163.0
109.08587232691877	167.0
109.09587286526924	173.0
109.10587340361971	177.0
109.11587394197018	181.0
109.12587448032065	183.0
109.13587501867111	183.0
109.1458755570216	183.0
109.15587609537207	179.0
109.16587663372253	175.0
109.175877172073	169.0
109.18587771042347	165.0
109.19587824877394	161.0
109.2058787871244	161.0
109.21587932547487	159.0
109.22587986382534	159.0
109.23588040217581	159.0
109.24588094052628	159.0
109.25588147887676	159.0
109.26588201722723	158.0
109.2758825555777	154.0
109.28588309392816	152.0
109.29588363227863	149.0
109.3058841706291	149.0
109.31588470897957	149.0
109.32588524733004	152.0
109.3358857856805	156.0
109.34588632403097	167.0
109.35588686238144	173.0
109.36588740073192	181.0
109.37588793908239	183.0
109.38588847743286	185.0
109.39588901578333	187.0
109.4058895541338	185.0
109.41589009248426	183.0
109.42589063083473	181.0
109.4358911691852	177.0
109.44589170753567	175.0
109.45589224588613	173.0
109.4658927842366	173.0
109.47589332258708	173.0
109.48589386093755	175.0
109.49589439928802	175.0
109.50589493763849	177.0
109.51589547598896	177.0
109.52589601433942	179.0
109.53589655268989	179.0
109.54589709104036	179.0
109.55589762939083	177.0
109.5658981677413	177.0
109.57589870609176	175.0
109.58589924444225	171.0
109.59589978279271	165.0
109.60590032114318	152.0
109.61590085949365	147.0
109.62590139784412	147.0
109.63590193619459	181.0
109.64590247454505	183.0
109.65590301289552	185.0
109.66590355124599	183.0
109.67590408959646	179.0
109.68590462794693	177.0
109.6959051662974	175.0
109.70590570464788	175.0
109.71590624299834	175.0
109.72590678134881	173.0
109.73590731969928	173.0
109.74590785804975	175.0
109.75590839640022	175.0
109.76590893475068	175.0
109.77590947310115	177.0
109.78591001145162	177.0
109.79591054980209	179.0
109.80591108815256	179.0
109.81591162650304	177.0
109.8259121648535	175.0
109.83591270320397	171.0
109.84591324155444	169.0
109.85591377990491	165.0
109.86591431825538	159.0
109.87591485660585	156.0
109.88591539495631	152.0
109.89591593330678	149.0
109.90591647165725	145.0
109.91591701000772	144.0
109.9259175483582	142.0
109.93591808670867	142.0
109.94591862505914	142.0
109.9559191634096	142.0
109.96591970176007	144.0
109.97592024011054	149.0
109.98592077846101	154.0
109.99592131681148	163.0
110.00592185516194	179.0
110.01592239351241	187.0
110.02592293186288	192.0
110.03592347021336	194.0
110.04592400856383	194.0
110.0559245469143	194.0
110.06592508526477	192.0
110.07592562361523	187.0
110.0859261619657	183.0
110.09592670031617	177.0
110.10592723866664	171.0
110.1159277770171	165.0
110.12592831536757	161.0
110.13592885371804	158.0
110.14592939206852	156.0
110.15592993041899	154.0
110.16593046876946	154.0
110.17593100711993	154.0
110.1859315454704	154.0
110.19593208382086	154.0
110.20593262217133	156.0
110.2159331605218	158.0
110.22593369887227	159.0
110.23593423722274	163.0
110.2459347755732	167.0
110.25593531392369	171.0
110.26593585227415	177.0
110.27593639062462	179.0
110.28593692897509	181.0
110.29593746732556	179.0
110.30593800567603	173.0
110.3159385440265	165.0
110.32593908237696	152.0
110.33593962072743	144.0
110.3459401590779	139.0
110.35594069742837	139.0
110.36594123577885	140.0
110.37594177412932	0.0
110.38594231247978	0.0
110.39594285083025	0.0
110.40594338918072	144.0
110.41594392753119	139.0
110.42594446588166	137.0
110.43594500423212	137.0
110.44594554258259	137.0
110.45594608093306	139.0
110.46594661928353	140.0
110.47594715763401	142.0
110.48594769598448	144.0
110.49594823433495	144.0
110.50594877268541	144.0
110.51594931103588	144.0
110.52594984938635	142.0
110.53595038773682	142.0
110.54595092608729	140.0
110.55595146443775	140.0
110.56595200278822	140.0
110.57595254113869	140.0
110.58595307948916	140.0
110.59595361783964	140.0
110.60595415619011	139.0
110.61595469454058	139.0
110.62595523289104	137.0
110.63595577124151	136.0
110.64595630959198	132.0
110.65595684794245	131.0
110.66595738629292	131.0
110.67595792464338	132.0
110.68595846299385	136.0
110.69595900134432	140.0
110.7059595396948	142.0
110.71596007804527	142.0
110.72596061639574	140.0
110.7359611547462	140.0
110.74596169309667	139.0
110.75596223144714	139.0
110.76596276979761	139.0
110.77596330814808	139.0
110.78596384649855	139.0
110.79596438484901	140.0
110.80596492319948	140.0
110.81596546154996	142.0
110.82596599990043	142.0
110.8359665382509	144.0
110.84596707660137	144.0
110.85596761495184	144.0
110.8659681533023	142.0
110.87596869165277	139.0
110.88596923000324	136.0
110.89596976835371	131.0
110.90597030670418	128.0
110.91597084505464	124.0
110.92597138340513	121.0
110.9359719217556	119.0
110.94597246010606	118.0
110.95597299845653	117.0
110.965973536807	117.0
110.97597407515747	117.0
110.98597461350793	115.0
110.9959751518584	115.0
111.00597569020887	114.0
111.01597622855934	113.0
111.0259767669098	111.0
111.03597730526029	109.0
111.04597784361076	0.0
111.05597838196122	0.0
111.0659789203117	0.0
111.07597945866216	0.0
111.08597999701263	0.0
111.0959805353631	0.0
111.10598107371356	156.0
111.11598161206403	150.0
111.1259821504145	147.0
111.13598268876497	144.0
111.14598322711545	142.0
111.15598376546592	140.0
111.16598430381639	140.0
111.17598484216686	140.0
111.18598538051732	140.0
111.19598591886779	139.0
111.20598645721826	139.0
111.21598699556873	139.0
111.2259875339192	139.0
111.23598807226966	137.0
111.24598861062013	137.0
111.25598914897061	136.0
111.26598968732108	137.0
111.27599022567155	137.0
111.28599076402202	139.0
111.29599130237249	140.0
111.30599184072295	140.0
111.31599237907342	142.0
111.32599291742389	142.0
111.33599345577436	139.0
111.34599399412483	136.0
111.3559945324753	134.0
111.36599507082576	134.0
111.37599560917624	132.0
111.38599614752671	132.0
111.39599668587718	134.0
111.40599722422765	139.0
111.41599776257812	147.0
111.42599830092858	154.0
111.43599883927905	163.0
111.44599937762952	171.0
111.45599991597999	179.0
111.46600045433046	183.0
111.47600099268092	185.0
111.4860015310314	187.0
111.49600206938187	185.0
111.50600260773234	183.0
111.51600314608281	181.0
111.52600368443328	177.0
111.53600422278375	171.0
111.54600476113421	167.0
111.55600529948468	163.0
111.56600583783515	161.0
111.57600637618562	159.0
111.58600691453609	159.0
111.59600745288657	158.0
111.60600799123704	156.0
111.6160085295875	154.0
111.62600906793797	150.0
111.63600960628844	149.0
111.64601014463891	147.0
111.65601068298938	147.0
111.66601122133984	150.0
111.67601175969031	156.0
111.68601229804078	161.0
111.69601283639125	165.0
111.70601337474173	171.0
111.7160139130922	179.0
111.72601445144267	187.0
111.73601498979313	194.0
111.7460155281436	194.0
111.75601606649407	194.0
111.76601660484454	190.0
111.776017143195	185.0
111.78601768154547	181.0
111.79601821989594	177.0
111.80601875824641	173.0
111.81601929659689	171.0
111.82601983494736	171.0
111.83602037329783	171.0
111.8460209116483	173.0
111.85602144999876	173.0
111.86602198834923	175.0
111.8760225266997	175.0
111.88602306505017	175.0
111.89602360340064	177.0
111.9060241417511	177.0
111.91602468010157	177.0
111.92602521845205	177.0
111.93602575680252	175.0
111.94602629515299	175.0
111.95602683350346	173.0
111.96602737185393	171.0
111.9760279102044	169.0
111.98602844855486	171.0
111.99602898690533	175.0
112.0060295252558	181.0
112.01603006360627	187.0
112.02603060195673	192.0
112.03603114030722	196.0
112.04603167865768	196.0
112.05603221700815	194.0
112.06603275535862	192.0
112.07603329370909	190.0
112.08603383205956	185.0
112.09603437041002	181.0
112.10603490876049	175.0
112.11603544711096	169.0
112.12603598546143	163.0
112.1360365238119	159.0
112.14603706216238	158.0
112.15603760051285	154.0
112.16603813886331	152.0
112.17603867721378	150.0
112.18603921556425	147.0
112.19603975391472	145.0
112.20604029226519	145.0
112.21604083061565	0.0
112.22604136896612	0.0
112.23604190731659	0.0
112.24604244566706	0.0
112.25604298401753	0.0
112.26604352236801	0.0
112.27604406071848	0.0
112.28604459906894	0.0
112.29604513741941	0.0
112.30604567576988	0.0
112.31604621412035	0.0
112.32604675247082	0.0
112.33604729082128	0.0
112.34604782917175	0.0
112.35604836752222	0.0
112.36604890587269	0.0
112.37604944422317	0.0
112.38604998257364	0.0
112.3960505209241	0.0
112.40605105927457	0.0
112.41605159762504	0.0
112.42605213597551	0.0
112.43605267432598	0.0
112.44605321267645	0.0
112.45605375102691	0.0
112.46605428937738	0.0
112.47605482772785	0.0
112.48605536607833	0.0
112.4960559044288	0.0
112.50605644277927	0.0
112.51605698112974	0.0
112.5260575194802	179.0
112.53605805783067	175.0
112.54605859618114	173.0
112.55605913453161	173.0
112.56605967288208	173.0
112.57606021123254	175.0
112.58606074958301	175.0
112.5960612879335	175.0
112.60606182628396	175.0
112.61606236463443	175.0
112.6260629029849	175.0
112.63606344133537	177.0
112.64606397968583	177.0
112.6560645180363	177.0
112.66606505638677	177.0
112.67606559473724	177.0
112.6860661330877	175.0
112.69606667143817	175.0
112.70606720978866	173.0
112.71606774813912	171.0
112.72606828648959	165.0
112.73606882484006	159.0
112.74606936319053	0.0
112.756069901541	0.0
112.76607043989146	0.0
112.77607097824193	0.0
112.7860715165924	0.0
112.79607205494287	0.0
112.80607259329334	0.0
112.81607313164382	0.0
112.82607366999429	228.0
112.83607420834475	226.0
112.84607474669522	220.0
112.85607528504569	218.0
112.86607582339616	215.0
112.87607636174663	213.0
112.8860769000971	213.0
112.89607743844756	213.0
112.90607797679803	213.0
112.9160785151485	213.0
112.92607905349898	213.0
112.93607959184945	213.0
112.94608013019992	213.0
112.95608066855038	213.0
112.96608120690085	210.0
112.97608174525132	210.0
112.98608228360179	210.0
112.99608282195226	210.0
113.00608336030272	213.0
113.01608389865319	215.0
113.02608443700366	218.0
113.03608497535414	215.0
113.04608551370461	208.0
113.05608605205508	203.0
113.06608659040555	196.0
113.07608712875601	190.0
113.08608766710648	183.0
113.09608820545695	177.0
113.10608874380742	175.0
113.11608928215789	175.0
113.12608982050835	173.0
113.13609035885882	173.0
113.14609089720929	171.0
113.15609143555977	171.0
113.16609197391024	171.0
113.17609251226071	171.0
113.18609305061118	173.0
113.19609358896165	175.0
113.20609412731211	177.0
113.21609466566258	179.0
113.22609520401305	181.0
113.23609574236352	185.0
113.24609628071399	187.0
113.25609681906445	187.0
113.26609735741494	190.0
113.2760978957654	190.0
113.28609843411587	187.0
113.29609897246634	183.0
113.30609951081681	181.0
113.31610004916728	175.0
113.32610058751774	169.0
113.33610112586821	163.0
113.34610166421868	159.0
113.35610220256915	156.0
113.36610274091962	150.0
113.3761032792701	147.0
113.38610381762057	145.0
113.39610435597103	0.0
113.4061048943215	0.0
113.41610543267197	0.0
113.42610597102244	0.0
113.4361065093729	0.0
113.44610704772337	220.0
113.45610758607384	218.0
113.46610812442431	215.0
113.47610866277478	213.0
113.48610920112526	210.0
113.49610973947573	208.0
113.5061102778262	208.0
113.51611081617666	208.0
113.52611135452713	210.0
113.5361118928776	210.0
113.54611243122807	210.0
113.55611296957854	210.0
113.566113507929	210.0
113.57611404627947	210.0
113.58611458462994	210.0
113.59611512298042	210.0
113.60611566133089	210.0
113.61611619968136	210.0
113.62611673803183	210.0
113.6361172763823	210.0
113.64611781473276	210.0
113.65611835308323	210.0
113.6661188914337	208.0
113.67611942978417	206.0
113.68611996813463	201.0
113.6961205064851	192.0
113.70612104483558	187.0
113.71612158318605	187.0
113.72612212153652	187.0
113.73612265988699	190.0
113.74612319823746	192.0
113.75612373658792	196.0
113.76612427493839	203.0
113.77612481328886	234.0
113.78612535163933	265.0
113.7961258899898	265.0
113.80612642834026	259.0
113.81612696669075	250.0
113.82612750504121	242.0
113.83612804339168	234.0
113.84612858174215	231.0
113.85612912009262	228.0
113.86612965844309	228.0
113.87613019679355	228.0
113.88613073514402	231.0
113.89613127349449	236.0
113.90613181184496	242.0
113.91613235019543	248.0
113.92613288854591	253.0
113.93613342689638	256.0
113.94613396524684	256.0
113.95613450359731	256.0
113.96613504194778	253.0
113.97613558029825	248.0
113.98613611864872	242.0
113.99613665699918	234.0
114.00613719534965	231.0
114.01613773370012	228.0
114.02613827205059	228.0
114.03613881040106	231.0
114.04613934875154	236.0
114.056139887102	239.0
114.06614042545247	245.0
114.07614096380294	250.0
114.08614150215341	253.0
114.09614204050388	253.0
114.10614257885435	253.0
114.11614311720481	250.0
114.12614365555528	242.0
114.13614419390575	234.0
114.14614473225622	228.0
114.1561452706067	226.0
114.16614580895717	223.0
114.17614634730764	226.0
114.1861468856581	228.0
114.19614742400857	234.0
114.20614796235904	239.0
114.21614850070951	245.0
114.22614903905998	250.0
114.23614957741044	250.0
114.24615011576091	250.0
114.25615065411138	248.0
114.26615119246186	242.0
114.27615173081233	234.0
114.2861522691628	228.0
114.29615280751327	220.0
114.30615334586373	215.0
114.3161538842142	215.0
114.32615442256467	220.0
114.33615496091514	228.0
114.3461554992656	239.0
114.35615603761607	250.0
114.36615657596654	265.0
114.37615711431702	284.0
114.38615765266749	294.0
114.39615819101796	298.0
114.40615872936843	291.0
114.4161592677189	288.0
114.42615980606936	284.0
114.43616034441983	272.0
114.4461608827703	242.0
114.45616142112077	223.0
114.46616195947124	210.0
114.4761624978217	203.0
114.48616303617219	190.0
114.49616357452265	185.0
114.50616411287312	0.0
114.51616465122359	0.0
114.52616518957406	0.0
114.53616572792453	0.0
114.546166266275	218.0
114.55616680462546	223.0
114.56616734297593	226.0
114.5761678813264	226.0
114.58616841967687	226.0
114.59616895802735	226.0
114.60616949637782	226.0
114.61617003472828	228.0
114.62617057307875	228.0
114.63617111142922	231.0
114.64617164977969	234.0
114.65617218813016	236.0
114.66617272648062	239.0
114.67617326483109	242.0
114.68617380318156	245.0
114.69617434153203	250.0
114.70617487988251	256.0
114.71617541823298	259.0
114.72617595658345	262.0
114.73617649493391	262.0
114.74617703328438	259.0
114.75617757163485	259.0
114.76617810998532	253.0
114.77617864833579	248.0
114.78617918668625	239.0
114.79617972503672	234.0
114.80618026338719	226.0
114.81618080173766	223.0
114.82618134008814	218.0
114.83618187843861	215.0
114.84618241678908	213.0
114.85618295513954	213.0
114.86618349349001	213.0
114.87618403184048	213.0
114.88618457019095	213.0
114.89618510854142	213.0
114.90618564689188	213.0
114.91618618524235	213.0
114.92618672359282	215.0
114.9361872619433	215.0
114.94618780029377	215.0
114.95618833864424	215.0
114.9661888769947	215.0
114.97618941534517	215.0
114.98618995369564	215.0
114.99619049204611	215.0
115.00619103039658	215.0
115.01619156874705	213.0
115.02619210709751	213.0
115.03619264544798	213.0
115.04619318379847	210.0
115.05619372214893	210.0
115.0661942604994	210.0
115.07619479884987	210.0
115.08619533720034	210.0
115.0961958755508	213.0
115.10619641390127	213.0
115.11619695225174	213.0
115.12619749060221	213.0
115.13619802895268	213.0
115.14619856730314	213.0
115.15619910565363	213.0
115.1661996440041	213.0
115.17620018235456	213.0
115.18620072070503	213.0
115.1962012590555	210.0
115.20620179740597	210.0
115.21620233575644	210.0
115.2262028741069	210.0
115.23620341245737	213.0
115.24620395080784	213.0
115.2562044891583	213.0
115.26620502750879	213.0
115.27620556585926	213.0
115.28620610420973	213.0
115.2962066425602	213.0
115.30620718091066	213.0
115.31620771926113	213.0
115.3262082576116	213.0
115.33620879596207	213.0
115.34620933431253	213.0
115.356209872663	213.0
115.36621041101347	213.0
115.37621094936395	213.0
115.38621148771442	213.0
115.39621202606489	213.0
115.40621256441536	215.0
115.41621310276582	215.0
115.42621364111629	215.0
115.43621417946676	215.0
115.44621471781723	215.0
115.4562152561677	215.0
115.46621579451816	213.0
115.47621633286863	210.0
115.48621687121911	208.0
115.49621740956958	206.0
115.50621794792005	0.0
115.51621848627052	0.0
115.52621902462099	0.0
115.53621956297145	0.0
115.54622010132192	0.0
115.55622063967239	0.0
115.56622117802286	0.0
115.57622171637333	0.0
115.5862222547238	0.0
115.59622279307428	0.0
115.60622333142474	0.0
115.61622386977521	0.0
115.62622440812568	0.0
115.63622494647615	0.0
115.64622548482662	0.0
115.65622602317708	0.0
115.66622656152755	0.0
115.67622709987802	0.0
115.68622763822849	0.0
115.69622817657896	0.0
115.70622871492942	0.0
115.7162292532799	0.0
115.72622979163037	0.0
115.73623032998084	0.0
115.74623086833131	0.0
115.75623140668178	0.0
115.76623194503225	0.0
115.77623248338271	0.0
115.78623302173318	0.0
115.79623356008365	0.0
115.80623409843412	0.0
115.81623463678459	0.0
115.82623517513507	0.0
115.83623571348554	0.0
115.846236251836	0.0
115.85623679018647	0.0
115.86623732853694	0.0
115.87623786688741	0.0
115.88623840523788	0.0
115.89623894358834	0.0
115.90623948193881	0.0
115.91624002028928	0.0
115.92624055863975	0.0
115.93624109699023	0.0
115.9462416353407	0.0
115.95624217369117	0.0
115.96624271204163	0.0
115.9762432503921	0.0
115.98624378874257	0.0
115.99624432709304	0.0
116.0062448654435	156.0
116.01624540379397	154.0
116.02624594214444	152.0
116.03624648049491	150.0
116.04624701884539	150.0
116.05624755719586	150.0
116.06624809554633	150.0
116.0762486338968	150.0
116.08624917224726	152.0
116.09624971059773	154.0
116.1062502489482	156.0
116.11625078729867	159.0
116.12625132564914	161.0
116.1362518639996	165.0
116.14625240235007	169.0
116.15625294070055	175.0
116.16625347905102	181.0
116.17625401740149	185.0
116.18625455575196	192.0
116.19625509410243	196.0
116.2062556324529	201.0
116.21625617080336	203.0
116.22625670915383	208.0
116.2362572475043	210.0
116.24625778585477	213.0
116.25625832420523	215.0
116.26625886255572	213.0
116.27625940090618	213.0
116.28625993925665	210.0
116.29626047760712	206.0
116.30626101595759	203.0
116.31626155430806	201.0
116.32626209265852	199.0
116.33626263100899	199.0
116.34626316935946	196.0
116.35626370770993	194.0
116.3662642460604	192.0
116.37626478441088	190.0
116.38626532276135	185.0
116.39626586111181	183.0
116.40626639946228	181.0
116.41626693781275	179.0
116.42626747616322	177.0
116.43626801451369	175.0
116.44626855286415	175.0
116.45626909121462	175.0
116.46626962956509	177.0
116.47627016791556	177.0
116.48627070626603	177.0
116.49627124461651	177.0
116.50627178296698	177.0
116.51627232131744	177.0
116.52627285966791	177.0
116.53627339801838	177.0
116.54627393636885	175.0
116.55627447471932	175.0
116.56627501306978	175.0
116.57627555142025	173.0
116.58627608977072	173.0
116.59627662812119	173.0
116.60627716647167	171.0
116.61627770482214	171.0
116.6262782431726	173.0
116.63627878152307	173.0
116.64627931987354	173.0
116.65627985822401	173.0
116.66628039657448	173.0
116.67628093492495	169.0
116.68628147327541	167.0
116.69628201162588	167.0
116.70628254997635	169.0
116.71628308832683	171.0
116.7262836266773	173.0
116.73628416502777	175.0
116.74628470337824	177.0
116.7562852417287	179.0
116.76628578007917	179.0
116.77628631842964	177.0
116.78628685678011	177.0
116.79628739513058	177.0
116.80628793348104	177.0
116.81628847183151	177.0
116.826289010182	177.0
116.83628954853246	175.0
116.84629008688293	175.0
116.8562906252334	173.0
116.86629116358387	173.0
116.87629170193433	171.0
116.8862922402848	171.0
116.89629277863527	169.0
116.90629331698574	167.0
116.9162938553362	165.0
116.92629439368667	161.0
116.93629493203716	158.0
116.94629547038762	156.0
116.9562960087381	154.0
116.96629654708856	154.0
116.97629708543903	152.0
116.9862976237895	152.0
116.99629816213996	150.0
117.00629870049043	150.0
117.0162992388409	154.0
117.02629977719137	158.0
117.03630031554184	165.0
117.04630085389232	171.0
117.05630139224279	179.0
117.06630193059326	181.0
117.07630246894372	183.0
117.08630300729419	183.0
117.09630354564466	183.0
117.10630408399513	181.0
117.1163046223456	177.0
117.12630516069606	173.0
117.13630569904653	169.0
117.146306237397	165.0
117.15630677574748	163.0
117.16630731409795	161.0
117.17630785244842	159.0
117.18630839079889	158.0
117.19630892914935	158.0
117.20630946749982	156.0
117.21631000585029	156.0
117.22631054420076	156.0
117.23631108255123	158.0
117.2463116209017	158.0
117.25631215925216	158.0
117.26631269760264	158.0
117.27631323595311	158.0
117.28631377430358	156.0
117.29631431265405	156.0
117.30631485100452	154.0
117.31631538935498	154.0
117.32631592770545	152.0
117.33631646605592	152.0
117.34631700440639	154.0
117.35631754275686	158.0
117.36631808110732	161.0
117.37631861945779	167.0
117.38631915780827	173.0
117.39631969615874	179.0
117.40632023450921	183.0
117.41632077285968	187.0
117.42632131121015	190.0
117.43632184956061	187.0
117.44632238791108	185.0
117.45632292626155	179.0
117.46632346461202	175.0
117.47632400296249	169.0
117.48632454131295	165.0
117.49632507966344	163.0
117.5063256180139	161.0
117.51632615636437	159.0
117.52632669471484	159.0
117.53632723306531	158.0
117.54632777141578	158.0
117.55632830976624	158.0
117.56632884811671	158.0
117.57632938646718	158.0
117.58632992481765	158.0
117.59633046316812	159.0
117.6063310015186	159.0
117.61633153986907	161.0
117.62633207821953	163.0
117.63633261657	165.0
117.64633315492047	167.0
117.65633369327094	169.0
117.6663342316214	173.0
117.67633476997187	175.0
117.68633530832234	177.0
117.69633584667281	177.0
117.70633638502328	179.0
117.71633692337376	177.0
117.72633746172423	171.0
117.7363380000747	0.0
117.74633853842516	0.0
117.75633907677563	0.0
117.7663396151261	173.0
117.77634015347657	0.0
117.78634069182704	0.0
117.7963412301775	0.0
117.80634176852797	0.0
117.81634230687844	0.0
117.82634284522892	0.0
117.83634338357939	0.0
117.84634392192986	0.0
117.85634446028033	139.0
117.8663449986308	139.0
117.87634553698126	137.0
117.88634607533173	137.0
117.8963466136822	137.0
117.90634715203267	137.0
117.91634769038313	139.0
117.9263482287336	139.0
117.93634876708408	139.0
117.94634930543455	139.0
117.95634984378502	139.0
117.96635038213549	139.0
117.97635092048596	139.0
117.98635145883642	139.0
117.99635199718689	139.0
118.00635253553736	140.0
118.01635307388783	140.0
118.0263536122383	140.0
118.03635415058876	140.0
118.04635468893925	142.0
118.05635522728971	140.0
118.06635576564018	140.0
118.07635630399065	139.0
118.08635684234112	137.0
118.09635738069159	136.0
118.10635791904205	134.0
118.11635845739252	134.0
118.12635899574299	134.0
118.13635953409346	136.0
118.14636007244393	137.0
118.15636061079441	139.0
118.16636114914488	140.0
118.17636168749534	140.0
118.18636222584581	142.0
118.19636276419628	142.0
118.20636330254675	142.0
118.21636384089722	142.0
118.22636437924768	142.0
118.23636491759815	142.0
118.24636545594862	142.0
118.25636599429909	142.0
118.26636653264956	142.0
118.27636707100004	142.0
118.2863676093505	140.0
118.29636814770097	140.0
118.30636868605144	140.0
118.31636922440191	140.0
118.32636976275238	140.0
118.33637030110285	142.0
118.34637083945331	144.0
118.35637137780378	147.0
118.36637191615425	154.0
118.37637245450472	161.0
118.3863729928552	169.0
118.39637353120567	175.0
118.40637406955614	181.0
118.4163746079066	183.0
118.42637514625707	185.0
118.43637568460754	185.0
118.44637622295801	183.0
118.45637676130848	181.0
118.46637729965894	177.0
118.47637783800941	173.0
118.48637837635988	169.0
118.49637891471036	165.0
118.50637945306083	163.0
118.5163799914113	161.0
118.52638052976177	159.0
118.53638106811223	159.0
118.5463816064627	158.0
118.55638214481317	158.0
118.56638268316364	158.0
118.5763832215141	158.0
118.58638375986457	156.0
118.59638429821504	154.0
118.60638483656552	154.0
118.61638537491599	154.0
118.62638591326646	152.0
118.63638645161693	152.0
118.6463869899674	154.0
118.65638752831786	156.0
118.66638806666833	158.0
118.6763886050188	161.0
118.68638914336927	163.0
118.69638968171974	167.0
118.7063902200702	171.0
118.71639075842069	173.0
118.72639129677115	175.0
118.73639183512162	175.0
118.74639237347209	173.0
118.75639291182256	169.0
118.76639345017303	163.0
118.7763939885235	158.0
118.78639452687396	0.0
118.79639506522443	0.0
118.8063956035749	0.0
118.81639614192537	0.0
118.82639668027585	0.0
118.83639721862632	0.0
118.84639775697678	0.0
118.85639829532725	0.0
118.86639883367772	0.0
118.87639937202819	0.0
118.88639991037866	144.0
118.89640044872912	142.0
118.90640098707959	140.0
118.91640152543006	140.0
118.92640206378053	140.0
118.93640260213101	142.0
118.94640314048148	142.0
118.95640367883195	142.0
118.96640421718241	142.0
118.97640475553288	142.0
118.98640529388335	142.0
118.99640583223382	142.0
119.00640637058429	140.0
119.01640690893475	140.0
119.02640744728522	140.0
119.03640798563569	140.0
119.04640852398617	140.0
119.05640906233664	140.0
119.06640960068711	140.0
119.07641013903758	140.0
119.08641067738805	140.0
119.09641121573851	142.0
119.10641175408898	142.0
119.11641229243945	140.0
119.12641283078992	140.0
119.13641336914039	139.0
119.14641390749085	137.0
119.15641444584132	137.0
119.1664149841918	137.0
119.17641552254227	139.0
119.18641606089274	142.0
119.19641659924321	147.0
119.20641713759368	152.0
119.21641767594414	163.0
119.22641821429461	173.0
119.23641875264508	179.0
119.24641929099555	183.0
119.25641982934602	183.0
119.26642036769648	183.0
119.27642090604697	181.0
119.28642144439743	177.0
119.2964219827479	171.0
119.30642252109837	167.0
119.31642305944884	163.0
119.3264235977993	159.0
119.33642413614977	156.0
119.34642467450024	156.0
119.35642521285071	154.0
119.36642575120118	154.0
119.37642628955165	154.0
119.38642682790213	152.0
119.3964273662526	152.0
119.40642790460306	154.0
119.41642844295353	156.0
119.426428981304	158.0
119.43642951965447	161.0
119.44643005800494	165.0
119.4564305963554	169.0
119.46643113470587	175.0
119.47643167305634	179.0
119.48643221140681	181.0
119.49643274975729	181.0
119.50643328810776	179.0
119.51643382645823	171.0
119.5264343648087	165.0
119.53643490315916	158.0
119.54643544150963	0.0
119.5564359798601	0.0
119.56643651821057	0.0
119.57643705656103	0.0
119.5864375949115	0.0
119.59643813326197	0.0
119.60643867161245	0.0
119.61643920996292	0.0
119.62643974831339	142.0
119.63644028666386	142.0
119.64644082501432	140.0
119.65644136336479	140.0
119.66644190171526	142.0
119.67644244006573	142.0
119.6864429784162	142.0
119.69644351676666	142.0
119.70644405511713	144.0
119.71644459346761	144.0
119.72644513181808	144.0
119.73644567016855	144.0
119.74644620851902	144.0
119.75644674686949	142.0
119.76644728521995	142.0
119.77644782357042	140.0
119.78644836192089	140.0
119.79644890027136	140.0
119.80644943862183	142.0
119.8164499769723	142.0
119.82645051532278	142.0
119.83645105367324	142.0
119.84645159202371	140.0
119.85645213037418	140.0
119.86645266872465	137.0
119.87645320707512	136.0
119.88645374542558	134.0
119.89645428377605	134.0
119.90645482212652	134.0
119.91645536047699	137.0
119.92645589882746	140.0
119.93645643717792	147.0
119.9464569755284	154.0
119.95645751387887	169.0
119.96645805222934	179.0
119.97645859057981	183.0
119.98645912893028	187.0
119.99645966728075	187.0
120.00646020563121	187.0
120.01646074398168	183.0
120.02646128233215	179.0
120.03646182068262	177.0
120.04646235903309	173.0
120.05646289738357	171.0
120.06646343573404	171.0
120.0764639740845	169.0
120.08646451243497	171.0
120.09646505078544	171.0
120.10646558913591	171.0
120.11646612748638	173.0
120.12646666583684	173.0
120.13646720418731	175.0
120.14646774253778	175.0
120.15646828088825	177.0
120.16646881923873	177.0
120.1764693575892	179.0
120.18646989593967	181.0
120.19647043429013	183.0
120.2064709726406	183.0
120.21647151099107	181.0
120.22647204934154	175.0
120.236472587692	173.0
120.24647312604247	171.0
120.25647366439294	173.0
120.26647420274341	177.0
120.27647474109389	183.0
120.28647527944436	183.0
120.29647581779483	181.0
120.3064763561453	181.0
120.31647689449576	177.0
120.32647743284623	167.0
120.3364779711967	161.0
120.34647850954717	156.0
120.35647904789764	154.0
120.3664795862481	156.0
120.37648012459857	158.0
120.38648066294905	163.0
120.39648120129952	167.0
120.40648173964999	171.0
120.41648227800046	175.0
120.42648281635093	177.0
120.4364833547014	179.0
120.44648389305186	179.0
120.45648443140233	177.0
120.4664849697528	173.0
120.47648550810327	169.0
120.48648604645373	165.0
120.49648658480422	163.0
120.50648712315468	159.0
120.51648766150515	159.0
120.52648819985562	159.0
120.53648873820609	159.0
120.54648927655656	159.0
120.55648981490702	159.0
120.56649035325749	158.0
120.57649089160796	156.0
120.58649142995843	152.0
120.5964919683089	150.0
120.60649250665938	152.0
120.61649304500985	156.0
120.62649358336031	161.0
120.63649412171078	169.0
120.64649466006125	175.0
120.65649519841172	181.0
120.66649573676219	185.0
120.67649627511265	187.0
120.68649681346312	187.0
120.69649735181359	185.0
120.70649789016406	181.0
120.71649842851454	177.0
120.72649896686501	173.0
120.73649950521548	171.0
120.74650004356594	171.0
120.75650058191641	173.0
120.76650112026688	175.0
120.77650165861735	177.0
120.78650219696782	177.0
120.79650273531828	177.0
120.80650327366875	177.0
120.81650381201922	177.0
120.82650435036969	177.0
120.83650488872017	177.0
120.84650542707064	177.0
120.8565059654211	179.0
120.86650650377157	181.0
120.87650704212204	183.0
120.88650758047251	183.0
120.89650811882298	181.0
120.90650865717345	175.0
120.91650919552391	169.0
120.92650973387438	0.0
120.93651027222485	0.0
120.94651081057533	0.0
120.9565113489258	0.0
120.96651188727627	0.0
120.97651242562674	0.0
120.9865129639772	0.0
120.99651350232767	0.0
121.00651404067814	0.0
121.01651457902861	0.0
121.02651511737908	0.0
121.03651565572954	139.0
121.04651619408001	137.0
121.0565167324305	136.0
121.06651727078096	137.0
121.07651780913143	137.0
121.0865183474819	139.0
121.09651888583237	140.0
121.10651942418284	140.0
121.1165199625333	142.0
121.12652050088377	144.0
121.13652103923424	144.0
121.1465215775847	144.0
121.15652211593518	144.0
121.16652265428566	142.0
121.17652319263613	142.0
121.1865237309866	142.0
121.19652426933706	144.0
121.20652480768753	144.0
121.216525346038	144.0
121.22652588438847	144.0
121.23652642273893	142.0
121.2465269610894	142.0
121.25652749943987	140.0
121.26652803779034	139.0
121.27652857614082	137.0
121.28652911449129	136.0
121.29652965284176	137.0
121.30653019119222	139.0
121.31653072954269	142.0
121.32653126789316	149.0
121.33653180624363	156.0
121.3465323445941	169.0
121.35653288294456	177.0
121.36653342129503	183.0
121.3765339596455	187.0
121.38653449799598	190.0
121.39653503634645	185.0
121.40653557469692	183.0
121.41653611304739	179.0
121.42653665139785	173.0
121.43653718974832	169.0
121.44653772809879	163.0
121.45653826644926	159.0
121.46653880479973	158.0
121.4765393431502	158.0
121.48653988150066	156.0
121.49654041985114	156.0
121.50654095820161	156.0
121.51654149655208	154.0
121.52654203490255	154.0
121.53654257325302	154.0
121.54654311160348	156.0
121.55654364995395	156.0
121.56654418830442	159.0
121.57654472665489	163.0
121.58654526500536	167.0
121.59654580335582	171.0
121.60654634170629	175.0
121.61654688005677	177.0
121.62654741840724	177.0
121.63654795675771	179.0
121.64654849510818	175.0
121.65654903345865	169.0
121.66654957180911	165.0
121.67655011015958	0.0
121.68655064851005	0.0
121.69655118686052	0.0
121.70655172521099	0.0
121.71655226356145	0.0
121.72655280191194	0.0
121.7365533402624	0.0
121.74655387861287	0.0
121.75655441696334	0.0
121.76655495531381	142.0
121.77655549366428	140.0
121.78655603201474	140.0
121.79655657036521	140.0
121.80655710871568	140.0
121.81655764706615	140.0
121.82655818541662	140.0
121.8365587237671	140.0
121.84655926211757	140.0
121.85655980046803	140.0
121.8665603388185	140.0
121.87656087716897	140.0
121.88656141551944	142.0
121.8965619538699	142.0
121.90656249222037	142.0
121.91656303057084	142.0
121.92656356892131	144.0
121.93656410727178	144.0
121.94656464562226	144.0
121.95656518397273	142.0
121.9665657223232	140.0
121.97656626067366	139.0
121.98656679902413	137.0
121.9965673373746	134.0
122.00656787572507	132.0
122.01656841407554	131.0
122.026568952426	132.0
122.03656949077647	134.0
122.04657002912694	137.0
122.05657056747742	139.0
122.06657110582789	140.0
122.07657164417836	140.0
122.08657218252883	140.0
122.0965727208793	140.0
122.10657325922976	140.0
122.11657379758023	140.0
122.1265743359307	140.0
122.13657487428117	140.0
122.14657541263163	142.0
122.1565759509821	142.0
122.16657648933258	144.0
122.17657702768305	144.0
122.18657756603352	144.0
122.19657810438399	142.0
122.20657864273446	140.0
122.21657918108492	139.0
122.22657971943539	136.0
122.23658025778586	131.0
122.24658079613633	126.0
122.2565813344868	122.0
122.26658187283726	119.0
122.27658241118775	118.0
122.28658294953821	117.0
122.29658348788868	117.0
122.30658402623915	117.0
122.31658456458962	118.0
122.32658510294009	117.0
122.33658564129055	117.0
122.34658617964102	117.0
122.35658671799149	117.0
122.36658725634196	115.0
122.37658779469243	115.0
122.38658833304291	113.0
122.39658887139338	0.0
122.40658940974384	0.0
122.41658994809431	0.0
122.42659048644478	0.0
122.43659102479525	0.0
122.44659156314572	0.0
122.45659210149618	0.0
122.46659263984665	139.0
122.47659317819712	137.0
122.48659371654759	137.0
122.49659425489806	137.0
122.50659479324854	139.0
122.516595331599	139.0
122.52659586994947	139.0
122.53659640829994	139.0
122.54659694665041	139.0
122.55659748500088	140.0
122.56659802335135	140.0
122.57659856170181	140.0
122.58659910005228	140.0
122.59659963840275	140.0
122.60660017675322	140.0
122.6166007151037	140.0
122.62660125345417	140.0
122.63660179180464	140.0
122.6466023301551	140.0
122.65660286850557	140.0
122.66660340685604	139.0
122.67660394520651	137.0
122.68660448355698	136.0
122.69660502190744	132.0
122.70660556025791	131.0
122.71660609860838	129.0
122.72660663695886	132.0
122.73660717530933	137.0
122.7466077136598	142.0
122.75660825201027	149.0
122.76660879036073	158.0
122.7766093287112	165.0
122.78660986706167	173.0
122.79661040541214	179.0
122.8066109437626	183.0
122.81661148211307	185.0
122.82661202046354	185.0
122.83661255881402	185.0
122.8466130971645	181.0
122.85661363551496	179.0
122.86661417386543	175.0
122.8766147122159	171.0
122.88661525056636	167.0
122.89661578891683	165.0
122.9066163272673	163.0
122.91661686561777	161.0
122.92661740396824	161.0
122.9366179423187	159.0
122.94661848066919	159.0
122.95661901901966	158.0
122.96661955737012	156.0
122.97662009572059	154.0
122.98662063407106	152.0
122.99662117242153	152.0
123.006621710772	152.0
123.01662224912246	154.0
123.02662278747293	156.0
123.0366233258234	159.0
123.04662386417387	163.0
123.05662440252435	167.0
123.06662494087482	173.0
123.07662547922529	181.0
123.08662601757575	187.0
123.09662655592622	190.0
123.10662709427669	192.0
123.11662763262716	192.0
123.12662817097763	190.0
123.1366287093281	187.0
123.14662924767856	183.0
123.15662978602903	179.0
123.16663032437951	175.0
123.17663086272998	173.0
123.18663140108045	173.0
123.19663193943092	173.0
123.20663247778138	175.0
123.21663301613185	175.0
123.22663355448232	177.0
123.23663409283279	177.0
123.24663463118326	177.0
123.25663516953372	177.0
123.26663570788419	177.0
123.27663624623467	177.0
123.28663678458514	177.0
123.29663732293561	179.0
123.30663786128608	179.0
123.31663839963655	179.0
123.32663893798701	179.0
123.33663947633748	177.0
123.34664001468795	173.0
123.35664055303842	171.0
123.36664109138889	173.0
123.37664162973935	175.0
123.38664216808982	181.0
123.3966427064403	187.0
123.40664324479077	192.0
123.41664378314124	194.0
123.42664432149171	194.0
123.43664485984218	192.0
123.44664539819264	187.0
123.45664593654311	185.0
123.46664647489358	179.0
123.47664701324405	171.0
123.48664755159452	165.0
123.49664808994498	161.0
123.50664862829547	159.0
123.51664916664593	158.0
123.5266497049964	158.0
123.53665024334687	156.0
123.54665078169734	154.0
123.5566513200478	150.0
123.56665185839827	147.0
123.57665239674874	144.0
123.58665293509921	0.0
123.59665347344968	0.0
123.60665401180015	0.0
123.61665455015063	0.0
123.6266550885011	0.0
123.63665562685156	0.0
123.64665616520203	0.0
123.6566567035525	0.0
123.66665724190297	0.0
123.67665778025344	0.0
123.6866583186039	0.0
123.69665885695437	139.0
123.70665939530484	139.0
123.71665993365531	139.0
123.72666047200579	140.0
123.73666101035626	0.0
123.74666154870673	0.0
123.7566620870572	0.0
123.76666262540766	0.0
123.77666316375813	0.0
123.7866637021086	0.0
123.79666424045907	0.0
123.80666477880953	0.0
123.81666531716	0.0
123.82666585551047	0.0
123.83666639386095	0.0
123.84666693221142	0.0
123.85666747056189	0.0
123.86666800891236	187.0
123.87666854726282	187.0
123.88666908561329	185.0
123.89666962396376	183.0
123.90667016231423	179.0
123.9166707006647	177.0
123.92667123901516	173.0
123.93667177736563	171.0
123.94667231571611	169.0
123.95667285406658	169.0
123.96667339241705	171.0
123.97667393076752	173.0
123.98667446911799	177.0
123.99667500746845	179.0
124.00667554581892	179.0
124.01667608416939	181.0
124.02667662251986	181.0
124.03667716087033	181.0
124.0466776992208	179.0
124.05667823757128	177.0
124.06667877592174	173.0
124.07667931427221	167.0
124.08667985262268	161.0
124.09668039097315	152.0
124.10668092932362	147.0
124.11668146767408	0.0
124.12668200602455	0.0
124.13668254437502	0.0
124.14668308272549	0.0
124.15668362107596	0.0
124.16668415942644	0.0
124.1766846977769	0.0
124.18668523612737	226.0
124.19668577447784	226.0
124.20668631282831	220.0
124.21668685117878	215.0
124.22668738952925	210.0
124.23668792787971	208.0
124.24668846623018	206.0
124.25668900458065	206.0
124.26668954293112	206.0
124.27669008128159	208.0
124.28669061963207	208.0
124.29669115798254	210.0
124.306691696333	210.0
124.31669223468347	210.0
124.32669277303394	213.0
124.33669331138441	213.0
124.34669384973488	213.0
124.35669438808534	215.0
124.36669492643581	215.0
124.37669546478628	218.0
124.38669600313675	218.0
124.39669654148723	218.0
124.4066970798377	215.0
124.41669761818817	210.0
124.42669815653863	206.0
124.4366986948891	199.0
124.44669923323957	194.0
124.45669977159004	187.0
124.4667003099405	183.0
124.47670084829097	183.0
124.48670138664144	187.0
124.49670192499191	194.0
124.50670246334239	194.0
124.51670300169286	192.0
124.52670354004333	185.0
124.5367040783938	175.0
124.54670461674426	171.0
124.55670515509473	171.0
124.5667056934452	171.0
124.57670623179567	173.0
124.58670677014614	177.0
124.5967073084966	181.0
124.60670784684707	183.0
124.61670838519755	185.0
124.62670892354802	187.0
124.63670946189849	190.0
124.64671000024896	190.0
124.65671053859943	187.0
124.6667110769499	187.0
124.67671161530036	185.0
124.68671215365083	181.0
124.6967126920013	177.0
124.70671323035177	173.0
124.71671376870223	165.0
124.72671430705272	159.0
124.73671484540318	156.0
124.74671538375365	150.0
124.75671592210412	147.0
124.76671646045459	145.0
124.77671699880506	147.0
124.78671753715552	0.0
124.79671807550599	0.0
124.80671861385646	0.0
124.81671915220693	0.0
124.8267196905574	223.0
124.83672022890788	223.0
124.84672076725835	220.0
124.85672130560881	218.0
124.86672184395928	215.0
124.87672238230975	215.0
124.88672292066022	213.0
124.89672345901069	213.0
124.90672399736115	213.0
124.91672453571162	213.0
124.92672507406209	213.0
124.93672561241256	213.0
124.94672615076304	213.0
124.95672668911351	213.0
124.96672722746398	213.0
124.97672776581445	213.0
124.98672830416491	213.0
124.99672884251538	213.0
125.00672938086585	213.0
125.01672991921632	210.0
125.02673045756679	210.0
125.03673099591725	210.0
125.04673153426772	208.0
125.05673207261819	206.0
125.06673261096867	199.0
125.07673314931914	192.0
125.08673368766961	187.0
125.09673422602008	185.0
125.10673476437054	185.0
125.11673530272101	185.0
125.12673584107148	187.0
125.13673637942195	190.0
125.14673691777242	192.0
125.15673745612288	194.0
125.16673799447335	199.0
125.17673853282383	203.0
125.1867390711743	248.0
125.19673960952477	259.0
125.20674014787524	256.0
125.2167406862257	253.0
125.22674122457617	245.0
125.23674176292664	239.0
125.24674230127711	236.0
125.25674283962758	234.0
125.26674337797805	231.0
125.27674391632851	231.0
125.286744454679	234.0
125.29674499302946	234.0
125.30674553137993	236.0
125.3167460697304	242.0
125.32674660808087	245.0
125.33674714643134	250.0
125.3467476847818	253.0
125.35674822313227	256.0
125.36674876148274	256.0
125.37674929983321	256.0
125.38674983818368	250.0
125.39675037653416	245.0
125.40675091488463	239.0
125.4167514532351	234.0
125.42675199158556	231.0
125.43675252993603	231.0
125.4467530682865	234.0
125.45675360663697	236.0
125.46675414498743	239.0
125.4767546833379	245.0
125.48675522168837	248.0
125.49675576003884	253.0
125.50675629838932	256.0
125.51675683673979	256.0
125.52675737509026	253.0
125.53675791344072	250.0
125.54675845179119	245.0
125.55675899014166	236.0
125.56675952849213	234.0
125.5767600668426	231.0
125.58676060519306	228.0
125.59676114354353	231.0
125.606761681894	234.0
125.61676222024448	239.0
125.62676275859495	245.0
125.63676329694542	248.0
125.64676383529589	250.0
125.65676437364635	253.0
125.66676491199682	250.0
125.67676545034729	248.0
125.68676598869776	239.0
125.69676652704823	234.0
125.7067670653987	226.0
125.71676760374916	220.0
125.72676814209964	220.0
125.73676868045011	223.0
125.74676921880058	231.0
125.75676975715105	242.0
125.76677029550152	253.0
125.77677083385198	265.0
125.78677137220245	278.0
125.79677191055292	294.0
125.80677244890339	298.0
125.81677298725386	298.0
125.82677352560432	0.0
125.8367740639548	0.0
125.84677460230527	0.0
125.85677514065574	0.0
125.86677567900621	0.0
125.87677621735668	0.0
125.88677675570715	0.0
125.89677729405761	0.0
125.90677783240808	0.0
125.91677837075855	0.0
125.92677890910902	0.0
125.93677944745949	0.0
125.94677998580995	0.0
125.95678052416044	0.0
125.9667810625109	236.0
125.97678160086137	236.0
125.98678213921184	236.0
125.99678267756231	236.0
126.00678321591278	236.0
126.01678375426324	236.0
126.02678429261371	236.0
126.03678483096418	236.0
126.04678536931465	236.0
126.05678590766512	236.0
126.0667864460156	236.0
126.07678698436607	236.0
126.08678752271653	236.0
126.096788061067	239.0
126.10678859941747	239.0
126.11678913776794	242.0
126.1267896761184	248.0
126.13679021446887	250.0
126.14679075281934	256.0
126.15679129116981	259.0
126.16679182952028	262.0
126.17679236787076	262.0
126.18679290622123	262.0
126.1967934445717	259.0
126.20679398292216	253.0
126.21679452127263	245.0
126.2267950596231	236.0
126.23679559797357	228.0
126.24679613632404	218.0
126.2567966746745	213.0
126.26679721302497	210.0
126.27679775137544	208.0
126.28679828972592	208.0
126.29679882807639	208.0
126.30679936642686	208.0
126.31679990477733	208.0
126.3268004431278	210.0
126.33680098147826	210.0
126.34680151982873	210.0
126.3568020581792	213.0
126.36680259652967	213.0
126.37680313488013	213.0
126.3868036732306	213.0
126.39680421158108	213.0
126.40680474993155	213.0
126.41680528828202	210.0
126.42680582663249	210.0
126.43680636498296	210.0
126.44680690333342	210.0
126.45680744168389	213.0
126.46680798003436	213.0
126.47680851838483	213.0
126.4868090567353	213.0
126.49680959508576	213.0
126.50681013343625	213.0
126.51681067178671	215.0
126.52681121013718	215.0
126.53681174848765	215.0
126.54681228683812	215.0
126.55681282518859	215.0
126.56681336353905	215.0
126.57681390188952	213.0
126.58681444023999	213.0
126.59681497859046	213.0
126.60681551694093	213.0
126.61681605529141	213.0
126.62681659364188	213.0
126.63681713199234	215.0
126.64681767034281	213.0
126.65681820869328	213.0
126.66681874704375	213.0
126.67681928539422	213.0
126.68681982374468	213.0
126.69682036209515	210.0
126.70682090044562	210.0
126.71682143879609	210.0
126.72682197714656	213.0
126.73682251549704	213.0
126.7468230538475	213.0
126.75682359219797	213.0
126.76682413054844	210.0
126.77682466889891	210.0
126.78682520724938	208.0
126.79682574559985	208.0
126.80682628395031	206.0
126.81682682230078	201.0
126.82682736065125	196.0
126.83682789900172	0.0
126.8468284373522	0.0
126.85682897570267	0.0
126.86682951405314	0.0
126.8768300524036	0.0
126.88683059075407	0.0
126.89683112910454	0.0
126.90683166745501	0.0
126.91683220580548	0.0
126.92683274415594	0.0
126.93683328250641	0.0
126.94683382085688	0.0
126.95683435920736	0.0
126.96683489755783	0.0
126.9768354359083	0.0
126.98683597425877	0.0
126.99683651260924	0.0
127.0068370509597	0.0
127.01683758931017	0.0
127.02683812766064	0.0
127.0368386660111	0.0
127.04683920436158	0.0
127.05683974271204	0.0
127.06684028106253	0.0
127.076840819413	0.0
127.08684135776346	0.0
127.09684189611393	0.0
127.1068424344644	0.0
127.11684297281487	0.0
127.12684351116533	0.0
127.1368440495158	0.0
127.14684458786627	0.0
127.15684512621674	0.0
127.1668456645672	0.0
127.17684620291769	0.0
127.18684674126816	0.0
127.19684727961862	0.0
127.20684781796909	0.0
127.21684835631956	0.0
127.22684889467003	0.0
127.2368494330205	0.0
127.24684997137096	0.0
127.25685050972143	0.0
127.2668510480719	0.0
127.27685158642237	0.0
127.28685212477285	0.0
127.29685266312332	0.0
127.30685320147379	0.0
127.31685373982425	171.0
127.32685427817472	171.0
127.33685481652519	171.0
127.34685535487566	175.0
127.35685589322613	179.0
127.3668564315766	179.0
127.37685696992706	179.0
127.38685750827753	177.0
127.39685804662801	175.0
127.40685858497848	175.0
127.41685912332895	173.0
127.42685966167942	173.0
127.43686020002988	173.0
127.44686073838035	173.0
127.45686127673082	175.0
127.46686181508129	177.0
127.47686235343176	177.0
127.48686289178222	181.0
127.49686343013269	183.0
127.50686396848317	183.0
127.51686450683364	185.0
127.52686504518411	185.0
127.53686558353458	183.0
127.54686612188505	181.0
127.55686666023551	179.0
127.56686719858598	175.0
127.57686773693645	169.0
127.58686827528692	163.0
127.59686881363739	152.0
127.60686935198785	145.0
127.61686989033832	142.0
127.6268704286888	142.0
127.63687096703927	144.0
127.64687150538974	0.0
127.65687204374021	0.0
127.66687258209068	0.0
127.67687312044114	0.0
127.68687365879161	218.0
127.69687419714208	218.0
127.70687473549255	215.0
127.71687527384302	213.0
127.72687581219348	213.0
127.73687635054397	213.0
127.74687688889443	213.0
127.7568774272449	213.0
127.76687796559537	210.0
127.77687850394584	210.0
127.7868790422963	213.0
127.79687958064677	213.0
127.80688011899724	210.0
127.81688065734771	210.0
127.82688119569818	210.0
127.83688173404865	210.0
127.84688227239913	210.0
127.8568828107496	210.0
127.86688334910006	210.0
127.87688388745053	210.0
127.886884425801	210.0
127.89688496415147	210.0
127.90688550250194	210.0
127.9168860408524	208.0
127.92688657920287	208.0
127.93688711755334	206.0
127.94688765590381	201.0
127.95688819425429	192.0
127.96688873260476	187.0
127.97688927095523	187.0
127.9868898093057	190.0
127.99689034765616	190.0
128.00689088600663	192.0
128.0168914243571	194.0
128.02689196270757	284.0
128.03689250105805	294.0
128.0468930394085	294.0
128.05689357775898	294.0
128.06689411610944	294.0
128.07689465445992	291.0
128.08689519281037	288.0
128.09689573116086	284.0
128.1068962695113	281.0
128.1168968078618	278.0
128.12689734621227	272.0
128.13689788456273	265.0
128.1468984229132	262.0
128.15689896126366	253.0
128.16689949961415	248.0
128.1769000379646	242.0
128.18690057631508	236.0
128.19690111466554	236.0
128.20690165301602	234.0
128.21690219136647	234.0
128.22690272971695	234.0
128.23690326806744	234.0
128.2469038064179	234.0
128.25690434476837	234.0
128.26690488311883	239.0
128.2769054214693	242.0
128.28690595981976	248.0
128.29690649817024	256.0
128.3069070365207	259.0
128.31690757487118	262.0
128.32690811322163	265.0
128.33690865157212	265.0
128.3469091899226	265.0
128.35690972827305	0.0
128.36691026662353	206.0
128.376910804974	0.0
128.38691134332447	0.0
128.39691188167492	0.0
128.4069124200254	0.0
128.41691295837586	215.0
128.42691349672634	215.0
128.4369140350768	213.0
128.44691457342728	208.0
128.45691511177776	208.0
128.46691565012821	206.0
128.4769161884787	206.0
128.48691672682915	206.0
128.49691726517963	206.0
128.5069178035301	208.0
128.51691834188057	208.0
128.52691888023102	208.0
128.5369194185815	208.0
128.54691995693196	208.0
128.55692049528244	208.0
128.56692103363292	210.0
128.57692157198338	210.0
128.58692211033386	210.0
128.5969226486843	210.0
128.6069231870348	210.0
128.61692372538525	210.0
128.62692426373573	210.0
128.63692480208618	213.0
128.64692534043667	213.0
128.65692587878712	213.0
128.6669264171376	213.0
128.67692695548809	208.0
128.68692749383854	203.0
128.69692803218902	194.0
128.70692857053947	190.0
128.71692910888996	190.0
128.7269296472404	192.0
128.7369301855909	196.0
128.74693072394135	206.0
128.75693126229183	248.0
128.76693180064228	256.0
128.77693233899276	256.0
128.78693287734325	253.0
128.7969334156937	245.0
128.80693395404418	242.0
128.81693449239464	236.0
128.82693503074512	231.0
128.83693556909557	231.0
128.84693610744606	228.0
128.8569366457965	231.0
128.866937184147	234.0
128.87693772249744	236.0
128.88693826084793	239.0
128.89693879919838	242.0
128.90693933754886	248.0
128.91693987589935	248.0
128.9269404142498	248.0
128.93694095260028	248.0
128.94694149095073	245.0
128.95694202930122	242.0
128.96694256765167	239.0
128.97694310600215	236.0
128.9869436443526	234.0
128.9969441827031	234.0
129.00694472105354	234.0
129.01694525940403	236.0
129.0269457977545	236.0
129.03694633610496	236.0
129.04694687445544	231.0
129.0569474128059	218.0
129.06694795115638	210.0
129.07694848950683	208.0
129.08694902785732	0.0
129.09694956620777	0.0
129.10695010455825	0.0
129.1169506429087	0.0
129.1269511812592	278.0
129.13695171960967	291.0
129.14695225796012	288.0
129.1569527963106	288.0
129.16695333466106	284.0
129.17695387301154	284.0
129.186954411362	284.0
129.19695494971248	284.0
129.20695548806293	284.0
129.2169560264134	284.0
129.22695656476387	284.0
129.23695710311435	284.0
129.24695764146483	284.0
129.25695817981529	284.0
129.26695871816577	284.0
129.27695925651622	284.0
129.2869597948667	284.0
129.29696033321716	284.0
129.30696087156764	284.0
129.3169614099181	284.0
129.32696194826858	284.0
129.33696248661903	284.0
129.3469630249695	284.0
129.35696356332	284.0
129.36696410167045	284.0
129.37696464002093	284.0
129.38696517837138	284.0
129.39696571672187	281.0
129.40696625507232	0.0
129.4169667934228	0.0
129.42696733177326	0.0
129.43696787012374	0.0
129.4469684084742	323.0
129.45696894682467	327.0
129.46696948517516	331.0
129.4769700235256	331.0
129.4869705618761	327.0
129.49697110022655	323.0
129.50697163857703	319.0
129.51697217692748	316.0
129.52697271527796	312.0
129.53697325362842	312.0
129.5469737919789	312.0
129.55697433032935	312.0
129.56697486867984	312.0
129.57697540703032	319.0
129.58697594538077	327.0
129.59697648373125	334.0
129.6069770220817	338.0
129.6169775604322	338.0
129.62697809878264	342.0
129.63697863713313	342.0
129.64697917548358	338.0
129.65697971383406	334.0
129.66698025218452	331.0
129.676980790535	323.0
129.68698132888548	323.0
129.69698186723593	319.0
129.70698240558642	319.0
129.71698294393687	319.0
129.72698348228735	316.0
129.7369840206378	316.0
129.7469845589883	312.0
129.75698509733874	281.0
129.76698563568922	275.0
129.77698617403968	268.0
129.78698671239016	265.0
129.79698725074064	268.0
129.8069877890911	0.0
129.81698832744158	346.0
129.82698886579203	354.0
129.8369894041425	358.0
129.84698994249297	358.0
129.85699048084345	358.0
129.8669910191939	358.0
129.8769915575444	354.0
129.88699209589484	354.0
129.89699263424532	354.0
129.9069931725958	350.0
129.91699371094626	350.0
129.92699424929674	350.0
129.9369947876472	354.0
129.94699532599768	354.0
129.95699586434813	354.0
129.9669964026986	354.0
129.97699694104907	354.0
129.98699747939955	354.0
129.99699801775	350.0
130.00699855610048	346.0
130.01699909445097	342.0
130.02699963280142	327.0
130.0370001711519	0.0
130.04700070950236	0.0
130.05700124785284	0.0
130.0670017862033	0.0
130.07700232455377	0.0
130.08700286290423	0.0
130.0970034012547	0.0
130.10700393960516	0.0
130.11700447795565	0.0
130.12700501630613	0.0
130.13700555465658	0.0
130.14700609300706	0.0
130.15700663135752	0.0
130.167007169708	0.0
130.17700770805845	0.0
130.18700824640894	0.0
130.1970087847594	0.0
130.20700932310987	0.0
130.21700986146033	0.0
130.2270103998108	245.0
130.2370109381613	239.0
130.24701147651174	239.0
130.25701201486223	242.0
130.26701255321268	245.0
130.27701309156316	250.0
130.28701362991362	253.0
130.2970141682641	259.0
130.30701470661455	262.0
130.31701524496503	268.0
130.3270157833155	275.0
130.33701632166597	281.0
130.34701686001645	291.0
130.3570173983669	308.0
130.3670179367174	323.0
130.37701847506784	334.0
130.38701901341832	346.0
130.39701955176878	354.0
130.40702009011926	363.0
130.41702062846971	367.0
130.4270211668202	367.0
130.43702170517065	367.0
130.44702224352113	363.0
130.45702278187161	354.0
130.46702332022207	350.0
130.47702385857255	346.0
130.487024396923	338.0
130.4970249352735	334.0
130.50702547362394	331.0
130.51702601197442	327.0
130.52702655032488	323.0
130.53702708867536	323.0
130.5470276270258	323.0
130.5570281653763	323.0
130.56702870372675	323.0
130.57702924207723	323.0
130.5870297804277	323.0
130.59703031877817	323.0
130.60703085712865	323.0
130.6170313954791	327.0
130.62703193382958	327.0
130.63703247218004	331.0
130.64703301053052	338.0
130.65703354888097	342.0
130.66703408723146	350.0
130.6770346255819	354.0
130.6870351639324	358.0
130.69703570228288	358.0
130.70703624063333	354.0
130.7170367789838	350.0
130.72703731733426	346.0
130.73703785568475	338.0
130.7470383940352	331.0
130.75703893238568	323.0
130.76703947073614	319.0
130.77704000908662	316.0
130.78704054743707	312.0
130.79704108578755	312.0
130.80704162413804	312.0
130.8170421624885	316.0
130.82704270083897	316.0
130.83704323918943	316.0
130.8470437775399	316.0
130.85704431589036	312.0
130.86704485424085	305.0
130.8770453925913	298.0
130.88704593094178	0.0
130.89704646929223	0.0
130.90704700764272	354.0
130.9170475459932	363.0
130.92704808434365	375.0
130.93704862269414	375.0
130.9470491610446	371.0
130.95704969939507	367.0
130.96705023774553	363.0
130.977050776096	354.0
130.98705131444646	350.0
130.99705185279694	342.0
131.0070523911474	334.0
131.01705292949788	327.0
131.02705346784836	323.0
131.03705400619882	316.0
131.0470545445493	312.0
131.05705508289975	312.0
131.06705562125023	308.0
131.0770561596007	308.0
131.08705669795117	312.0
131.09705723630162	316.0
131.1070577746521	319.0
131.11705831300256	327.0
131.12705885135304	334.0
131.13705938970352	346.0
131.14705992805398	354.0
131.15706046640446	358.0
131.1670610047549	363.0
131.1770615431054	367.0
131.18706208145585	371.0
131.19706261980633	367.0
131.20706315815679	367.0
131.21706369650727	363.0
131.22706423485772	354.0
131.2370647732082	350.0
131.24706531155869	346.0
131.25706584990914	346.0
131.26706638825962	350.0
131.27706692661008	354.0
131.28706746496056	363.0
131.297068003311	367.0
131.3070685416615	375.0
131.31706908001195	380.0
131.32706961836243	384.0
131.33707015671288	380.0
131.34707069506337	371.0
131.35707123341385	363.0
131.3670717717643	346.0
131.37707231011478	342.0
131.38707284846524	0.0
131.39707338681572	0.0
131.40707392516617	0.0
131.41707446351666	0.0
131.4270750018671	0.0
131.4370755402176	0.0
131.44707607856805	0.0
131.45707661691853	0.0
131.467077155269	319.0
131.47707769361946	319.0
131.48707823196995	319.0
131.4970787703204	319.0
131.50707930867088	319.0
131.51707984702134	319.0
131.52708038537182	323.0
131.53708092372227	323.0
131.54708146207275	327.0
131.5570820004232	331.0
131.5670825387737	334.0
131.57708307712417	338.0
131.58708361547463	346.0
131.5970841538251	346.0
131.60708469217556	350.0
131.61708523052604	350.0
131.6270857688765	346.0
131.63708630722698	342.0
131.64708684557743	334.0
131.65708738392792	327.0
131.66708792227837	316.0
131.67708846062885	301.0
131.68708899897933	291.0
131.6970895373298	284.0
131.70709007568027	281.0
131.71709061403072	281.0
131.7270911523812	281.0
131.73709169073166	281.0
131.74709222908214	284.0
131.7570927674326	284.0
131.76709330578308	284.0
131.77709384413353	284.0
131.787094382484	284.0
131.7970949208345	284.0
131.80709545918495	284.0
131.81709599753543	284.0
131.8270965358859	281.0
131.83709707423637	281.0
131.84709761258682	281.0
131.8570981509373	281.0
131.86709868928776	281.0
131.87709922763824	281.0
131.8870997659887	281.0
131.89710030433918	281.0
131.90710084268966	281.0
131.9171013810401	281.0
131.9271019193906	278.0
131.93710245774105	268.0
131.94710299609153	265.0
131.95710353444198	262.0
131.96710407279247	265.0
131.97710461114292	268.0
131.9871051494934	272.0
131.99710568784386	278.0
132.00710622619434	281.0
132.01710676454482	284.0
132.02710730289527	284.0
132.03710784124576	284.0
132.0471083795962	284.0
132.0571089179467	284.0
132.06710945629715	284.0
132.07710999464763	284.0
132.08711053299808	284.0
132.09711107134856	288.0
132.10711160969902	288.0
132.1171121480495	288.0
132.12711268639998	288.0
132.13711322475044	288.0
132.14711376310092	288.0
132.15711430145137	288.0
132.16711483980185	288.0
132.1771153781523	284.0
132.1871159165028	284.0
132.19711645485324	281.0
132.20711699320373	278.0
132.21711753155418	281.0
132.22711806990466	288.0
132.23711860825514	301.0
132.2471191466056	316.0
132.25711968495608	334.0
132.26712022330653	354.0
132.27712076165702	367.0
132.28712130000747	375.0
132.29712183835795	375.0
132.3071223767084	363.0
132.3171229150589	354.0
132.32712345340934	346.0
132.33712399175982	346.0
132.34712453011028	346.0
132.35712506846076	334.0
132.36712560681124	327.0
132.3771261451617	323.0
132.38712668351218	319.0
132.39712722186263	316.0
132.40712776021311	312.0
132.41712829856357	312.0
132.42712883691405	316.0
132.4371293752645	323.0
132.447129913615	331.0
132.45713045196544	338.0
132.46713099031592	346.0
132.4771315286664	350.0
132.48713206701686	354.0
132.49713260536734	354.0
132.5071331437178	350.0
132.51713368206828	346.0
132.52713422041873	342.0
132.5371347587692	334.0
132.54713529711967	323.0
132.55713583547015	316.0
132.5671363738206	305.0
132.57713691217108	294.0
132.58713745052157	281.0
132.59713798887202	275.0
132.6071385272225	268.0
132.61713906557296	262.0
132.62713960392344	256.0
132.6371401422739	250.0
132.64714068062437	245.0
132.65714121897483	239.0
132.6671417573253	236.0
132.67714229567576	234.0
132.68714283402625	231.0
132.69714337237673	231.0
132.70714391072718	228.0
132.71714444907767	228.0
132.72714498742812	226.0
132.7371455257786	226.0
132.74714606412905	228.0
132.75714660247954	231.0
132.76714714083	236.0
132.77714767918047	242.0
132.78714821753093	245.0
132.7971487558814	248.0
132.8071492942319	250.0
132.81714983258234	248.0
132.82715037093283	245.0
132.83715090928328	242.0
132.84715144763376	236.0
132.85715198598422	234.0
132.8671525243347	228.0
132.87715306268515	226.0
132.88715360103564	226.0
132.8971541393861	226.0
132.90715467773657	234.0
132.91715521608705	239.0
132.9271557544375	245.0
132.937156292788	248.0
132.94715683113844	248.0
132.95715736948893	245.0
132.96715790783938	239.0
132.97715844618986	234.0
132.98715898454032	228.0
132.9971595228908	223.0
133.00716006124125	213.0
133.01716059959173	203.0
133.02716113794222	196.0
133.03716167629267	194.0
133.04716221464315	196.0
133.0571627529936	0.0
133.0671632913441	0.0
133.07716382969454	0.0
133.08716436804502	0.0
133.09716490639548	0.0
133.10716544474596	291.0
133.1171659830964	291.0
133.1271665214469	278.0
133.13716705979738	284.0
133.14716759814783	284.0
133.1571681364983	288.0
133.16716867484877	288.0
133.17716921319925	288.0
133.1871697515497	288.0
133.19717028990019	288.0
133.20717082825064	288.0
133.21717136660112	288.0
133.22717190495158	284.0
133.23717244330206	284.0
133.24717298165254	284.0
133.257173520003	284.0
133.26717405835348	284.0
133.27717459670393	284.0
133.2871751350544	284.0
133.29717567340487	284.0
133.30717621175535	284.0
133.3171767501058	281.0
133.32717728845628	281.0
133.33717782680674	281.0
133.34717836515722	284.0
133.3571789035077	284.0
133.36717944185816	288.0
133.37717998020864	288.0
133.3871805185591	284.0
133.39718105690957	281.0
133.40718159526003	272.0
133.4171821336105	250.0
133.42718267196096	239.0
133.43718321031145	231.0
133.4471837486619	0.0
133.45718428701238	0.0
133.46718482536286	0.0
133.47718536371332	0.0
133.4871859020638	0.0
133.49718644041425	0.0
133.50718697876474	0.0
133.5171875171152	0.0
133.52718805546567	0.0
133.53718859381613	0.0
133.5471891321666	0.0
133.55718967051706	0.0
133.56719020886754	0.0
133.57719074721803	0.0
133.58719128556848	0.0
133.59719182391896	256.0
133.60719236226942	253.0
133.6171929006199	250.0
133.62719343897035	245.0
133.63719397732083	242.0
133.6471945156713	239.0
133.65719505402177	236.0
133.66719559237222	236.0
133.6771961307227	234.0
133.6871966690732	234.0
133.69719720742364	234.0
133.70719774577412	234.0
133.71719828412458	236.0
133.72719882247506	236.0
133.7371993608255	242.0
133.747199899176	245.0
133.75720043752645	248.0
133.76720097587693	253.0
133.7772015142274	259.0
133.78720205257787	262.0
133.79720259092835	262.0
133.8072031292788	259.0
133.8172036676293	256.0
133.82720420597974	250.0
133.83720474433022	245.0
133.84720528268068	236.0
133.85720582103116	228.0
133.8672063593816	220.0
133.8772068977321	215.0
133.88720743608255	210.0
133.89720797443303	208.0
133.9072085127835	206.0
133.91720905113397	206.0
133.92720958948445	208.0
133.9372101278349	208.0
133.94721066618538	208.0
133.95721120453584	210.0
133.96721174288632	210.0
133.97721228123677	213.0
133.98721281958726	213.0
133.9972133579377	213.0
134.0072138962882	213.0
134.01721443463865	210.0
134.02721497298913	210.0
134.0372155113396	208.0
134.04721604969006	208.0
134.05721658804055	208.0
134.067217126391	206.0
134.07721766474148	206.0
134.08721820309194	196.0
134.09721874144242	192.0
134.10721927979287	190.0
134.11721981814335	190.0
134.1272203564938	192.0
134.1372208948443	196.0
134.14722143319477	206.0
134.15722197154523	248.0
134.1672225098957	253.0
134.17722304824616	253.0
134.18722358659664	248.0
134.1972241249471	239.0
134.20722466329758	234.0
134.21722520164803	228.0
134.22722573999852	226.0
134.23722627834897	226.0
134.24722681669945	226.0
134.25722735504993	231.0
134.2672278934004	236.0
134.27722843175087	242.0
134.28722897010132	248.0
134.2972295084518	250.0
134.30723004680226	250.0
134.31723058515274	250.0
134.3272311235032	250.0
134.33723166185368	248.0
134.34723220020413	242.0
134.35723273855461	239.0
134.3672332769051	236.0
134.37723381525555	234.0
134.38723435360603	231.0
134.3972348919565	231.0
134.40723543030697	226.0
134.41723596865742	220.0
134.4272365070079	213.0
134.43723704535836	208.0
134.44723758370884	0.0
134.4572381220593	0.0
134.46723866040978	0.0
134.47723919876026	0.0
134.4872397371107	0.0
134.4972402754612	0.0
134.50724081381165	284.0
134.51724135216213	284.0
134.52724189051258	284.0
134.53724242886307	284.0
134.54724296721352	281.0
134.557243505564	278.0
134.56724404391446	278.0
134.57724458226494	278.0
134.58724512061542	278.0
134.59724565896587	278.0
134.60724619731636	278.0
134.6172467356668	278.0
134.6272472740173	281.0
134.63724781236775	281.0
134.64724835071823	284.0
134.65724888906868	284.0
134.66724942741916	284.0
134.67724996576962	284.0
134.6872505041201	284.0
134.69725104247058	284.0
134.70725158082104	284.0
134.71725211917152	281.0
134.72725265752197	281.0
134.73725319587246	278.0
134.7472537342229	272.0
134.7572542725734	272.0
134.76725481092384	275.0
134.77725534927433	278.0
134.78725588762478	278.0
134.79725642597526	0.0
134.80725696432575	0.0
134.8172575026762	338.0
134.82725804102668	342.0
134.83725857937713	346.0
134.84725911772762	346.0
134.85725965607807	346.0
134.86726019442855	342.0
134.877260732779	338.0
134.8872612711295	327.0
134.89726180947994	323.0
134.90726234783043	316.0
134.9172628861809	316.0
134.92726342453136	316.0
134.93726396288184	316.0
134.9472645012323	319.0
134.95726503958278	327.0
134.96726557793323	334.0
134.97726611628372	342.0
134.98726665463417	350.0
134.99726719298465	350.0
135.0072677313351	350.0
135.0172682696856	350.0
135.02726880803607	346.0
135.03726934638652	342.0
135.047269884737	334.0
135.05727042308746	331.0
135.06727096143794	327.0
135.0772714997884	323.0
135.08727203813888	316.0
135.09727257648933	312.0
135.1072731148398	308.0
135.11727365319027	284.0
135.12727419154075	275.0
135.13727472989123	272.0
135.14727526824169	275.0
135.15727580659217	278.0
135.16727634494262	284.0
135.1772768832931	288.0
135.18727742164356	298.0
135.19727795999404	331.0
135.2072784983445	363.0
135.21727903669498	375.0
135.22727957504543	380.0
135.2372801133959	375.0
135.2472806517464	371.0
135.25728119009685	363.0
135.26728172844733	358.0
135.27728226679778	354.0
135.28728280514827	354.0
135.29728334349872	350.0
135.3072838818492	350.0
135.31728442019966	350.0
135.32728495855014	354.0
135.3372854969006	358.0
135.34728603525107	363.0
135.35728657360156	367.0
135.367287111952	367.0
135.3772876503025	367.0
135.38728818865295	367.0
135.39728872700343	367.0
135.40728926535388	363.0
135.41728980370436	358.0
135.42729034205482	354.0
135.4372908804053	354.0
135.44729141875575	350.0
135.45729195710624	350.0
135.46729249545672	350.0
135.47729303380717	354.0
135.48729357215765	358.0
135.4972941105081	363.0
135.5072946488586	371.0
135.51729518720904	375.0
135.52729572555953	380.0
135.53729626390998	371.0
135.54729680226046	363.0
135.55729734061092	354.0
135.5672978789614	350.0
135.57729841731188	316.0
135.58729895566233	301.0
135.59729949401282	288.0
135.60730003236327	272.0
135.61730057071375	265.0
135.6273011090642	268.0
135.6373016474147	281.0
135.64730218576514	294.0
135.65730272411562	305.0
135.66730326246608	316.0
135.67730380081656	319.0
135.68730433916704	319.0
135.6973048775175	319.0
135.70730541586798	327.0
135.71730595421843	334.0
135.7273064925689	342.0
135.73730703091937	342.0
135.74730756926985	338.0
135.7573081076203	338.0
135.7673086459708	331.0
135.77730918432124	319.0
135.78730972267172	305.0
135.79731026102218	291.0
135.80731079937266	281.0
135.81731133772314	281.0
135.8273118760736	278.0
135.83731241442408	278.0
135.84731295277453	278.0
135.857313491125	281.0
135.86731402947547	281.0
135.87731456782595	281.0
135.8873151061764	281.0
135.89731564452688	281.0
135.90731618287734	281.0
135.91731672122782	278.0
135.9273172595783	278.0
135.93731779792876	278.0
135.94731833627924	278.0
135.9573188746297	278.0
135.96731941298017	278.0
135.97731995133063	278.0
135.9873204896811	278.0
135.99732102803156	281.0
136.00732156638205	281.0
136.0173221047325	281.0
136.02732264308298	284.0
136.03732318143346	284.0
136.04732371978392	284.0
136.0573242581344	288.0
136.06732479648485	288.0
136.07732533483534	284.0
136.0873258731858	284.0
136.09732641153627	281.0
136.10732694988673	272.0
136.1173274882372	245.0
136.12732802658766	236.0
136.13732856493814	228.0
136.14732910328863	226.0
136.15732964163908	220.0
136.16733017998956	223.0
136.17733071834002	242.0
136.1873312566905	275.0
136.19733179504095	275.0
136.20733233339143	278.0
136.2173328717419	281.0
136.22733341009237	281.0
136.23733394844282	281.0
136.2473344867933	284.0
136.2573350251438	284.0
136.26733556349424	284.0
136.27733610184472	284.0
136.28733664019518	284.0
136.29733717854566	284.0
136.30733771689611	284.0
136.3173382552466	284.0
136.32733879359705	284.0
136.33733933194753	284.0
136.347339870298	284.0
136.35734040864847	284.0
136.36734094699895	284.0
136.3773414853494	284.0
136.3873420236999	281.0
136.39734256205034	278.0
136.40734310040082	275.0
136.41734363875128	268.0
136.42734417710176	256.0
136.4373447154522	234.0
136.4473452538027	223.0
136.45734579215315	218.0
136.46734633050363	218.0
136.4773468688541	218.0
136.48734740720457	220.0
136.49734794555505	228.0
136.5073484839055	236.0
136.51734902225598	248.0
136.52734956060644	268.0
136.53735009895692	281.0
136.54735063730737	294.0
136.55735117565786	298.0
136.5673517140083	298.0
136.5773522523588	298.0
136.58735279070928	253.0
136.59735332905973	239.0
136.6073538674102	226.0
136.61735440576066	213.0
136.62735494411115	206.0
136.6373554824616	199.0
136.64735602081208	0.0
136.65735655916254	0.0
136.66735709751302	0.0
136.67735763586347	0.0
136.68735817421395	0.0
136.69735871256444	236.0
136.7073592509149	239.0
136.71735978926537	242.0
136.72736032761583	239.0
136.7373608659663	236.0
136.74736140431676	234.0
136.75736194266725	234.0
136.7673624810177	234.0
136.77736301936818	234.0
136.78736355771863	236.0
136.79736409606912	239.0
136.8073646344196	242.0
136.81736517277005	245.0
136.82736571112054	250.0
136.837366249471	253.0
136.84736678782147	259.0
136.85736732617193	262.0
136.8673678645224	262.0
136.87736840287286	259.0
136.88736894122334	253.0
136.8973694795738	245.0
136.90737001792428	236.0
136.91737055627476	228.0
136.92737109462522	223.0
136.9373716329757	218.0
136.94737217132615	215.0
136.95737270967663	215.0
136.9673732480271	213.0
136.97737378637757	213.0
136.98737432472802	213.0
136.9973748630785	213.0
137.00737540142896	213.0
137.01737593977944	213.0
137.02737647812992	213.0
137.03737701648038	213.0
137.04737755483086	213.0
137.0573780931813	213.0
137.0673786315318	213.0
137.07737916988225	213.0
137.08737970823273	213.0
137.09738024658319	213.0
137.10738078493367	213.0
137.11738132328412	213.0
137.1273818616346	213.0
137.13738239998509	210.0
137.14738293833554	208.0
137.15738347668602	203.0
137.16738401503648	199.0
137.17738455338696	194.0
137.1873850917374	192.0
137.1973856300879	190.0
137.20738616843835	187.0
137.21738670678883	187.0
137.22738724513928	190.0
137.23738778348977	194.0
137.24738832184025	201.0
137.2573888601907	203.0
137.26738939854118	206.0
137.27738993689164	208.0
137.28739047524212	210.0
137.29739101359257	210.0
137.30739155194306	210.0
137.3173920902935	210.0
137.327392628644	210.0
137.33739316699445	210.0
137.34739370534493	208.0
137.3573942436954	206.0
137.36739478204586	203.0
137.37739532039635	199.0
137.3873958587468	192.0
137.39739639709728	185.0
137.40739693544774	179.0
137.41739747379822	175.0
137.42739801214867	173.0
137.43739855049915	171.0
137.4473990888496	171.0
137.4573996272001	173.0
137.46740016555054	173.0
137.47740070390103	175.0
137.4874012422515	175.0
137.49740178060196	173.0
137.50740231895244	173.0
137.5174028573029	173.0
137.52740339565338	173.0
137.53740393400383	177.0
137.54740447235432	179.0
137.55740501070477	183.0
137.56740554905525	187.0
137.5774060874057	190.0
137.5874066257562	192.0
137.59740716410667	192.0
137.60740770245712	190.0
137.6174082408076	190.0
137.62740877915806	185.0
137.63740931750854	181.0
137.647409855859	177.0
137.65741039420948	169.0
137.66741093255993	165.0
137.6774114709104	161.0
137.68741200926087	159.0
137.69741254761135	158.0
137.70741308596183	158.0
137.7174136243123	158.0
137.72741416266277	158.0
137.73741470101322	158.0
137.7474152393637	158.0
137.75741577771416	158.0
137.76741631606464	159.0
137.7774168544151	159.0
137.78741739276558	163.0
137.79741793111603	165.0
137.8074184694665	169.0
137.817419007817	171.0
137.82741954616745	175.0
137.83742008451793	177.0
137.84742062286838	177.0
137.85742116121887	175.0
137.86742169956932	169.0
137.8774222379198	163.0
137.88742277627026	154.0
137.89742331462074	144.0
137.9074238529712	140.0
137.91742439132167	140.0
137.92742492967216	0.0
137.9374254680226	171.0
137.9474260063731	152.0
137.95742654472355	152.0
137.96742708307403	152.0
137.97742762142448	149.0
137.98742815977496	144.0
137.99742869812542	140.0
138.0074292364759	139.0
138.01742977482635	137.0
138.02743031317684	137.0
138.03743085152732	137.0
138.04743138987777	137.0
138.05743192822825	137.0
138.0674324665787	137.0
138.0774330049292	137.0
138.08743354327964	137.0
138.09743408163013	137.0
138.10743461998058	139.0
138.11743515833106	139.0
138.12743569668152	139.0
138.137436235032	140.0
138.14743677338248	142.0
138.15743731173293	144.0
138.16743785008342	145.0
138.17743838843387	145.0
138.18743892678435	144.0
138.1974394651348	144.0
138.2074400034853	140.0
138.21744054183574	139.0
138.22744108018622	136.0
138.23744161853668	136.0
138.24744215688716	134.0
138.25744269523764	132.0
138.2674432335881	132.0
138.27744377193858	136.0
138.28744431028903	140.0
138.29744484863951	149.0
138.30744538698997	154.0
138.31744592534045	165.0
138.3274464636909	173.0
138.3374470020414	175.0
138.34744754039184	177.0
138.35744807874232	179.0
138.3674486170928	179.0
138.37744915544326	179.0
138.38744969379374	179.0
138.3974502321442	179.0
138.40745077049468	179.0
138.41745130884513	179.0
138.4274518471956	179.0
138.43745238554607	177.0
138.44745292389655	177.0
138.457453462247	175.0
138.46745400059748	173.0
138.47745453894797	169.0
138.48745507729842	165.0
138.4974556156489	161.0
138.50745615399936	159.0
138.51745669234984	159.0
138.5274572307003	158.0
138.53745776905077	158.0
138.54745830740123	158.0
138.5574588457517	159.0
138.56745938410216	161.0
138.57745992245265	163.0
138.58746046080313	165.0
138.59746099915358	165.0
138.60746153750407	165.0
138.61746207585452	165.0
138.627462614205	165.0
138.63746315255545	167.0
138.64746369090594	169.0
138.6574642292564	171.0
138.66746476760687	173.0
138.67746530595733	177.0
138.6874658443078	181.0
138.6974663826583	183.0
138.70746692100874	183.0
138.71746745935923	183.0
138.72746799770968	183.0
138.73746853606016	181.0
138.74746907441062	179.0
138.7574696127611	177.0
138.76747015111155	175.0
138.77747068946204	173.0
138.7874712278125	171.0
138.79747176616297	171.0
138.80747230451345	171.0
138.8174728428639	171.0
138.8274733812144	171.0
138.83747391956484	171.0
138.84747445791533	173.0
138.85747499626578	173.0
138.86747553461626	173.0
138.87747607296672	173.0
138.8874766113172	173.0
138.89747714966765	173.0
138.90747768801813	175.0
138.91747822636862	175.0
138.92747876471907	175.0
138.93747930306955	175.0
138.94747984142	177.0
138.9574803797705	177.0
138.96748091812094	177.0
138.97748145647142	177.0
138.98748199482188	177.0
138.99748253317236	177.0
139.0074830715228	177.0
139.0174836098733	177.0
139.02748414822378	177.0
139.03748468657423	177.0
139.0474852249247	177.0
139.05748576327517	177.0
139.06748630162565	177.0
139.0774868399761	175.0
139.08748737832659	175.0
139.09748791667704	173.0
139.10748845502752	171.0
139.11748899337798	171.0
139.12748953172846	171.0
139.1374900700789	173.0
139.1474906084294	173.0
139.15749114677988	175.0
139.16749168513033	177.0
139.1774922234808	179.0
139.18749276183127	181.0
139.19749330018175	179.0
139.2074938385322	179.0
139.21749437688268	177.0
139.22749491523314	175.0
139.23749545358362	173.0
139.24749599193407	173.0
139.25749653028456	171.0
139.26749706863504	173.0
139.2774976069855	175.0
139.28749814533597	179.0
139.29749868368643	0.0
139.3074992220369	0.0
139.31749976038736	0.0
139.32750029873785	0.0
139.3375008370883	0.0
139.34750137543878	0.0
139.35750191378924	0.0
139.36750245213972	0.0
139.3775029904902	201.0
139.38750352884065	199.0
139.39750406719114	194.0
139.4075046055416	190.0
139.41750514389207	185.0
139.42750568224253	181.0
139.437506220593	177.0
139.44750675894346	175.0
139.45750729729394	171.0
139.4675078356444	169.0
139.47750837399488	169.0
139.48750891234536	169.0
139.49750945069582	173.0
139.5075099890463	175.0
139.51751052739675	177.0
139.52751106574723	179.0
139.5375116040977	181.0
139.54751214244817	183.0
139.55751268079862	185.0
139.5675132191491	185.0
139.57751375749956	183.0
139.58751429585004	181.0
139.59751483420052	179.0
139.60751537255098	175.0
139.61751591090146	169.0
139.6275164492519	165.0
139.6375169876024	163.0
139.64751752595285	161.0
139.65751806430333	159.0
139.6675186026538	159.0
139.67751914100427	159.0
139.68751967935472	159.0
139.6975202177052	159.0
139.7075207560557	158.0
139.71752129440614	158.0
139.72752183275662	158.0
139.73752237110708	159.0
139.74752290945756	159.0
139.757523447808	161.0
139.7675239861585	163.0
139.77752452450895	167.0
139.78752506285943	171.0
139.79752560120988	173.0
139.80752613956037	173.0
139.81752667791085	173.0
139.8275272162613	171.0
139.83752775461178	169.0
139.84752829296224	165.0
139.85752883131272	161.0
139.86752936966317	158.0
139.87752990801366	154.0
139.8875304463641	152.0
139.8975309847146	149.0
139.90753152306505	0.0
139.91753206141553	0.0
139.927532599766	0.0
139.93753313811646	0.0
139.94753367646695	0.0
139.9575342148174	0.0
139.96753475316788	0.0
139.97753529151834	0.0
139.98753582986882	0.0
139.99753636821927	0.0
140.00753690656975	0.0
140.0175374449202	0.0
140.0275379832707	0.0
140.03753852162117	0.0
140.04753905997163	0.0
140.0575395983221	0.0
140.06754013667256	0.0
140.07754067502304	0.0
140.0875412133735	0.0
140.09754175172398	0.0
140.10754229007443	0.0
140.11754282842492	0.0
140.12754336677537	0.0
140.13754390512585	0.0
140.14754444347633	0.0
140.1575449818268	0.0
140.16754552017727	0.0
140.17754605852772	0.0
140.1875465968782	140.0
140.19754713522866	140.0
140.20754767357914	139.0
140.2175482119296	139.0
140.22754875028008	139.0
140.23754928863053	139.0
140.24754982698101	139.0
140.2575503653315	137.0
140.26755090368195	137.0
140.27755144203243	137.0
140.2875519803829	137.0
140.29755251873337	137.0
140.30755305708382	137.0
140.3175535954343	139.0
140.32755413378476	139.0
140.33755467213524	140.0
140.3475552104857	142.0
140.35755574883618	144.0
140.36755628718666	144.0
140.3775568255371	144.0
140.3875573638876	142.0
140.39755790223805	140.0
140.40755844058853	139.0
140.41755897893898	136.0
140.42755951728947	132.0
140.43756005563992	129.0
140.4475605939904	126.0
140.45756113234086	125.0
140.46756167069134	125.0
140.47756220904182	128.0
140.48756274739227	131.0
140.49756328574276	134.0
140.5075638240932	137.0
140.5175643624437	139.0
140.52756490079415	142.0
140.53756543914463	144.0
140.54756597749508	145.0
140.55756651584556	145.0
140.56756705419602	145.0
140.5775675925465	144.0
140.58756813089698	142.0
140.59756866924744	140.0
140.60756920759792	139.0
140.61756974594837	137.0
140.62757028429886	137.0
140.6375708226493	139.0
140.6475713609998	139.0
140.65757189935024	142.0
140.66757243770073	144.0
140.67757297605118	147.0
140.68757351440166	152.0
140.69757405275215	158.0
140.7075745911026	163.0
140.71757512945308	171.0
140.72757566780353	175.0
140.73757620615402	181.0
140.74757674450447	181.0
140.75757728285495	181.0
140.7675778212054	177.0
140.7775783595559	171.0
140.78757889790634	165.0
140.79757943625683	161.0
140.80757997460728	159.0
140.81758051295776	158.0
140.82758105130824	156.0
140.8375815896587	156.0
140.84758212800918	156.0
140.85758266635963	159.0
140.86758320471012	163.0
140.87758374306057	171.0
140.88758428141105	175.0
140.8975848197615	181.0
140.907585358112	185.0
140.91758589646244	187.0
140.92758643481292	187.0
140.9375869731634	185.0
140.94758751151386	181.0
140.95758804986434	177.0
140.9675885882148	171.0
140.97758912656528	165.0
140.98758966491573	159.0
140.9975902032662	156.0
141.00759074161667	154.0
141.01759127996715	152.0
141.0275918183176	154.0
141.03759235666809	158.0
141.04759289501857	161.0
141.05759343336902	165.0
141.0675939717195	173.0
141.07759451006996	177.0
141.08759504842044	183.0
141.0975955867709	187.0
141.10759612512138	190.0
141.11759666347183	192.0
141.1275972018223	192.0
141.13759774017277	190.0
141.14759827852325	185.0
141.15759881687373	181.0
141.16759935522418	177.0
141.17759989357467	173.0
141.18760043192512	171.0
141.1976009702756	169.0
141.20760150862606	171.0
141.21760204697654	173.0
141.227602585327	175.0
141.23760312367747	179.0
141.24760366202793	183.0
141.2576042003784	185.0
141.2676047387289	187.0
141.27760527707935	187.0
141.28760581542983	187.0
141.29760635378028	185.0
141.30760689213076	183.0
141.31760743048122	179.0
141.3276079688317	175.0
141.33760850718215	169.0
141.34760904553264	163.0
141.3576095838831	159.0
141.36761012223357	156.0
141.37761066058405	152.0
141.3876111989345	150.0
141.397611737285	150.0
141.40761227563544	152.0
141.41761281398593	158.0
141.42761335233638	163.0
141.43761389068686	169.0
141.44761442903732	177.0
141.4576149673878	185.0
141.46761550573825	194.0
141.47761604408873	201.0
141.48761658243922	203.0
141.49761712078967	203.0
141.50761765914015	199.0
141.5176181974906	192.0
141.5276187358411	183.0
141.53761927419154	173.0
141.54761981254202	163.0
141.55762035089248	156.0
141.56762088924296	150.0
141.5776214275934	149.0
141.5876219659439	149.0
141.59762250429438	152.0
141.60762304264483	158.0
141.6176235809953	161.0
141.62762411934577	167.0
141.63762465769625	171.0
141.6476251960467	175.0
141.6576257343972	179.0
141.66762627274764	179.0
141.67762681109812	179.0
141.68762734944858	177.0
141.69762788779906	169.0
141.70762842614954	163.0
141.7176289645	154.0
141.72762950285048	147.0
141.73763004120093	142.0
141.7476305795514	139.0
141.75763111790187	139.0
141.76763165625235	139.0
141.7776321946028	140.0
141.78763273295328	142.0
141.79763327130374	144.0
141.80763380965422	144.0
141.8176343480047	144.0
141.82763488635516	144.0
141.83763542470564	142.0
141.8476359630561	142.0
141.85763650140657	142.0
141.86763703975703	142.0
141.8776375781075	142.0
141.88763811645796	144.0
141.89763865480845	144.0
141.9076391931589	144.0
141.91763973150938	144.0
141.92764026985986	144.0
141.93764080821032	144.0
141.9476413465608	142.0
141.95764188491125	142.0
141.96764242326174	140.0
141.9776429616122	139.0
141.98764349996267	139.0
141.99764403831313	140.0
142.0076445766636	144.0
142.01764511501406	154.0
142.02764565336454	163.0
142.03764619171503	175.0
142.04764673006548	181.0
142.05764726841596	190.0
142.06764780676642	196.0
142.0776483451169	201.0
142.08764888346735	203.0
142.09764942181783	201.0
142.1076499601683	196.0
142.11765049851877	185.0
142.12765103686922	171.0
142.1376515752197	163.0
142.1476521135702	154.0
142.15765265192064	152.0
142.16765319027112	154.0
142.17765372862158	161.0
142.18765426697206	167.0
142.19765480532251	175.0
142.207655343673	185.0
142.21765588202345	192.0
142.22765642037393	199.0
142.2376569587244	203.0
142.24765749707487	206.0
142.25765803542535	203.0
142.2676585737758	199.0
142.2776591121263	192.0
142.28765965047674	183.0
142.29766018882722	169.0
142.30766072717768	158.0
142.31766126552816	154.0
142.3276618038786	150.0
142.3376623422291	150.0
142.34766288057955	152.0
142.35766341893003	154.0
142.3676639572805	161.0
142.37766449563097	167.0
142.38766503398145	173.0
142.3976655723319	179.0
142.40766611068238	181.0
142.41766664903284	183.0
142.42766718738332	181.0
142.43766772573377	179.0
142.44766826408426	171.0
142.4576688024347	165.0
142.4676693407852	156.0
142.47766987913568	150.0
142.48767041748613	144.0
142.4976709558366	140.0
142.50767149418706	139.0
142.51767203253755	139.0
142.527672570888	139.0
142.53767310923848	140.0
142.54767364758894	140.0
142.55767418593942	142.0
142.56767472428987	142.0
142.57767526264035	142.0
142.5876758009908	144.0
142.5976763393413	144.0
142.60767687769177	144.0
142.61767741604223	142.0
142.6276779543927	144.0
142.63767849274316	144.0
142.64767903109365	144.0
142.6576795694441	144.0
142.66768010779458	145.0
142.67768064614503	145.0
142.68768118449552	145.0
142.69768172284597	145.0
142.70768226119645	144.0
142.71768279954694	140.0
142.7276833378974	139.0
142.73768387624787	136.0
142.74768441459833	136.0
142.7576849529488	136.0
142.76768549129926	142.0
142.77768602964974	156.0
142.7876865680002	165.0
142.79768710635068	179.0
142.80768764470113	187.0
142.81768818305162	192.0
142.8276887214021	194.0
142.83768925975255	194.0
142.84768979810303	192.0
142.8576903364535	185.0
142.86769087480397	173.0
142.87769141315442	159.0
142.8876919515049	150.0
142.89769248985536	147.0
142.90769302820584	144.0
142.9176935665563	142.0
142.92769410490678	142.0
142.93769464325726	142.0
142.9476951816077	142.0
142.9576957199582	144.0
142.96769625830865	142.0
142.97769679665913	142.0
142.98769733500959	142.0
142.99769787336007	142.0
143.00769841171052	142.0
143.017698950061	140.0
143.02769948841146	139.0
143.03770002676194	137.0
143.04770056511242	136.0
143.05770110346288	131.0
143.06770164181336	119.0
143.0777021801638	111.0
143.0877027185143	107.0
143.09770325686475	105.0
143.10770379521523	104.0
143.11770433356568	105.0
143.12770487191617	110.0
143.13770541026662	122.0
143.1477059486171	134.0
143.15770648696758	142.0
143.16770702531804	150.0
143.17770756366852	158.0
143.18770810201897	159.0
143.19770864036946	159.0
143.2077091787199	152.0
143.2177097170704	144.0
143.22771025542085	139.0
143.23771079377133	119.0
143.24771133212178	115.0
143.25771187047226	109.0
143.26771240882275	106.0
143.2777129471732	105.0
143.28771348552368	105.0
143.29771402387414	107.0
143.30771456222462	113.0
143.31771510057507	115.0
143.32771563892555	121.0
143.337716177276	125.0
143.3477167156265	132.0
143.35771725397694	137.0
143.36771779232743	142.0
143.3777183306779	142.0
143.38771886902836	142.0
143.39771940737884	144.0
143.4077199457293	144.0
143.41772048407978	144.0
143.42772102243023	142.0
143.43772156078072	140.0
143.44772209913117	139.0
143.45772263748165	139.0
143.4677231758321	139.0
143.4777237141826	139.0
143.48772425253307	139.0
143.49772479088352	139.0
143.507725329234	140.0
143.51772586758446	144.0
143.52772640593494	149.0
143.5377269442854	156.0
143.54772748263588	165.0
143.55772802098633	173.0
143.5677285593368	179.0
143.57772909768727	185.0
143.58772963603775	185.0
143.59773017438823	185.0
143.6077307127387	183.0
143.61773125108917	177.0
143.62773178943962	169.0
143.6377323277901	161.0
143.64773286614056	154.0
143.65773340449104	149.0
143.6677339428415	147.0
143.67773448119198	149.0
143.68773501954243	152.0
143.6977355578929	158.0
143.7077360962434	165.0
143.71773663459385	173.0
143.72773717294433	179.0
143.73773771129478	183.0
143.74773824964527	187.0
143.75773878799572	190.0
143.7677393263462	190.0
143.77773986469666	187.0
143.78774040304714	183.0
143.7977409413976	177.0
143.80774147974807	171.0
143.81774201809856	165.0
143.827742556449	161.0
143.8377430947995	161.0
143.84774363314995	165.0
143.85774417150043	173.0
143.86774470985088	181.0
143.87774524820136	187.0
143.88774578655182	201.0
143.8977463249023	215.0
143.90774686325275	228.0
143.91774740160324	236.0
143.92774793995372	236.0
143.93774847830417	228.0
143.94774901665465	223.0
143.9577495550051	218.0
143.9677500933556	210.0
143.97775063170604	201.0
143.98775117005653	185.0
143.99775170840698	175.0
144.00775224675746	169.0
144.01775278510792	167.0
144.0277533234584	169.0
144.03775386180888	173.0
144.04775440015933	177.0
144.05775493850982	183.0
144.06775547686027	190.0
144.07775601521075	194.0
144.0877565535612	201.0
144.0977570919117	206.0
144.10775763026214	208.0
144.11775816861262	208.0
144.12775870696308	203.0
144.13775924531356	196.0
144.14775978366404	187.0
144.1577603220145	179.0
144.16776086036498	169.0
144.17776139871543	163.0
144.18776193706591	159.0
144.19776247541637	159.0
144.20776301376685	159.0
144.2177635521173	159.0
144.2277640904678	163.0
144.23776462881824	165.0
144.24776516716872	169.0
144.25776570551918	173.0
144.26776624386966	177.0
144.27776678222014	179.0
144.2877673205706	179.0
144.29776785892108	177.0
144.30776839727153	173.0
144.317768935622	167.0
144.32776947397247	159.0
144.33777001232295	152.0
144.3477705506734	147.0
144.35777108902388	144.0
144.36777162737434	142.0
144.37777216572482	142.0
144.3877727040753	142.0
144.39777324242576	144.0
144.40777378077624	144.0
144.4177743191267	144.0
144.42777485747717	144.0
144.43777539582763	144.0
144.4477759341781	144.0
144.45777647252856	144.0
144.46777701087905	142.0
144.4777775492295	142.0
144.48777808757998	142.0
144.49777862593047	144.0
144.50777916428092	147.0
144.5177797026314	150.0
144.52778024098185	156.0
144.53778077933234	159.0
144.5477813176828	163.0
144.55778185603327	167.0
144.56778239438373	167.0
144.5777829327342	165.0
144.58778347108466	163.0
144.59778400943514	158.0
144.60778454778563	154.0
144.61778508613608	150.0
144.62778562448656	149.0
144.63778616283702	147.0
144.6477867011875	158.0
144.65778723953795	161.0
144.66778777788844	169.0
144.6777883162389	175.0
144.68778885458937	181.0
144.69778939293982	187.0
144.7077899312903	190.0
144.7177904696408	190.0
144.72779100799124	190.0
144.73779154634173	185.0
144.74779208469218	181.0
144.75779262304266	177.0
144.76779316139312	173.0
144.7777936997436	169.0
144.78779423809405	167.0
144.79779477644453	169.0
144.807795314795	175.0
144.81779585314547	179.0
144.82779639149595	185.0
144.8377969298464	187.0
144.8477974681969	190.0
144.85779800654734	192.0
144.86779854489782	192.0
144.87779908324828	192.0
144.88779962159876	190.0
144.8978001599492	185.0
144.9078006982997	179.0
144.91780123665015	171.0
144.92780177500063	167.0
144.9378023133511	165.0
144.94780285170157	169.0
144.95780339005205	175.0
144.9678039284025	185.0
144.97780446675299	192.0
144.98780500510344	199.0
144.99780554345392	208.0
145.00780608180438	218.0
145.01780662015486	226.0
145.0278071585053	231.0
145.0378076968558	234.0
145.04780823520628	231.0
145.05780877355673	223.0
145.0678093119072	210.0
145.07780985025767	194.0
145.08781038860815	183.0
145.0978109269586	175.0
145.10781146530908	171.0
145.11781200365954	171.0
145.12781254201002	173.0
145.13781308036047	177.0
145.14781361871096	181.0
145.15781415706144	185.0
145.1678146954119	190.0
145.17781523376237	192.0
145.18781577211283	192.0
145.1978163104633	194.0
145.20781684881376	192.0
145.21781738716425	190.0
145.2278179255147	185.0
145.23781846386518	177.0
145.24781900221564	167.0
145.25781954056612	159.0
145.2678200789166	154.0
145.27782061726705	152.0
145.28782115561754	152.0
145.297821693968	158.0
145.30782223231847	163.0
145.31782277066893	171.0
145.3278233090194	179.0
145.33782384736986	185.0
145.34782438572034	192.0
145.3578249240708	199.0
145.36782546242128	203.0
145.37782600077176	206.0
145.38782653912222	203.0
145.3978270774727	199.0
145.40782761582315	190.0
145.41782815417363	181.0
145.4278286925241	171.0
145.43782923087457	163.0
145.44782976922502	158.0
145.4578303075755	156.0
145.46783084592596	154.0
145.47783138427644	156.0
145.48783192262692	159.0
145.49783246097738	161.0
145.50783299932786	165.0
145.5178335376783	167.0
145.5278340760288	171.0
145.53783461437925	173.0
145.54783515272973	175.0
145.5578356910802	175.0
145.56783622943067	173.0
145.57783676778112	169.0
145.5878373061316	163.0
145.5978378444821	156.0
145.60783838283254	150.0
145.61783892118302	145.0
145.62783945953348	144.0
145.63783999788396	144.0
145.6478405362344	144.0
145.6578410745849	144.0
145.66784161293535	144.0
145.67784215128583	142.0
145.68784268963628	140.0
145.69784322798677	139.0
145.70784376633725	136.0
145.7178443046877	134.0
145.72784484303818	0.0
145.73784538138864	0.0
145.74784591973912	0.0
145.75784645808957	0.0
145.76784699644006	140.0
145.7778475347905	140.0
145.787848073141	142.0
145.79784861149145	147.0
145.80784914984193	150.0
145.8178496881924	152.0
145.82785022654286	149.0
145.83785076489335	145.0
145.8478513032438	140.0
145.85785184159428	137.0
145.86785237994474	137.0
145.87785291829522	137.0
145.88785345664567	139.0
145.89785399499615	145.0
145.9078545333466	152.0
145.9178550716971	158.0
145.92785561004757	177.0
145.93785614839803	187.0
145.9478566867485	194.0
145.95785722509896	199.0
145.96785776344944	201.0
145.9778583017999	201.0
145.98785884015038	196.0
145.99785937850083	190.0
146.00785991685132	183.0
146.01786045520177	173.0
146.02786099355225	161.0
146.0378615319027	156.0
146.0478620702532	152.0
146.05786260860367	150.0
146.06786314695412	156.0
146.0778636853046	165.0
146.08786422365506	175.0
146.09786476200554	185.0
146.107865300356	194.0
146.11786583870648	199.0
146.12786637705693	206.0
146.13786691540741	208.0
146.14786745375787	210.0
146.15786799210835	208.0
146.16786853045883	201.0
146.1778690688093	192.0
146.18786960715977	181.0
146.19787014551022	167.0
146.2078706838607	159.0
146.21787122221116	156.0
146.22787176056164	156.0
146.2378722989121	158.0
146.24787283726258	161.0
146.25787337561303	167.0
146.2678739139635	173.0
146.277874452314	179.0
146.28787499066445	183.0
146.29787552901493	185.0
146.30787606736538	187.0
146.31787660571587	187.0
146.32787714406632	183.0
146.3378776824168	177.0
146.34787822076726	167.0
146.35787875911774	159.0
146.3678792974682	149.0
146.37787983581867	144.0
146.38788037416916	139.0
146.3978809125196	139.0
146.4078814508701	139.0
146.41788198922055	142.0
146.42788252757103	147.0
146.43788306592148	154.0
146.44788360427196	165.0
146.45788414262242	179.0
146.4678846809729	190.0
146.47788521932335	194.0
146.48788575767384	196.0
146.49788629602432	199.0
146.50788683437477	196.0
146.51788737272526	192.0
146.5278879110757	183.0
146.5378884494262	165.0
146.54788898777664	154.0
146.55788952612713	149.0
146.56789006447758	144.0
146.57789060282806	142.0
146.58789114117852	142.0
146.597891679529	142.0
146.60789221787948	142.0
146.61789275622994	144.0
146.62789329458042	144.0
146.63789383293087	144.0
146.64789437128135	144.0
146.6578949096318	144.0
146.6678954479823	142.0
146.67789598633274	140.0
146.68789652468323	137.0
146.69789706303368	0.0
146.70789760138416	0.0
146.71789813973464	0.0
146.7278986780851	0.0
146.73789921643558	0.0
146.74789975478603	0.0
146.75790029313652	144.0
146.76790083148697	150.0
146.77790136983745	158.0
146.7879019081879	167.0
146.7979024465384	173.0
146.80790298488884	175.0
146.81790352323932	175.0
146.8279040615898	156.0
146.83790459994026	140.0
146.84790513829074	136.0
146.8579056766412	126.0
146.86790621499168	121.0
146.87790675334213	113.0
146.8879072916926	110.0
146.89790783004307	208.0
146.90790836839355	106.0
146.917908906744	109.0
146.92790944509449	114.0
146.93790998344497	121.0
146.94791052179542	131.0
146.9579110601459	134.0
146.96791159849636	137.0
146.97791213684684	137.0
146.9879126751973	139.0
146.99791321354778	139.0
147.00791375189823	139.0
147.0179142902487	139.0
147.02791482859917	139.0
147.03791536694965	139.0
147.04791590530013	139.0
147.05791644365058	139.0
147.06791698200107	139.0
147.07791752035152	139.0
147.087918058702	139.0
147.09791859705246	137.0
147.10791913540294	137.0
147.1179196737534	139.0
147.12792021210387	140.0
147.13792075045433	145.0
147.1479212888048	152.0
147.1579218271553	159.0
147.16792236550575	169.0
147.17792290385623	179.0
147.18792344220668	183.0
147.19792398055716	183.0
147.20792451890762	185.0
147.2179250572581	181.0
147.22792559560855	177.0
147.23792613395904	169.0
147.2479266723095	163.0
147.25792721065997	156.0
147.26792774901045	152.0
147.2779282873609	150.0
147.2879288257114	150.0
147.29792936406184	156.0
147.30792990241233	163.0
147.31793044076278	169.0
147.32793097911326	175.0
147.33793151746372	179.0
147.3479320558142	179.0
147.35793259416465	177.0
147.36793313251513	175.0
147.37793367086562	171.0
147.38793420921607	165.0
147.39793474756655	0.0
147.407935285917	0.0
147.4179358242675	0.0
147.42793636261794	0.0
147.43793690096842	0.0
147.44793743931888	0.0
147.45793797766936	0.0
147.4679385160198	0.0
147.4779390543703	0.0
147.48793959272078	0.0
147.49794013107123	0.0
147.5079406694217	0.0
147.51794120777217	0.0
147.52794174612265	0.0
147.5379422844731	0.0
147.5479428228236	0.0
147.55794336117404	0.0
147.56794389952452	0.0
147.57794443787498	0.0
147.58794497622546	0.0
147.59794551457594	0.0
147.6079460529264	0.0
147.61794659127688	0.0
147.62794712962733	0.0
147.6379476679778	0.0
147.64794820632827	0.0
147.65794874467875	0.0
147.6679492830292	0.0
147.67794982137968	194.0
147.68795035973014	185.0
147.69795089808062	179.0
147.70795143643107	171.0
147.71795197478156	167.0
147.72795251313204	163.0
147.7379530514825	161.0
147.74795358983297	161.0
147.75795412818343	165.0
147.7679546665339	169.0
147.77795520488436	173.0
147.78795574323485	179.0
147.7979562815853	183.0
147.80795681993578	187.0
147.81795735828624	190.0
147.82795789663672	192.0
147.8379584349872	190.0
147.84795897333765	185.0
147.85795951168814	181.0
147.8679600500386	175.0
147.87796058838907	167.0
147.88796112673953	161.0
147.89796166509	156.0
147.90796220344046	158.0
147.91796274179094	161.0
147.9279632801414	169.0
147.93796381849188	181.0
147.94796435684236	190.0
147.95796489519282	201.0
147.9679654335433	210.0
147.97796597189375	218.0
147.98796651024423	218.0
147.9979670485947	218.0
148.00796758694517	215.0
148.01796812529562	208.0
148.0279686636461	196.0
148.03796920199656	179.0
148.04796974034704	171.0
148.05797027869752	167.0
148.06797081704798	165.0
148.07797135539846	167.0
148.08797189374891	171.0
148.0979724320994	175.0
148.10797297044985	179.0
148.11797350880033	183.0
148.1279740471508	187.0
148.13797458550127	187.0
148.14797512385172	185.0
148.1579756622022	183.0
148.1679762005527	179.0
148.17797673890314	175.0
148.18797727725362	167.0
148.19797781560408	0.0
148.20797835395456	147.0
148.217978892305	140.0
148.2279794306555	139.0
148.23797996900595	0.0
148.24798050735643	0.0
148.25798104570688	196.0
148.26798158405737	206.0
148.27798212240785	213.0
148.2879826607583	215.0
148.29798319910878	218.0
148.30798373745924	220.0
148.31798427580972	223.0
148.32798481416017	220.0
148.33798535251066	220.0
148.3479858908611	218.0
148.3579864292116	215.0
148.36798696756205	213.0
148.37798750591253	213.0
148.387988044263	210.0
148.39798858261346	213.0
148.40798912096395	213.0
148.4179896593144	213.0
148.42799019766488	213.0
148.43799073601534	213.0
148.44799127436582	213.0
148.45799181271627	213.0
148.46799235106675	213.0
148.4779928894172	210.0
148.4879934277677	210.0
148.49799396611817	206.0
148.50799450446863	203.0
148.5179950428191	203.0
148.52799558116956	203.0
148.53799611952005	208.0
148.5479966578705	218.0
148.55799719622098	231.0
148.56799773457143	245.0
148.57799827292192	259.0
148.58799881127237	272.0
148.59799934962285	272.0
148.60799988797334	272.0
148.6180004263238	265.0
148.62800096467427	253.0
148.63800150302473	239.0
148.6480020413752	226.0
148.65800257972566	215.0
148.66800311807614	210.0
148.6780036564266	208.0
148.68800419477708	210.0
148.69800473312753	210.0
148.70800527147802	213.0
148.7180058098285	213.0
148.72800634817895	215.0
148.73800688652943	215.0
148.7480074248799	215.0
148.75800796323037	213.0
148.76800850158082	213.0
148.7780090399313	210.0
148.78800957828176	213.0
148.79801011663224	215.0
148.8080106549827	215.0
148.81801119333318	215.0
148.82801173168366	213.0
148.8380122700341	213.0
148.8480128083846	210.0
148.85801334673505	208.0
148.86801388508553	208.0
148.87801442343599	208.0
148.88801496178647	210.0
148.89801550013692	215.0
148.9080160384874	223.0
148.91801657683786	231.0
148.92801711518834	248.0
148.93801765353882	265.0
148.94801819188928	281.0
148.95801873023976	291.0
148.9680192685902	298.0
148.9780198069407	301.0
148.98802034529115	298.0
148.99802088364163	288.0
149.00802142199208	268.0
149.01802196034257	256.0
149.02802249869302	242.0
149.0380230370435	228.0
149.04802357539398	223.0
149.05802411374444	223.0
149.06802465209492	226.0
149.07802519044537	234.0
149.08802572879586	242.0
149.0980262671463	256.0
149.1080268054968	268.0
149.11802734384725	298.0
149.12802788219773	308.0
149.13802842054818	308.0
149.14802895889866	308.0
149.15802949724915	301.0
149.1680300355996	288.0
149.17803057395008	268.0
149.18803111230054	253.0
149.19803165065102	239.0
149.20803218900147	228.0
149.21803272735195	223.0
149.2280332657024	220.0
149.2380338040529	223.0
149.24803434240334	228.0
149.25803488075383	236.0
149.2680354191043	245.0
149.27803595745476	253.0
149.28803649580524	262.0
149.2980370341557	268.0
149.30803757250618	268.0
149.31803811085663	268.0
149.32803864920712	265.0
149.33803918755757	256.0
149.34803972590805	245.0
149.3580402642585	234.0
149.368040802609	223.0
149.37804134095944	215.0
149.38804187930992	210.0
149.3980424176604	208.0
149.40804295601086	208.0
149.41804349436134	210.0
149.4280440327118	213.0
149.43804457106228	220.0
149.44804510941273	234.0
149.4580456477632	250.0
149.46804618611367	275.0
149.47804672446415	284.0
149.4880472628146	294.0
149.4980478011651	298.0
149.50804833951557	291.0
149.51804887786602	278.0
149.5280494162165	262.0
149.53804995456696	236.0
149.54805049291744	226.0
149.5580510312679	213.0
149.56805156961838	208.0
149.57805210796883	206.0
149.5880526463193	206.0
149.59805318466977	206.0
149.60805372302025	208.0
149.61805426137073	208.0
149.62805479972118	210.0
149.63805533807167	213.0
149.64805587642212	213.0
149.6580564147726	213.0
149.66805695312306	215.0
149.67805749147354	213.0
149.688058029824	213.0
149.69805856817447	213.0
149.70805910652493	206.0
149.7180596448754	201.0
149.7280601832259	190.0
149.73806072157635	175.0
149.74806125992683	163.0
149.75806179827728	161.0
149.76806233662776	161.0
149.77806287497822	165.0
149.7880634133287	171.0
149.79806395167915	179.0
149.80806449002964	187.0
149.8180650283801	196.0
149.82806556673057	208.0
149.83806610508105	220.0
149.8480666434315	228.0
149.858067181782	234.0
149.86806772013244	236.0
149.87806825848293	234.0
149.88806879683338	226.0
149.89806933518386	218.0
149.90806987353432	203.0
149.9180704118848	190.0
149.92807095023525	179.0
149.93807148858573	173.0
149.94807202693622	171.0
149.95807256528667	171.0
149.96807310363715	173.0
149.9780736419876	177.0
149.9880741803381	185.0
149.99807471868854	196.0
150.00807525703902	215.0
150.01807579538948	236.0
150.02807633373996	262.0
150.03807687209041	272.0
150.0480774104409	278.0
150.05807794879138	281.0
150.06807848714183	278.0
150.07807902549231	265.0
150.08807956384277	242.0
150.09808010219325	223.0
150.1080806405437	210.0
150.1180811788942	206.0
150.12808171724464	203.0
150.13808225559512	206.0
150.14808279394558	208.0
150.15808333229606	210.0
150.16808387064654	213.0
150.178084408997	218.0
150.18808494734748	218.0
150.19808548569793	220.0
150.2080860240484	218.0
150.21808656239887	213.0
150.22808710074935	0.0
150.2380876390998	0.0
150.24808817745028	0.0
150.25808871580074	0.0
150.26808925415122	0.0
150.2780897925017	190.0
150.28809033085216	190.0
150.29809086920264	183.0
150.3080914075531	179.0
150.31809194590357	177.0
150.32809248425403	177.0
150.3380930226045	175.0
150.34809356095496	175.0
150.35809409930545	177.0
150.3680946376559	179.0
150.37809517600638	181.0
150.38809571435687	185.0
150.39809625270732	187.0
150.4080967910578	192.0
150.41809732940825	194.0
150.42809786775874	196.0
150.4380984061092	196.0
150.44809894445967	196.0
150.45809948281013	196.0
150.4681000211606	194.0
150.47810055951106	187.0
150.48810109786154	181.0
150.49810163621203	169.0
150.50810217456248	159.0
150.51810271291296	154.0
150.52810325126342	152.0
150.5381037896139	154.0
150.54810432796435	158.0
150.55810486631484	161.0
150.5681054046653	167.0
150.57810594301577	173.0
150.58810648136622	181.0
150.5981070197167	187.0
150.6081075580672	199.0
150.61810809641764	203.0
150.62810863476813	203.0
150.63810917311858	203.0
150.64810971146906	201.0
150.65811024981952	196.0
150.66811078817	187.0
150.67811132652045	175.0
150.68811186487093	163.0
150.6981124032214	159.0
150.70811294157187	156.0
150.71811347992235	152.0
150.7281140182728	152.0
150.7381145566233	154.0
150.74811509497374	158.0
150.75811563332422	165.0
150.76811617167468	173.0
150.77811671002516	181.0
150.7881172483756	196.0
150.7981177867261	203.0
150.80811832507655	210.0
150.81811886342703	218.0
150.8281194017775	220.0
150.83811994012797	223.0
150.84812047847845	220.0
150.8581210168289	215.0
150.86812155517939	208.0
150.87812209352984	199.0
150.88812263188032	187.0
150.89812317023078	183.0
150.90812370858126	179.0
150.9181242469317	179.0
150.9281247852822	177.0
150.93812532363268	177.0
150.94812586198313	179.0
150.9581264003336	179.0
150.96812693868407	179.0
150.97812747703455	181.0
150.988128015385	181.0
150.99812855373548	181.0
151.00812909208594	181.0
151.01812963043642	181.0
151.02813016878687	181.0
151.03813070713736	181.0
151.0481312454878	179.0
151.0581317838383	179.0
151.06813232218877	179.0
151.07813286053923	179.0
151.0881333988897	177.0
151.09813393724016	177.0
151.10813447559065	177.0
151.1181350139411	175.0
151.12813555229158	175.0
151.13813609064204	175.0
151.14813662899252	175.0
151.15813716734297	175.0
151.16813770569345	177.0
151.17813824404394	177.0
151.1881387823944	179.0
151.19813932074487	179.0
151.20813985909533	179.0
151.2181403974458	177.0
151.22814093579626	171.0
151.23814147414674	167.0
151.2481420124972	163.0
151.25814255084768	165.0
151.26814308919813	0.0
151.27814362754862	0.0
151.2881441658991	0.0
151.29814470424955	0.0
151.30814524260003	0.0
151.3181457809505	0.0
151.32814631930097	0.0
151.33814685765142	0.0
151.3481473960019	0.0
151.35814793435236	0.0
151.36814847270284	0.0
151.3781490110533	0.0
151.38814954940378	0.0
151.39815008775426	0.0
151.4081506261047	0.0
151.4181511644552	223.0
151.42815170280565	220.0
151.43815224115613	215.0
151.4481527795066	213.0
151.45815331785707	210.0
151.46815385620752	208.0
151.478154394558	208.0
151.48815493290846	208.0
151.49815547125894	208.0
151.50815600960942	210.0
151.51815654795988	210.0
151.52815708631036	213.0
151.5381576246608	213.0
151.5481581630113	215.0
151.55815870136175	215.0
151.56815923971223	218.0
151.57815977806268	218.0
151.58816031641317	218.0
151.59816085476362	218.0
151.6081613931141	218.0
151.61816193146458	218.0
151.62816246981504	218.0
151.63816300816552	218.0
151.64816354651597	215.0
151.65816408486646	215.0
151.6681646232169	215.0
151.6781651615674	215.0
151.68816569991785	215.0
151.69816623826833	215.0
151.70816677661878	215.0
151.71816731496926	215.0
151.72816785331975	215.0
151.7381683916702	215.0
151.74816893002068	215.0
151.75816946837114	215.0
151.76817000672162	213.0
151.77817054507207	213.0
151.78817108342255	213.0
151.798171621773	210.0
151.8081721601235	206.0
151.81817269847394	201.0
151.82817323682443	0.0
151.8381737751749	0.0
151.84817431352536	0.0
151.85817485187584	0.0
151.8681753902263	0.0
151.87817592857678	0.0
151.88817646692723	0.0
151.89817700527772	0.0
151.90817754362817	0.0
151.91817808197865	0.0
151.9281786203291	0.0
151.9381791586796	0.0
151.94817969703007	0.0
151.95818023538052	0.0
151.968180773731	0.0
151.97818131208146	0.0
151.98818185043194	0.0
151.9981823887824	0.0
152.00818292713288	0.0
152.01818346548333	0.0
152.02818400383381	0.0
152.03818454218427	0.0
152.04818508053475	0.0
152.05818561888523	0.0
152.0681861572357	0.0
152.07818669558617	0.0
152.08818723393662	0.0
152.0981877722871	0.0
152.10818831063756	0.0
152.11818884898804	0.0
152.1281893873385	0.0
152.13818992568898	0.0
152.14819046403943	0.0
152.1581910023899	0.0
152.1681915407404	175.0
152.17819207909085	173.0
152.18819261744133	173.0
152.19819315579178	173.0
152.20819369414227	173.0
152.21819423249272	173.0
152.2281947708432	175.0
152.23819530919366	177.0
152.24819584754414	179.0
152.2581963858946	181.0
152.26819692424507	181.0
152.27819746259556	183.0
152.288198000946	185.0
152.2981985392965	185.0
152.30819907764695	187.0
152.31819961599743	190.0
152.32820015434788	192.0
152.33820069269836	190.0
152.34820123104882	187.0
152.3582017693993	183.0
152.36820230774975	175.0
152.37820284610024	167.0
152.38820338445072	159.0
152.39820392280117	154.0
152.40820446115166	149.0
152.4182049995021	145.0
152.4282055378526	145.0
152.43820607620304	145.0
152.44820661455353	150.0
152.45820715290398	156.0
152.46820769125446	163.0
152.47820822960492	171.0
152.4882087679554	177.0
152.49820930630588	181.0
152.50820984465634	185.0
152.51821038300682	187.0
152.52821092135727	190.0
152.53821145970775	190.0
152.5482119980582	187.0
152.5582125364087	185.0
152.56821307475914	181.0
152.57821361310963	175.0
152.58821415146008	169.0
152.59821468981056	165.0
152.60821522816104	163.0
152.6182157665115	163.0
152.62821630486198	167.0
152.63821684321243	173.0
152.64821738156292	183.0
152.65821791991337	196.0
152.66821845826385	208.0
152.6782189966143	218.0
152.6882195349648	228.0
152.69822007331524	231.0
152.70822061166572	231.0
152.7182211500162	223.0
152.72822168836666	210.0
152.73822222671714	196.0
152.7482227650676	181.0
152.75822330341808	169.0
152.76822384176853	167.0
152.778224380119	167.0
152.78822491846947	171.0
152.79822545681995	177.0
152.8082259951704	185.0
152.81822653352089	194.0
152.82822707187134	199.0
152.83822761022182	203.0
152.8482281485723	208.0
152.85822868692276	210.0
152.86822922527324	210.0
152.8782297636237	208.0
152.88823030197418	203.0
152.89823084032463	194.0
152.9082313786751	177.0
152.91823191702557	171.0
152.92823245537605	169.0
152.9382329937265	0.0
152.94823353207698	0.0
152.95823407042747	0.0
152.96823460877792	236.0
152.9782351471284	248.0
152.98823568547886	248.0
152.99823622382934	245.0
153.0082367621798	245.0
153.01823730053027	242.0
153.02823783888073	239.0
153.0382383772312	236.0
153.04823891558166	234.0
153.05823945393215	234.0
153.06823999228263	231.0
153.07824053063308	231.0
153.08824106898356	234.0
153.09824160733402	234.0
153.1082421456845	236.0
153.11824268403495	239.0
153.12824322238544	242.0
153.1382437607359	245.0
153.14824429908637	245.0
153.15824483743683	245.0
153.1682453757873	239.0
153.1782459141378	231.0
153.18824645248824	220.0
153.19824699083873	210.0
153.20824752918918	203.0
153.21824806753966	201.0
153.22824860589012	201.0
153.2382491442406	206.0
153.24824968259105	218.0
153.25825022094153	234.0
153.268250759292	250.0
153.27825129764247	259.0
153.28825183599295	268.0
153.2982523743434	272.0
153.3082529126939	272.0
153.31825345104434	265.0
153.32825398939482	250.0
153.33825452774528	234.0
153.34825506609576	215.0
153.3582556044462	208.0
153.3682561427967	206.0
153.37825668114715	206.0
153.38825721949763	208.0
153.3982577578481	208.0
153.40825829619857	210.0
153.41825883454905	210.0
153.4282593728995	210.0
153.43825991125	210.0
153.44826044960044	210.0
153.45826098795092	208.0
153.46826152630138	206.0
153.47826206465186	201.0
153.4882626030023	196.0
153.4982631413528	0.0
153.50826367970328	0.0
153.51826421805373	0.0
153.5282647564042	0.0
153.53826529475467	0.0
153.54826583310515	0.0
153.5582663714556	0.0
153.56826690980608	0.0
153.57826744815654	0.0
153.58826798650702	0.0
153.59826852485747	0.0
153.60826906320796	0.0
153.61826960155844	0.0
153.6282701399089	0.0
153.63827067825937	0.0
153.64827121660983	0.0
153.6582717549603	0.0
153.66827229331076	0.0
153.67827283166125	0.0
153.6882733700117	0.0
153.69827390836218	0.0
153.70827444671264	0.0
153.71827498506312	0.0
153.7282755234136	0.0
153.73827606176405	268.0
153.74827660011454	262.0
153.758277138465	256.0
153.76827767681547	248.0
153.77827821516593	242.0
153.7882787535164	236.0
153.79827929186686	231.0
153.80827983021734	228.0
153.8182803685678	228.0
153.82828090691828	228.0
153.83828144526876	231.0
153.84828198361922	236.0
153.8582825219697	242.0
153.86828306032015	250.0
153.87828359867063	256.0
153.8882841370211	262.0
153.89828467537157	265.0
153.90828521372202	265.0
153.9182857520725	262.0
153.92828629042296	256.0
153.93828682877344	250.0
153.94828736712392	242.0
153.95828790547438	234.0
153.96828844382486	226.0
153.97828898217531	223.0
153.9882895205258	223.0
153.99829005887625	223.0
154.00829059722673	231.0
154.0182911355772	239.0
154.02829167392767	250.0
154.03829221227812	259.0
154.0482927506286	275.0
154.0582932889791	284.0
154.06829382732954	294.0
154.07829436568002	301.0
154.08829490403048	308.0
154.09829544238096	308.0
154.1082959807314	301.0
154.1182965190819	291.0
154.12829705743235	278.0
154.13829759578283	265.0
154.14829813413328	248.0
154.15829867248377	234.0
154.16829921083425	228.0
154.1782997491847	223.0
154.18830028753518	223.0
154.19830082588564	226.0
154.20830136423612	231.0
154.21830190258657	242.0
154.22830244093706	253.0
154.2383029792875	265.0
154.248303517638	284.0
154.25830405598845	298.0
154.26830459433893	305.0
154.2783051326894	308.0
154.28830567103986	305.0
154.29830620939035	298.0
154.3083067477408	281.0
154.31830728609128	262.0
154.32830782444174	245.0
154.33830836279222	231.0
154.34830890114267	226.0
154.35830943949315	223.0
154.3683099778436	223.0
154.3783105161941	226.0
154.38831105454457	231.0
154.39831159289503	239.0
154.4083121312455	245.0
154.41831266959596	253.0
154.42831320794645	259.0
154.4383137462969	262.0
154.44831428464738	262.0
154.45831482299783	262.0
154.46831536134832	253.0
154.47831589969877	245.0
154.48831643804925	234.0
154.4983169763997	223.0
154.5083175147502	218.0
154.51831805310067	215.0
154.52831859145113	213.0
154.5383191298016	213.0
154.54831966815206	213.0
154.55832020650254	213.0
154.568320744853	213.0
154.57832128320348	213.0
154.58832182155393	213.0
154.59832235990442	213.0
154.60832289825487	213.0
154.61832343660535	213.0
154.62832397495583	210.0
154.6383245133063	210.0
154.64832505165677	208.0
154.65832559000722	206.0
154.6683261283577	201.0
154.67832666670816	192.0
154.68832720505864	179.0
154.6983277434091	163.0
154.70832828175958	156.0
154.71832882011003	154.0
154.7283293584605	158.0
154.738329896811	165.0
154.74833043516145	175.0
154.75833097351193	181.0
154.76833151186239	190.0
154.77833205021287	201.0
154.78833258856332	210.0
154.7983331269138	218.0
154.80833366526426	226.0
154.81833420361474	226.0
154.8283347419652	223.0
154.83833528031568	215.0
154.84833581866616	208.0
154.8583363570166	194.0
154.8683368953671	183.0
154.87833743371755	177.0
154.88833797206803	175.0
154.89833851041848	175.0
154.90833904876897	177.0
154.91833958711942	183.0
154.9283401254699	194.0
154.93834066382036	206.0
154.94834120217084	218.0
154.95834174052132	236.0
154.96834227887177	253.0
154.97834281722226	265.0
154.9883433555727	272.0
154.9983438939232	272.0
155.00834443227365	265.0
155.01834497062413	253.0
155.02834550897458	239.0
155.03834604732506	226.0
155.04834658567552	218.0
155.058347124026	213.0
155.06834766237648	213.0
155.07834820072694	210.0
155.08834873907742	210.0
155.09834927742787	213.0
155.10834981577835	213.0
155.1183503541288	213.0
155.1283508924793	213.0
155.13835143082974	213.0
155.14835196918023	215.0
155.15835250753068	215.0
155.16835304588116	215.0
155.17835358423164	215.0
155.1883541225821	215.0
155.19835466093258	215.0
155.20835519928303	215.0
155.21835573763352	215.0
155.22835627598397	215.0
155.23835681433445	213.0
155.2483573526849	210.0
155.2583578910354	208.0
155.26835842938584	206.0
155.27835896773632	206.0
155.2883595060868	208.0
155.29836004443726	215.0
155.30836058278774	226.0
155.3183611211382	236.0
155.32836165948868	253.0
155.33836219783913	262.0
155.3483627361896	272.0
155.35836327454007	272.0
155.36836381289055	268.0
155.378364351241	256.0
155.3883648895915	239.0
155.39836542794197	218.0
155.40836596629242	203.0
155.4183665046429	179.0
155.42836704299336	169.0
155.43836758134384	165.0
155.4483681196943	163.0
155.45836865804478	163.0
155.46836919639523	165.0
155.4783697347457	169.0
155.48837027309617	173.0
155.49837081144665	177.0
155.50837134979713	185.0
155.51837188814758	192.0
155.52837242649807	199.0
155.53837296484852	203.0
155.548373503199	206.0
155.55837404154946	206.0
155.56837457989994	203.0
155.5783751182504	196.0
155.58837565660087	187.0
155.59837619495133	177.0
155.6083767333018	169.0
155.6183772716523	163.0
155.62837781000275	163.0
155.63837834835323	165.0
155.64837888670368	173.0
155.65837942505416	179.0
155.66837996340462	194.0
155.6783805017551	213.0
155.68838104010555	228.0
155.69838157845604	265.0
155.7083821168065	294.0
155.71838265515697	305.0
155.72838319350745	308.0
155.7383837318579	301.0
155.7483842702084	275.0
155.75838480855884	253.0
155.76838534690933	231.0
155.77838588525978	215.0
155.78838642361026	210.0
155.79838696196072	208.0
155.8083875003112	208.0
155.81838803866165	208.0
155.82838857701213	210.0
155.83838911536262	213.0
155.84838965371307	213.0
155.85839019206355	215.0
155.868390730414	218.0
155.8783912687645	218.0
155.88839180711494	215.0
155.89839234546542	213.0
155.90839288381588	210.0
155.91839342216636	208.0
155.92839396051681	206.0
155.9383944988673	199.0
155.94839503721778	187.0
155.95839557556823	177.0
155.96839611391871	169.0
155.97839665226917	165.0
155.98839719061965	167.0
155.9983977289701	171.0
156.0083982673206	175.0
156.01839880567104	179.0
156.02839934402152	185.0
156.03839988237198	187.0
156.04840042072246	192.0
156.05840095907294	194.0
156.0684014974234	194.0
156.07840203577388	192.0
156.08840257412433	190.0
156.0984031124748	183.0
156.10840365082527	175.0
156.11840418917575	167.0
156.1284047275262	159.0
156.13840526587668	156.0
156.14840580422714	154.0
156.15840634257762	154.0
156.1684068809281	156.0
156.17840741927856	158.0
156.18840795762904	159.0
156.1984084959795	163.0
156.20840903432997	165.0
156.21840957268043	169.0
156.2284101110309	171.0
156.23841064938136	173.0
156.24841118773185	173.0
156.2584117260823	171.0
156.26841226443278	167.0
156.27841280278324	161.0
156.28841334113372	154.0
156.2984138794842	149.0
156.30841441783465	144.0
156.31841495618514	139.0
156.3284154945356	139.0
156.33841603288607	139.0
156.34841657123653	140.0
156.358417109587	142.0
156.36841764793746	142.0
156.37841818628794	142.0
156.3884187246384	144.0
156.39841926298888	144.0
156.40841980133936	144.0
156.41842033968982	142.0
156.4284208780403	140.0
156.43842141639075	137.0
156.44842195474124	136.0
156.4584224930917	136.0
156.46842303144217	136.0
156.47842356979262	137.0
156.4884241081431	142.0
156.49842464649356	147.0
156.50842518484404	152.0
156.51842572319453	156.0
156.52842626154498	159.0
156.53842679989546	161.0
156.54842733824592	161.0
156.5584278765964	159.0
156.56842841494685	158.0
156.57842895329733	154.0
156.5884294916478	152.0
156.59843002999827	150.0
156.60843056834872	149.0
156.6184311066992	152.0
156.6284316450497	154.0
156.63843218340014	158.0
156.64843272175062	165.0
156.65843326010108	171.0
156.66843379845156	179.0
156.678434336802	181.0
156.6884348751525	183.0
156.69843541350295	185.0
156.70843595185343	185.0
156.71843649020389	185.0
156.72843702855437	183.0
156.73843756690485	179.0
156.7484381052553	175.0
156.75843864360579	173.0
156.76843918195624	173.0
156.77843972030672	173.0
156.78844025865718	175.0
156.79844079700766	175.0
156.8084413353581	177.0
156.8184418737086	177.0
156.82844241205905	177.0
156.83844295040953	177.0
156.84844348876	177.0
156.85844402711047	175.0
156.86844456546095	175.0
156.8784451038114	175.0
156.88844564216188	175.0
156.89844618051234	175.0
156.90844671886282	177.0
156.91844725721327	179.0
156.92844779556376	181.0
156.9384483339142	183.0
156.9484488722647	185.0
156.95844941061517	187.0
156.96844994896563	187.0
156.9784504873161	185.0
156.98845102566656	183.0
156.99845156401705	179.0
157.0084521023675	173.0
157.01845264071798	165.0
157.02845317906844	156.0
157.03845371741892	149.0
157.04845425576937	145.0
157.05845479411985	144.0
157.06845533247034	147.0
157.0784558708208	154.0
157.08845640917127	161.0
157.09845694752173	169.0
157.1084574858722	175.0
157.11845802422266	177.0
157.12845856257314	181.0
157.1384591009236	183.0
157.14845963927408	183.0
157.15846017762453	183.0
157.16846071597502	181.0
157.1784612543255	179.0
157.18846179267595	177.0
157.19846233102643	177.0
157.2084628693769	175.0
157.21846340772737	171.0
157.22846394607782	165.0
157.2384644844283	163.0
157.24846502277876	163.0
157.25846556112924	167.0
157.2684660994797	171.0
157.27846663783018	173.0
157.28846717618066	0.0
157.2984677145311	0.0
157.3084682528816	0.0
157.31846879123205	0.0
157.32846932958253	0.0
157.338469867933	0.0
157.34847040628347	0.0
157.35847094463392	0.0
157.3684714829844	0.0
157.37847202133486	0.0
157.38847255968534	0.0
157.39847309803582	226.0
157.40847363638628	226.0
157.41847417473676	220.0
157.4284747130872	218.0
157.4384752514377	215.0
157.44847578978815	215.0
157.45847632813863	215.0
157.46847686648908	215.0
157.47847740483957	215.0
157.48847794319002	213.0
157.4984784815405	213.0
157.50847901989098	215.0
157.51847955824144	215.0
157.52848009659192	213.0
157.53848063494237	213.0
157.54848117329286	213.0
157.5584817116433	213.0
157.5684822499938	213.0
157.57848278834425	213.0
157.58848332669473	213.0
157.59848386504518	213.0
157.60848440339566	213.0
157.61848494174615	213.0
157.6284854800966	213.0
157.63848601844708	213.0
157.64848655679754	213.0
157.65848709514802	213.0
157.66848763349847	210.0
157.67848817184895	210.0
157.6884887101994	210.0
157.6984892485499	210.0
157.70848978690034	210.0
157.71849032525083	210.0
157.7284908636013	210.0
157.73849140195176	210.0
157.74849194030224	210.0
157.7584924786527	210.0
157.76849301700318	210.0
157.77849355535363	210.0
157.78849409370412	210.0
157.79849463205457	208.0
157.80849517040505	203.0
157.8184957087555	201.0
157.828496247106	0.0
157.83849678545647	0.0
157.84849732380692	0.0
157.8584978621574	0.0
157.86849840050786	0.0
157.87849893885834	0.0
157.8884994772088	0.0
157.89850001555928	0.0
157.90850055390973	0.0
157.91850109226021	0.0
157.92850163061067	0.0
157.93850216896115	0.0
157.9485027073116	0.0
157.9585032456621	0.0
157.96850378401257	0.0
157.97850432236302	0.0
157.9885048607135	0.0
157.99850539906396	0.0
158.00850593741444	0.0
158.0185064757649	0.0
158.02850701411538	0.0
158.03850755246583	0.0
158.0485080908163	0.0
158.05850862916677	0.0
158.06850916751725	0.0
158.07850970586773	0.0
158.08851024421818	0.0
158.09851078256867	0.0
158.10851132091912	0.0
158.1185118592696	0.0
158.12851239762006	0.0
158.13851293597054	177.0
158.148513474321	171.0
158.15851401267147	167.0
158.16851455102193	167.0
158.1785150893724	167.0
158.1885156277229	169.0
158.19851616607335	169.0
158.20851670442383	169.0
158.21851724277428	169.0
158.22851778112476	169.0
158.23851831947522	171.0
158.2485188578257	173.0
158.25851939617615	173.0
158.26851993452664	175.0
158.2785204728771	177.0
158.28852101122757	179.0
158.29852154957806	179.0
158.3085220879285	179.0
158.318522626279	175.0
158.32852316462944	171.0
158.33852370297993	165.0
158.34852424133038	159.0
158.35852477968086	154.0
158.36852531803132	149.0
158.3785258563818	145.0
158.38852639473225	145.0
158.39852693308274	147.0
158.40852747143322	154.0
158.41852800978367	159.0
158.42852854813415	167.0
158.4385290864846	173.0
158.4485296248351	177.0
158.45853016318554	181.0
158.46853070153603	183.0
158.47853123988648	183.0
158.48853177823696	183.0
158.49853231658741	181.0
158.5085328549379	175.0
158.51853339328838	169.0
158.52853393163883	163.0
158.53853446998932	163.0
158.54853500833977	165.0
158.55853554669025	169.0
158.5685360850407	179.0
158.5785366233912	190.0
158.58853716174164	203.0
158.59853770009212	215.0
158.60853823844258	226.0
158.61853877679306	231.0
158.62853931514354	231.0
158.638539853494	223.0
158.64854039184448	210.0
158.65854093019493	190.0
158.6685414685454	175.0
158.67854200689587	154.0
158.68854254524635	149.0
158.6985430835968	149.0
158.70854362194729	154.0
158.71854416029774	169.0
158.72854469864822	187.0
158.7385452369987	194.0
158.74854577534916	199.0
158.75854631369964	203.0
158.7685468520501	208.0
158.77854739040058	210.0
158.78854792875103	210.0
158.7985484671015	210.0
158.80854900545197	210.0
158.81854954380245	210.0
158.8285500821529	208.0
158.83855062050338	208.0
158.84855115885387	203.0
158.85855169720432	194.0
158.8685522355548	187.0
158.87855277390526	187.0
158.88855331225574	187.0
158.8985538506062	190.0
158.90855438895667	196.0
158.91855492730713	250.0
158.9285554656576	250.0
158.93855600400806	248.0
158.94855654235855	245.0
158.95855708070903	242.0
158.96855761905948	239.0
158.97855815740996	236.0
158.98855869576042	234.0
158.9985592341109	231.0
159.00855977246135	228.0
159.01856031081184	228.0
159.0285608491623	231.0
159.03856138751277	236.0
159.04856192586323	239.0
159.0585624642137	245.0
159.0685630025642	248.0
159.07856354091464	250.0
159.08856407926513	250.0
159.09856461761558	248.0
159.10856515596606	245.0
159.11856569431652	239.0
159.128566232667	231.0
159.13856677101745	220.0
159.14856730936793	210.0
159.1585678477184	203.0
159.16856838606887	201.0
159.17856892441935	203.0
159.1885694627698	210.0
159.1985700011203	220.0
159.20857053947074	234.0
159.21857107782122	253.0
159.22857161617168	268.0
159.23857215452216	278.0
159.2485726928726	281.0
159.2585732312231	281.0
159.26857376957355	275.0
159.27857430792403	268.0
159.2885748462745	242.0
159.29857538462497	213.0
159.30857592297545	208.0
159.3185764613259	203.0
159.3285769996764	203.0
159.33857753802684	206.0
159.34857807637732	208.0
159.35857861472778	210.0
159.36857915307826	210.0
159.3785796914287	213.0
159.3885802297792	213.0
159.39858076812968	213.0
159.40858130648013	213.0
159.4185818448306	213.0
159.42858238318107	213.0
159.43858292153155	213.0
159.448583459882	210.0
159.45858399823248	210.0
159.46858453658294	213.0
159.47858507493342	213.0
159.48858561328387	213.0
159.49858615163436	215.0
159.50858668998484	215.0
159.5185872283353	215.0
159.52858776668577	215.0
159.53858830503623	215.0
159.5485888433867	213.0
159.55858938173716	210.0
159.56858992008765	208.0
159.5785904584381	203.0
159.58859099678858	199.0
159.59859153513904	0.0
159.60859207348952	0.0
159.61859261183997	0.0
159.62859315019045	0.0
159.63859368854094	0.0
159.6485942268914	0.0
159.65859476524187	272.0
159.66859530359233	268.0
159.6785958419428	259.0
159.68859638029326	250.0
159.69859691864374	242.0
159.7085974569942	236.0
159.71859799534468	231.0
159.72859853369513	228.0
159.73859907204562	228.0
159.7485996103961	228.0
159.75860014874655	231.0
159.76860068709703	234.0
159.7786012254475	239.0
159.78860176379797	245.0
159.79860230214842	250.0
159.8086028404989	256.0
159.81860337884936	259.0
159.82860391719984	259.0
159.8386044555503	259.0
159.84860499390078	256.0
159.85860553225126	250.0
159.86860607060171	245.0
159.8786066089522	239.0
159.88860714730265	234.0
159.89860768565313	231.0
159.9086082240036	231.0
159.91860876235407	231.0
159.92860930070452	236.0
159.938609839055	245.0
159.94861037740546	256.0
159.95861091575594	272.0
159.96861145410642	281.0
159.97861199245688	291.0
159.98861253080736	298.0
159.9986130691578	305.0
160.0086136075083	305.0
160.01861414585875	305.0
160.02861468420923	308.0
160.03861522255968	301.0
160.04861576091017	268.0
160.05861629926062	248.0
160.0686168376111	236.0
160.07861737596158	228.0
160.08861791431204	226.0
160.09861845266252	226.0
160.10861899101297	228.0
160.11861952936346	234.0
160.1286200677139	239.0
160.1386206060644	245.0
160.14862114441485	253.0
160.15862168276533	259.0
160.16862222111578	265.0
160.17862275946626	268.0
160.18862329781675	268.0
160.1986238361672	265.0
160.20862437451768	259.0
160.21862491286814	250.0
160.22862545121862	239.0
160.23862598956907	228.0
160.24862652791955	215.0
160.25862706627	210.0
160.2686276046205	206.0
160.27862814297094	206.0
160.28862868132143	206.0
160.2986292196719	208.0
160.30862975802236	213.0
160.31863029637285	220.0
160.3286308347233	234.0
160.33863137307378	245.0
160.34863191142423	256.0
160.35863244977472	265.0
160.36863298812517	272.0
160.37863352647565	272.0
160.3886340648261	268.0
160.3986346031766	256.0
160.40863514152707	242.0
160.41863567987753	223.0
160.428636218228	213.0
160.43863675657846	208.0
160.44863729492894	206.0
160.4586378332794	206.0
160.46863837162988	208.0
160.47863890998033	208.0
160.48863944833082	208.0
160.49863998668127	210.0
160.50864052503175	210.0
160.51864106338223	210.0
160.5286416017327	213.0
160.53864214008317	213.0
160.54864267843362	213.0
160.5586432167841	213.0
160.56864375513456	210.0
160.57864429348504	208.0
160.5886448318355	203.0
160.59864537018598	199.0
160.60864590853643	190.0
160.6186464468869	181.0
160.6286469852374	171.0
160.63864752358785	165.0
160.64864806193833	163.0
160.65864860028879	163.0
160.66864913863927	165.0
160.67864967698972	171.0
160.6886502153402	175.0
160.69865075369066	179.0
160.70865129204114	183.0
160.7186518303916	185.0
160.72865236874208	190.0
160.73865290709256	192.0
160.748653445443	192.0
160.7586539837935	192.0
160.76865452214395	192.0
160.77865506049443	190.0
160.78865559884488	185.0
160.79865613719537	179.0
160.80865667554582	175.0
160.8186572138963	173.0
160.82865775224676	173.0
160.83865829059724	177.0
160.84865882894772	183.0
160.85865936729817	192.0
160.86865990564866	201.0
160.8786604439991	213.0
160.8886609823496	228.0
160.89866152070005	253.0
160.90866205905053	262.0
160.91866259740098	272.0
160.92866313575146	272.0
160.93866367410192	268.0
160.9486642124524	259.0
160.95866475080288	242.0
160.96866528915334	223.0
160.97866582750382	213.0
160.98866636585427	208.0
160.99866690420475	206.0
161.0086674425552	206.0
161.0186679809057	208.0
161.02866851925614	210.0
161.03866905760663	213.0
161.04866959595708	213.0
161.05867013430756	213.0
161.06867067265804	213.0
161.0786712110085	213.0
161.08867174935898	213.0
161.09867228770943	213.0
161.10867282605992	213.0
161.11867336441037	213.0
161.12867390276085	213.0
161.1386744411113	213.0
161.1486749794618	213.0
161.15867551781224	213.0
161.16867605616272	210.0
161.1786765945132	210.0
161.18867713286366	210.0
161.19867767121414	213.0
161.2086782095646	220.0
161.21867874791508	231.0
161.22867928626553	239.0
161.238679824616	245.0
161.24868036296647	248.0
161.25868090131695	248.0
161.2686814396674	245.0
161.2786819780179	242.0
161.28868251636834	242.0
161.29868305471882	236.0
161.3086835930693	223.0
161.31868413141976	208.0
161.32868466977024	190.0
161.3386852081207	173.0
161.34868574647118	169.0
161.35868628482163	167.0
161.3686868231721	165.0
161.37868736152257	167.0
161.38868789987305	169.0
161.3986884382235	173.0
161.40868897657398	177.0
161.41868951492447	183.0
161.42869005327492	190.0
161.4386905916254	194.0
161.44869112997586	199.0
161.45869166832634	201.0
161.4686922066768	201.0
161.47869274502727	201.0
161.48869328337773	196.0
161.4986938217282	190.0
161.50869436007866	173.0
161.51869489842915	167.0
161.52869543677963	163.0
161.53869597513008	161.0
161.54869651348056	167.0
161.55869705183102	175.0
161.5686975901815	187.0
161.57869812853195	203.0
161.58869866688244	213.0
161.5986992052329	236.0
161.60869974358337	259.0
161.61870028193383	272.0
161.6287008202843	278.0
161.6387013586348	281.0
161.64870189698524	275.0
161.65870243533573	265.0
161.66870297368618	248.0
161.67870351203666	223.0
161.68870405038712	213.0
161.6987045887376	210.0
161.70870512708805	208.0
161.71870566543853	208.0
161.728706203789	208.0
161.73870674213947	210.0
161.74870728048995	213.0
161.7587078188404	215.0
161.7687083571909	218.0
161.77870889554134	218.0
161.78870943389182	218.0
161.79870997224228	215.0
161.80871051059276	210.0
161.81871104894321	203.0
161.8287115872937	194.0
161.83871212564415	181.0
161.84871266399463	171.0
161.85871320234511	167.0
161.86871374069557	165.0
161.87871427904605	165.0
161.8887148173965	167.0
161.898715355747	171.0
161.90871589409744	175.0
161.91871643244792	179.0
161.92871697079838	183.0
161.93871750914886	187.0
161.9487180474993	192.0
161.9587185858498	194.0
161.96871912420028	196.0
161.97871966255073	196.0
161.9887202009012	192.0
161.99872073925167	185.0
162.00872127760215	179.0
162.0187218159526	169.0
162.02872235430308	161.0
162.03872289265354	154.0
162.04872343100402	150.0
162.05872396935447	149.0
162.06872450770496	150.0
162.07872504605544	152.0
162.0887255844059	158.0
162.09872612275637	163.0
162.10872666110683	169.0
162.1187271994573	175.0
162.12872773780776	179.0
162.13872827615825	181.0
162.1487288145087	181.0
162.15872935285918	179.0
162.16872989120964	173.0
162.17873042956012	167.0
162.1887309679106	159.0
162.19873150626105	150.0
162.20873204461154	145.0
162.218732582962	140.0
162.22873312131247	140.0
162.23873365966293	140.0
162.2487341980134	142.0
162.25873473636386	144.0
162.26873527471434	145.0
162.2787358130648	145.0
162.28873635141528	147.0
162.29873688976576	145.0
162.30873742811622	145.0
162.3187379664667	144.0
162.32873850481715	142.0
162.33873904316764	139.0
162.3487395815181	137.0
162.35874011986857	137.0
162.36874065821902	137.0
162.3787411965695	139.0
162.38874173491996	144.0
162.39874227327044	147.0
162.40874281162093	152.0
162.41874334997138	156.0
162.42874388832186	159.0
162.43874442667232	161.0
162.4487449650228	161.0
162.45874550337325	161.0
162.46874604172373	161.0
162.4787465800742	158.0
162.48874711842467	156.0
162.49874765677512	152.0
162.5087481951256	150.0
162.5187487334761	150.0
162.52874927182654	156.0
162.53874981017702	161.0
162.54875034852748	169.0
162.55875088687796	173.0
162.5687514252284	175.0
162.5787519635789	177.0
162.58875250192935	177.0
162.59875304027983	179.0
162.60875357863029	179.0
162.61875411698077	181.0
162.62875465533125	181.0
162.6387551936817	179.0
162.64875573203219	179.0
162.65875627038264	179.0
162.66875680873312	181.0
162.67875734708358	181.0
162.68875788543406	183.0
162.6987584237845	185.0
162.708758962135	185.0
162.71875950048545	185.0
162.72876003883593	181.0
162.7387605771864	175.0
162.74876111553687	165.0
162.75876165388735	158.0
162.7687621922378	150.0
162.77876273058828	145.0
162.78876326893874	142.0
162.79876380728922	142.0
162.80876434563967	147.0
162.81876488399016	154.0
162.8287654223406	161.0
162.8387659606911	167.0
162.84876649904157	175.0
162.85876703739203	181.0
162.8687675757425	185.0
162.87876811409296	187.0
162.88876865244345	190.0
162.8987691907939	190.0
162.90876972914438	190.0
162.91877026749484	185.0
162.92877080584532	183.0
162.93877134419577	179.0
162.94877188254625	175.0
162.95877242089674	175.0
162.9687729592472	175.0
162.97877349759767	177.0
162.98877403594813	181.0
162.9987745742986	185.0
163.00877511264906	194.0
163.01877565099954	199.0
163.02877618935	206.0
163.03877672770048	210.0
163.04877726605093	213.0
163.05877780440142	215.0
163.06877834275187	213.0
163.07877888110235	210.0
163.08877941945283	203.0
163.0987799578033	196.0
163.10878049615377	185.0
163.11878103450422	173.0
163.1287815728547	167.0
163.13878211120516	167.0
163.14878264955564	169.0
163.1587831879061	175.0
163.16878372625658	181.0
163.17878426460703	190.0
163.1887848029575	196.0
163.198785341308	203.0
163.20878587965845	210.0
163.21878641800893	215.0
163.2287869563594	220.0
163.23878749470987	220.0
163.24878803306032	220.0
163.2587885714108	218.0
163.26878910976126	215.0
163.27878964811174	213.0
163.2887901864622	210.0
163.29879072481268	208.0
163.30879126316316	208.0
163.3187918015136	208.0
163.3287923398641	213.0
163.33879287821455	215.0
163.34879341656503	226.0
163.35879395491548	234.0
163.36879449326597	245.0
163.37879503161642	250.0
163.3887955699669	256.0
163.39879610831736	253.0
163.40879664666784	248.0
163.41879718501832	239.0
163.42879772336877	228.0
163.43879826171926	215.0
163.4487988000697	208.0
163.4587993384202	206.0
163.46879987677065	206.0
163.47880041512113	206.0
163.48880095347158	210.0
163.49880149182206	213.0
163.50880203017252	215.0
163.518802568523	215.0
163.52880310687348	215.0
163.53880364522394	215.0
163.54880418357442	213.0
163.55880472192487	210.0
163.56880526027535	206.0
163.5788057986258	203.0
163.5888063369763	203.0
163.59880687532674	206.0
163.60880741367723	210.0
163.61880795202768	218.0
163.62880849037816	228.0
163.63880902872864	239.0
163.6488095670791	245.0
163.65881010542958	248.0
163.66881064378003	245.0
163.67881118213052	242.0
163.68881172048097	236.0
163.69881225883145	234.0
163.7088127971819	228.0
163.7188133355324	226.0
163.72881387388284	228.0
163.73881441223332	231.0
163.7488149505838	236.0
163.75881548893426	239.0
163.76881602728474	245.0
163.7788165656352	248.0
163.78881710398568	248.0
163.79881764233613	245.0
163.80881818068661	242.0
163.81881871903707	239.0
163.82881925738755	234.0
163.838819795738	231.0
163.8488203340885	228.0
163.85882087243897	231.0
163.86882141078942	236.0
163.8788219491399	242.0
163.88882248749036	250.0
163.89882302584084	259.0
163.9088235641913	272.0
163.91882410254178	281.0
163.92882464089223	288.0
163.9388251792427	288.0
163.94882571759317	288.0
163.95882625594365	281.0
163.96882679429413	272.0
163.97882733264458	262.0
163.98882787099507	245.0
163.99882840934552	236.0
164.008828947696	234.0
164.01882948604646	234.0
164.02883002439694	236.0
164.0388305627474	239.0
164.04883110109787	239.0
164.05883163944833	242.0
164.0688321777988	242.0
164.0788327161493	242.0
164.08883325449975	242.0
164.09883379285023	242.0
164.10883433120068	242.0
164.11883486955116	239.0
164.12883540790162	236.0
164.1388359462521	223.0
164.14883648460255	213.0
164.15883702295304	213.0
164.1688375613035	213.0
164.17883809965397	213.0
164.18883863800446	215.0
164.1988391763549	226.0
164.2088397147054	265.0
164.21884025305584	284.0
164.22884079140633	288.0
164.23884132975678	288.0
164.24884186810726	284.0
164.25884240645772	284.0
164.2688429448082	284.0
164.27884348315865	284.0
164.28884402150914	281.0
164.29884455985962	281.0
164.30884509821007	281.0
164.31884563656055	281.0
164.328846174911	281.0
164.3388467132615	281.0
164.34884725161194	281.0
164.35884778996243	281.0
164.36884832831288	278.0
164.37884886666336	278.0
164.38884940501381	278.0
164.3988499433643	278.0
164.40885048171478	278.0
164.41885102006523	275.0
164.42885155841572	275.0
164.43885209676617	275.0
164.44885263511665	278.0
164.4588531734671	288.0
164.4688537118176	305.0
164.47885425016804	316.0
164.48885478851852	327.0
164.49885532686898	346.0
164.50885586521946	375.0
164.51885640356994	375.0
164.5288569419204	367.0
164.53885748027088	350.0
164.54885801862133	327.0
164.5588585569718	308.0
164.56885909532227	298.0
164.57885963367275	291.0
164.5888601720232	288.0
164.59886071037369	288.0
164.60886124872414	284.0
164.61886178707462	288.0
164.6288623254251	288.0
164.63886286377556	288.0
164.64886340212604	288.0
164.6588639404765	281.0
164.66886447882698	272.0
164.67886501717743	0.0
164.6888655555279	0.0
164.69886609387837	0.0
164.70886663222885	0.0
164.7188671705793	0.0
164.72886770892978	0.0
164.73886824728024	0.0
164.74886878563072	0.0
164.7588693239812	250.0
164.76886986233166	248.0
164.77887040068214	245.0
164.7888709390326	245.0
164.79887147738307	245.0
164.80887201573353	245.0
164.818872554084	248.0
164.82887309243446	253.0
164.83887363078495	262.0
164.8488741691354	275.0
164.85887470748588	288.0
164.86887524583636	316.0
164.87887578418682	334.0
164.8888763225373	358.0
164.89887686088775	375.0
164.90887739923824	384.0
164.9188779375887	384.0
164.92887847593917	384.0
164.93887901428963	371.0
164.9488795526401	358.0
164.95888009099056	346.0
164.96888062934104	334.0
164.97888116769153	323.0
164.98888170604198	316.0
164.99888224439246	312.0
165.00888278274292	308.0
165.0188833210934	312.0
165.02888385944385	323.0
165.03888439779433	334.0
165.0488849361448	350.0
165.05888547449527	367.0
165.06888601284572	393.0
165.0788865511962	412.0
165.0888870895467	417.0
165.09888762789714	412.0
165.10888816624762	407.0
165.11888870459808	354.0
165.12888924294856	367.0
165.138889781299	346.0
165.1488903196495	334.0
165.15889085799995	323.0
165.16889139635043	316.0
165.17889193470089	316.0
165.18889247305137	319.0
165.19889301140185	327.0
165.2088935497523	334.0
165.2188940881028	342.0
165.22889462645324	346.0
165.23889516480372	350.0
165.24889570315418	354.0
165.25889624150466	354.0
165.2688967798551	354.0
165.2788973182056	291.0
165.28889785655605	288.0
165.29889839490653	284.0
165.308898933257	284.0
165.31889947160747	288.0
165.32890000995795	298.0
165.3389005483084	301.0
165.34890108665888	294.0
165.35890162500934	288.0
165.36890216335982	284.0
165.37890270171027	284.0
165.38890324006076	284.0
165.3989037784112	284.0
165.4089043167617	284.0
165.41890485511217	281.0
165.42890539346263	281.0
165.4389059318131	281.0
165.44890647016356	281.0
165.45890700851405	278.0
165.4689075468645	278.0
165.47890808521498	275.0
165.48890862356544	272.0
165.49890916191592	268.0
165.50890970026637	262.0
165.51891023861685	256.0
165.52891077696734	245.0
165.5389113153178	231.0
165.54891185366827	226.0
165.55891239201873	223.0
165.5689129303692	223.0
165.57891346871966	223.0
165.58891400707014	228.0
165.5989145454206	236.0
165.60891508377108	242.0
165.61891562212153	248.0
165.62891616047202	250.0
165.6389166988225	253.0
165.64891723717295	256.0
165.65891777552343	256.0
165.6689183138739	253.0
165.67891885222437	248.0
165.68891939057482	242.0
165.6989199289253	234.0
165.70892046727576	228.0
165.71892100562624	223.0
165.7289215439767	223.0
165.73892208232718	226.0
165.74892262067766	231.0
165.75892315902811	239.0
165.7689236973786	248.0
165.77892423572905	256.0
165.78892477407953	265.0
165.79892531243	278.0
165.80892585078047	291.0
165.81892638913092	298.0
165.8289269274814	301.0
165.83892746583186	305.0
165.84892800418234	301.0
165.85892854253282	298.0
165.86892908088328	288.0
165.87892961923376	281.0
165.8889301575842	278.0
165.8989306959347	275.0
165.90893123428515	275.0
165.91893177263563	278.0
165.92893231098608	288.0
165.93893284933657	305.0
165.94893338768702	331.0
165.9589339260375	346.0
165.96893446438798	358.0
165.97893500273844	402.0
165.98893554108892	407.0
165.99893607943937	407.0
166.00893661778986	363.0
166.0189371561403	350.0
166.0289376944908	342.0
166.03893823284125	327.0
166.04893877119173	319.0
166.05893930954218	316.0
166.06893984789266	312.0
166.07894038624315	308.0
166.0889409245936	308.0
166.09894146294408	308.0
166.10894200129454	312.0
166.11894253964502	319.0
166.12894307799547	327.0
166.13894361634595	338.0
166.1489441546964	346.0
166.1589446930469	350.0
166.16894523139734	354.0
166.17894576974783	354.0
166.1889463080983	350.0
166.19894684644876	342.0
166.20894738479925	327.0
166.2189479231497	316.0
166.22894846150018	298.0
166.23894899985063	288.0
166.24894953820112	281.0
166.25895007655157	281.0
166.26895061490205	281.0
166.2789511532525	281.0
166.288951691603	281.0
166.29895222995347	281.0
166.30895276830393	281.0
166.3189533066544	281.0
166.32895384500486	281.0
166.33895438335534	278.0
166.3489549217058	278.0
166.35895546005628	272.0
166.36895599840673	272.0
166.37895653675722	268.0
166.38895707510767	265.0
166.39895761345815	262.0
166.40895815180863	262.0
166.4189586901591	245.0
166.42895922850957	239.0
166.43895976686002	228.0
166.4489603052105	226.0
166.45896084356096	226.0
166.46896138191144	231.0
166.4789619202619	239.0
166.48896245861238	245.0
166.49896299696283	250.0
166.5089635353133	256.0
166.51896407366377	259.0
166.52896461201425	262.0
166.53896515036473	259.0
166.54896568871519	253.0
166.55896622706567	245.0
166.56896676541612	231.0
166.5789673037666	223.0
166.58896784211706	218.0
166.59896838046754	215.0
166.608968918818	215.0
166.61896945716848	218.0
166.62896999551893	218.0
166.6389705338694	220.0
166.6489710722199	223.0
166.65897161057035	223.0
166.66897214892083	220.0
166.67897268727128	218.0
166.68897322562177	215.0
166.69897376397222	213.0
166.7089743023227	213.0
166.71897484067316	210.0
166.72897537902364	210.0
166.7389759173741	213.0
166.74897645572457	220.0
166.75897699407506	226.0
166.7689775324255	234.0
166.778978070776	242.0
166.78897860912645	248.0
166.79897914747693	250.0
166.80897968582738	250.0
166.81898022417786	248.0
166.82898076252832	239.0
166.8389813008788	234.0
166.84898183922925	220.0
166.85898237757974	208.0
166.86898291593022	0.0
166.87898345428067	0.0
166.88898399263115	0.0
166.8989845309816	0.0
166.9089850693321	0.0
166.91898560768254	0.0
166.92898614603303	0.0
166.93898668438348	0.0
166.94898722273396	0.0
166.95898776108442	0.0
166.9689882994349	0.0
166.97898883778538	0.0
166.98898937613583	0.0
166.99898991448632	0.0
167.00899045283677	0.0
167.01899099118725	0.0
167.0289915295377	0.0
167.0389920678882	0.0
167.04899260623864	0.0
167.05899314458912	0.0
167.06899368293958	0.0
167.07899422129006	0.0
167.08899475964054	0.0
167.098995297991	0.0
167.10899583634148	0.0
167.11899637469193	0.0
167.1289969130424	0.0
167.13899745139287	0.0
167.14899798974335	0.0
167.1589985280938	0.0
167.1689990664443	0.0
167.17899960479474	248.0
167.18900014314522	242.0
167.1990006814957	234.0
167.20900121984616	226.0
167.21900175819664	220.0
167.2290022965471	218.0
167.23900283489758	215.0
167.24900337324803	215.0
167.2590039115985	220.0
167.26900444994897	231.0
167.27900498829945	245.0
167.2890055266499	262.0
167.29900606500038	291.0
167.30900660335087	305.0
167.31900714170132	312.0
167.3290076800518	316.0
167.33900821840226	312.0
167.34900875675274	305.0
167.3590092951032	294.0
167.36900983345367	272.0
167.37901037180413	245.0
167.3890109101546	231.0
167.39901144850506	218.0
167.40901198685555	213.0
167.41901252520603	213.0
167.42901306355648	215.0
167.43901360190696	220.0
167.44901414025742	228.0
167.4590146786079	236.0
167.46901521695835	245.0
167.47901575530884	253.0
167.4890162936593	256.0
167.49901683200977	253.0
167.50901737036023	248.0
167.5190179087107	239.0
167.5290184470612	226.0
167.53901898541164	218.0
167.54901952376213	206.0
167.55902006211258	201.0
167.56902060046306	199.0
167.57902113881352	196.0
167.589021677164	196.0
167.59902221551445	199.0
167.60902275386493	199.0
167.6190232922154	201.0
167.62902383056587	201.0
167.63902436891635	203.0
167.6490249072668	206.0
167.6590254456173	208.0
167.66902598396774	210.0
167.67902652231822	210.0
167.68902706066868	208.0
167.69902759901916	206.0
167.70902813736961	206.0
167.7190286757201	201.0
167.72902921407055	194.0
167.73902975242103	183.0
167.74903029077151	173.0
167.75903082912197	167.0
167.76903136747245	165.0
167.7790319058229	165.0
167.7890324441734	169.0
167.79903298252384	173.0
167.80903352087432	177.0
167.81903405922478	181.0
167.82903459757526	185.0
167.8390351359257	190.0
167.8490356742762	190.0
167.85903621262668	187.0
167.86903675097713	185.0
167.8790372893276	179.0
167.88903782767807	175.0
167.89903836602855	167.0
167.909038904379	161.0
167.91903944272948	158.0
167.92903998107994	154.0
167.93904051943042	154.0
167.94904105778087	154.0
167.95904159613136	154.0
167.96904213448184	156.0
167.9790426728323	158.0
167.98904321118277	161.0
167.99904374953323	165.0
168.0090442878837	167.0
168.01904482623416	171.0
168.02904536458465	171.0
168.0390459029351	171.0
168.04904644128558	169.0
168.05904697963604	165.0
168.06904751798652	161.0
168.079048056337	154.0
168.08904859468745	149.0
168.09904913303794	144.0
168.1090496713884	140.0
168.11905020973887	139.0
168.12905074808933	139.0
168.1390512864398	140.0
168.14905182479026	142.0
168.15905236314075	144.0
168.1690529014912	144.0
168.17905343984168	144.0
168.18905397819213	144.0
168.19905451654262	142.0
168.2090550548931	140.0
168.21905559324355	137.0
168.22905613159404	137.0
168.2390566699445	137.0
168.24905720829497	139.0
168.25905774664542	142.0
168.2690582849959	147.0
168.27905882334636	150.0
168.28905936169684	156.0
168.2990599000473	158.0
168.30906043839778	159.0
168.31906097674826	159.0
168.32906151509872	159.0
168.3390620534492	158.0
168.34906259179965	158.0
168.35906313015013	154.0
168.3690636685006	152.0
168.37906420685107	150.0
168.38906474520152	150.0
168.399065283552	152.0
168.40906582190246	158.0
168.41906636025294	161.0
168.42906689860342	167.0
168.43906743695388	171.0
168.44906797530436	173.0
168.4590685136548	175.0
168.4690690520053	175.0
168.47906959035575	175.0
168.48907012870623	173.0
168.49907066705669	173.0
168.50907120540717	171.0
168.51907174375762	171.0
168.5290722821081	171.0
168.53907282045859	171.0
168.54907335880904	173.0
168.55907389715952	175.0
168.56907443550998	179.0
168.57907497386046	181.0
168.5890755122109	181.0
168.5990760505614	181.0
168.60907658891185	177.0
168.61907712726233	169.0
168.62907766561278	161.0
168.63907820396327	152.0
168.64907874231375	147.0
168.6590792806642	145.0
168.66907981901468	145.0
168.67908035736514	150.0
168.68908089571562	156.0
168.69908143406607	165.0
168.70908197241656	169.0
168.719082510767	177.0
168.7290830491175	183.0
168.73908358746795	187.0
168.74908412581843	190.0
168.7590846641689	190.0
168.76908520251936	187.0
168.77908574086985	183.0
168.7890862792203	179.0
168.79908681757078	177.0
168.80908735592124	175.0
168.81908789427172	175.0
168.82908843262217	175.0
168.83908897097265	177.0
168.8490895093231	179.0
168.8590900476736	181.0
168.86909058602407	185.0
168.87909112437453	190.0
168.889091662725	196.0
168.89909220107546	203.0
168.90909273942594	210.0
168.9190932777764	215.0
168.92909381612688	218.0
168.93909435447733	215.0
168.94909489282782	213.0
168.95909543117827	206.0
168.96909596952875	199.0
168.97909650787923	185.0
168.9890970462297	179.0
168.99909758458017	163.0
169.00909812293062	158.0
169.0190986612811	158.0
169.02909919963156	163.0
169.03909973798204	171.0
169.0491002763325	181.0
169.05910081468298	187.0
169.06910135303343	194.0
169.0791018913839	201.0
169.0891024297344	208.0
169.09910296808485	213.0
169.10910350643533	215.0
169.1191040447858	218.0
169.12910458313627	215.0
169.13910512148672	213.0
169.1491056598372	210.0
169.15910619818766	206.0
169.16910673653814	203.0
169.1791072748886	203.0
169.18910781323908	203.0
169.19910835158956	206.0
169.20910888994	208.0
169.2191094282905	213.0
169.22910996664095	220.0
169.23911050499143	231.0
169.24911104334188	239.0
169.25911158169237	250.0
169.26911212004282	253.0
169.2791126583933	253.0
169.28911319674376	250.0
169.29911373509424	245.0
169.30911427344472	231.0
169.31911481179517	218.0
169.32911535014566	210.0
169.3391158884961	206.0
169.3491164268466	206.0
169.35911696519705	206.0
169.36911750354753	208.0
169.37911804189798	208.0
169.38911858024846	210.0
169.39911911859892	210.0
169.4091196569494	213.0
169.41912019529988	213.0
169.42912073365034	213.0
169.43912127200082	210.0
169.44912181035127	206.0
169.45912234870175	201.0
169.4691228870522	199.0
169.4791234254027	201.0
169.48912396375314	206.0
169.49912450210363	210.0
169.50912504045408	218.0
169.51912557880456	231.0
169.52912611715504	242.0
169.5391266555055	245.0
169.54912719385598	245.0
169.55912773220643	245.0
169.56912827055692	242.0
169.57912880890737	236.0
169.58912934725785	234.0
169.5991298856083	231.0
169.6091304239588	228.0
169.61913096230924	228.0
169.62913150065972	231.0
169.6391320390102	236.0
169.64913257736066	242.0
169.65913311571114	245.0
169.6691336540616	248.0
169.67913419241208	250.0
169.68913473076253	248.0
169.69913526911301	248.0
169.70913580746347	242.0
169.71913634581395	239.0
169.7291368841644	234.0
169.7391374225149	226.0
169.74913796086537	220.0
169.75913849921582	220.0
169.7691390375663	220.0
169.77913957591676	228.0
169.78914011426724	239.0
169.7991406526177	250.0
169.80914119096818	262.0
169.81914172931863	272.0
169.8291422676691	278.0
169.83914280601957	281.0
169.84914334437005	284.0
169.8591438827205	281.0
169.86914442107098	272.0
169.87914495942147	262.0
169.88914549777192	245.0
169.8991460361224	234.0
169.90914657447286	228.0
169.91914711282334	226.0
169.9291476511738	228.0
169.93914818952427	228.0
169.94914872787473	234.0
169.9591492662252	236.0
169.96914980457566	239.0
169.97915034292615	239.0
169.98915088127663	239.0
169.99915141962708	239.0
170.00915195797756	236.0
170.01915249632802	234.0
170.0291530346785	231.0
170.03915357302895	223.0
170.04915411137944	213.0
170.0591546497299	208.0
170.06915518808037	208.0
170.07915572643083	213.0
170.0891562647813	231.0
170.0991568031318	262.0
170.10915734148224	272.0
170.11915787983273	278.0
170.12915841818318	281.0
170.13915895653366	284.0
170.14915949488412	284.0
170.1591600332346	284.0
170.16916057158505	281.0
170.17916110993554	281.0
170.189161648286	281.0
170.19916218663647	281.0
170.20916272498695	281.0
170.2191632633374	281.0
170.2291638016879	281.0
170.23916434003834	281.0
170.24916487838883	284.0
170.25916541673928	281.0
170.26916595508976	281.0
170.27916649344021	281.0
170.2891670317907	278.0
170.29916757014115	278.0
170.30916810849163	275.0
170.31916864684212	272.0
170.32916918519257	272.0
170.33916972354305	275.0
170.3491702618935	288.0
170.359170800244	305.0
170.36917133859444	316.0
170.37917187694492	334.0
170.38917241529538	350.0
170.39917295364586	358.0
170.4091734919963	363.0
170.4191740303468	354.0
170.42917456869728	342.0
170.43917510704773	316.0
170.4491756453982	298.0
170.45917618374867	284.0
170.46917672209915	278.0
170.4791772604496	275.0
170.48917779880009	275.0
170.49917833715054	275.0
170.50917887550102	275.0
170.51917941385148	275.0
170.52917995220196	278.0
170.53918049055244	278.0
170.5491810289029	275.0
170.55918156725338	275.0
170.56918210560383	0.0
170.5791826439543	0.0
170.58918318230477	0.0
170.59918372065525	0.0
170.6091842590057	0.0
170.61918479735618	0.0
170.62918533570664	0.0
170.63918587405712	256.0
170.6491864124076	256.0
170.65918695075806	253.0
170.66918748910854	245.0
170.679188027459	242.0
170.68918856580947	239.0
170.69918910415993	239.0
170.7091896425104	242.0
170.71919018086086	248.0
170.72919071921135	262.0
170.7391912575618	272.0
170.74919179591228	284.0
170.75919233426276	305.0
170.76919287261322	334.0
170.7791934109637	350.0
170.78919394931415	367.0
170.79919448766464	375.0
170.8091950260151	380.0
170.81919556436557	375.0
170.82919610271603	367.0
170.8391966410665	354.0
170.84919717941696	346.0
170.85919771776744	331.0
170.86919825611793	319.0
170.87919879446838	312.0
170.88919933281886	308.0
170.89919987116932	308.0
170.9092004095198	316.0
170.91920094787025	327.0
170.92920148622073	346.0
170.9392020245712	367.0
170.94920256292167	384.0
170.95920310127212	447.0
170.9692036396226	473.0
170.9792041779731	473.0
170.98920471632354	468.0
170.99920525467402	452.0
171.00920579302448	421.0
171.01920633137496	342.0
171.0292068697254	327.0
171.0392074080759	319.0
171.04920794642635	312.0
171.05920848477683	308.0
171.06920902312729	312.0
171.07920956147777	319.0
171.08921009982825	327.0
171.0992106381787	331.0
171.1092111765292	342.0
171.11921171487964	346.0
171.12921225323012	346.0
171.13921279158058	346.0
171.14921332993106	346.0
171.1592138682815	342.0
171.169214406632	284.0
171.17921494498245	284.0
171.18921548333293	288.0
171.1992160216834	291.0
171.20921656003387	294.0
171.21921709838435	291.0
171.2292176367348	288.0
171.23921817508528	284.0
171.24921871343574	284.0
171.25921925178622	281.0
171.26921979013667	281.0
171.27922032848716	281.0
171.2892208668376	281.0
171.2992214051881	281.0
171.30922194353857	281.0
171.31922248188903	281.0
171.3292230202395	281.0
171.33922355858996	281.0
171.34922409694045	281.0
171.3592246352909	281.0
171.36922517364138	281.0
171.37922571199184	278.0
171.38922625034232	278.0
171.39922678869277	272.0
171.40922732704325	265.0
171.41922786539374	253.0
171.4292284037442	234.0
171.43922894209467	223.0
171.44922948044513	218.0
171.4592300187956	218.0
171.46923055714606	220.0
171.47923109549654	228.0
171.489231633847	234.0
171.49923217219748	245.0
171.50923271054793	250.0
171.51923324889842	253.0
171.52923378724887	253.0
171.53923432559935	253.0
171.54923486394983	256.0
171.5592354023003	253.0
171.56923594065077	248.0
171.57923647900122	234.0
171.5892370173517	226.0
171.59923755570216	220.0
171.60923809405264	220.0
171.6192386324031	220.0
171.62923917075358	223.0
171.63923970910403	231.0
171.64924024745451	239.0
171.659240785805	250.0
171.66924132415545	262.0
171.67924186250593	275.0
171.6892424008564	284.0
171.69924293920687	291.0
171.70924347755732	298.0
171.7192440159078	298.0
171.72924455425826	294.0
171.73924509260874	288.0
171.7492456309592	281.0
171.75924616930968	275.0
171.76924670766016	272.0
171.7792472460106	272.0
171.7892477843611	275.0
171.79924832271155	281.0
171.80924886106203	294.0
171.81924939941248	316.0
171.82924993776297	342.0
171.83925047611342	384.0
171.8492510144639	389.0
171.85925155281436	393.0
171.86925209116484	393.0
171.87925262951532	371.0
171.88925316786577	354.0
171.89925370621626	346.0
171.9092542445667	338.0
171.9192547829172	331.0
171.92925532126765	323.0
171.93925585961813	316.0
171.94925639796858	312.0
171.95925693631906	308.0
171.96925747466952	308.0
171.97925801302	312.0
171.98925855137048	319.0
171.99925908972094	331.0
172.00925962807142	338.0
172.01926016642187	350.0
172.02926070477235	358.0
172.0392612431228	363.0
172.0492617814733	363.0
172.05926231982374	358.0
172.06926285817423	350.0
172.07926339652468	338.0
172.08926393487516	319.0
172.09926447322565	301.0
172.1092650115761	288.0
172.11926554992658	281.0
172.12926608827703	278.0
172.13926662662752	275.0
172.14926716497797	275.0
172.15926770332845	278.0
172.1692682416789	278.0
172.1792687800294	281.0
172.18926931837984	281.0
172.19926985673033	281.0
172.2092703950808	281.0
172.21927093343126	281.0
172.22927147178174	278.0
172.2392720101322	275.0
172.24927254848268	268.0
172.25927308683313	262.0
172.26927362518362	248.0
172.27927416353407	234.0
172.28927470188455	223.0
172.299275240235	220.0
172.3092757785855	220.0
172.31927631693597	226.0
172.32927685528642	234.0
172.3392773936369	242.0
172.34927793198736	250.0
172.35927847033784	259.0
172.3692790086883	262.0
172.37927954703878	262.0
172.38928008538923	256.0
172.3992806237397	250.0
172.40928116209017	239.0
172.41928170044065	226.0
172.42928223879113	215.0
172.43928277714159	208.0
172.44928331549207	206.0
172.45928385384252	206.0
172.469284392193	206.0
172.47928493054346	208.0
172.48928546889394	210.0
172.4992860072444	213.0
172.50928654559488	213.0
172.51928708394533	213.0
172.5292876222958	210.0
172.5392881606463	210.0
172.54928869899675	208.0
172.55928923734723	203.0
172.56928977569768	201.0
172.57929031404817	201.0
172.58929085239862	201.0
172.5992913907491	203.0
172.60929192909956	208.0
172.61929246745004	215.0
172.6292930058005	220.0
172.63929354415097	228.0
172.64929408250146	236.0
172.6592946208519	242.0
172.6692951592024	245.0
172.67929569755285	245.0
172.68929623590333	245.0
172.69929677425378	245.0
172.70929731260426	239.0
172.71929785095472	236.0
172.7292983893052	234.0
172.73929892765565	231.0
172.74929946600614	228.0
172.75930000435662	223.0
172.76930054270707	218.0
172.77930108105755	215.0
172.789301619408	215.0
172.7993021577585	242.0
172.80930269610894	278.0
172.81930323445943	278.0
172.82930377280988	278.0
172.83930431116036	281.0
172.84930484951082	284.0
172.8593053878613	284.0
172.86930592621178	284.0
172.87930646456223	284.0
172.88930700291272	284.0
172.89930754126317	284.0
172.90930807961365	281.0
172.9193086179641	281.0
172.9293091563146	281.0
172.93930969466504	281.0
172.94931023301552	278.0
172.95931077136598	275.0
172.96931130971646	272.0
172.97931184806694	262.0
172.9893123864174	256.0
172.99931292476788	245.0
173.00931346311833	231.0
173.0193140014688	223.0
173.02931453981927	223.0
173.03931507816975	226.0
173.0493156165202	234.0
173.0593161548707	248.0
173.06931669322114	259.0
173.07931723157162	275.0
173.0893177699221	294.0
173.09931830827256	305.0
173.10931884662304	312.0
173.1193193849735	316.0
173.12931992332398	312.0
173.13932046167443	294.0
173.1493210000249	284.0
173.15932153837537	265.0
173.16932207672585	250.0
173.1793226150763	236.0
173.18932315342678	231.0
173.19932369177727	226.0
173.20932423012772	226.0
173.2193247684782	226.0
173.22932530682866	228.0
173.23932584517914	234.0
173.2493263835296	245.0
173.25932692188007	253.0
173.26932746023053	259.0
173.279327998581	262.0
173.28932853693146	259.0
173.29932907528195	256.0
173.3093296136324	248.0
173.31933015198288	239.0
173.32933069033336	228.0
173.33933122868382	218.0
173.3493317670343	215.0
173.35933230538475	213.0
173.36933284373524	210.0
173.3793333820857	210.0
173.38933392043617	210.0
173.39933445878663	213.0
173.4093349971371	213.0
173.41933553548756	215.0
173.42933607383804	215.0
173.43933661218853	218.0
173.44933715053898	218.0
173.45933768888946	215.0
173.46933822723992	213.0
173.4793387655904	210.0
173.48933930394085	206.0
173.49933984229133	190.0
173.5093403806418	183.0
173.51934091899227	177.0
173.52934145734272	169.0
173.5393419956932	167.0
173.5493425340437	167.0
173.55934307239414	171.0
173.56934361074462	177.0
173.57934414909508	181.0
173.58934468744556	187.0
173.59934522579601	190.0
173.6093457641465	194.0
173.61934630249695	194.0
173.62934684084743	194.0
173.6393473791979	192.0
173.64934791754837	187.0
173.65934845589885	181.0
173.6693489942493	175.0
173.6793495325998	165.0
173.68935007095024	159.0
173.69935060930072	152.0
173.70935114765118	149.0
173.71935168600166	145.0
173.7293522243521	145.0
173.7393527627026	147.0
173.74935330105305	150.0
173.75935383940353	154.0
173.769354377754	158.0
173.77935491610447	161.0
173.78935545445495	165.0
173.7993559928054	169.0
173.80935653115588	171.0
173.81935706950634	169.0
173.82935760785682	165.0
173.83935814620727	159.0
173.84935868455776	154.0
173.8593592229082	149.0
173.8693597612587	144.0
173.87936029960917	137.0
173.88936083795963	134.0
173.8993613763101	132.0
173.90936191466056	134.0
173.91936245301105	136.0
173.9293629913615	137.0
173.93936352971198	139.0
173.94936406806244	139.0
173.95936460641292	139.0
173.96936514476337	139.0
173.97936568311385	137.0
173.98936622146434	136.0
173.9993667598148	132.0
174.00936729816527	132.0
174.01936783651573	134.0
174.0293683748662	136.0
174.03936891321666	139.0
174.04936945156715	144.0
174.0593699899176	149.0
174.06937052826808	154.0
174.07937106661853	159.0
174.08937160496902	175.0
174.0993721433195	181.0
174.10937268166995	183.0
174.11937322002044	185.0
174.1293737583709	185.0
174.13937429672137	181.0
174.14937483507182	173.0
174.1593753734223	158.0
174.16937591177276	150.0
174.17937645012324	144.0
174.1893769884737	140.0
174.19937752682418	140.0
174.20937806517466	145.0
174.21937860352512	156.0
174.2293791418756	163.0
174.23937968022605	171.0
174.24938021857653	177.0
174.259380756927	179.0
174.26938129527747	177.0
174.27938183362792	175.0
174.2893823719784	173.0
174.29938291032886	171.0
174.30938344867934	0.0
174.31938398702982	0.0
174.32938452538028	0.0
174.33938506373076	0.0
174.3493856020812	0.0
174.3593861404317	0.0
174.36938667878215	0.0
174.37938721713263	0.0
174.38938775548309	0.0
174.39938829383357	0.0
174.40938883218402	0.0
174.4193893705345	0.0
174.42938990888499	0.0
174.43939044723544	0.0
174.44939098558592	0.0
174.45939152393638	0.0
174.46939206228686	0.0
174.4793926006373	0.0
174.4893931389878	0.0
174.49939367733825	0.0
174.50939421568873	0.0
174.51939475403918	0.0
174.52939529238967	0.0
174.53939583074015	0.0
174.5493963690906	0.0
174.55939690744108	0.0
174.56939744579154	0.0
174.57939798414202	0.0
174.58939852249247	0.0
174.59939906084296	0.0
174.6093995991934	0.0
174.6194001375439	156.0
174.62940067589435	152.0
174.63940121424483	150.0
174.6494017525953	150.0
174.65940229094576	150.0
174.66940282929625	154.0
174.6794033676467	158.0
174.68940390599718	163.0
174.69940444434764	171.0
174.70940498269812	179.0
174.71940552104857	187.0
174.72940605939905	196.0
174.7394065977495	201.0
174.7494071361	196.0
174.75940767445047	187.0
174.76940821280093	183.0
174.7794087511514	179.0
174.78940928950186	173.0
174.79940982785234	165.0
174.8094103662028	158.0
174.81941090455328	150.0
174.82941144290373	145.0
174.83941198125422	144.0
174.84941251960467	149.0
174.85941305795515	158.0
174.86941359630563	165.0
174.8794141346561	175.0
174.88941467300657	183.0
174.89941521135702	196.0
174.9094157497075	206.0
174.91941628805796	208.0
174.92941682640844	206.0
174.9394173647589	196.0
174.94941790310938	187.0
174.95941844145983	177.0
174.9694189798103	165.0
174.97941951816077	158.0
174.98942005651125	152.0
174.99942059486173	149.0
175.0094211332122	149.0
175.01942167156267	150.0
175.02942220991312	156.0
175.0394227482636	161.0
175.04942328661406	167.0
175.05942382496454	173.0
175.069424363315	177.0
175.07942490166548	181.0
175.08942544001593	181.0
175.0994259783664	181.0
175.1094265167169	177.0
175.11942705506735	165.0
175.12942759341783	156.0
175.13942813176828	149.0
175.14942867011877	145.0
175.15942920846922	142.0
175.1694297468197	142.0
175.17943028517016	140.0
175.18943082352064	140.0
175.1994313618711	139.0
175.20943190022157	139.0
175.21943243857206	139.0
175.2294329769225	137.0
175.239433515273	137.0
175.24943405362345	137.0
175.25943459197393	137.0
175.26943513032438	137.0
175.27943566867486	137.0
175.28943620702532	137.0
175.2994367453758	139.0
175.30943728372625	139.0
175.31943782207674	140.0
175.32943836042722	142.0
175.33943889877767	144.0
175.34943943712815	144.0
175.3594399754786	144.0
175.3694405138291	140.0
175.37944105217954	139.0
175.38944159053003	137.0
175.39944212888048	136.0
175.40944266723096	137.0
175.41944320558142	142.0
175.4294437439319	154.0
175.43944428228238	167.0
175.44944482063283	177.0
175.45944535898332	187.0
175.46944589733377	196.0
175.47944643568425	201.0
175.4894469740347	201.0
175.4994475123852	196.0
175.50944805073564	187.0
175.51944858908612	179.0
175.52944912743658	169.0
175.53944966578706	156.0
175.54945020413754	152.0
175.559450742488	149.0
175.56945128083848	149.0
175.57945181918893	154.0
175.58945235753941	161.0
175.59945289588987	167.0
175.60945343424035	175.0
175.6194539725908	179.0
175.6294545109413	181.0
175.63945504929174	181.0
175.64945558764222	179.0
175.6594561259927	173.0
175.66945666434316	159.0
175.67945720269364	152.0
175.6894577410441	144.0
175.69945827939458	140.0
175.70945881774503	139.0
175.7194593560955	137.0
175.72945989444597	137.0
175.73946043279645	139.0
175.7494609711469	139.0
175.75946150949738	140.0
175.76946204784787	142.0
175.77946258619832	142.0
175.7894631245488	142.0
175.79946366289926	142.0
175.80946420124974	142.0
175.8194647396002	139.0
175.82946527795067	137.0
175.83946581630113	136.0
175.8494663546516	136.0
175.85946689300206	137.0
175.86946743135255	140.0
175.87946796970303	150.0
175.88946850805348	156.0
175.89946904640396	159.0
175.90946958475442	161.0
175.9194701231049	161.0
175.92947066145535	161.0
175.93947119980584	159.0
175.9494717381563	159.0
175.95947227650677	158.0
175.96947281485723	158.0
175.9794733532077	158.0
175.9894738915582	156.0
175.99947442990864	156.0
176.00947496825913	154.0
176.01947550660958	152.0
176.02947604496006	149.0
176.03947658331052	147.0
176.049477121661	145.0
176.05947766001145	145.0
176.06947819836194	144.0
176.0794787367124	144.0
176.08947927506287	144.0
176.09947981341335	144.0
176.1094803517638	144.0
176.1194808901143	144.0
176.12948142846474	144.0
176.13948196681523	144.0
176.14948250516568	144.0
176.15948304351616	144.0
176.16948358186661	144.0
176.1794841202171	142.0
176.18948465856755	142.0
176.19948519691803	140.0
176.20948573526852	139.0
176.21948627361897	137.0
176.22948681196945	136.0
176.2394873503199	137.0
176.2494878886704	150.0
176.25948842702084	158.0
176.26948896537132	165.0
176.27948950372178	169.0
176.28949004207226	173.0
176.2994905804227	175.0
176.3094911187732	175.0
176.31949165712368	175.0
176.32949219547413	175.0
176.3394927338246	175.0
176.34949327217507	173.0
176.35949381052555	173.0
176.369494348876	171.0
176.37949488722649	171.0
176.38949542557694	169.0
176.39949596392742	167.0
176.40949650227788	167.0
176.41949704062836	167.0
176.42949757897884	165.0
176.4394981173293	163.0
176.44949865567978	161.0
176.45949919403023	156.0
176.4694997323807	154.0
176.47950027073117	152.0
176.48950080908165	154.0
176.4995013474321	156.0
176.50950188578258	158.0
176.51950242413304	159.0
176.52950296248352	159.0
176.539503500834	158.0
176.54950403918446	158.0
176.55950457753494	154.0
176.5695051158854	152.0
176.57950565423587	150.0
176.58950619258633	152.0
176.5995067309368	159.0
176.60950726928726	167.0
176.61950780763775	173.0
176.6295083459882	179.0
176.63950888433868	181.0
176.64950942268916	179.0
176.65950996103962	181.0
176.6695104993901	183.0
176.67951103774055	183.0
176.68951157609104	183.0
176.6995121144415	181.0
176.70951265279197	179.0
176.71951319114243	177.0
176.7295137294929	175.0
176.73951426784336	171.0
176.74951480619384	163.0
176.7595153445443	158.0
176.76951588289478	152.0
176.77951642124526	149.0
176.78951695959572	145.0
176.7995174979462	142.0
176.80951803629665	140.0
176.81951857464713	139.0
176.8295191129976	137.0
176.83951965134807	139.0
176.84952018969852	140.0
176.859520728049	142.0
176.86952126639946	144.0
176.87952180474994	145.0
176.88952234310042	145.0
176.89952288145088	145.0
176.90952341980136	145.0
176.9195239581518	144.0
176.9295244965023	140.0
176.93952503485275	137.0
176.94952557320323	134.0
176.95952611155369	131.0
176.96952664990417	131.0
176.97952718825462	131.0
176.9895277266051	134.0
176.9995282649556	139.0
177.00952880330604	147.0
177.01952934165652	158.0
177.02952988000698	167.0
177.03953041835746	179.0
177.0495309567079	187.0
177.0595314950584	194.0
177.06953203340885	196.0
177.07953257175933	192.0
177.08953311010978	185.0
177.09953364846027	177.0
177.10953418681075	152.0
177.1195347251612	145.0
177.12953526351168	140.0
177.13953580186214	137.0
177.14953634021262	137.0
177.15953687856307	136.0
177.16953741691356	137.0
177.179537955264	139.0
177.1895384936145	140.0
177.19953903196495	142.0
177.20953957031543	144.0
177.2195401086659	144.0
177.22954064701636	144.0
177.23954118536685	140.0
177.2495417237173	137.0
177.25954226206778	128.0
177.26954280041824	114.0
177.27954333876872	109.0
177.28954387711917	107.0
177.29954441546965	106.0
177.3095449538201	106.0
177.3195454921706	107.0
177.32954603052107	109.0
177.33954656887153	111.0
177.349547107222	114.0
177.35954764557246	115.0
177.36954818392294	118.0
177.3795487222734	119.0
177.38954926062388	119.0
177.39954979897433	119.0
177.40955033732482	118.0
177.41955087567527	117.0
177.42955141402575	114.0
177.43955195237623	111.0
177.4495524907267	110.0
177.45955302907717	110.0
177.46955356742762	111.0
177.4795541057781	115.0
177.48955464412856	131.0
177.49955518247904	134.0
177.5095557208295	139.0
177.51955625917998	142.0
177.52955679753043	144.0
177.53955733588091	145.0
177.5495578742314	147.0
177.55955841258185	147.0
177.56955895093233	145.0
177.5795594892828	145.0
177.58956002763327	144.0
177.59956056598372	140.0
177.6095611043342	139.0
177.61956164268466	136.0
177.62956218103514	132.0
177.6395627193856	132.0
177.64956325773608	134.0
177.65956379608656	139.0
177.669564334437	145.0
177.6795648727875	152.0
177.68956541113795	154.0
177.69956594948843	158.0
177.70956648783888	159.0
177.71956702618937	159.0
177.72956756453982	159.0
177.7395681028903	159.0
177.74956864124076	158.0
177.75956917959124	154.0
177.76956971794172	152.0
177.77957025629217	149.0
177.78957079464266	147.0
177.7995713329931	149.0
177.8095718713436	152.0
177.81957240969405	158.0
177.82957294804453	167.0
177.83957348639498	175.0
177.84957402474546	179.0
177.85957456309592	183.0
177.8695751014464	183.0
177.87957563979688	183.0
177.88957617814734	179.0
177.89957671649782	175.0
177.90957725484827	173.0
177.91957779319875	171.0
177.9295783315492	175.0
177.9395788698997	179.0
177.94957940825014	185.0
177.95957994660063	187.0
177.96958048495108	187.0
177.97958102330156	185.0
177.98958156165205	181.0
177.9995821000025	177.0
178.00958263835298	173.0
178.01958317670343	169.0
178.02958371505392	163.0
178.03958425340437	159.0
178.04958479175485	156.0
178.0595853301053	156.0
178.0695858684558	158.0
178.07958640680624	161.0
178.08958694515673	163.0
178.0995874835072	167.0
178.10958802185766	167.0
178.11958856020814	167.0
178.1295890985586	163.0
178.13958963690908	156.0
178.14959017525953	150.0
178.15959071361002	142.0
178.16959125196047	140.0
178.17959179031095	140.0
178.1895923286614	147.0
178.1995928670119	163.0
178.20959340536237	169.0
178.21959394371282	173.0
178.2295944820633	175.0
178.23959502041376	175.0
178.24959555876424	177.0
178.2595960971147	179.0
178.26959663546518	179.0
178.27959717381563	179.0
178.2895977121661	179.0
178.29959825051657	177.0
178.30959878886705	175.0
178.31959932721753	171.0
178.32959986556799	169.0
178.33960040391847	167.0
178.34960094226892	169.0
178.3596014806194	173.0
178.36960201896986	179.0
178.37960255732034	196.0
178.3896030956708	203.0
178.39960363402128	206.0
178.40960417237173	208.0
178.4196047107222	208.0
178.42960524907267	210.0
178.43960578742315	210.0
178.44960632577363	210.0
178.45960686412408	210.0
178.46960740247457	210.0
178.47960794082502	210.0
178.4896084791755	208.0
178.49960901752596	206.0
178.50960955587644	201.0
178.5196100942269	192.0
178.52961063257737	181.0
178.53961117092783	165.0
178.5496117092783	159.0
178.5596122476288	159.0
178.56961278597925	165.0
178.57961332432973	171.0
178.58961386268018	173.0
178.59961440103066	175.0
178.60961493938112	177.0
178.6196154777316	179.0
178.62961601608205	181.0
178.63961655443254	181.0
178.649617092783	181.0
178.65961763113347	179.0
178.66961816948395	177.0
178.6796187078344	173.0
178.6896192461849	167.0
178.69961978453534	161.0
178.70962032288583	158.0
178.71962086123628	159.0
178.72962139958676	0.0
178.73962193793722	0.0
178.7496224762877	190.0
178.75962301463815	206.0
178.76962355298863	210.0
178.77962409133912	210.0
178.78962462968957	210.0
178.79962516804005	213.0
178.8096257063905	213.0
178.819626244741	213.0
178.82962678309144	213.0
178.83962732144192	213.0
178.84962785979238	213.0
178.85962839814286	213.0
178.8696289364933	213.0
178.8796294748438	206.0
178.88963001319428	201.0
178.89963055154473	199.0
178.9096310898952	199.0
178.91963162824567	201.0
178.92963216659615	206.0
178.9396327049466	218.0
178.9496332432971	234.0
178.95963378164754	253.0
178.96963431999802	250.0
178.97963485834848	245.0
178.98963539669896	239.0
178.99963593504944	234.0
179.0096364733999	228.0
179.01963701175038	226.0
179.02963755010083	226.0
179.0396380884513	228.0
179.04963862680177	236.0
179.05963916515225	245.0
179.0696397035027	253.0
179.07964024185318	259.0
179.08964078020364	262.0
179.09964131855412	262.0
179.1096418569046	259.0
179.11964239525506	253.0
179.12964293360554	242.0
179.139643471956	228.0
179.14964401030647	220.0
179.15964454865693	213.0
179.1696450870074	213.0
179.17964562535786	218.0
179.18964616370835	228.0
179.1996467020588	265.0
179.20964724040928	272.0
179.21964777875976	288.0
179.22964831711022	301.0
179.2396488554607	305.0
179.24964939381115	298.0
179.25964993216164	288.0
179.2696504705121	278.0
179.27965100886257	0.0
179.28965154721303	0.0
179.2996520855635	0.0
179.30965262391396	0.0
179.31965316226444	0.0
179.32965370061493	0.0
179.33965423896538	0.0
179.34965477731586	0.0
179.35965531566632	228.0
179.3696558540168	226.0
179.37965639236725	223.0
179.38965693071773	226.0
179.3996574690682	228.0
179.40965800741867	234.0
179.41965854576912	242.0
179.4296590841196	250.0
179.4396596224701	256.0
179.44966016082054	262.0
179.45966069917102	265.0
179.46966123752148	265.0
179.47966177587196	262.0
179.48966231422241	256.0
179.4996628525729	250.0
179.50966339092335	242.0
179.51966392927383	234.0
179.5296644676243	226.0
179.53966500597477	218.0
179.54966554432525	213.0
179.5596660826757	213.0
179.5696666210262	210.0
179.57966715937664	210.0
179.58966769772712	210.0
179.59966823607758	210.0
179.60966877442806	210.0
179.6196693127785	210.0
179.629669851129	210.0
179.63967038947945	210.0
179.64967092782993	210.0
179.6596714661804	210.0
179.66967200453087	210.0
179.67967254288135	213.0
179.6896730812318	213.0
179.69967361958228	210.0
179.70967415793274	208.0
179.71967469628322	206.0
179.72967523463367	0.0
179.73967577298416	0.0
179.7496763113346	0.0
179.7596768496851	0.0
179.76967738803557	0.0
179.77967792638603	0.0
179.7896784647365	0.0
179.79967900308696	0.0
179.80967954143745	0.0
179.8196800797879	0.0
179.82968061813838	0.0
179.83968115648884	0.0
179.84968169483932	0.0
179.85968223318977	0.0
179.86968277154025	0.0
179.87968330989074	0.0
179.8896838482412	0.0
179.89968438659167	0.0
179.90968492494213	0.0
179.9196854632926	0.0
179.92968600164306	0.0
179.93968653999355	0.0
179.949687078344	0.0
179.95968761669448	0.0
179.96968815504493	0.0
179.97968869339542	0.0
179.9896892317459	0.0
179.99968977009635	0.0
180.00969030844684	0.0
180.0196908467973	0.0
180.02969138514777	0.0
180.03969192349822	0.0
180.0496924618487	0.0
180.05969300019916	0.0
180.06969353854964	0.0
180.0796940769001	0.0
180.08969461525058	294.0
180.09969515360103	298.0
180.10969569195152	308.0
180.119696230302	316.0
180.12969676865245	159.0
180.13969730700293	159.0
180.1496978453534	154.0
180.15969838370387	150.0
180.16969892205432	149.0
180.1796994604048	149.0
180.18969999875526	150.0
180.19970053710574	156.0
180.2097010754562	167.0
180.21970161380668	179.0
180.22970215215716	190.0
180.2397026905076	199.0
180.2497032288581	208.0
180.25970376720855	213.0
180.26970430555903	215.0
180.27970484390949	215.0
180.28970538225997	213.0
180.29970592061042	208.0
180.3097064589609	201.0
180.31970699731136	192.0
180.32970753566184	183.0
180.33970807401232	179.0
180.34970861236278	175.0
180.35970915071326	175.0
180.3697096890637	175.0
180.3797102274142	175.0
180.38971076576465	177.0
180.39971130411513	179.0
180.40971184246558	181.0
180.41971238081607	183.0
180.42971291916652	185.0
180.439713457517	183.0
180.44971399586748	181.0
180.45971453421794	177.0
180.46971507256842	175.0
180.47971561091887	173.0
180.48971614926936	175.0
180.4997166876198	171.0
180.5097172259703	167.0
180.51971776432075	161.0
180.52971830267123	156.0
180.53971884102168	154.0
180.54971937937216	154.0
180.55971991772265	156.0
180.5697204560731	161.0
180.57972099442358	165.0
180.58972153277404	173.0
180.59972207112452	179.0
180.60972260947497	183.0
180.61972314782545	190.0
180.6297236861759	192.0
180.6397242245264	190.0
180.64972476287684	181.0
180.65972530122733	177.0
180.6697258395778	169.0
180.67972637792826	163.0
180.68972691627874	156.0
180.6997274546292	152.0
180.70972799297968	147.0
180.71972853133013	147.0
180.72972906968062	150.0
180.73972960803107	159.0
180.74973014638155	169.0
180.759730684732	179.0
180.7697312230825	190.0
180.77973176143297	199.0
180.78973229978342	206.0
180.7997328381339	206.0
180.80973337648436	206.0
180.81973391483484	196.0
180.8297344531853	185.0
180.83973499153578	173.0
180.84973552988623	161.0
180.8597360682367	156.0
180.86973660658717	152.0
180.87973714493765	150.0
180.88973768328813	152.0
180.8997382216386	154.0
180.90973875998907	158.0
180.91973929833952	165.0
180.92973983669	171.0
180.93974037504046	175.0
180.94974091339094	181.0
180.9597414517414	183.0
180.96974199009188	185.0
180.97974252844233	183.0
180.9897430667928	177.0
180.9997436051433	165.0
181.00974414349375	156.0
181.01974468184423	147.0
181.02974522019468	144.0
181.03974575854517	142.0
181.04974629689562	142.0
181.0597468352461	142.0
181.06974737359656	142.0
181.07974791194704	142.0
181.0897484502975	142.0
181.09974898864797	142.0
181.10974952699846	142.0
181.1197500653489	142.0
181.1297506036994	142.0
181.13975114204985	140.0
181.14975168040033	140.0
181.15975221875078	139.0
181.16975275710126	136.0
181.17975329545172	134.0
181.1897538338022	134.0
181.19975437215265	136.0
181.20975491050314	139.0
181.21975544885362	144.0
181.22975598720407	150.0
181.23975652555455	156.0
181.249757063905	158.0
181.2597576022555	159.0
181.26975814060594	158.0
181.27975867895643	158.0
181.28975921730688	158.0
181.29975975565736	158.0
181.30976029400782	156.0
181.3197608323583	156.0
181.32976137070878	156.0
181.33976190905923	154.0
181.34976244740972	0.0
181.35976298576017	0.0
181.36976352411065	0.0
181.3797640624611	0.0
181.3897646008116	0.0
181.39976513916204	0.0
181.40976567751252	0.0
181.41976621586298	0.0
181.42976675421346	0.0
181.43976729256394	0.0
181.4497678309144	0.0
181.45976836926488	0.0
181.46976890761533	0.0
181.47976944596581	0.0
181.48976998431627	0.0
181.49977052266675	0.0
181.5097710610172	0.0
181.5197715993677	0.0
181.52977213771814	0.0
181.53977267606862	0.0
181.5497732144191	0.0
181.55977375276956	0.0
181.56977429112004	0.0
181.5797748294705	0.0
181.58977536782098	0.0
181.59977590617143	142.0
181.6097764445219	140.0
181.61977698287237	139.0
181.62977752122285	137.0
181.6397780595733	137.0
181.64977859792378	137.0
181.65977913627427	137.0
181.66977967462472	137.0
181.6797802129752	137.0
181.68978075132566	137.0
181.69978128967614	137.0
181.7097818280266	137.0
181.71978236637707	137.0
181.72978290472753	139.0
181.739783443078	139.0
181.74978398142846	140.0
181.75978451977895	144.0
181.7697850581294	152.0
181.77978559647988	154.0
181.78978613483036	156.0
181.79978667318082	156.0
181.8097872115313	156.0
181.81978774988175	158.0
181.82978828823224	158.0
181.8397888265827	158.0
181.84978936493317	159.0
181.85978990328363	159.0
181.8697904416341	159.0
181.87979097998456	159.0
181.88979151833504	159.0
181.89979205668553	158.0
181.90979259503598	156.0
181.91979313338646	152.0
181.92979367173692	144.0
181.9397942100874	140.0
181.94979474843785	139.0
181.95979528678834	139.0
181.9697958251388	140.0
181.97979636348927	142.0
181.98979690183972	142.0
181.9997974401902	142.0
182.0097979785407	142.0
182.01979851689114	140.0
182.02979905524163	140.0
182.03979959359208	140.0
182.04980013194256	140.0
182.05980067029301	140.0
182.0698012086435	140.0
182.07980174699395	139.0
182.08980228534443	137.0
182.0998028236949	134.0
182.10980336204537	134.0
182.11980390039585	136.0
182.1298044387463	139.0
182.1398049770968	150.0
182.14980551544724	161.0
182.15980605379772	171.0
182.16980659214818	175.0
182.17980713049866	177.0
182.1898076688491	177.0
182.1998082071996	177.0
182.20980874555005	177.0
182.21980928390053	177.0
182.229809822251	177.0
182.23981036060147	179.0
182.24981089895195	179.0
182.2598114373024	181.0
182.26981197565289	181.0
182.27981251400334	179.0
182.28981305235382	177.0
182.29981359070428	171.0
182.30981412905476	167.0
182.3198146674052	163.0
182.3298152057557	161.0
182.33981574410618	158.0
182.34981628245663	156.0
182.3598168208071	154.0
182.36981735915757	154.0
182.37981789750805	156.0
182.3898184358585	158.0
182.39981897420898	158.0
182.40981951255944	159.0
182.41982005090992	161.0
182.42982058926037	159.0
182.43982112761086	158.0
182.44982166596134	156.0
182.4598222043118	150.0
182.46982274266227	145.0
182.47982328101273	145.0
182.4898238193632	147.0
182.49982435771366	158.0
182.50982489606415	165.0
182.5198254344146	173.0
182.52982597276508	177.0
182.53982651111554	179.0
182.54982704946602	177.0
182.5598275878165	177.0
182.56982812616695	177.0
182.57982866451744	175.0
182.5898292028679	175.0
182.59982974121837	175.0
182.60983027956883	175.0
182.6198308179193	175.0
182.62983135626976	173.0
182.63983189462024	167.0
182.6498324329707	159.0
182.65983297132118	156.0
182.66983350967166	152.0
182.67983404802212	149.0
182.6898345863726	147.0
182.69983512472305	144.0
182.70983566307353	142.0
182.719836201424	140.0
182.72983673977447	139.0
182.73983727812492	139.0
182.7498378164754	140.0
182.75983835482586	140.0
182.76983889317634	142.0
182.77983943152682	142.0
182.78983996987728	142.0
182.79984050822776	144.0
182.8098410465782	144.0
182.8198415849287	144.0
182.82984212327915	142.0
182.83984266162963	140.0
182.84984319998009	140.0
182.85984373833057	139.0
182.86984427668102	139.0
182.8798448150315	139.0
182.889845353382	139.0
182.89984589173244	140.0
182.90984643008292	144.0
182.91984696843338	156.0
182.92984750678386	169.0
182.9398480451343	179.0
182.9498485834848	187.0
182.95984912183525	199.0
182.96984966018573	206.0
182.97985019853618	208.0
182.98985073688667	203.0
182.99985127523715	192.0
183.0098518135876	169.0
183.01985235193808	156.0
183.02985289028854	145.0
183.03985342863902	142.0
183.04985396698947	137.0
183.05985450533996	136.0
183.0698550436904	134.0
183.0798555820409	134.0
183.08985612039135	134.0
183.09985665874183	136.0
183.1098571970923	139.0
183.11985773544276	140.0
183.12985827379325	142.0
183.1398588121437	142.0
183.14985935049418	142.0
183.15985988884464	139.0
183.16986042719512	134.0
183.17986096554557	131.0
183.18986150389605	125.0
183.1998620422465	122.0
183.209862580597	122.0
183.21986311894747	121.0
183.22986365729793	121.0
183.2398641956484	121.0
183.24986473399886	119.0
183.25986527234934	119.0
183.2698658106998	119.0
183.27986634905028	119.0
183.28986688740073	119.0
183.29986742575122	119.0
183.30986796410167	118.0
183.31986850245215	117.0
183.32986904080263	115.0
183.3398695791531	114.0
183.34987011750357	113.0
183.35987065585402	111.0
183.3698711942045	113.0
183.37987173255496	117.0
183.38987227090544	137.0
183.3998728092559	139.0
183.40987334760638	142.0
183.41987388595683	144.0
183.42987442430731	144.0
183.4398749626578	145.0
183.44987550100825	145.0
183.45987603935873	145.0
183.4698765777092	144.0
183.47987711605967	144.0
183.48987765441012	142.0
183.4998781927606	139.0
183.50987873111106	137.0
183.51987926946154	134.0
183.529879807812	132.0
183.53988034616248	132.0
183.54988088451293	134.0
183.5598814228634	139.0
183.5698819612139	144.0
183.57988249956435	152.0
183.58988303791483	158.0
183.59988357626528	161.0
183.60988411461577	161.0
183.61988465296622	161.0
183.6298851913167	161.0
183.63988572966716	159.0
183.64988626801764	158.0
183.6598868063681	154.0
183.66988734471857	150.0
183.67988788306906	147.0
183.6898884214195	145.0
183.69988895977	144.0
183.70988949812045	147.0
183.71989003647093	154.0
183.72989057482138	161.0
183.73989111317186	167.0
183.74989165152232	173.0
183.7598921898728	177.0
183.76989272822325	179.0
183.77989326657374	179.0
183.78989380492422	175.0
183.79989434327467	171.0
183.80989488162515	169.0
183.8198954199756	169.0
183.8298959583261	171.0
183.83989649667654	177.0
183.84989703502703	181.0
183.85989757337748	183.0
183.86989811172796	183.0
183.87989865007842	179.0
183.8898991884289	175.0
183.89989972677938	171.0
183.90990026512983	169.0
183.91990080348032	165.0
183.92990134183077	161.0
183.93990188018125	158.0
183.9499024185317	154.0
183.9599029568822	150.0
183.96990349523264	150.0
183.97990403358313	152.0
183.98990457193358	154.0
183.99990511028406	156.0
184.00990564863454	159.0
184.019906186985	161.0
184.02990672533548	161.0
184.03990726368593	156.0
184.04990780203642	152.0
184.05990834038687	149.0
184.06990887873735	147.0
184.0799094170878	149.0
184.0899099554383	161.0
184.09991049378874	169.0
184.10991103213922	177.0
184.1199115704897	181.0
184.12991210884016	183.0
184.13991264719064	185.0
184.1499131855411	185.0
184.15991372389158	185.0
184.16991426224203	185.0
184.1799148005925	183.0
184.18991533894297	181.0
184.19991587729345	177.0
184.2099164156439	173.0
184.21991695399439	169.0
184.22991749234487	161.0
184.23991803069532	152.0
184.2499185690458	145.0
184.25991910739626	0.0
184.26991964574674	0.0
184.2799201840972	0.0
184.28992072244768	0.0
184.29992126079813	0.0
184.3099217991486	213.0
184.31992233749907	213.0
184.32992287584955	213.0
184.33992341420003	210.0
184.34992395255048	210.0
184.35992449090097	210.0
184.36992502925142	210.0
184.3799255676019	213.0
184.38992610595236	213.0
184.39992664430284	213.0
184.4099271826533	213.0
184.41992772100377	208.0
184.42992825935423	201.0
184.4399287977047	190.0
184.4499293360552	167.0
184.45992987440565	163.0
184.46993041275613	161.0
184.47993095110658	165.0
184.48993148945706	167.0
184.49993202780752	171.0
184.509932566158	173.0
184.51993310450845	177.0
184.52993364285894	179.0
184.5399341812094	181.0
184.54993471955987	183.0
184.55993525791035	183.0
184.5699357962608	183.0
184.5799363346113	183.0
184.58993687296174	179.0
184.59993741131223	177.0
184.60993794966268	0.0
184.61993848801316	0.0
184.62993902636362	0.0
184.6399395647141	0.0
184.64994010306455	0.0
184.65994064141503	0.0
184.66994117976552	0.0
184.67994171811597	215.0
184.68994225646645	215.0
184.6999427948169	213.0
184.7099433331674	213.0
184.71994387151784	210.0
184.72994440986832	210.0
184.73994494821878	210.0
184.74994548656926	210.0
184.7599460249197	210.0
184.7699465632702	213.0
184.77994710162068	213.0
184.78994763997113	215.0
184.7999481783216	215.0
184.80994871667207	213.0
184.81994925502255	206.0
184.829949793373	196.0
184.8399503317235	196.0
184.84995087007394	199.0
184.85995140842442	203.0
184.86995194677488	234.0
184.87995248512536	250.0
184.88995302347584	253.0
184.8999535618263	248.0
184.90995410017678	242.0
184.91995463852723	236.0
184.9299551768777	231.0
184.93995571522817	228.0
184.94995625357865	228.0
184.9599567919291	228.0
184.96995733027958	234.0
184.97995786863004	239.0
184.98995840698052	248.0
184.999958945331	250.0
185.00995948368146	256.0
185.01996002203194	256.0
185.0299605603824	253.0
185.03996109873287	248.0
185.04996163708333	239.0
185.0599621754338	228.0
185.06996271378426	223.0
185.07996325213475	220.0
185.0899637904852	223.0
185.09996432883568	228.0
185.10996486718616	245.0
185.11996540553662	259.0
185.1299659438871	281.0
185.13996648223755	294.0
185.14996702058804	301.0
185.1599675589385	305.0
185.16996809728897	298.0
185.17996863563943	0.0
185.1899691739899	0.0
185.19996971234036	0.0
185.20997025069084	0.0
185.2199707890413	0.0
185.22997132739178	0.0
185.23997186574226	0.0
185.24997240409272	0.0
185.2599729424432	0.0
185.26997348079365	0.0
185.27997401914413	242.0
185.2899745574946	239.0
185.29997509584507	236.0
185.30997563419552	236.0
185.319976172546	234.0
185.32997671089646	234.0
185.33997724924694	236.0
185.34997778759742	239.0
185.35997832594788	242.0
185.36997886429836	248.0
185.37997940264881	256.0
185.3899799409993	259.0
185.39998047934975	265.0
185.40998101770023	268.0
185.4199815560507	268.0
185.42998209440117	268.0
185.43998263275162	265.0
185.4499831711021	256.0
185.4599837094526	245.0
185.46998424780304	236.0
185.47998478615352	228.0
185.48998532450398	223.0
185.49998586285446	218.0
185.5099864012049	218.0
185.5199869395554	215.0
185.52998747790585	215.0
185.53998801625633	215.0
185.54998855460678	213.0
185.55998909295727	213.0
185.56998963130775	213.0
185.5799901696582	210.0
185.58999070800868	210.0
185.59999124635914	210.0
185.60999178470962	208.0
185.61999232306007	208.0
185.62999286141056	208.0
185.639993399761	206.0
185.6499939381115	203.0
185.65999447646195	0.0
185.66999501481243	0.0
185.6799955531629	0.0
185.68999609151336	0.0
185.69999662986385	0.0
185.7099971682143	0.0
185.71999770656478	0.0
185.72999824491524	0.0
185.73999878326572	0.0
185.74999932161617	0.0
185.75999985996665	0.0
185.7700003983171	0.0
185.7800009366676	0.0
185.79000147501807	0.0
185.80000201336853	0.0
185.810002551719	0.0
185.82000309006946	0.0
185.83000362841995	0.0
185.8400041667704	0.0
185.85000470512088	0.0
185.86000524347133	0.0
185.87000578182182	0.0
185.88000632017227	0.0
185.89000685852275	0.0
185.90000739687324	0.0
185.9100079352237	0.0
185.92000847357417	0.0
185.93000901192462	0.0
185.9400095502751	0.0
185.95001008862556	0.0
185.96001062697604	0.0
185.9700111653265	0.0
185.98001170367698	0.0
185.99001224202743	0.0
186.00001278037792	0.0
186.0100133187284	0.0
186.02001385707885	0.0
186.03001439542933	179.0
186.0400149337798	181.0
186.05001547213027	181.0
186.06001601048072	179.0
186.0700165488312	177.0
186.08001708718166	171.0
186.09001762553214	169.0
186.1000181638826	165.0
186.11001870223308	163.0
186.12001924058356	163.0
186.130019778934	165.0
186.1400203172845	167.0
186.15002085563495	173.0
186.16002139398543	179.0
186.17002193233589	185.0
186.18002247068637	187.0
186.19002300903682	187.0
186.2000235473873	187.0
186.21002408573776	187.0
186.22002462408824	190.0
186.23002516243872	203.0
186.24002570078918	215.0
186.25002623913966	206.0
186.2600267774901	190.0
186.2700273158406	179.0
186.28002785419105	167.0
186.29002839254153	167.0
186.30002893089198	167.0
186.31002946924247	169.0
186.32003000759292	175.0
186.3300305459434	185.0
186.34003108429388	192.0
186.35003162264434	203.0
186.36003216099482	210.0
186.37003269934527	213.0
186.38003323769576	210.0
186.3900337760462	206.0
186.4000343143967	203.0
186.41003485274715	206.0
186.42003539109763	206.0
186.43003592944808	213.0
186.44003646779856	213.0
186.45003700614905	210.0
186.4600375444995	210.0
186.47003808284998	210.0
186.48003862120044	218.0
186.49003915955092	228.0
186.50003969790137	239.0
186.51004023625185	250.0
186.5200407746023	262.0
186.5300413129528	265.0
186.54004185130324	268.0
186.55004238965373	268.0
186.5600429280042	265.0
186.57004346635466	256.0
186.58004400470514	0.0
186.5900445430556	218.0
186.60004508140608	218.0
186.61004561975653	218.0
186.62004615810702	215.0
186.63004669645747	215.0
186.64004723480795	215.0
186.6500477731584	215.0
186.6600483115089	215.0
186.67004884985937	215.0
186.68004938820982	215.0
186.6900499265603	215.0
186.70005046491076	215.0
186.71005100326124	215.0
186.7200515416117	213.0
186.73005207996218	213.0
186.74005261831263	208.0
186.7500531566631	206.0
186.76005369501357	194.0
186.77005423336405	187.0
186.78005477171453	185.0
186.790055310065	190.0
186.80005584841547	220.0
186.81005638676592	228.0
186.8200569251164	234.0
186.83005746346686	239.0
186.84005800181734	242.0
186.8500585401678	242.0
186.86005907851828	242.0
186.87005961686873	242.0
186.8800601552192	239.0
186.8900606935697	239.0
186.90006123192015	236.0
186.91006177027063	234.0
186.92006230862108	231.0
186.93006284697157	228.0
186.94006338532202	226.0
186.9500639236725	226.0
186.96006446202296	234.0
186.97006500037344	242.0
186.9800655387239	259.0
186.99006607707437	272.0
187.00006661542483	278.0
187.0100671537753	281.0
187.0200676921258	284.0
187.03006823047625	284.0
187.04006876882673	284.0
187.05006930717718	284.0
187.06006984552766	281.0
187.07007038387812	281.0
187.0800709222286	278.0
187.09007146057905	278.0
187.10007199892954	275.0
187.11007253728	272.0
187.12007307563047	268.0
187.13007361398095	268.0
187.1400741523314	272.0
187.1500746906819	281.0
187.16007522903234	291.0
187.17007576738283	301.0
187.18007630573328	308.0
187.19007684408376	316.0
187.20007738243422	319.0
187.2100779207847	319.0
187.22007845913515	319.0
187.23007899748563	319.0
187.24007953583612	316.0
187.25008007418657	312.0
187.26008061253705	308.0
187.2700811508875	301.0
187.280081689238	272.0
187.29008222758844	262.0
187.30008276593892	262.0
187.31008330428938	268.0
187.32008384263986	319.0
187.33008438099031	334.0
187.3400849193408	342.0
187.35008545769128	354.0
187.36008599604173	358.0
187.37008653439221	358.0
187.38008707274267	358.0
187.39008761109315	358.0
187.4000881494436	358.0
187.4100886877941	354.0
187.42008922614454	354.0
187.43008976449502	354.0
187.44009030284548	354.0
187.45009084119596	354.0
187.46009137954644	350.0
187.4700919178969	346.0
187.48009245624738	342.0
187.49009299459783	346.0
187.5000935329483	350.0
187.51009407129877	354.0
187.52009460964925	354.0
187.5300951479997	354.0
187.54009568635018	354.0
187.55009622470064	354.0
187.56009676305112	354.0
187.5700973014016	354.0
187.58009783975206	354.0
187.59009837810254	354.0
187.600098916453	354.0
187.61009945480347	354.0
187.62009999315393	354.0
187.6301005315044	358.0
187.64010106985486	358.0
187.65010160820535	354.0
187.6601021465558	354.0
187.67010268490628	350.0
187.68010322325676	342.0
187.69010376160722	338.0
187.7001042999577	334.0
187.71010483830815	327.0
187.72010537665864	323.0
187.7301059150091	319.0
187.74010645335957	319.0
187.75010699171003	319.0
187.7601075300605	319.0
187.77010806841096	319.0
187.78010860676144	319.0
187.79010914511193	319.0
187.80010968346238	319.0
187.81011022181286	319.0
187.82011076016332	275.0
187.8301112985138	272.0
187.84011183686425	272.0
187.85011237521474	272.0
187.8601129135652	281.0
187.87011345191567	319.0
187.88011399026612	358.0
187.8901145286166	358.0
187.9001150669671	358.0
187.91011560531754	358.0
187.92011614366803	358.0
187.93011668201848	358.0
187.94011722036896	358.0
187.95011775871941	358.0
187.9601182970699	358.0
187.97011883542035	358.0
187.98011937377083	358.0
187.9901199121213	358.0
188.00012045047177	354.0
188.01012098882225	350.0
188.0201215271727	338.0
188.0301220655232	327.0
188.04012260387364	327.0
188.05012314222412	331.0
188.06012368057458	327.0
188.07012421892506	323.0
188.0801247572755	316.0
188.090125295626	312.0
188.10012583397645	308.0
188.11012637232693	308.0
188.1201269106774	312.0
188.13012744902787	312.0
188.14012798737835	319.0
188.1501285257288	327.0
188.16012906407929	338.0
188.17012960242974	346.0
188.18013014078022	346.0
188.19013067913068	342.0
188.20013121748116	342.0
188.2101317558316	334.0
188.2201322941821	323.0
188.23013283253258	312.0
188.24013337088303	298.0
188.2501339092335	284.0
188.26013444758397	281.0
188.27013498593445	278.0
188.2801355242849	278.0
188.29013606263538	278.0
188.30013660098584	281.0
188.31013713933632	281.0
188.32013767768677	281.0
188.33013821603726	284.0
188.34013875438774	284.0
188.3501392927382	281.0
188.36013983108867	281.0
188.37014036943913	281.0
188.3801409077896	278.0
188.39014144614006	278.0
188.40014198449055	278.0
188.410142522841	281.0
188.42014306119148	284.0
188.43014359954194	284.0
188.44014413789242	284.0
188.4501446762429	284.0
188.46014521459335	284.0
188.47014575294384	288.0
188.4801462912943	298.0
188.49014682964477	316.0
188.50014736799523	331.0
188.5101479063457	350.0
188.52014844469616	367.0
188.53014898304664	457.0
188.5401495213971	447.0
188.55015005974758	436.0
188.56015059809806	421.0
188.57015113644852	384.0
188.580151674799	354.0
188.59015221314945	327.0
188.60015275149993	316.0
188.6101532898504	308.0
188.62015382820087	308.0
188.63015436655132	312.0
188.6401549049018	316.0
188.65015544325226	323.0
188.66015598160274	327.0
188.6701565199532	334.0
188.68015705830368	338.0
188.69015759665416	338.0
188.7001581350046	338.0
188.7101586733551	334.0
188.72015921170555	327.0
188.73015975005603	312.0
188.74016028840649	298.0
188.75016082675697	278.0
188.76016136510742	262.0
188.7701619034579	250.0
188.78016244180836	245.0
188.79016298015884	242.0
188.80016351850932	239.0
188.81016405685978	239.0
188.82016459521026	239.0
188.8301651335607	239.0
188.8401656719112	239.0
188.85016621026165	239.0
188.86016674861213	239.0
188.87016728696258	239.0
188.88016782531307	236.0
188.89016836366352	223.0
188.900168902014	208.0
188.91016944036448	208.0
188.92016997871494	210.0
188.93017051706542	231.0
188.94017105541587	253.0
188.95017159376636	262.0
188.9601721321168	265.0
188.9701726704673	272.0
188.98017320881775	275.0
188.99017374716823	281.0
189.00017428551868	284.0
189.01017482386916	284.0
189.02017536221965	284.0
189.0301759005701	284.0
189.04017643892058	284.0
189.05017697727104	284.0
189.06017751562152	284.0
189.07017805397197	281.0
189.08017859232245	281.0
189.0901791306729	259.0
189.1001796690234	259.0
189.11018020737384	281.0
189.12018074572433	281.0
189.1301812840748	284.0
189.14018182242526	281.0
189.15018236077574	281.0
189.1601828991262	281.0
189.17018343747668	281.0
189.18018397582713	281.0
189.19018451417762	281.0
189.20018505252807	284.0
189.21018559087855	284.0
189.220186129229	284.0
189.2301866675795	284.0
189.24018720592997	281.0
189.25018774428042	278.0
189.2601882826309	275.0
189.27018882098136	265.0
189.28018935933184	253.0
189.2901898976823	234.0
189.30019043603278	220.0
189.31019097438323	213.0
189.32019151273371	210.0
189.33019205108417	210.0
189.34019258943465	210.0
189.35019312778513	210.0
189.3601936661356	210.0
189.37019420448607	213.0
189.38019474283652	215.0
189.390195281187	215.0
189.40019581953746	218.0
189.41019635788794	218.0
189.4201968962384	208.0
189.43019743458888	199.0
189.44019797293933	190.0
189.4501985112898	190.0
189.4601990496403	194.0
189.47019958799075	220.0
189.48020012634123	226.0
189.49020066469168	231.0
189.50020120304217	236.0
189.51020174139262	239.0
189.5202022797431	242.0
189.53020281809356	242.0
189.54020335644404	242.0
189.5502038947945	242.0
189.56020443314497	239.0
189.57020497149546	236.0
189.5802055098459	234.0
189.5902060481964	231.0
189.60020658654685	228.0
189.61020712489733	226.0
189.62020766324778	226.0
189.63020820159826	228.0
189.64020873994872	239.0
189.6502092782992	259.0
189.66020981664965	268.0
189.67021035500014	275.0
189.68021089335062	281.0
189.69021143170107	284.0
189.70021197005155	284.0
189.710212508402	288.0
189.7202130467525	288.0
189.73021358510294	288.0
189.74021412345343	288.0
189.75021466180388	288.0
189.76021520015436	284.0
189.77021573850482	281.0
189.7802162768553	278.0
189.79021681520578	275.0
189.80021735355623	272.0
189.81021789190672	272.0
189.82021843025717	288.0
189.83021896860765	294.0
189.8402195069581	305.0
189.8502200453086	312.0
189.86022058365904	319.0
189.87022112200953	323.0
189.88022166035998	323.0
189.89022219871046	323.0
189.90022273706094	319.0
189.9102232754114	316.0
189.92022381376188	312.0
189.93022435211233	308.0
189.94022489046282	305.0
189.95022542881327	298.0
189.96022596716375	281.0
189.9702265055142	265.0
189.9802270438647	265.0
189.99022758221514	272.0
190.00022812056562	281.0
190.0102286589161	319.0
190.02022919726656	342.0
190.03022973561704	363.0
190.0402302739675	363.0
190.05023081231798	363.0
190.06023135066843	363.0
190.0702318890189	363.0
190.08023242736937	363.0
190.09023296571985	358.0
190.1002335040703	358.0
190.11023404242079	363.0
190.12023458077127	363.0
190.13023511912172	363.0
190.1402356574722	363.0
190.15023619582266	363.0
190.16023673417314	350.0
190.1702372725236	342.0
190.18023781087408	334.0
190.19023834922453	334.0
190.200238887575	334.0
190.21023942592547	334.0
190.22023996427595	331.0
190.23024050262643	316.0
190.24024104097688	308.0
190.25024157932737	301.0
190.26024211767782	301.0
190.2702426560283	301.0
190.28024319437876	305.0
190.29024373272924	316.0
190.3002442710797	327.0
190.31024480943017	342.0
190.32024534778063	350.0
190.3302458861311	350.0
190.34024642448156	350.0
190.35024696283205	346.0
190.36024750118253	342.0
190.37024803953298	331.0
190.38024857788346	319.0
190.39024911623392	301.0
190.4002496545844	284.0
190.41025019293485	278.0
190.42025073128534	275.0
190.4302512696358	275.0
190.44025180798627	278.0
190.45025234633673	278.0
190.4602528846872	284.0
190.4702534230377	288.0
190.48025396138814	288.0
190.49025449973863	288.0
190.50025503808908	284.0
190.51025557643956	281.0
190.52025611479002	275.0
190.5302566531405	265.0
190.54025719149095	245.0
190.55025772984143	239.0
190.5602582681919	226.0
190.57025880654237	213.0
190.58025934489285	208.0
190.5902598832433	206.0
190.6002604215938	208.0
190.61026095994424	213.0
190.62026149829472	226.0
190.63026203664518	242.0
190.64026257499566	275.0
190.6502631133461	288.0
190.6602636516966	305.0
190.67026419004705	316.0
190.68026472839753	319.0
190.690265266748	319.0
190.70026580509847	312.0
190.71026634344895	265.0
190.7202668817994	262.0
190.7302674201499	284.0
190.74026795850034	262.0
190.75026849685082	259.0
190.76026903520128	248.0
190.77026957355176	242.0
190.7802701119022	236.0
190.7902706502527	234.0
190.80027118860318	234.0
190.81027172695363	236.0
190.8202722653041	242.0
190.83027280365457	250.0
190.84027334200505	259.0
190.8502738803555	268.0
190.86027441870598	278.0
190.87027495705644	278.0
190.88027549540692	278.0
190.89027603375737	272.0
190.90027657210786	262.0
190.91027711045834	245.0
190.9202776488088	228.0
190.93027818715927	215.0
190.94027872550973	210.0
190.9502792638602	208.0
190.96027980221066	208.0
190.97028034056115	208.0
190.9802808789116	208.0
190.99028141726208	210.0
191.00028195561254	210.0
191.01028249396302	213.0
191.0202830323135	215.0
191.03028357066395	215.0
191.04028410901444	215.0
191.0502846473649	213.0
191.06028518571537	206.0
191.07028572406583	199.0
191.0802862624163	194.0
191.09028680076676	187.0
191.10028733911724	181.0
191.1102878774677	175.0
191.12028841581818	171.0
191.13028895416866	169.0
191.14028949251912	167.0
191.1502900308696	169.0
191.16029056922005	171.0
191.17029110757053	175.0
191.180291645921	181.0
191.19029218427147	187.0
191.20029272262192	194.0
191.2102932609724	199.0
191.22029379932286	199.0
191.23029433767334	199.0
191.24029487602382	187.0
191.25029541437428	179.0
191.26029595272476	167.0
191.27029649107521	159.0
191.2802970294257	156.0
191.29029756777615	154.0
191.30029810612663	154.0
191.3102986444771	154.0
191.32029918282757	158.0
191.33029972117802	159.0
191.3403002595285	161.0
191.350300797879	165.0
191.36030133622944	167.0
191.37030187457992	171.0
191.38030241293038	175.0
191.39030295128086	175.0
191.4003034896313	175.0
191.4103040279818	171.0
191.42030456633225	167.0
191.43030510468273	158.0
191.44030564303318	149.0
191.45030618138367	142.0
191.46030671973415	139.0
191.4703072580846	139.0
191.48030779643508	139.0
191.49030833478554	140.0
191.50030887313602	140.0
191.51030941148647	142.0
191.52030994983696	142.0
191.5303104881874	144.0
191.5403110265379	144.0
191.55031156488835	144.0
191.56031210323883	144.0
191.5703126415893	142.0
191.58031317993976	140.0
191.59031371829025	139.0
191.6003142566407	136.0
191.61031479499118	134.0
191.62031533334164	136.0
191.63031587169212	139.0
191.64031641004257	144.0
191.65031694839305	150.0
191.6603174867435	154.0
191.670318025094	154.0
191.68031856344447	156.0
191.69031910179493	156.0
191.7003196401454	158.0
191.71032017849586	158.0
191.72032071684635	158.0
191.7303212551968	158.0
191.74032179354728	158.0
191.75032233189773	156.0
191.76032287024822	150.0
191.77032340859867	145.0
191.78032394694915	145.0
191.79032448529964	147.0
191.8003250236501	156.0
191.81032556200057	171.0
191.82032610035102	179.0
191.8303266387015	179.0
191.84032717705196	179.0
191.85032771540244	177.0
191.8603282537529	177.0
191.87032879210338	177.0
191.88032933045383	179.0
191.89032986880432	179.0
191.9003304071548	179.0
191.91033094550525	179.0
191.92033148385573	179.0
191.9303320222062	177.0
191.94033256055667	177.0
191.95033309890712	175.0
191.9603336372576	161.0
191.97033417560806	0.0
191.98033471395854	0.0
191.990335252309	215.0
192.00033579065948	215.0
192.01033632900993	215.0
192.0203368673604	215.0
192.0303374057109	215.0
192.04033794406135	215.0
192.05033848241183	215.0
192.06033902076229	215.0
192.07033955911277	218.0
192.08034009746322	215.0
192.0903406358137	215.0
192.10034117416416	213.0
192.11034171251464	213.0
192.1203422508651	208.0
192.13034278921558	203.0
192.14034332756606	199.0
192.1503438659165	196.0
192.160344404267	220.0
192.17034494261745	228.0
192.18034548096793	234.0
192.19034601931838	234.0
192.20034655766887	236.0
192.21034709601932	239.0
192.2203476343698	239.0
192.23034817272026	239.0
192.24034871107074	242.0
192.25034924942122	242.0
192.26034978777167	242.0
192.27035032612216	242.0
192.2803508644726	239.0
192.2903514028231	236.0
192.30035194117355	206.0
192.31035247952403	196.0
192.32035301787448	187.0
192.33035355622496	187.0
192.34035409457542	196.0
192.3503546329259	203.0
192.36035517127638	206.0
192.37035570962684	206.0
192.38035624797732	206.0
192.39035678632777	208.0
192.40035732467825	208.0
192.4103578630287	208.0
192.4203584013792	208.0
192.43035893972964	208.0
192.44035947808013	208.0
192.45036001643058	208.0
192.46036055478106	206.0
192.47036109313154	201.0
192.480361631482	199.0
192.49036216983248	194.0
192.50036270818293	190.0
192.51036324653342	187.0
192.52036378488387	190.0
192.53036432323435	196.0
192.5403648615848	226.0
192.5503653999353	231.0
192.56036593828574	234.0
192.57036647663622	236.0
192.5803670149867	236.0
192.59036755333716	236.0
192.60036809168764	234.0
192.6103686300381	231.0
192.62036916838858	231.0
192.63036970673903	228.0
192.6403702450895	228.0
192.65037078343997	228.0
192.66037132179045	226.0
192.6703718601409	226.0
192.6803723984914	228.0
192.69037293684187	228.0
192.70037347519232	236.0
192.7103740135428	248.0
192.72037455189326	259.0
192.73037509024374	275.0
192.7403756285942	281.0
192.75037616694468	284.0
192.76037670529513	284.0
192.7703772436456	288.0
192.78037778199607	288.0
192.79037832034655	288.0
192.80037885869703	288.0
192.81037939704748	284.0
192.82037993539797	284.0
192.83038047374842	281.0
192.8403810120989	278.0
192.85038155044936	272.0
192.86038208879984	265.0
192.8703826271503	265.0
192.88038316550077	281.0
192.89038370385123	291.0
192.9003842422017	301.0
192.9103847805522	316.0
192.92038531890265	327.0
192.93038585725313	331.0
192.94038639560358	334.0
192.95038693395406	334.0
192.96038747230452	331.0
192.970388010655	327.0
192.98038854900545	323.0
192.99038908735594	319.0
193.0003896257064	319.0
193.01039016405687	312.0
193.02039070240735	305.0
193.0303912407578	281.0
193.0403917791083	278.0
193.05039231745874	281.0
193.06039285580923	334.0
193.07039339415968	346.0
193.08039393251016	350.0
193.09039447086062	354.0
193.1003950092111	354.0
193.11039554756155	354.0
193.12039608591203	354.0
193.13039662426252	354.0
193.14039716261297	354.0
193.15039770096345	354.0
193.1603982393139	350.0
193.1703987776644	350.0
193.18039931601484	350.0
193.19039985436532	350.0
193.20040039271578	350.0
193.21040093106626	342.0
193.22040146941671	338.0
193.2304020077672	334.0
193.24040254611768	342.0
193.25040308446813	354.0
193.26040362281861	350.0
193.27040416116907	350.0
193.28040469951955	350.0
193.29040523787	350.0
193.3004057762205	350.0
193.31040631457094	354.0
193.32040685292142	354.0
193.33040739127188	354.0
193.34040792962236	354.0
193.35040846797284	358.0
193.3604090063233	354.0
193.37040954467378	354.0
193.38041008302423	350.0
193.3904106213747	350.0
193.40041115972517	342.0
193.41041169807565	338.0
193.4204122364261	331.0
193.43041277477658	327.0
193.44041331312704	319.0
193.45041385147752	316.0
193.460414389828	316.0
193.47041492817846	316.0
193.48041546652894	316.0
193.4904160048794	319.0
193.50041654322987	319.0
193.51041708158033	323.0
193.5204176199308	323.0
193.53041815828126	323.0
193.54041869663175	319.0
193.5504192349822	281.0
193.56041977333268	272.0
193.57042031168316	268.0
193.58042085003362	268.0
193.5904213883841	272.0
193.60042192673455	281.0
193.61042246508504	358.0
193.6204230034355	358.0
193.63042354178597	363.0
193.64042408013643	358.0
193.6504246184869	358.0
193.66042515683736	358.0
193.67042569518784	358.0
193.68042623353833	358.0
193.69042677188878	358.0
193.70042731023926	358.0
193.71042784858972	358.0
193.7204283869402	358.0
193.73042892529065	358.0
193.74042946364114	358.0
193.7504300019916	358.0
193.76043054034207	350.0
193.77043107869252	323.0
193.780431617043	319.0
193.79043215539346	323.0
193.80043269374394	327.0
193.81043323209443	342.0
193.82043377044488	334.0
193.83043430879536	316.0
193.84043484714581	308.0
193.8504353854963	305.0
193.86043592384675	305.0
193.87043646219723	305.0
193.8804370005477	308.0
193.89043753889817	312.0
193.90043807724862	316.0
193.9104386155991	323.0
193.9204391539496	331.0
193.93043969230004	338.0
193.94044023065052	338.0
193.95044076900098	338.0
193.96044130735146	334.0
193.9704418457019	323.0
193.9804423840524	312.0
193.99044292240285	298.0
194.00044346075333	288.0
194.01044399910379	281.0
194.02044453745427	278.0
194.03044507580475	278.0
194.0404456141552	278.0
194.05044615250569	278.0
194.06044669085614	278.0
194.07044722920662	278.0
194.08044776755708	281.0
194.09044830590756	281.0
194.100448844258	281.0
194.1104493826085	281.0
194.12044992095895	281.0
194.13045045930943	281.0
194.1404509976599	288.0
194.15045153601037	291.0
194.16045207436085	291.0
194.1704526127113	294.0
194.18045315106178	291.0
194.19045368941224	288.0
194.20045422776272	288.0
194.21045476611317	288.0
194.22045530446366	298.0
194.2304558428141	316.0
194.2404563811646	342.0
194.25045691951507	358.0
194.26045745786553	371.0
194.270457996216	367.0
194.28045853456646	363.0
194.29045907291695	350.0
194.3004596112674	338.0
194.31046014961788	312.0
194.32046068796834	298.0
194.33046122631882	259.0
194.34046176466927	248.0
194.35046230301975	242.0
194.36046284137024	236.0
194.3704633797207	231.0
194.38046391807117	228.0
194.39046445642163	228.0
194.4004649947721	228.0
194.41046553312256	231.0
194.42046607147304	236.0
194.4304666098235	239.0
194.44046714817398	242.0
194.45046768652443	248.0
194.46046822487492	253.0
194.4704687632254	256.0
194.48046930157585	256.0
194.49046983992633	256.0
194.5004703782768	253.0
194.51047091662727	248.0
194.52047145497772	242.0
194.5304719933282	236.0
194.54047253167866	231.0
194.55047307002914	228.0
194.5604736083796	228.0
194.57047414673008	234.0
194.58047468508056	234.0
194.590475223431	234.0
194.6004757617815	234.0
194.61047630013195	231.0
194.62047683848243	223.0
194.63047737683289	215.0
194.64047791518337	213.0
194.65047845353382	0.0
194.6604789918843	0.0
194.67047953023476	284.0
194.68048006858524	288.0
194.69048060693572	284.0
194.70048114528618	284.0
194.71048168363666	281.0
194.7204822219871	281.0
194.7304827603376	281.0
194.74048329868805	281.0
194.75048383703853	284.0
194.76048437538898	284.0
194.77048491373947	288.0
194.78048545208992	288.0
194.7904859904404	288.0
194.80048652879088	288.0
194.81048706714134	284.0
194.82048760549182	278.0
194.83048814384227	242.0
194.84048868219276	239.0
194.8504892205432	239.0
194.8604897588937	234.0
194.87049029724415	231.0
194.88049083559463	223.0
194.89049137394508	218.0
194.90049191229556	218.0
194.91049245064605	223.0
194.9204929889965	231.0
194.93049352734698	239.0
194.94049406569744	248.0
194.95049460404792	259.0
194.96049514239837	262.0
194.97049568074885	262.0
194.9804962190993	259.0
194.9904967574498	248.0
195.00049729580024	236.0
195.01049783415073	223.0
195.0204983725012	210.0
195.03049891085166	206.0
195.04049944920214	203.0
195.0504999875526	206.0
195.06050052590308	206.0
195.07050106425353	208.0
195.08050160260402	210.0
195.09050214095447	213.0
195.10050267930495	213.0
195.1105032176554	213.0
195.1205037560059	213.0
195.13050429435637	210.0
195.14050483270682	206.0
195.1505053710573	201.0
195.16050590940776	192.0
195.17050644775824	187.0
195.1805069861087	187.0
195.19050752445918	190.0
195.20050806280963	194.0
195.21050860116011	228.0
195.22050913951057	231.0
195.23050967786105	234.0
195.24051021621153	236.0
195.250510754562	239.0
195.26051129291247	239.0
195.27051183126292	239.0
195.2805123696134	239.0
195.29051290796386	239.0
195.30051344631434	236.0
195.3105139846648	234.0
195.32051452301528	234.0
195.33051506136573	231.0
195.3405155997162	228.0
195.3505161380667	226.0
195.36051667641715	226.0
195.37051721476763	239.0
195.38051775311808	256.0
195.39051829146857	272.0
195.40051882981902	275.0
195.4105193681695	278.0
195.42051990651996	281.0
195.43052044487044	281.0
195.4405209832209	281.0
195.45052152157137	281.0
195.46052205992183	281.0
195.4705225982723	281.0
195.4805231366228	281.0
195.49052367497325	278.0
195.50052421332373	278.0
195.51052475167418	275.0
195.52052529002466	275.0
195.53052582837512	275.0
195.5405263667256	275.0
195.55052690507605	288.0
195.56052744342654	305.0
195.570527981777	319.0
195.58052852012747	327.0
195.59052905847796	334.0
195.6005295968284	338.0
195.6105301351789	338.0
195.62053067352934	334.0
195.63053121187983	331.0
195.64053175023028	323.0
195.65053228858076	316.0
195.66053282693122	312.0
195.6705333652817	308.0
195.68053390363215	294.0
195.69053444198263	278.0
195.70053498033312	278.0
195.71053551868357	281.0
195.72053605703405	288.0
195.7305365953845	354.0
195.740537133735	363.0
195.75053767208544	363.0
195.76053821043593	363.0
195.77053874878638	363.0
195.78053928713686	363.0
195.79053982548731	363.0
195.8005403638378	363.0
195.81054090218828	358.0
195.82054144053873	358.0
195.83054197888922	358.0
195.84054251723967	358.0
195.85054305559015	358.0
195.8605435939406	358.0
195.8705441322911	354.0
195.88054467064154	354.0
195.89054520899202	350.0
195.90054574734248	323.0
195.91054628569296	323.0
195.92054682404344	319.0
195.9305473623939	316.0
195.94054790074438	312.0
195.95054843909483	305.0
195.9605489774453	305.0
195.97054951579577	308.0
195.98055005414625	323.0
195.9905505924967	327.0
196.00055113084719	342.0
196.01055166919764	346.0
196.02055220754812	350.0
196.0305527458986	350.0
196.04055328424906	350.0
196.05055382259954	346.0
196.06055436095	334.0
196.07055489930048	323.0
196.08055543765093	305.0
196.0905559760014	288.0
196.10055651435187	278.0
196.11055705270235	272.0
196.1205575910528	272.0
196.13055812940328	272.0
196.14055866775377	272.0
196.15055920610422	275.0
196.1605597444547	278.0
196.17056028280516	278.0
196.18056082115564	281.0
196.1905613595061	284.0
196.20056189785657	284.0
196.21056243620703	281.0
196.2205629745575	278.0
196.23056351290796	272.0
196.24056405125845	239.0
196.25056458960893	236.0
196.26056512795938	231.0
196.27056566630986	226.0
196.28056620466032	215.0
196.2905667430108	206.0
196.30056728136125	196.0
196.31056781971174	194.0
196.3205683580622	196.0
196.33056889641267	206.0
196.34056943476313	220.0
196.3505699731136	236.0
196.3605705114641	253.0
196.37057104981454	291.0
196.38057158816503	305.0
196.39057212651548	308.0
196.40057266486596	308.0
196.41057320321642	305.0
196.4205737415669	0.0
196.43057427991735	0.0
196.44057481826783	0.0
196.4505753566183	256.0
196.46057589496877	250.0
196.47057643331925	245.0
196.4805769716697	234.0
196.4905775100202	228.0
196.50057804837064	226.0
196.51057858672112	226.0
196.52057912507158	226.0
196.53057966342206	234.0
196.5405802017725	242.0
196.550580740123	253.0
196.56058127847345	262.0
196.57058181682393	268.0
196.5805823551744	272.0
196.59058289352487	272.0
196.60058343187535	268.0
196.6105839702258	265.0
196.6205845085763	256.0
196.63058504692674	239.0
196.64058558527722	223.0
196.65058612362768	0.0
196.66058666197816	0.0
196.6705872003286	0.0
196.6805877386791	0.0
196.69058827702958	0.0
196.70058881538003	0.0
196.7105893537305	0.0
196.72058989208097	0.0
196.73059043043145	0.0
196.7405909687819	0.0
196.75059150713238	0.0
196.76059204548284	0.0
196.77059258383332	0.0
196.78059312218377	0.0
196.79059366053426	0.0
196.80059419888474	0.0
196.8105947372352	0.0
196.82059527558567	0.0
196.83059581393613	0.0
196.8405963522866	0.0
196.85059689063706	0.0
196.86059742898755	0.0
196.870597967338	183.0
196.88059850568848	179.0
196.89059904403894	175.0
196.90059958238942	171.0
196.9106001207399	169.0
196.92060065909035	169.0
196.93060119744084	169.0
196.9406017357913	173.0
196.95060227414177	179.0
196.96060281249223	190.0
196.9706033508427	199.0
196.98060388919316	208.0
196.99060442754364	210.0
197.0006049658941	210.0
197.01060550424458	203.0
197.02060604259506	190.0
197.03060658094552	181.0
197.040607119296	171.0
197.05060765764645	163.0
197.06060819599693	159.0
197.0706087343474	156.0
197.08060927269787	156.0
197.09060981104832	156.0
197.1006103493988	159.0
197.11061088774926	163.0
197.12061142609974	167.0
197.13061196445022	173.0
197.14061250280068	175.0
197.15061304115116	181.0
197.16061357950161	187.0
197.1706141178521	190.0
197.18061465620255	190.0
197.19061519455303	187.0
197.2006157329035	179.0
197.21061627125397	167.0
197.22061680960442	154.0
197.2306173479549	147.0
197.24061788630536	144.0
197.25061842465584	142.0
197.26061896300632	140.0
197.27061950135678	140.0
197.28062003970726	140.0
197.2906205780577	139.0
197.3006211164082	139.0
197.31062165475865	139.0
197.32062219310913	140.0
197.33062273145958	140.0
197.34062326981007	140.0
197.35062380816052	140.0
197.360624346511	140.0
197.37062488486148	136.0
197.38062542321194	132.0
197.39062596156242	131.0
197.40062649991287	131.0
197.41062703826336	137.0
197.4206275766138	147.0
197.4306281149643	152.0
197.44062865331475	171.0
197.45062919166523	185.0
197.46062973001568	248.0
197.47063026836616	256.0
197.48063080671665	262.0
197.4906313450671	262.0
197.50063188341758	245.0
197.51063242176804	231.0
197.52063296011852	218.0
197.53063349846897	213.0
197.54063403681945	218.0
197.5506345751699	110.0
197.5606351135204	121.0
197.57063565187084	245.0
197.58063619022133	124.0
197.5906367285718	137.0
197.60063726692226	156.0
197.61063780527275	165.0
197.6206383436232	173.0
197.63063888197368	177.0
197.64063942032413	181.0
197.65063995867462	183.0
197.66064049702507	183.0
197.67064103537555	183.0
197.680641573726	181.0
197.6906421120765	177.0
197.70064265042697	173.0
197.71064318877742	171.0
197.7206437271279	173.0
197.73064426547836	175.0
197.74064480382884	177.0
197.7506453421793	177.0
197.76064588052978	177.0
197.77064641888023	177.0
197.78064695723072	175.0
197.79064749558117	173.0
197.80064803393165	171.0
197.81064857228213	171.0
197.8206491106326	169.0
197.83064964898307	169.0
197.84065018733352	171.0
197.850650725684	173.0
197.86065126403446	175.0
197.87065180238494	177.0
197.8806523407354	181.0
197.89065287908588	183.0
197.90065341743633	183.0
197.9106539557868	183.0
197.9206544941373	181.0
197.93065503248775	179.0
197.94065557083823	177.0
197.95065610918869	173.0
197.96065664753917	171.0
197.97065718588962	169.0
197.9806577242401	169.0
197.99065826259056	169.0
198.00065880094104	171.0
198.0106593392915	175.0
198.02065987764198	175.0
198.03066041599246	177.0
198.0406609543429	175.0
198.0506614926934	171.0
198.06066203104385	167.0
198.07066256939433	165.0
198.08066310774478	167.0
198.09066364609527	169.0
198.10066418444572	169.0
198.1106647227962	0.0
198.12066526114666	0.0
198.13066579949714	0.0
198.14066633784762	0.0
198.15066687619807	0.0
198.16066741454856	0.0
198.170667952899	0.0
198.1806684912495	0.0
198.19066902959995	0.0
198.20066956795043	0.0
198.21067010630088	0.0
198.22067064465136	0.0
198.23067118300182	0.0
198.2406717213523	0.0
198.25067225970278	0.0
198.26067279805324	0.0
198.27067333640372	0.0
198.28067387475417	0.0
198.29067441310465	0.0
198.3006749514551	0.0
198.3106754898056	0.0
198.32067602815604	0.0
198.33067656650653	0.0
198.34067710485698	0.0
198.35067764320746	0.0
198.36067818155794	210.0
198.3706787199084	210.0
198.38067925825888	208.0
198.39067979660933	210.0
198.40068033495982	210.0
198.41068087331027	210.0
198.42068141166075	210.0
198.4306819500112	210.0
198.4406824883617	210.0
198.45068302671214	210.0
198.46068356506262	208.0
198.4706841034131	206.0
198.48068464176356	201.0
198.49068518011404	196.0
198.5006857184645	187.0
198.51068625681498	179.0
198.52068679516543	171.0
198.5306873335159	167.0
198.54068787186637	167.0
198.55068841021685	167.0
198.5606889485673	167.0
198.5706894869178	169.0
198.58069002526827	171.0
198.59069056361872	173.0
198.6006911019692	177.0
198.61069164031966	185.0
198.62069217867014	201.0
198.6306927170206	223.0
198.64069325537108	242.0
198.65069379372153	259.0
198.660694332072	272.0
198.67069487042247	278.0
198.68069540877295	275.0
198.69069594712343	268.0
198.70069648547388	256.0
198.71069702382437	231.0
198.72069756217482	210.0
198.7306981005253	203.0
198.74069863887576	201.0
198.75069917722624	201.0
198.7606997155767	206.0
198.77070025392717	213.0
198.78070079227763	215.0
198.7907013306281	218.0
198.8007018689786	218.0
198.81070240732905	215.0
198.82070294567953	208.0
198.83070348402998	201.0
198.84070402238046	192.0
198.85070456073092	183.0
198.8607050990814	183.0
198.87070563743185	185.0
198.88070617578234	190.0
198.8907067141328	196.0
198.90070725248327	206.0
198.91070779083373	213.0
198.9207083291842	215.0
198.9307088675347	218.0
198.94070940588514	218.0
198.95070994423563	213.0
198.96071048258608	208.0
198.97071102093656	201.0
198.98071155928702	192.0
198.9907120976375	181.0
199.00071263598795	177.0
199.01071317433843	175.0
199.0207137126889	173.0
199.03071425103937	175.0
199.04071478938985	175.0
199.0507153277403	177.0
199.0607158660908	177.0
199.07071640444124	179.0
199.08071694279172	177.0
199.09071748114218	175.0
199.10071801949266	171.0
199.11071855784311	165.0
199.1207190961936	159.0
199.13071963454405	156.0
199.14072017289453	0.0
199.15072071124501	0.0
199.16072124959547	0.0
199.17072178794595	0.0
199.1807223262964	0.0
199.1907228646469	0.0
199.20072340299734	0.0
199.21072394134782	0.0
199.22072447969828	0.0
199.23072501804876	0.0
199.2407255563992	0.0
199.2507260947497	0.0
199.26072663310018	0.0
199.27072717145063	0.0
199.2807277098011	0.0
199.29072824815157	0.0
199.30072878650205	179.0
199.3107293248525	179.0
199.32072986320298	179.0
199.33073040155344	179.0
199.34073093990392	179.0
199.35073147825437	179.0
199.36073201660486	179.0
199.37073255495534	179.0
199.3807330933058	179.0
199.39073363165627	179.0
199.40073417000673	179.0
199.4107347083572	179.0
199.42073524670766	179.0
199.43073578505815	179.0
199.4407363234086	179.0
199.45073686175908	179.0
199.46073740010954	179.0
199.47073793846002	179.0
199.4807384768105	179.0
199.49073901516095	177.0
199.50073955351144	177.0
199.5107400918619	177.0
199.52074063021237	177.0
199.53074116856283	175.0
199.5407417069133	177.0
199.55074224526376	177.0
199.56074278361424	179.0
199.5707433219647	181.0
199.58074386031518	183.0
199.59074439866566	185.0
199.60074493701612	187.0
199.6107454753666	190.0
199.62074601371705	190.0
199.63074655206754	187.0
199.640747090418	185.0
199.65074762876847	181.0
199.66074816711892	179.0
199.6707487054694	177.0
199.68074924381986	177.0
199.69074978217034	177.0
199.70075032052083	177.0
199.71075085887128	177.0
199.72075139722176	177.0
199.73075193557221	177.0
199.7407524739227	177.0
199.75075301227315	177.0
199.76075355062363	177.0
199.7707540889741	175.0
199.78075462732457	175.0
199.79075516567502	175.0
199.8007557040255	175.0
199.810756242376	177.0
199.82075678072644	177.0
199.83075731907692	175.0
199.84075785742738	175.0
199.85075839577786	175.0
199.8607589341283	175.0
199.8707594724788	175.0
199.88076001082925	177.0
199.89076054917973	177.0
199.90076108753019	179.0
199.91076162588067	179.0
199.92076216423115	179.0
199.9307627025816	177.0
199.94076324093209	177.0
199.95076377928254	177.0
199.96076431763302	175.0
199.97076485598348	175.0
199.98076539433396	175.0
199.9907659326844	175.0
200.0007664710349	175.0
200.01076700938535	175.0
200.02076754773583	177.0
200.0307680860863	177.0
200.04076862443677	175.0
200.05076916278725	175.0
200.0607697011377	175.0
200.07077023948818	175.0
200.08077077783864	175.0
200.09077131618912	175.0
200.10077185453957	175.0
200.11077239289006	175.0
200.1207729312405	177.0
200.130773469591	177.0
200.14077400794147	175.0
200.15077454629193	175.0
200.1607750846424	175.0
200.17077562299286	175.0
200.18077616134335	175.0
200.1907766996938	175.0
200.20077723804428	175.0
200.21077777639474	177.0
200.22077831474522	179.0
200.23077885309567	181.0
200.24077939144615	183.0
200.25077992979664	185.0
200.2607804681471	187.0
200.27078100649757	190.0
200.28078154484803	190.0
200.2907820831985	187.0
200.30078262154896	185.0
200.31078315989944	183.0
200.3207836982499	179.0
200.33078423660038	177.0
200.34078477495083	177.0
200.35078531330132	177.0
200.3607858516518	177.0
200.37078639000225	177.0
200.38078692835273	177.0
200.3907874667032	179.0
200.40078800505367	179.0
200.41078854340412	179.0
200.4207890817546	177.0
200.43078962010506	177.0
200.44079015845554	175.0
200.450790696806	175.0
200.46079123515648	175.0
200.47079177350696	175.0
200.4807923118574	175.0
200.4907928502079	177.0
200.50079338855835	179.0
200.51079392690883	179.0
200.52079446525929	181.0
200.53079500360977	183.0
200.54079554196022	181.0
200.5507960803107	181.0
200.56079661866116	179.0
200.57079715701164	177.0
200.5807976953621	175.0
200.59079823371258	175.0
200.60079877206306	175.0
200.6107993104135	175.0
200.620799848764	175.0
200.63080038711445	175.0
200.64080092546493	177.0
200.65080146381538	177.0
200.66080200216587	177.0
200.67080254051632	177.0
200.6808030788668	177.0
200.69080361721726	179.0
200.70080415556774	179.0
200.71080469391822	181.0
200.72080523226867	181.0
200.73080577061916	181.0
200.7408063089696	183.0
200.7508068473201	183.0
200.76080738567055	183.0
200.77080792402103	181.0
200.78080846237148	181.0
200.79080900072196	179.0
200.80080953907242	175.0
200.8108100774229	175.0
200.82081061577338	173.0
200.83081115412384	173.0
200.84081169247432	173.0
200.85081223082477	175.0
200.86081276917525	177.0
200.8708133075257	179.0
200.8808138458762	181.0
200.89081438422664	183.0
200.90081492257713	185.0
200.91081546092758	185.0
200.92081599927806	185.0
200.93081653762854	181.0
200.940817075979	173.0
200.95081761432948	159.0
200.96081815267993	158.0
200.97081869103042	158.0
200.98081922938087	147.0
200.99081976773135	142.0
201.0008203060818	140.0
201.0108208444323	140.0
201.02082138278274	142.0
201.03082192113322	149.0
201.0408224594837	156.0
201.05082299783416	161.0
201.06082353618464	165.0
201.0708240745351	169.0
201.08082461288558	169.0
201.09082515123603	169.0
201.10082568958651	165.0
201.11082622793697	161.0
201.12082676628745	156.0
201.1308273046379	149.0
201.1408278429884	144.0
201.15082838133887	140.0
201.16082891968932	139.0
201.1708294580398	137.0
201.18082999639026	139.0
201.19083053474074	139.0
201.2008310730912	140.0
201.21083161144168	142.0
201.22083214979213	142.0
201.2308326881426	142.0
201.24083322649307	142.0
201.25083376484355	142.0
201.26083430319403	142.0
201.27083484154448	140.0
201.28083537989497	139.0
201.29083591824542	137.0
201.3008364565959	137.0
201.31083699494636	137.0
201.32083753329684	137.0
201.3308380716473	137.0
201.34083860999777	139.0
201.35083914834823	142.0
201.3608396866987	147.0
201.3708402250492	152.0
201.38084076339965	158.0
201.39084130175013	165.0
201.40084184010058	169.0
201.41084237845106	171.0
201.42084291680152	171.0
201.430843455152	169.0
201.44084399350245	167.0
201.45084453185294	163.0
201.4608450702034	158.0
201.47084560855387	154.0
201.48084614690436	154.0
201.4908466852548	156.0
201.5008472236053	159.0
201.51084776195574	165.0
201.52084830030623	171.0
201.53084883865668	177.0
201.54084937700716	181.0
201.55084991535762	185.0
201.5608504537081	187.0
201.57085099205855	187.0
201.58085153040903	185.0
201.59085206875952	181.0
201.60085260710997	175.0
201.61085314546045	171.0
201.6208536838109	169.0
201.6308542221614	169.0
201.64085476051184	171.0
201.65085529886233	177.0
201.66085583721278	185.0
201.67085637556326	192.0
201.68085691391371	199.0
201.6908574522642	206.0
201.70085799061468	213.0
201.71085852896513	218.0
201.72085906731562	218.0
201.73085960566607	215.0
201.74086014401655	210.0
201.750860682367	203.0
201.7608612207175	196.0
201.77086175906794	190.0
201.78086229741842	185.0
201.79086283576888	183.0
201.80086337411936	181.0
201.81086391246984	179.0
201.8208644508203	177.0
201.83086498917078	175.0
201.84086552752123	173.0
201.8508660658717	171.0
201.86086660422217	169.0
201.87086714257265	167.0
201.8808676809231	165.0
201.89086821927359	165.0
201.90086875762404	163.0
201.91086929597452	161.0
201.920869834325	159.0
201.93087037267546	159.0
201.94087091102594	158.0
201.9508714493764	158.0
201.96087198772688	158.0
201.97087252607733	158.0
201.9808730644278	158.0
201.99087360277827	158.0
202.00087414112875	158.0
202.0108746794792	158.0
202.02087521782968	159.0
202.03087575618017	163.0
202.04087629453062	167.0
202.0508768328811	171.0
202.06087737123156	175.0
202.07087790958204	179.0
202.0808784479325	183.0
202.09087898628297	185.0
202.10087952463343	187.0
202.1108800629839	187.0
202.12088060133436	185.0
202.13088113968485	183.0
202.14088167803533	181.0
202.15088221638578	177.0
202.16088275473626	175.0
202.17088329308672	175.0
202.1808838314372	175.0
202.19088436978765	177.0
202.20088490813814	177.0
202.2108854464886	179.0
202.22088598483907	179.0
202.23088652318953	179.0
202.24088706154	179.0
202.25088759989046	177.0
202.26088813824094	177.0
202.27088867659143	177.0
202.28088921494188	177.0
202.29088975329236	177.0
202.30089029164282	177.0
202.3108908299933	175.0
202.32089136834375	175.0
202.33089190669423	175.0
202.3408924450447	175.0
202.35089298339517	175.0
202.36089352174562	175.0
202.3708940600961	175.0
202.3808945984466	175.0
202.39089513679704	175.0
202.40089567514752	175.0
202.41089621349798	175.0
202.42089675184846	175.0
202.4308972901989	175.0
202.4408978285494	175.0
202.45089836689985	175.0
202.46089890525033	177.0
202.47089944360079	177.0
202.48089998195127	177.0
202.49090052030175	177.0
202.5009010586522	177.0
202.5109015970027	177.0
202.52090213535314	177.0
202.53090267370362	179.0
202.54090321205408	179.0
202.55090375040456	179.0
202.560904288755	179.0
202.5709048271055	181.0
202.58090536545595	181.0
202.59090590380643	181.0
202.6009064421569	181.0
202.61090698050737	181.0
202.62090751885785	181.0
202.6309080572083	181.0
202.64090859555878	179.0
202.65090913390924	177.0
202.66090967225972	175.0
202.67091021061017	173.0
202.68091074896066	169.0
202.6909112873111	167.0
202.7009118256616	163.0
202.71091236401207	161.0
202.72091290236253	159.0
202.730913440713	158.0
202.74091397906346	158.0
202.75091451741395	158.0
202.7609150557644	158.0
202.77091559411488	158.0
202.78091613246534	159.0
202.79091667081582	158.0
202.80091720916627	158.0
202.81091774751675	158.0
202.82091828586724	158.0
202.8309188242177	158.0
202.84091936256817	158.0
202.85091990091863	158.0
202.8609204392691	159.0
202.87092097761956	159.0
202.88092151597004	159.0
202.8909220543205	159.0
202.90092259267098	159.0
202.91092313102143	158.0
202.92092366937192	158.0
202.9309242077224	159.0
202.94092474607285	159.0
202.95092528442333	161.0
202.9609258227738	163.0
202.97092636112427	165.0
202.98092689947472	169.0
202.9909274378252	169.0
203.00092797617566	171.0
203.01092851452614	171.0
203.0209290528766	171.0
203.03092959122708	171.0
203.04093012957756	169.0
203.05093066792801	167.0
203.0609312062785	165.0
203.07093174462895	163.0
203.08093228297943	159.0
203.0909328213299	158.0
203.10093335968037	156.0
203.11093389803082	156.0
203.1209344363813	158.0
203.13093497473176	158.0
203.14093551308224	159.0
203.15093605143272	158.0
203.16093658978318	158.0
203.17093712813366	158.0
203.1809376664841	156.0
203.1909382048346	156.0
203.20093874318505	156.0
203.21093928153553	156.0
203.22093981988598	156.0
203.23094035823647	158.0
203.24094089658692	158.0
203.2509414349374	159.0
203.26094197328788	159.0
203.27094251163834	159.0
203.28094304998882	161.0
203.29094358833927	159.0
203.30094412668976	159.0
203.3109446650402	159.0
203.3209452033907	158.0
203.33094574174115	158.0
203.34094628009163	156.0
203.35094681844208	156.0
203.36094735679256	156.0
203.37094789514305	156.0
203.3809484334935	156.0
203.39094897184398	159.0
203.40094951019444	161.0
203.41095004854492	165.0
203.42095058689537	171.0
203.43095112524585	173.0
203.4409516635963	175.0
203.4509522019468	177.0
203.46095274029724	175.0
203.47095327864773	175.0
203.4809538169982	173.0
203.49095435534866	171.0
203.50095489369915	169.0
203.5109554320496	165.0
203.52095597040008	163.0
203.53095650875053	158.0
203.54095704710102	158.0
203.55095758545147	156.0
203.56095812380195	156.0
203.5709586621524	158.0
203.5809592005029	158.0
203.59095973885337	158.0
203.60096027720382	158.0
203.6109608155543	156.0
203.62096135390476	156.0
203.63096189225524	156.0
203.6409624306057	156.0
203.65096296895618	156.0
203.66096350730663	156.0
203.67096404565712	156.0
203.68096458400757	156.0
203.69096512235805	156.0
203.70096566070853	154.0
203.710966199059	156.0
203.72096673740947	158.0
203.73096727575992	159.0
203.7409678141104	163.0
203.75096835246086	165.0
203.76096889081134	167.0
203.7709694291618	169.0
203.78096996751228	171.0
203.79097050586273	171.0
203.8009710442132	171.0
203.8109715825637	169.0
203.82097212091415	167.0
203.83097265926463	165.0
203.84097319761509	163.0
203.85097373596557	161.0
203.86097427431602	158.0
203.8709748126665	156.0
203.88097535101696	154.0
203.89097588936744	154.0
203.9009764277179	156.0
203.91097696606838	158.0
203.92097750441886	158.0
203.9309780427693	159.0
203.9409785811198	161.0
203.95097911947025	163.0
203.96097965782073	167.0
203.97098019617118	171.0
203.98098073452167	175.0
203.99098127287212	175.0
204.0009818112226	173.0
204.01098234957306	169.0
204.02098288792354	0.0
204.030983426274	0.0
204.04098396462447	0.0
204.05098450297496	0.0
204.0609850413254	0.0
204.0709855796759	0.0
204.08098611802635	0.0
204.09098665637683	0.0
204.10098719472728	0.0
204.11098773307776	0.0
204.12098827142822	0.0
204.1309888097787	0.0
204.14098934812915	0.0
204.15098988647964	0.0
204.16099042483012	0.0
204.17099096318057	0.0
204.18099150153105	0.0
204.1909920398815	0.0
204.200992578232	0.0
204.21099311658244	0.0
204.22099365493293	0.0
204.23099419328338	0.0
204.24099473163386	0.0
204.25099526998432	0.0
204.2609958083348	0.0
204.27099634668528	0.0
204.28099688503573	0.0
204.29099742338622	0.0
204.30099796173667	0.0
204.31099850008715	0.0
204.3209990384376	0.0
204.3309995767881	0.0
204.34100011513854	0.0
204.35100065348902	0.0
204.36100119183948	0.0
204.37100173018996	0.0
204.38100226854044	0.0
204.3910028068909	0.0
204.40100334524138	0.0
204.41100388359183	0.0
204.4210044219423	0.0
204.43100496029277	0.0
204.44100549864325	0.0
204.4510060369937	0.0
204.4610065753442	0.0
204.47100711369464	0.0
204.48100765204512	0.0
204.4910081903956	0.0
204.50100872874606	0.0
204.51100926709654	0.0
204.521009805447	0.0
204.53101034379748	0.0
204.54101088214793	0.0
204.5510114204984	0.0
204.56101195884887	0.0
204.57101249719935	0.0
204.5810130355498	0.0
204.59101357390028	0.0
204.60101411225077	0.0
204.61101465060122	0.0
204.6210151889517	0.0
204.63101572730216	0.0
204.64101626565264	0.0
204.6510168040031	0.0
204.66101734235357	0.0
204.67101788070403	0.0
204.6810184190545	0.0
204.69101895740496	0.0
204.70101949575545	0.0
204.71102003410593	0.0
204.72102057245638	0.0
204.73102111080686	0.0
204.74102164915732	0.0
204.7510221875078	0.0
204.76102272585825	0.0
204.77102326420874	0.0
204.7810238025592	0.0
204.79102434090967	0.0
204.80102487926013	0.0
204.8110254176106	0.0
204.8210259559611	0.0
204.83102649431154	0.0
204.84102703266203	0.0
204.85102757101248	0.0
204.86102810936296	0.0
204.87102864771342	0.0
204.8810291860639	0.0
204.89102972441435	0.0
204.90103026276483	0.0
204.9110308011153	0.0
204.92103133946577	0.0
204.93103187781625	0.0
204.9410324161667	0.0
204.9510329545172	0.0
204.96103349286764	0.0
204.97103403121812	0.0
204.98103456956858	0.0
204.99103510791906	0.0
205.00103564626951	144.0
205.01103618462	144.0
205.02103672297045	145.0
205.03103726132093	145.0
205.04103779967141	145.0
205.05103833802187	145.0
205.06103887637235	145.0
205.0710394147228	145.0
205.0810399530733	144.0
205.09104049142374	144.0
205.10104102977422	142.0
205.11104156812468	142.0
205.12104210647516	142.0
205.1310426448256	142.0
205.1410431831761	142.0
205.15104372152658	142.0
205.16104425987703	142.0
205.1710447982275	142.0
205.18104533657797	140.0
205.19104587492845	139.0
205.2010464132789	139.0
205.21104695162938	139.0
205.22104748997984	139.0
205.23104802833032	140.0
205.24104856668077	144.0
205.25104910503126	150.0
205.26104964338174	158.0
205.2710501817322	167.0
205.28105072008267	175.0
205.29105125843313	181.0
205.3010517967836	183.0
205.31105233513406	183.0
205.32105287348455	181.0
205.331053411835	177.0
205.34105395018548	171.0
205.35105448853594	165.0
205.36105502688642	161.0
205.3710555652369	158.0
205.38105610358735	156.0
205.39105664193784	158.0
205.4010571802883	159.0
205.41105771863877	163.0
205.42105825698923	167.0
205.4310587953397	173.0
205.44105933369016	177.0
205.45105987204064	181.0
205.4610604103911	185.0
205.47106094874158	187.0
205.48106148709206	190.0
205.49106202544252	190.0
205.501062563793	187.0
205.51106310214345	183.0
205.52106364049394	179.0
205.5310641788444	175.0
205.54106471719487	171.0
205.55106525554532	169.0
205.5610657938958	169.0
205.57106633224626	171.0
205.58106687059674	173.0
205.59106740894723	179.0
205.60106794729768	185.0
205.61106848564816	192.0
205.62106902399861	199.0
205.6310695623491	206.0
205.64107010069955	213.0
205.65107063905003	220.0
205.6610711774005	220.0
205.67107171575097	218.0
205.68107225410142	213.0
205.6910727924519	203.0
205.70107333080236	192.0
205.71107386915284	181.0
205.72107440750332	169.0
205.73107494585378	165.0
205.74107548420426	163.0
205.7510760225547	163.0
205.7610765609052	165.0
205.77107709925565	169.0
205.78107763760613	173.0
205.79107817595659	177.0
205.80107871430707	181.0
205.81107925265752	185.0
205.821079791008	187.0
205.83108032935849	185.0
205.84108086770894	185.0
205.85108140605942	181.0
205.86108194440988	175.0
205.87108248276036	169.0
205.8810830211108	163.0
205.8910835594613	159.0
205.90108409781175	158.0
205.91108463616223	156.0
205.92108517451268	156.0
205.93108571286317	158.0
205.94108625121365	158.0
205.9510867895641	158.0
205.96108732791458	158.0
205.97108786626504	158.0
205.98108840461552	158.0
205.99108894296597	156.0
206.00108948131646	156.0
206.0110900196669	156.0
206.0210905580174	156.0
206.03109109636785	156.0
206.04109163471833	158.0
206.0510921730688	158.0
206.06109271141926	159.0
206.07109324976975	161.0
206.0810937881202	161.0
206.09109432647068	159.0
206.10109486482114	159.0
206.11109540317162	159.0
206.12109594152207	159.0
206.13109647987255	159.0
206.141097018223	158.0
206.1510975565735	158.0
206.16109809492397	156.0
206.17109863327443	156.0
206.1810991716249	154.0
206.19109970997536	154.0
206.20110024832584	154.0
206.2111007866763	156.0
206.22110132502678	158.0
206.23110186337723	163.0
206.24110240172772	165.0
206.25110294007817	169.0
206.26110347842865	171.0
206.27110401677913	171.0
206.2811045551296	169.0
206.29110509348007	167.0
206.30110563183052	165.0
206.311106170181	163.0
206.32110670853146	159.0
206.33110724688194	158.0
206.3411077852324	154.0
206.35110832358288	152.0
206.36110886193333	150.0
206.3711094002838	150.0
206.3811099386343	149.0
206.39111047698475	149.0
206.40111101533523	147.0
206.41111155368569	145.0
206.42111209203617	144.0
206.43111263038662	144.0
206.4411131687371	144.0
206.45111370708756	142.0
206.46111424543804	142.0
206.4711147837885	142.0
206.48111532213898	140.0
206.49111586048946	140.0
206.5011163988399	139.0
206.5111169371904	139.0
206.52111747554085	139.0
206.53111801389133	139.0
206.54111855224178	139.0
206.55111909059227	140.0
206.56111962894272	140.0
206.5711201672932	140.0
206.58112070564366	140.0
206.59112124399414	140.0
206.60112178234462	140.0
206.61112232069507	140.0
206.62112285904556	140.0
206.631123397396	140.0
206.6411239357465	140.0
206.65112447409695	140.0
206.66112501244743	140.0
206.67112555079788	140.0
206.68112608914836	140.0
206.69112662749882	140.0
206.7011271658493	140.0
206.71112770419978	140.0
206.72112824255024	140.0
206.73112878090072	140.0
206.74112931925117	140.0
206.75112985760165	140.0
206.7611303959521	140.0
206.7711309343026	140.0
206.78113147265304	140.0
206.79113201100353	140.0
206.80113254935398	140.0
206.81113308770446	140.0
206.82113362605494	140.0
206.8311341644054	140.0
206.84113470275588	140.0
206.85113524110633	140.0
206.86113577945682	140.0
206.87113631780727	140.0
206.88113685615775	140.0
206.8911373945082	140.0
206.9011379328587	140.0
206.91113847120914	140.0
206.92113900955962	140.0
206.9311395479101	140.0
206.94114008626056	140.0
206.95114062461104	140.0
206.9611411629615	140.0
206.97114170131198	140.0
206.98114223966243	140.0
206.99114277801291	140.0
207.00114331636337	140.0
207.01114385471385	140.0
207.0211443930643	140.0
207.0311449314148	140.0
207.04114546976527	140.0
207.05114600811572	140.0
207.0611465464662	140.0
207.07114708481666	140.0
207.08114762316714	140.0
207.0911481615176	140.0
207.10114869986808	140.0
207.11114923821853	140.0
207.121149776569	140.0
207.13115031491947	140.0
207.14115085326995	140.0
207.15115139162043	140.0
207.16115192997088	140.0
207.17115246832137	140.0
207.18115300667182	140.0
207.1911535450223	140.0
207.20115408337276	140.0
207.21115462172324	140.0
207.2211551600737	140.0
207.23115569842417	140.0
207.24115623677463	140.0
207.2511567751251	140.0
207.2611573134756	140.0
207.27115785182605	142.0
207.28115839017653	142.0
207.29115892852698	142.0
207.30115946687746	142.0
207.31116000522792	140.0
207.3211605435784	140.0
207.33116108192885	140.0
207.34116162027934	140.0
207.3511621586298	140.0
207.36116269698027	140.0
207.37116323533076	140.0
207.3811637736812	140.0
207.3911643120317	140.0
207.40116485038214	142.0
207.41116538873263	142.0
207.42116592708308	142.0
207.43116646543356	142.0
207.44116700378402	142.0
207.4511675421345	140.0
207.46116808048495	140.0
207.47116861883543	142.0
207.4811691571859	142.0
207.49116969553637	142.0
207.50117023388685	142.0
207.5111707722373	142.0
207.5211713105878	142.0
207.53117184893824	142.0
207.54117238728873	142.0
207.55117292563918	140.0
207.56117346398966	140.0
207.57117400234011	140.0
207.5811745406906	140.0
207.59117507904105	140.0
207.60117561739153	140.0
207.61117615574202	140.0
207.62117669409247	140.0
207.63117723244295	140.0
207.6411777707934	140.0
207.6511783091439	140.0
207.66117884749434	140.0
207.67117938584482	142.0
207.68117992419528	142.0
207.69118046254576	142.0
207.7011810008962	142.0
207.7111815392467	142.0
207.72118207759718	142.0
207.73118261594763	142.0
207.7411831542981	142.0
207.75118369264857	142.0
207.76118423099905	142.0
207.7711847693495	142.0
207.78118530769999	142.0
207.79118584605044	142.0
207.80118638440092	142.0
207.81118692275138	142.0
207.82118746110186	142.0
207.83118799945234	142.0
207.8411885378028	142.0
207.85118907615328	140.0
207.86118961450373	140.0
207.8711901528542	140.0
207.88119069120467	140.0
207.89119122955515	140.0
207.9011917679056	140.0
207.91119230625608	140.0
207.92119284460654	140.0
207.93119338295702	140.0
207.9411939213075	140.0
207.95119445965796	140.0
207.96119499800844	140.0
207.9711955363589	140.0
207.98119607470937	142.0
207.99119661305983	142.0
208.0011971514103	142.0
208.01119768976076	142.0
208.02119822811125	142.0
208.0311987664617	142.0
208.04119930481218	142.0
208.05119984316266	142.0
208.06120038151312	142.0
208.0712009198636	142.0
208.08120145821405	142.0
208.09120199656454	142.0
208.101202534915	140.0
208.11120307326547	140.0
208.12120361161593	140.0
208.1312041499664	140.0
208.14120468831686	140.0
208.15120522666734	140.0
208.16120576501783	140.0
208.17120630336828	140.0
208.18120684171876	140.0
208.19120738006922	140.0
208.2012079184197	140.0
208.21120845677015	142.0
208.22120899512063	142.0
208.2312095334711	142.0
208.24121007182157	142.0
208.25121061017202	142.0
208.2612111485225	140.0
208.271211686873	140.0
208.28121222522344	140.0
208.29121276357392	140.0
208.30121330192438	140.0
208.31121384027486	140.0
208.3212143786253	140.0
208.3312149169758	142.0
208.34121545532625	142.0
208.35121599367673	142.0
208.36121653202719	140.0
208.37121707037767	140.0
208.38121760872815	136.0
208.3912181470786	0.0
208.4012186854291	0.0
208.41121922377954	0.0
208.42121976213002	0.0
208.43122030048048	0.0
208.44122083883096	0.0
208.4512213771814	0.0
208.4612219155319	0.0
208.47122245388235	0.0
208.48122299223283	0.0
208.4912235305833	0.0
208.50122406893377	0.0
208.51122460728425	0.0
208.5212251456347	0.0
208.53122568398518	0.0
208.54122622233564	0.0
208.55122676068612	0.0
208.56122729903657	0.0
208.57122783738706	0.0
208.5812283757375	0.0
208.591228914088	0.0
208.60122945243847	0.0
208.61122999078893	0.0
208.6212305291394	0.0
208.63123106748986	0.0
208.64123160584035	0.0
208.6512321441908	0.0
208.66123268254128	0.0
208.67123322089174	0.0
208.68123375924222	0.0
208.69123429759267	0.0
208.70123483594315	0.0
208.71123537429364	0.0
208.7212359126441	0.0
208.73123645099457	0.0
208.74123698934503	0.0
208.7512375276955	0.0
208.76123806604596	0.0
208.77123860439644	0.0
208.7812391427469	0.0
208.79123968109738	0.0
208.80124021944783	0.0
208.81124075779832	0.0
208.8212412961488	0.0
208.83124183449925	0.0
208.84124237284973	0.0
208.8512429112002	0.0
208.86124344955067	0.0
208.87124398790112	0.0
208.8812445262516	0.0
208.89124506460206	0.0
208.90124560295254	0.0
208.911246141303	0.0
208.92124667965348	0.0
208.93124721800396	0.0
208.94124775635441	0.0
208.9512482947049	0.0
208.96124883305535	0.0
208.97124937140583	0.0
208.9812499097563	185.0
208.99125044810677	181.0
209.00125098645722	179.0
209.0112515248077	179.0
209.02125206315816	177.0
209.03125260150864	177.0
209.04125313985912	177.0
209.05125367820958	175.0
209.06125421656006	175.0
209.0712547549105	175.0
209.081255293261	175.0
209.09125583161145	175.0
209.10125636996193	177.0
209.11125690831238	179.0
209.12125744666287	179.0
209.13125798501332	179.0
209.1412585233638	179.0
209.15125906171426	179.0
209.16125960006474	179.0
209.17126013841522	177.0
209.18126067676567	177.0
209.19126121511616	177.0
209.2012617534666	177.0
209.2112622918171	177.0
209.22126283016755	179.0
209.23126336851803	179.0
209.24126390686848	177.0
209.25126444521896	177.0
209.26126498356942	177.0
209.2712655219199	175.0
209.28126606027038	175.0
209.29126659862084	175.0
209.30126713697132	175.0
209.31126767532177	175.0
209.32126821367225	175.0
209.3312687520227	175.0
209.3412692903732	173.0
209.35126982872364	173.0
209.36127036707413	173.0
209.37127090542458	173.0
209.38127144377506	175.0
209.39127198212555	175.0
209.401272520476	175.0
209.41127305882648	177.0
209.42127359717693	177.0
209.43127413552742	177.0
209.44127467387787	177.0
209.45127521222835	177.0
209.4612757505788	177.0
209.4712762889293	177.0
209.48127682727974	177.0
209.49127736563022	177.0
209.5012779039807	177.0
209.51127844233116	177.0
209.52127898068164	177.0
209.5312795190321	177.0
209.54128005738258	175.0
209.55128059573303	175.0
209.56128113408352	175.0
209.57128167243397	175.0
209.58128221078445	175.0
209.5912827491349	175.0
209.6012832874854	175.0
209.61128382583587	177.0
209.62128436418632	177.0
209.6312849025368	177.0
209.64128544088726	177.0
209.65128597923774	177.0
209.6612865175882	177.0
209.67128705593868	177.0
209.68128759428913	177.0
209.6912881326396	177.0
209.70128867099007	177.0
209.71128920934055	177.0
209.72128974769103	177.0
209.73129028604149	175.0
209.74129082439197	175.0
209.75129136274242	175.0
209.7612919010929	175.0
209.77129243944336	175.0
209.78129297779384	175.0
209.7912935161443	175.0
209.80129405449478	175.0
209.81129459284523	175.0
209.8212951311957	175.0
209.8312956695462	175.0
209.84129620789665	175.0
209.85129674624713	175.0
209.86129728459758	175.0
209.87129782294807	177.0
209.88129836129852	177.0
209.891298899649	177.0
209.90129943799946	175.0
209.91129997634994	175.0
209.9213005147004	173.0
209.93130105305087	165.0
209.94130159140136	165.0
209.9513021297518	158.0
209.9613026681023	150.0
209.97130320645275	149.0
209.98130374480323	0.0
209.99130428315368	0.0
210.00130482150416	0.0
210.01130535985462	0.0
210.0213058982051	0.0
210.03130643655555	0.0
210.04130697490604	0.0
210.05130751325652	0.0
210.06130805160697	0.0
210.07130858995745	0.0
210.0813091283079	0.0
210.0913096666584	0.0
210.10131020500884	0.0
210.11131074335933	0.0
210.12131128170978	0.0
210.13131182006026	0.0
210.14131235841072	0.0
210.1513128967612	0.0
210.16131343511168	0.0
210.17131397346213	0.0
210.18131451181262	0.0
210.19131505016307	0.0
210.20131558851355	0.0
210.211316126864	0.0
210.2213166652145	0.0
210.23131720356494	0.0
210.24131774191542	0.0
210.25131828026588	0.0
210.26131881861636	0.0
210.27131935696684	0.0
210.2813198953173	0.0
210.29132043366778	0.0
210.30132097201823	0.0
210.3113215103687	0.0
210.32132204871917	0.0
210.33132258706965	0.0
210.3413231254201	0.0
210.3513236637706	0.0
210.36132420212104	0.0
210.37132474047152	0.0
210.381325278822	0.0
210.39132581717246	0.0
210.40132635552294	179.0
210.4113268938734	177.0
210.42132743222388	175.0
210.43132797057433	173.0
210.4413285089248	171.0
210.45132904727527	171.0
210.46132958562575	169.0
210.4713301239762	169.0
210.48133066232668	169.0
210.49133120067717	169.0
210.50133173902762	169.0
210.5113322773781	171.0
210.52133281572856	171.0
210.53133335407904	171.0
210.5413338924295	173.0
210.55133443077997	173.0
210.56133496913043	173.0
210.5713355074809	173.0
210.58133604583136	173.0
210.59133658418185	175.0
210.60133712253233	175.0
210.61133766088278	175.0
210.62133819923326	175.0
210.63133873758372	175.0
210.6413392759342	175.0
210.65133981428465	175.0
210.66134035263514	175.0
210.6713408909856	175.0
210.68134142933607	175.0
210.69134196768653	177.0
210.701342506037	177.0
210.7113430443875	177.0
210.72134358273794	177.0
210.73134412108843	177.0
210.74134465943888	175.0
210.75134519778936	175.0
210.76134573613982	175.0
210.7713462744903	173.0
210.78134681284075	173.0
210.79134735119123	173.0
210.8013478895417	173.0
210.81134842789217	175.0
210.82134896624262	177.0
210.8313495045931	181.0
210.8413500429436	183.0
210.85135058129404	185.0
210.86135111964452	187.0
210.87135165799498	190.0
210.88135219634546	190.0
210.89135273469591	187.0
210.9013532730464	185.0
210.91135381139685	183.0
210.92135434974733	179.0
210.9313548880978	177.0
210.94135542644827	175.0
210.95135596479875	175.0
210.9613565031492	175.0
210.9713570414997	175.0
210.98135757985014	175.0
210.99135811820062	175.0
211.00135865655108	175.0
211.01135919490156	175.0
211.021359733252	175.0
211.0313602716025	175.0
211.04136080995295	173.0
211.05136134830343	173.0
211.0613618866539	173.0
211.07136242500437	173.0
211.08136296335485	175.0
211.0913635017053	177.0
211.10136404005578	179.0
211.11136457840624	181.0
211.12136511675672	183.0
211.13136565510717	185.0
211.14136619345766	187.0
211.1513667318081	187.0
211.1613672701586	187.0
211.17136780850907	187.0
211.18136834685953	185.0
211.19136888521	183.0
211.20136942356046	181.0
211.21136996191095	181.0
211.2213705002614	179.0
211.23137103861188	177.0
211.24137157696234	177.0
211.25137211531282	175.0
211.26137265366327	175.0
211.27137319201375	175.0
211.28137373036424	175.0
211.2913742687147	175.0
211.30137480706517	175.0
211.31137534541563	175.0
211.3213758837661	175.0
211.33137642211656	175.0
211.34137696046704	173.0
211.3513774988175	173.0
211.36137803716798	175.0
211.37137857551843	175.0
211.38137911386892	175.0
211.3913796522194	175.0
211.40138019056985	177.0
211.41138072892034	177.0
211.4213812672708	177.0
211.43138180562127	177.0
211.44138234397172	177.0
211.4513828823222	177.0
211.46138342067266	177.0
211.47138395902314	179.0
211.4813844973736	179.0
211.49138503572408	181.0
211.50138557407456	183.0
211.51138611242501	183.0
211.5213866507755	185.0
211.53138718912595	185.0
211.54138772747643	183.0
211.5513882658269	183.0
211.56138880417737	181.0
211.57138934252782	181.0
211.5813898808783	179.0
211.59139041922876	175.0
211.60139095757924	171.0
211.61139149592972	169.0
211.62139203428018	165.0
211.63139257263066	161.0
211.6413931109811	159.0
211.6513936493316	158.0
211.66139418768205	158.0
211.67139472603253	156.0
211.68139526438299	156.0
211.69139580273347	156.0
211.70139634108392	156.0
211.7113968794344	156.0
211.72139741778489	156.0
211.73139795613534	156.0
211.74139849448582	154.0
211.75139903283628	156.0
211.76139957118676	156.0
211.7714001095372	158.0
211.7814006478877	159.0
211.79140118623815	163.0
211.80140172458863	165.0
211.81140226293908	171.0
211.82140280128957	177.0
211.83140333964005	185.0
211.8414038779905	192.0
211.85140441634098	196.0
211.86140495469144	199.0
211.87140549304192	196.0
211.88140603139237	192.0
211.89140656974286	185.0
211.9014071080933	179.0
211.9114076464438	173.0
211.92140818479425	167.0
211.93140872314473	163.0
211.9414092614952	161.0
211.95140979984566	159.0
211.96141033819615	158.0
211.9714108765466	158.0
211.98141141489708	158.0
211.99141195324754	159.0
212.00141249159802	163.0
212.01141302994847	167.0
212.02141356829895	173.0
212.0314141066494	177.0
212.0414146449999	181.0
212.05141518335037	183.0
212.06141572170083	183.0
212.0714162600513	183.0
212.08141679840176	181.0
212.09141733675224	179.0
212.1014178751027	175.0
212.11141841345318	171.0
212.12141895180363	167.0
212.13141949015412	165.0
212.14142002850457	161.0
212.15142056685505	159.0
212.16142110520553	156.0
212.171421643556	156.0
212.18142218190647	156.0
212.19142272025692	156.0
212.2014232586074	158.0
212.21142379695786	161.0
212.22142433530834	167.0
212.2314248736588	173.0
212.24142541200928	179.0
212.25142595035973	185.0
212.2614264887102	187.0
212.2714270270607	190.0
212.28142756541115	190.0
212.29142810376163	190.0
212.30142864211209	187.0
212.31142918046257	183.0
212.32142971881302	177.0
212.3314302571635	173.0
212.34143079551396	171.0
212.35143133386444	169.0
212.3614318722149	171.0
212.37143241056538	173.0
212.38143294891586	177.0
212.3914334872663	181.0
212.4014340256168	185.0
212.41143456396725	187.0
212.42143510231773	190.0
212.43143564066818	190.0
212.44143617901867	190.0
212.45143671736912	187.0
212.4614372557196	183.0
212.47143779407006	179.0
212.48143833242054	177.0
212.491438870771	175.0
212.50143940912147	173.0
212.51143994747196	171.0
212.5214404858224	171.0
212.5314410241729	171.0
212.54144156252335	173.0
212.55144210087383	175.0
212.56144263922428	175.0
212.57144317757476	177.0
212.58144371592522	177.0
212.5914442542757	177.0
212.60144479262615	177.0
212.61144533097664	177.0
212.62144586932712	177.0
212.63144640767757	177.0
212.64144694602805	179.0
212.6514474843785	181.0
212.661448022729	185.0
212.67144856107944	190.0
212.68144909942993	192.0
212.69144963778038	196.0
212.70145017613086	199.0
212.71145071448132	203.0
212.7214512528318	206.0
212.73145179118228	208.0
212.74145232953273	208.0
212.75145286788322	210.0
212.76145340623367	210.0
212.77145394458415	210.0
212.7814544829346	210.0
212.7914550212851	210.0
212.80145555963554	210.0
212.81145609798602	210.0
212.82145663633648	210.0
212.83145717468696	213.0
212.84145771303744	213.0
212.8514582513879	215.0
212.86145878973838	215.0
212.87145932808883	215.0
212.88145986643931	215.0
212.89146040478977	213.0
212.90146094314025	213.0
212.9114614814907	210.0
212.9214620198412	210.0
212.93146255819164	210.0
212.94146309654212	213.0
212.9514636348926	213.0
212.96146417324306	213.0
212.97146471159354	213.0
212.981465249944	213.0
212.99146578829448	213.0
213.00146632664493	213.0
213.0114668649954	210.0
213.02146740334587	210.0
213.03146794169635	210.0
213.0414684800468	210.0
213.05146901839728	210.0
213.06146955674777	210.0
213.07147009509822	210.0
213.0814706334487	210.0
213.09147117179916	210.0
213.10147171014964	213.0
213.1114722485001	213.0
213.12147278685057	213.0
213.13147332520103	213.0
213.1414738635515	210.0
213.15147440190196	208.0
213.16147494025245	206.0
213.17147547860293	203.0
213.18147601695338	196.0
213.19147655530386	190.0
213.20147709365432	183.0
213.2114776320048	177.0
213.22147817035525	173.0
213.23147870870574	171.0
213.2414792470562	167.0
213.25147978540667	165.0
213.26148032375713	161.0
213.2714808621076	0.0
213.2814814004581	0.0
213.29148193880854	0.0
213.30148247715903	0.0
213.31148301550948	0.0
213.32148355385996	0.0
213.33148409221042	0.0
213.3414846305609	0.0
213.35148516891135	0.0
213.36148570726183	0.0
213.3714862456123	0.0
213.38148678396277	0.0
213.39148732231325	203.0
213.4014878606637	201.0
213.4114883990142	201.0
213.42148893736464	201.0
213.43148947571513	206.0
213.44149001406558	208.0
213.45149055241606	210.0
213.46149109076651	213.0
213.471491629117	215.0
213.48149216746745	215.0
213.49149270581793	213.0
213.50149324416842	213.0
213.51149378251887	213.0
213.52149432086935	213.0
213.5314948592198	213.0
213.5414953975703	213.0
213.55149593592074	213.0
213.56149647427122	213.0
213.57149701262168	213.0
213.58149755097216	210.0
213.5914980893226	210.0
213.6014986276731	210.0
213.61149916602358	210.0
213.62149970437403	210.0
213.6315002427245	210.0
213.64150078107497	213.0
213.65150131942545	213.0
213.6615018577759	213.0
213.67150239612639	213.0
213.68150293447684	213.0
213.69150347282732	210.0
213.70150401117778	208.0
213.71150454952826	206.0
213.72150508787874	201.0
213.7315056262292	196.0
213.74150616457968	192.0
213.75150670293013	185.0
213.7615072412806	181.0
213.77150777963107	181.0
213.78150831798155	179.0
213.791508856332	179.0
213.80150939468248	177.0
213.81150993303294	177.0
213.82151047138342	177.0
213.8315110097339	177.0
213.84151154808436	179.0
213.85151208643484	181.0
213.8615126247853	183.0
213.87151316313577	185.0
213.88151370148623	190.0
213.8915142398367	192.0
213.90151477818716	196.0
213.91151531653765	199.0
213.9215158548881	203.0
213.93151639323858	208.0
213.94151693158906	210.0
213.95151746993952	213.0
213.96151800829	215.0
213.97151854664045	213.0
213.98151908499094	213.0
213.9915196233414	213.0
214.00152016169187	213.0
214.01152070004233	213.0
214.0215212383928	213.0
214.03152177674326	213.0
214.04152231509374	213.0
214.05152285344423	213.0
214.06152339179468	213.0
214.07152393014516	213.0
214.08152446849562	213.0
214.0915250068461	213.0
214.10152554519655	213.0
214.11152608354703	213.0
214.1215266218975	213.0
214.13152716024797	213.0
214.14152769859842	213.0
214.1515282369489	213.0
214.1615287752994	213.0
214.17152931364984	213.0
214.18152985200032	213.0
214.19153039035078	213.0
214.20153092870126	213.0
214.2115314670517	213.0
214.2215320054022	213.0
214.23153254375265	210.0
214.24153308210313	210.0
214.25153362045359	210.0
214.26153415880407	210.0
214.27153469715452	210.0
214.281535235505	210.0
214.2915357738555	210.0
214.30153631220594	213.0
214.31153685055642	213.0
214.32153738890688	213.0
214.33153792725736	213.0
214.3415384656078	213.0
214.3515390039583	213.0
214.36153954230875	213.0
214.37154008065923	210.0
214.38154061900968	210.0
214.39154115736017	190.0
214.40154169571065	183.0
214.4115422340611	0.0
214.42154277241158	0.0
214.43154331076204	0.0
214.44154384911252	0.0
214.45154438746297	0.0
214.46154492581346	0.0
214.4715454641639	0.0
214.4815460025144	0.0
214.49154654086485	0.0
214.50154707921533	0.0
214.5115476175658	0.0
214.52154815591626	0.0
214.53154869426675	0.0
214.5415492326172	0.0
214.55154977096768	0.0
214.56155030931814	0.0
214.57155084766862	0.0
214.58155138601907	0.0
214.59155192436955	0.0
214.60155246272	0.0
214.6115530010705	0.0
214.62155353942097	0.0
214.63155407777143	0.0
214.6415546161219	0.0
214.65155515447236	0.0
214.66155569282284	0.0
214.6715562311733	0.0
214.68155676952378	0.0
214.69155730787423	0.0
214.70155784622472	0.0
214.71155838457517	0.0
214.72155892292565	0.0
214.73155946127613	0.0
214.7415599996266	0.0
214.75156053797707	0.0
214.76156107632752	0.0
214.771561614678	0.0
214.78156215302846	0.0
214.79156269137894	0.0
214.8015632297294	0.0
214.81156376807988	0.0
214.82156430643033	0.0
214.83156484478081	0.0
214.8415653831313	0.0
214.85156592148175	0.0
214.86156645983223	0.0
214.8715669981827	0.0
214.88156753653317	0.0
214.89156807488362	0.0
214.9015686132341	0.0
214.91156915158456	0.0
214.92156968993504	0.0
214.9315702282855	0.0
214.94157076663598	0.0
214.95157130498646	0.0
214.9615718433369	0.0
214.9715723816874	0.0
214.98157292003785	0.0
214.99157345838833	0.0
215.00157399673878	0.0
215.01157453508927	0.0
215.02157507343972	0.0
215.0315756117902	0.0
215.04157615014066	0.0
215.05157668849114	0.0
215.06157722684162	0.0
215.07157776519207	0.0
215.08157830354256	0.0
215.091578841893	0.0
215.1015793802435	0.0
215.11157991859395	0.0
215.12158045694443	0.0
215.13158099529488	0.0
215.14158153364536	0.0
215.15158207199582	0.0
215.1615826103463	0.0
215.17158314869678	0.0
215.18158368704724	0.0
215.19158422539772	0.0
215.20158476374817	0.0
215.21158530209865	0.0
215.2215858404491	0.0
215.2315863787996	0.0
215.24158691715004	0.0
215.25158745550053	0.0
215.26158799385098	0.0
215.27158853220146	0.0
215.28158907055195	0.0
215.2915896089024	0.0
215.30159014725288	0.0
215.31159068560333	0.0
215.32159122395382	0.0
215.33159176230427	0.0
215.34159230065475	0.0
215.3515928390052	0.0
215.3615933773557	0.0
215.37159391570614	0.0
215.38159445405662	0.0
215.3915949924071	0.0
215.40159553075756	0.0
215.41159606910804	0.0
215.4215966074585	0.0
215.43159714580898	0.0
215.44159768415943	0.0
215.45159822250992	0.0
215.46159876086037	0.0
215.47159929921085	0.0
215.4815998375613	0.0
215.4916003759118	0.0
215.50160091426227	0.0
215.51160145261272	0.0
215.5216019909632	0.0
215.53160252931366	215.0
215.54160306766414	215.0
215.5516036060146	215.0
215.56160414436508	218.0
215.57160468271553	218.0
215.581605221066	218.0
215.59160575941647	218.0
215.60160629776695	218.0
215.61160683611743	218.0
215.62160737446789	215.0
215.63160791281837	215.0
215.64160845116882	215.0
215.6516089895193	213.0
215.66160952786976	213.0
215.67161006622024	213.0
215.6816106045707	210.0
215.69161114292118	210.0
215.70161168127163	210.0
215.7116122196221	213.0
215.7216127579726	215.0
215.73161329632305	218.0
215.74161383467353	220.0
215.75161437302398	220.0
215.76161491137447	220.0
215.77161544972492	220.0
215.7816159880754	215.0
215.79161652642586	210.0
215.80161706477634	203.0
215.8116176031268	194.0
215.82161814147727	181.0
215.83161867982776	169.0
215.8416192181782	163.0
215.8516197565287	163.0
215.86162029487915	163.0
215.87162083322963	165.0
215.88162137158008	171.0
215.89162190993056	177.0
215.90162244828102	185.0
215.9116229866315	196.0
215.92162352498195	206.0
215.93162406333244	231.0
215.9416246016829	248.0
215.95162514003337	259.0
215.96162567838385	268.0
215.9716262167343	278.0
215.9816267550848	284.0
215.99162729343524	288.0
216.00162783178573	288.0
216.01162837013618	288.0
216.02162890848666	281.0
216.03162944683712	275.0
216.0416299851876	268.0
216.05163052353805	265.0
216.06163106188853	259.0
216.07163160023902	253.0
216.08163213858947	248.0
216.09163267693995	242.0
216.1016332152904	239.0
216.1116337536409	236.0
216.12163429199134	234.0
216.13163483034182	234.0
216.14163536869228	234.0
216.15163590704276	234.0
216.1616364453932	234.0
216.1716369837437	234.0
216.18163752209418	236.0
216.19163806044463	236.0
216.2016385987951	239.0
216.21163913714557	242.0
216.22163967549605	245.0
216.2316402138465	250.0
216.241640752197	253.0
216.25164129054744	256.0
216.26164182889792	262.0
216.27164236724838	262.0
216.28164290559886	265.0
216.29164344394934	262.0
216.3016439822998	262.0
216.31164452065028	259.0
216.32164505900073	253.0
216.3316455973512	245.0
216.34164613570167	242.0
216.35164667405215	239.0
216.3616472124026	236.0
216.37164775075308	236.0
216.38164828910354	234.0
216.39164882745402	231.0
216.4016493658045	226.0
216.41164990415496	220.0
216.42165044250544	218.0
216.4316509808559	215.0
216.44165151920637	213.0
216.45165205755683	213.0
216.4616525959073	210.0
216.47165313425776	210.0
216.48165367260825	210.0
216.4916542109587	213.0
216.50165474930918	215.0
216.51165528765966	215.0
216.52165582601012	215.0
216.5316563643606	215.0
216.54165690271105	215.0
216.55165744106154	215.0
216.561657979412	215.0
216.57165851776247	215.0
216.58165905611293	215.0
216.5916595944634	215.0
216.60166013281386	213.0
216.61166067116434	213.0
216.62166120951483	210.0
216.63166174786528	210.0
216.64166228621576	210.0
216.65166282456622	210.0
216.6616633629167	210.0
216.67166390126715	210.0
216.68166443961763	213.0
216.6916649779681	213.0
216.70166551631857	213.0
216.71166605466902	215.0
216.7216665930195	215.0
216.73166713137	215.0
216.74166766972044	215.0
216.75166820807092	215.0
216.76166874642138	215.0
216.77166928477186	215.0
216.78166982312231	213.0
216.7916703614728	213.0
216.80167089982325	210.0
216.81167143817373	203.0
216.8216719765242	187.0
216.83167251487467	185.0
216.84167305322515	185.0
216.8516735915756	187.0
216.8616741299261	192.0
216.87167466827654	215.0
216.88167520662702	215.0
216.89167574497748	215.0
216.90167628332796	213.0
216.9116768216784	213.0
216.9216773600289	213.0
216.93167789837935	213.0
216.94167843672983	213.0
216.9516789750803	213.0
216.96167951343077	213.0
216.97168005178125	213.0
216.9816805901317	213.0
216.99168112848218	213.0
217.00168166683264	213.0
217.01168220518312	213.0
217.02168274353357	213.0
217.03168328188406	213.0
217.0416838202345	210.0
217.051684358585	210.0
217.06168489693547	210.0
217.07168543528593	210.0
217.0816859736364	210.0
217.09168651198686	210.0
217.10168705033735	210.0
217.1116875886878	210.0
217.12168812703828	210.0
217.13168866538874	208.0
217.14168920373922	206.0
217.15168974208967	201.0
217.16169028044015	192.0
217.17169081879064	185.0
217.1816913571411	173.0
217.19169189549157	163.0
217.20169243384203	158.0
217.2116929721925	156.0
217.22169351054296	158.0
217.23169404889344	169.0
217.2416945872439	179.0
217.25169512559438	185.0
217.26169566394483	194.0
217.27169620229532	203.0
217.2816967406458	208.0
217.29169727899625	210.0
217.30169781734674	213.0
217.3116983556972	215.0
217.32169889404767	215.0
217.33169943239812	215.0
217.3416999707486	215.0
217.35170050909906	213.0
217.36170104744954	213.0
217.3717015858	210.0
217.38170212415048	208.0
217.39170266250096	208.0
217.40170320085141	206.0
217.4117037392019	203.0
217.42170427755235	201.0
217.43170481590283	194.0
217.4417053542533	187.0
217.45170589260377	179.0
217.46170643095422	173.0
217.4717069693047	167.0
217.48170750765516	165.0
217.49170804600564	165.0
217.50170858435612	165.0
217.51170912270658	167.0
217.52170966105706	171.0
217.5317101994075	175.0
217.541710737758	181.0
217.55171127610845	187.0
217.56171181445893	196.0
217.57171235280939	208.0
217.58171289115987	220.0
217.59171342951032	231.0
217.6017139678608	242.0
217.61171450621129	262.0
217.62171504456174	265.0
217.63171558291222	272.0
217.64171612126268	275.0
217.65171665961316	281.0
217.6617171979636	281.0
217.6717177363141	284.0
217.68171827466455	281.0
217.69171881301503	278.0
217.70171935136548	275.0
217.71171988971597	268.0
217.72172042806642	259.0
217.7317209664169	250.0
217.74172150476738	245.0
217.75172204311784	242.0
217.76172258146832	239.0
217.77172311981877	236.0
217.78172365816926	234.0
217.7917241965197	234.0
217.8017247348702	234.0
217.81172527322065	234.0
217.82172581157113	234.0
217.83172634992158	231.0
217.84172688827206	231.0
217.85172742662255	231.0
217.861727964973	231.0
217.87172850332348	231.0
217.88172904167394	234.0
217.89172958002442	236.0
217.90173011837487	239.0
217.91173065672535	242.0
217.9217311950758	248.0
217.9317317334263	256.0
217.94173227177674	262.0
217.95173281012723	268.0
217.9617333484777	272.0
217.97173388682816	268.0
217.98173442517864	265.0
217.9917349635291	259.0
218.00173550187958	248.0
218.01173604023003	234.0
218.02173657858052	220.0
218.03173711693097	215.0
218.04173765528145	213.0
218.0517381936319	210.0
218.0617387319824	210.0
218.07173927033287	210.0
218.08173980868332	210.0
218.0917403470338	210.0
218.10174088538426	210.0
218.11174142373474	210.0
218.1217419620852	210.0
218.13174250043568	210.0
218.14174303878613	208.0
218.1517435771366	208.0
218.16174411548707	208.0
218.17174465383755	208.0
218.18174519218803	208.0
218.19174573053849	210.0
218.20174626888897	210.0
218.21174680723942	210.0
218.2217473455899	210.0
218.23174788394036	208.0
218.24174842229084	201.0
218.2517489606413	192.0
218.26174949899178	190.0
218.27175003734223	0.0
218.2817505756927	0.0
218.2917511140432	0.0
218.30175165239365	0.0
218.31175219074413	0.0
218.32175272909458	223.0
218.33175326744507	220.0
218.34175380579552	218.0
218.351754344146	215.0
218.36175488249646	215.0
218.37175542084694	213.0
218.3817559591974	213.0
218.39175649754787	213.0
218.40175703589836	213.0
218.4117575742488	213.0
218.4217581125993	213.0
218.43175865094975	213.0
218.44175918930023	213.0
218.45175972765068	213.0
218.46176026600116	213.0
218.47176080435162	215.0
218.4817613427021	215.0
218.49176188105255	215.0
218.50176241940304	215.0
218.51176295775352	215.0
218.52176349610397	213.0
218.53176403445445	210.0
218.5417645728049	206.0
218.5517651111554	199.0
218.56176564950584	190.0
218.57176618785633	181.0
218.58176672620678	169.0
218.59176726455726	165.0
218.60176780290772	161.0
218.6117683412582	161.0
218.62176887960868	165.0
218.63176941795913	169.0
218.64176995630962	175.0
218.65177049466007	181.0
218.66177103301055	185.0
218.671771571361	192.0
218.6817721097115	196.0
218.69177264806194	203.0
218.70177318641242	206.0
218.71177372476288	210.0
218.72177426311336	213.0
218.73177480146384	215.0
218.7417753398143	215.0
218.75177587816478	215.0
218.76177641651523	213.0
218.77177695486571	210.0
218.78177749321617	206.0
218.79177803156665	203.0
218.8017785699171	199.0
218.8117791082676	194.0
218.82177964661804	190.0
218.83178018496852	183.0
218.841780723319	181.0
218.85178126166946	177.0
218.86178180001994	175.0
218.8717823383704	175.0
218.88178287672088	175.0
218.89178341507133	173.0
218.9017839534218	173.0
218.91178449177227	173.0
218.92178503012275	173.0
218.9317855684732	175.0
218.94178610682368	177.0
218.95178664517417	179.0
218.96178718352462	183.0
218.9717877218751	185.0
218.98178826022556	190.0
218.99178879857604	194.0
219.0017893369265	199.0
219.01178987527697	203.0
219.02179041362743	208.0
219.0317909519779	210.0
219.04179149032836	213.0
219.05179202867885	215.0
219.06179256702933	215.0
219.07179310537978	215.0
219.08179364373026	213.0
219.09179418208072	208.0
219.1017947204312	203.0
219.11179525878165	199.0
219.12179579713214	194.0
219.1317963354826	190.0
219.14179687383307	185.0
219.15179741218353	183.0
219.161797950534	181.0
219.1717984888845	179.0
219.18179902723494	177.0
219.19179956558543	177.0
219.20180010393588	175.0
219.21180064228636	175.0
219.22180118063682	175.0
219.2318017189873	175.0
219.24180225733775	175.0
219.25180279568823	175.0
219.2618033340387	175.0
219.27180387238917	175.0
219.28180441073965	175.0
219.2918049490901	173.0
219.3018054874406	173.0
219.31180602579104	173.0
219.32180656414153	173.0
219.33180710249198	175.0
219.34180764084246	177.0
219.35180817919291	179.0
219.3618087175434	183.0
219.37180925589385	185.0
219.38180979424433	190.0
219.3918103325948	190.0
219.40181087094527	190.0
219.41181140929575	190.0
219.4218119476462	187.0
219.4318124859967	185.0
219.44181302434714	183.0
219.45181356269762	179.0
219.46181410104808	175.0
219.47181463939856	169.0
219.481815177749	165.0
219.4918157160995	163.0
219.50181625444995	161.0
219.51181679280043	159.0
219.5218173311509	159.0
219.53181786950137	158.0
219.54181840785185	158.0
219.5518189462023	158.0
219.56181948455279	158.0
219.57182002290324	158.0
219.58182056125372	158.0
219.59182109960418	159.0
219.60182163795466	158.0
219.6118221763051	158.0
219.6218227146556	158.0
219.63182325300608	158.0
219.64182379135653	158.0
219.651824329707	158.0
219.66182486805747	158.0
219.67182540640795	159.0
219.6818259447584	159.0
219.69182648310888	163.0
219.70182702145934	167.0
219.71182755980982	169.0
219.72182809816027	171.0
219.73182863651076	173.0
219.74182917486124	173.0
219.7518297132117	171.0
219.76183025156217	167.0
219.77183078991263	161.0
219.7818313282631	156.0
219.79183186661356	150.0
219.80183240496405	147.0
219.8118329433145	144.0
219.82183348166498	140.0
219.83183402001544	139.0
219.84183455836592	137.0
219.8518350967164	137.0
219.86183563506685	139.0
219.87183617341734	139.0
219.8818367117678	139.0
219.89183725011827	140.0
219.90183778846873	140.0
219.9118383268192	140.0
219.92183886516966	140.0
219.93183940352014	140.0
219.9418399418706	140.0
219.95184048022108	139.0
219.96184101857156	139.0
219.97184155692202	137.0
219.9818420952725	137.0
219.99184263362295	137.0
220.00184317197343	139.0
220.0118437103239	139.0
220.02184424867437	140.0
220.03184478702482	142.0
220.0418453253753	142.0
220.05184586372576	144.0
220.06184640207624	142.0
220.07184694042672	142.0
220.08184747877718	139.0
220.09184801712766	137.0
220.1018485554781	137.0
220.1118490938286	137.0
220.12184963217905	139.0
220.13185017052953	142.0
220.14185070887999	147.0
220.15185124723047	152.0
220.16185178558092	159.0
220.1718523239314	163.0
220.1818528622819	169.0
220.19185340063234	171.0
220.20185393898282	175.0
220.21185447733328	177.0
220.22185501568376	177.0
220.2318555540342	175.0
220.2418560923847	175.0
220.25185663073515	173.0
220.26185716908563	171.0
220.27185770743608	169.0
220.28185824578657	167.0
220.29185878413705	165.0
220.3018593224875	163.0
220.31185986083798	161.0
220.32186039918844	161.0
220.33186093753892	159.0
220.34186147588937	158.0
220.35186201423986	158.0
220.3618625525903	156.0
220.3718630909408	154.0
220.38186362929125	152.0
220.39186416764173	150.0
220.4018647059922	0.0
220.41186524434266	0.0
220.42186578269315	0.0
220.4318663210436	0.0
220.44186685939408	0.0
220.45186739774454	0.0
220.46186793609502	0.0
220.47186847444547	0.0
220.48186901279595	0.0
220.4918695511464	194.0
220.5018700894969	194.0
220.51187062784737	194.0
220.52187116619783	192.0
220.5318717045483	190.0
220.54187224289876	187.0
220.55187278124924	185.0
220.5618733195997	183.0
220.57187385795018	181.0
220.58187439630063	181.0
220.59187493465112	179.0
220.60187547300157	177.0
220.61187601135205	175.0
220.62187654970253	173.0
220.631877088053	169.0
220.64187762640347	165.0
220.65187816475392	163.0
220.6618787031044	159.0
220.67187924145486	158.0
220.68187977980534	156.0
220.6918803181558	154.0
220.70188085650628	154.0
220.71188139485673	152.0
220.72188193320721	150.0
220.7318824715577	150.0
220.74188300990815	152.0
220.75188354825863	156.0
220.7618840866091	161.0
220.77188462495957	167.0
220.78188516331002	175.0
220.7918857016605	181.0
220.80188624001096	190.0
220.81188677836144	196.0
220.8218873167119	203.0
220.83188785506238	210.0
220.84188839341286	215.0
220.8518889317633	218.0
220.8618894701138	218.0
220.87189000846425	218.0
220.88189054681473	215.0
220.89189108516518	210.0
220.90189162351567	203.0
220.91189216186612	199.0
220.9218927002166	192.0
220.93189323856706	187.0
220.94189377691754	185.0
220.95189431526802	183.0
220.96189485361847	183.0
220.97189539196896	183.0
220.9818959303194	181.0
220.9918964686699	181.0
221.00189700702035	181.0
221.01189754537083	181.0
221.02189808372128	181.0
221.03189862207176	181.0
221.04189916042222	181.0
221.0518996987727	181.0
221.06190023712315	181.0
221.07190077547364	181.0
221.08190131382412	181.0
221.09190185217457	181.0
221.10190239052505	181.0
221.1119029288755	179.0
221.121903467226	179.0
221.13190400557644	177.0
221.14190454392693	177.0
221.15190508227738	177.0
221.16190562062786	177.0
221.17190615897832	177.0
221.1819066973288	177.0
221.19190723567928	177.0
221.20190777402973	177.0
221.21190831238022	179.0
221.22190885073067	179.0
221.23190938908115	177.0
221.2419099274316	177.0
221.2519104657821	177.0
221.26191100413254	177.0
221.27191154248302	177.0
221.28191208083348	175.0
221.29191261918396	175.0
221.30191315753444	175.0
221.3119136958849	175.0
221.32191423423538	175.0
221.33191477258583	177.0
221.34191531093632	177.0
221.35191584928677	177.0
221.36191638763725	177.0
221.3719169259877	177.0
221.3819174643382	177.0
221.39191800268864	177.0
221.40191854103912	177.0
221.4119190793896	177.0
221.42191961774006	177.0
221.43192015609054	177.0
221.441920694441	177.0
221.45192123279148	177.0
221.46192177114193	177.0
221.4719223094924	179.0
221.48192284784287	179.0
221.49192338619335	179.0
221.5019239245438	179.0
221.51192446289429	179.0
221.52192500124477	177.0
221.53192553959522	177.0
221.5419260779457	175.0
221.55192661629616	175.0
221.56192715464664	175.0
221.5719276929971	175.0
221.58192823134758	177.0
221.59192876969803	179.0
221.6019293080485	181.0
221.61192984639897	183.0
221.62193038474945	185.0
221.63193092309993	187.0
221.64193146145038	190.0
221.65193199980087	190.0
221.66193253815132	187.0
221.6719330765018	185.0
221.68193361485226	183.0
221.69193415320274	181.0
221.7019346915532	177.0
221.71193522990367	173.0
221.72193576825413	171.0
221.7319363066046	169.0
221.7419368449551	165.0
221.75193738330555	163.0
221.76193792165603	159.0
221.77193846000648	152.0
221.78193899835696	150.0
221.79193953670742	0.0
221.8019400750579	0.0
221.81194061340835	0.0
221.82194115175884	0.0
221.8319416901093	0.0
221.84194222845977	0.0
221.85194276681025	0.0
221.8619433051607	0.0
221.8719438435112	0.0
221.88194438186164	0.0
221.89194492021213	0.0
221.90194545856258	0.0
221.91194599691306	0.0
221.92194653526352	0.0
221.931947073614	183.0
221.94194761196445	181.0
221.95194815031493	179.0
221.96194868866542	179.0
221.97194922701587	179.0
221.98194976536635	177.0
221.9919503037168	177.0
222.0019508420673	177.0
222.01195138041774	177.0
222.02195191876822	179.0
222.03195245711868	179.0
222.04195299546916	179.0
222.0519535338196	179.0
222.0619540721701	179.0
222.07195461052058	177.0
222.08195514887103	177.0
222.0919556872215	177.0
222.10195622557197	177.0
222.11195676392245	175.0
222.1219573022729	175.0
222.1319578406234	175.0
222.14195837897384	175.0
222.15195891732432	175.0
222.16195945567478	175.0
222.17195999402526	175.0
222.18196053237574	177.0
222.1919610707262	177.0
222.20196160907668	177.0
222.21196214742713	177.0
222.2219626857776	177.0
222.23196322412807	177.0
222.24196376247855	177.0
222.251964300829	177.0
222.26196483917948	175.0
222.27196537752994	175.0
222.28196591588042	175.0
222.2919664542309	175.0
222.30196699258136	177.0
222.31196753093184	181.0
222.3219680692823	183.0
222.33196860763277	185.0
222.34196914598323	187.0
222.3519696843337	190.0
222.36197022268416	190.0
222.37197076103465	187.0
222.3819712993851	185.0
222.39197183773558	183.0
222.40197237608606	181.0
222.41197291443652	179.0
222.421973452787	177.0
222.43197399113745	175.0
222.44197452948794	175.0
222.4519750678384	175.0
222.46197560618887	177.0
222.47197614453933	177.0
222.4819766828898	177.0
222.49197722124026	177.0
222.50197775959074	177.0
222.51197829794123	177.0
222.52197883629168	175.0
222.53197937464216	175.0
222.54197991299262	175.0
222.5519804513431	175.0
222.56198098969355	175.0
222.57198152804403	177.0
222.5819820663945	179.0
222.59198260474497	181.0
222.60198314309542	183.0
222.6119836814459	185.0
222.6219842197964	185.0
222.63198475814684	187.0
222.64198529649732	185.0
222.65198583484778	185.0
222.66198637319826	183.0
222.67198691154871	181.0
222.6819874498992	179.0
222.69198798824965	175.0
222.70198852660013	173.0
222.7119890649506	173.0
222.72198960330107	173.0
222.73199014165152	173.0
222.741990680002	173.0
222.7519912183525	175.0
222.76199175670294	175.0
222.77199229505342	175.0
222.78199283340388	177.0
222.79199337175436	177.0
222.8019939101048	177.0
222.8119944484553	177.0
222.82199498680575	177.0
222.83199552515623	177.0
222.84199606350668	177.0
222.85199660185717	177.0
222.86199714020765	177.0
222.8719976785581	177.0
222.88199821690858	179.0
222.89199875525904	179.0
222.90199929360952	179.0
222.91199983195997	179.0
222.92200037031046	179.0
222.9320009086609	179.0
222.9420014470114	179.0
222.95200198536185	177.0
222.96200252371233	177.0
222.9720030620628	177.0
222.98200360041326	177.0
222.99200413876375	177.0
223.0020046771142	175.0
223.01200521546468	175.0
223.02200575381514	175.0
223.03200629216562	177.0
223.04200683051607	177.0
223.05200736886655	179.0
223.062007907217	181.0
223.0720084455675	183.0
223.08200898391797	185.0
223.09200952226843	187.0
223.1020100606189	187.0
223.11201059896936	187.0
223.12201113731984	187.0
223.1320116756703	185.0
223.14201221402078	183.0
223.15201275237123	181.0
223.16201329072172	177.0
223.17201382907217	173.0
223.18201436742265	169.0
223.19201490577314	165.0
223.2020154441236	163.0
223.21201598247407	163.0
223.22201652082452	161.0
223.232017059175	161.0
223.24201759752546	161.0
223.25201813587594	161.0
223.2620186742264	161.0
223.27201921257688	161.0
223.28201975092733	159.0
223.29202028927781	158.0
223.3020208276283	156.0
223.31202136597875	154.0
223.32202190432923	154.0
223.3320224426797	156.0
223.34202298103017	158.0
223.35202351938062	161.0
223.3620240577311	165.0
223.37202459608156	171.0
223.38202513443204	179.0
223.3920256727825	187.0
223.40202621113298	192.0
223.41202674948346	194.0
223.4220272878339	192.0
223.4320278261844	187.0
223.44202836453485	179.0
223.45202890288533	175.0
223.46202944123579	169.0
223.47202997958627	163.0
223.48203051793672	159.0
223.4920310562872	158.0
223.50203159463766	156.0
223.51203213298814	156.0
223.52203267133862	158.0
223.53203320968908	161.0
223.54203374803956	163.0
223.55203428639	169.0
223.5620348247405	173.0
223.57203536309095	177.0
223.58203590144143	181.0
223.59203643979188	183.0
223.60203697814237	185.0
223.61203751649282	183.0
223.6220380548433	183.0
223.63203859319378	181.0
223.64203913154424	179.0
223.65203966989472	175.0
223.66204020824517	171.0
223.67204074659566	165.0
223.6820412849461	163.0
223.6920418232966	159.0
223.70204236164705	158.0
223.71204289999753	156.0
223.72204343834798	156.0
223.73204397669846	156.0
223.74204451504895	156.0
223.7520450533994	158.0
223.76204559174988	161.0
223.77204613010034	165.0
223.78204666845082	169.0
223.79204720680127	173.0
223.80204774515175	177.0
223.8120482835022	181.0
223.8220488218527	183.0
223.83204936020314	183.0
223.84204989855363	183.0
223.8520504369041	181.0
223.86205097525456	179.0
223.87205151360504	175.0
223.8820520519555	173.0
223.89205259030598	171.0
223.90205312865643	169.0
223.91205366700692	169.0
223.92205420535737	171.0
223.93205474370785	175.0
223.9420552820583	179.0
223.9520558204088	183.0
223.96205635875927	187.0
223.97205689710972	190.0
223.9820574354602	192.0
223.99205797381066	192.0
224.00205851216114	192.0
224.0120590505116	187.0
224.02205958886208	185.0
224.03206012721253	183.0
224.042060665563	179.0
224.05206120391347	177.0
224.06206174226395	173.0
224.07206228061443	171.0
224.08206281896489	171.0
224.09206335731537	169.0
224.10206389566582	171.0
224.1120644340163	171.0
224.12206497236676	175.0
224.13206551071724	177.0
224.1420660490677	181.0
224.15206658741818	183.0
224.16206712576863	187.0
224.1720676641191	192.0
224.1820682024696	196.0
224.19206874082005	199.0
224.20206927917053	201.0
224.21206981752098	206.0
224.22207035587147	208.0
224.23207089422192	208.0
224.2420714325724	210.0
224.25207197092286	210.0
224.26207250927334	210.0
224.2720730476238	210.0
224.28207358597427	208.0
224.29207412432476	208.0
224.3020746626752	210.0
224.3120752010257	210.0
224.32207573937615	213.0
224.33207627772663	213.0
224.34207681607708	215.0
224.35207735442756	215.0
224.36207789277802	215.0
224.3720784311285	213.0
224.38207896947895	213.0
224.39207950782944	213.0
224.40208004617992	213.0
224.41208058453037	210.0
224.42208112288085	210.0
224.4320816612313	210.0
224.4420821995818	210.0
224.45208273793224	210.0
224.46208327628273	210.0
224.47208381463318	210.0
224.48208435298366	210.0
224.49208489133412	210.0
224.5020854296846	210.0
224.51208596803505	210.0
224.52208650638553	213.0
224.53208704473602	213.0
224.54208758308647	213.0
224.55208812143695	213.0
224.5620886597874	213.0
224.5720891981379	210.0
224.58208973648834	210.0
224.59209027483882	210.0
224.60209081318928	208.0
224.61209135153976	206.0
224.6220918898902	203.0
224.6320924282407	199.0
224.64209296659118	194.0
224.65209350494163	190.0
224.66209404329211	185.0
224.67209458164257	181.0
224.68209511999305	179.0
224.6920956583435	177.0
224.702096196694	175.0
224.71209673504444	173.0
224.72209727339492	171.0
224.73209781174538	169.0
224.74209835009586	0.0
224.75209888844634	0.0
224.7620994267968	0.0
224.77209996514728	0.0
224.78210050349773	0.0
224.7921010418482	0.0
224.80210158019867	0.0
224.81210211854915	0.0
224.8221026568996	0.0
224.83210319525008	0.0
224.84210373360054	0.0
224.85210427195102	0.0
224.8621048103015	0.0
224.87210534865196	0.0
224.88210588700244	0.0
224.8921064253529	0.0
224.90210696370337	0.0
224.91210750205383	0.0
224.9221080404043	0.0
224.93210857875476	0.0
224.94210911710525	0.0
224.9521096554557	0.0
224.96211019380618	0.0
224.97211073215666	0.0
224.98211127050712	0.0
224.9921118088576	0.0
225.00211234720805	0.0
225.01211288555854	0.0
225.022113423909	0.0
225.03211396225947	0.0
225.04211450060993	0.0
225.0521150389604	0.0
225.06211557731086	0.0
225.07211611566134	0.0
225.08211665401183	0.0
225.09211719236228	0.0
225.10211773071276	0.0
225.11211826906322	0.0
225.1221188074137	0.0
225.13211934576415	0.0
225.14211988411463	0.0
225.1521204224651	0.0
225.16212096081557	0.0
225.17212149916602	0.0
225.1821220375165	0.0
225.192122575867	0.0
225.20212311421744	0.0
225.21212365256793	0.0
225.22212419091838	220.0
225.23212472926886	220.0
225.24212526761931	218.0
225.2521258059698	218.0
225.26212634432025	218.0
225.27212688267073	215.0
225.2821274210212	215.0
225.29212795937167	215.0
225.30212849772215	213.0
225.3121290360726	213.0
225.3221295744231	213.0
225.33213011277354	213.0
225.34213065112402	213.0
225.35213118947448	213.0
225.36213172782496	213.0
225.3721322661754	213.0
225.3821328045259	213.0
225.39213334287635	213.0
225.40213388122683	213.0
225.4121344195773	213.0
225.42213495792777	213.0
225.43213549627825	210.0
225.4421360346287	210.0
225.45213657297919	210.0
225.46213711132964	210.0
225.47213764968012	210.0
225.48213818803058	210.0
225.49213872638106	213.0
225.5021392647315	213.0
225.512139803082	213.0
225.52214034143248	213.0
225.53214087978293	213.0
225.5421414181334	210.0
225.55214195648387	208.0
225.56214249483435	203.0
225.5721430331848	199.0
225.58214357153528	194.0
225.59214410988574	190.0
225.60214464823622	185.0
225.61214518658667	183.0
225.62214572493716	183.0
225.63214626328764	181.0
225.6421468016381	179.0
225.65214733998857	177.0
225.66214787833903	177.0
225.6721484166895	175.0
225.68214895503996	175.0
225.69214949339045	175.0
225.7021500317409	175.0
225.71215057009138	173.0
225.72215110844184	173.0
225.73215164679232	173.0
225.7421521851428	173.0
225.75215272349325	175.0
225.76215326184374	175.0
225.7721538001942	177.0
225.78215433854467	179.0
225.79215487689513	183.0
225.8021554152456	187.0
225.81215595359606	192.0
225.82215649194654	196.0
225.832157030297	201.0
225.84215756864748	206.0
225.85215810699796	210.0
225.86215864534842	213.0
225.8721591836989	215.0
225.88215972204935	218.0
225.89216026039983	218.0
225.9021607987503	218.0
225.91216133710077	215.0
225.92216187545122	215.0
225.9321624138017	215.0
225.94216295215216	215.0
225.95216349050264	215.0
225.96216402885312	215.0
225.97216456720358	215.0
225.98216510555406	218.0
225.9921656439045	218.0
226.002166182255	218.0
226.01216672060545	218.0
226.02216725895593	215.0
226.03216779730639	215.0
226.04216833565687	213.0
226.05216887400732	213.0
226.0621694123578	213.0
226.0721699507083	210.0
226.08217048905874	210.0
226.09217102740922	210.0
226.10217156575968	210.0
226.11217210411016	213.0
226.1221726424606	213.0
226.1321731808111	213.0
226.14217371916155	213.0
226.15217425751203	210.0
226.16217479586248	210.0
226.17217533421297	210.0
226.18217587256342	210.0
226.1921764109139	210.0
226.20217694926438	210.0
226.21217748761484	210.0
226.22217802596532	210.0
226.23217856431577	210.0
226.24217910266626	210.0
226.2521796410167	210.0
226.2621801793672	210.0
226.27218071771765	210.0
226.28218125606813	213.0
226.29218179441858	213.0
226.30218233276906	213.0
226.31218287111955	213.0
226.32218340947	213.0
226.33218394782048	213.0
226.34218448617094	213.0
226.35218502452142	213.0
226.36218556287187	213.0
226.37218610122235	213.0
226.3821866395728	213.0
226.3921871779233	213.0
226.40218771627374	213.0
226.41218825462423	213.0
226.4221887929747	213.0
226.43218933132516	213.0
226.44218986967564	213.0
226.4521904080261	213.0
226.46219094637658	213.0
226.47219148472703	213.0
226.48219202307752	213.0
226.49219256142797	213.0
226.50219309977845	210.0
226.5121936381289	210.0
226.5221941764794	210.0
226.53219471482987	210.0
226.54219525318032	210.0
226.5521957915308	210.0
226.56219632988126	210.0
226.57219686823174	210.0
226.5821974065822	210.0
226.59219794493268	210.0
226.60219848328313	210.0
226.61219902163361	210.0
226.62219955998407	210.0
226.63220009833455	210.0
226.64220063668503	210.0
226.6522011750355	210.0
226.66220171338597	210.0
226.67220225173642	210.0
226.6822027900869	208.0
226.69220332843736	208.0
226.70220386678784	210.0
226.7122044051383	210.0
226.72220494348878	210.0
226.73220548183923	210.0
226.7422060201897	210.0
226.7522065585402	210.0
226.76220709689065	210.0
226.77220763524113	210.0
226.78220817359158	210.0
226.79220871194207	208.0
226.80220925029252	203.0
226.812209788643	199.0
226.82221032699346	192.0
226.83221086534394	181.0
226.8422114036944	169.0
226.85221194204487	161.0
226.86221248039536	158.0
226.8722130187458	156.0
226.8822135570963	158.0
226.89221409544675	158.0
226.90221463379723	161.0
226.91221517214768	167.0
226.92221571049816	173.0
226.93221624884862	179.0
226.9422167871991	185.0
226.95221732554955	190.0
226.96221786390004	194.0
226.97221840225052	199.0
226.98221894060097	203.0
226.99221947895145	206.0
227.0022200173019	208.0
227.0122205556524	210.0
227.02222109400284	210.0
227.03222163235333	210.0
227.04222217070378	213.0
227.05222270905426	213.0
227.06222324740472	213.0
227.0722237857552	213.0
227.08222432410568	213.0
227.09222486245613	213.0
227.10222540080662	210.0
227.11222593915707	208.0
227.12222647750755	206.0
227.132227015858	201.0
227.1422275542085	194.0
227.15222809255894	185.0
227.16222863090942	179.0
227.17222916925988	171.0
227.18222970761036	167.0
227.19223024596084	163.0
227.2022307843113	163.0
227.21223132266178	165.0
227.22223186101223	167.0
227.23223239936272	169.0
227.24223293771317	173.0
227.25223347606365	177.0
227.2622340144141	183.0
227.2722345527646	190.0
227.28223509111504	199.0
227.29223562946552	213.0
227.302236167816	228.0
227.31223670616646	242.0
227.32223724451694	253.0
227.3322377828674	262.0
227.34223832121788	268.0
227.35223885956833	275.0
227.3622393979188	278.0
227.37223993626927	278.0
227.38224047461975	281.0
227.3922410129702	278.0
227.40224155132069	275.0
227.41224208967117	268.0
227.42224262802162	265.0
227.4322431663721	259.0
227.44224370472256	256.0
227.45224424307304	250.0
227.4622447814235	248.0
227.47224531977398	242.0
227.48224585812443	242.0
227.4922463964749	239.0
227.50224693482537	236.0
227.51224747317585	236.0
227.52224801152633	234.0
227.53224854987678	234.0
227.54224908822727	231.0
227.55224962657772	231.0
227.5622501649282	231.0
227.57225070327866	231.0
227.58225124162914	234.0
227.5922517799796	236.0
227.60225231833007	239.0
227.61225285668053	242.0
227.622253395031	245.0
227.6322539333815	250.0
227.64225447173195	253.0
227.65225501008243	259.0
227.66225554843288	259.0
227.67225608678336	259.0
227.68225662513382	259.0
227.6922571634843	256.0
227.70225770183475	253.0
227.71225824018524	248.0
227.7222587785357	245.0
227.73225931688617	242.0
227.74225985523665	242.0
227.7522603935871	239.0
227.7622609319376	236.0
227.77226147028804	231.0
227.78226200863853	228.0
227.79226254698898	223.0
227.80226308533946	218.0
227.81226362368992	215.0
227.8222641620404	213.0
227.83226470039085	210.0
227.84226523874133	208.0
227.85226577709182	208.0
227.86226631544227	208.0
227.87226685379275	208.0
227.8822673921432	208.0
227.8922679304937	208.0
227.90226846884414	210.0
227.91226900719462	210.0
227.92226954554508	210.0
227.93227008389556	210.0
227.942270622246	213.0
227.9522711605965	213.0
227.96227169894695	213.0
227.97227223729743	213.0
227.9822727756479	213.0
227.99227331399837	213.0
228.00227385234885	213.0
228.0122743906993	213.0
228.0222749290498	210.0
228.03227546740024	210.0
228.04227600575072	210.0
228.05227654410118	210.0
228.06227708245166	210.0
228.0722776208021	213.0
228.0822781591526	213.0
228.09227869750308	213.0
228.10227923585353	213.0
228.112279774204	213.0
228.12228031255447	213.0
228.13228085090495	213.0
228.1422813892554	210.0
228.15228192760588	210.0
228.16228246595634	210.0
228.17228300430682	208.0
228.18228354265727	203.0
228.19228408100776	196.0
228.20228461935824	194.0
228.2122851577087	194.0
228.22228569605917	196.0
228.23228623440963	203.0
228.2422867727601	210.0
228.25228731111056	213.0
228.26228784946105	213.0
228.2722883878115	213.0
228.28228892616198	213.0
228.29228946451244	210.0
228.30229000286292	210.0
228.3122905412134	210.0
228.32229107956385	210.0
228.33229161791434	210.0
228.3422921562648	210.0
228.35229269461527	210.0
228.36229323296573	210.0
228.3722937713162	210.0
228.38229430966666	210.0
228.39229484801714	210.0
228.4022953863676	210.0
228.41229592471808	210.0
228.42229646306856	210.0
228.43229700141902	210.0
228.4422975397695	210.0
228.45229807811995	210.0
228.46229861647043	210.0
228.4722991548209	208.0
228.48229969317137	206.0
228.49230023152182	203.0
228.5023007698723	196.0
228.51230130822276	187.0
228.52230184657324	179.0
228.53230238492372	169.0
228.54230292327418	163.0
228.55230346162466	161.0
228.56230399997511	159.0
228.5723045383256	161.0
228.58230507667605	163.0
228.59230561502653	171.0
228.602306153377	175.0
228.61230669172747	181.0
228.62230723007792	187.0
228.6323077684284	194.0
228.6423083067789	201.0
228.65230884512934	206.0
228.66230938347982	208.0
228.67230992183028	213.0
228.68231046018076	213.0
228.6923109985312	215.0
228.7023115368817	215.0
228.71231207523215	213.0
228.72231261358263	213.0
228.73231315193308	210.0
228.74231369028357	210.0
228.75231422863405	208.0
228.7623147669845	206.0
228.77231530533498	201.0
228.78231584368544	196.0
228.79231638203592	190.0
228.80231692038637	183.0
228.81231745873686	179.0
228.8223179970873	173.0
228.8323185354378	169.0
228.84231907378825	167.0
228.85231961213873	167.0
228.8623201504892	167.0
228.87232068883966	167.0
228.88232122719015	171.0
228.8923217655406	173.0
228.90232230389108	179.0
228.91232284224154	183.0
228.92232338059202	190.0
228.93232391894247	199.0
228.94232445729295	213.0
228.9523249956434	228.0
228.9623255339939	242.0
228.97232607234437	256.0
228.98232661069483	265.0
228.9923271490453	272.0
229.00232768739576	278.0
229.01232822574624	284.0
229.0223287640967	288.0
229.03232930244718	288.0
229.04232984079763	284.0
229.05233037914812	281.0
229.06233091749857	275.0
229.07233145584905	268.0
229.08233199419954	262.0
229.09233253255	256.0
229.10233307090047	250.0
229.11233360925092	245.0
229.1223341476014	242.0
229.13233468595186	236.0
229.14233522430234	236.0
229.1523357626528	236.0
229.16233630100328	234.0
229.17233683935373	234.0
229.18233737770421	234.0
229.1923379160547	234.0
229.20233845440515	234.0
229.21233899275563	231.0
229.2223395311061	231.0
229.23234006945657	231.0
229.24234060780702	231.0
229.2523411461575	231.0
229.26234168450796	234.0
229.27234222285844	236.0
229.2823427612089	242.0
229.29234329955938	248.0
229.30234383790986	256.0
229.3123443762603	265.0
229.3223449146108	272.0
229.33234545296125	272.0
229.34234599131173	272.0
229.35234652966219	265.0
229.36234706801267	256.0
229.37234760636312	242.0
229.3823481447136	223.0
229.39234868306406	213.0
229.40234922141454	208.0
229.41234975976502	208.0
229.42235029811548	208.0
229.43235083646596	208.0
229.4423513748164	208.0
229.4523519131669	208.0
229.46235245151735	208.0
229.47235298986783	208.0
229.48235352821828	208.0
229.49235406656877	208.0
229.50235460491922	208.0
229.5123551432697	208.0
229.52235568162018	208.0
229.53235621997064	208.0
229.54235675832112	208.0
229.55235729667157	208.0
229.56235783502206	208.0
229.5723583733725	208.0
229.582358911723	208.0
229.59235945007345	210.0
229.60235998842393	210.0
229.61236052677438	210.0
229.62236106512486	210.0
229.63236160347532	210.0
229.6423621418258	210.0
229.65236268017628	210.0
229.66236321852674	210.0
229.67236375687722	213.0
229.68236429522767	213.0
229.69236483357815	213.0
229.7023653719286	213.0
229.7123659102791	213.0
229.72236644862954	213.0
229.73236698698003	213.0
229.74236752533048	213.0
229.75236806368096	215.0
229.76236860203144	215.0
229.7723691403819	213.0
229.78236967873238	213.0
229.79237021708283	210.0
229.80237075543332	208.0
229.81237129378377	203.0
229.82237183213425	196.0
229.8323723704847	190.0
229.8423729088352	183.0
229.85237344718564	179.0
229.86237398553612	175.0
229.8723745238866	171.0
229.88237506223706	167.0
229.89237560058754	163.0
229.902376138938	159.0
229.91237667728848	154.0
229.92237721563893	147.0
229.9323777539894	0.0
229.94237829233987	0.0
229.95237883069035	0.0
229.9623793690408	0.0
229.97237990739129	210.0
229.98238044574177	210.0
229.99238098409222	208.0
230.0023815224427	208.0
230.01238206079316	208.0
230.02238259914364	210.0
230.0323831374941	210.0
230.04238367584458	210.0
230.05238421419503	213.0
230.0623847525455	213.0
230.07238529089597	213.0
230.08238582924645	213.0
230.09238636759693	210.0
230.10238690594738	210.0
230.11238744429787	210.0
230.12238798264832	208.0
230.1323885209988	208.0
230.14238905934926	206.0
230.15238959769974	203.0
230.1623901360502	199.0
230.17239067440067	194.0
230.18239121275113	187.0
230.1923917511016	183.0
230.2023922894521	179.0
230.21239282780255	175.0
230.22239336615303	173.0
230.23239390450348	171.0
230.24239444285396	171.0
230.25239498120442	171.0
230.2623955195549	171.0
230.27239605790535	173.0
230.28239659625584	175.0
230.2923971346063	177.0
230.30239767295677	181.0
230.31239821130725	185.0
230.3223987496577	192.0
230.3323992880082	196.0
230.34239982635864	203.0
230.35240036470913	208.0
230.36240090305958	213.0
230.37240144141006	215.0
230.38240197976052	215.0
230.392402518111	215.0
230.40240305646145	213.0
230.41240359481193	213.0
230.42240413316242	210.0
230.43240467151287	208.0
230.44240520986335	201.0
230.4524057482138	196.0
230.4624062865643	190.0
230.47240682491474	187.0
230.48240736326522	183.0
230.49240790161568	181.0
230.50240843996616	179.0
230.5124089783166	177.0
230.5224095166671	177.0
230.53241005501758	177.0
230.54241059336803	177.0
230.55241113171851	177.0
230.56241167006897	175.0
230.57241220841945	175.0
230.5824127467699	175.0
230.5924132851204	175.0
230.60241382347084	173.0
230.61241436182132	173.0
230.62241490017178	175.0
230.63241543852226	175.0
230.64241597687274	177.0
230.6524165152232	181.0
230.66241705357368	183.0
230.67241759192413	183.0
230.6824181302746	185.0
230.69241866862507	187.0
230.70241920697555	187.0
230.712419745326	187.0
230.72242028367648	187.0
230.73242082202694	185.0
230.74242136037742	183.0
230.7524218987279	179.0
230.76242243707836	177.0
230.77242297542884	173.0
230.7824235137793	169.0
230.79242405212977	165.0
230.80242459048023	161.0
230.8124251288307	159.0
230.82242566718116	158.0
230.83242620553165	156.0
230.8424267438821	156.0
230.85242728223258	156.0
230.86242782058306	156.0
230.87242835893352	156.0
230.882428897284	156.0
230.89242943563445	156.0
230.90242997398494	156.0
230.9124305123354	158.0
230.92243105068587	158.0
230.93243158903633	159.0
230.9424321273868	161.0
230.95243266573726	161.0
230.96243320408774	163.0
230.97243374243823	165.0
230.98243428078868	169.0
230.99243481913916	169.0
231.00243535748962	171.0
231.0124358958401	171.0
231.02243643419055	169.0
231.03243697254103	167.0
231.0424375108915	163.0
231.05243804924197	161.0
231.06243858759242	156.0
231.0724391259429	150.0
231.0824396642934	145.0
231.09244020264384	140.0
231.10244074099433	139.0
231.11244127934478	137.0
231.12244181769526	139.0
231.13244235604571	139.0
231.1424428943962	139.0
231.15244343274665	140.0
231.16244397109713	140.0
231.1724445094476	140.0
231.18244504779807	140.0
231.19244558614855	140.0
231.202446124499	140.0
231.2124466628495	140.0
231.22244720119994	140.0
231.23244773955042	140.0
231.24244827790088	140.0
231.25244881625136	140.0
231.2624493546018	140.0
231.2724498929523	140.0
231.28245043130275	140.0
231.29245096965323	140.0
231.30245150800368	140.0
231.31245204635417	142.0
231.32245258470465	142.0
231.3324531230551	142.0
231.34245366140559	142.0
231.35245419975604	144.0
231.36245473810652	147.0
231.37245527645698	150.0
231.38245581480746	156.0
231.3924563531579	161.0
231.4024568915084	167.0
231.41245742985885	171.0
231.42245796820933	175.0
231.4324585065598	177.0
231.44245904491027	179.0
231.45245958326075	179.0
231.4624601216112	179.0
231.47246065996168	177.0
231.48246119831214	175.0
231.49246173666262	173.0
231.50246227501307	171.0
231.51246281336356	169.0
231.522463351714	169.0
231.5324638900645	167.0
231.54246442841497	165.0
231.55246496676543	165.0
231.5624655051159	163.0
231.57246604346636	161.0
231.58246658181685	159.0
231.5924671201673	158.0
231.60246765851778	152.0
231.61246819686824	149.0
231.62246873521872	145.0
231.63246927356917	144.0
231.64246981191965	142.0
231.65247035027014	142.0
231.6624708886206	145.0
231.67247142697107	150.0
231.68247196532153	154.0
231.692472503672	161.0
231.70247304202246	167.0
231.71247358037294	175.0
231.7224741187234	181.0
231.73247465707388	185.0
231.74247519542433	183.0
231.75247573377482	183.0
231.7624762721253	181.0
231.77247681047575	179.0
231.78247734882623	179.0
231.7924778871767	179.0
231.80247842552717	177.0
231.81247896387762	179.0
231.8224795022281	179.0
231.83248004057856	179.0
231.84248057892904	179.0
231.8524811172795	181.0
231.86248165562998	181.0
231.87248219398046	181.0
231.8824827323309	181.0
231.8924832706814	181.0
231.90248380903185	181.0
231.91248434738233	181.0
231.92248488573279	181.0
231.93248542408327	181.0
231.94248596243372	181.0
231.9524865007842	181.0
231.96248703913466	179.0
231.97248757748514	179.0
231.98248811583562	179.0
231.99248865418608	177.0
232.00248919253656	177.0
232.012489730887	175.0
232.0224902692375	171.0
232.03249080758795	169.0
232.04249134593843	165.0
232.05249188428888	163.0
232.06249242263937	161.0
232.07249296098982	158.0
232.0824934993403	156.0
232.09249403769078	156.0
232.10249457604124	156.0
232.11249511439172	158.0
232.12249565274217	158.0
232.13249619109266	159.0
232.1424967294431	161.0
232.1524972677936	163.0
232.16249780614405	165.0
232.17249834449453	167.0
232.18249888284498	171.0
232.19249942119546	173.0
232.20249995954595	177.0
232.2125004978964	179.0
232.22250103624688	181.0
232.23250157459734	181.0
232.24250211294782	181.0
232.25250265129827	181.0
232.26250318964875	179.0
232.2725037279992	179.0
232.2825042663497	177.0
232.29250480470014	177.0
232.30250534305063	177.0
232.3125058814011	177.0
232.32250641975156	177.0
232.33250695810204	177.0
232.3425074964525	177.0
232.35250803480298	177.0
232.36250857315343	177.0
232.37250911150392	179.0
232.38250964985437	177.0
232.39251018820485	177.0
232.4025107265553	177.0
232.4125112649058	177.0
232.42251180325627	177.0
232.43251234160672	177.0
232.4425128799572	177.0
232.45251341830766	177.0
232.46251395665814	177.0
232.4725144950086	177.0
232.48251503335908	177.0
232.49251557170953	177.0
232.50251611006001	177.0
232.51251664841047	177.0
232.52251718676095	175.0
232.53251772511143	175.0
232.5425182634619	175.0
232.55251880181237	175.0
232.56251934016282	177.0
232.5725198785133	177.0
232.58252041686376	177.0
232.59252095521424	177.0
232.6025214935647	177.0
232.61252203191518	177.0
232.62252257026563	177.0
232.6325231086161	177.0
232.6425236469666	177.0
232.65252418531705	177.0
232.66252472366753	177.0
232.67252526201798	177.0
232.68252580036847	177.0
232.69252633871892	177.0
232.7025268770694	177.0
232.71252741541986	175.0
232.72252795377034	175.0
232.7325284921208	175.0
232.74252903047127	175.0
232.75252956882176	175.0
232.7625301071722	175.0
232.7725306455227	175.0
232.78253118387315	177.0
232.79253172222363	177.0
232.80253226057408	177.0
232.81253279892456	177.0
232.82253333727502	177.0
232.8325338756255	177.0
232.84253441397595	179.0
232.85253495232644	179.0
232.86253549067692	179.0
232.87253602902737	179.0
232.88253656737785	179.0
232.8925371057283	177.0
232.9025376440788	177.0
232.91253818242924	177.0
232.92253872077973	175.0
232.93253925913018	175.0
232.94253979748066	175.0
232.95254033583112	175.0
232.9625408741816	175.0
232.97254141253205	175.0
232.98254195088253	175.0
232.99254248923302	175.0
233.00254302758347	175.0
233.01254356593395	177.0
233.0225441042844	177.0
233.0325446426349	179.0
233.04254518098534	181.0
233.05254571933582	183.0
233.06254625768628	183.0
233.07254679603676	185.0
233.08254733438721	185.0
233.0925478727377	185.0
233.10254841108818	183.0
233.11254894943863	181.0
233.12254948778912	179.0
233.13255002613957	177.0
233.14255056449005	175.0
233.1525511028405	175.0
233.162551641191	177.0
233.17255217954144	177.0
233.18255271789192	179.0
233.19255325624238	181.0
233.20255379459286	181.0
233.21255433294334	179.0
233.2225548712938	177.0
233.23255540964428	175.0
233.24255594799473	171.0
233.2525564863452	0.0
233.26255702469567	0.0
233.27255756304615	0.0
233.2825581013966	0.0
233.29255863974709	0.0
233.30255917809754	0.0
233.31255971644802	0.0
233.3225602547985	0.0
233.33256079314896	0.0
233.34256133149944	0.0
233.3525618698499	0.0
233.36256240820038	0.0
233.37256294655083	0.0
233.3825634849013	0.0
233.39256402325177	0.0
233.40256456160225	0.0
233.4125650999527	0.0
233.42256563830318	0.0
233.43256617665367	0.0
233.44256671500412	0.0
233.4525672533546	0.0
233.46256779170506	0.0
233.47256833005554	0.0
233.482568868406	0.0
233.49256940675647	0.0
233.50256994510693	0.0
233.5125704834574	0.0
233.52257102180786	0.0
233.53257156015835	0.0
233.54257209850883	0.0
233.55257263685928	0.0
233.56257317520976	0.0
233.57257371356022	0.0
233.5825742519107	0.0
233.59257479026115	0.0
233.60257532861164	0.0
233.6125758669621	0.0
233.62257640531257	0.0
233.63257694366303	0.0
233.6425774820135	0.0
233.652578020364	0.0
233.66257855871444	0.0
233.67257909706493	0.0
233.68257963541538	0.0
233.69258017376586	0.0
233.70258071211632	0.0
233.7125812504668	0.0
233.72258178881725	0.0
233.73258232716773	0.0
233.7425828655182	0.0
233.75258340386867	0.0
233.76258394221915	0.0
233.7725844805696	0.0
233.7825850189201	0.0
233.79258555727054	0.0
233.80258609562102	0.0
233.81258663397148	0.0
233.82258717232196	0.0
233.8325877106724	167.0
233.8425882490229	169.0
233.85258878737335	171.0
233.86258932572383	177.0
233.8725898640743	181.0
233.88259040242477	183.0
233.89259094077525	185.0
233.9025914791257	187.0
233.9125920174762	187.0
233.92259255582664	187.0
233.93259309417712	185.0
233.94259363252758	185.0
233.95259417087806	185.0
233.9625947092285	183.0
233.972595247579	181.0
233.98259578592948	181.0
233.99259632427993	181.0
234.0025968626304	179.0
234.01259740098087	179.0
234.02259793933135	177.0
234.0325984776818	177.0
234.04259901603228	177.0
234.05259955438274	177.0
234.06260009273322	177.0
234.07260063108367	177.0
234.08260116943416	177.0
234.09260170778464	177.0
234.1026022461351	177.0
234.11260278448557	177.0
234.12260332283603	177.0
234.1326038611865	177.0
234.14260439953696	177.0
234.15260493788745	177.0
234.1626054762379	177.0
234.17260601458838	177.0
234.18260655293884	177.0
234.19260709128932	177.0
234.2026076296398	177.0
234.21260816799025	175.0
234.22260870634074	175.0
234.2326092446912	175.0
234.24260978304167	175.0
234.25261032139213	177.0
234.2626108597426	177.0
234.27261139809306	177.0
234.28261193644354	177.0
234.292612474794	177.0
234.30261301314448	175.0
234.31261355149496	173.0
234.32261408984542	169.0
234.3326146281959	165.0
234.34261516654635	161.0
234.35261570489683	159.0
234.3626162432473	158.0
234.37261678159777	158.0
234.38261731994822	156.0
234.3926178582987	156.0
234.40261839664916	154.0
234.41261893499964	154.0
234.42261947335012	152.0
234.43262001170058	149.0
234.44262055005106	144.0
234.45262108840151	140.0
234.462621626752	140.0
234.47262216510245	142.0
234.48262270345293	142.0
234.4926232418034	144.0
234.50262378015387	147.0
234.51262431850432	0.0
234.5226248568548	0.0
234.5326253952053	187.0
234.54262593355574	185.0
234.55262647190622	183.0
234.56262701025668	181.0
234.57262754860716	179.0
234.5826280869576	179.0
234.5926286253081	179.0
234.60262916365855	179.0
234.61262970200903	177.0
234.62263024035948	177.0
234.63263077870997	177.0
234.64263131706045	175.0
234.6526318554109	173.0
234.66263239376138	169.0
234.67263293211184	167.0
234.68263347046232	163.0
234.69263400881277	161.0
234.70263454716326	161.0
234.7126350855137	159.0
234.7226356238642	159.0
234.73263616221465	159.0
234.74263670056513	159.0
234.75263723891558	159.0
234.76263777726606	161.0
234.77263831561655	161.0
234.782638853967	161.0
234.79263939231748	161.0
234.80263993066794	161.0
234.81264046901842	161.0
234.82264100736887	161.0
234.83264154571935	161.0
234.8426420840698	161.0
234.8526426224203	159.0
234.86264316077074	159.0
234.87264369912123	158.0
234.8826442374717	158.0
234.89264477582216	158.0
234.90264531417264	159.0
234.9126458525231	161.0
234.92264639087358	163.0
234.93264692922403	165.0
234.94264746757452	167.0
234.95264800592497	169.0
234.96264854427545	171.0
234.9726490826259	171.0
234.9826496209764	169.0
234.99265015932687	165.0
235.00265069767732	161.0
235.0126512360278	158.0
235.02265177437826	152.0
235.03265231272874	147.0
235.0426528510792	142.0
235.05265338942968	140.0
235.06265392778013	139.0
235.07265446613061	139.0
235.08265500448107	139.0
235.09265554283155	140.0
235.10265608118203	140.0
235.1126566195325	140.0
235.12265715788297	142.0
235.13265769623342	142.0
235.1426582345839	142.0
235.15265877293436	142.0
235.16265931128484	140.0
235.1726598496353	139.0
235.18266038798578	137.0
235.19266092633623	134.0
235.2026614646867	132.0
235.2126620030372	131.0
235.22266254138765	131.0
235.23266307973813	132.0
235.24266361808859	136.0
235.25266415643907	139.0
235.26266469478952	139.0
235.27266523314	140.0
235.28266577149046	140.0
235.29266630984094	140.0
235.3026668481914	140.0
235.31266738654188	140.0
235.32266792489236	140.0
235.3326684632428	140.0
235.3426690015933	140.0
235.35266953994375	140.0
235.36267007829423	140.0
235.37267061664468	140.0
235.38267115499517	139.0
235.39267169334562	139.0
235.4026722316961	139.0
235.41267277004656	139.0
235.42267330839704	139.0
235.43267384674752	139.0
235.44267438509797	139.0
235.45267492344846	139.0
235.4626754617989	140.0
235.4726760001494	140.0
235.48267653849985	140.0
235.49267707685033	140.0
235.50267761520078	140.0
235.51267815355126	140.0
235.52267869190172	140.0
235.5326792302522	140.0
235.54267976860268	140.0
235.55268030695314	140.0
235.56268084530362	140.0
235.57268138365407	140.0
235.58268192200455	140.0
235.592682460355	140.0
235.6026829987055	140.0
235.61268353705594	140.0
235.62268407540643	140.0
235.63268461375688	140.0
235.64268515210736	140.0
235.65268569045784	140.0
235.6626862288083	140.0
235.67268676715878	140.0
235.68268730550923	140.0
235.69268784385972	140.0
235.70268838221017	140.0
235.71268892056065	140.0
235.7226894589111	140.0
235.7326899972616	140.0
235.74269053561204	144.0
235.75269107396252	147.0
235.762691612313	150.0
235.77269215066346	158.0
235.78269268901394	165.0
235.7926932273644	173.0
235.80269376571488	177.0
235.81269430406533	179.0
235.8226948424158	181.0
235.83269538076627	181.0
235.84269591911675	179.0
235.8526964574672	177.0
235.86269699581769	173.0
235.87269753416817	169.0
235.88269807251862	165.0
235.8926986108691	163.0
235.90269914921956	161.0
235.91269968757004	161.0
235.9227002259205	159.0
235.93270076427098	159.0
235.94270130262143	159.0
235.9527018409719	159.0
235.96270237932237	159.0
235.97270291767285	161.0
235.98270345602333	161.0
235.99270399437378	161.0
236.00270453272427	161.0
236.01270507107472	161.0
236.0227056094252	159.0
236.03270614777566	159.0
236.04270668612614	159.0
236.0527072244766	159.0
236.06270776282707	161.0
236.07270830117753	163.0
236.082708839528	167.0
236.0927093778785	169.0
236.10270991622895	173.0
236.11271045457943	177.0
236.12271099292988	181.0
236.13271153128036	183.0
236.14271206963082	183.0
236.1527126079813	183.0
236.16271314633175	181.0
236.17271368468224	179.0
236.1827142230327	177.0
236.19271476138317	173.0
236.20271529973365	167.0
236.2127158380841	163.0
236.2227163764346	161.0
236.23271691478504	159.0
236.24271745313553	158.0
236.25271799148598	158.0
236.26271852983646	158.0
236.27271906818692	158.0
236.2827196065374	158.0
236.29272014488785	158.0
236.30272068323833	158.0
236.31272122158882	158.0
236.32272175993927	158.0
236.33272229828975	159.0
236.3427228366402	161.0
236.3527233749907	165.0
236.36272391334114	167.0
236.37272445169162	171.0
236.38272499004208	175.0
236.39272552839256	179.0
236.402726066743	181.0
236.4127266050935	181.0
236.42272714344395	179.0
236.43272768179443	177.0
236.44272822014491	175.0
236.45272875849537	171.0
236.46272929684585	167.0
236.4727298351963	163.0
236.4827303735468	161.0
236.49273091189724	159.0
236.50273145024772	158.0
236.51273198859818	158.0
236.52273252694866	156.0
236.5327330652991	156.0
236.5427336036496	154.0
236.55273414200008	152.0
236.56273468035053	149.0
236.572735218701	147.0
236.58273575705147	145.0
236.59273629540195	145.0
236.6027368337524	145.0
236.61273737210288	149.0
236.62273791045334	158.0
236.63273844880382	175.0
236.64273898715427	183.0
236.65273952550476	187.0
236.66274006385524	190.0
236.6727406022057	192.0
236.68274114055617	192.0
236.69274167890663	187.0
236.7027422172571	185.0
236.71274275560756	181.0
236.72274329395805	177.0
236.7327438323085	173.0
236.74274437065898	169.0
236.75274490900944	165.0
236.76274544735992	163.0
236.7727459857104	161.0
236.78274652406085	161.0
236.79274706241134	161.0
236.8027476007618	161.0
236.81274813911227	161.0
236.82274867746273	161.0
236.8327492158132	161.0
236.84274975416366	159.0
236.85275029251414	159.0
236.8627508308646	158.0
236.87275136921508	158.0
236.88275190756556	156.0
236.89275244591602	154.0
236.9027529842665	156.0
236.91275352261695	156.0
236.92275406096743	158.0
236.9327545993179	161.0
236.94275513766837	165.0
236.95275567601882	169.0
236.9627562143693	171.0
236.97275675271976	175.0
236.98275729107024	177.0
236.99275782942073	177.0
237.00275836777118	175.0
237.01275890612166	173.0
237.02275944447211	171.0
237.0327599828226	169.0
237.04276052117305	165.0
237.05276105952353	163.0
237.062761597874	161.0
237.07276213622447	158.0
237.08276267457492	156.0
237.0927632129254	154.0
237.1027637512759	150.0
237.11276428962634	149.0
237.12276482797682	145.0
237.13276536632728	140.0
237.14276590467776	136.0
237.1527664430282	126.0
237.1627669813787	121.0
237.17276751972915	115.0
237.18276805807963	111.0
237.19276859643008	109.0
237.20276913478057	106.0
237.21276967313105	105.0
237.2227702114815	106.0
237.23277074983199	106.0
237.24277128818244	109.0
237.25277182653292	110.0
237.26277236488338	113.0
237.27277290323386	115.0
237.2827734415843	118.0
237.2927739799348	121.0
237.30277451828525	125.0
237.31277505663573	131.0
237.3227755949862	134.0
237.33277613333667	139.0
237.34277667168715	140.0
237.3527772100376	142.0
237.36277774838808	144.0
237.37277828673854	144.0
237.38277882508902	144.0
237.39277936343947	142.0
237.40277990178996	142.0
237.4127804401404	140.0
237.4227809784909	140.0
237.43278151684137	140.0
237.44278205519183	140.0
237.4527825935423	140.0
237.46278313189276	140.0
237.47278367024325	140.0
237.4827842085937	140.0
237.49278474694418	140.0
237.50278528529464	140.0
237.51278582364512	139.0
237.52278636199557	139.0
237.53278690034605	139.0
237.54278743869654	139.0
237.552787977047	139.0
237.56278851539747	139.0
237.57278905374793	139.0
237.5827895920984	137.0
237.59279013044886	136.0
237.60279066879934	132.0
237.6127912071498	129.0
237.62279174550028	124.0
237.63279228385073	119.0
237.64279282220122	115.0
237.6527933605517	113.0
237.66279389890215	111.0
237.67279443725263	110.0
237.6827949756031	109.0
237.69279551395357	109.0
237.70279605230402	109.0
237.7127965906545	110.0
237.72279712900496	113.0
237.73279766735544	117.0
237.7427982057059	121.0
237.75279874405638	125.0
237.76279928240686	131.0
237.7727998207573	140.0
237.7828003591078	149.0
237.79280089745825	158.0
237.80280143580873	167.0
237.81280197415919	173.0
237.82280251250967	177.0
237.83280305086012	179.0
237.8428035892106	179.0
237.85280412756106	177.0
237.86280466591154	175.0
237.87280520426202	171.0
237.88280574261248	169.0
237.89280628096296	167.0
237.9028068193134	167.0
237.9128073576639	167.0
237.92280789601435	165.0
237.93280843436483	165.0
237.94280897271528	165.0
237.95280951106577	165.0
237.96281004941622	165.0
237.9728105877667	163.0
237.98281112611718	163.0
237.99281166446764	161.0
238.00281220281812	159.0
238.01281274116857	158.0
238.02281327951906	156.0
238.0328138178695	156.0
238.04281435622	156.0
238.05281489457045	158.0
238.06281543292093	161.0
238.07281597127138	165.0
238.08281650962186	167.0
238.09281704797235	171.0
238.1028175863228	171.0
238.11281812467328	173.0
238.12281866302374	175.0
238.13281920137422	175.0
238.14281973972467	175.0
238.15282027807515	173.0
238.1628208164256	169.0
238.1728213547761	167.0
238.18282189312654	163.0
238.19282243147703	161.0
238.20282296982748	158.0
238.21282350817796	158.0
238.22282404652844	158.0
238.2328245848789	159.0
238.24282512322938	161.0
238.25282566157983	165.0
238.26282619993032	169.0
238.27282673828077	171.0
238.28282727663125	173.0
238.2928278149817	173.0
238.3028283533322	171.0
238.31282889168264	169.0
238.32282943003312	165.0
238.3328299683836	161.0
238.34283050673406	158.0
238.35283104508454	156.0
238.362831583435	154.0
238.37283212178548	156.0
238.38283266013593	156.0
238.39283319848641	158.0
238.40283373683687	158.0
238.41283427518735	158.0
238.4228348135378	156.0
238.4328353518883	0.0
238.44283589023877	0.0
238.45283642858922	0.0
238.4628369669397	0.0
238.47283750529016	0.0
238.48283804364064	0.0
238.4928385819911	0.0
238.50283912034158	0.0
238.51283965869203	0.0
238.5228401970425	0.0
238.53284073539297	0.0
238.54284127374345	0.0
238.55284181209393	0.0
238.56284235044438	0.0
238.57284288879487	0.0
238.58284342714532	0.0
238.5928439654958	0.0
238.60284450384626	0.0
238.61284504219674	0.0
238.6228455805472	0.0
238.63284611889767	0.0
238.64284665724813	0.0
238.6528471955986	0.0
238.6628477339491	0.0
238.67284827229955	0.0
238.68284881065003	0.0
238.69284934900048	0.0
238.70284988735096	0.0
238.71285042570142	194.0
238.7228509640519	187.0
238.73285150240235	187.0
238.74285204075284	187.0
238.7528525791033	190.0
238.76285311745377	192.0
238.77285365580425	192.0
238.7828541941547	192.0
238.7928547325052	187.0
238.80285527085564	183.0
238.81285580920613	179.0
238.82285634755658	175.0
238.83285688590706	171.0
238.84285742425752	167.0
238.852857962608	165.0
238.86285850095845	165.0
238.87285903930893	165.0
238.88285957765942	165.0
238.89286011600987	163.0
238.90286065436035	163.0
238.9128611927108	163.0
238.9228617310613	163.0
238.93286226941174	161.0
238.94286280776222	161.0
238.95286334611268	161.0
238.96286388446316	161.0
238.97286442281361	161.0
238.9828649611641	161.0
238.99286549951458	163.0
239.00286603786503	165.0
239.01286657621552	167.0
239.02286711456597	169.0
239.03286765291645	171.0
239.0428681912669	175.0
239.0528687296174	177.0
239.06286926796784	179.0
239.07286980631832	181.0
239.08287034466878	183.0
239.09287088301926	183.0
239.10287142136974	181.0
239.1128719597202	179.0
239.12287249807068	175.0
239.13287303642113	171.0
239.1428735747716	165.0
239.15287411312207	161.0
239.16287465147255	156.0
239.172875189823	150.0
239.18287572817349	147.0
239.19287626652394	142.0
239.20287680487442	139.0
239.2128773432249	137.0
239.22287788157536	134.0
239.23287841992584	132.0
239.2428789582763	129.0
239.25287949662678	126.0
239.26288003497723	125.0
239.2728805733277	124.0
239.28288111167817	122.0
239.29288165002865	121.0
239.3028821883791	119.0
239.31288272672958	118.0
239.32288326508007	115.0
239.33288380343052	111.0
239.342884341781	109.0
239.35288488013146	109.0
239.36288541848194	107.0
239.3728859568324	111.0
239.38288649518287	0.0
239.39288703353333	0.0
239.4028875718838	0.0
239.41288811023426	0.0
239.42288864858475	0.0
239.43288918693523	0.0
239.44288972528568	0.0
239.45289026363616	0.0
239.46289080198662	145.0
239.4728913403371	145.0
239.48289187868755	145.0
239.49289241703804	144.0
239.5028929553885	144.0
239.51289349373897	142.0
239.52289403208943	142.0
239.5328945704399	142.0
239.5428951087904	140.0
239.55289564714084	140.0
239.56289618549133	140.0
239.57289672384178	140.0
239.58289726219226	142.0
239.59289780054272	142.0
239.6028983388932	142.0
239.61289887724365	140.0
239.62289941559413	140.0
239.6328999539446	140.0
239.64290049229507	140.0
239.65290103064555	140.0
239.662901568996	140.0
239.6729021073465	142.0
239.68290264569694	142.0
239.69290318404742	142.0
239.70290372239788	142.0
239.71290426074836	142.0
239.7229047990988	142.0
239.7329053374493	142.0
239.74290587579975	140.0
239.75290641415023	140.0
239.7629069525007	139.0
239.77290749085117	139.0
239.78290802920165	136.0
239.7929085675521	134.0
239.8029091059026	129.0
239.81290964425304	126.0
239.82291018260352	124.0
239.83291072095398	121.0
239.84291125930446	118.0
239.8529117976549	117.0
239.8629123360054	115.0
239.87291287435585	114.0
239.88291341270633	114.0
239.8929139510568	113.0
239.90291448940727	113.0
239.91291502775775	114.0
239.9229155661082	115.0
239.93291610445868	118.0
239.94291664280914	119.0
239.95291718115962	124.0
239.96291771951007	126.0
239.97291825786056	131.0
239.982918796211	134.0
239.9929193345615	137.0
240.00291987291197	140.0
240.01292041126243	142.0
240.0229209496129	142.0
240.03292148796336	142.0
240.04292202631385	142.0
240.0529225646643	142.0
240.06292310301478	140.0
240.07292364136524	140.0
240.08292417971572	140.0
240.09292471806617	142.0
240.10292525641665	142.0
240.11292579476714	142.0
240.1229263331176	140.0
240.13292687146807	140.0
240.14292740981853	139.0
240.152927948169	139.0
240.16292848651946	137.0
240.17292902486994	137.0
240.1829295632204	137.0
240.19293010157088	137.0
240.20293063992133	137.0
240.21293117827182	137.0
240.2229317166223	137.0
240.23293225497275	137.0
240.24293279332323	137.0
240.2529333316737	137.0
240.26293387002417	137.0
240.27293440837462	139.0
240.2829349467251	139.0
240.29293548507556	140.0
240.30293602342604	140.0
240.3129365617765	140.0
240.32293710012698	140.0
240.33293763847746	140.0
240.34293817682791	140.0
240.3529387151784	139.0
240.36293925352885	137.0
240.37293979187933	137.0
240.3829403302298	136.0
240.39294086858027	136.0
240.40294140693072	0.0
240.4129419452812	0.0
240.42294248363166	0.0
240.43294302198214	0.0
240.44294356033262	0.0
240.45294409868308	0.0
240.46294463703356	0.0
240.472945175384	0.0
240.4829457137345	0.0
240.49294625208495	0.0
240.50294679043543	0.0
240.51294732878588	0.0
240.52294786713637	0.0
240.53294840548682	0.0
240.5429489438373	0.0
240.55294948218778	0.0
240.56295002053824	0.0
240.57295055888872	0.0
240.58295109723917	0.0
240.59295163558966	0.0
240.6029521739401	0.0
240.6129527122906	0.0
240.62295325064105	0.0
240.63295378899153	0.0
240.64295432734198	0.0
240.65295486569246	0.0
240.66295540404295	0.0
240.6729559423934	0.0
240.68295648074388	0.0
240.69295701909434	0.0
240.70295755744482	0.0
240.71295809579527	0.0
240.72295863414575	0.0
240.7329591724962	0.0
240.7429597108467	0.0
240.75296024919714	0.0
240.76296078754763	0.0
240.7729613258981	0.0
240.78296186424856	0.0
240.79296240259904	0.0
240.8029629409495	0.0
240.81296347929998	0.0
240.82296401765043	147.0
240.83296455600092	142.0
240.84296509435137	140.0
240.85296563270185	139.0
240.8629661710523	137.0
240.8729667094028	137.0
240.88296724775327	137.0
240.89296778610372	137.0
240.9029683244542	137.0
240.91296886280466	139.0
240.92296940115514	139.0
240.9329699395056	139.0
240.94297047785608	139.0
240.95297101620653	139.0
240.96297155455701	139.0
240.97297209290747	137.0
240.98297263125795	136.0
240.99297316960843	136.0
241.0029737079589	136.0
241.01297424630937	137.0
241.02297478465982	139.0
241.0329753230103	144.0
241.04297586136076	147.0
241.05297639971124	154.0
241.0629769380617	163.0
241.07297747641218	173.0
241.08297801476263	179.0
241.0929785531131	185.0
241.1029790914636	187.0
241.11297962981405	187.0
241.12298016816453	185.0
241.13298070651499	181.0
241.14298124486547	177.0
241.15298178321592	173.0
241.1629823215664	171.0
241.17298285991686	167.0
241.18298339826734	165.0
241.1929839366178	161.0
241.20298447496828	161.0
241.21298501331876	159.0
241.2229855516692	159.0
241.2329860900197	158.0
241.24298662837015	158.0
241.25298716672063	156.0
241.26298770507108	156.0
241.27298824342157	154.0
241.28298878177202	156.0
241.2929893201225	156.0
241.30298985847296	158.0
241.31299039682344	161.0
241.32299093517392	163.0
241.33299147352437	167.0
241.34299201187486	171.0
241.3529925502253	175.0
241.3629930885758	179.0
241.37299362692625	181.0
241.38299416527673	183.0
241.39299470362718	183.0
241.40299524197766	181.0
241.41299578032812	179.0
241.4229963186786	175.0
241.43299685702908	173.0
241.44299739537954	169.0
241.45299793373002	165.0
241.46299847208047	161.0
241.47299901043095	158.0
241.4829995487814	156.0
241.4930000871319	154.0
241.50300062548234	154.0
241.51300116383283	154.0
241.52300170218328	156.0
241.53300224053376	159.0
241.54300277888422	163.0
241.5530033172347	169.0
241.56300385558518	173.0
241.57300439393563	177.0
241.58300493228612	179.0
241.59300547063657	181.0
241.60300600898705	181.0
241.6130065473375	181.0
241.623007085688	177.0
241.63300762403844	173.0
241.64300816238892	169.0
241.65300870073938	167.0
241.66300923908986	163.0
241.67300977744034	161.0
241.6830103157908	159.0
241.69301085414128	159.0
241.70301139249173	158.0
241.7130119308422	156.0
241.72301246919267	154.0
241.73301300754315	150.0
241.7430135458936	147.0
241.75301408424409	147.0
241.76301462259454	147.0
241.77301516094502	147.0
241.7830156992955	149.0
241.79301623764596	150.0
241.80301677599644	152.0
241.8130173143469	156.0
241.82301785269738	159.0
241.83301839104783	167.0
241.8430189293983	181.0
241.85301946774877	185.0
241.86302000609925	185.0
241.8730205444497	185.0
241.88302108280018	183.0
241.89302162115067	181.0
241.90302215950112	179.0
241.9130226978516	177.0
241.92302323620206	177.0
241.93302377455254	175.0
241.943024312903	175.0
241.95302485125347	175.0
241.96302538960393	173.0
241.9730259279544	173.0
241.98302646630486	173.0
241.99302700465535	173.0
242.00302754300583	173.0
242.01302808135628	173.0
242.02302861970676	173.0
242.03302915805722	173.0
242.0430296964077	173.0
242.05303023475815	175.0
242.06303077310864	177.0
242.0730313114591	181.0
242.08303184980957	183.0
242.09303238816003	185.0
242.1030329265105	185.0
242.113033464861	181.0
242.12303400321144	175.0
242.13303454156193	171.0
242.14303507991238	171.0
242.15303561826286	169.0
242.16303615661332	169.0
242.1730366949638	169.0
242.18303723331425	167.0
242.19303777166473	165.0
242.2030383100152	163.0
242.21303884836567	161.0
242.22303938671615	161.0
242.2330399250666	159.0
242.2430404634171	159.0
242.25304100176754	159.0
242.26304154011802	159.0
242.27304207846848	159.0
242.28304261681896	159.0
242.2930431551694	158.0
242.3030436935199	158.0
242.31304423187035	158.0
242.32304477022083	158.0
242.33304530857131	158.0
242.34304584692177	158.0
242.35304638527225	158.0
242.3630469236227	159.0
242.3730474619732	161.0
242.38304800032364	165.0
242.39304853867412	169.0
242.40304907702458	173.0
242.41304961537506	175.0
242.4230501537255	179.0
242.433050692076	179.0
242.44305123042648	179.0
242.45305176877693	179.0
242.4630523071274	177.0
242.47305284547787	173.0
242.48305338382835	169.0
242.4930539221788	165.0
242.50305446052928	161.0
242.51305499887974	159.0
242.52305553723022	158.0
242.53305607558067	156.0
242.54305661393116	154.0
242.55305715228164	154.0
242.5630576906321	150.0
242.57305822898257	149.0
242.58305876733303	0.0
242.5930593056835	0.0
242.60305984403396	0.0
242.61306038238445	0.0
242.6230609207349	0.0
242.63306145908538	0.0
242.64306199743584	0.0
242.65306253578632	0.0
242.6630630741368	0.0
242.67306361248725	0.0
242.68306415083774	0.0
242.6930646891882	0.0
242.70306522753867	0.0
242.71306576588913	0.0
242.7230663042396	0.0
242.73306684259006	0.0
242.74306738094054	0.0
242.753067919291	0.0
242.76306845764148	0.0
242.77306899599196	0.0
242.78306953434242	0.0
242.7930700726929	0.0
242.80307061104335	0.0
242.81307114939383	0.0
242.8230716877443	0.0
242.83307222609477	0.0
242.84307276444522	0.0
242.8530733027957	171.0
242.86307384114616	167.0
242.87307437949664	163.0
242.88307491784713	158.0
242.89307545619758	154.0
242.90307599454806	150.0
242.91307653289851	150.0
242.923077071249	150.0
242.93307760959945	154.0
242.94307814794993	159.0
242.9530786863004	167.0
242.96307922465087	175.0
242.97307976300132	185.0
242.9830803013518	196.0
242.9930808397023	208.0
243.00308137805274	213.0
243.01308191640322	215.0
243.02308245475368	218.0
243.03308299310416	218.0
243.0430835314546	213.0
243.0530840698051	208.0
243.06308460815555	203.0
243.07308514650603	194.0
243.08308568485648	187.0
243.09308622320697	183.0
243.10308676155745	181.0
243.1130872999079	179.0
243.12308783825839	179.0
243.13308837660884	177.0
243.14308891495932	177.0
243.15308945330978	179.0
243.16308999166026	179.0
243.1730905300107	179.0
243.1830910683612	179.0
243.19309160671165	181.0
243.20309214506213	181.0
243.21309268341258	181.0
243.22309322176307	179.0
243.23309376011355	179.0
243.243094298464	179.0
243.25309483681448	177.0
243.26309537516494	177.0
243.27309591351542	177.0
243.28309645186587	175.0
243.29309699021636	177.0
243.3030975285668	177.0
243.3130980669173	177.0
243.32309860526775	177.0
243.33309914361823	177.0
243.3430996819687	177.0
243.35310022031916	175.0
243.36310075866965	173.0
243.3731012970201	169.0
243.38310183537058	163.0
243.39310237372104	161.0
243.40310291207152	0.0
243.41310345042197	0.0
243.42310398877245	0.0
243.4331045271229	0.0
243.4431050654734	0.0
243.45310560382387	0.0
243.46310614217433	0.0
243.4731066805248	0.0
243.48310721887526	0.0
243.49310775722574	0.0
243.5031082955762	0.0
243.51310883392668	0.0
243.52310937227713	0.0
243.53310991062762	0.0
243.54311044897807	0.0
243.55311098732855	187.0
243.56311152567903	183.0
243.5731120640295	179.0
243.58311260237997	175.0
243.59311314073042	171.0
243.6031136790809	169.0
243.61311421743136	169.0
243.62311475578184	167.0
243.6331152941323	167.0
243.64311583248278	167.0
243.65311637083323	169.0
243.6631169091837	171.0
243.6731174475342	175.0
243.68311798588465	179.0
243.69311852423513	183.0
243.70311906258559	187.0
243.71311960093607	190.0
243.72312013928652	190.0
243.733120677637	190.0
243.74312121598746	187.0
243.75312175433794	185.0
243.7631222926884	183.0
243.77312283103888	181.0
243.78312336938936	177.0
243.7931239077398	177.0
243.8031244460903	175.0
243.81312498444075	175.0
243.82312552279123	175.0
243.83312606114168	175.0
243.84312659949217	177.0
243.85312713784262	177.0
243.8631276761931	177.0
243.87312821454356	177.0
243.88312875289404	175.0
243.89312929124452	175.0
243.90312982959497	175.0
243.91313036794546	175.0
243.9231309062959	175.0
243.9331314446464	175.0
243.94313198299685	175.0
243.95313252134733	175.0
243.96313305969778	175.0
243.97313359804826	175.0
243.98313413639872	175.0
243.9931346747492	175.0
244.00313521309968	177.0
244.01313575145014	179.0
244.02313628980062	181.0
244.03313682815107	183.0
244.04313736650155	185.0
244.053137904852	185.0
244.0631384432025	185.0
244.07313898155294	183.0
244.08313951990343	179.0
244.09314005825388	175.0
244.10314059660436	171.0
244.11314113495484	165.0
244.1231416733053	159.0
244.13314221165578	158.0
244.14314275000623	156.0
244.15314328835672	156.0
244.16314382670717	156.0
244.17314436505765	158.0
244.1831449034081	158.0
244.1931454417586	159.0
244.20314598010904	159.0
244.21314651845952	158.0
244.22314705681	156.0
244.23314759516046	152.0
244.24314813351094	150.0
244.2531486718614	152.0
244.26314921021188	156.0
244.27314974856233	163.0
244.28315028691281	171.0
244.29315082526327	181.0
244.30315136361375	190.0
244.3131519019642	194.0
244.3231524403147	194.0
244.33315297866517	192.0
244.34315351701562	185.0
244.3531540553661	179.0
244.36315459371656	171.0
244.37315513206704	165.0
244.3831556704175	159.0
244.39315620876798	156.0
244.40315674711843	156.0
244.4131572854689	158.0
244.42315782381937	161.0
244.43315836216985	167.0
244.44315890052033	171.0
244.45315943887078	173.0
244.46315997722127	175.0
244.47316051557172	173.0
244.4831610539222	173.0
244.49316159227266	165.0
244.50316213062314	161.0
244.5131626689736	156.0
244.52316320732407	149.0
244.53316374567453	145.0
244.543164284025	145.0
244.5531648223755	145.0
244.56316536072595	152.0
244.57316589907643	159.0
244.58316643742688	165.0
244.59316697577736	173.0
244.60316751412782	179.0
244.6131680524783	183.0
244.62316859082875	185.0
244.63316912917924	187.0
244.6431696675297	187.0
244.65317020588017	185.0
244.66317074423065	181.0
244.6731712825811	175.0
244.6831718209316	171.0
244.69317235928204	167.0
244.70317289763253	167.0
244.71317343598298	169.0
244.72317397433346	171.0
244.73317451268392	177.0
244.7431750510344	183.0
244.75317558938485	190.0
244.76317612773533	196.0
244.77317666608582	203.0
244.78317720443627	208.0
244.79317774278675	210.0
244.8031782811372	210.0
244.8131788194877	203.0
244.82317935783814	196.0
244.83317989618862	187.0
244.84318043453908	175.0
244.85318097288956	169.0
244.86318151124001	167.0
244.8731820495905	169.0
244.88318258794098	171.0
244.89318312629143	173.0
244.90318366464192	177.0
244.91318420299237	179.0
244.92318474134285	181.0
244.9331852796933	183.0
244.9431858180438	181.0
244.95318635639424	179.0
244.96318689474472	177.0
244.97318743309518	173.0
244.98318797144566	169.0
244.9931885097961	165.0
245.0031890481466	158.0
245.01318958649708	147.0
245.02319012484753	0.0
245.033190663198	0.0
245.04319120154847	0.0
245.05319173989895	0.0
245.0631922782494	0.0
245.07319281659989	0.0
245.08319335495034	0.0
245.09319389330082	0.0
245.10319443165127	0.0
245.11319497000176	0.0
245.12319550835224	218.0
245.1331960467027	218.0
245.14319658505318	218.0
245.15319712340363	218.0
245.1631976617541	218.0
245.17319820010457	218.0
245.18319873845505	218.0
245.1931992768055	218.0
245.20319981515598	215.0
245.21320035350644	215.0
245.22320089185692	215.0
245.2332014302074	215.0
245.24320196855786	213.0
245.25320250690834	213.0
245.2632030452588	213.0
245.27320358360927	213.0
245.28320412195973	213.0
245.2932046603102	213.0
245.30320519866066	213.0
245.31320573701115	213.0
245.3232062753616	215.0
245.33320681371208	213.0
245.34320735206256	213.0
245.35320789041302	213.0
245.3632084287635	213.0
245.37320896711395	210.0
245.38320950546444	210.0
245.3932100438149	210.0
245.40321058216537	210.0
245.41321112051583	210.0
245.4232116588663	210.0
245.43321219721676	210.0
245.44321273556724	213.0
245.45321327391773	213.0
245.46321381226818	210.0
245.47321435061866	208.0
245.48321488896912	206.0
245.4932154273196	201.0
245.50321596567005	196.0
245.51321650402053	0.0
245.523217042371	0.0
245.53321758072147	0.0
245.54321811907192	0.0
245.5532186574224	0.0
245.5632191957729	0.0
245.57321973412334	0.0
245.58322027247382	0.0
245.59322081082428	0.0
245.60322134917476	0.0
245.6132218875252	0.0
245.6232224258757	0.0
245.63322296422615	0.0
245.64322350257663	0.0
245.65322404092709	0.0
245.66322457927757	0.0
245.67322511762805	0.0
245.6832256559785	0.0
245.693226194329	0.0
245.70322673267944	0.0
245.71322727102992	0.0
245.72322780938038	0.0
245.73322834773086	0.0
245.7432288860813	0.0
245.7532294244318	0.0
245.76322996278225	210.0
245.77323050113273	210.0
245.7832310394832	210.0
245.79323157783367	210.0
245.80323211618415	210.0
245.8132326545346	210.0
245.82323319288508	210.0
245.83323373123554	210.0
245.84323426958602	213.0
245.85323480793647	213.0
245.86323534628696	213.0
245.8732358846374	213.0
245.8832364229879	213.0
245.89323696133837	213.0
245.90323749968883	213.0
245.9132380380393	213.0
245.92323857638976	213.0
245.93323911474025	213.0
245.9432396530907	210.0
245.95324019144118	208.0
245.96324072979164	203.0
245.97324126814212	192.0
245.98324180649257	173.0
245.99324234484305	163.0
246.00324288319354	156.0
246.013243421544	154.0
246.02324395989447	156.0
246.03324449824493	161.0
246.0432450365954	169.0
246.05324557494586	177.0
246.06324611329634	185.0
246.0732466516468	196.0
246.08324718999728	206.0
246.09324772834773	210.0
246.10324826669822	213.0
246.1132488050487	213.0
246.12324934339915	210.0
246.13324988174963	206.0
246.1432504201001	199.0
246.15325095845057	185.0
246.16325149680102	177.0
246.1732520351515	173.0
246.18325257350196	173.0
246.19325311185244	175.0
246.2032536502029	183.0
246.21325418855338	194.0
246.22325472690386	210.0
246.23325526525431	226.0
246.2432558036048	242.0
246.25325634195525	259.0
246.26325688030573	272.0
246.2732574186562	281.0
246.28325795700667	288.0
246.29325849535712	294.0
246.3032590337076	294.0
246.31325957205806	288.0
246.32326011040854	278.0
246.33326064875902	265.0
246.34326118710948	256.0
246.35326172545996	245.0
246.3632622638104	234.0
246.3732628021609	228.0
246.38326334051135	228.0
246.39326387886183	228.0
246.40326441721228	231.0
246.41326495556277	236.0
246.42326549391322	245.0
246.4332660322637	253.0
246.44326657061418	262.0
246.45326710896464	272.0
246.46326764731512	278.0
246.47326818566557	281.0
246.48326872401606	278.0
246.4932692623665	272.0
246.503269800717	262.0
246.51327033906745	245.0
246.52327087741793	228.0
246.53327141576838	220.0
246.54327195411886	215.0
246.55327249246935	213.0
246.5632730308198	210.0
246.57327356917028	210.0
246.58327410752074	210.0
246.59327464587122	213.0
246.60327518422167	213.0
246.61327572257215	213.0
246.6232762609226	213.0
246.6332767992731	213.0
246.64327733762354	213.0
246.65327787597403	213.0
246.66327841432448	213.0
246.67327895267496	213.0
246.68327949102544	213.0
246.6932800293759	213.0
246.70328056772638	213.0
246.71328110607683	213.0
246.72328164442732	213.0
246.73328218277777	213.0
246.74328272112825	213.0
246.7532832594787	210.0
246.7632837978292	210.0
246.77328433617964	208.0
246.78328487453012	206.0
246.7932854128806	203.0
246.80328595123106	201.0
246.81328648958154	199.0
246.823287027932	190.0
246.83328756628248	183.0
246.84328810463293	161.0
246.85328864298342	154.0
246.86328918133387	152.0
246.87328971968435	154.0
246.8832902580348	159.0
246.8932907963853	167.0
246.90329133473577	175.0
246.91329187308622	183.0
246.9232924114367	192.0
246.93329294978716	199.0
246.94329348813764	206.0
246.9532940264881	206.0
246.96329456483858	208.0
246.97329510318903	206.0
246.9832956415395	201.0
246.99329617988997	192.0
247.00329671824045	181.0
247.01329725659093	169.0
247.02329779494139	167.0
247.03329833329187	167.0
247.04329887164232	169.0
247.0532994099928	183.0
247.06329994834326	194.0
247.07330048669374	201.0
247.0833010250442	215.0
247.09330156339468	253.0
247.10330210174513	265.0
247.1133026400956	275.0
247.1233031784461	284.0
247.13330371679655	291.0
247.14330425514703	294.0
247.15330479349748	291.0
247.16330533184797	281.0
247.17330587019842	275.0
247.1833064085489	256.0
247.19330694689936	242.0
247.20330748524984	234.0
247.2133080236003	231.0
247.22330856195077	231.0
247.23330910030126	236.0
247.2433096386517	245.0
247.2533101770022	253.0
247.26331071535265	262.0
247.27331125370313	262.0
247.28331179205358	265.0
247.29331233040406	259.0
247.30331286875452	250.0
247.313313407105	234.0
247.32331394545545	223.0
247.33331448380594	215.0
247.34331502215642	213.0
247.35331556050687	210.0
247.36331609885735	213.0
247.3733166372078	213.0
247.3833171755583	213.0
247.39331771390874	215.0
247.40331825225923	215.0
247.41331879060968	215.0
247.42331932896016	215.0
247.43331986731062	213.0
247.4433204056611	208.0
247.45332094401158	201.0
247.46332148236203	0.0
247.47332202071252	0.0
247.48332255906297	0.0
247.49332309741345	196.0
247.5033236357639	201.0
247.5133241741144	185.0
247.52332471246484	181.0
247.53332525081532	161.0
247.54332578916578	159.0
247.55332632751626	159.0
247.56332686586674	163.0
247.5733274042172	169.0
247.58332794256768	175.0
247.59332848091813	183.0
247.6033290192686	190.0
247.61332955761907	194.0
247.62333009596955	199.0
247.63333063432	199.0
247.64333117267049	199.0
247.65333171102094	196.0
247.66333224937142	192.0
247.6733327877219	185.0
247.68333332607236	175.0
247.69333386442284	165.0
247.7033344027733	161.0
247.71333494112378	161.0
247.72333547947423	169.0
247.7333360178247	179.0
247.74333655617517	187.0
247.75333709452565	199.0
247.7633376328761	210.0
247.77333817122658	220.0
247.78333870957707	231.0
247.79333924792752	231.0
247.803339786278	231.0
247.81334032462846	226.0
247.82334086297894	218.0
247.8333414013294	201.0
247.84334193967987	185.0
247.85334247803033	169.0
247.8633430163808	165.0
247.87334355473126	165.0
247.88334409308175	169.0
247.89334463143223	173.0
247.90334516978268	179.0
247.91334570813316	183.0
247.92334624648362	187.0
247.9333467848341	192.0
247.94334732318455	192.0
247.95334786153504	192.0
247.9633483998855	187.0
247.97334893823597	183.0
247.98334947658643	177.0
247.9933500149369	169.0
248.0033505532874	161.0
248.01335109163784	152.0
248.02335162998833	149.0
248.03335216833878	147.0
248.04335270668926	147.0
248.05335324503972	150.0
248.0633537833902	152.0
248.07335432174065	158.0
248.08335486009113	163.0
248.0933553984416	167.0
248.10335593679207	169.0
248.11335647514255	171.0
248.123357013493	169.0
248.1333575518435	169.0
248.14335809019394	165.0
248.15335862854442	159.0
248.16335916689488	154.0
248.17335970524536	147.0
248.1833602435958	142.0
248.1933607819463	140.0
248.20336132029675	139.0
248.21336185864723	139.0
248.22336239699771	139.0
248.23336293534817	139.0
248.24336347369865	140.0
248.2533640120491	140.0
248.2633645503996	140.0
248.27336508875004	140.0
248.28336562710052	140.0
248.29336616545098	139.0
248.30336670380146	139.0
248.3133672421519	139.0
248.3233677805024	139.0
248.33336831885288	139.0
248.34336885720333	137.0
248.3533693955538	137.0
248.36336993390427	137.0
248.37337047225475	139.0
248.3833710106052	142.0
248.39337154895568	147.0
248.40337208730614	152.0
248.41337262565662	158.0
248.42337316400707	161.0
248.43337370235756	165.0
248.443374240708	167.0
248.4533747790585	167.0
248.46337531740897	167.0
248.47337585575943	167.0
248.4833763941099	169.0
248.49337693246036	173.0
248.50337747081085	175.0
248.5133780091613	173.0
248.52337854751178	171.0
248.53337908586224	171.0
248.54337962421272	169.0
248.55338016256317	169.0
248.56338070091365	169.0
248.57338123926414	167.0
248.5833817776146	167.0
248.59338231596507	167.0
248.60338285431553	165.0
248.613383392666	163.0
248.62338393101646	161.0
248.63338446936694	158.0
248.6433850077174	156.0
248.65338554606788	156.0
248.66338608441833	156.0
248.67338662276882	156.0
248.6833871611193	159.0
248.69338769946975	163.0
248.70338823782023	167.0
248.7133887761707	173.0
248.72338931452117	177.0
248.73338985287162	181.0
248.7433903912221	183.0
248.75339092957256	185.0
248.76339146792304	185.0
248.7733920062735	183.0
248.78339254462398	181.0
248.79339308297446	179.0
248.80339362132491	177.0
248.8133941596754	175.0
248.82339469802585	173.0
248.83339523637633	173.0
248.8433957747268	173.0
248.85339631307727	173.0
248.86339685142772	175.0
248.8733973897782	175.0
248.88339792812866	177.0
248.89339846647914	177.0
248.90339900482962	175.0
248.91339954318008	175.0
248.92340008153056	175.0
248.933400619881	173.0
248.9434011582315	173.0
248.95340169658195	171.0
248.96340223493243	173.0
248.97340277328288	175.0
248.98340331163337	177.0
248.99340384998382	179.0
249.0034043883343	181.0
249.01340492668479	181.0
249.02340546503524	181.0
249.03340600338572	179.0
249.04340654173618	177.0
249.05340708008666	173.0
249.0634076184371	171.0
249.0734081567876	169.0
249.08340869513805	169.0
249.09340923348853	169.0
249.10340977183898	173.0
249.11341031018947	175.0
249.12341084853995	177.0
249.1334113868904	179.0
249.14341192524088	177.0
249.15341246359134	173.0
249.16341300194182	169.0
249.17341354029227	165.0
249.18341407864276	0.0
249.1934146169932	0.0
249.2034151553437	0.0
249.21341569369415	0.0
249.22341623204463	0.0
249.2334167703951	0.0
249.24341730874556	0.0
249.25341784709605	0.0
249.2634183854465	0.0
249.27341892379698	0.0
249.28341946214744	0.0
249.29342000049792	0.0
249.30342053884837	0.0
249.31342107719885	0.0
249.3234216155493	0.0
249.3334221538998	0.0
249.34342269225027	0.0
249.35342323060073	0.0
249.3634237689512	0.0
249.37342430730166	0.0
249.38342484565214	0.0
249.3934253840026	0.0
249.40342592235308	0.0
249.41342646070353	0.0
249.42342699905402	0.0
249.43342753740447	0.0
249.44342807575495	194.0
249.45342861410543	190.0
249.4634291524559	187.0
249.47342969080637	187.0
249.48343022915682	187.0
249.4934307675073	185.0
249.50343130585776	185.0
249.51343184420824	183.0
249.5234323825587	181.0
249.53343292090918	177.0
249.54343345925963	173.0
249.5534339976101	171.0
249.5634345359606	169.0
249.57343507431105	167.0
249.58343561266153	163.0
249.59343615101199	161.0
249.60343668936247	161.0
249.61343722771292	159.0
249.6234377660634	158.0
249.63343830441386	158.0
249.64343884276434	158.0
249.6534393811148	161.0
249.66343991946528	165.0
249.67344045781576	169.0
249.6834409961662	173.0
249.6934415345167	179.0
249.70344207286715	183.0
249.71344261121763	187.0
249.72344314956808	187.0
249.73344368791857	187.0
249.74344422626902	183.0
249.7534447646195	177.0
249.76344530296996	165.0
249.77344584132044	154.0
249.78344637967092	0.0
249.79344691802137	0.0
249.80344745637186	0.0
249.8134479947223	0.0
249.8234485330728	0.0
249.83344907142325	0.0
249.84344960977373	142.0
249.85345014812418	142.0
249.86345068647466	139.0
249.87345122482512	139.0
249.8834517631756	137.0
249.89345230152608	139.0
249.90345283987654	139.0
249.91345337822702	139.0
249.92345391657747	139.0
249.93345445492795	139.0
249.9434549932784	139.0
249.9534555316289	139.0
249.96345606997934	140.0
249.97345660832983	140.0
249.98345714668028	140.0
249.99345768503076	142.0
250.00345822338124	142.0
250.0134587617317	142.0
250.02345930008218	142.0
250.03345983843263	140.0
250.04346037678312	139.0
250.05346091513357	136.0
250.06346145348405	134.0
250.0734619918345	132.0
250.083462530185	131.0
250.09346306853544	131.0
250.10346360688592	131.0
250.11346414523638	132.0
250.12346468358686	134.0
250.13346522193734	136.0
250.1434657602878	137.0
250.15346629863828	139.0
250.16346683698873	139.0
250.17346737533921	140.0
250.18346791368967	140.0
250.19346845204015	140.0
250.2034689903906	140.0
250.2134695287411	140.0
250.22347006709154	139.0
250.23347060544202	139.0
250.2434711437925	140.0
250.25347168214296	142.0
250.26347222049344	145.0
250.2734727588439	150.0
250.28347329719438	158.0
250.29347383554483	165.0
250.3034743738953	173.0
250.31347491224577	181.0
250.32347545059625	185.0
250.3334759889467	185.0
250.34347652729718	185.0
250.35347706564767	181.0
250.36347760399812	175.0
250.3734781423486	169.0
250.38347868069906	163.0
250.39347921904954	159.0
250.4034797574	158.0
250.41348029575047	156.0
250.42348083410093	158.0
250.4334813724514	159.0
250.44348191080186	163.0
250.45348244915235	169.0
250.46348298750283	175.0
250.47348352585328	179.0
250.48348406420376	181.0
250.49348460255422	183.0
250.5034851409047	183.0
250.51348567925515	183.0
250.52348621760564	177.0
250.5334867559561	173.0
250.54348729430657	167.0
250.55348783265703	163.0
250.5634883710075	161.0
250.573488909358	159.0
250.58348944770844	159.0
250.59348998605893	159.0
250.60349052440938	158.0
250.61349106275986	156.0
250.62349160111032	154.0
250.6334921394608	0.0
250.64349267781125	0.0
250.65349321616173	0.0
250.6634937545122	0.0
250.67349429286267	0.0
250.68349483121315	0.0
250.6934953695636	0.0
250.7034959079141	0.0
250.71349644626454	0.0
250.72349698461502	0.0
250.73349752296548	0.0
250.74349806131596	0.0
250.75349859966641	0.0
250.7634991380169	0.0
250.77349967636735	0.0
250.78350021471783	0.0
250.79350075306832	0.0
250.80350129141877	190.0
250.81350182976925	183.0
250.8235023681197	177.0
250.8335029064702	169.0
250.84350344482064	161.0
250.85350398317112	158.0
250.86350452152158	154.0
250.87350505987206	149.0
250.8835055982225	147.0
250.893506136573	144.0
250.90350667492348	145.0
250.91350721327393	149.0
250.9235077516244	154.0
250.93350828997487	159.0
250.94350882832535	165.0
250.9535093666758	169.0
250.96350990502629	173.0
250.97351044337674	173.0
250.98351098172722	171.0
250.99351152007767	167.0
251.00351205842816	163.0
251.01351259677864	158.0
251.0235131351291	150.0
251.03351367347958	144.0
251.04351421183003	0.0
251.0535147501805	0.0
251.06351528853097	0.0
251.07351582688145	0.0
251.0835163652319	0.0
251.09351690358238	0.0
251.10351744193284	0.0
251.11351798028332	0.0
251.1235185186338	0.0
251.13351905698426	0.0
251.14351959533474	0.0
251.1535201336852	103.0
251.16352067203567	104.0
251.17352121038613	105.0
251.1835217487366	107.0
251.19352228708706	223.0
251.20352282543755	228.0
251.213523363788	118.0
251.22352390213848	117.0
251.23352444048896	115.0
251.24352497883942	114.0
251.2535255171899	111.0
251.26352605554035	110.0
251.27352659389084	109.0
251.2835271322413	107.0
251.29352767059177	107.0
251.30352820894223	114.0
251.3135287472927	124.0
251.32352928564316	134.0
251.33352982399364	142.0
251.34353036234413	150.0
251.35353090069458	158.0
251.36353143904506	169.0
251.37353197739552	181.0
251.383532515746	183.0
251.39353305409645	183.0
251.40353359244693	183.0
251.4135341307974	181.0
251.42353466914787	177.0
251.43353520749832	171.0
251.4435357458488	167.0
251.4535362841993	163.0
251.46353682254974	159.0
251.47353736090022	158.0
251.48353789925068	156.0
251.49353843760116	154.0
251.5035389759516	152.0
251.5135395143021	150.0
251.52354005265255	152.0
251.53354059100303	154.0
251.54354112935349	158.0
251.55354166770397	163.0
251.56354220605445	169.0
251.5735427444049	175.0
251.5835432827554	181.0
251.59354382110584	185.0
251.60354435945632	187.0
251.61354489780678	190.0
251.62354543615726	187.0
251.6335459745077	185.0
251.6435465128582	179.0
251.65354705120865	173.0
251.66354758955913	169.0
251.6735481279096	163.0
251.68354866626007	161.0
251.69354920461055	159.0
251.703549742961	159.0
251.71355028131148	161.0
251.72355081966194	161.0
251.73355135801242	159.0
251.74355189636287	159.0
251.75355243471336	158.0
251.7635529730638	154.0
251.7735535114143	154.0
251.78355404976475	154.0
251.79355458811523	156.0
251.8035551264657	159.0
251.81355566481616	165.0
251.82355620316665	171.0
251.8335567415171	181.0
251.84355727986758	183.0
251.85355781821804	183.0
251.86355835656852	181.0
251.87355889491897	179.0
251.88355943326945	177.0
251.8935599716199	173.0
251.9035605099704	169.0
251.91356104832087	165.0
251.92356158667133	161.0
251.9335621250218	152.0
251.94356266337226	145.0
251.95356320172274	136.0
251.9635637400732	131.0
251.97356427842368	125.0
251.98356481677413	119.0
251.99356535512462	117.0
252.00356589347507	114.0
252.01356643182555	110.0
252.02356697017603	109.0
252.0335675085265	107.0
252.04356804687697	106.0
252.05356858522742	105.0
252.0635691235779	104.0
252.07356966192836	0.0
252.08357020027884	0.0
252.0935707386293	0.0
252.10357127697978	0.0
252.11357181533023	0.0
252.12357235368071	0.0
252.1335728920312	0.0
252.14357343038165	0.0
252.15357396873213	0.0
252.1635745070826	0.0
252.17357504543307	140.0
252.18357558378352	140.0
252.193576122134	140.0
252.20357666048446	139.0
252.21357719883494	139.0
252.2235777371854	137.0
252.23357827553588	139.0
252.24357881388636	139.0
252.2535793522368	140.0
252.2635798905873	142.0
252.27358042893775	142.0
252.28358096728823	142.0
252.29358150563868	140.0
252.30358204398917	140.0
252.31358258233962	137.0
252.3235831206901	134.0
252.33358365904056	131.0
252.34358419739104	126.0
252.35358473574152	121.0
252.36358527409197	117.0
252.37358581244246	114.0
252.3835863507929	111.0
252.3935868891434	111.0
252.40358742749385	113.0
252.41358796584433	114.0
252.42358850419478	115.0
252.43358904254526	119.0
252.44358958089572	122.0
252.4535901192462	126.0
252.46359065759668	131.0
252.47359119594714	136.0
252.48359173429762	139.0
252.49359227264807	142.0
252.50359281099855	144.0
252.513593349349	145.0
252.5235938876995	145.0
252.53359442604994	144.0
252.54359496440043	144.0
252.55359550275088	142.0
252.56359604110136	142.0
252.57359657945184	140.0
252.5835971178023	140.0
252.59359765615278	140.0
252.60359819450323	140.0
252.61359873285372	140.0
252.62359927120417	142.0
252.63359980955465	142.0
252.6436003479051	140.0
252.6536008862556	140.0
252.66360142460604	139.0
252.67360196295652	136.0
252.683602501307	134.0
252.69360303965746	132.0
252.70360357800794	129.0
252.7136041163584	129.0
252.72360465470888	129.0
252.73360519305933	132.0
252.74360573140982	137.0
252.75360626976027	140.0
252.76360680811075	142.0
252.7736073464612	142.0
252.7836078848117	140.0
252.79360842316217	140.0
252.80360896151262	140.0
252.8136094998631	139.0
252.82361003821356	139.0
252.83361057656404	140.0
252.8436111149145	142.0
252.85361165326498	149.0
252.86361219161543	154.0
252.8736127299659	163.0
252.88361326831637	171.0
252.89361380666685	179.0
252.90361434501733	183.0
252.91361488336779	185.0
252.92361542171827	185.0
252.93361596006872	183.0
252.9436164984192	179.0
252.95361703676966	173.0
252.96361757512014	167.0
252.9736181134706	161.0
252.98361865182108	156.0
252.99361919017153	156.0
253.003619728522	156.0
253.0136202668725	158.0
253.02362080522295	161.0
253.03362134357343	167.0
253.04362188192388	171.0
253.05362242027437	175.0
253.06362295862482	177.0
253.0736234969753	177.0
253.08362403532576	177.0
253.09362457367624	173.0
253.1036251120267	169.0
253.11362565037717	165.0
253.12362618872766	161.0
253.1336267270781	158.0
253.1436272654286	152.0
253.15362780377905	149.0
253.16362834212953	147.0
253.17362888047998	149.0
253.18362941883046	154.0
253.19362995718092	158.0
253.2036304955314	161.0
253.21363103388185	167.0
253.22363157223234	185.0
253.23363211058282	192.0
253.24363264893327	192.0
253.25363318728375	192.0
253.2636337256342	190.0
253.2736342639847	187.0
253.28363480233514	183.0
253.29363534068563	181.0
253.30363587903608	179.0
253.31363641738656	179.0
253.32363695573702	177.0
253.3336374940875	177.0
253.34363803243798	177.0
253.35363857078843	177.0
253.36363910913892	177.0
253.37363964748937	175.0
253.38364018583985	175.0
253.3936407241903	175.0
253.4036412625408	173.0
253.41364180089124	171.0
253.42364233924172	169.0
253.43364287759218	171.0
253.44364341594266	171.0
253.4536439542931	179.0
253.4636444926436	181.0
253.47364503099408	185.0
253.48364556934453	187.0
253.493646107695	187.0
253.50364664604547	190.0
253.51364718439595	187.0
253.5236477227464	187.0
253.5336482610969	185.0
253.54364879944734	183.0
253.55364933779782	183.0
253.56364987614828	179.0
253.57365041449876	173.0
253.58365095284924	169.0
253.5936514911997	165.0
253.60365202955018	161.0
253.61365256790063	158.0
253.6236531062511	154.0
253.63365364460157	152.0
253.64365418295205	149.0
253.6536547213025	144.0
253.66365525965298	0.0
253.67365579800344	0.0
253.68365633635392	0.0
253.6936568747044	0.0
253.70365741305486	0.0
253.71365795140534	0.0
253.7236584897558	0.0
253.73365902810627	194.0
253.74365956645673	192.0
253.7536601048072	187.0
253.76366064315766	181.0
253.77366118150815	179.0
253.7836617198586	177.0
253.79366225820908	175.0
253.80366279655956	175.0
253.81366333491002	175.0
253.8236638732605	173.0
253.83366441161095	173.0
253.84366494996144	173.0
253.8536654883119	173.0
253.86366602666237	173.0
253.87366656501283	171.0
253.8836671033633	169.0
253.89366764171376	167.0
253.90366818006424	165.0
253.91366871841473	163.0
253.92366925676518	161.0
253.93366979511566	158.0
253.94367033346612	154.0
253.9536708718166	150.0
253.96367141016705	150.0
253.97367194851753	150.0
253.983672486868	154.0
253.99367302521847	158.0
254.00367356356892	163.0
254.0136741019194	169.0
254.0236746402699	179.0
254.03367517862034	187.0
254.04367571697082	196.0
254.05367625532128	206.0
254.06367679367176	213.0
254.0736773320222	215.0
254.0836778703727	218.0
254.09367840872315	218.0
254.10367894707363	215.0
254.1136794854241	208.0
254.12368002377457	203.0
254.13368056212505	192.0
254.1436811004755	183.0
254.153681638826	179.0
254.16368217717644	177.0
254.17368271552692	175.0
254.18368325387738	175.0
254.19368379222786	177.0
254.2036843305783	177.0
254.2136848689288	179.0
254.22368540727925	181.0
254.23368594562973	181.0
254.2436864839802	183.0
254.25368702233067	183.0
254.26368756068115	183.0
254.2736880990316	181.0
254.28368863738208	179.0
254.29368917573254	179.0
254.30368971408302	177.0
254.31369025243347	177.0
254.32369079078396	179.0
254.3336913291344	179.0
254.3436918674849	179.0
254.35369240583537	179.0
254.36369294418583	179.0
254.3736934825363	179.0
254.38369402088676	179.0
254.39369455923725	179.0
254.4036950975877	177.0
254.41369563593818	177.0
254.42369617428864	177.0
254.43369671263912	177.0
254.44369725098957	177.0
254.45369778934005	177.0
254.46369832769054	177.0
254.473698866041	177.0
254.48369940439147	177.0
254.49369994274193	177.0
254.5037004810924	177.0
254.51370101944286	177.0
254.52370155779334	177.0
254.5337020961438	177.0
254.54370263449428	177.0
254.55370317284473	177.0
254.56370371119522	177.0
254.5737042495457	177.0
254.58370478789615	177.0
254.59370532624663	177.0
254.6037058645971	177.0
254.61370640294757	177.0
254.62370694129802	177.0
254.6337074796485	177.0
254.64370801799896	177.0
254.65370855634944	177.0
254.6637090946999	175.0
254.67370963305038	175.0
254.68371017140086	175.0
254.69371070975131	177.0
254.7037112481018	177.0
254.71371178645225	177.0
254.72371232480273	177.0
254.7337128631532	175.0
254.74371340150367	175.0
254.75371393985412	175.0
254.7637144782046	175.0
254.77371501655506	175.0
254.78371555490554	175.0
254.79371609325602	175.0
254.80371663160648	177.0
254.81371716995696	179.0
254.8237177083074	183.0
254.8337182466579	185.0
254.84371878500835	187.0
254.85371932335883	190.0
254.86371986170928	190.0
254.87372040005977	187.0
254.88372093841022	185.0
254.8937214767607	183.0
254.90372201511119	179.0
254.91372255346164	177.0
254.92372309181212	173.0
254.93372363016258	171.0
254.94372416851306	169.0
254.9537247068635	167.0
254.963725245214	165.0
254.97372578356445	161.0
254.98372632191493	154.0
254.99372686026538	150.0
255.00372739861587	147.0
255.01372793696635	0.0
255.0237284753168	0.0
255.03372901366728	0.0
255.04372955201774	0.0
255.05373009036822	0.0
255.06373062871867	0.0
255.07373116706916	0.0
255.0837317054196	0.0
255.0937322437701	0.0
255.10373278212055	0.0
255.11373332047103	175.0
255.1237338588215	175.0
255.13373439717196	173.0
255.14373493552245	173.0
255.1537354738729	173.0
255.16373601222338	171.0
255.17373655057384	171.0
255.18373708892432	171.0
255.19373762727477	173.0
255.20373816562525	173.0
255.2137387039757	173.0
255.2237392423262	173.0
255.23373978067664	173.0
255.24374031902713	173.0
255.2537408573776	173.0
255.26374139572806	173.0
255.27374193407854	175.0
255.283742472429	175.0
255.29374301077948	177.0
255.30374354912993	177.0
255.31374408748042	177.0
255.32374462583087	177.0
255.33374516418135	175.0
255.3437457025318	175.0
255.3537462408823	173.0
255.36374677923277	173.0
255.37374731758322	173.0
255.3837478559337	173.0
255.39374839428416	173.0
255.40374893263464	173.0
255.4137494709851	173.0
255.42375000933558	173.0
255.43375054768603	175.0
255.4437510860365	175.0
255.45375162438697	175.0
255.46375216273745	175.0
255.47375270108793	175.0
255.48375323943839	177.0
255.49375377778887	177.0
255.50375431613932	179.0
255.5137548544898	181.0
255.52375539284026	183.0
255.53375593119074	183.0
255.5437564695412	185.0
255.55375700789168	183.0
255.56375754624213	183.0
255.5737580845926	183.0
255.5837586229431	181.0
255.59375916129355	179.0
255.60375969964403	177.0
255.61376023799448	175.0
255.62376077634497	175.0
255.63376131469542	173.0
255.6437618530459	173.0
255.65376239139636	173.0
255.66376292974684	173.0
255.6737634680973	173.0
255.68376400644777	173.0
255.69376454479826	173.0
255.7037650831487	173.0
255.7137656214992	173.0
255.72376615984965	175.0
255.73376669820013	175.0
255.74376723655058	175.0
255.75376777490106	177.0
255.76376831325152	177.0
255.773768851602	179.0
255.78376938995245	179.0
255.79376992830294	181.0
255.80377046665342	181.0
255.81377100500387	183.0
255.82377154335435	183.0
255.8337720817048	183.0
255.8437726200553	181.0
255.85377315840574	181.0
255.86377369675623	179.0
255.87377423510668	177.0
255.88377477345716	177.0
255.89377531180762	175.0
255.9037758501581	175.0
255.91377638850858	175.0
255.92377692685903	173.0
255.93377746520952	173.0
255.94377800355997	173.0
255.95377854191045	173.0
255.9637790802609	175.0
255.9737796186114	175.0
255.98378015696184	175.0
255.99378069531232	175.0
256.0037812336628	175.0
256.01378177201326	175.0
256.02378231036374	175.0
256.0337828487142	175.0
256.04378338706465	175.0
256.05378392541513	177.0
256.0637844637656	177.0
256.0737850021161	177.0
256.0837855404665	177.0
256.093786078817	177.0
256.1037866171675	177.0
256.11378715551797	175.0
256.1237876938684	175.0
256.1337882322189	175.0
256.14378877056936	175.0
256.15378930891984	175.0
256.1637898472703	175.0
256.17379038562075	177.0
256.18379092397123	179.0
256.1937914623217	179.0
256.2037920006722	183.0
256.2137925390226	185.0
256.2237930773731	185.0
256.2337936157236	187.0
256.24379415407407	187.0
256.25379469242455	185.0
256.263795230775	183.0
256.27379576912546	181.0
256.28379630747594	179.0
256.2937968458264	177.0
256.30379738417685	173.0
256.3137979225273	169.0
256.3237984608778	167.0
256.3337989992283	165.0
256.3437995375787	163.0
256.3538000759292	161.0
256.3638006142797	161.0
256.37380115263016	159.0
256.38380169098065	159.0
256.3938022293311	158.0
256.40380276768155	158.0
256.41380330603204	158.0
256.4238038443825	156.0
256.43380438273294	154.0
256.4438049210834	152.0
256.4538054594339	150.0
256.4638059977844	152.0
256.4738065361349	154.0
256.4838070744853	156.0
256.4938076128358	161.0
256.50380815118626	165.0
256.51380868953675	171.0
256.52380922788717	177.0
256.53380976623765	181.0
256.54381030458813	183.0
256.5538108429386	183.0
256.56381138128904	181.0
256.5738119196395	177.0
256.58381245799	171.0
256.5938129963405	167.0
256.60381353469097	165.0
256.6138140730414	165.0
256.6238146113919	165.0
256.63381514974236	167.0
256.64381568809284	169.0
256.65381622644327	173.0
256.66381676479375	177.0
256.67381730314423	179.0
256.6838178414947	181.0
256.6938183798452	181.0
256.7038189181956	181.0
256.7138194565461	179.0
256.7238199948966	175.0
256.73382053324707	171.0
256.7438210715975	165.0
256.753821609948	161.0
256.76382214829846	158.0
256.77382268664894	156.0
256.78382322499937	156.0
256.79382376334985	156.0
256.80382430170033	158.0
256.8138248400508	159.0
256.8238253784013	163.0
256.8338259167517	167.0
256.8438264551022	173.0
256.8538269934527	177.0
256.86382753180317	181.0
256.8738280701536	183.0
256.8838286085041	185.0
256.89382914685456	185.0
256.90382968520504	185.0
256.9138302235555	183.0
256.92383076190595	181.0
256.93383130025643	179.0
256.9438318386069	175.0
256.9538323769574	173.0
256.9638329153078	171.0
256.9738334536583	169.0
256.9838339920088	171.0
256.99383453035927	173.0
257.0038350687097	177.0
257.0138356070602	181.0
257.02383614541066	183.0
257.03383668376114	185.0
257.0438372221116	187.0
257.05383776046205	187.0
257.0638382988125	187.0
257.073838837163	187.0
257.0838393755135	185.0
257.0938399138639	183.0
257.1038404522144	179.0
257.1138409905649	177.0
257.12384152891536	175.0
257.13384206726585	173.0
257.14384260561627	173.0
257.15384314396675	171.0
257.16384368231724	171.0
257.1738442206677	171.0
257.18384475901814	173.0
257.1938452973686	175.0
257.2038458357191	177.0
257.2138463740696	179.0
257.22384691242	181.0
257.2338474507705	183.0
257.243847989121	185.0
257.25384852747146	185.0
257.26384906582194	183.0
257.27384960417237	181.0
257.28385014252285	179.0
257.29385068087333	175.0
257.3038512192238	171.0
257.31385175757424	167.0
257.3238522959247	167.0
257.3338528342752	167.0
257.3438533726257	167.0
257.35385391097617	173.0
257.3638544493266	177.0
257.3738549876771	181.0
257.38385552602756	185.0
257.39385606437804	190.0
257.40385660272847	194.0
257.41385714107895	199.0
257.42385767942943	201.0
257.4338582177799	206.0
257.44385875613034	208.0
257.4538592944808	210.0
257.4638598328313	210.0
257.4738603711818	210.0
257.48386090953227	210.0
257.4938614478827	210.0
257.5038619862332	210.0
257.51386252458366	210.0
257.52386306293414	210.0
257.53386360128457	213.0
257.54386413963505	213.0
257.55386467798553	215.0
257.563865216336	215.0
257.5738657546865	215.0
257.5838662930369	213.0
257.5938668313874	213.0
257.6038673697379	210.0
257.61386790808837	210.0
257.6238684464388	210.0
257.6338689847893	210.0
257.64386952313976	210.0
257.65387006149024	210.0
257.66387059984066	210.0
257.67387113819115	210.0
257.6838716765416	210.0
257.6938722148921	210.0
257.7038727532426	213.0
257.713873291593	213.0
257.7238738299435	213.0
257.733874368294	213.0
257.74387490664446	213.0
257.7538754449949	213.0
257.7638759833454	213.0
257.77387652169585	210.0
257.78387706004634	210.0
257.79387759839676	208.0
257.80387813674724	208.0
257.8138786750977	203.0
257.8238792134482	201.0
257.8338797517987	196.0
257.8438802901491	187.0
257.8538808284996	177.0
257.8638813668501	0.0
257.87388190520056	0.0
257.883882443551	0.0
257.89388298190147	0.0
257.90388352025195	0.0
257.91388405860243	0.0
257.9238845969529	0.0
257.93388513530334	0.0
257.9438856736538	0.0
257.9538862120043	0.0
257.9638867503548	0.0
257.9738872887052	0.0
257.9838878270557	0.0
257.9938883654062	0.0
258.00388890375666	0.0
258.0138894421071	0.0
258.02388998045757	206.0
258.03389051880805	206.0
258.04389105715853	208.0
258.053891595509	208.0
258.06389213385944	210.0
258.0738926722099	210.0
258.0838932105604	210.0
258.0938937489109	210.0
258.1038942872613	210.0
258.1138948256118	210.0
258.1238953639623	208.0
258.13389590231276	210.0
258.14389644066324	210.0
258.15389697901367	210.0
258.16389751736415	213.0
258.17389805571463	213.0
258.1838985940651	213.0
258.19389913241554	213.0
258.203899670766	210.0
258.2139002091165	210.0
258.223900747467	210.0
258.2339012858174	210.0
258.2439018241679	210.0
258.2539023625184	213.0
258.26390290086886	213.0
258.27390343921934	213.0
258.28390397756976	213.0
258.29390451592025	213.0
258.30390505427073	213.0
258.3139055926212	210.0
258.32390613097164	208.0
258.3339066693221	203.0
258.3439072076726	201.0
258.3539077460231	196.0
258.36390828437357	192.0
258.373908822724	187.0
258.3839093610745	183.0
258.39390989942495	181.0
258.40391043777544	177.0
258.41391097612586	177.0
258.42391151447634	175.0
258.4339120528268	175.0
258.4439125911773	175.0
258.45391312952773	175.0
258.4639136678782	175.0
258.4739142062287	177.0
258.4839147445792	177.0
258.49391528292966	179.0
258.5039158212801	183.0
258.51391635963057	185.0
258.52391689798105	190.0
258.53391743633154	194.0
258.54391797468196	196.0
258.55391851303244	201.0
258.5639190513829	206.0
258.5739195897334	208.0
258.5839201280839	210.0
258.5939206664343	213.0
258.6039212047848	213.0
258.6139217431353	215.0
258.62392228148576	215.0
258.6339228198362	215.0
258.64392335818667	215.0
258.65392389653715	215.0
258.66392443488763	218.0
258.67392497323806	218.0
258.68392551158854	218.0
258.693926049939	218.0
258.7039265882895	218.0
258.71392712664	218.0
258.7239276649904	218.0
258.7339282033409	218.0
258.7439287416914	218.0
258.75392928004186	215.0
258.7639298183923	215.0
258.77393035674277	213.0
258.78393089509325	213.0
258.79393143344373	210.0
258.8039319717942	210.0
258.81393251014464	208.0
258.8239330484951	208.0
258.8339335868456	210.0
258.8439341251961	210.0
258.8539346635465	210.0
258.863935201897	210.0
258.8739357402475	213.0
258.88393627859796	210.0
258.8939368169484	210.0
258.90393735529886	210.0
258.91393789364935	210.0
258.92393843199983	208.0
258.9339389703503	206.0
258.94393950870074	199.0
258.9539400470512	192.0
258.9639405854017	190.0
258.9739411237522	190.0
258.9839416621026	190.0
258.9939422004531	192.0
259.0039427388036	194.0
259.01394327715406	0.0
259.02394381550454	0.0
259.03394435385496	0.0
259.04394489220545	0.0
259.0539454305559	0.0
259.0639459689064	0.0
259.07394650725684	0.0
259.0839470456073	0.0
259.0939475839578	0.0
259.1039481223083	0.0
259.1139486606587	0.0
259.1239491990092	0.0
259.13394973735967	0.0
259.14395027571015	0.0
259.15395081406064	0.0
259.16395135241106	0.0
259.17395189076154	0.0
259.183952429112	0.0
259.1939529674625	0.0
259.20395350581293	0.0
259.2139540441634	0.0
259.2239545825139	0.0
259.2339551208644	0.0
259.24395565921486	0.0
259.2539561975653	0.0
259.26395673591577	0.0
259.27395727426625	0.0
259.28395781261673	0.0
259.29395835096716	0.0
259.30395888931764	0.0
259.3139594276681	0.0
259.3239599660186	0.0
259.33396050436903	0.0
259.3439610427195	0.0
259.35396158107	0.0
259.3639621194205	0.0
259.37396265777096	0.0
259.3839631961214	0.0
259.39396373447187	0.0
259.40396427282235	0.0
259.41396481117283	0.0
259.42396534952326	218.0
259.43396588787374	213.0
259.4439664262242	210.0
259.4539669645747	210.0
259.46396750292513	213.0
259.4739680412756	213.0
259.4839685796261	215.0
259.4939691179766	215.0
259.50396965632706	215.0
259.5139701946775	215.0
259.52397073302797	215.0
259.53397127137845	215.0
259.54397180972893	213.0
259.55397234807936	213.0
259.56397288642984	213.0
259.5739734247803	210.0
259.5839739631308	210.0
259.5939745014813	210.0
259.6039750398317	210.0
259.6139755781822	210.0
259.6239761165327	210.0
259.63397665488316	210.0
259.6439771932336	210.0
259.65397773158406	210.0
259.66397826993455	210.0
259.673978808285	208.0
259.68397934663545	208.0
259.69397988498594	208.0
259.7039804233364	208.0
259.7139809616869	208.0
259.7239815000374	208.0
259.7339820383878	208.0
259.7439825767383	208.0
259.7539831150888	208.0
259.76398365343925	208.0
259.7739841917897	208.0
259.78398473014016	208.0
259.79398526849064	208.0
259.8039858068411	208.0
259.8139863451916	208.0
259.82398688354203	208.0
259.8339874218925	208.0
259.843987960243	210.0
259.8539884985935	210.0
259.8639890369439	210.0
259.8739895752944	210.0
259.88399011364487	213.0
259.89399065199535	213.0
259.9039911903458	210.0
259.91399172869626	210.0
259.92399226704674	206.0
259.9339928053972	203.0
259.9439933437477	196.0
259.95399388209813	187.0
259.9639944204486	177.0
259.9739949587991	167.0
259.9839954971496	161.0
259.9939960355	159.0
260.0039965738505	158.0
260.01399711220097	159.0
260.02399765055145	163.0
260.03399818890193	169.0
260.04399872725236	175.0
260.05399926560284	179.0
260.0639998039533	185.0
260.0740003423038	192.0
260.08400088065423	196.0
260.0940014190047	201.0
260.1040019573552	203.0
260.1140024957057	208.0
260.1240030340561	208.0
260.1340035724066	210.0
260.14400411075707	210.0
260.15400464910755	213.0
260.16400518745803	213.0
260.17400572580846	213.0
260.18400626415894	210.0
260.1940068025094	210.0
260.2040073408599	208.0
260.2140078792103	206.0
260.2240084175608	201.0
260.2340089559113	196.0
260.2440094942618	190.0
260.25401003261226	185.0
260.2640105709627	179.0
260.27401110931316	175.0
260.28401164766365	173.0
260.29401218601413	171.0
260.30401272436455	171.0
260.31401326271504	171.0
260.3240138010655	173.0
260.334014339416	175.0
260.3440148777664	177.0
260.3540154161169	179.0
260.3640159544674	183.0
260.3740164928179	190.0
260.38401703116836	194.0
260.3940175695188	203.0
260.40401810786926	215.0
260.41401864621974	231.0
260.4240191845702	248.0
260.43401972292065	259.0
260.44402026127113	268.0
260.4540207996216	275.0
260.4640213379721	278.0
260.4740218763226	281.0
260.484022414673	281.0
260.4940229530235	281.0
260.50402349137397	278.0
260.51402402972445	275.0
260.5240245680749	268.0
260.53402510642536	262.0
260.54402564477584	259.0
260.5540261831263	253.0
260.56402672147675	248.0
260.57402725982723	245.0
260.5840277981777	242.0
260.5940283365282	242.0
260.6040288748787	239.0
260.6140294132291	236.0
260.6240299515796	236.0
260.63403048993007	236.0
260.64403102828055	234.0
260.654031566631	234.0
260.66403210498146	236.0
260.67403264333194	236.0
260.6840331816824	236.0
260.6940337200329	236.0
260.70403425838333	236.0
260.7140347967338	239.0
260.7240353350843	242.0
260.7340358734348	242.0
260.7440364117852	245.0
260.7540369501357	248.0
260.76403748848617	253.0
260.77403802683665	256.0
260.7840385651871	259.0
260.79403910353756	259.0
260.80403964188804	259.0
260.8140401802385	256.0
260.824040718589	256.0
260.83404125693943	253.0
260.8440417952899	250.0
260.8540423336404	248.0
260.8640428719909	245.0
260.8740434103413	242.0
260.8840439486918	239.0
260.89404448704227	236.0
260.90404502539275	234.0
260.91404556374323	231.0
260.92404610209366	228.0
260.93404664044414	223.0
260.9440471787946	220.0
260.9540477171451	215.0
260.9640482554955	215.0
260.974048793846	213.0
260.9840493321965	213.0
260.994049870547	210.0
261.0040504088974	210.0
261.0140509472479	210.0
261.02405148559836	210.0
261.03405202394885	210.0
261.0440525622993	210.0
261.05405310064975	210.0
261.06405363900024	210.0
261.0740541773507	210.0
261.0840547157012	210.0
261.0940552540516	210.0
261.1040557924021	210.0
261.1140563307526	210.0
261.1240568691031	210.0
261.1340574074535	210.0
261.144057945804	210.0
261.15405848415446	210.0
261.16405902250494	213.0
261.1740595608554	213.0
261.18406009920585	213.0
261.19406063755633	213.0
261.2040611759068	213.0
261.2140617142573	213.0
261.2240622526077	213.0
261.2340627909582	213.0
261.2440633293087	210.0
261.25406386765917	210.0
261.26406440600965	210.0
261.2740649443601	210.0
261.28406548271056	210.0
261.29406602106104	208.0
261.3040665594115	206.0
261.31406709776195	201.0
261.32406763611243	201.0
261.3340681744629	206.0
261.3440687128134	213.0
261.3540692511638	218.0
261.3640697895143	218.0
261.3740703278648	215.0
261.38407086621527	215.0
261.39407140456575	213.0
261.4040719429162	213.0
261.41407248126666	213.0
261.42407301961714	210.0
261.4340735579676	210.0
261.44407409631805	210.0
261.45407463466853	210.0
261.464075173019	210.0
261.4740757113695	208.0
261.48407624972	208.0
261.4940767880704	208.0
261.5040773264209	208.0
261.51407786477137	210.0
261.52407840312185	210.0
261.5340789414723	210.0
261.54407947982276	210.0
261.55408001817324	210.0
261.5640805565237	210.0
261.57408109487415	208.0
261.5840816332246	206.0
261.5940821715751	203.0
261.6040827099256	196.0
261.6140832482761	185.0
261.6240837866265	177.0
261.634084324977	167.0
261.64408486332746	163.0
261.65408540167795	159.0
261.6640859400284	161.0
261.67408647837885	165.0
261.68408701672934	171.0
261.6940875550798	177.0
261.7040880934303	183.0
261.7140886317807	190.0
261.7240891701312	194.0
261.7340897084817	199.0
261.7440902468322	203.0
261.7540907851826	208.0
261.7640913235331	210.0
261.77409186188356	213.0
261.78409240023404	213.0
261.79409293858447	213.0
261.80409347693495	213.0
261.81409401528543	213.0
261.8240945536359	213.0
261.8340950919864	213.0
261.8440956303368	210.0
261.8540961686873	210.0
261.8640967070378	208.0
261.87409724538827	206.0
261.8840977837387	199.0
261.8940983220892	192.0
261.90409886043966	185.0
261.91409939879014	179.0
261.9240999371406	173.0
261.93410047549105	171.0
261.94410101384153	169.0
261.954101552192	169.0
261.9641020905425	171.0
261.9741026288929	173.0
261.9841031672434	179.0
261.9941037055939	185.0
262.00410424394437	192.0
262.0141047822948	199.0
262.0241053206453	213.0
262.03410585899576	228.0
262.04410639734624	245.0
262.0541069356967	259.0
262.06410747404715	268.0
262.07410801239763	275.0
262.0841085507481	281.0
262.0941090890986	281.0
262.104109627449	284.0
262.1141101657995	284.0
262.12411070415	281.0
262.13411124250047	278.0
262.14411178085095	272.0
262.1541123192014	265.0
262.16411285755186	259.0
262.17411339590234	253.0
262.1841139342528	248.0
262.19411447260325	242.0
262.2041150109537	239.0
262.2141155493042	234.0
262.2241160876547	234.0
262.2341166260051	231.0
262.2441171643556	228.0
262.2541177027061	228.0
262.26411824105656	228.0
262.27411877940705	228.0
262.2841193177575	228.0
262.29411985610795	228.0
262.30412039445844	231.0
262.3141209328089	231.0
262.32412147115934	234.0
262.3341220095098	236.0
262.3441225478603	242.0
262.3541230862108	248.0
262.3641236245613	253.0
262.3741241629117	259.0
262.3841247012622	268.0
262.39412523961266	272.0
262.40412577796315	275.0
262.41412631631357	275.0
262.42412685466405	268.0
262.43412739301453	262.0
262.444127931365	245.0
262.45412846971544	223.0
262.4641290080659	215.0
262.4741295464164	210.0
262.4841300847669	210.0
262.49413062311737	208.0
262.5041311614678	210.0
262.5141316998183	210.0
262.52413223816876	210.0
262.53413277651924	210.0
262.54413331486967	213.0
262.55413385322015	213.0
262.56413439157063	213.0
262.5741349299211	213.0
262.5841354682716	210.0
262.594136006622	210.0
262.6041365449725	210.0
262.614137083323	210.0
262.62413762167347	210.0
262.6341381600239	210.0
262.6441386983744	210.0
262.65413923672486	210.0
262.66413977507534	213.0
262.67414031342577	213.0
262.68414085177625	213.0
262.69414139012673	213.0
262.7041419284772	213.0
262.7141424668277	213.0
262.7241430051781	213.0
262.7341435435286	215.0
262.7441440818791	215.0
262.75414462022957	213.0
262.76414515858	213.0
262.7741456969305	213.0
262.78414623528096	213.0
262.79414677363144	213.0
262.8041473119819	213.0
262.81414785033235	213.0
262.82414838868283	213.0
262.8341489270333	213.0
262.8441494653838	213.0
262.8541500037342	210.0
262.8641505420847	208.0
262.8741510804352	206.0
262.88415161878567	201.0
262.8941521571361	196.0
262.9041526954866	187.0
262.91415323383706	183.0
262.92415377218754	177.0
262.934154310538	173.0
262.94415484888845	171.0
262.9541553872389	171.0
262.9641559255894	169.0
262.9741564639399	165.0
262.9841570022903	161.0
262.9941575406408	158.0
263.0041580789913	0.0
263.01415861734176	0.0
263.0241591556922	0.0
263.03415969404267	0.0
263.04416023239315	0.0
263.05416077074364	206.0
263.0641613090941	213.0
263.07416184744454	213.0
263.084162385795	213.0
263.0941629241455	213.0
263.104163462496	213.0
263.1141640008464	213.0
263.1241645391969	213.0
263.1341650775474	215.0
263.14416561589786	215.0
263.15416615424834	215.0
263.16416669259877	215.0
263.17416723094925	213.0
263.18416776929973	213.0
263.1941683076502	210.0
263.20416884600064	206.0
263.2141693843511	201.0
263.2241699227016	196.0
263.2341704610521	190.0
263.2441709994025	185.0
263.254171537753	181.0
263.2641720761035	179.0
263.27417261445396	177.0
263.28417315280444	175.0
263.29417369115487	173.0
263.30417422950535	173.0
263.31417476785583	171.0
263.3241753062063	171.0
263.33417584455674	173.0
263.3441763829072	175.0
263.3541769212577	179.0
263.3641774596082	183.0
263.37417799795867	187.0
263.3841785363091	192.0
263.3941790746596	199.0
263.40417961301006	201.0
263.41418015136054	206.0
263.42418068971097	210.0
263.43418122806145	213.0
263.44418176641193	213.0
263.4541823047624	213.0
263.46418284311284	210.0
263.4741833814633	208.0
263.4841839198138	203.0
263.4941844581643	199.0
263.50418499651477	194.0
263.5141855348652	190.0
263.5241860732157	185.0
263.53418661156616	183.0
263.54418714991664	183.0
263.55418768826706	181.0
263.56418822661755	179.0
263.574188764968	177.0
263.5841893033185	177.0
263.594189841669	175.0
263.6041903800194	175.0
263.6141909183699	173.0
263.6241914567204	173.0
263.63419199507086	171.0
263.6441925334213	171.0
263.6541930717718	171.0
263.66419361012225	171.0
263.67419414847274	173.0
263.68419468682316	177.0
263.69419522517364	181.0
263.7041957635241	183.0
263.7141963018746	185.0
263.7241968402251	185.0
263.7341973785755	185.0
263.744197916926	185.0
263.7541984552765	183.0
263.76419899362696	181.0
263.7741995319774	179.0
263.78420007032787	177.0
263.79420060867835	175.0
263.80420114702883	171.0
263.8142016853793	169.0
263.82420222372974	165.0
263.8342027620802	163.0
263.8442033004307	159.0
263.8542038387812	158.0
263.8642043771316	158.0
263.8742049154821	156.0
263.8842054538326	156.0
263.89420599218306	154.0
263.9042065305335	154.0
263.91420706888397	154.0
263.92420760723445	154.0
263.93420814558493	154.0
263.9442086839354	154.0
263.95420922228584	156.0
263.9642097606363	158.0
263.9742102989868	159.0
263.9842108373373	161.0
263.9942113756877	165.0
264.0042119140382	167.0
264.0142124523887	171.0
264.02421299073916	171.0
264.03421352908964	173.0
264.04421406744007	171.0
264.05421460579055	169.0
264.06421514414103	163.0
264.0742156824915	158.0
264.08421622084194	150.0
264.0942167591924	145.0
264.1042172975429	140.0
264.1142178358934	137.0
264.1242183742438	136.0
264.1342189125943	134.0
264.1442194509448	136.0
264.15421998929526	137.0
264.16422052764574	139.0
264.17422106599616	140.0
264.18422160434665	142.0
264.19422214269713	142.0
264.2042226810476	142.0
264.21422321939804	140.0
264.2242237577485	140.0
264.234224296099	139.0
264.2442248344495	139.0
264.25422537279997	139.0
264.2642259111504	139.0
264.2742264495009	140.0
264.28422698785135	140.0
264.29422752620184	140.0
264.30422806455226	140.0
264.31422860290274	140.0
264.3242291412532	139.0
264.3342296796037	139.0
264.34423021795413	137.0
264.3542307563046	136.0
264.3642312946551	136.0
264.3742318330056	136.0
264.38423237135606	139.0
264.3942329097065	142.0
264.40423344805697	149.0
264.41423398640745	156.0
264.42423452475794	163.0
264.43423506310836	169.0
264.44423560145884	173.0
264.4542361398093	177.0
264.4642366781598	177.0
264.4742372165103	177.0
264.4842377548607	175.0
264.4942382932112	173.0
264.5042388315617	169.0
264.51423936991216	167.0
264.5242399082626	165.0
264.53424044661307	163.0
264.54424098496355	163.0
264.55424152331403	161.0
264.56424206166446	161.0
264.57424260001494	161.0
264.5842431383654	159.0
264.5942436767159	159.0
264.6042442150664	159.0
264.6142447534168	158.0
264.6242452917673	156.0
264.6342458301178	154.0
264.64424636846826	152.0
264.6542469068187	150.0
264.66424744516917	147.0
264.67424798351965	145.0
264.68424852187013	145.0
264.69424906022056	149.0
264.70424959857104	152.0
264.7142501369215	159.0
264.724250675272	165.0
264.7342512136225	173.0
264.7442517519729	179.0
264.7542522903234	183.0
264.7642528286739	187.0
264.77425336702436	187.0
264.7842539053748	187.0
264.79425444372526	183.0
264.80425498207575	179.0
264.81425552042623	175.0
264.8242560587767	171.0
264.83425659712714	167.0
264.8442571354776	163.0
264.8542576738281	161.0
264.8642582121786	159.0
264.874258750529	158.0
264.8842592888795	158.0
264.89425982723	156.0
264.90426036558046	158.0
264.9142609039309	158.0
264.92426144228136	159.0
264.93426198063185	161.0
264.9442625189823	165.0
264.9542630573328	171.0
264.96426359568324	173.0
264.9742641340337	179.0
264.9842646723842	183.0
264.9942652107347	185.0
265.0042657490851	185.0
265.0142662874356	185.0
265.02426682578607	183.0
265.03426736413655	181.0
265.04426790248704	179.0
265.05426844083746	177.0
265.06426897918794	175.0
265.0742695175384	175.0
265.0842700558889	175.0
265.09427059423933	175.0
265.1042711325898	175.0
265.1142716709403	175.0
265.1242722092908	173.0
265.1342727476412	171.0
265.1442732859917	0.0
265.15427382434217	0.0
265.16427436269265	0.0
265.17427490104313	0.0
265.18427543939356	0.0
265.19427597774404	0.0
265.2042765160945	0.0
265.214277054445	0.0
265.22427759279543	0.0
265.2342781311459	0.0
265.2442786694964	0.0
265.2542792078469	0.0
265.26427974619736	0.0
265.2742802845478	0.0
265.28428082289827	0.0
265.29428136124875	0.0
265.30428189959923	0.0
265.31428243794966	0.0
265.32428297630014	0.0
265.3342835146506	0.0
265.3442840530011	0.0
265.35428459135153	0.0
265.364285129702	0.0
265.3742856680525	0.0
265.384286206403	0.0
265.39428674475346	0.0
265.4042872831039	0.0
265.41428782145437	0.0
265.42428835980485	0.0
265.43428889815533	0.0
265.44428943650576	0.0
265.45428997485624	0.0
265.4642905132067	0.0
265.4742910515572	179.0
265.4842915899077	173.0
265.4942921282581	169.0
265.5042926666086	169.0
265.5142932049591	171.0
265.52429374330956	173.0
265.53429428166	175.0
265.54429482001046	177.0
265.55429535836095	177.0
265.5642958967114	177.0
265.57429643506185	177.0
265.58429697341234	177.0
265.5942975117628	177.0
265.6042980501133	175.0
265.6142985884638	175.0
265.6242991268142	175.0
265.6342996651647	177.0
265.6443002035152	179.0
265.65430074186565	179.0
265.6643012802161	181.0
265.67430181856656	181.0
265.68430235691704	181.0
265.6943028952675	179.0
265.704303433618	177.0
265.71430397196843	177.0
265.7243045103189	177.0
265.7343050486694	177.0
265.7443055870199	177.0
265.7543061253703	177.0
265.7643066637208	175.0
265.77430720207127	175.0
265.78430774042175	175.0
265.7943082787722	175.0
265.80430881712266	175.0
265.81430935547314	175.0
265.8243098938236	177.0
265.8343104321741	179.0
265.84431097052453	179.0
265.854311508875	179.0
265.8643120472255	177.0
265.874312585576	177.0
265.8843131239264	175.0
265.8943136622769	175.0
265.90431420062737	175.0
265.91431473897785	175.0
265.92431527732833	175.0
265.93431581567876	175.0
265.94431635402924	175.0
265.9543168923797	177.0
265.9643174307302	177.0
265.97431796908063	177.0
265.9843185074311	177.0
265.9943190457816	177.0
266.0043195841321	177.0
266.0143201224825	177.0
266.024320660833	175.0
266.03432119918347	173.0
266.04432173753395	171.0
266.05432227588443	167.0
266.06432281423486	165.0
266.07432335258534	161.0
266.0843238909358	158.0
266.0943244292863	156.0
266.1043249676367	156.0
266.1143255059872	156.0
266.1243260443377	154.0
266.1343265826882	154.0
266.14432712103866	154.0
266.1543276593891	154.0
266.16432819773956	156.0
266.17432873609005	159.0
266.18432927444053	167.0
266.19432981279095	177.0
266.20433035114144	181.0
266.2143308894919	185.0
266.2243314278424	185.0
266.2343319661928	185.0
266.2443325045433	185.0
266.2543330428938	185.0
266.2643335812443	185.0
266.27433411959476	183.0
266.2843346579452	179.0
266.29433519629566	175.0
266.30433573464614	171.0
266.3143362729966	169.0
266.32433681134705	165.0
266.33433734969753	163.0
266.344337888048	161.0
266.3543384263985	159.0
266.3643389647489	158.0
266.3743395030994	158.0
266.3843400414499	158.0
266.39434057980037	159.0
266.40434111815085	159.0
266.4143416565013	159.0
266.42434219485176	159.0
266.43434273320224	159.0
266.4443432715527	159.0
266.45434380990315	159.0
266.46434434825363	161.0
266.4743448866041	163.0
266.4843454249546	163.0
266.4943459633051	165.0
266.5043465016555	167.0
266.514347040006	171.0
266.52434757835647	175.0
266.53434811670695	181.0
266.5443486550574	185.0
266.55434919340786	190.0
266.56434973175834	190.0
266.5743502701088	187.0
266.58435080845925	185.0
266.59435134680973	181.0
266.6043518851602	175.0
266.6143524235107	169.0
266.6243529618612	163.0
266.6343535002116	159.0
266.6443540385621	158.0
266.65435457691257	158.0
266.66435511526305	158.0
266.6743556536135	158.0
266.68435619196396	158.0
266.69435673031444	156.0
266.7043572686649	156.0
266.7143578070154	154.0
266.72435834536583	154.0
266.7343588837163	156.0
266.7443594220668	158.0
266.7543599604173	159.0
266.7643604987677	163.0
266.7743610371182	167.0
266.78436157546867	171.0
266.79436211381915	175.0
266.8043626521696	177.0
266.81436319052006	179.0
266.82436372887054	181.0
266.834364267221	179.0
266.8443648055715	175.0
266.8543653439219	167.0
266.8643658822724	159.0
266.8743664206229	0.0
266.8843669589734	0.0
266.8943674973238	0.0
266.9043680356743	0.0
266.91436857402476	0.0
266.92436911237525	0.0
266.9343696507257	0.0
266.94437018907615	145.0
266.95437072742664	142.0
266.9643712657771	139.0
266.9743718041276	137.0
266.984372342478	136.0
266.9943728808285	137.0
267.004373419179	137.0
267.0143739575295	137.0
267.0243744958799	137.0
267.0343750342304	137.0
267.04437557258086	139.0
267.05437611093134	139.0
267.0643766492818	139.0
267.07437718763225	139.0
267.08437772598273	139.0
267.0943782643332	140.0
267.1043788026837	140.0
267.1143793410341	140.0
267.1243798793846	142.0
267.1343804177351	142.0
267.14438095608557	142.0
267.15438149443605	140.0
267.1643820327865	140.0
267.17438257113696	139.0
267.18438310948744	137.0
267.1943836478379	136.0
267.20438418618835	137.0
267.21438472453883	137.0
267.2243852628893	139.0
267.2343858012398	139.0
267.2443863395902	139.0
267.2543868779407	139.0
267.2643874162912	139.0
267.27438795464167	140.0
267.28438849299215	140.0
267.2943890313426	140.0
267.30438956969306	140.0
267.31439010804354	140.0
267.324390646394	142.0
267.33439118474445	142.0
267.34439172309493	142.0
267.3543922614454	140.0
267.3643927997959	140.0
267.3743933381464	139.0
267.3843938764968	139.0
267.3943944148473	137.0
267.40439495319777	137.0
267.41439549154825	137.0
267.4243960298987	139.0
267.43439656824916	140.0
267.44439710659964	142.0
267.4543976449501	149.0
267.46439818330055	156.0
267.474398721651	165.0
267.4843992600015	173.0
267.494399798352	179.0
267.5044003367025	179.0
267.5144008750529	179.0
267.5244014134034	173.0
267.53440195175386	169.0
267.54440249010435	169.0
267.5544030284548	169.0
267.56440356680525	169.0
267.57440410515574	167.0
267.5844046435062	163.0
267.5944051818567	159.0
267.6044057202071	158.0
267.6144062585576	158.0
267.6244067969081	158.0
267.6344073352586	161.0
267.644407873609	163.0
267.6544084119595	167.0
267.66440895030996	171.0
267.67440948866044	173.0
267.68441002701087	177.0
267.69441056536135	179.0
267.70441110371183	181.0
267.7144116420623	181.0
267.7244121804128	179.0
267.7344127187632	177.0
267.7444132571137	173.0
267.7544137954642	167.0
267.76441433381467	163.0
267.7744148721651	159.0
267.7844154105156	156.0
267.79441594886606	154.0
267.80441648721654	152.0
267.814417025567	154.0
267.82441756391745	156.0
267.83441810226793	158.0
267.8444186406184	161.0
267.8544191789689	165.0
267.8644197173193	171.0
267.8744202556698	173.0
267.8844207940203	177.0
267.89442133237077	179.0
267.9044218707212	181.0
267.9144224090717	181.0
267.92442294742216	181.0
267.93442348577264	181.0
267.9444240241231	181.0
267.95442456247355	179.0
267.96442510082403	179.0
267.9744256391745	179.0
267.984426177525	179.0
267.9944267158754	179.0
268.0044272542259	179.0
268.0144277925764	179.0
268.02442833092687	179.0
268.0344288692773	179.0
268.0444294076278	179.0
268.05442994597826	179.0
268.06443048432874	179.0
268.0744310226792	179.0
268.08443156102965	177.0
268.0944320993801	177.0
268.1044326377306	175.0
268.1144331760811	175.0
268.1244337144315	175.0
268.134434252782	173.0
268.1444347911325	173.0
268.15443532948296	173.0
268.16443586783345	173.0
268.1744364061839	173.0
268.18443694453435	173.0
268.19443748288484	173.0
268.2044380212353	175.0
268.21443855958574	177.0
268.2244390979362	177.0
268.2344396362867	177.0
268.2444401746372	179.0
268.2544407129876	181.0
268.2644412513381	185.0
268.2744417896886	187.0
268.28444232803906	185.0
268.29444286638955	181.0
268.30444340473997	179.0
268.31444394309045	177.0
268.32444448144093	175.0
268.3344450197914	175.0
268.34444555814184	175.0
268.3544460964923	175.0
268.3644466348428	177.0
268.3744471731933	177.0
268.38444771154377	179.0
268.3944482498942	179.0
268.4044487882447	177.0
268.41444932659516	175.0
268.42444986494564	171.0
268.43445040329607	167.0
268.44445094164655	0.0
268.45445147999703	0.0
268.4644520183475	0.0
268.47445255669794	0.0
268.4844530950484	0.0
268.4944536333989	0.0
268.5044541717494	0.0
268.51445471009987	0.0
268.5244552484503	0.0
268.5344557868008	0.0
268.54445632515126	0.0
268.55445686350174	0.0
268.56445740185217	0.0
268.57445794020265	0.0
268.58445847855313	0.0
268.5944590169036	0.0
268.6044595552541	0.0
268.6144600936045	0.0
268.624460631955	0.0
268.6344611703055	0.0
268.64446170865597	0.0
268.6544622470064	0.0
268.6644627853569	0.0
268.67446332370736	0.0
268.68446386205784	0.0
268.69446440040826	0.0
268.70446493875875	0.0
268.71446547710923	0.0
268.7244660154597	0.0
268.7344665538102	0.0
268.7444670921606	0.0
268.7544676305111	0.0
268.7644681688616	0.0
268.77446870721207	0.0
268.7844692455625	0.0
268.794469783913	0.0
268.80447032226346	0.0
268.81447086061394	101.0
268.8244713989644	101.0
268.83447193731485	99.0
268.8444724756653	99.0
268.8544730140158	98.0
268.8644735523663	98.0
268.8744740907167	97.0
268.8844746290672	97.0
268.8944751674177	98.0
268.90447570576816	99.0
268.9144762441186	100.0
268.92447678246907	100.0
268.93447732081955	101.0
268.94447785917004	103.0
268.9544783975205	104.0
268.96447893587094	105.0
268.9744794742214	106.0
268.9844800125719	106.0
268.9944805509224	106.0
269.0044810892728	105.0
269.0144816276233	104.0
269.0244821659738	101.0
269.03448270432426	99.0
269.04448324267474	97.0
269.05448378102517	97.0
269.06448431937565	98.0
269.07448485772613	100.0
269.0844853960766	104.0
269.09448593442704	119.0
269.1044864727775	128.0
269.114487011128	134.0
269.1244875494785	136.0
269.1344880878289	137.0
269.1444886261794	139.0
269.1544891645299	139.0
269.16448970288036	139.0
269.17449024123084	139.0
269.18449077958127	139.0
269.19449131793175	137.0
269.20449185628223	137.0
269.2144923946327	136.0
269.22449293298314	134.0
269.2344934713336	132.0
269.2444940096841	131.0
269.2544945480346	128.0
269.26449508638507	125.0
269.2744956247355	122.0
269.284496163086	119.0
269.29449670143646	118.0
269.30449723978694	115.0
269.31449777813737	114.0
269.32449831648785	114.0
269.33449885483833	114.0
269.3444993931888	114.0
269.35449993153924	117.0
269.3645004698897	118.0
269.3745010082402	121.0
269.3845015465907	124.0
269.39450208494117	128.0
269.4045026232916	131.0
269.4145031616421	136.0
269.42450369999256	137.0
269.43450423834304	137.0
269.44450477669346	139.0
269.45450531504395	139.0
269.4645058533944	139.0
269.4745063917449	137.0
269.4845069300954	137.0
269.4945074684458	136.0
269.5045080067963	136.0
269.5145085451468	134.0
269.52450908349726	132.0
269.5345096218477	131.0
269.5445101601982	128.0
269.55451069854865	125.0
269.56451123689914	122.0
269.57451177524956	121.0
269.58451231360004	119.0
269.5945128519505	118.0
269.604513390301	117.0
269.6145139286515	117.0
269.6245144670019	115.0
269.6345150053524	115.0
269.6445155437029	114.0
269.65451608205336	114.0
269.6645166204038	111.0
269.67451715875427	109.0
269.68451769710475	0.0
269.69451823545523	0.0
269.70451877380566	0.0
269.71451931215614	0.0
269.7245198505066	0.0
269.7345203888571	0.0
269.7445209272076	0.0
269.754521465558	142.0
269.7645220039085	142.0
269.774522542259	142.0
269.78452308060946	142.0
269.7945236189599	140.0
269.80452415731037	139.0
269.81452469566085	139.0
269.82452523401133	139.0
269.8345257723618	139.0
269.84452631071224	139.0
269.8545268490627	139.0
269.8645273874132	139.0
269.8745279257637	139.0
269.8845284641141	139.0
269.8945290024646	139.0
269.9045295408151	139.0
269.91453007916556	140.0
269.924530617516	140.0
269.93453115586647	140.0
269.94453169421695	139.0
269.95453223256743	139.0
269.9645327709179	137.0
269.97453330926834	134.0
269.9845338476188	132.0
269.9945343859693	132.0
270.0045349243198	134.0
270.0145354626702	137.0
270.0245360010207	142.0
270.0345365393712	150.0
270.04453707772166	156.0
270.05453761607214	167.0
270.06453815442256	175.0
270.07453869277305	181.0
270.08453923112353	181.0
270.094539769474	181.0
270.10454030782444	177.0
270.1145408461749	173.0
270.1245413845254	167.0
270.1345419228759	163.0
270.1445424612263	161.0
270.1545429995768	159.0
270.1645435379273	158.0
270.17454407627775	158.0
270.18454461462824	158.0
270.19454515297866	158.0
270.20454569132914	158.0
270.2145462296796	158.0
270.2245467680301	156.0
270.23454730638053	156.0
270.244547844731	154.0
270.2545483830815	152.0
270.264548921432	150.0
270.27454945978246	149.0
270.2845499981329	145.0
270.29455053648337	145.0
270.30455107483385	144.0
270.31455161318434	142.0
270.32455215153476	142.0
270.33455268988524	142.0
270.3445532282357	144.0
270.3545537665862	149.0
270.36455430493663	154.0
270.3745548432871	167.0
270.3845553816376	177.0
270.3945559199881	183.0
270.40455645833856	185.0
270.414556996689	185.0
270.42455753503947	183.0
270.43455807338995	179.0
270.44455861174043	177.0
270.45455915009086	175.0
270.46455968844134	175.0
270.4745602267918	173.0
270.4845607651423	173.0
270.4945613034928	175.0
270.5045618418432	175.0
270.5145623801937	175.0
270.5245629185442	177.0
270.53456345689466	177.0
270.5445639952451	177.0
270.55456453359557	175.0
270.56456507194605	175.0
270.57456561029653	173.0
270.58456614864696	173.0
270.59456668699744	171.0
270.6045672253479	169.0
270.6145677636984	167.0
270.6245683020489	165.0
270.6345688403993	163.0
270.6445693787498	161.0
270.6545699171003	158.0
270.66457045545076	156.0
270.6745709938012	154.0
270.68457153215166	152.0
270.69457207050215	154.0
270.70457260885263	156.0
270.7145731472031	161.0
270.72457368555354	165.0
270.734574223904	169.0
270.7445747622545	173.0
270.754575300605	179.0
270.7645758389554	181.0
270.7745763773059	183.0
270.7845769156564	185.0
270.79457745400686	185.0
270.8045779923573	185.0
270.81457853070776	183.0
270.82457906905825	181.0
270.8345796074087	179.0
270.8445801457592	179.0
270.85458068410964	177.0
270.8645812224601	177.0
270.8745817608106	177.0
270.8845822991611	177.0
270.8945828375115	177.0
270.904583375862	177.0
270.91458391421247	177.0
270.92458445256295	177.0
270.93458499091344	175.0
270.94458552926386	175.0
270.95458606761434	175.0
270.9645866059648	173.0
270.9745871443153	173.0
270.98458768266573	173.0
270.9945882210162	173.0
271.0045887593667	173.0
271.0145892977172	171.0
271.0245898360676	171.0
271.0345903744181	169.0
271.04459091276857	171.0
271.05459145111905	171.0
271.06459198946953	177.0
271.07459252781996	181.0
271.08459306617044	185.0
271.0945936045209	187.0
271.1045941428714	190.0
271.11459468122183	187.0
271.1245952195723	185.0
271.1345957579228	183.0
271.1445962962733	181.0
271.15459683462376	179.0
271.1645973729742	177.0
271.17459791132467	175.0
271.18459844967515	175.0
271.19459898802563	175.0
271.20459952637606	175.0
271.21460006472654	177.0
271.224600603077	177.0
271.2346011414275	175.0
271.24460167977793	173.0
271.2546022181284	169.0
271.2646027564789	0.0
271.2746032948294	0.0
271.28460383317986	0.0
271.2946043715303	0.0
271.30460490988077	0.0
271.31460544823125	0.0
271.32460598658173	0.0
271.33460652493216	0.0
271.34460706328264	0.0
271.3546076016331	0.0
271.3646081399836	0.0
271.3746086783341	0.0
271.3846092166845	0.0
271.394609755035	0.0
271.4046102933855	0.0
271.41461083173596	0.0
271.4246113700864	0.0
271.43461190843686	0.0
271.44461244678735	0.0
271.4546129851378	0.0
271.46461352348825	0.0
271.47461406183874	0.0
271.4846146001892	0.0
271.4946151385397	0.0
271.5046156768902	0.0
271.5146162152406	0.0
271.5246167535911	192.0
271.5346172919416	187.0
271.54461783029205	187.0
271.5546183686425	190.0
271.56461890699296	196.0
271.57461944534344	199.0
271.5846199836939	201.0
271.59462052204435	203.0
271.60462106039483	203.0
271.6146215987453	203.0
271.6246221370958	201.0
271.6346226754463	199.0
271.6446232137967	199.0
271.6546237521472	196.0
271.66462429049767	192.0
271.67462482884815	190.0
271.6846253671986	187.0
271.69462590554906	183.0
271.70462644389954	179.0
271.71462698225	175.0
271.7246275206005	173.0
271.73462805895093	171.0
271.7446285973014	169.0
271.7546291356519	167.0
271.7646296740024	167.0
271.7746302123528	165.0
271.7846307507033	165.0
271.79463128905377	165.0
271.80463182740425	167.0
271.8146323657547	171.0
271.82463290410516	181.0
271.83463344245564	192.0
271.8446339808061	203.0
271.8546345191566	206.0
271.86463505750703	206.0
271.8746355958575	208.0
271.884636134208	208.0
271.8946366725585	208.0
271.9046372109089	208.0
271.9146377492594	208.0
271.92463828760987	208.0
271.93463882596035	206.0
271.94463936431083	203.0
271.95463990266126	196.0
271.96464044101174	192.0
271.9746409793622	187.0
271.9846415177127	183.0
271.9946420560631	181.0
272.0046425944136	179.0
272.0146431327641	177.0
272.0246436711146	175.0
272.034644209465	173.0
272.0446447478155	173.0
272.05464528616596	173.0
272.06464582451645	175.0
272.07464636286693	179.0
272.08464690121735	192.0
272.09464743956784	215.0
272.1046479779183	231.0
272.1146485162688	250.0
272.1246490546192	262.0
272.1346495929697	275.0
272.1446501313202	281.0
272.1546506696707	278.0
272.16465120802116	272.0
272.1746517463716	228.0
272.18465228472206	210.0
272.19465282307254	196.0
272.204653361423	183.0
272.21465389977345	183.0
272.22465443812393	194.0
272.2346549764744	199.0
272.2446555148249	203.0
272.2546560531753	208.0
272.2646565915258	208.0
272.2746571298763	210.0
272.28465766822677	210.0
272.29465820657725	213.0
272.3046587449277	213.0
272.31465928327816	213.0
272.32465982162864	213.0
272.3346603599791	210.0
272.34466089832955	208.0
272.35466143668003	208.0
272.3646619750305	208.0
272.374662513381	208.0
272.3846630517315	208.0
272.3946635900819	208.0
272.4046641284324	208.0
272.41466466678287	208.0
272.42466520513335	208.0
272.4346657434838	210.0
272.44466628183426	210.0
272.45466682018474	208.0
272.4646673585352	208.0
272.47466789688565	203.0
272.48466843523613	199.0
272.4946689735866	192.0
272.5046695119371	185.0
272.5146700502876	183.0
272.524670588638	183.0
272.5346711269885	187.0
272.54467166533897	196.0
272.55467220368945	203.0
272.5646727420399	206.0
272.57467328039036	208.0
272.58467381874084	208.0
272.5946743570913	210.0
272.6046748954418	210.0
272.61467543379223	210.0
272.6246759721427	210.0
272.6346765104932	210.0
272.6446770488437	208.0
272.6546775871941	208.0
272.6646781255446	208.0
272.67467866389507	203.0
272.68467920224555	199.0
272.694679740596	192.0
272.70468027894646	187.0
272.71468081729694	181.0
272.7246813556474	177.0
272.7346818939979	173.0
272.7446824323483	171.0
272.7546829706988	171.0
272.7646835090493	171.0
272.7746840473998	171.0
272.7846845857502	171.0
272.7946851241007	169.0
272.80468566245116	169.0
272.81468620080165	167.0
272.8246867391521	165.0
272.83468727750255	167.0
272.84468781585304	169.0
272.8546883542035	173.0
272.864688892554	177.0
272.8746894309044	181.0
272.8846899692549	183.0
272.8946905076054	183.0
272.9046910459559	185.0
272.9146915843063	185.0
272.9246921226568	185.0
272.93469266100726	183.0
272.94469319935774	183.0
272.9546937377082	183.0
272.96469427605865	183.0
272.97469481440913	183.0
272.9846953527596	183.0
272.9946958911101	181.0
273.0046964294605	177.0
273.014696967811	173.0
273.0246975061615	167.0
273.03469804451197	163.0
273.04469858286245	161.0
273.0546991212129	159.0
273.06469965956336	158.0
273.07470019791384	156.0
273.0847007362643	154.0
273.09470127461475	150.0
273.10470181296523	149.0
273.1147023513157	147.0
273.1247028896662	145.0
273.1347034280166	145.0
273.1447039663671	145.0
273.1547045047176	149.0
273.16470504306807	152.0
273.17470558141855	158.0
273.184706119769	167.0
273.19470665811946	177.0
273.20470719646994	181.0
273.2147077348204	183.0
273.22470827317085	183.0
273.23470881152133	181.0
273.2447093498718	181.0
273.2547098882223	179.0
273.2647104265727	179.0
273.2747109649232	179.0
273.2847115032737	179.0
273.29471204162417	179.0
273.30471257997465	177.0
273.3147131183251	177.0
273.32471365667556	175.0
273.33471419502604	171.0
273.3447147333765	169.0
273.35471527172695	165.0
273.3647158100774	163.0
273.3747163484279	161.0
273.3847168867784	158.0
273.3947174251289	156.0
273.4047179634793	156.0
273.4147185018298	156.0
273.42471904018026	154.0
273.43471957853075	154.0
273.4447201168812	154.0
273.45472065523165	154.0
273.46472119358214	156.0
273.4747217319326	159.0
273.48472227028304	167.0
273.4947228086335	173.0
273.504723346984	181.0
273.5147238853345	187.0
273.524724423685	194.0
273.5347249620354	201.0
273.5447255003859	206.0
273.55472603873636	208.0
273.56472657708684	213.0
273.57472711543727	213.0
273.58472765378775	213.0
273.59472819213823	213.0
273.6047287304887	210.0
273.6147292688392	208.0
273.6247298071896	203.0
273.6347303455401	201.0
273.6447308838906	196.0
273.65473142224107	194.0
273.6647319605915	190.0
273.674732498942	187.0
273.68473303729246	185.0
273.69473357564294	183.0
273.70473411399337	181.0
273.71473465234385	179.0
273.72473519069433	177.0
273.7347357290448	175.0
273.7447362673953	175.0
273.7547368057457	175.0
273.7647373440962	175.0
273.7747378824467	177.0
273.78473842079717	179.0
273.7947389591476	181.0
273.8047394974981	181.0
273.81474003584856	183.0
273.82474057419904	181.0
273.8347411125495	179.0
273.84474165089995	179.0
273.85474218925043	179.0
273.8647427276009	183.0
273.8747432659514	187.0
273.8847438043018	192.0
273.8947443426523	194.0
273.9047448810028	194.0
273.91474541935327	192.0
273.9247459577037	187.0
273.9347464960542	177.0
273.94474703440466	171.0
273.95474757275514	169.0
273.9647481111056	167.0
273.97474864945605	167.0
273.98474918780653	169.0
273.994749726157	169.0
274.0047502645075	171.0
274.0147508028579	173.0
274.0247513412084	173.0
274.0347518795589	173.0
274.04475241790936	173.0
274.05475295625985	171.0
274.0647534946103	169.0
274.07475403296075	0.0
274.08475457131124	0.0
274.0947551096617	0.0
274.10475564801214	0.0
274.1147561863626	0.0
274.1247567247131	0.0
274.1347572630636	0.0
274.144757801414	0.0
274.1547583397645	0.0
274.164758878115	0.0
274.17475941646546	0.0
274.18475995481595	0.0
274.19476049316637	0.0
274.20476103151685	0.0
274.21476156986733	0.0
274.2247621082178	0.0
274.23476264656824	0.0
274.2447631849187	0.0
274.2547637232692	0.0
274.2647642616197	0.0
274.27476479997017	0.0
274.2847653383206	0.0
274.2947658766711	0.0
274.30476641502156	0.0
274.31476695337204	0.0
274.32476749172247	0.0
274.33476803007295	0.0
274.34476856842343	0.0
274.3547691067739	0.0
274.36476964512434	0.0
274.3747701834748	0.0
274.3847707218253	203.0
274.3947712601758	199.0
274.40477179852627	196.0
274.4147723368767	194.0
274.4247728752272	194.0
274.43477341357766	194.0
274.44477395192814	194.0
274.45477449027857	194.0
274.46477502862905	196.0
274.47477556697953	196.0
274.48477610533	199.0
274.4947766436805	201.0
274.5047771820309	203.0
274.5147777203814	206.0
274.5247782587319	210.0
274.53477879708237	213.0
274.5447793354328	218.0
274.5547798737833	223.0
274.56478041213376	231.0
274.57478095048424	236.0
274.58478148883466	242.0
274.59478202718515	245.0
274.60478256553563	250.0
274.6147831038861	259.0
274.6247836422366	262.0
274.634784180587	265.0
274.6447847189375	265.0
274.654785257288	268.0
274.66478579563847	268.0
274.6747863339889	272.0
274.6847868723394	275.0
274.69478741068986	278.0
274.70478794904034	278.0
274.7147884873908	281.0
274.72478902574125	281.0
274.7347895640917	281.0
274.7447901024422	281.0
274.7547906407927	284.0
274.7647911791431	284.0
274.7747917174936	284.0
274.7847922558441	281.0
274.79479279419456	281.0
274.804793332545	278.0
274.81479387089547	275.0
274.82479440924595	272.0
274.83479494759644	272.0
274.8447954859469	268.0
274.85479602429734	265.0
274.8647965626478	253.0
274.8747971009983	242.0
274.8847976393488	234.0
274.8947981776992	231.0
274.9047987160497	228.0
274.9147992544002	228.0
274.92479979275066	231.0
274.9348003311011	236.0
274.94480086945157	248.0
274.95480140780205	256.0
274.96480194615253	265.0
274.974802484503	272.0
274.98480302285344	278.0
274.9948035612039	278.0
275.0048040995544	278.0
275.0148046379049	275.0
275.0248051762553	272.0
275.0348057146058	203.0
275.0448062529563	192.0
275.05480679130676	179.0
275.06480732965724	175.0
275.07480786800767	179.0
275.08480840635815	194.0
275.09480894470863	199.0
275.1048094830591	203.0
275.11481002140954	206.0
275.12481055976	206.0
275.1348110981105	206.0
275.144811636461	208.0
275.1548121748114	208.0
275.1648127131619	208.0
275.1748132515124	208.0
275.18481378986286	208.0
275.19481432821334	208.0
275.20481486656377	208.0
275.21481540491425	208.0
275.22481594326473	208.0
275.2348164816152	208.0
275.24481701996564	208.0
275.2548175583161	210.0
275.2648180966666	210.0
275.2748186350171	210.0
275.28481917336757	213.0
275.294819711718	213.0
275.3048202500685	210.0
275.31482078841896	208.0
275.32482132676944	206.0
275.33482186511986	201.0
275.34482240347035	190.0
275.3548229418208	185.0
275.3648234801713	183.0
275.37482401852174	183.0
275.3848245568722	187.0
275.3948250952227	194.0
275.4048256335732	201.0
275.41482617192366	208.0
275.4248267102741	210.0
275.4348272486246	210.0
275.44482778697505	210.0
275.45482832532554	213.0
275.46482886367596	213.0
275.47482940202644	213.0
275.4848299403769	210.0
275.4948304787274	210.0
275.5048310170779	210.0
275.5148315554283	208.0
275.5248320937788	206.0
275.5348326321293	203.0
275.54483317047976	196.0
275.5548337088302	190.0
275.56483424718067	181.0
275.57483478553115	177.0
275.58483532388163	175.0
275.59483586223206	173.0
275.60483640058254	173.0
275.614836938933	173.0
275.6248374772835	173.0
275.634838015634	173.0
275.6448385539844	175.0
275.6548390923349	173.0
275.6648396306854	173.0
275.67484016903586	171.0
275.6848407073863	169.0
275.69484124573677	167.0
275.70484178408725	167.0
275.71484232243773	169.0
275.7248428607882	171.0
275.73484339913864	177.0
275.7448439374891	181.0
275.7548444758396	183.0
275.7648450141901	185.0
275.7748455525405	187.0
275.784846090891	187.0
275.7948466292415	187.0
275.80484716759196	187.0
275.8148477059424	187.0
275.82484824429287	185.0
275.83484878264335	183.0
275.84484932099383	179.0
275.8548498593443	177.0
275.86485039769474	171.0
275.8748509360452	167.0
275.8848514743957	163.0
275.8948520127462	161.0
275.9048525510966	161.0
275.9148530894471	159.0
275.9248536277976	161.0
275.93485416614806	161.0
275.94485470449854	161.0
275.95485524284896	161.0
275.96485578119945	156.0
275.97485631954993	150.0
275.9848568579004	147.0
275.99485739625084	145.0
276.0048579346013	0.0
276.0148584729518	0.0
276.0248590113023	0.0
276.0348595496527	0.0
276.0448600880032	0.0
276.0548606263537	203.0
276.06486116470415	201.0
276.07486170305464	194.0
276.08486224140506	181.0
276.09486277975554	171.0
276.104863318106	159.0
276.1148638564565	154.0
276.12486439480693	152.0
276.1348649331574	152.0
276.1448654715079	154.0
276.1548660098584	159.0
276.16486654820886	165.0
276.1748670865593	171.0
276.18486762490977	179.0
276.19486816326025	185.0
276.20486870161074	194.0
276.21486923996116	203.0
276.22486977831164	208.0
276.2348703166621	213.0
276.2448708550126	215.0
276.25487139336303	215.0
276.2648719317135	213.0
276.274872470064	208.0
276.2848730084145	203.0
276.29487354676496	196.0
276.3048740851154	190.0
276.31487462346587	183.0
276.32487516181635	179.0
276.33487570016683	177.0
276.34487623851726	175.0
276.35487677686774	173.0
276.3648773152182	173.0
276.3748778535687	175.0
276.3848783919192	175.0
276.3948789302696	175.0
276.4048794686201	175.0
276.4148800069706	175.0
276.42488054532106	175.0
276.4348810836715	175.0
276.44488162202197	175.0
276.45488216037245	175.0
276.46488269872293	175.0
276.47488323707336	177.0
276.48488377542384	177.0
276.4948843137743	177.0
276.5048848521248	177.0
276.5148853904753	177.0
276.5248859288257	177.0
276.5348864671762	177.0
276.5448870055267	177.0
276.55488754387716	177.0
276.5648880822276	177.0
276.57488862057807	177.0
276.58488915892855	175.0
276.59488969727903	173.0
276.60489023562945	171.0
276.61489077397994	165.0
276.6248913123304	163.0
276.6348918506809	0.0
276.6448923890314	0.0
276.6548929273818	0.0
276.6648934657323	0.0
276.6748940040828	0.0
276.68489454243326	0.0
276.6948950807837	0.0
276.70489561913416	0.0
276.71489615748465	0.0
276.7248966958351	0.0
276.7348972341856	0.0
276.74489777253604	0.0
276.7548983108865	0.0
276.764898849237	0.0
276.7748993875875	0.0
276.7848999259379	194.0
276.7949004642884	192.0
276.80490100263887	187.0
276.81490154098935	183.0
276.8249020793398	181.0
276.83490261769026	177.0
276.84490315604074	177.0
276.8549036943912	175.0
276.8649042327417	175.0
276.87490477109213	175.0
276.8849053094426	175.0
276.8949058477931	177.0
276.9049063861436	179.0
276.914906924494	183.0
276.9249074628445	185.0
276.93490800119497	190.0
276.94490853954545	190.0
276.95490907789593	192.0
276.96490961624636	190.0
276.97491015459684	187.0
276.9849106929473	185.0
276.9949112312978	181.0
277.00491176964823	177.0
277.0149123079987	175.0
277.0249128463492	175.0
277.0349133846997	175.0
277.0449139230501	177.0
277.0549144614006	177.0
277.06491499975107	179.0
277.07491553810155	179.0
277.08491607645203	179.0
277.09491661480246	179.0
277.10491715315294	179.0
277.1149176915034	179.0
277.1249182298539	177.0
277.13491876820433	177.0
277.1449193065548	175.0
277.1549198449053	175.0
277.1649203832558	173.0
277.17492092160626	173.0
277.1849214599567	175.0
277.19492199830717	175.0
277.20492253665765	175.0
277.21492307500813	177.0
277.22492361335856	177.0
277.23492415170904	179.0
277.2449246900595	181.0
277.25492522841	183.0
277.2649257667604	185.0
277.2749263051109	185.0
277.2849268434614	185.0
277.2949273818119	185.0
277.30492792016236	181.0
277.3149284585128	177.0
277.32492899686326	173.0
277.33492953521375	169.0
277.3449300735642	163.0
277.35493061191465	161.0
277.36493115026514	159.0
277.3749316886156	159.0
277.3849322269661	159.0
277.3949327653166	159.0
277.404933303667	159.0
277.4149338420175	159.0
277.424934380368	159.0
277.43493491871845	158.0
277.4449354570689	156.0
277.45493599541936	154.0
277.46493653376984	152.0
277.4749370721203	150.0
277.48493761047075	149.0
277.49493814882123	149.0
277.5049386871717	152.0
277.5149392255222	158.0
277.5249397638727	163.0
277.5349403022231	169.0
277.5449408405736	177.0
277.55494137892407	181.0
277.56494191727455	181.0
277.574942455625	179.0
277.58494299397546	173.0
277.59494353232594	165.0
277.6049440706764	159.0
277.6149446090269	156.0
277.62494514737733	152.0
277.6349456857278	154.0
277.6449462240783	156.0
277.6549467624288	163.0
277.6649473007792	167.0
277.6749478391297	173.0
277.68494837748017	177.0
277.69494891583065	177.0
277.7049494541811	177.0
277.71494999253156	175.0
277.72495053088204	169.0
277.7349510692325	163.0
277.744951607583	158.0
277.75495214593343	150.0
277.7649526842839	147.0
277.7749532226344	145.0
277.7849537609849	147.0
277.7949542993353	150.0
277.8049548376858	156.0
277.81495537603627	161.0
277.82495591438675	169.0
277.83495645273723	175.0
277.84495699108766	181.0
277.85495752943814	185.0
277.8649580677886	187.0
277.8749586061391	187.0
277.8849591444895	187.0
277.89495968284	185.0
277.9049602211905	179.0
277.914960759541	175.0
277.9249612978914	169.0
277.9349618362419	165.0
277.94496237459236	167.0
277.95496291294285	169.0
277.96496345129333	175.0
277.97496398964375	183.0
277.98496452799424	192.0
277.9949650663447	199.0
278.0049656046952	206.0
278.0149661430456	210.0
278.0249666813961	213.0
278.0349672197466	210.0
278.0449677580971	206.0
278.05496829644756	199.0
278.064968834798	190.0
278.07496937314846	177.0
278.08496991149894	169.0
278.0949704498494	165.0
278.10497098819985	167.0
278.11497152655033	169.0
278.1249720649008	173.0
278.1349726032513	177.0
278.1449731416017	179.0
278.1549736799522	183.0
278.1649742183027	183.0
278.17497475665317	183.0
278.18497529500365	183.0
278.1949758333541	181.0
278.20497637170456	177.0
278.21497691005504	173.0
278.2249774484055	167.0
278.23497798675595	159.0
278.24497852510643	0.0
278.2549790634569	0.0
278.2649796018074	0.0
278.2749801401578	0.0
278.2849806785083	0.0
278.2949812168588	0.0
278.30498175520927	0.0
278.31498229355975	0.0
278.3249828319102	0.0
278.33498337026066	0.0
278.34498390861114	0.0
278.3549844469616	213.0
278.36498498531205	215.0
278.37498552366253	215.0
278.384986062013	213.0
278.3949866003635	213.0
278.404987138714	213.0
278.4149876770644	210.0
278.4249882154149	210.0
278.43498875376537	210.0
278.44498929211585	210.0
278.4549898304663	210.0
278.46499036881676	210.0
278.47499090716724	210.0
278.4849914455177	210.0
278.49499198386815	210.0
278.50499252221863	210.0
278.5149930605691	210.0
278.5249935989196	210.0
278.5349941372701	210.0
278.5449946756205	210.0
278.554995213971	210.0
278.56499575232147	210.0
278.57499629067195	210.0
278.5849968290224	210.0
278.59499736737286	210.0
278.60499790572334	213.0
278.6149984440738	213.0
278.6249989824243	213.0
278.6349995207747	213.0
278.6450000591252	213.0
278.6550005974757	213.0
278.6650011358262	213.0
278.6750016741766	213.0
278.6850022125271	213.0
278.69500275087756	213.0
278.70500328922805	213.0
278.71500382757847	213.0
278.72500436592895	213.0
278.73500490427944	210.0
278.7450054426299	210.0
278.7550059809804	210.0
278.7650065193308	210.0
278.7750070576813	210.0
278.7850075960318	210.0
278.7950081343823	210.0
278.8050086727327	210.0
278.8150092110832	210.0
278.82500974943366	210.0
278.83501028778414	210.0
278.8450108261346	210.0
278.85501136448505	210.0
278.86501190283553	210.0
278.875012441186	210.0
278.8850129795365	210.0
278.8950135178869	213.0
278.9050140562374	213.0
278.9150145945879	213.0
278.92501513293837	213.0
278.9350156712888	213.0
278.9450162096393	213.0
278.95501674798976	213.0
278.96501728634024	213.0
278.9750178246907	213.0
278.98501836304115	213.0
278.99501890139163	213.0
279.0050194397421	213.0
279.0150199780926	213.0
279.025020516443	213.0
279.0350210547935	213.0
279.045021593144	213.0
279.05502213149447	213.0
279.06502266984495	213.0
279.0750232081954	213.0
279.08502374654586	213.0
279.09502428489634	210.0
279.1050248232468	208.0
279.11502536159725	203.0
279.12502589994773	199.0
279.1350264382982	192.0
279.1450269766487	181.0
279.1550275149991	169.0
279.1650280533496	158.0
279.1750285917001	152.0
279.18502913005057	150.0
279.19502966840105	156.0
279.2050302067515	163.0
279.21503074510196	173.0
279.22503128345244	181.0
279.2350318218029	190.0
279.24503236015335	196.0
279.2550328985038	203.0
279.2650334368543	208.0
279.2750339752048	213.0
279.2850345135553	213.0
279.2950350519057	208.0
279.3050355902562	201.0
279.31503612860666	192.0
279.32503666695715	185.0
279.3350372053076	177.0
279.34503774365805	173.0
279.35503828200854	171.0
279.365038820359	173.0
279.37503935870944	177.0
279.3850398970599	183.0
279.3950404354104	196.0
279.4050409737609	208.0
279.4150415121114	226.0
279.4250420504618	250.0
279.4350425888123	272.0
279.44504312716276	281.0
279.45504366551324	291.0
279.46504420386367	301.0
279.47504474221415	305.0
279.48504528056463	301.0
279.4950458189151	288.0
279.5050463572656	272.0
279.515046895616	259.0
279.5250474339665	245.0
279.535047972317	236.0
279.54504851066747	228.0
279.5550490490179	226.0
279.5650495873684	226.0
279.57505012571886	228.0
279.58505066406934	236.0
279.59505120241977	245.0
279.60505174077025	253.0
279.61505227912073	265.0
279.6250528174712	275.0
279.6350533558217	281.0
279.6450538941721	281.0
279.6550544325226	281.0
279.6650549708731	275.0
279.67505550922357	265.0
279.685056047574	245.0
279.6950565859245	231.0
279.70505712427496	220.0
279.71505766262544	213.0
279.7250582009759	210.0
279.73505873932635	208.0
279.74505927767683	208.0
279.7550598160273	210.0
279.7650603543778	210.0
279.7750608927282	210.0
279.7850614310787	213.0
279.7950619694292	213.0
279.80506250777967	213.0
279.8150630461301	210.0
279.8250635844806	210.0
279.83506412283106	210.0
279.84506466118154	210.0
279.855065199532	210.0
279.86506573788245	210.0
279.87506627623293	210.0
279.8850668145834	210.0
279.8950673529339	213.0
279.9050678912843	213.0
279.9150684296348	213.0
279.9250689679853	213.0
279.93506950633576	210.0
279.9450700446862	208.0
279.9550705830367	206.0
279.96507112138715	203.0
279.97507165973764	196.0
279.9850721980881	187.0
279.99507273643854	171.0
280.005073274789	159.0
280.0150738131395	156.0
280.02507435149	154.0
280.0350748898404	154.0
280.0450754281909	158.0
280.0550759665414	167.0
280.06507650489186	175.0
280.07507704324235	181.0
280.08507758159277	190.0
280.09507811994325	194.0
280.10507865829373	199.0
280.1150791966442	201.0
280.12507973499464	203.0
280.1350802733451	203.0
280.1450808116956	199.0
280.1550813500461	187.0
280.1650818883965	179.0
280.175082426747	169.0
280.1850829650975	165.0
280.19508350344796	165.0
280.20508404179844	171.0
280.21508458014887	179.0
280.22508511849935	206.0
280.23508565684983	215.0
280.2450861952003	231.0
280.25508673355074	248.0
280.2650872719012	265.0
280.2750878102517	278.0
280.2850883486022	305.0
280.29508888695267	316.0
280.3050894253031	319.0
280.3150899636536	319.0
280.32509050200406	323.0
280.33509104035454	245.0
280.34509157870497	245.0
280.35509211705545	236.0
280.36509265540593	228.0
280.3750931937564	226.0
280.38509373210684	226.0
280.3950942704573	228.0
280.4050948088078	236.0
280.4150953471583	245.0
280.42509588550877	253.0
280.4350964238592	262.0
280.4450969622097	268.0
280.45509750056016	272.0
280.46509803891064	268.0
280.47509857726106	262.0
280.48509911561155	250.0
280.49509965396203	234.0
280.5051001923125	220.0
280.515100730663	213.0
280.5251012690134	210.0
280.5351018073639	208.0
280.5451023457144	208.0
280.55510288406487	210.0
280.5651034224153	210.0
280.5751039607658	213.0
280.58510449911626	215.0
280.59510503746674	215.0
280.60510557581716	215.0
280.61510611416765	210.0
280.6251066525181	203.0
280.6351071908686	194.0
280.6451077292191	0.0
280.6551082675695	0.0
280.66510880592	0.0
280.6751093442705	0.0
280.68510988262096	0.0
280.6951104209714	194.0
280.70511095932187	190.0
280.71511149767235	161.0
280.72511203602284	159.0
280.7351125743733	161.0
280.74511311272374	165.0
280.7551136510742	173.0
280.7651141894247	179.0
280.7751147277752	183.0
280.7851152661256	187.0
280.7951158044761	194.0
280.8051163428266	196.0
280.81511688117706	199.0
280.8251174195275	199.0
280.83511795787797	199.0
280.84511849622845	192.0
280.85511903457893	185.0
280.8651195729294	177.0
280.87512011127984	167.0
280.8851206496303	163.0
280.8951211879808	163.0
280.9051217263313	167.0
280.9151222646817	175.0
280.9251228030322	181.0
280.9351233413827	190.0
280.94512387973316	199.0
280.95512441808364	210.0
280.96512495643407	218.0
280.97512549478455	226.0
280.98512603313503	228.0
280.9951265714855	226.0
281.00512710983594	218.0
281.0151276481864	206.0
281.0251281865369	185.0
281.0351287248874	171.0
281.0451292632378	165.0
281.0551298015883	163.0
281.0651303399388	163.0
281.07513087828926	167.0
281.08513141663974	173.0
281.09513195499017	179.0
281.10513249334065	185.0
281.11513303169113	190.0
281.1251335700416	194.0
281.13513410839204	196.0
281.1451346467425	196.0
281.155135185093	194.0
281.1651357234435	187.0
281.17513626179397	181.0
281.1851368001444	171.0
281.1951373384949	161.0
281.20513787684536	156.0
281.21513841519584	152.0
281.22513895354626	152.0
281.23513949189675	154.0
281.2451400302472	156.0
281.2551405685977	158.0
281.26514110694814	161.0
281.2751416452986	165.0
281.2851421836491	169.0
281.2951427219996	171.0
281.30514326035006	171.0
281.3151437987005	171.0
281.325144337051	165.0
281.33514487540145	161.0
281.34514541375194	154.0
281.35514595210236	147.0
281.36514649045284	142.0
281.3751470288033	139.0
281.3851475671538	139.0
281.3951481055043	139.0
281.4051486438547	139.0
281.4151491822052	140.0
281.4251497205557	142.0
281.43515025890616	144.0
281.4451507972566	144.0
281.45515133560707	144.0
281.46515187395755	142.0
281.47515241230803	140.0
281.48515295065846	140.0
281.49515348900894	139.0
281.5051540273594	139.0
281.5151545657099	137.0
281.5251551040604	139.0
281.5351556424108	140.0
281.5451561807613	145.0
281.5551567191118	150.0
281.56515725746226	156.0
281.5751577958127	161.0
281.58515833416317	163.0
281.59515887251365	165.0
281.60515941086413	163.0
281.61515994921456	163.0
281.62516048756504	159.0
281.6351610259155	158.0
281.645161564266	152.0
281.6551621026165	147.0
281.6651626409669	142.0
281.6751631793174	140.0
281.6851637176679	145.0
281.69516425601836	158.0
281.7051647943688	165.0
281.71516533271927	171.0
281.72516587106975	177.0
281.73516640942023	179.0
281.7451669477707	179.0
281.75516748612114	177.0
281.7651680244716	175.0
281.7751685628221	171.0
281.7851691011726	169.0
281.795169639523	165.0
281.8051701778735	165.0
281.815170716224	0.0
281.82517125457446	0.0
281.8351717929249	0.0
281.84517233127536	0.0
281.85517286962585	0.0
281.86517340797633	0.0
281.8751739463268	0.0
281.88517448467724	0.0
281.8951750230277	0.0
281.9051755613782	0.0
281.9151760997287	0.0
281.9251766380791	0.0
281.9351771764296	0.0
281.9451777147801	0.0
281.95517825313055	0.0
281.96517879148104	0.0
281.97517932983146	0.0
281.98517986818194	0.0
281.9951804065324	0.0
282.0051809448829	0.0
282.01518148323333	0.0
282.0251820215838	0.0
282.0351825599343	0.0
282.0451830982848	0.0
282.0551836366352	0.0
282.0651841749857	181.0
282.07518471333617	179.0
282.08518525168665	177.0
282.09518579003714	175.0
282.10518632838756	175.0
282.11518686673804	175.0
282.1251874050885	175.0
282.135187943439	175.0
282.14518848178943	177.0
282.1551890201399	181.0
282.1651895584904	183.0
282.1751900968409	185.0
282.18519063519136	185.0
282.1951911735418	183.0
282.20519171189227	181.0
282.21519225024275	177.0
282.22519278859323	173.0
282.23519332694366	169.0
282.24519386529414	163.0
282.2551944036446	156.0
282.2651949419951	150.0
282.27519548034553	147.0
282.285196018696	147.0
282.2951965570465	150.0
282.305197095397	156.0
282.31519763374746	165.0
282.3251981720979	173.0
282.33519871044837	179.0
282.34519924879885	187.0
282.35519978714933	194.0
282.36520032549976	199.0
282.37520086385024	194.0
282.3852014022007	185.0
282.3952019405512	177.0
282.4052024789017	169.0
282.4152030172521	163.0
282.4252035556026	158.0
282.4352040939531	152.0
282.44520463230356	149.0
282.455205170654	149.0
282.46520570900447	156.0
282.47520624735495	163.0
282.48520678570543	171.0
282.49520732405585	187.0
282.50520786240634	196.0
282.5152084007568	206.0
282.5252089391073	208.0
282.5352094774578	208.0
282.5452100158082	196.0
282.5552105541587	187.0
282.5652110925092	173.0
282.57521163085966	163.0
282.5852121692101	158.0
282.59521270756056	154.0
282.60521324591105	152.0
282.6152137842615	152.0
282.625214322612	156.0
282.63521486096244	159.0
282.6452153993129	165.0
282.6552159376634	171.0
282.6652164760139	177.0
282.6752170143643	181.0
282.6852175527148	183.0
282.69521809106527	185.0
282.70521862941575	183.0
282.7152191677662	181.0
282.72521970611666	165.0
282.73522024446714	156.0
282.7452207828176	147.0
282.7552213211681	144.0
282.76522185951853	142.0
282.775222397869	142.0
282.7852229362195	140.0
282.79522347457	140.0
282.8052240129204	140.0
282.8152245512709	140.0
282.82522508962137	140.0
282.83522562797185	140.0
282.84522616632233	142.0
282.85522670467276	142.0
282.86522724302324	142.0
282.8752277813737	144.0
282.8852283197242	144.0
282.89522885807463	142.0
282.9052293964251	142.0
282.9152299347756	142.0
282.9252304731261	142.0
282.9352310114765	140.0
282.945231549827	140.0
282.95523208817747	140.0
282.96523262652795	139.0
282.97523316487843	139.0
282.98523370322886	139.0
282.99523424157934	142.0
283.0052347799298	145.0
283.0152353182803	154.0
283.02523585663073	163.0
283.0352363949812	173.0
283.0452369333317	181.0
283.0552374716822	187.0
283.06523801003266	190.0
283.0752385483831	187.0
283.08523908673357	185.0
283.09523962508405	181.0
283.10524016343453	179.0
283.11524070178496	179.0
283.12524124013544	175.0
283.1352417784859	163.0
283.1452423168364	158.0
283.1552428551868	152.0
283.1652433935373	150.0
283.1752439318878	149.0
283.1852444702383	152.0
283.19524500858876	158.0
283.2052455469392	161.0
283.21524608528966	167.0
283.22524662364015	171.0
283.2352471619906	173.0
283.24524770034105	175.0
283.25524823869154	175.0
283.265248777042	175.0
283.2752493153925	175.0
283.285249853743	173.0
283.2952503920934	173.0
283.3052509304439	173.0
283.3152514687944	173.0
283.32525200714485	171.0
283.3352525454953	171.0
283.34525308384576	173.0
283.35525362219624	175.0
283.3652541605467	177.0
283.37525469889715	179.0
283.38525523724763	181.0
283.3952557755981	183.0
283.4052563139486	183.0
283.4152568522991	181.0
283.4252573906495	179.0
283.435257929	177.0
283.44525846735047	175.0
283.45525900570095	173.0
283.4652595440514	169.0
283.47526008240186	167.0
283.48526062075234	167.0
283.4952611591028	167.0
283.50526169745325	171.0
283.51526223580373	173.0
283.5252627741542	177.0
283.5352633125047	183.0
283.5452638508552	187.0
283.5552643892056	190.0
283.5652649275561	0.0
283.57526546590657	0.0
283.58526600425705	0.0
283.5952665426075	0.0
283.60526708095796	0.0
283.61526761930844	0.0
283.6252681576589	0.0
283.6352686960094	0.0
283.64526923435983	0.0
283.6552697727103	0.0
283.6652703110608	101.0
283.6752708494113	100.0
283.6852713877617	99.0
283.6952719261122	99.0
283.70527246446267	100.0
283.71527300281315	101.0
283.7252735411636	103.0
283.73527407951406	104.0
283.74527461786454	104.0
283.755275156215	105.0
283.7652756945655	106.0
283.7752762329159	106.0
283.7852767712664	107.0
283.7952773096169	109.0
283.8052778479674	110.0
283.8152783863178	109.0
283.8252789246683	107.0
283.83527946301876	107.0
283.84528000136925	106.0
283.85528053971973	106.0
283.86528107807015	107.0
283.87528161642064	109.0
283.8852821547711	115.0
283.8952826931216	122.0
283.905283231472	129.0
283.9152837698225	136.0
283.925284308173	139.0
283.9352848465235	142.0
283.9452853848739	144.0
283.9552859232244	147.0
283.96528646157486	147.0
283.97528699992534	144.0
283.9852875382758	139.0
283.99528807662625	134.0
284.00528861497673	128.0
284.0152891533272	122.0
284.0252896916777	119.0
284.0352902300281	117.0
284.0452907683786	115.0
284.0552913067291	114.0
284.06529184507957	114.0
284.07529238343005	114.0
284.0852929217805	114.0
284.09529346013096	114.0
284.10529399848144	117.0
284.1152945368319	119.0
284.12529507518235	124.0
284.13529561353283	126.0
284.1452961518833	134.0
284.1552966902338	139.0
284.1652972285842	142.0
284.1752977669347	140.0
284.1852983052852	139.0
284.19529884363567	139.0
284.20529938198615	140.0
284.2152999203366	140.0
284.22530045868706	140.0
284.23530099703754	140.0
284.245301535388	140.0
284.25530207373845	140.0
284.26530261208893	140.0
284.2753031504394	139.0
284.2853036887899	139.0
284.2953042271404	139.0
284.3053047654908	139.0
284.3153053038413	140.0
284.32530584219177	140.0
284.33530638054225	139.0
284.3453069188927	137.0
284.35530745724316	136.0
284.36530799559364	136.0
284.3753085339441	136.0
284.38530907229455	139.0
284.39530961064503	144.0
284.4053101489955	152.0
284.415310687346	159.0
284.4253112256965	169.0
284.4353117640469	173.0
284.4453123023974	175.0
284.45531284074787	175.0
284.46531337909835	177.0
284.4753139174488	179.0
284.48531445579926	183.0
284.49531499414974	183.0
284.5053155325002	183.0
284.5153160708507	177.0
284.5253166092011	169.0
284.5353171475516	165.0
284.5453176859021	161.0
284.5553182242526	158.0
284.565318762603	156.0
284.5753193009535	156.0
284.58531983930396	156.0
284.59532037765445	159.0
284.60532091600487	163.0
284.61532145435535	169.0
284.62532199270584	173.0
284.6353225310563	179.0
284.6453230694068	183.0
284.6553236077572	185.0
284.6653241461077	185.0
284.6753246844582	185.0
284.6853252228087	183.0
284.6953257611591	179.0
284.7053262995096	175.0
284.71532683786006	173.0
284.72532737621054	171.0
284.735327914561	171.0
284.74532845291145	171.0
284.75532899126193	175.0
284.7653295296124	177.0
284.7753300679629	181.0
284.7853306063133	183.0
284.7953311446638	183.0
284.8053316830143	185.0
284.81533222136477	187.0
284.8253327597152	190.0
284.8353332980657	190.0
284.84533383641616	187.0
284.85533437476664	179.0
284.8653349131171	173.0
284.87533545146755	169.0
284.88533598981803	169.0
284.8953365281685	169.0
284.905337066519	171.0
284.9153376048694	173.0
284.9253381432199	177.0
284.9353386815704	185.0
284.94533921992087	190.0
284.95533975827135	192.0
284.9653402966218	192.0
284.97534083497226	190.0
284.98534137332274	185.0
284.9953419116732	183.0
285.00534245002365	179.0
285.01534298837413	175.0
285.0253435267246	169.0
285.0353440650751	163.0
285.0453446034255	163.0
285.055345141776	163.0
285.0653456801265	167.0
285.07534621847697	173.0
285.08534675682745	177.0
285.0953472951779	183.0
285.10534783352836	187.0
285.11534837187884	192.0
285.1253489102293	194.0
285.13534944857975	192.0
285.1453499869302	187.0
285.1553505252807	183.0
285.1653510636312	179.0
285.1753516019816	175.0
285.1853521403321	169.0
285.1953526786826	165.0
285.20535321703306	163.0
285.21535375538355	169.0
285.225354293734	190.0
285.23535483208445	215.0
285.24535537043494	231.0
285.2553559087854	250.0
285.26535644713584	268.0
285.2753569854863	281.0
285.2853575238368	281.0
285.2953580621873	278.0
285.3053586005378	275.0
285.3153591388882	268.0
285.3253596772387	226.0
285.33536021558916	220.0
285.34536075393964	215.0
285.35536129229007	208.0
285.36536183064055	206.0
285.37536236899103	206.0
285.3853629073415	208.0
285.39536344569194	208.0
285.4053639840424	210.0
285.4153645223929	213.0
285.4253650607434	213.0
285.43536559909387	215.0
285.4453661374443	215.0
285.4553666757948	215.0
285.46536721414526	213.0
285.47536775249574	208.0
285.48536829084617	203.0
285.49536882919665	192.0
285.50536936754713	181.0
285.5153699058976	169.0
285.5253704442481	163.0
285.5353709825985	159.0
285.545371520949	159.0
285.5553720592995	161.0
285.56537259764997	163.0
285.5753731360004	167.0
285.5853736743509	173.0
285.59537421270136	179.0
285.60537475105184	185.0
285.61537528940227	192.0
285.62537582775275	196.0
285.63537636610323	199.0
285.6453769044537	196.0
285.6553774428042	187.0
285.6653779811546	177.0
285.6753785195051	169.0
285.6853790578556	159.0
285.69537959620607	150.0
285.7053801345565	147.0
285.715380672907	144.0
285.72538121125746	145.0
285.73538174960794	149.0
285.7453822879584	156.0
285.75538282630885	165.0
285.76538336465933	171.0
285.7753839030098	179.0
285.7853844413603	187.0
285.7953849797107	192.0
285.8053855180612	194.0
285.8153860564117	194.0
285.82538659476216	187.0
285.8353871331126	181.0
285.8453876714631	171.0
285.85538820981355	158.0
285.86538874816404	147.0
285.8753892865145	140.0
285.88538982486494	137.0
285.8953903632154	136.0
285.9053909015659	140.0
285.9153914399164	150.0
285.9253919782668	169.0
285.9353925166173	181.0
285.9453930549678	187.0
285.95539359331826	194.0
285.96539413166875	201.0
285.97539467001917	203.0
285.98539520836965	203.0
285.99539574672013	201.0
286.0053962850706	196.0
286.01539682342104	190.0
286.0253973617715	181.0
286.035397900122	173.0
286.0453984384725	167.0
286.0553989768229	165.0
286.0653995151734	165.0
286.0754000535239	165.0
286.08540059187436	169.0
286.09540113022484	173.0
286.10540166857527	179.0
286.11540220692575	185.0
286.12540274527623	190.0
286.1354032836267	194.0
286.14540382197714	199.0
286.1554043603276	199.0
286.1654048986781	201.0
286.1754054370286	201.0
286.18540597537907	196.0
286.1954065137295	187.0
286.20540705208	171.0
286.21540759043046	165.0
286.22540812878094	163.0
286.23540866713137	163.0
286.24540920548185	167.0
286.25540974383233	175.0
286.2654102821828	185.0
286.27541082053324	196.0
286.2854113588837	203.0
286.2954118972342	206.0
286.3054124355847	210.0
286.31541297393517	213.0
286.3254135122856	215.0
286.3354140506361	220.0
286.34541458898656	231.0
286.35541512733704	239.0
286.36541566568746	236.0
286.37541620403795	165.0
286.38541674238843	165.0
286.3954172807389	165.0
286.4054178190894	173.0
286.4154183574398	199.0
286.4254188957903	220.0
286.4354194341408	245.0
286.44541997249127	259.0
286.4554205108417	281.0
286.4654210491922	291.0
286.47542158754266	291.0
286.48542212589314	291.0
286.49542266424356	291.0
286.50542320259405	298.0
286.5154237409445	305.0
286.525424279295	272.0
286.5354248176455	253.0
286.5454253559959	239.0
286.5554258943464	228.0
286.5654264326969	228.0
286.57542697104736	234.0
286.5854275093978	242.0
286.59542804774827	268.0
286.60542858609875	281.0
286.61542912444924	294.0
286.6254296627997	305.0
286.63543020115014	308.0
286.6454307395006	305.0
286.6554312778511	291.0
286.6654318162016	272.0
286.675432354552	236.0
286.6854328929025	223.0
286.695433431253	215.0
286.70543396960346	215.0
286.7154345079539	215.0
286.72543504630437	215.0
286.73543558465485	215.0
286.74543612300533	215.0
286.7554366613558	215.0
286.76543719970624	218.0
286.7754377380567	218.0
286.7854382764072	215.0
286.7954388147577	215.0
286.8054393531081	213.0
286.8154398914586	210.0
286.8254404298091	206.0
286.83544096815956	194.0
286.84544150651	175.0
286.85544204486047	163.0
286.86544258321095	158.0
286.87544312156143	154.0
286.8854436599119	152.0
286.89544419826234	156.0
286.9054447366128	163.0
286.9154452749633	175.0
286.9254458133138	185.0
286.9354463516642	196.0
286.9454468900147	208.0
286.9554474283652	215.0
286.96544796671566	218.0
286.97544850506614	218.0
286.98544904341657	201.0
286.99544958176705	190.0
287.00545012011753	165.0
287.015450658468	154.0
287.02545119681844	144.0
287.0354517351689	140.0
287.0454522735194	142.0
287.0554528118699	145.0
287.0654533502203	154.0
287.0754538885708	169.0
287.0854544269213	183.0
287.09545496527176	194.0
287.10545550362224	206.0
287.11545604197266	218.0
287.12545658032315	226.0
287.1354571186736	228.0
287.1454576570241	220.0
287.15545819537454	210.0
287.165458733725	206.0
287.1754592720755	201.0
287.185459810426	0.0
287.19546034877646	0.0
287.2054608871269	0.0
287.2154614254774	171.0
287.22546196382785	167.0
287.23546250217834	163.0
287.24546304052876	161.0
287.25546357887924	159.0
287.2654641172297	159.0
287.2754646555802	158.0
287.28546519393063	158.0
287.2954657322811	158.0
287.3054662706316	156.0
287.3154668089821	156.0
287.32546734733256	154.0
287.335467885683	154.0
287.34546842403347	154.0
287.35546896238395	156.0
287.36546950073443	159.0
287.37547003908486	167.0
287.38547057743534	173.0
287.3954711157858	181.0
287.4054716541363	187.0
287.4154721924868	196.0
287.4254727308372	201.0
287.4354732691877	206.0
287.4454738075382	208.0
287.45547434588866	210.0
287.4654748842391	210.0
287.47547542258957	210.0
287.48547596094005	206.0
287.49547649929053	201.0
287.50547703764096	196.0
287.51547757599144	194.0
287.5254781143419	192.0
287.5354786526924	190.0
287.5454791910429	187.0
287.5554797293933	185.0
287.5654802677438	183.0
287.5754808060943	181.0
287.58548134444476	179.0
287.5954818827952	177.0
287.60548242114567	175.0
287.61548295949615	173.0
287.62548349784663	173.0
287.6354840361971	173.0
287.64548457454754	173.0
287.655485112898	173.0
287.6654856512485	173.0
287.675486189599	175.0
287.6854867279494	175.0
287.6954872662999	175.0
287.7054878046504	175.0
287.71548834300086	175.0
287.7254888813513	177.0
287.73548941970176	175.0
287.74548995805225	175.0
287.75549049640273	175.0
287.7654910347532	175.0
287.77549157310364	175.0
287.7854921114541	175.0
287.7954926498046	177.0
287.8054931881551	177.0
287.8154937265055	177.0
287.825494264856	177.0
287.8354948032065	179.0
287.84549534155695	179.0
287.85549587990744	179.0
287.86549641825786	179.0
287.87549695660834	179.0
287.8854974949588	177.0
287.8954980333093	177.0
287.90549857165973	179.0
287.9154991100102	179.0
287.9254996483607	179.0
287.9355001867112	177.0
287.9455007250616	177.0
287.9555012634121	175.0
287.96550180176257	175.0
287.97550234011305	175.0
287.98550287846354	177.0
287.99550341681396	177.0
288.00550395516444	177.0
288.0155044935149	179.0
288.0255050318654	179.0
288.03550557021583	179.0
288.0455061085663	179.0
288.0555066469168	177.0
288.0655071852673	177.0
288.07550772361776	175.0
288.0855082619682	173.0
288.09550880031867	173.0
288.10550933866915	173.0
288.11550987701963	173.0
288.12551041537006	175.0
288.13551095372054	179.0
288.145511492071	183.0
288.1555120304215	187.0
288.16551256877193	190.0
288.1755131071224	190.0
288.1855136454729	187.0
288.1955141838234	185.0
288.20551472217386	183.0
288.2155152605243	179.0
288.22551579887477	175.0
288.23551633722525	171.0
288.24551687557573	165.0
288.25551741392616	163.0
288.26551795227664	0.0
288.2755184906271	0.0
288.2855190289776	0.0
288.2955195673281	0.0
288.3055201056785	0.0
288.315520644029	0.0
288.3255211823795	0.0
288.33552172072996	0.0
288.3455222590804	0.0
288.35552279743087	0.0
288.36552333578135	0.0
288.37552387413183	0.0
288.38552441248225	0.0
288.39552495083274	0.0
288.4055254891832	0.0
288.4155260275337	0.0
288.4255265658842	0.0
288.4355271042346	0.0
288.4455276425851	0.0
288.4555281809356	0.0
288.46552871928606	0.0
288.4755292576365	0.0
288.48552979598696	0.0
288.49553033433745	0.0
288.5055308726879	0.0
288.51553141103835	0.0
288.52553194938884	0.0
288.5355324877393	0.0
288.5455330260898	0.0
288.5555335644403	0.0
288.5655341027907	0.0
288.5755346411412	0.0
288.58553517949167	0.0
288.59553571784215	0.0
288.6055362561926	0.0
288.61553679454306	0.0
288.62553733289354	0.0
288.635537871244	0.0
288.6455384095945	0.0
288.65553894794493	0.0
288.6655394862954	0.0
288.6755400246459	0.0
288.6855405629964	0.0
288.6955411013468	0.0
288.7055416396973	196.0
288.71554217804777	192.0
288.72554271639825	187.0
288.7355432547487	181.0
288.74554379309916	179.0
288.75554433144964	177.0
288.7655448698001	177.0
288.7755454081506	177.0
288.78554594650103	179.0
288.7955464848515	179.0
288.805547023202	179.0
288.8155475615525	179.0
288.8255480999029	179.0
288.8355486382534	179.0
288.84554917660387	179.0
288.85554971495435	179.0
288.86555025330483	179.0
288.87555079165526	179.0
288.88555133000574	177.0
288.8955518683562	177.0
288.9055524067067	177.0
288.91555294505713	177.0
288.9255534834076	177.0
288.9355540217581	177.0
288.9455545601086	177.0
288.955555098459	177.0
288.9655556368095	179.0
288.97555617515997	183.0
288.98555671351045	185.0
288.99555725186093	187.0
289.00555779021136	190.0
289.01555832856184	190.0
289.0255588669123	187.0
289.0355594052628	183.0
289.0455599436132	181.0
289.0555604819637	177.0
289.0655610203142	175.0
289.0755615586647	173.0
289.08556209701516	173.0
289.0955626353656	173.0
289.10556317371606	175.0
289.11556371206655	175.0
289.125564250417	177.0
289.13556478876745	177.0
289.14556532711794	177.0
289.1555658654684	177.0
289.1655664038189	175.0
289.1755669421693	175.0
289.1855674805198	175.0
289.1955680188703	173.0
289.2055685572208	173.0
289.21556909557125	173.0
289.2255696339217	173.0
289.23557017227216	173.0
289.24557071062264	177.0
289.2555712489731	181.0
289.26557178732355	185.0
289.27557232567403	187.0
289.2855728640245	187.0
289.295573402375	185.0
289.3055739407255	183.0
289.3155744790759	181.0
289.3255750174264	179.0
289.33557555577687	177.0
289.34557609412735	175.0
289.3555766324778	173.0
289.36557717082826	173.0
289.37557770917874	173.0
289.3855782475292	173.0
289.39557878587965	175.0
289.40557932423013	175.0
289.4155798625806	177.0
289.4255804009311	177.0
289.4355809392816	177.0
289.445581477632	177.0
289.4555820159825	177.0
289.46558255433297	177.0
289.47558309268345	177.0
289.4855836310339	177.0
289.49558416938436	177.0
289.50558470773484	177.0
289.5155852460853	177.0
289.5255857844358	177.0
289.53558632278623	177.0
289.5455868611367	177.0
289.5555873994872	177.0
289.5655879378377	175.0
289.5755884761881	175.0
289.5855890145386	175.0
289.59558955288907	175.0
289.60559009123955	175.0
289.61559062959	177.0
289.62559116794046	179.0
289.63559170629094	181.0
289.6455922446414	183.0
289.6555927829919	185.0
289.6655933213423	187.0
289.6755938596928	190.0
289.6855943980433	190.0
289.6955949363938	190.0
289.7055954747442	187.0
289.7155960130947	185.0
289.72559655144516	181.0
289.73559708979565	177.0
289.74559762814613	175.0
289.75559816649655	171.0
289.76559870484704	167.0
289.7755992431975	165.0
289.785599781548	163.0
289.7956003198984	161.0
289.8056008582489	159.0
289.8156013965994	159.0
289.8256019349499	159.0
289.8356024733003	159.0
289.8456030116508	158.0
289.85560355000126	158.0
289.86560408835174	156.0
289.8756046267022	154.0
289.88560516505265	152.0
289.89560570340313	152.0
289.9056062417536	156.0
289.9156067801041	159.0
289.9256073184545	165.0
289.935607856805	169.0
289.9456083951555	173.0
289.95560893350597	179.0
289.96560947185645	187.0
289.9756100102069	192.0
289.98561054855736	194.0
289.99561108690784	192.0
290.0056116252583	187.0
290.01561216360875	183.0
290.02561270195923	175.0
290.0356132403097	167.0
290.0456137786602	161.0
290.0556143170106	158.0
290.0656148553611	156.0
290.0756153937116	156.0
290.08561593206207	159.0
290.09561647041255	165.0
290.105617008763	169.0
290.11561754711346	175.0
290.12561808546394	181.0
290.1356186238144	185.0
290.14561916216485	187.0
290.15561970051533	187.0
290.1656202388658	187.0
290.1756207772163	185.0
290.1856213155667	183.0
290.1956218539172	179.0
290.2056223922677	173.0
290.21562293061817	169.0
290.22562346896865	165.0
290.2356240073191	161.0
290.24562454566956	158.0
290.25562508402004	158.0
290.2656256223705	159.0
290.27562616072095	161.0
290.28562669907143	165.0
290.2956272374219	171.0
290.3056277757724	177.0
290.3156283141229	183.0
290.3256288524733	185.0
290.3356293908238	187.0
290.34562992917427	190.0
290.35563046752475	187.0
290.3656310058752	185.0
290.37563154422566	183.0
290.38563208257614	179.0
290.3956326209266	175.0
290.40563315927704	171.0
290.4156336976275	169.0
290.425634235978	169.0
290.4356347743285	171.0
290.445635312679	173.0
290.4556358510294	177.0
290.4656363893799	181.0
290.47563692773036	183.0
290.48563746608085	187.0
290.49563800443127	187.0
290.50563854278175	190.0
290.51563908113224	190.0
290.5256396194827	187.0
290.5356401578332	185.0
290.5456406961836	183.0
290.5556412345341	181.0
290.5656417728846	179.0
290.5756423112351	179.0
290.5856428495855	177.0
290.595643387936	177.0
290.60564392628646	175.0
290.61564446463694	175.0
290.62564500298737	177.0
290.63564554133785	177.0
290.64564607968833	179.0
290.6556466180388	181.0
290.6656471563893	183.0
290.6756476947397	185.0
290.6856482330902	185.0
290.6956487714407	185.0
290.70564930979117	185.0
290.7156498481416	185.0
290.7256503864921	183.0
290.73565092484256	181.0
290.74565146319304	177.0
290.7556520015435	173.0
290.76565253989395	167.0
290.77565307824443	163.0
290.7856536165949	163.0
290.7956541549454	165.0
290.8056546932958	171.0
290.8156552316463	177.0
290.8256557699968	183.0
290.83565630834727	190.0
290.8456568466977	196.0
290.8556573850482	201.0
290.86565792339866	206.0
290.87565846174914	208.0
290.8856590000996	210.0
290.89565953845005	210.0
290.90566007680053	210.0
290.915660615151	210.0
290.9256611535015	208.0
290.9356616918519	208.0
290.9456622302024	208.0
290.9556627685529	208.0
290.96566330690337	210.0
290.97566384525385	210.0
290.9856643836043	213.0
290.99566492195476	213.0
291.00566546030524	213.0
291.0156659986557	213.0
291.02566653700615	213.0
291.0356670753566	213.0
291.0456676137071	213.0
291.0556681520576	210.0
291.065668690408	210.0
291.0756692287585	210.0
291.085669767109	210.0
291.09567030545946	210.0
291.10567084380995	210.0
291.1156713821604	213.0
291.12567192051085	213.0
291.13567245886134	213.0
291.1456729972118	210.0
291.15567353556224	210.0
291.1656740739127	210.0
291.1756746122632	208.0
291.1856751506137	208.0
291.1956756889642	208.0
291.2056762273146	206.0
291.2156767656651	203.0
291.22567730401556	201.0
291.23567784236604	194.0
291.24567838071647	190.0
291.25567891906695	187.0
291.26567945741743	0.0
291.2756799957679	0.0
291.28568053411834	0.0
291.2956810724688	0.0
291.3056816108193	0.0
291.3156821491698	0.0
291.32568268752027	0.0
291.3356832258707	0.0
291.3456837642212	0.0
291.35568430257166	0.0
291.36568484092214	0.0
291.37568537927257	0.0
291.38568591762305	0.0
291.39568645597353	0.0
291.405686994324	0.0
291.4156875326745	0.0
291.4256880710249	208.0
291.4356886093754	210.0
291.4456891477259	213.0
291.45568968607637	215.0
291.4656902244268	215.0
291.4756907627773	215.0
291.48569130112776	215.0
291.49569183947824	213.0
291.50569237782867	213.0
291.51569291617915	210.0
291.52569345452963	210.0
291.5356939928801	210.0
291.5456945312306	210.0
291.555695069581	210.0
291.5656956079315	213.0
291.575696146282	213.0
291.58569668463247	213.0
291.5956972229829	213.0
291.6056977613334	213.0
291.61569829968386	213.0
291.62569883803434	213.0
291.6356993763848	213.0
291.64569991473525	213.0
291.65570045308573	213.0
291.6657009914362	213.0
291.6757015297867	213.0
291.6857020681371	213.0
291.6957026064876	213.0
291.7057031448381	213.0
291.71570368318856	213.0
291.725704221539	213.0
291.7357047598895	213.0
291.74570529823995	213.0
291.75570583659044	213.0
291.7657063749409	210.0
291.77570691329134	208.0
291.7857074516418	206.0
291.7957079899923	201.0
291.8057085283428	194.0
291.8157090666932	187.0
291.8257096050437	183.0
291.8357101433942	179.0
291.84571068174466	177.0
291.85571122009515	175.0
291.86571175844557	175.0
291.87571229679605	175.0
291.88571283514653	173.0
291.895713373497	173.0
291.90571391184744	173.0
291.9157144501979	175.0
291.9257149885484	177.0
291.9357155268989	179.0
291.9457160652493	181.0
291.9557166035998	183.0
291.9657171419503	187.0
291.97571768030076	190.0
291.98571821865124	192.0
291.99571875700167	196.0
292.00571929535215	203.0
292.01571983370263	208.0
292.0257203720531	210.0
292.03572091040354	210.0
292.045721448754	210.0
292.0557219871045	210.0
292.065722525455	210.0
292.0757230638054	208.0
292.0857236021559	208.0
292.0957241405064	208.0
292.10572467885686	210.0
292.11572521720734	210.0
292.12572575555777	210.0
292.13572629390825	210.0
292.14572683225873	210.0
292.1557273706092	210.0
292.16572790895964	210.0
292.1757284473101	210.0
292.1857289856606	210.0
292.1957295240111	210.0
292.20573006236157	210.0
292.215730600712	210.0
292.2257311390625	210.0
292.23573167741296	213.0
292.24573221576344	213.0
292.25573275411386	213.0
292.26573329246435	213.0
292.27573383081483	213.0
292.2857343691653	213.0
292.29573490751574	213.0
292.3057354458662	213.0
292.3157359842167	213.0
292.3257365225672	213.0
292.33573706091767	210.0
292.3457375992681	208.0
292.3557381376186	203.0
292.36573867596906	196.0
292.37573921431954	192.0
292.38573975266996	0.0
292.39574029102045	0.0
292.4057408293709	0.0
292.4157413677214	0.0
292.4257419060719	0.0
292.4357424444223	0.0
292.4457429827728	0.0
292.4557435211233	0.0
292.46574405947376	0.0
292.4757445978242	0.0
292.48574513617467	0.0
292.49574567452515	0.0
292.50574621287564	0.0
292.51574675122606	0.0
292.52574728957654	0.0
292.535747827927	0.0
292.5457483662775	0.0
292.555748904628	0.0
292.5657494429784	0.0
292.5757499813289	0.0
292.5857505196794	0.0
292.59575105802986	0.0
292.6057515963803	0.0
292.61575213473077	0.0
292.62575267308125	0.0
292.63575321143173	0.0
292.6457537497822	0.0
292.65575428813264	0.0
292.6657548264831	0.0
292.6757553648336	0.0
292.6857559031841	0.0
292.6957564415345	0.0
292.705756979885	0.0
292.7157575182355	0.0
292.72575805658596	0.0
292.7357585949364	0.0
292.74575913328687	0.0
292.75575967163735	0.0
292.76576020998783	0.0
292.7757607483383	0.0
292.78576128668874	0.0
292.7957618250392	0.0
292.8057623633897	0.0
292.8157629017402	0.0
292.8257634400906	149.0
292.8357639784411	149.0
292.8457645167916	149.0
292.85576505514206	147.0
292.86576559349254	145.0
292.87576613184297	144.0
292.88576667019345	142.0
292.89576720854393	140.0
292.9057677468944	139.0
292.91576828524484	139.0
292.9257688235953	137.0
292.9357693619458	137.0
292.9457699002963	137.0
292.9557704386467	139.0
292.9657709769972	142.0
292.9757715153477	145.0
292.98577205369816	150.0
292.99577259204864	159.0
293.00577313039906	169.0
293.01577366874955	179.0
293.0257742071	190.0
293.0357747454505	196.0
293.04577528380094	201.0
293.0557758221514	206.0
293.0657763605019	210.0
293.0757768988524	213.0
293.08577743720286	213.0
293.0957779755533	210.0
293.1057785139038	208.0
293.11577905225425	203.0
293.12577959060474	199.0
293.13578012895516	192.0
293.14578066730564	190.0
293.1557812056561	185.0
293.1657817440066	183.0
293.17578228235703	181.0
293.1857828207075	179.0
293.195783359058	177.0
293.2057838974085	175.0
293.21578443575896	173.0
293.2257849741094	173.0
293.23578551245987	173.0
293.24578605081035	173.0
293.25578658916083	173.0
293.26578712751126	175.0
293.27578766586174	179.0
293.2857882042122	183.0
293.2957887425627	187.0
293.3057892809132	194.0
293.3157898192636	199.0
293.3257903576141	203.0
293.3357908959646	208.0
293.34579143431506	213.0
293.3557919726655	215.0
293.36579251101597	215.0
293.37579304936645	215.0
293.38579358771693	215.0
293.39579412606736	213.0
293.40579466441784	210.0
293.4157952027683	208.0
293.4257957411188	203.0
293.4357962794693	199.0
293.4457968178197	192.0
293.4557973561702	185.0
293.4657978945207	181.0
293.47579843287116	177.0
293.4857989712216	173.0
293.49579950957207	171.0
293.50580004792255	169.0
293.51580058627303	171.0
293.5258011246235	171.0
293.53580166297394	173.0
293.5458022013244	175.0
293.5558027396749	179.0
293.5658032780254	183.0
293.5758038163758	187.0
293.5858043547263	192.0
293.5958048930768	196.0
293.60580543142726	199.0
293.6158059697777	203.0
293.62580650812816	206.0
293.63580704647865	208.0
293.64580758482913	210.0
293.6558081231796	210.0
293.66580866153004	210.0
293.6758091998805	210.0
293.685809738231	208.0
293.6958102765815	208.0
293.7058108149319	206.0
293.7158113532824	206.0
293.7258118916329	206.0
293.73581242998335	203.0
293.7458129683338	201.0
293.75581350668426	199.0
293.76581404503474	194.0
293.7758145833852	190.0
293.7858151217357	181.0
293.79581566008613	175.0
293.8058161984366	171.0
293.8158167367871	167.0
293.8258172751376	167.0
293.835817813488	167.0
293.8458183518385	171.0
293.85581889018897	175.0
293.86581942853945	183.0
293.87581996688994	194.0
293.88582050524036	206.0
293.89582104359084	220.0
293.9058215819413	236.0
293.9158221202918	250.0
293.92582265864223	262.0
293.9358231969927	272.0
293.9458237353432	278.0
293.9558242736937	281.0
293.9658248120441	284.0
293.9758253503946	288.0
293.98582588874507	284.0
293.99582642709555	281.0
294.00582696544603	272.0
294.01582750379646	265.0
294.02582804214694	259.0
294.0358285804974	253.0
294.0458291188479	245.0
294.05582965719833	242.0
294.0658301955488	239.0
294.0758307338993	236.0
294.0858312722498	234.0
294.09583181060026	234.0
294.1058323489507	231.0
294.11583288730117	231.0
294.12583342565165	231.0
294.13583396400213	231.0
294.14583450235256	231.0
294.15583504070304	234.0
294.1658355790535	234.0
294.175836117404	236.0
294.18583665575443	239.0
294.1958371941049	239.0
294.2058377324554	242.0
294.2158382708059	242.0
294.22583880915636	245.0
294.2358393475068	250.0
294.24583988585727	253.0
294.25584042420775	256.0
294.26584096255823	259.0
294.27584150090865	259.0
294.28584203925914	259.0
294.2958425776096	256.0
294.3058431159601	253.0
294.3158436543106	253.0
294.325844192661	250.0
294.3358447310115	248.0
294.345845269362	245.0
294.35584580771246	242.0
294.3658463460629	239.0
294.37584688441336	236.0
294.38584742276385	234.0
294.3958479611143	231.0
294.40584849946475	228.0
294.41584903781524	223.0
294.4258495761657	220.0
294.4358501145162	220.0
294.4458506528667	218.0
294.4558511912171	215.0
294.4658517295676	215.0
294.47585226791807	213.0
294.48585280626855	213.0
294.495853344619	213.0
294.50585388296946	213.0
294.51585442131994	213.0
294.5258549596704	213.0
294.5358554980209	213.0
294.54585603637133	213.0
294.5558565747218	215.0
294.5658571130723	215.0
294.5758576514228	215.0
294.5858581897732	215.0
294.5958587281237	213.0
294.60585926647417	213.0
294.61585980482465	213.0
294.6258603431751	210.0
294.63586088152556	210.0
294.64586141987604	213.0
294.6558619582265	213.0
294.665862496577	213.0
294.67586303492743	213.0
294.6858635732779	213.0
294.6958641116284	213.0
294.7058646499789	213.0
294.7158651883293	213.0
294.7258657266798	213.0
294.73586626503027	213.0
294.74586680338075	213.0
294.75586734173123	213.0
294.76586788008166	213.0
294.77586841843214	210.0
294.7858689567826	210.0
294.7958694951331	210.0
294.80587003348353	210.0
294.815870571834	210.0
294.8258711101845	210.0
294.835871648535	208.0
294.8458721868854	203.0
294.8558727252359	196.0
294.86587326358637	196.0
294.87587380193685	199.0
294.88587434028733	206.0
294.89587487863776	213.0
294.90587541698824	213.0
294.9158759553387	213.0
294.9258764936892	210.0
294.9358770320396	208.0
294.9458775703901	208.0
294.9558781087406	206.0
294.9658786470911	206.0
294.97587918544156	206.0
294.985879723792	206.0
294.99588026214246	206.0
295.00588080049295	206.0
295.0158813388434	208.0
295.02588187719385	208.0
295.03588241554434	208.0
295.0458829538948	208.0
295.0558834922453	210.0
295.0658840305957	210.0
295.0758845689462	213.0
295.0858851072967	213.0
295.0958856456472	213.0
295.10588618399765	213.0
295.1158867223481	210.0
295.12588726069856	206.0
295.13588779904904	201.0
295.1458883373995	192.0
295.15588887574995	179.0
295.16588941410043	165.0
295.1758899524509	158.0
295.1858904908014	154.0
295.1958910291519	154.0
295.2058915675023	156.0
295.2158921058528	165.0
295.22589264420327	173.0
295.23589318255375	179.0
295.2458937209042	185.0
295.25589425925466	192.0
295.26589479760514	199.0
295.2758953359556	203.0
295.28589587430605	206.0
295.29589641265653	208.0
295.305896951007	210.0
295.3158974893575	210.0
295.325898027708	210.0
295.3358985660584	208.0
295.3458991044089	208.0
295.35589964275937	206.0
295.36590018110985	206.0
295.3759007194603	206.0
295.38590125781076	206.0
295.39590179616124	203.0
295.4059023345117	201.0
295.41590287286215	196.0
295.42590341121263	190.0
295.4359039495631	185.0
295.4459044879136	179.0
295.4559050262641	173.0
295.4659055646145	169.0
295.475906102965	167.0
295.48590664131547	167.0
295.49590717966595	167.0
295.5059077180164	167.0
295.51590825636686	171.0
295.52590879471734	175.0
295.5359093330678	181.0
295.5459098714183	187.0
295.5559104097687	196.0
295.5659109481192	206.0
295.5759114864697	228.0
295.5859120248202	248.0
295.5959125631706	259.0
295.6059131015211	268.0
295.61591363987156	275.0
295.62591417822205	278.0
295.6359147165725	281.0
295.64591525492295	281.0
295.65591579327344	281.0
295.6659163316239	278.0
295.6759168699744	275.0
295.6859174083248	272.0
295.6959179466753	268.0
295.7059184850258	265.0
295.7159190233763	259.0
295.7259195617267	256.0
295.7359201000772	250.0
295.74592063842766	245.0
295.75592117677814	242.0
295.7659217151286	239.0
295.77592225347905	236.0
295.78592279182953	236.0
295.79592333018	234.0
295.8059238685305	234.0
295.8159244068809	234.0
295.8259249452314	234.0
295.8359254835819	234.0
295.84592602193237	234.0
295.8559265602828	234.0
295.8659270986333	234.0
295.87592763698376	236.0
295.88592817533424	236.0
295.8959287136847	236.0
295.90592925203515	239.0
295.91592979038563	242.0
295.9259303287361	245.0
295.9359308670866	248.0
295.945931405437	256.0
295.9559319437875	262.0
295.965932482138	262.0
295.97593302048847	265.0
295.98593355883895	262.0
295.9959340971894	259.0
296.00593463553986	248.0
296.01593517389034	236.0
296.0259357122408	226.0
296.03593625059125	215.0
296.04593678894173	210.0
296.0559373272922	208.0
296.0659378656427	208.0
296.0759384039931	208.0
296.0859389423436	208.0
296.0959394806941	208.0
296.10594001904457	208.0
296.11594055739505	208.0
296.1259410957455	208.0
296.13594163409596	208.0
296.14594217244644	208.0
296.1559427107969	208.0
296.16594324914735	210.0
296.17594378749783	210.0
296.1859443258483	210.0
296.1959448641988	210.0
296.2059454025493	213.0
296.2159459408997	213.0
296.2259464792502	213.0
296.23594701760067	213.0
296.24594755595115	213.0
296.2559480943016	213.0
296.26594863265206	213.0
296.27594917100254	213.0
296.285949709353	213.0
296.29595024770344	213.0
296.3059507860539	210.0
296.3159513244044	210.0
296.3259518627549	210.0
296.3359524011054	210.0
296.3459529394558	210.0
296.3559534778063	210.0
296.36595401615676	210.0
296.37595455450725	213.0
296.38595509285767	213.0
296.39595563120815	213.0
296.40595616955864	213.0
296.4159567079091	213.0
296.4259572462596	213.0
296.43595778461	210.0
296.4459583229605	210.0
296.455958861311	208.0
296.4659593996615	203.0
296.4759599380119	196.0
296.4859604763624	190.0
296.49596101471286	183.0
296.50596155306334	179.0
296.51596209141377	175.0
296.52596262976425	173.0
296.53596316811473	171.0
296.5459637064652	167.0
296.5559642448157	161.0
296.5659647831661	159.0
296.5759653215166	161.0
296.5859658598671	165.0
296.59596639821757	0.0
296.605966936568	0.0
296.6159674749185	0.0
296.62596801326896	215.0
296.63596855161944	215.0
296.6459690899699	215.0
296.65596962832035	215.0
296.66597016667083	215.0
296.6759707050213	215.0
296.6859712433718	215.0
296.6959717817222	215.0
296.7059723200727	213.0
296.7159728584232	213.0
296.72597339677367	210.0
296.7359739351241	210.0
296.7459744734746	210.0
296.75597501182506	210.0
296.76597555017554	208.0
296.775976088526	208.0
296.78597662687645	206.0
296.79597716522693	201.0
296.8059777035774	196.0
296.8159782419279	192.0
296.8259787802783	185.0
296.8359793186288	181.0
296.8459798569793	175.0
296.85598039532977	173.0
296.86598093368025	171.0
296.8759814720307	171.0
296.88598201038116	171.0
296.89598254873164	171.0
296.9059830870821	173.0
296.91598362543255	175.0
296.925984163783	179.0
296.9359847021335	181.0
296.945985240484	185.0
296.9559857788344	190.0
296.9659863171849	194.0
296.9759868555354	201.0
296.98598739388586	206.0
296.99598793223635	208.0
297.0059884705868	213.0
297.01598900893725	213.0
297.02598954728774	215.0
297.0359900856382	213.0
297.04599062398864	210.0
297.0559911623391	208.0
297.0659917006896	206.0
297.0759922390401	201.0
297.0859927773905	194.0
297.095993315741	192.0
297.1059938540915	187.0
297.11599439244196	185.0
297.12599493079244	183.0
297.13599546914287	181.0
297.14599600749335	179.0
297.15599654584383	177.0
297.1659970841943	175.0
297.17599762254474	175.0
297.1859981608952	175.0
297.1959986992457	175.0
297.2059992375962	175.0
297.21599977594667	175.0
297.2260003142971	175.0
297.2360008526476	175.0
297.24600139099806	175.0
297.25600192934854	177.0
297.26600246769897	177.0
297.27600300604945	179.0
297.28600354439993	181.0
297.2960040827504	183.0
297.30600462110084	183.0
297.3160051594513	185.0
297.3260056978018	187.0
297.3360062361523	187.0
297.34600677450277	187.0
297.3560073128532	187.0
297.3660078512037	185.0
297.37600838955416	185.0
297.38600892790464	181.0
297.39600946625507	179.0
297.40601000460555	175.0
297.41601054295603	169.0
297.4260110813065	165.0
297.436011619657	161.0
297.4460121580074	159.0
297.4560126963579	158.0
297.4660132347084	158.0
297.47601377305887	158.0
297.4860143114093	158.0
297.4960148497598	158.0
297.50601538811026	158.0
297.51601592646074	158.0
297.52601646481116	158.0
297.53601700316165	159.0
297.54601754151213	159.0
297.5560180798626	159.0
297.5660186182131	159.0
297.5760191565635	159.0
297.586019694914	159.0
297.5960202332645	159.0
297.60602077161496	161.0
297.6160213099654	161.0
297.6260218483159	163.0
297.63602238666635	167.0
297.64602292501684	167.0
297.6560234633673	169.0
297.66602400171774	169.0
297.6760245400682	167.0
297.6860250784187	163.0
297.6960256167692	159.0
297.7060261551196	156.0
297.7160266934701	150.0
297.7260272318206	145.0
297.73602777017106	142.0
297.7460283085215	140.0
297.75602884687197	139.0
297.76602938522245	139.0
297.77602992357293	139.0
297.7860304619234	139.0
297.79603100027384	140.0
297.8060315386243	140.0
297.8160320769748	140.0
297.8260326153253	140.0
297.8360331536757	140.0
297.8460336920262	140.0
297.8560342303767	140.0
297.86603476872716	140.0
297.87603530707764	139.0
297.88603584542807	139.0
297.89603638377855	139.0
297.90603692212903	139.0
297.9160374604795	140.0
297.92603799882994	142.0
297.9360385371804	142.0
297.9460390755309	144.0
297.9560396138814	145.0
297.9660401522318	145.0
297.9760406905823	145.0
297.9860412289328	147.0
297.99604176728326	149.0
298.00604230563374	152.0
298.01604284398417	156.0
298.02604338233465	159.0
298.03604392068513	163.0
298.0460444590356	165.0
298.05604499738604	167.0
298.0660455357365	165.0
298.076046074087	163.0
298.0860466124375	158.0
298.09604715078797	156.0
298.1060476891384	154.0
298.1160482274889	154.0
298.12604876583936	156.0
298.13604930418984	159.0
298.14604984254026	163.0
298.15605038089075	167.0
298.16605091924123	169.0
298.1760514575917	169.0
298.18605199594214	169.0
298.1960525342926	167.0
298.2060530726431	165.0
298.2160536109936	139.0
298.22605414934407	0.0
298.2360546876945	0.0
298.246055226045	0.0
298.25605576439546	0.0
298.26605630274594	0.0
298.27605684109636	0.0
298.28605737944685	0.0
298.2960579177973	0.0
298.3060584561478	0.0
298.3160589944983	0.0
298.3260595328487	0.0
298.3360600711992	0.0
298.3460606095497	0.0
298.35606114790016	0.0
298.3660616862506	0.0
298.37606222460107	0.0
298.38606276295155	0.0
298.39606330130204	0.0
298.40606383965246	0.0
298.41606437800294	0.0
298.4260649163534	0.0
298.4360654547039	0.0
298.4460659930544	0.0
298.4560665314048	0.0
298.4660670697553	0.0
298.4760676081058	0.0
298.48606814645626	0.0
298.4960686848067	0.0
298.50606922315717	0.0
298.51606976150765	0.0
298.52607029985813	0.0
298.5360708382086	0.0
298.54607137655904	0.0
298.5560719149095	0.0
298.56607245326	0.0
298.5760729916105	0.0
298.5860735299609	0.0
298.5960740683114	0.0
298.6060746066619	215.0
298.61607514501236	210.0
298.6260756833628	210.0
298.63607622171327	208.0
298.64607676006375	208.0
298.65607729841423	208.0
298.6660778367647	208.0
298.67607837511514	208.0
298.6860789134656	208.0
298.6960794518161	208.0
298.7060799901666	210.0
298.716080528517	210.0
298.7260810668675	213.0
298.736081605218	215.0
298.74608214356846	215.0
298.7560826819189	218.0
298.76608322026937	218.0
298.77608375861985	215.0
298.78608429697033	215.0
298.7960848353208	213.0
298.80608537367124	213.0
298.8160859120217	210.0
298.8260864503722	210.0
298.8360869887227	208.0
298.8460875270731	208.0
298.8560880654236	208.0
298.8660886037741	208.0
298.87608914212456	210.0
298.88608968047504	210.0
298.89609021882546	210.0
298.90609075717595	210.0
298.9160912955264	210.0
298.9260918338769	210.0
298.93609237222734	210.0
298.9460929105778	210.0
298.9560934489283	210.0
298.9660939872788	210.0
298.9760945256292	210.0
298.9860950639797	210.0
298.9960956023302	210.0
299.00609614068065	210.0
299.01609667903114	210.0
299.02609721738156	210.0
299.03609775573204	213.0
299.0460982940825	213.0
299.056098832433	213.0
299.06609937078343	213.0
299.0760999091339	213.0
299.0861004474844	213.0
299.0961009858349	210.0
299.10610152418536	210.0
299.1161020625358	210.0
299.12610260088627	210.0
299.13610313923675	210.0
299.14610367758723	210.0
299.15610421593766	208.0
299.16610475428814	203.0
299.1761052926386	194.0
299.1861058309891	187.0
299.19610636933953	183.0
299.20610690769	183.0
299.2161074460405	183.0
299.226107984391	187.0
299.23610852274146	194.0
299.2461090610919	234.0
299.25610959944237	242.0
299.26611013779285	242.0
299.27611067614333	242.0
299.28611121449376	239.0
299.29611175284424	239.0
299.3061122911947	236.0
299.3161128295452	236.0
299.3261133678957	234.0
299.3361139062461	234.0
299.3461144445966	234.0
299.3561149829471	234.0
299.36611552129756	234.0
299.376116059648	234.0
299.38611659799847	234.0
299.39611713634895	234.0
299.40611767469943	234.0
299.41611821304986	236.0
299.42611875140034	236.0
299.4361192897508	236.0
299.4461198281013	236.0
299.4561203664518	236.0
299.4661209048022	236.0
299.4761214431527	236.0
299.4861219815032	236.0
299.49612251985366	236.0
299.5061230582041	236.0
299.51612359655456	234.0
299.52612413490505	231.0
299.53612467325553	206.0
299.546125211606	213.0
299.55612574995644	236.0
299.5661262883069	253.0
299.5761268266574	250.0
299.5861273650079	0.0
299.5961279033583	234.0
299.6061284417088	226.0
299.6161289800593	223.0
299.62612951840975	215.0
299.6361300567602	210.0
299.64613059511066	206.0
299.65613113346114	203.0
299.6661316718116	201.0
299.6761322101621	201.0
299.68613274851253	203.0
299.696133286863	206.0
299.7061338252135	210.0
299.716134363564	215.0
299.7261349019144	220.0
299.7361354402649	226.0
299.74613597861537	231.0
299.75613651696585	234.0
299.76613705531634	236.0
299.77613759366676	236.0
299.78613813201724	236.0
299.7961386703677	236.0
299.8061392087182	236.0
299.81613974706863	236.0
299.8261402854191	239.0
299.8361408237696	239.0
299.8461413621201	239.0
299.8561419004705	239.0
299.866142438821	239.0
299.87614297717147	234.0
299.88614351552195	218.0
299.89614405387243	208.0
299.90614459222286	199.0
299.91614513057334	192.0
299.9261456689238	187.0
299.9361462072743	185.0
299.94614674562473	175.0
299.9561472839752	215.0
299.9661478223257	0.0
299.9761483606762	0.0
299.98614889902666	0.0
299.9961494373771	0.0
300.00614997572757	210.0
300.01615051407805	213.0
300.02615105242853	213.0
300.03615159077896	213.0
300.04615212912944	213.0
300.0561526674799	213.0
300.0661532058304	213.0
300.07615374418083	213.0
300.0861542825313	213.0
300.0961548208818	213.0
300.1061553592323	213.0
300.11615589758276	213.0
300.1261564359332	213.0
300.13615697428367	213.0
300.14615751263415	213.0
300.15615805098463	213.0
300.16615858933505	213.0
300.17615912768554	213.0
300.186159666036	213.0
300.1961602043865	213.0
300.206160742737	213.0
300.2161612810874	213.0
300.2261618194379	213.0
300.2361623577884	213.0
300.24616289613886	213.0
300.2561634344893	213.0
300.26616397283976	213.0
300.27616451119025	213.0
300.2861650495407	213.0
300.29616558789115	213.0
300.30616612624164	210.0
300.3161666645921	210.0
300.3261672029426	206.0
300.3361677412931	203.0
300.3461682796435	199.0
300.356168817994	0.0
300.36616935634447	0.0
300.37616989469495	0.0
300.3861704330454	0.0
300.39617097139586	0.0
300.40617150974634	0.0
300.4161720480968	0.0
300.42617258644725	0.0
300.43617312479773	0.0
300.4461736631482	0.0
300.4561742014987	0.0
300.4661747398492	0.0
300.4761752781996	0.0
300.4861758165501	0.0
300.49617635490057	0.0
300.50617689325105	0.0
300.5161774316015	0.0
300.52617796995196	0.0
300.53617850830244	0.0
300.5461790466529	0.0
300.5561795850034	0.0
300.56618012335383	0.0
300.5761806617043	0.0
300.5861812000548	0.0
300.5961817384053	0.0
300.6061822767557	0.0
300.6161828151062	0.0
300.62618335345667	0.0
300.63618389180715	206.0
300.6461844301576	201.0
300.65618496850806	194.0
300.66618550685854	190.0
300.676186045209	187.0
300.6861865835595	192.0
300.69618712190993	201.0
300.7061876602604	208.0
300.7161881986109	210.0
300.7261887369614	210.0
300.7361892753118	210.0
300.7461898136623	210.0
300.75619035201277	210.0
300.76619089036325	208.0
300.77619142871373	208.0
300.78619196706416	206.0
300.79619250541464	201.0
300.8061930437651	199.0
300.8161935821156	192.0
300.826194120466	187.0
300.8361946588165	183.0
300.846195197167	179.0
300.8561957355175	175.0
300.8661962738679	175.0
300.8761968122184	175.0
300.88619735056886	177.0
300.89619788891935	179.0
300.9061984272698	179.0
300.91619896562025	181.0
300.92619950397074	181.0
300.9362000423212	181.0
300.9462005806717	179.0
300.9562011190221	173.0
300.9662016573726	169.0
300.9762021957231	167.0
300.9862027340736	169.0
300.99620327242405	171.0
301.0062038107745	177.0
301.01620434912496	181.0
301.02620488747544	187.0
301.0362054258259	192.0
301.04620596417635	194.0
301.05620650252683	194.0
301.0662070408773	192.0
301.0762075792278	187.0
301.0862081175782	185.0
301.0962086559287	181.0
301.1062091942792	177.0
301.11620973262967	171.0
301.12621027098015	167.0
301.1362108093306	163.0
301.14621134768106	161.0
301.15621188603154	159.0
301.166212424382	159.0
301.17621296273245	158.0
301.18621350108293	158.0
301.1962140394334	159.0
301.2062145777839	159.0
301.2162151161344	159.0
301.2262156544848	159.0
301.2362161928353	159.0
301.24621673118577	159.0
301.25621726953625	159.0
301.2662178078867	159.0
301.27621834623716	159.0
301.28621888458764	159.0
301.2962194229381	161.0
301.30621996128855	163.0
301.31622049963903	167.0
301.3262210379895	169.0
301.33622157634	171.0
301.3462221146905	171.0
301.3562226530409	171.0
301.3662231913914	169.0
301.37622372974187	165.0
301.38622426809235	159.0
301.3962248064428	152.0
301.40622534479326	144.0
301.41622588314374	140.0
301.4262264214942	0.0
301.4362269598447	0.0
301.4462274981951	0.0
301.4562280365456	0.0
301.4662285748961	0.0
301.4762291132466	0.0
301.486229651597	0.0
301.4962301899475	0.0
301.50623072829796	0.0
301.51623126664845	0.0
301.5262318049989	0.0
301.53623234334935	147.0
301.54623288169984	142.0
301.5562334200503	140.0
301.5662339584008	139.0
301.5762344967512	139.0
301.5862350351017	140.0
301.5962355734522	140.0
301.6062361118027	140.0
301.6162366501531	140.0
301.6262371885036	140.0
301.63623772685406	140.0
301.64623826520454	142.0
301.656238803555	142.0
301.66623934190545	142.0
301.67623988025593	140.0
301.6862404186064	140.0
301.6962409569569	140.0
301.7062414953073	139.0
301.7162420336578	139.0
301.7262425720083	139.0
301.73624311035877	139.0
301.7462436487092	139.0
301.7562441870597	139.0
301.76624472541016	140.0
301.77624526376064	140.0
301.7862458021111	140.0
301.79624634046155	142.0
301.80624687881203	140.0
301.8162474171625	140.0
301.826247955513	139.0
301.8362484938634	137.0
301.8462490322139	134.0
301.8562495705644	132.0
301.86625010891487	0.0
301.87625064726535	0.0
301.8862511856158	0.0
301.89625172396626	0.0
301.90625226231674	0.0
301.9162528006672	0.0
301.92625333901765	0.0
301.93625387736813	0.0
301.9462544157186	0.0
301.9562549540691	0.0
301.9662554924195	0.0
301.97625603077	0.0
301.9862565691205	0.0
301.99625710747097	0.0
302.00625764582145	0.0
302.0162581841719	0.0
302.02625872252236	0.0
302.03625926087284	0.0
302.0462597992233	0.0
302.05626033757375	0.0
302.06626087592423	0.0
302.0762614142747	0.0
302.0862619526252	0.0
302.0962624909756	0.0
302.1062630293261	0.0
302.1162635676766	0.0
302.12626410602707	0.0
302.13626464437755	0.0
302.146265182728	0.0
302.15626572107846	0.0
302.16626625942894	167.0
302.1762667977794	165.0
302.18626733612984	167.0
302.1962678744803	169.0
302.2062684128308	169.0
302.2162689511813	169.0
302.2262694895318	169.0
302.2362700278822	169.0
302.2462705662327	167.0
302.25627110458316	167.0
302.26627164293365	167.0
302.27627218128407	169.0
302.28627271963455	171.0
302.29627325798504	171.0
302.3062737963355	173.0
302.31627433468594	173.0
302.3262748730364	173.0
302.3362754113869	171.0
302.3462759497374	169.0
302.3562764880879	167.0
302.3662770264383	165.0
302.3762775647888	163.0
302.38627810313926	161.0
302.39627864148974	159.0
302.40627917984017	158.0
302.41627971819065	156.0
302.42628025654113	156.0
302.4362807948916	156.0
302.4462813332421	154.0
302.4562818715925	152.0
302.466282409943	150.0
302.4762829482935	150.0
302.48628348664397	150.0
302.4962840249944	152.0
302.5062845633449	154.0
302.51628510169536	156.0
302.52628564004584	159.0
302.53628617839627	167.0
302.54628671674675	181.0
302.55628725509723	183.0
302.5662877934477	183.0
302.5762883317982	183.0
302.5862888701486	181.0
302.5962894084991	181.0
302.6062899468496	179.0
302.61629048520007	177.0
302.6262910235505	177.0
302.636291561901	175.0
302.64629210025146	175.0
302.65629263860194	177.0
302.6662931769524	177.0
302.67629371530285	177.0
302.68629425365333	177.0
302.6962947920038	177.0
302.7062953303543	177.0
302.7162958687047	177.0
302.7262964070552	177.0
302.7362969454057	177.0
302.74629748375617	177.0
302.7562980221066	177.0
302.7662985604571	177.0
302.77629909880756	177.0
302.78629963715804	177.0
302.7963001755085	177.0
302.80630071385895	179.0
302.8163012522094	179.0
302.8263017905599	179.0
302.8363023289104	179.0
302.8463028672608	179.0
302.8563034056113	177.0
302.8663039439618	173.0
302.87630448231226	171.0
302.88630502066275	171.0
302.8963055590132	171.0
302.90630609736365	175.0
302.91630663571414	177.0
302.9263071740646	177.0
302.93630771241504	177.0
302.9463082507655	177.0
302.956308789116	177.0
302.9663093274665	177.0
302.9763098658169	177.0
302.9863104041674	177.0
302.9963109425179	177.0
303.00631148086836	177.0
303.01631201921884	177.0
303.02631255756927	177.0
303.03631309591975	175.0
303.04631363427023	175.0
303.0563141726207	175.0
303.06631471097114	177.0
303.0763152493216	177.0
303.0863157876721	179.0
303.0963163260226	181.0
303.10631686437307	181.0
303.1163174027235	183.0
303.126317941074	183.0
303.13631847942446	181.0
303.14631901777494	177.0
303.15631955612537	173.0
303.16632009447585	167.0
303.17632063282633	163.0
303.1863211711768	156.0
303.19632170952724	154.0
303.2063222478777	154.0
303.2163227862282	156.0
303.2263233245787	159.0
303.23632386292917	163.0
303.2463244012796	169.0
303.2563249396301	175.0
303.26632547798056	179.0
303.27632601633104	185.0
303.28632655468147	187.0
303.29632709303195	190.0
303.30632763138243	192.0
303.3163281697329	190.0
303.3263287080834	187.0
303.3363292464338	181.0
303.3463297847843	175.0
303.3563303231348	169.0
303.36633086148527	163.0
303.3763313998357	161.0
303.3863319381862	159.0
303.39633247653666	158.0
303.40633301488714	156.0
303.41633355323756	156.0
303.42633409158805	156.0
303.43633462993853	156.0
303.446335168289	156.0
303.4563357066395	156.0
303.4663362449899	158.0
303.4763367833404	159.0
303.4863373216909	163.0
303.49633786004136	167.0
303.5063383983918	171.0
303.5163389367423	175.0
303.52633947509275	175.0
303.53634001344324	177.0
303.5463405517937	173.0
303.55634109014414	169.0
303.5663416284946	161.0
303.5763421668451	150.0
303.5863427051956	142.0
303.596343243546	0.0
303.6063437818965	0.0
303.616344320247	0.0
303.62634485859746	0.0
303.6363453969479	0.0
303.64634593529837	0.0
303.65634647364885	140.0
303.66634701199933	139.0
303.6763475503498	139.0
303.68634808870024	139.0
303.6963486270507	139.0
303.7063491654012	140.0
303.7163497037517	140.0
303.7263502421021	140.0
303.7363507804526	140.0
303.7463513188031	140.0
303.75635185715356	140.0
303.76635239550404	139.0
303.77635293385447	139.0
303.78635347220495	139.0
303.79635401055543	139.0
303.8063545489059	139.0
303.81635508725634	139.0
303.8263556256068	140.0
303.8363561639573	140.0
303.8463567023078	139.0
303.8563572406582	139.0
303.8663577790087	139.0
303.8763583173592	139.0
303.88635885570966	139.0
303.89635939406014	137.0
303.90635993241057	136.0
303.91636047076105	136.0
303.92636100911153	134.0
303.936361547462	131.0
303.94636208581244	128.0
303.9563626241629	125.0
303.9663631625134	122.0
303.9763637008639	119.0
303.9863642392143	117.0
303.9963647775648	114.0
304.0063653159153	111.0
304.01636585426576	110.0
304.02636639261624	110.0
304.03636693096666	109.0
304.04636746931715	109.0
304.05636800766763	110.0
304.0663685460181	111.0
304.07636908436854	113.0
304.086369622719	114.0
304.0963701610695	115.0
304.10637069942	117.0
304.11637123777047	118.0
304.1263717761209	119.0
304.1363723144714	121.0
304.14637285282186	121.0
304.15637339117234	119.0
304.16637392952276	119.0
304.17637446787325	119.0
304.1863750062237	118.0
304.1963755445742	117.0
304.20637608292463	115.0
304.2163766212751	114.0
304.2263771596256	111.0
304.2363776979761	109.0
304.24637823632656	106.0
304.256378774677	103.0
304.26637931302747	99.0
304.27637985137795	0.0
304.28638038972844	0.0
304.29638092807886	0.0
304.30638146642934	0.0
304.3163820047798	0.0
304.3263825431303	0.0
304.3363830814808	0.0
304.3463836198312	0.0
304.3563841581817	149.0
304.3663846965322	145.0
304.37638523488266	142.0
304.3863857732331	140.0
304.39638631158357	139.0
304.40638684993405	139.0
304.41638738828453	137.0
304.42638792663496	137.0
304.43638846498544	137.0
304.4463890033359	137.0
304.4563895416864	139.0
304.4663900800369	139.0
304.4763906183873	139.0
304.4863911567378	139.0
304.4963916950883	137.0
304.50639223343876	137.0
304.5163927717892	137.0
304.52639331013967	139.0
304.53639384849015	139.0
304.54639438684063	139.0
304.5563949251911	140.0
304.56639546354154	140.0
304.576396001892	140.0
304.5863965402425	139.0
304.596397078593	139.0
304.6063976169434	139.0
304.6163981552939	139.0
304.6263986936444	137.0
304.63639923199486	139.0
304.6463997703453	139.0
304.65640030869577	139.0
304.66640084704625	139.0
304.67640138539673	139.0
304.6864019237472	137.0
304.69640246209764	136.0
304.7064030004481	136.0
304.7164035387986	0.0
304.7264040771491	0.0
304.7364046154995	0.0
304.74640515385	0.0
304.7564056922005	0.0
304.76640623055096	0.0
304.77640676890144	0.0
304.78640730725186	0.0
304.79640784560235	0.0
304.8064083839528	0.0
304.8164089223033	0.0
304.82640946065374	0.0
304.8364099990042	0.0
304.8464105373547	0.0
304.8564110757052	0.0
304.8664116140556	0.0
304.8764121524061	0.0
304.8864126907566	0.0
304.89641322910705	0.0
304.90641376745754	0.0
304.91641430580796	0.0
304.92641484415844	0.0
304.9364153825089	0.0
304.9464159208594	0.0
304.95641645920983	0.0
304.9664169975603	0.0
304.9764175359108	0.0
304.9864180742613	0.0
304.99641861261176	0.0
305.0064191509622	0.0
305.01641968931267	0.0
305.02642022766315	0.0
305.03642076601363	165.0
305.04642130436406	163.0
305.05642184271454	165.0
305.066422381065	167.0
305.0764229194155	171.0
305.08642345776593	175.0
305.0964239961164	179.0
305.1064245344669	181.0
305.1164250728174	181.0
305.12642561116786	177.0
305.1364261495183	177.0
305.14642668786877	177.0
305.15642722621925	175.0
305.16642776456973	175.0
305.17642830292016	175.0
305.18642884127064	175.0
305.1964293796211	175.0
305.2064299179716	175.0
305.2164304563221	173.0
305.2264309946725	173.0
305.236431533023	171.0
305.2464320713735	169.0
305.25643260972396	167.0
305.2664331480744	163.0
305.27643368642487	161.0
305.28643422477535	159.0
305.29643476312583	158.0
305.30643530147626	156.0
305.31643583982674	154.0
305.3264363781772	152.0
305.3364369165277	150.0
305.3464374548782	149.0
305.3564379932286	152.0
305.3664385315791	159.0
305.3764390699296	165.0
305.38643960828006	171.0
305.3964401466305	185.0
305.40644068498096	194.0
305.41644122333145	196.0
305.42644176168193	196.0
305.4364423000324	194.0
305.44644283838284	187.0
305.4564433767333	183.0
305.4664439150838	177.0
305.4764444534343	173.0
305.4864449917847	171.0
305.4964455301352	171.0
305.5064460684857	173.0
305.51644660683615	175.0
305.5264471451866	179.0
305.53644768353706	181.0
305.54644822188754	185.0
305.556448760238	187.0
305.5664492985885	190.0
305.57644983693893	190.0
305.5864503752894	187.0
305.5964509136399	183.0
305.6064514519904	179.0
305.6164519903408	175.0
305.6264525286913	171.0
305.63645306704177	167.0
305.64645360539225	163.0
305.6564541437427	159.0
305.66645468209316	0.0
305.67645522044364	0.0
305.6864557587941	0.0
305.6964562971446	0.0
305.70645683549503	0.0
305.7164573738455	0.0
305.726457912196	0.0
305.7364584505465	0.0
305.7464589888969	0.0
305.7564595272474	0.0
305.76646006559787	231.0
305.77646060394835	228.0
305.78646114229883	226.0
305.79646168064926	223.0
305.80646221899974	220.0
305.8164627573502	218.0
305.8264632957007	215.0
305.83646383405113	215.0
305.8464643724016	215.0
305.8564649107521	215.0
305.8664654491026	215.0
305.876465987453	215.0
305.8864665258035	215.0
305.89646706415397	215.0
305.90646760250445	213.0
305.91646814085493	210.0
305.92646867920536	210.0
305.93646921755584	208.0
305.9464697559063	208.0
305.9564702942568	208.0
305.96647083260723	208.0
305.9764713709577	208.0
305.9864719093082	208.0
305.9964724476587	208.0
306.00647298600916	208.0
306.0164735243596	208.0
306.02647406271007	208.0
306.03647460106055	208.0
306.04647513941103	210.0
306.05647567776145	210.0
306.06647621611194	210.0
306.0764767544624	213.0
306.0864772928129	213.0
306.0964778311633	213.0
306.1064783695138	215.0
306.1164789078643	215.0
306.1264794462148	215.0
306.13647998456526	215.0
306.1464805229157	215.0
306.15648106126616	213.0
306.16648159961665	213.0
306.1764821379671	213.0
306.18648267631755	210.0
306.19648321466804	210.0
306.2064837530185	210.0
306.216484291369	208.0
306.2264848297195	206.0
306.2364853680699	199.0
306.2464859064204	190.0
306.25648644477087	185.0
306.26648698312135	183.0
306.2764875214718	181.0
306.28648805982226	179.0
306.29648859817274	175.0
306.3064891365232	175.0
306.31648967487365	173.0
306.32649021322413	171.0
306.3364907515746	171.0
306.3464912899251	171.0
306.3564918282756	171.0
306.366492366626	171.0
306.3764929049765	173.0
306.38649344332697	175.0
306.39649398167745	199.0
306.4064945200279	210.0
306.41649505837836	210.0
306.42649559672884	210.0
306.4364961350793	210.0
306.4464966734298	210.0
306.45649721178023	208.0
306.4664977501307	208.0
306.4764982884812	208.0
306.4864988268317	208.0
306.4964993651821	208.0
306.5064999035326	210.0
306.51650044188307	215.0
306.52650098023355	223.0
306.536501518584	231.0
306.54650205693446	245.0
306.55650259528494	259.0
306.5665031336354	268.0
306.5765036719859	275.0
306.58650421033633	278.0
306.5965047486868	278.0
306.6065052870373	278.0
306.6165058253878	278.0
306.6265063637382	272.0
306.6365069020887	268.0
306.64650744043917	262.0
306.65650797878965	259.0
306.66650851714013	253.0
306.67650905549056	250.0
306.68650959384104	248.0
306.6965101321915	245.0
306.706510670542	242.0
306.7165112088924	239.0
306.7265117472429	236.0
306.7365122855934	236.0
306.7465128239439	234.0
306.7565133622943	231.0
306.7665139006448	231.0
306.77651443899526	234.0
306.78651497734575	239.0
306.7965155156962	245.0
306.80651605404665	253.0
306.81651659239714	265.0
306.8265171307476	272.0
306.8365176690981	278.0
306.8465182074485	281.0
306.856518745799	284.0
306.8665192841495	284.0
306.8765198225	281.0
306.88652036085045	278.0
306.8965208992009	268.0
306.90652143755136	259.0
306.91652197590184	250.0
306.9265225142523	242.0
306.93652305260275	236.0
306.94652359095323	234.0
306.9565241293037	231.0
306.9665246676542	228.0
306.9765252060046	228.0
306.9865257443551	228.0
306.9965262827056	228.0
307.00652682105607	228.0
307.01652735940655	226.0
307.026527897757	223.0
307.03652843610746	215.0
307.04652897445794	206.0
307.0565295128084	199.0
307.06653005115885	192.0
307.07653058950933	190.0
307.0865311278598	0.0
307.0965316662103	223.0
307.1065322045608	223.0
307.1165327429112	226.0
307.1265332812617	0.0
307.13653381961217	0.0
307.14653435796265	291.0
307.1565348963131	284.0
307.16653543466356	281.0
307.17653597301404	281.0
307.1865365113645	278.0
307.19653704971495	278.0
307.20653758806543	278.0
307.2165381264159	278.0
307.2265386647664	278.0
307.2365392031169	278.0
307.2465397414673	278.0
307.2565402798178	278.0
307.26654081816827	278.0
307.27654135651875	278.0
307.2865418948692	278.0
307.29654243321966	278.0
307.30654297157014	278.0
307.3165435099206	278.0
307.32654404827105	278.0
307.3365445866215	281.0
307.346545124972	281.0
307.3565456633225	281.0
307.366546201673	284.0
307.3765467400234	284.0
307.3865472783739	284.0
307.39654781672436	288.0
307.40654835507485	288.0
307.4165488934253	284.0
307.42654943177575	284.0
307.43654997012624	281.0
307.4465505084767	278.0
307.4565510468272	272.0
307.4665515851776	265.0
307.4765521235281	236.0
307.4865526618786	226.0
307.4965532002291	0.0
307.5065537385795	0.0
307.51655427693	0.0
307.52655481528046	0.0
307.53655535363094	0.0
307.54655589198137	0.0
307.55655643033185	0.0
307.56655696868233	0.0
307.5765575070328	0.0
307.5865580453833	272.0
307.5965585837337	312.0
307.6065591220842	291.0
307.6165596604347	281.0
307.62656019878517	272.0
307.6365607371356	265.0
307.6465612754861	256.0
307.65656181383656	250.0
307.66656235218704	242.0
307.6765628905375	239.0
307.68656342888795	234.0
307.69656396723843	231.0
307.7065645055889	226.0
307.7165650439394	220.0
307.7265655822898	218.0
307.7365661206403	215.0
307.7465666589908	215.0
307.75656719734127	215.0
307.7665677356917	218.0
307.7765682740422	223.0
307.78656881239266	231.0
307.79656935074314	239.0
307.8065698890936	248.0
307.81657042744405	253.0
307.82657096579453	262.0
307.836571504145	272.0
307.8465720424955	278.0
307.8565725808459	281.0
307.8665731191964	281.0
307.8765736575469	281.0
307.88657419589737	281.0
307.89657473424785	281.0
307.9065752725983	281.0
307.91657581094876	281.0
307.92657634929924	281.0
307.9365768876497	281.0
307.94657742600015	281.0
307.95657796435063	281.0
307.9665785027011	281.0
307.9765790410516	281.0
307.986579579402	281.0
307.9965801177525	281.0
308.006580656103	281.0
308.01658119445347	278.0
308.02658173280395	275.0
308.0365822711544	272.0
308.04658280950486	239.0
308.05658334785534	236.0
308.0665838862058	236.0
308.07658442455624	239.0
308.0865849629067	245.0
308.0965855012572	268.0
308.1065860396077	278.0
308.1165865779582	284.0
308.1265871163086	288.0
308.1365876546591	288.0
308.14658819300956	284.0
308.15658873136005	281.0
308.16658926971047	281.0
308.17658980806095	278.0
308.18659034641144	278.0
308.1965908847619	275.0
308.20659142311234	268.0
308.2165919614628	265.0
308.2265924998133	259.0
308.2365930381638	253.0
308.2465935765143	248.0
308.2565941148647	245.0
308.2665946532152	242.0
308.27659519156566	239.0
308.28659572991614	239.0
308.29659626826657	239.0
308.30659680661705	236.0
308.31659734496753	236.0
308.326597883318	236.0
308.3365984216685	236.0
308.3465989600189	236.0
308.3565994983694	236.0
308.3666000367199	236.0
308.37660057507037	236.0
308.3866011134208	239.0
308.3966016517713	245.0
308.40660219012176	248.0
308.41660272847224	253.0
308.42660326682267	259.0
308.43660380517315	265.0
308.44660434352363	268.0
308.4566048818741	268.0
308.4666054202246	268.0
308.476605958575	265.0
308.4866064969255	256.0
308.496607035276	226.0
308.50660757362647	218.0
308.5166081119769	210.0
308.5266086503274	199.0
308.53660918867786	190.0
308.54660972702834	177.0
308.5566102653788	0.0
308.56661080372925	0.0
308.57661134207973	213.0
308.5866118804302	215.0
308.5966124187807	215.0
308.6066129571311	218.0
308.6166134954816	215.0
308.6266140338321	215.0
308.63661457218257	215.0
308.646615110533	213.0
308.6566156488835	213.0
308.66661618723396	213.0
308.67661672558444	213.0
308.6866172639349	213.0
308.69661780228535	213.0
308.7066183406358	210.0
308.7166188789863	210.0
308.7266194173368	210.0
308.7366199556872	213.0
308.7466204940377	213.0
308.7566210323882	213.0
308.76662157073866	213.0
308.77662210908915	213.0
308.7866226474396	213.0
308.79662318579005	213.0
308.80662372414054	213.0
308.816624262491	213.0
308.82662480084144	213.0
308.8366253391919	213.0
308.8466258775424	215.0
308.8566264158929	215.0
308.8666269542433	215.0
308.8766274925938	213.0
308.8866280309443	213.0
308.89662856929476	213.0
308.90662910764524	213.0
308.91662964599567	210.0
308.92663018434615	210.0
308.93663072269663	210.0
308.9466312610471	210.0
308.95663179939754	210.0
308.966632337748	210.0
308.9766328760985	213.0
308.986633414449	213.0
308.9966339527994	215.0
309.0066344911499	218.0
309.0166350295004	215.0
309.02663556785086	210.0
309.03663610620134	206.0
309.04663664455177	199.0
309.05663718290225	194.0
309.06663772125273	190.0
309.0766382596032	185.0
309.08663879795364	181.0
309.0966393363041	179.0
309.1066398746546	181.0
309.1166404130051	185.0
309.12664095135557	192.0
309.136641489706	199.0
309.1466420280565	203.0
309.15664256640696	208.0
309.16664310475744	208.0
309.17664364310787	210.0
309.18664418145835	210.0
309.19664471980883	210.0
309.2066452581593	213.0
309.21664579650974	213.0
309.2266463348602	213.0
309.2366468732107	213.0
309.2466474115612	213.0
309.25664794991167	210.0
309.2666484882621	208.0
309.2766490266126	206.0
309.28664956496306	199.0
309.29665010331354	190.0
309.30665064166396	181.0
309.31665118001445	173.0
309.32665171836493	169.0
309.3366522567154	169.0
309.3466527950659	169.0
309.3566533334163	171.0
309.3666538717668	171.0
309.3766544101173	171.0
309.38665494846776	171.0
309.3966554868182	169.0
309.4066560251687	169.0
309.41665656351915	169.0
309.42665710186964	173.0
309.43665764022006	175.0
309.44665817857054	177.0
309.456658716921	179.0
309.4666592552715	181.0
309.476659793622	183.0
309.4866603319724	183.0
309.4966608703229	183.0
309.5066614086734	183.0
309.51666194702386	181.0
309.5266624853743	181.0
309.53666302372477	181.0
309.54666356207525	181.0
309.55666410042573	181.0
309.5666646387762	181.0
309.57666517712664	179.0
309.5866657154771	175.0
309.5966662538276	171.0
309.6066667921781	165.0
309.6166673305285	161.0
309.626667868879	159.0
309.6366684072295	158.0
309.64666894557996	158.0
309.6566694839304	158.0
309.66667002228087	158.0
309.67667056063135	158.0
309.68667109898183	154.0
309.6966716373323	152.0
309.70667217568274	0.0
309.7166727140332	0.0
309.7266732523837	0.0
309.7366737907342	0.0
309.7466743290846	0.0
309.7566748674351	0.0
309.7666754057856	0.0
309.77667594413606	0.0
309.78667648248654	203.0
309.79667702083697	196.0
309.80667755918745	190.0
309.81667809753793	177.0
309.8266786358884	169.0
309.83667917423884	161.0
309.8466797125893	156.0
309.8566802509398	156.0
309.8666807892903	158.0
309.8766813276407	163.0
309.8866818659912	169.0
309.8966824043417	175.0
309.90668294269216	181.0
309.91668348104264	190.0
309.92668401939306	199.0
309.93668455774355	208.0
309.94668509609403	213.0
309.9566856344445	218.0
309.96668617279494	218.0
309.9766867111454	218.0
309.9866872494959	213.0
309.9966877878464	208.0
310.00668832619687	201.0
310.0166888645473	194.0
310.0266894028978	187.0
310.03668994124826	183.0
310.04669047959874	179.0
310.05669101794916	179.0
310.06669155629965	177.0
310.0766920946501	179.0
310.0866926330006	179.0
310.09669317135103	179.0
310.1066937097015	179.0
310.116694248052	179.0
310.1266947864025	179.0
310.13669532475296	177.0
310.1466958631034	177.0
310.15669640145387	175.0
310.16669693980435	173.0
310.17669747815484	173.0
310.18669801650526	173.0
310.19669855485574	175.0
310.2066990932062	177.0
310.2166996315567	179.0
310.2267001699072	179.0
310.2367007082576	181.0
310.2467012466081	181.0
310.2567017849586	181.0
310.26670232330906	181.0
310.2767028616595	181.0
310.28670340000997	181.0
310.29670393836045	181.0
310.30670447671093	179.0
310.31670501506136	177.0
310.32670555341184	173.0
310.3367060917623	167.0
310.3467066301128	163.0
310.3567071684633	163.0
310.3667077068137	163.0
310.3767082451642	167.0
310.3867087835147	171.0
310.39670932186516	175.0
310.4067098602156	179.0
310.41671039856607	0.0
310.42671093691655	0.0
310.43671147526703	0.0
310.4467120136175	0.0
310.45671255196794	0.0
310.4667130903184	0.0
310.4767136286689	0.0
310.4867141670194	0.0
310.4967147053698	192.0
310.5067152437203	190.0
310.5167157820708	187.0
310.52671632042126	183.0
310.5367168587717	179.0
310.54671739712217	177.0
310.55671793547265	175.0
310.56671847382313	173.0
310.5767190121736	171.0
310.58671955052404	171.0
310.5967200888745	173.0
310.606720627225	175.0
310.6167211655755	177.0
310.6267217039259	181.0
310.6367222422764	185.0
310.6467227806269	190.0
310.65672331897736	192.0
310.6667238573278	192.0
310.67672439567826	192.0
310.68672493402875	190.0
310.6967254723792	187.0
310.7067260107297	183.0
310.71672654908014	179.0
310.7267270874306	175.0
310.7367276257811	173.0
310.7467281641316	173.0
310.756728702482	173.0
310.7667292408325	173.0
310.776729779183	175.0
310.78673031753345	175.0
310.79673085588394	175.0
310.80673139423436	175.0
310.81673193258484	175.0
310.8267324709353	175.0
310.8367330092858	175.0
310.84673354763623	177.0
310.8567340859867	177.0
310.8667346243372	177.0
310.8767351626877	177.0
310.8867357010381	179.0
310.8967362393886	179.0
310.90673677773907	179.0
310.91673731608955	179.0
310.92673785444003	177.0
310.93673839279046	177.0
310.94673893114094	177.0
310.9567394694914	175.0
310.9667400078419	175.0
310.97674054619233	175.0
310.9867410845428	177.0
310.9967416228933	179.0
311.0067421612438	183.0
311.01674269959426	185.0
311.0267432379447	187.0
311.03674377629517	187.0
311.04674431464565	187.0
311.05674485299613	185.0
311.06674539134656	181.0
311.07674592969704	175.0
311.0867464680475	169.0
311.096747006398	163.0
311.10674754474843	159.0
311.1167480830989	158.0
311.1267486214494	158.0
311.1367491597999	158.0
311.14674969815036	159.0
311.1567502365008	161.0
311.16675077485127	161.0
311.17675131320175	159.0
311.18675185155223	156.0
311.19675238990266	152.0
311.20675292825314	152.0
311.2167534666036	152.0
311.2267540049541	156.0
311.2367545433046	163.0
311.246755081655	173.0
311.2567556200055	177.0
311.266756158356	177.0
311.27675669670646	175.0
311.2867572350569	171.0
311.29675777340736	169.0
311.30675831175785	165.0
311.31675885010833	159.0
311.32675938845875	156.0
311.33675992680924	154.0
311.3467604651597	156.0
311.3567610035102	161.0
311.3667615418607	169.0
311.3767620802111	173.0
311.3867626185616	177.0
311.3967631569121	179.0
311.40676369526255	181.0
311.416764233613	181.0
311.42676477196346	179.0
311.43676531031394	175.0
311.4467658486644	171.0
311.4567663870149	165.0
311.46676692536533	158.0
311.4767674637158	150.0
311.4867680020663	149.0
311.4967685404168	149.0
311.5067690787672	154.0
311.5167696171177	165.0
311.52677015546817	173.0
311.53677069381865	175.0
311.5467712321691	181.0
311.55677177051956	185.0
311.56677230887004	187.0
311.5767728472205	187.0
311.586773385571	187.0
311.59677392392143	183.0
311.6067744622719	177.0
311.6167750006224	173.0
311.6267755389729	171.0
311.6367760773233	171.0
311.6467766156738	173.0
311.65677715402427	179.0
311.66677769237475	185.0
311.67677823072523	194.0
311.68677876907566	201.0
311.69677930742614	208.0
311.7067798457766	218.0
311.7167803841271	220.0
311.72678092247753	220.0
311.736781460828	215.0
311.7467819991785	203.0
311.756782537529	194.0
311.7667830758794	183.0
311.7767836142299	171.0
311.78678415258037	167.0
311.79678469093085	167.0
311.80678522928133	169.0
311.81678576763176	173.0
311.82678630598224	177.0
311.8367868443327	181.0
311.8467873826832	185.0
311.85678792103363	187.0
311.8667884593841	187.0
311.8767889977346	187.0
311.8867895360851	185.0
311.89679007443556	183.0
311.906790612786	177.0
311.91679115113647	171.0
311.92679168948695	163.0
311.93679222783743	150.0
311.94679276618785	0.0
311.95679330453834	0.0
311.9667938428888	0.0
311.9767943812393	0.0
311.9867949195897	0.0
311.9967954579402	0.0
312.0067959962907	0.0
312.0167965346412	0.0
312.02679707299166	0.0
312.0367976113421	0.0
312.04679814969256	0.0
312.05679868804305	0.0
312.0667992263935	223.0
312.07679976474395	220.0
312.08680030309444	218.0
312.0968008414449	218.0
312.1068013797954	218.0
312.1168019181459	215.0
312.1268024564963	215.0
312.1368029948468	213.0
312.14680353319727	213.0
312.15680407154775	213.0
312.1668046098982	215.0
312.17680514824866	215.0
312.18680568659914	215.0
312.1968062249496	218.0
312.20680676330005	218.0
312.21680730165053	218.0
312.226807840001	215.0
312.2368083783515	215.0
312.246808916702	215.0
312.2568094550524	215.0
312.2668099934029	213.0
312.27681053175337	213.0
312.28681107010385	213.0
312.2968116084543	213.0
312.30681214680476	213.0
312.31681268515524	213.0
312.3268132235057	210.0
312.3368137618562	210.0
312.34681430020663	210.0
312.3568148385571	213.0
312.3668153769076	213.0
312.3768159152581	213.0
312.3868164536085	210.0
312.396816991959	206.0
312.40681753030947	0.0
312.41681806865995	0.0
312.4268186070104	0.0
312.43681914536086	0.0
312.44681968371134	0.0
312.4568202220618	0.0
312.4668207604123	0.0
312.47682129876273	0.0
312.4868218371132	0.0
312.4968223754637	0.0
312.5068229138142	0.0
312.5168234521646	0.0
312.5268239905151	0.0
312.53682452886557	0.0
312.54682506721605	0.0
312.5568256055665	0.0
312.56682614391696	0.0
312.57682668226744	0.0
312.5868272206179	0.0
312.5968277589684	0.0
312.6068282973188	0.0
312.6168288356693	0.0
312.6268293740198	0.0
312.6368299123703	0.0
312.6468304507207	0.0
312.6568309890712	0.0
312.66683152742166	0.0
312.67683206577215	0.0
312.6868326041226	215.0
312.69683314247305	213.0
312.70683368082354	213.0
312.716834219174	210.0
312.7268347575245	210.0
312.7368352958749	210.0
312.7468358342254	210.0
312.7568363725759	210.0
312.7668369109264	213.0
312.7768374492768	213.0
312.7868379876273	213.0
312.79683852597776	213.0
312.80683906432824	213.0
312.8168396026787	213.0
312.82684014102915	213.0
312.83684067937963	215.0
312.8468412177301	215.0
312.8568417560806	215.0
312.866842294431	215.0
312.8768428327815	213.0
312.886843371132	208.0
312.89684390948247	203.0
312.90684444783295	192.0
312.9168449861834	177.0
312.92684552453386	161.0
312.93684606288434	154.0
312.9468466012348	152.0
312.95684713958525	154.0
312.96684767793573	161.0
312.9768482162862	169.0
312.9868487546367	177.0
312.9968492929871	183.0
313.0068498313376	194.0
313.0168503696881	203.0
313.02685090803857	210.0
313.03685144638905	215.0
313.0468519847395	218.0
313.05685252308996	215.0
313.06685306144044	210.0
313.0768535997909	201.0
313.08685413814135	190.0
313.09685467649183	181.0
313.1068552148423	175.0
313.1168557531928	171.0
313.1268562915433	171.0
313.1368568298937	173.0
313.1468573682442	179.0
313.15685790659467	187.0
313.16685844494515	206.0
313.1768589832956	226.0
313.18685952164606	250.0
313.19686005999654	272.0
313.206860598347	284.0
313.21686113669745	298.0
313.2268616750479	308.0
313.2368622133984	312.0
313.2468627517489	308.0
313.2568632900994	294.0
313.2668638284498	281.0
313.2768643668003	265.0
313.28686490515076	253.0
313.29686544350125	245.0
313.3068659818517	236.0
313.31686652020215	231.0
313.32686705855264	228.0
313.3368675969031	231.0
313.3468681352536	239.0
313.356868673604	248.0
313.3668692119545	256.0
313.376869750305	265.0
313.3868702886555	278.0
313.3968708270059	281.0
313.4068713653564	284.0
313.41687190370686	281.0
313.42687244205734	268.0
313.43687298040777	256.0
313.44687351875825	242.0
313.45687405710873	231.0
313.4668745954592	223.0
313.4768751338097	215.0
313.4868756721601	213.0
313.4968762105106	210.0
313.5068767488611	210.0
313.51687728721157	210.0
313.526877825562	210.0
313.5368783639125	213.0
313.54687890226296	213.0
313.55687944061344	213.0
313.5668799789639	213.0
313.57688051731435	213.0
313.58688105566483	213.0
313.5968815940153	210.0
313.6068821323658	210.0
313.6168826707162	210.0
313.6268832090667	210.0
313.6368837474172	210.0
313.64688428576767	210.0
313.6568848241181	213.0
313.6668853624686	210.0
313.67688590081906	208.0
313.68688643916954	208.0
313.69688697752	206.0
313.70688751587045	206.0
313.71688805422093	210.0
313.7268885925714	213.0
313.7368891309219	0.0
313.7468896692723	163.0
313.7568902076228	158.0
313.7668907459733	152.0
313.77689128432377	152.0
313.78689182267425	152.0
313.7968923610247	158.0
313.80689289937516	163.0
313.81689343772564	171.0
313.8268939760761	179.0
313.83689451442655	187.0
313.84689505277703	196.0
313.8568955911275	201.0
313.866896129478	206.0
313.8768966678284	208.0
313.8868972061789	208.0
313.8968977445294	201.0
313.90689828287987	194.0
313.91689882123035	185.0
313.9268993595808	175.0
313.93689989793126	171.0
313.94690043628174	169.0
313.9569009746322	171.0
313.96690151298264	177.0
313.9769020513331	185.0
313.9869025896836	215.0
313.9969031280341	236.0
314.0069036663846	262.0
314.016904204735	272.0
314.0269047430855	288.0
314.03690528143596	298.0
314.04690581978645	301.0
314.05690635813687	298.0
314.06690689648735	291.0
314.07690743483784	275.0
314.0869079731883	265.0
314.09690851153874	253.0
314.1069090498892	234.0
314.1169095882397	226.0
314.1269101265902	220.0
314.1369106649407	220.0
314.1469112032911	223.0
314.1569117416416	228.0
314.16691227999206	236.0
314.17691281834254	245.0
314.18691335669297	253.0
314.19691389504345	262.0
314.20691443339393	262.0
314.2169149717444	262.0
314.22691551009484	256.0
314.2369160484453	248.0
314.2469165867958	236.0
314.2569171251463	223.0
314.26691766349677	218.0
314.2769182018472	215.0
314.2869187401977	213.0
314.29691927854816	210.0
314.30691981689864	210.0
314.31692035524907	210.0
314.32692089359955	213.0
314.33692143195003	213.0
314.3469219703005	215.0
314.356922508651	213.0
314.3669230470014	213.0
314.3769235853519	210.0
314.3869241237024	210.0
314.39692466205287	206.0
314.4069252004033	203.0
314.4169257387538	194.0
314.42692627710426	183.0
314.43692681545474	171.0
314.44692735380517	163.0
314.45692789215565	161.0
314.46692843050613	161.0
314.4769289688566	167.0
314.4869295072071	175.0
314.4969300455575	183.0
314.506930583908	192.0
314.5169311222585	201.0
314.52693166060897	210.0
314.5369321989594	215.0
314.5469327373099	218.0
314.55693327566036	220.0
314.56693381401084	220.0
314.5769343523613	220.0
314.58693489071175	215.0
314.5969354290622	210.0
314.6069359674127	199.0
314.6169365057632	169.0
314.6269370441136	159.0
314.6369375824641	158.0
314.6469381208146	159.0
314.65693865916506	163.0
314.6669391975155	171.0
314.676939735866	179.0
314.68694027421645	190.0
314.69694081256694	201.0
314.7069413509174	215.0
314.71694188926784	223.0
314.7269424276183	226.0
314.7369429659688	226.0
314.7469435043193	223.0
314.7569440426697	213.0
314.7669445810202	203.0
314.7769451193707	185.0
314.78694565772116	171.0
314.79694619607164	165.0
314.80694673442207	163.0
314.81694727277255	163.0
314.82694781112303	167.0
314.8369483494735	171.0
314.84694888782394	177.0
314.8569494261744	183.0
314.8669499645249	190.0
314.8769505028754	194.0
314.8869510412258	194.0
314.8969515795763	194.0
314.9069521179268	192.0
314.91695265627726	185.0
314.92695319462774	177.0
314.93695373297817	169.0
314.94695427132865	158.0
314.95695480967913	152.0
314.9669553480296	150.0
314.97695588638004	150.0
314.9869564247305	152.0
314.996956963081	158.0
315.0069575014315	161.0
315.01695803978197	167.0
315.0269585781324	169.0
315.0369591164829	171.0
315.04695965483336	171.0
315.05696019318384	169.0
315.06696073153427	167.0
315.07696126988475	163.0
315.08696180823523	158.0
315.0969623465857	150.0
315.10696288493614	145.0
315.1169634232866	142.0
315.1269639616371	140.0
315.1369644999876	142.0
315.14696503833807	144.0
315.1569655766885	145.0
315.166966115039	145.0
315.17696665338946	145.0
315.18696719173994	144.0
315.19696773009036	140.0
315.20696826844085	0.0
315.21696880679133	0.0
315.2269693451418	0.0
315.2369698834923	0.0
315.2469704218427	0.0
315.2569709601932	0.0
315.2669714985437	0.0
315.27697203689416	0.0
315.2869725752446	0.0
315.2969731135951	0.0
315.30697365194555	0.0
315.31697419029604	0.0
315.32697472864646	0.0
315.33697526699694	0.0
315.3469758053474	0.0
315.3569763436979	0.0
315.3669768820484	0.0
315.3769774203988	0.0
315.3869779587493	0.0
315.3969784970998	0.0
315.40697903545026	0.0
315.4169795738007	0.0
315.42698011215117	0.0
315.43698065050165	0.0
315.44698118885213	0.0
315.4569817272026	0.0
315.46698226555304	0.0
315.4769828039035	0.0
315.486983342254	234.0
315.4969838806045	228.0
315.5069844189549	223.0
315.5169849573054	220.0
315.5269854956559	215.0
315.53698603400636	213.0
315.5469865723568	210.0
315.55698711070727	208.0
315.56698764905775	208.0
315.57698818740823	210.0
315.5869887257587	210.0
315.59698926410914	213.0
315.6069898024596	213.0
315.6169903408101	213.0
315.6269908791606	213.0
315.636991417511	213.0
315.6469919558615	213.0
315.656992494212	210.0
315.66699303256246	210.0
315.67699357091294	210.0
315.68699410926337	210.0
315.69699464761385	210.0
315.70699518596433	210.0
315.7169957243148	210.0
315.72699626266524	210.0
315.7369968010157	213.0
315.7469973393662	213.0
315.7569978777167	213.0
315.7669984160671	213.0
315.7769989544176	213.0
315.7869994927681	213.0
315.79700003111856	210.0
315.80700056946904	208.0
315.81700110781946	199.0
315.82700164616995	190.0
315.83700218452043	185.0
315.8470027228709	185.0
315.85700326122134	185.0
315.8670037995718	228.0
315.8770043379223	234.0
315.8870048762728	239.0
315.8970054146232	239.0
315.9070059529737	236.0
315.9170064913242	236.0
315.92700702967466	236.0
315.93700756802514	236.0
315.94700810637556	236.0
315.95700864472605	236.0
315.9670091830765	236.0
315.977009721427	234.0
315.98701025977743	234.0
315.9970107981279	234.0
316.0070113364784	234.0
316.0170118748289	226.0
316.02701241317936	215.0
316.0370129515298	213.0
316.04701348988027	213.0
316.05701402823075	208.0
316.06701456658124	208.0
316.07701510493166	208.0
316.08701564328214	208.0
316.0970161816326	215.0
316.1070167199831	231.0
316.11701725833353	242.0
316.127017796684	262.0
316.1370183350345	275.0
316.147018873385	281.0
316.15701941173546	284.0
316.1670199500859	284.0
316.17702048843637	278.0
316.18702102678685	275.0
316.19702156513733	0.0
316.20702210348776	196.0
316.21702264183824	201.0
316.2270231801887	206.0
316.2370237185392	213.0
316.2470242568897	210.0
316.2570247952401	208.0
316.2670253335906	208.0
316.2770258719411	208.0
316.28702641029156	208.0
316.297026948642	208.0
316.30702748699247	208.0
316.31702802534295	208.0
316.32702856369343	208.0
316.33702910204386	208.0
316.34702964039434	208.0
316.3570301787448	210.0
316.3670307170953	210.0
316.3770312554458	210.0
316.3870317937962	210.0
316.3970323321467	210.0
316.4070328704972	213.0
316.41703340884766	213.0
316.4270339471981	213.0
316.43703448554857	213.0
316.44703502389905	213.0
316.45703556224953	215.0
316.4670361006	215.0
316.47703663895044	215.0
316.4870371773009	218.0
316.4970377156514	218.0
316.5070382540019	215.0
316.5170387923523	210.0
316.5270393307028	201.0
316.5370398690533	187.0
316.54704040740376	177.0
316.5570409457542	169.0
316.56704148410466	163.0
316.57704202245515	165.0
316.5870425608056	167.0
316.5970430991561	169.0
316.60704363750654	171.0
316.617044175857	175.0
316.6270447142075	177.0
316.637045252558	179.0
316.6470457909084	183.0
316.6570463292589	187.0
316.6670468676094	187.0
316.67704740595985	190.0
316.68704794431034	187.0
316.69704848266076	183.0
316.70704902101124	171.0
316.7170495593617	158.0
316.7270500977122	152.0
316.73705063606263	150.0
316.7470511744131	149.0
316.7570517127636	149.0
316.7670522511141	150.0
316.7770527894645	152.0
316.787053327815	156.0
316.79705386616547	159.0
316.80705440451595	165.0
316.81705494286643	171.0
316.82705548121686	175.0
316.83705601956734	177.0
316.8470565579178	175.0
316.8570570962683	173.0
316.86705763461873	169.0
316.8770581729692	163.0
316.8870587113197	154.0
316.8970592496702	142.0
316.90705978802066	139.0
316.9170603263711	139.0
316.92706086472157	139.0
316.93706140307205	140.0
316.94706194142253	142.0
316.95706247977296	144.0
316.96706301812344	142.0
316.9770635564739	142.0
316.9870640948244	140.0
316.99706463317483	139.0
317.0070651715253	137.0
317.0170657098758	136.0
317.0270662482263	132.0
317.03706678657676	0.0
317.0470673249272	0.0
317.05706786327767	0.0
317.06706840162815	0.0
317.07706893997863	0.0
317.08706947832906	0.0
317.09707001667954	0.0
317.10707055503	0.0
317.1170710933805	0.0
317.127071631731	0.0
317.1370721700814	0.0
317.1470727084319	0.0
317.1570732467824	0.0
317.16707378513286	0.0
317.1770743234833	0.0
317.18707486183376	0.0
317.19707540018425	0.0
317.20707593853473	0.0
317.21707647688515	0.0
317.22707701523564	0.0
317.2370775535861	0.0
317.2470780919366	0.0
317.2570786302871	0.0
317.2670791686375	0.0
317.277079706988	163.0
317.2870802453385	161.0
317.29708078368895	159.0
317.3070813220394	158.0
317.31708186038986	156.0
317.32708239874034	154.0
317.3370829370908	152.0
317.3470834754413	150.0
317.35708401379173	150.0
317.3670845521422	149.0
317.3770850904927	149.0
317.3870856288432	149.0
317.3970861671936	150.0
317.4070867055441	152.0
317.41708724389457	158.0
317.42708778224505	165.0
317.4370883205955	171.0
317.44708885894596	175.0
317.45708939729644	175.0
317.4670899356469	177.0
317.4770904739974	179.0
317.48709101234783	179.0
317.4970915506983	179.0
317.5070920890488	177.0
317.5170926273993	175.0
317.5270931657497	173.0
317.5370937041002	173.0
317.54709424245067	173.0
317.55709478080115	175.0
317.5670953191516	175.0
317.57709585750206	177.0
317.58709639585254	177.0
317.597096934203	177.0
317.6070974725535	177.0
317.61709801090393	177.0
317.6270985492544	175.0
317.6370990876049	171.0
317.6470996259554	165.0
317.6571001643058	159.0
317.6671007026563	156.0
317.67710124100677	154.0
317.68710177935725	154.0
317.69710231770773	163.0
317.70710285605816	173.0
317.71710339440864	181.0
317.7271039327591	190.0
317.7371044711096	196.0
317.74710500946003	201.0
317.7571055478105	201.0
317.767106086161	192.0
317.7771066245115	185.0
317.7871071628619	171.0
317.7971077012124	158.0
317.80710823956287	150.0
317.81710877791335	149.0
317.82710931626383	149.0
317.83710985461425	154.0
317.84711039296474	161.0
317.8571109313152	171.0
317.8671114696657	177.0
317.8771120080161	183.0
317.8871125463666	185.0
317.8971130847171	185.0
317.9071136230676	185.0
317.91711416141806	185.0
317.9271146997685	0.0
317.93711523811896	0.0
317.94711577646945	0.0
317.9571163148199	137.0
317.96711685317035	137.0
317.97711739152084	139.0
317.9871179298713	139.0
317.9971184682218	140.0
318.0071190065722	142.0
318.0171195449227	144.0
318.0271200832732	144.0
318.03712062162367	144.0
318.04712115997415	145.0
318.0571216983246	144.0
318.06712223667506	144.0
318.07712277502554	140.0
318.087123313376	137.0
318.09712385172645	134.0
318.10712439007693	125.0
318.1171249284274	118.0
318.1271254667779	115.0
318.1371260051284	114.0
318.1471265434788	114.0
318.1571270818293	115.0
318.16712762017977	117.0
318.17712815853025	118.0
318.1871286968807	119.0
318.19712923523116	121.0
318.20712977358164	122.0
318.2171303119321	124.0
318.22713085028255	124.0
318.23713138863303	124.0
318.2471319269835	124.0
318.257132465334	122.0
318.2671330036845	118.0
318.2771335420349	114.0
318.2871340803854	111.0
318.29713461873587	107.0
318.30713515708635	105.0
318.3171356954368	107.0
318.32713623378726	114.0
318.33713677213774	119.0
318.3471373104882	125.0
318.3571378488387	131.0
318.36713838718913	136.0
318.3771389255396	139.0
318.3871394638901	140.0
318.3971400022406	142.0
318.407140540591	144.0
318.4171410789415	142.0
318.42714161729197	140.0
318.43714215564245	139.0
318.4471426939929	137.0
318.45714323234336	137.0
318.46714377069384	136.0
318.4771443090443	136.0
318.4871448473948	137.0
318.4971453857452	137.0
318.5071459240957	139.0
318.5171464624462	140.0
318.5271470007967	142.0
318.5371475391471	144.0
318.5471480774976	144.0
318.55714861584806	144.0
318.56714915419855	142.0
318.577149692549	142.0
318.58715023089945	139.0
318.59715076924994	136.0
318.6071513076004	132.0
318.6171518459509	129.0
318.6271523843013	129.0
318.6371529226518	132.0
318.6471534610023	139.0
318.6571539993528	144.0
318.6671545377032	150.0
318.6771550760537	158.0
318.68715561440416	161.0
318.69715615275464	163.0
318.7071566911051	163.0
318.71715722945555	161.0
318.72715776780603	158.0
318.7371583061565	154.0
318.747158844507	150.0
318.7571593828574	147.0
318.7671599212079	144.0
318.7771604595584	140.0
318.78716099790887	140.0
318.79716153625935	145.0
318.8071620746098	159.0
318.81716261296026	171.0
318.82716315131074	177.0
318.8371636896612	181.0
318.84716422801165	183.0
318.85716476636213	181.0
318.8671653047126	179.0
318.8771658430631	177.0
318.8871663814135	177.0
318.897166919764	175.0
318.9071674581145	175.0
318.91716799646497	173.0
318.92716853481545	173.0
318.9371690731659	171.0
318.94716961151636	171.0
318.95717014986684	167.0
318.9671706882173	0.0
318.97717122656775	0.0
318.98717176491823	0.0
318.9971723032687	0.0
319.0071728416192	0.0
319.0171733799697	0.0
319.0271739183201	223.0
319.0371744566706	223.0
319.04717499502107	220.0
319.05717553337155	218.0
319.067176071722	213.0
319.07717661007246	213.0
319.08717714842294	210.0
319.0971776867734	210.0
319.10717822512385	210.0
319.1171787634743	210.0
319.1271793018248	210.0
319.1371798401753	210.0
319.1471803785258	213.0
319.1571809168762	213.0
319.1671814552267	213.0
319.17718199357716	213.0
319.18718253192765	213.0
319.1971830702781	213.0
319.20718360862855	215.0
319.21718414697904	215.0
319.2271846853295	215.0
319.23718522367994	215.0
319.2471857620304	213.0
319.2571863003809	208.0
319.2671868387314	203.0
319.2771873770819	201.0
319.2871879154323	203.0
319.2971884537828	208.0
319.30718899213326	218.0
319.31718953048374	228.0
319.32719006883417	291.0
319.33719060718465	291.0
319.34719114553513	288.0
319.3571916838856	281.0
319.3671922222361	272.0
319.3771927605865	262.0
319.387193298937	250.0
319.3971938372875	234.0
319.40719437563797	223.0
319.4171949139884	218.0
319.4271954523389	218.0
319.43719599068936	218.0
319.44719652903984	226.0
319.45719706739027	234.0
319.46719760574075	248.0
319.47719814409123	262.0
319.4871986824417	272.0
319.4971992207922	278.0
319.5071997591426	281.0
319.5172002974931	281.0
319.5272008358436	278.0
319.53720137419407	275.0
319.5472019125445	268.0
319.557202450895	256.0
319.56720298924546	248.0
319.57720352759594	239.0
319.5872040659464	234.0
319.59720460429685	231.0
319.60720514264733	231.0
319.6172056809978	226.0
319.6272062193483	218.0
319.6372067576987	208.0
319.6472072960492	203.0
319.6572078343997	0.0
319.66720837275017	0.0
319.6772089111006	0.0
319.6872094494511	0.0
319.69720998780156	305.0
319.70721052615204	298.0
319.7172110645025	291.0
319.72721160285295	288.0
319.73721214120343	284.0
319.7472126795539	281.0
319.7572132179044	281.0
319.7672137562548	281.0
319.7772142946053	284.0
319.7872148329558	288.0
319.79721537130627	291.0
319.80721590965675	291.0
319.8172164480072	291.0
319.82721698635766	288.0
319.83721752470814	281.0
319.8472180630586	275.0
319.85721860140904	268.0
319.8672191397595	268.0
319.87721967811	268.0
319.8872202164605	272.0
319.8972207548109	259.0
319.9072212931614	223.0
319.9172218315119	213.0
319.92722236986236	206.0
319.93722290821285	206.0
319.94722344656327	208.0
319.95722398491375	215.0
319.96722452326424	226.0
319.9772250616147	234.0
319.98722559996514	245.0
319.9972261383156	256.0
320.0072266766661	268.0
320.0172272150166	275.0
320.0272277533671	278.0
320.0372282917175	281.0
320.047228830068	281.0
320.05722936841846	281.0
320.06722990676894	281.0
320.07723044511937	278.0
320.08723098346985	278.0
320.09723152182033	278.0
320.1072320601708	278.0
320.11723259852124	278.0
320.1272331368717	281.0
320.1372336752222	281.0
320.1472342135727	284.0
320.15723475192317	284.0
320.1672352902736	281.0
320.1772358286241	278.0
320.18723636697456	234.0
320.19723690532504	234.0
320.20723744367547	236.0
320.21723798202595	239.0
320.22723852037643	236.0
320.2372390587269	226.0
320.2472395970774	223.0
320.2572401354278	220.0
320.2672406737783	220.0
320.2772412121288	226.0
320.28724175047927	234.0
320.2972422888297	248.0
320.3072428271802	259.0
320.31724336553066	275.0
320.32724390388114	284.0
320.33724444223157	288.0
320.34724498058205	288.0
320.35724551893253	284.0
320.367246057283	215.0
320.3772465956335	210.0
320.3872471339839	201.0
320.3972476723344	194.0
320.4072482106849	206.0
320.41724874903537	223.0
320.4272492873858	218.0
320.4372498257363	218.0
320.44725036408676	215.0
320.45725090243724	213.0
320.4672514407877	210.0
320.47725197913815	210.0
320.4872525174886	210.0
320.4972530558391	210.0
320.5072535941896	210.0
320.51725413254	210.0
320.5272546708905	210.0
320.537255209241	213.0
320.54725574759146	213.0
320.5572562859419	213.0
320.5672568242924	210.0
320.57725736264285	210.0
320.58725790099334	210.0
320.5972584393438	210.0
320.60725897769424	210.0
320.6172595160447	213.0
320.6272600543952	213.0
320.6372605927457	215.0
320.6472611310961	218.0
320.6572616694466	220.0
320.6672622077971	220.0
320.67726274614756	218.0
320.68726328449804	210.0
320.69726382284847	203.0
320.70726436119895	194.0
320.71726489954943	181.0
320.7272654378999	169.0
320.73726597625034	161.0
320.7472665146008	156.0
320.7572670529513	154.0
320.7672675913018	156.0
320.7772681296522	158.0
320.7872686680027	163.0
320.7972692063532	169.0
320.80726974470366	175.0
320.81727028305414	181.0
320.82727082140457	190.0
320.83727135975505	196.0
320.84727189810553	199.0
320.857272436456	196.0
320.86727297480644	190.0
320.8772735131569	179.0
320.8872740515074	167.0
320.8972745898579	154.0
320.9072751282083	149.0
320.9172756665588	145.0
320.9272762049093	145.0
320.93727674325976	147.0
320.94727728161024	152.0
320.95727781996067	158.0
320.96727835831115	167.0
320.97727889666163	179.0
320.9872794350121	187.0
320.99727997336254	196.0
321.007280511713	203.0
321.0172810500635	206.0
321.027281588414	206.0
321.03728212676447	201.0
321.0472826651149	194.0
321.0572832034654	190.0
321.06728374181586	0.0
321.07728428016634	0.0
321.08728481851676	0.0
321.09728535686725	0.0
321.10728589521773	0.0
321.1172864335682	163.0
321.12728697191864	159.0
321.1372875102691	159.0
321.1472880486196	158.0
321.1572885869701	158.0
321.16728912532056	158.0
321.177289663671	158.0
321.1872902020215	158.0
321.19729074037195	158.0
321.20729127872244	158.0
321.21729181707286	159.0
321.22729235542334	161.0
321.2372928937738	167.0
321.2472934321243	175.0
321.2572939704748	183.0
321.2672945088252	192.0
321.2772950471757	196.0
321.2872955855262	203.0
321.29729612387666	210.0
321.3072966622271	215.0
321.31729720057757	215.0
321.32729773892805	215.0
321.33729827727853	215.0
321.34729881562896	213.0
321.35729935397944	208.0
321.3672998923299	206.0
321.3773004306804	201.0
321.3873009690309	196.0
321.3973015073813	192.0
321.4073020457318	190.0
321.4173025840823	187.0
321.42730312243276	185.0
321.4373036607832	183.0
321.44730419913367	181.0
321.45730473748415	179.0
321.46730527583463	177.0
321.4773058141851	175.0
321.48730635253554	175.0
321.497306890886	175.0
321.5073074292365	175.0
321.517307967587	175.0
321.5273085059374	177.0
321.5373090442879	177.0
321.5473095826384	177.0
321.55731012098886	177.0
321.5673106593393	179.0
321.57731119768977	179.0
321.58731173604025	179.0
321.59731227439073	179.0
321.6073128127412	179.0
321.61731335109164	179.0
321.6273138894421	179.0
321.6373144277926	179.0
321.6473149661431	177.0
321.6573155044935	177.0
321.667316042844	177.0
321.6773165811945	177.0
321.68731711954496	177.0
321.69731765789544	177.0
321.70731819624586	177.0
321.71731873459635	177.0
321.72731927294683	177.0
321.7373198112973	179.0
321.74732034964774	179.0
321.7573208879982	179.0
321.7673214263487	179.0
321.7773219646992	179.0
321.7873225030496	179.0
321.7973230414001	179.0
321.8073235797506	181.0
321.81732411810106	181.0
321.82732465645154	179.0
321.83732519480196	179.0
321.84732573315245	179.0
321.8573262715029	179.0
321.8673268098534	177.0
321.87732734820383	177.0
321.8873278865543	177.0
321.8973284249048	177.0
321.9073289632553	175.0
321.91732950160576	175.0
321.9273300399562	175.0
321.93733057830667	175.0
321.94733111665715	175.0
321.95733165500764	175.0
321.96733219335806	175.0
321.97733273170854	175.0
321.987333270059	175.0
321.9973338084095	173.0
322.00733434675993	173.0
322.0173348851104	173.0
322.0273354234609	173.0
322.0373359618114	175.0
322.04733650016186	177.0
322.0573370385123	179.0
322.06733757686277	179.0
322.07733811521325	179.0
322.08733865356373	177.0
322.09733919191416	175.0
322.10733973026464	171.0
322.1173402686151	169.0
322.1273408069656	169.0
322.1373413453161	167.0
322.1473418836665	169.0
322.157342422017	171.0
322.1673429603675	173.0
322.17734349871796	177.0
322.1873440370684	181.0
322.19734457541887	183.0
322.20734511376935	183.0
322.21734565211983	183.0
322.22734619047026	183.0
322.23734672882074	177.0
322.2473472671712	0.0
322.2573478055217	0.0
322.2673483438722	0.0
322.2773488822226	0.0
322.2873494205731	0.0
322.2973499589236	0.0
322.30735049727406	0.0
322.3173510356245	0.0
322.32735157397497	0.0
322.33735211232545	0.0
322.34735265067593	0.0
322.3573531890264	0.0
322.36735372737684	0.0
322.3773542657273	0.0
322.3873548040778	0.0
322.3973553424283	0.0
322.4073558807787	0.0
322.4173564191292	0.0
322.4273569574797	0.0
322.43735749583016	0.0
322.4473580341806	0.0
322.45735857253106	0.0
322.46735911088155	0.0
322.477359649232	0.0
322.4873601875825	185.0
322.49736072593294	181.0
322.5073612642834	177.0
322.5173618026339	175.0
322.5273623409844	173.0
322.5373628793348	173.0
322.5473634176853	173.0
322.5573639560358	173.0
322.56736449438625	175.0
322.5773650327367	175.0
322.58736557108716	175.0
322.59736610943764	175.0
322.6073666477881	175.0
322.6173671861386	175.0
322.62736772448903	175.0
322.6373682628395	175.0
322.64736880119	175.0
322.6573693395405	175.0
322.6673698778909	177.0
322.6773704162414	177.0
322.68737095459187	177.0
322.69737149294235	177.0
322.70737203129283	179.0
322.71737256964326	179.0
322.72737310799374	179.0
322.7373736463442	179.0
322.7473741846947	177.0
322.75737472304513	177.0
322.7673752613956	177.0
322.7773757997461	177.0
322.7873763380966	177.0
322.797376876447	177.0
322.8073774147975	177.0
322.81737795314797	177.0
322.82737849149845	179.0
322.83737902984893	181.0
322.84737956819936	183.0
322.85738010654984	185.0
322.8673806449003	185.0
322.8773811832508	187.0
322.88738172160123	187.0
322.8973822599517	185.0
322.9073827983022	185.0
322.9173833366527	181.0
322.92738387500316	179.0
322.9373844133536	177.0
322.94738495170407	175.0
322.95738549005455	175.0
322.96738602840503	175.0
322.97738656675546	173.0
322.98738710510594	173.0
322.9973876434564	175.0
323.0073881818069	175.0
323.0173887201573	175.0
323.0273892585078	175.0
323.0373897968583	175.0
323.0473903352088	175.0
323.05739087355926	175.0
323.0673914119097	175.0
323.07739195026016	175.0
323.08739248861065	175.0
323.09739302696113	175.0
323.10739356531155	175.0
323.11739410366204	175.0
323.1273946420125	177.0
323.137395180363	179.0
323.1473957187135	181.0
323.1573962570639	181.0
323.1673967954144	183.0
323.1773973337649	185.0
323.18739787211535	185.0
323.1973984104658	185.0
323.20739894881626	185.0
323.21739948716674	183.0
323.2274000255172	183.0
323.23740056386765	181.0
323.24740110221813	179.0
323.2574016405686	179.0
323.2674021789191	177.0
323.2774027172696	177.0
323.28740325562	177.0
323.2974037939705	175.0
323.30740433232097	175.0
323.31740487067145	177.0
323.3274054090219	177.0
323.33740594737236	177.0
323.34740648572284	177.0
323.3574070240733	177.0
323.3674075624238	177.0
323.37740810077423	175.0
323.3874086391247	175.0
323.3974091774752	175.0
323.4074097158257	175.0
323.4174102541761	175.0
323.4274107925266	177.0
323.43741133087707	179.0
323.44741186922755	181.0
323.457412407578	183.0
323.46741294592846	185.0
323.47741348427894	185.0
323.4874140226294	187.0
323.4974145609799	187.0
323.50741509933033	187.0
323.5174156376808	187.0
323.5274161760313	185.0
323.5374167143818	181.0
323.5474172527322	177.0
323.5574177910827	173.0
323.56741832943317	167.0
323.57741886778365	161.0
323.58741940613413	159.0
323.59741994448456	154.0
323.60742048283504	150.0
323.6174210211855	145.0
323.627421559536	0.0
323.63742209788643	0.0
323.6474226362369	0.0
323.6574231745874	0.0
323.6674237129379	0.0
323.6774242512883	0.0
323.6874247896388	0.0
323.69742532798927	0.0
323.70742586633975	0.0
323.71742640469023	0.0
323.72742694304065	0.0
323.73742748139114	0.0
323.7474280197416	0.0
323.7574285580921	0.0
323.7674290964425	0.0
323.777429634793	0.0
323.7874301731435	0.0
323.797430711494	0.0
323.80743124984446	0.0
323.8174317881949	0.0
323.82743232654536	0.0
323.83743286489585	0.0
323.8474334032463	0.0
323.85743394159675	0.0
323.86743447994724	0.0
323.8774350182977	0.0
323.8874355566482	0.0
323.8974360949986	0.0
323.9074366333491	0.0
323.9174371716996	0.0
323.92743771005007	0.0
323.93743824840055	0.0
323.947438786751	0.0
323.95743932510146	0.0
323.96743986345194	0.0
323.9774404018024	185.0
323.98744094015285	185.0
323.99744147850333	185.0
324.0074420168538	183.0
324.0174425552043	175.0
324.0274430935548	167.0
324.0374436319052	158.0
324.0474441702557	152.0
324.05744470860617	150.0
324.06744524695665	150.0
324.0774457853071	154.0
324.08744632365756	161.0
324.09744686200804	167.0
324.1074474003585	173.0
324.11744793870895	179.0
324.12744847705943	183.0
324.1374490154099	187.0
324.1474495537604	187.0
324.1574500921109	187.0
324.1674506304613	185.0
324.1774511688118	183.0
324.18745170716227	181.0
324.19745224551275	177.0
324.2074527838632	173.0
324.21745332221366	171.0
324.22745386056414	167.0
324.2374543989146	163.0
324.2474549372651	159.0
324.25745547561553	158.0
324.267456013966	156.0
324.2774565523165	158.0
324.287457090667	159.0
324.2974576290174	165.0
324.3074581673679	173.0
324.31745870571837	177.0
324.32745924406885	183.0
324.3374597824193	185.0
324.34746032076976	187.0
324.35746085912024	187.0
324.3674613974707	190.0
324.3774619358212	187.0
324.3874624741716	183.0
324.3974630125221	179.0
324.4074635508726	175.0
324.4174640892231	173.0
324.4274646275735	171.0
324.437465165924	171.0
324.44746570427446	173.0
324.45746624262495	175.0
324.46746678097537	177.0
324.47746731932585	179.0
324.48746785767634	181.0
324.4974683960268	183.0
324.5074689343773	185.0
324.5174694727277	185.0
324.5274700110782	185.0
324.5374705494287	185.0
324.5474710877792	183.0
324.5574716261296	181.0
324.5674721644801	179.0
324.57747270283056	177.0
324.58747324118104	177.0
324.5974737795315	175.0
324.60747431788195	173.0
324.61747485623243	173.0
324.6274753945829	173.0
324.6374759329334	173.0
324.6474764712838	175.0
324.6574770096343	175.0
324.6674775479848	177.0
324.67747808633527	179.0
324.6874786246857	181.0
324.6974791630362	183.0
324.70747970138666	185.0
324.71748023973714	187.0
324.7274807780876	187.0
324.73748131643805	187.0
324.74748185478853	187.0
324.757482393139	185.0
324.7674829314895	181.0
324.7774834698399	177.0
324.7874840081904	173.0
324.7974845465409	169.0
324.80748508489137	167.0
324.81748562324185	167.0
324.8274861615923	169.0
324.83748669994276	173.0
324.84748723829324	179.0
324.8574877766437	187.0
324.86748831499415	192.0
324.87748885334463	199.0
324.8874893916951	203.0
324.8974899300456	206.0
324.907490468396	210.0
324.9174910067465	213.0
324.927491545097	213.0
324.93749208344747	213.0
324.94749262179795	213.0
324.9574931601484	210.0
324.96749369849886	210.0
324.97749423684934	210.0
324.9874947751998	210.0
324.99749531355025	210.0
325.0074958519007	213.0
325.0174963902512	213.0
325.0274969286017	215.0
325.0374974669522	215.0
325.0474980053026	213.0
325.0574985436531	213.0
325.06749908200356	213.0
325.07749962035405	213.0
325.0875001587045	213.0
325.09750069705495	213.0
325.10750123540544	213.0
325.1175017737559	213.0
325.12750231210634	210.0
325.1375028504568	210.0
325.1475033888073	210.0
325.1575039271578	213.0
325.1675044655083	213.0
325.1775050038587	213.0
325.1875055422092	213.0
325.19750608055966	213.0
325.20750661891014	213.0
325.21750715726057	213.0
325.22750769561105	213.0
325.23750823396153	210.0
325.247508772312	208.0
325.2575093106625	206.0
325.2675098490129	201.0
325.2775103873634	192.0
325.2875109257139	185.0
325.29751146406437	181.0
325.3075120024148	175.0
325.3175125407653	0.0
325.32751307911576	0.0
325.33751361746624	0.0
325.34751415581667	0.0
325.35751469416715	0.0
325.36751523251763	0.0
325.3775157708681	0.0
325.3875163092186	0.0
325.397516847569	0.0
325.4075173859195	0.0
325.41751792427	0.0
325.42751846262047	0.0
325.4375190009709	0.0
325.4475195393214	0.0
325.45752007767186	213.0
325.46752061602234	213.0
325.4775211543728	213.0
325.48752169272325	213.0
325.49752223107373	213.0
325.5075227694242	213.0
325.5175233077747	210.0
325.5275238461251	210.0
325.5375243844756	210.0
325.5475249228261	208.0
325.55752546117657	208.0
325.567525999527	208.0
325.5775265378775	208.0
325.58752707622796	208.0
325.59752761457844	208.0
325.6075281529289	210.0
325.61752869127935	210.0
325.62752922962983	210.0
325.6375297679803	210.0
325.6475303063308	213.0
325.6575308446812	213.0
325.6675313830317	213.0
325.6775319213822	213.0
325.68753245973267	213.0
325.69753299808315	213.0
325.7075335364336	213.0
325.71753407478406	213.0
325.72753461313454	210.0
325.737535151485	210.0
325.74753568983544	210.0
325.7575362281859	210.0
325.7675367665364	210.0
325.7775373048869	213.0
325.7875378432373	213.0
325.7975383815878	215.0
325.8075389199383	215.0
325.81753945828876	215.0
325.82753999663925	218.0
325.83754053498967	215.0
325.84754107334015	215.0
325.85754161169064	213.0
325.8675421500411	210.0
325.87754268839154	203.0
325.887543226742	196.0
325.8975437650925	190.0
325.907544303443	181.0
325.9175448417935	177.0
325.9275453801439	175.0
325.9375459184944	175.0
325.94754645684486	175.0
325.95754699519534	175.0
325.96754753354577	177.0
325.97754807189625	179.0
325.98754861024673	179.0
325.9975491485972	179.0
326.00754968694764	179.0
326.0175502252981	179.0
326.0275507636486	177.0
326.0375513019991	175.0
326.04755184034957	175.0
326.0575523787	177.0
326.0675529170505	181.0
326.07755345540096	185.0
326.08755399375144	190.0
326.09755453210187	196.0
326.10755507045235	201.0
326.11755560880283	206.0
326.1275561471533	208.0
326.13755668550374	208.0
326.1475572238542	210.0
326.1575577622047	210.0
326.1675583005552	210.0
326.17755883890567	210.0
326.1875593772561	210.0
326.1975599156066	210.0
326.20756045395706	210.0
326.21756099230754	213.0
326.22756153065797	213.0
326.23756206900845	215.0
326.24756260735893	215.0
326.2575631457094	215.0
326.2675636840599	213.0
326.2775642224103	213.0
326.2875647607608	213.0
326.2975652991113	213.0
326.30756583746177	213.0
326.3175663758122	213.0
326.3275669141627	213.0
326.33756745251316	213.0
326.34756799086364	215.0
326.35756852921406	215.0
326.36756906756455	215.0
326.377569605915	215.0
326.3875701442655	215.0
326.397570682616	215.0
326.4075712209664	215.0
326.4175717593169	215.0
326.4275722976674	213.0
326.43757283601786	210.0
326.4475733743683	206.0
326.4575739127188	199.0
326.46757445106925	0.0
326.47757498941974	0.0
326.4875755277702	0.0
326.49757606612064	0.0
326.5075766044711	0.0
326.5175771428216	0.0
326.5275776811721	0.0
326.5375782195225	0.0
326.547578757873	0.0
326.5575792962235	0.0
326.56757983457396	0.0
326.5775803729244	0.0
326.58758091127487	0.0
326.59758144962535	0.0
326.60758198797583	0.0
326.6175825263263	0.0
326.62758306467674	0.0
326.6375836030272	0.0
326.6475841413777	0.0
326.6575846797282	0.0
326.6675852180786	0.0
326.6775857564291	0.0
326.6875862947796	0.0
326.69758683313006	0.0
326.70758737148054	0.0
326.71758790983097	0.0
326.72758844818145	0.0
326.73758898653193	0.0
326.7475895248824	0.0
326.75759006323284	0.0
326.7675906015833	0.0
326.7775911399338	0.0
326.7875916782843	0.0
326.7975922166347	0.0
326.8075927549852	0.0
326.8175932933357	0.0
326.82759383168616	0.0
326.83759437003664	0.0
326.84759490838707	0.0
326.85759544673755	0.0
326.86759598508803	0.0
326.8775965234385	0.0
326.88759706178894	0.0
326.8975976001394	0.0
326.9075981384899	0.0
326.9175986768404	0.0
326.92759921519087	0.0
326.9375997535413	0.0
326.9476002918918	0.0
326.95760083024226	0.0
326.96760136859274	0.0
326.97760190694316	0.0
326.98760244529365	0.0
326.99760298364413	0.0
327.0076035219946	0.0
327.01760406034504	0.0
327.0276045986955	0.0
327.037605137046	0.0
327.0476056753965	0.0
327.05760621374696	0.0
327.0676067520974	0.0
327.0776072904479	0.0
327.08760782879835	0.0
327.09760836714884	0.0
327.10760890549926	0.0
327.11760944384974	0.0
327.1276099822002	0.0
327.1376105205507	0.0
327.1476110589012	0.0
327.1576115972516	0.0
327.1676121356021	0.0
327.1776126739526	0.0
327.18761321230306	0.0
327.1976137506535	0.0
327.20761428900397	0.0
327.21761482735445	0.0
327.22761536570493	0.0
327.23761590405536	0.0
327.24761644240584	0.0
327.2576169807563	0.0
327.2676175191068	0.0
327.2776180574573	0.0
327.2876185958077	0.0
327.2976191341582	0.0
327.3076196725087	0.0
327.31762021085916	0.0
327.3276207492096	0.0
327.33762128756007	0.0
327.34762182591055	0.0
327.35762236426103	0.0
327.3676229026115	0.0
327.37762344096194	0.0
327.3876239793124	0.0
327.3976245176629	0.0
327.4076250560134	0.0
327.4176255943638	0.0
327.4276261327143	0.0
327.4376266710648	0.0
327.44762720941526	0.0
327.4576277477657	0.0
327.46762828611617	0.0
327.47762882446665	0.0
327.48762936281713	0.0
327.4976299011676	0.0
327.50763043951804	0.0
327.5176309778685	0.0
327.527631516219	0.0
327.5376320545695	0.0
327.5476325929199	0.0
327.5576331312704	215.0
327.5676336696209	213.0
327.57763420797136	213.0
327.58763474632184	213.0
327.59763528467226	213.0
327.60763582302275	213.0
327.61763636137323	210.0
327.6276368997237	210.0
327.63763743807414	208.0
327.6476379764246	208.0
327.6576385147751	208.0
327.6676390531256	208.0
327.677639591476	210.0
327.6876401298265	210.0
327.697640668177	210.0
327.70764120652746	210.0
327.71764174487794	210.0
327.72764228322836	208.0
327.73764282157885	206.0
327.7476433599293	206.0
327.7576438982798	201.0
327.76764443663023	196.0
327.7776449749807	192.0
327.7876455133312	187.0
327.7976460516817	181.0
327.8076465900321	171.0
327.8176471283826	161.0
327.82764766673307	156.0
327.83764820508355	154.0
327.84764874343404	154.0
327.85764928178446	156.0
327.86764982013494	163.0
327.8776503584854	175.0
327.8876508968359	192.0
327.89765143518633	213.0
327.9076519735368	231.0
327.9176525118873	242.0
327.9276530502378	256.0
327.93765358858826	265.0
327.9476541269387	275.0
327.95765466528917	281.0
327.96765520363965	284.0
327.97765574199013	284.0
327.98765628034056	284.0
327.99765681869104	278.0
328.0076573570415	275.0
328.017657895392	268.0
328.02765843374243	262.0
328.0376589720929	253.0
328.0476595104434	248.0
328.0576600487939	242.0
328.06766058714436	239.0
328.0776611254948	236.0
328.08766166384527	234.0
328.09766220219575	231.0
328.10766274054623	228.0
328.11766327889666	228.0
328.12766381724714	228.0
328.1376643555976	228.0
328.1476648939481	231.0
328.1576654322986	234.0
328.167665970649	234.0
328.1776665089995	236.0
328.18766704735	239.0
328.19766758570046	239.0
328.2076681240509	242.0
328.21766866240137	245.0
328.22766920075185	250.0
328.23766973910233	253.0
328.24767027745276	256.0
328.25767081580324	259.0
328.2676713541537	262.0
328.2776718925042	259.0
328.2876724308547	256.0
328.2976729692051	253.0
328.3076735075556	250.0
328.3176740459061	248.0
328.32767458425656	242.0
328.337675122607	242.0
328.34767566095746	239.0
328.35767619930795	236.0
328.3676767376584	234.0
328.3776772760089	234.0
328.38767781435934	228.0
328.3976783527098	226.0
328.4076788910603	223.0
328.4176794294108	220.0
328.4276799677612	218.0
328.4376805061117	218.0
328.4476810444622	218.0
328.45768158281265	215.0
328.4676821211631	213.0
328.47768265951356	213.0
328.48768319786404	210.0
328.4976837362145	210.0
328.507684274565	210.0
328.51768481291543	210.0
328.5276853512659	210.0
328.5376858896164	213.0
328.5476864279669	213.0
328.5576869663173	213.0
328.5676875046678	213.0
328.57768804301827	210.0
328.58768858136875	210.0
328.59768911971923	210.0
328.60768965806966	210.0
328.61769019642014	208.0
328.6276907347706	206.0
328.6376912731211	201.0
328.64769181147153	196.0
328.657692349822	0.0
328.6676928881725	0.0
328.677693426523	0.0
328.6876939648734	0.0
328.6976945032239	0.0
328.70769504157437	0.0
328.71769557992485	0.0
328.72769611827533	0.0
328.73769665662576	0.0
328.74769719497624	0.0
328.7576977333267	0.0
328.7676982716772	0.0
328.77769881002763	0.0
328.7876993483781	0.0
328.7976998867286	0.0
328.8077004250791	0.0
328.81770096342956	0.0
328.82770150178	0.0
328.83770204013047	0.0
328.84770257848095	0.0
328.85770311683143	0.0
328.86770365518186	0.0
328.87770419353234	0.0
328.8877047318828	0.0
328.8977052702333	0.0
328.9077058085837	0.0
328.9177063469342	208.0
328.9277068852847	208.0
328.9377074236352	208.0
328.94770796198566	210.0
328.9577085003361	210.0
328.96770903868656	210.0
328.97770957703705	210.0
328.98771011538753	210.0
328.99771065373795	210.0
329.00771119208844	210.0
329.0177117304389	208.0
329.0277122687894	208.0
329.0377128071399	208.0
329.0477133454903	208.0
329.0577138838408	208.0
329.0677144221913	208.0
329.07771496054175	208.0
329.0877154988922	208.0
329.09771603724266	208.0
329.10771657559314	210.0
329.1177171139436	210.0
329.12771765229405	210.0
329.13771819064453	210.0
329.147718728995	208.0
329.1577192673455	208.0
329.167719805696	206.0
329.1777203440464	201.0
329.1877208823969	196.0
329.19772142074737	187.0
329.20772195909785	177.0
329.2177224974483	163.0
329.22772303579876	156.0
329.23772357414924	152.0
329.2477241124997	150.0
329.2577246508502	150.0
329.26772518920063	154.0
329.2777257275511	165.0
329.2877262659016	175.0
329.2977268042521	185.0
329.3077273426025	194.0
329.317727880953	201.0
329.32772841930347	208.0
329.33772895765395	210.0
329.3477294960044	213.0
329.35773003435486	215.0
329.36773057270534	215.0
329.3777311110558	215.0
329.3877316494063	215.0
329.39773218775673	213.0
329.4077327261072	213.0
329.4177332644577	210.0
329.4277338028082	210.0
329.4377343411586	208.0
329.4477348795091	208.0
329.45773541785957	206.0
329.46773595621005	201.0
329.4777364945605	196.0
329.48773703291096	190.0
329.49773757126144	185.0
329.5077381096119	179.0
329.5177386479624	173.0
329.52773918631283	169.0
329.5377397246633	169.0
329.5477402630138	169.0
329.5577408013643	173.0
329.5677413397147	179.0
329.5777418780652	185.0
329.58774241641567	194.0
329.59774295476615	206.0
329.60774349311663	218.0
329.61774403146705	231.0
329.62774456981754	245.0
329.637745108168	256.0
329.6477456465185	265.0
329.6577461848689	268.0
329.6677467232194	272.0
329.6777472615699	275.0
329.6877477999204	275.0
329.6977483382708	272.0
329.7077488766213	268.0
329.71774941497176	265.0
329.72774995332225	259.0
329.7377504916727	253.0
329.74775103002315	248.0
329.75775156837364	242.0
329.7677521067241	239.0
329.7777526450746	239.0
329.787753183425	236.0
329.7977537217755	236.0
329.807754260126	234.0
329.81775479847647	234.0
329.82775533682695	234.0
329.8377558751774	234.0
329.84775641352786	231.0
329.85775695187834	231.0
329.8677574902288	231.0
329.87775802857925	234.0
329.88775856692973	234.0
329.8977591052802	239.0
329.9077596436307	242.0
329.9177601819811	248.0
329.9277607203316	253.0
329.9377612586821	262.0
329.94776179703257	265.0
329.95776233538305	265.0
329.9677628737335	262.0
329.97776341208396	256.0
329.98776395043444	245.0
329.9977644887849	231.0
330.00776502713535	223.0
330.01776556548583	213.0
330.0277661038363	210.0
330.0377666421868	208.0
330.0477671805373	208.0
330.0577677188877	208.0
330.0677682572382	210.0
330.07776879558867	210.0
330.08776933393915	210.0
330.0977698722896	210.0
330.10777041064006	208.0
330.11777094899054	208.0
330.127771487341	208.0
330.13777202569145	208.0
330.14777256404193	208.0
330.1577731023924	208.0
330.1677736407429	208.0
330.1777741790934	208.0
330.1877747174438	210.0
330.1977752557943	210.0
330.20777579414477	210.0
330.21777633249525	210.0
330.2277768708457	210.0
330.23777740919616	208.0
330.24777794754664	208.0
330.2577784858971	208.0
330.2677790242476	208.0
330.277779562598	208.0
330.2877801009485	208.0
330.297780639299	210.0
330.3077811776495	210.0
330.3177817159999	210.0
330.3277822543504	213.0
330.33778279270086	213.0
330.34778333105135	215.0
330.35778386940177	215.0
330.36778440775225	215.0
330.37778494610274	215.0
330.3877854844532	215.0
330.3977860228037	215.0
330.4077865611541	213.0
330.4177870995046	210.0
330.4277876378551	208.0
330.4377881762056	203.0
330.447788714556	196.0
330.4577892529065	187.0
330.46778979125696	179.0
330.47779032960744	175.0
330.4877908679579	171.0
330.49779140630835	169.0
330.50779194465883	169.0
330.5177924830093	169.0
330.5277930213598	167.0
330.5377935597102	163.0
330.5477940980607	156.0
330.5577946364112	150.0
330.56779517476167	0.0
330.5777957131121	0.0
330.5877962514626	206.0
330.59779678981306	210.0
330.60779732816354	210.0
330.617797866514	213.0
330.62779840486445	213.0
330.63779894321493	213.0
330.6477994815654	210.0
330.6578000199159	210.0
330.6678005582663	210.0
330.6778010966168	210.0
330.6878016349673	210.0
330.69780217331777	210.0
330.70780271166825	208.0
330.7178032500187	208.0
330.72780378836916	208.0
330.73780432671964	206.0
330.7478048650701	203.0
330.75780540342055	199.0
330.76780594177103	196.0
330.7778064801215	194.0
330.787807018472	190.0
330.7978075568224	187.0
330.8078080951729	183.0
330.8178086335234	181.0
330.82780917187387	179.0
330.83780971022435	177.0
330.8478102485748	175.0
330.85781078692526	173.0
330.86781132527574	171.0
330.8778118636262	171.0
330.88781240197665	171.0
330.8978129403271	171.0
330.9078134786776	175.0
330.9178140170281	177.0
330.9278145553786	183.0
330.937815093729	190.0
330.9478156320795	194.0
330.95781617042996	199.0
330.96781670878045	201.0
330.9778172471309	206.0
330.98781778548135	208.0
330.99781832383184	208.0
331.0078188621823	208.0
331.01781940053274	206.0
331.0278199388832	203.0
331.0378204772337	199.0
331.0478210155842	192.0
331.0578215539347	187.0
331.0678220922851	183.0
331.0778226306356	181.0
331.08782316898606	179.0
331.09782370733654	177.0
331.10782424568697	175.0
331.11782478403745	175.0
331.12782532238793	175.0
331.1378258607384	175.0
331.14782639908884	175.0
331.1578269374393	175.0
331.1678274757898	173.0
331.1778280141403	173.0
331.18782855249077	173.0
331.1978290908412	173.0
331.2078296291917	173.0
331.21783016754216	173.0
331.22783070589264	173.0
331.23783124424307	173.0
331.24783178259355	173.0
331.25783232094403	175.0
331.2678328592945	179.0
331.277833397645	181.0
331.2878339359954	185.0
331.2978344743459	187.0
331.3078350126964	187.0
331.31783555104687	187.0
331.3278360893973	187.0
331.3378366277478	187.0
331.34783716609826	185.0
331.35783770444874	183.0
331.36783824279917	181.0
331.37783878114965	177.0
331.38783931950013	173.0
331.3978398578506	169.0
331.4078403962011	167.0
331.4178409345515	163.0
331.427841472902	163.0
331.4378420112525	161.0
331.44784254960297	159.0
331.4578430879534	158.0
331.4678436263039	156.0
331.47784416465436	156.0
331.48784470300484	156.0
331.4978452413553	156.0
331.50784577970575	156.0
331.51784631805623	156.0
331.5278468564067	156.0
331.5378473947572	154.0
331.5478479331076	156.0
331.5578484714581	156.0
331.5678490098086	156.0
331.57784954815907	156.0
331.5878500865095	158.0
331.59785062486	158.0
331.60785116321046	159.0
331.61785170156094	161.0
331.6278522399114	165.0
331.63785277826184	167.0
331.6478533166123	169.0
331.6578538549628	169.0
331.6678543933133	167.0
331.6778549316637	163.0
331.6878554700142	161.0
331.6978560083647	156.0
331.70785654671516	152.0
331.71785708506565	147.0
331.72785762341607	142.0
331.73785816176655	139.0
331.74785870011704	137.0
331.7578592384675	136.0
331.76785977681794	136.0
331.7778603151684	137.0
331.7878608535189	137.0
331.7978613918694	137.0
331.8078619302198	139.0
331.8178624685703	139.0
331.8278630069208	140.0
331.83786354527126	140.0
331.84786408362174	140.0
331.85786462197217	140.0
331.86786516032265	140.0
331.87786569867313	139.0
331.8878662370236	139.0
331.89786677537404	137.0
331.9078673137245	137.0
331.917867852075	139.0
331.9278683904255	139.0
331.93786892877597	139.0
331.9478694671264	139.0
331.9578700054769	140.0
331.96787054382736	140.0
331.97787108217784	142.0
331.98787162052827	142.0
331.99787215887875	142.0
332.00787269722923	144.0
332.0178732355797	147.0
332.02787377393014	152.0
332.0378743122806	161.0
332.0478748506311	167.0
332.0578753889816	173.0
332.06787592733207	177.0
332.0778764656825	179.0
332.087877004033	179.0
332.09787754238346	177.0
332.10787808073394	175.0
332.11787861908437	171.0
332.12787915743485	167.0
332.13787969578533	163.0
332.1478802341358	159.0
332.1578807724863	158.0
332.1678813108367	158.0
332.1778818491872	156.0
332.1878823875377	158.0
332.19788292588817	158.0
332.2078834642386	158.0
332.2178840025891	159.0
332.22788454093956	159.0
332.23788507929004	159.0
332.24788561764046	0.0
332.25788615599095	0.0
332.2678866943414	0.0
332.2778872326919	0.0
332.2878877710424	0.0
332.2978883093928	0.0
332.3078888477433	0.0
332.3178893860938	0.0
332.32788992444426	0.0
332.3378904627947	0.0
332.3478910011452	0.0
332.35789153949565	0.0
332.36789207784614	0.0
332.3778926161966	0.0
332.38789315454704	0.0
332.3978936928975	0.0
332.407894231248	0.0
332.4178947695985	0.0
332.4278953079489	0.0
332.4378958462994	0.0
332.4478963846499	0.0
332.45789692300036	0.0
332.4678974613508	0.0
332.47789799970127	0.0
332.48789853805175	0.0
332.49789907640223	0.0
332.5078996147527	0.0
332.51790015310314	0.0
332.5279006914536	0.0
332.5379012298041	0.0
332.5479017681546	0.0
332.557902306505	0.0
332.5679028448555	0.0
332.577903383206	0.0
332.58790392155646	0.0
332.59790445990694	0.0
332.60790499825737	0.0
332.61790553660785	228.0
332.62790607495833	223.0
332.6379066133088	220.0
332.64790715165924	220.0
332.6579076900097	220.0
332.6679082283602	220.0
332.6779087667107	223.0
332.6879093050611	223.0
332.6979098434116	226.0
332.7079103817621	226.0
332.71791092011256	228.0
332.72791145846304	228.0
332.73791199681347	231.0
332.74791253516395	234.0
332.75791307351443	236.0
332.7679136118649	239.0
332.77791415021534	242.0
332.7879146885658	245.0
332.7979152269163	250.0
332.8079157652668	253.0
332.81791630361727	256.0
332.8279168419677	259.0
332.8379173803182	262.0
332.84791791866866	265.0
332.85791845701914	268.0
332.86791899536956	272.0
332.87791953372005	275.0
332.88792007207053	275.0
332.897920610421	275.0
332.90792114877144	275.0
332.9179216871219	275.0
332.9279222254724	275.0
332.9379227638229	275.0
332.94792330217336	278.0
332.9579238405238	278.0
332.9679243788743	278.0
332.97792491722475	278.0
332.98792545557524	278.0
332.99792599392566	278.0
333.00792653227614	278.0
333.0179270706266	278.0
333.0279276089771	278.0
333.03792814732753	278.0
333.047928685678	281.0
333.0579292240285	281.0
333.067929762379	284.0
333.07793030072946	284.0
333.0879308390799	284.0
333.09793137743037	281.0
333.10793191578085	281.0
333.11793245413133	281.0
333.12793299248176	278.0
333.13793353083224	278.0
333.1479340691827	278.0
333.1579346075332	278.0
333.1679351458837	278.0
333.1779356842341	278.0
333.1879362225846	278.0
333.1979367609351	281.0
333.20793729928556	281.0
333.217937837636	281.0
333.22793837598647	281.0
333.23793891433695	281.0
333.24793945268743	281.0
333.25793999103786	281.0
333.26794052938834	278.0
333.2779410677388	272.0
333.2879416060893	298.0
333.2979421444398	305.0
333.3079426827902	312.0
333.3179432211407	319.0
333.3279437594912	334.0
333.33794429784166	346.0
333.3479448361921	350.0
333.35794537454257	350.0
333.36794591289305	346.0
333.37794645124353	342.0
333.387946989594	334.0
333.39794752794444	323.0
333.4079480662949	316.0
333.4179486046454	308.0
333.4279491429959	305.0
333.4379496813463	305.0
333.4479502196968	305.0
333.4579507580473	308.0
333.46795129639776	319.0
333.4779518347482	327.0
333.48795237309866	338.0
333.49795291144915	346.0
333.50795344979963	350.0
333.5179539881501	354.0
333.52795452650054	350.0
333.537955064851	350.0
333.5479556032015	346.0
333.557956141552	338.0
333.5679566799024	331.0
333.5779572182529	323.0
333.5879577566034	323.0
333.59795829495386	319.0
333.60795883330434	319.0
333.61795937165476	319.0
333.62795991000525	319.0
333.6379604483557	319.0
333.6479609867062	316.0
333.65796152505663	305.0
333.6679620634071	278.0
333.6779626017576	275.0
333.6879631401081	275.0
333.6979636784585	278.0
333.707964216809	284.0
333.71796475515947	367.0
333.72796529350995	371.0
333.73796583186044	375.0
333.74796637021086	371.0
333.75796690856134	371.0
333.7679674469118	367.0
333.7779679852623	363.0
333.78796852361273	363.0
333.7979690619632	363.0
333.8079696003137	358.0
333.8179701386642	358.0
333.82797067701466	358.0
333.8379712153651	358.0
333.84797175371557	358.0
333.85797229206605	354.0
333.86797283041653	354.0
333.87797336876696	358.0
333.88797390711744	358.0
333.8979744454679	358.0
333.9079749838184	358.0
333.91797552216883	358.0
333.9279760605193	358.0
333.9379765988698	358.0
333.9479771372203	358.0
333.95797767557076	354.0
333.9679782139212	354.0
333.97797875227167	354.0
333.98797929062215	350.0
333.99797982897263	354.0
334.00798036732306	358.0
334.01798090567354	367.0
334.027981444024	371.0
334.0379819823745	375.0
334.047982520725	375.0
334.0579830590754	375.0
334.0679835974259	371.0
334.0779841357764	367.0
334.08798467412686	363.0
334.0979852124773	358.0
334.10798575082777	354.0
334.11798628917825	350.0
334.12798682752873	342.0
334.13798736587916	334.0
334.14798790422964	331.0
334.1579884425801	323.0
334.1679889809306	319.0
334.1779895192811	316.0
334.1879900576315	316.0
334.197990595982	316.0
334.2079911343325	312.0
334.21799167268296	312.0
334.2279922110334	312.0
334.23799274938386	312.0
334.24799328773435	312.0
334.2579938260848	312.0
334.2679943644353	316.0
334.27799490278574	319.0
334.2879954411362	323.0
334.2979959794867	331.0
334.3079965178372	338.0
334.3179970561876	346.0
334.3279975945381	354.0
334.3379981328886	354.0
334.34799867123905	350.0
334.3579992095895	342.0
334.36799974793996	327.0
334.37800028629044	281.0
334.3880008246409	272.0
334.3980013629914	253.0
334.40800190134183	234.0
334.4180024396923	234.0
334.4280029780428	245.0
334.4380035163933	275.0
334.4480040547437	278.0
334.4580045930942	278.0
334.46800513144467	281.0
334.47800566979515	278.0
334.48800620814563	278.0
334.49800674649606	278.0
334.50800728484654	281.0
334.518007823197	281.0
334.5280083615475	281.0
334.53800889989793	278.0
334.5480094382484	278.0
334.5580099765989	278.0
334.5680105149494	278.0
334.5780110532998	278.0
334.5880115916503	278.0
334.59801213000077	278.0
334.60801266835125	278.0
334.61801320670173	278.0
334.62801374505216	281.0
334.63801428340264	281.0
334.6480148217531	281.0
334.6580153601036	281.0
334.66801589845403	281.0
334.6780164368045	281.0
334.688016975155	281.0
334.6980175135055	281.0
334.7080180518559	281.0
334.7180185902064	278.0
334.72801912855687	278.0
334.73801966690735	275.0
334.74802020525783	291.0
334.75802074360826	305.0
334.76802128195874	316.0
334.7780218203092	327.0
334.7880223586597	350.0
334.7980228970101	358.0
334.8080234353606	363.0
334.8180239737111	367.0
334.8280245120616	363.0
334.83802505041206	358.0
334.8480255887625	354.0
334.85802612711296	346.0
334.86802666546345	342.0
334.87802720381393	338.0
334.88802774216435	331.0
334.89802828051484	327.0
334.9080288188653	323.0
334.9180293572158	319.0
334.9280298955662	319.0
334.9380304339167	316.0
334.9480309722672	316.0
334.9580315106177	316.0
334.96803204896815	316.0
334.9780325873186	316.0
334.98803312566906	319.0
334.99803366401954	319.0
335.00803420237	323.0
335.01803474072045	327.0
335.02803527907093	331.0
335.0380358174214	338.0
335.0480363557719	346.0
335.0580368941224	350.0
335.0680374324728	350.0
335.0780379708233	350.0
335.08803850917377	338.0
335.09803904752425	331.0
335.1080395858747	272.0
335.11804012422516	262.0
335.12804066257564	239.0
335.1380412009261	231.0
335.14804173927655	234.0
335.15804227762703	259.0
335.1680428159775	278.0
335.178043354328	281.0
335.1880438926785	281.0
335.1980444310289	281.0
335.2080449693794	281.0
335.21804550772987	281.0
335.22804604608035	281.0
335.2380465844308	281.0
335.24804712278126	281.0
335.25804766113174	281.0
335.2680481994822	281.0
335.2780487378327	281.0
335.28804927618313	281.0
335.2980498145336	281.0
335.3080503528841	281.0
335.3180508912346	281.0
335.328051429585	281.0
335.3380519679355	281.0
335.34805250628597	281.0
335.35805304463645	284.0
335.3680535829869	284.0
335.37805412133736	284.0
335.38805465968784	284.0
335.3980551980383	284.0
335.4080557363888	281.0
335.41805627473923	281.0
335.4280568130897	278.0
335.4380573514402	272.0
335.4480578897907	239.0
335.4580584281411	239.0
335.4680589664916	242.0
335.47805950484207	272.0
335.48806004319255	278.0
335.49806058154303	278.0
335.50806111989345	278.0
335.51806165824394	278.0
335.5280621965944	278.0
335.5380627349449	278.0
335.5480632732953	278.0
335.5580638116458	278.0
335.5680643499963	278.0
335.5780648883468	278.0
335.5880654266972	278.0
335.5980659650477	278.0
335.60806650339816	278.0
335.61806704174865	281.0
335.6280675800991	281.0
335.63806811844955	281.0
335.64806865680004	281.0
335.6580691951505	278.0
335.668069733501	278.0
335.6780702718514	278.0
335.6880708102019	272.0
335.6980713485524	268.0
335.70807188690287	256.0
335.71807242525335	245.0
335.7280729636038	231.0
335.73807350195426	223.0
335.74807404030474	218.0
335.7580745786552	210.0
335.76807511700565	203.0
335.77807565535613	199.0
335.7880761937066	194.0
335.7980767320571	190.0
335.8080772704075	0.0
335.818077808758	0.0
335.8280783471085	281.0
335.83807888545897	281.0
335.84807942380945	275.0
335.8580799621599	278.0
335.86808050051036	278.0
335.87808103886084	278.0
335.8880815772113	278.0
335.89808211556175	278.0
335.90808265391223	278.0
335.9180831922627	278.0
335.9280837306132	278.0
335.9380842689637	278.0
335.9480848073141	278.0
335.9580853456646	278.0
335.96808588401507	278.0
335.97808642236555	278.0
335.988086960716	275.0
335.99808749906646	275.0
336.00808803741694	275.0
336.0180885757674	268.0
336.02808911411785	262.0
336.03808965246833	250.0
336.0480901908188	245.0
336.0580907291693	239.0
336.0680912675198	234.0
336.0780918058702	231.0
336.0880923442207	228.0
336.09809288257117	228.0
336.10809342092165	226.0
336.1180939592721	220.0
336.12809449762256	213.0
336.13809503597304	208.0
336.1480955743235	206.0
336.158096112674	208.0
336.1680966510244	231.0
336.1780971893749	256.0
336.1880977277254	268.0
336.1980982660759	275.0
336.2080988044263	278.0
336.2180993427768	284.0
336.22809988112726	288.0
336.23810041947775	288.0
336.24810095782817	288.0
336.25810149617865	288.0
336.26810203452914	284.0
336.2781025728796	278.0
336.2881031112301	275.0
336.2981036495805	268.0
336.308104187931	262.0
336.3181047262815	253.0
336.328105264632	248.0
336.3381058029824	242.0
336.3481063413329	239.0
336.35810687968336	236.0
336.36810741803384	236.0
336.37810795638427	236.0
336.38810849473475	236.0
336.39810903308523	234.0
336.4081095714357	234.0
336.4181101097862	234.0
336.4281106481366	236.0
336.4381111864871	242.0
336.4481117248376	248.0
336.45811226318807	253.0
336.4681128015385	259.0
336.478113339889	262.0
336.48811387823946	265.0
336.49811441658994	268.0
336.5081149549404	268.0
336.51811549329085	259.0
336.52811603164133	220.0
336.5381165699918	203.0
336.5481171083423	187.0
336.5581176466927	179.0
336.5681181850432	177.0
336.5781187233937	179.0
336.58811926174417	183.0
336.5981198000946	199.0
336.6081203384451	206.0
336.61812087679556	210.0
336.62812141514604	210.0
336.6381219534965	213.0
336.64812249184695	213.0
336.65812303019743	213.0
336.6681235685479	213.0
336.6781241068984	213.0
336.6881246452488	213.0
336.6981251835993	213.0
336.7081257219498	213.0
336.71812626030027	213.0
336.72812679865075	213.0
336.7381273370012	213.0
336.74812787535166	213.0
336.75812841370214	213.0
336.7681289520526	213.0
336.77812949040305	213.0
336.7881300287535	213.0
336.798130567104	210.0
336.8081311054545	210.0
336.8181316438049	210.0
336.8281321821554	208.0
336.8381327205059	206.0
336.84813325885636	203.0
336.85813379720685	201.0
336.8681343355573	194.0
336.87813487390775	190.0
336.88813541225824	187.0
336.8981359506087	187.0
336.90813648895914	190.0
336.9181370273096	196.0
336.9281375656601	210.0
336.9381381040106	213.0
336.9481386423611	215.0
336.9581391807115	215.0
336.968139719062	215.0
336.97814025741246	215.0
336.98814079576294	213.0
336.99814133411337	213.0
337.00814187246385	213.0
337.01814241081433	210.0
337.0281429491648	208.0
337.03814348751524	206.0
337.0481440258657	199.0
337.0581445642162	192.0
337.0681451025667	185.0
337.07814564091717	179.0
337.0881461792676	173.0
337.0981467176181	173.0
337.10814725596856	171.0
337.11814779431904	171.0
337.12814833266947	173.0
337.13814887101995	173.0
337.14814940937043	173.0
337.1581499477209	173.0
337.1681504860714	175.0
337.1781510244218	175.0
337.1881515627723	177.0
337.1981521011228	177.0
337.20815263947327	177.0
337.2181531778237	179.0
337.2281537161742	179.0
337.23815425452466	181.0
337.24815479287514	185.0
337.25815533122557	190.0
337.26815586957605	194.0
337.27815640792653	199.0
337.288156946277	199.0
337.2981574846275	196.0
337.3081580229779	192.0
337.3181585613284	185.0
337.3281590996789	181.0
337.33815963802937	175.0
337.3481601763798	169.0
337.3581607147303	165.0
337.36816125308076	161.0
337.37816179143124	159.0
337.3881623297817	159.0
337.39816286813215	158.0
337.40816340648263	158.0
337.4181639448331	158.0
337.4281644831836	159.0
337.438165021534	159.0
337.4481655598845	159.0
337.458166098235	161.0
337.46816663658547	161.0
337.4781671749359	163.0
337.4881677132864	163.0
337.49816825163686	165.0
337.50816878998734	167.0
337.5181693283378	169.0
337.52816986668824	171.0
337.5381704050387	171.0
337.5481709433892	169.0
337.5581714817397	167.0
337.5681720200901	165.0
337.5781725584406	159.0
337.5881730967911	152.0
337.59817363514156	0.0
337.60817417349205	0.0
337.61817471184247	0.0
337.62817525019295	0.0
337.63817578854344	0.0
337.6481763268939	0.0
337.65817686524434	0.0
337.6681774035948	0.0
337.6781779419453	0.0
337.6881784802958	0.0
337.6981790186462	142.0
337.7081795569967	139.0
337.7181800953472	139.0
337.72818063369766	137.0
337.73818117204814	137.0
337.74818171039857	139.0
337.75818224874905	139.0
337.76818278709953	139.0
337.77818332545	139.0
337.78818386380044	139.0
337.7981844021509	139.0
337.8081849405014	139.0
337.8181854788519	139.0
337.82818601720237	139.0
337.8381865555528	139.0
337.8481870939033	140.0
337.85818763225376	140.0
337.86818817060424	140.0
337.87818870895467	139.0
337.88818924730515	139.0
337.89818978565563	136.0
337.9081903240061	132.0
337.91819086235654	131.0
337.928191400707	129.0
337.9381919390575	132.0
337.948192477408	137.0
337.95819301575847	142.0
337.9681935541089	149.0
337.9781940924594	158.0
337.98819463080986	167.0
337.99819516916034	177.0
338.00819570751077	181.0
338.01819624586125	183.0
338.02819678421173	181.0
338.0381973225622	175.0
338.04819786091264	169.0
338.0581983992631	163.0
338.0681989376136	159.0
338.0781994759641	156.0
338.08820001431457	154.0
338.098200552665	154.0
338.1082010910155	156.0
338.11820162936596	159.0
338.12820216771644	165.0
338.13820270606686	171.0
338.14820324441735	175.0
338.1582037827678	175.0
338.1682043211183	175.0
338.1782048594688	173.0
338.1882053978192	171.0
338.1982059361697	167.0
338.2082064745202	163.0
338.21820701287066	158.0
338.2282075512211	154.0
338.2382080895716	149.0
338.24820862792205	149.0
338.25820916627254	154.0
338.26820970462296	161.0
338.27821024297344	167.0
338.2882107813239	175.0
338.2982113196744	181.0
338.3082118580249	190.0
338.3182123963753	199.0
338.3282129347258	196.0
338.3382134730763	190.0
338.34821401142676	181.0
338.3582145497772	169.0
338.36821508812767	159.0
338.37821562647815	149.0
338.38821616482863	142.0
338.3982167031791	139.0
338.40821724152954	132.0
338.41821777988	136.0
338.4282183182305	137.0
338.438218856581	140.0
338.4482193949314	144.0
338.4582199332819	147.0
338.4682204716324	150.0
338.47822100998286	152.0
338.4882215483333	154.0
338.49822208668377	156.0
338.50822262503425	158.0
338.51822316338473	161.0
338.5282237017352	161.0
338.53822424008564	163.0
338.5482247784361	163.0
338.5582253167866	163.0
338.5682258551371	161.0
338.5782263934875	159.0
338.588226931838	158.0
338.5982274701885	156.0
338.60822800853896	152.0
338.61822854688944	150.0
338.62822908523987	147.0
338.63822962359035	144.0
338.64823016194083	142.0
338.6582307002913	140.0
338.66823123864174	139.0
338.6782317769922	139.0
338.6882323153427	139.0
338.6982328536932	139.0
338.7082333920436	139.0
338.7182339303941	140.0
338.7282344687446	140.0
338.73823500709506	142.0
338.74823554544554	142.0
338.75823608379596	142.0
338.76823662214645	142.0
338.77823716049693	142.0
338.7882376988474	142.0
338.79823823719784	142.0
338.8082387755483	142.0
338.8182393138988	142.0
338.8282398522493	142.0
338.83824039059976	142.0
338.8482409289502	142.0
338.8582414673007	142.0
338.86824200565115	142.0
338.87824254400164	142.0
338.88824308235206	142.0
338.89824362070254	142.0
338.908244159053	142.0
338.9182446974035	142.0
338.92824523575393	142.0
338.9382457741044	142.0
338.9482463124549	142.0
338.9582468508054	142.0
338.96824738915586	142.0
338.9782479275063	142.0
338.98824846585677	142.0
338.99824900420725	144.0
339.00824954255773	144.0
339.01825008090816	142.0
339.02825061925864	142.0
339.0382511576091	142.0
339.0482516959596	140.0
339.0582522343101	140.0
339.0682527726605	140.0
339.078253311011	140.0
339.0882538493615	140.0
339.09825438771196	142.0
339.1082549260624	142.0
339.11825546441287	142.0
339.12825600276335	140.0
339.13825654111383	140.0
339.14825707946426	140.0
339.15825761781474	140.0
339.1682581561652	140.0
339.1782586945157	140.0
339.1882592328662	140.0
339.1982597712166	140.0
339.2082603095671	140.0
339.2182608479176	140.0
339.22826138626806	140.0
339.2382619246185	139.0
339.24826246296897	139.0
339.25826300131945	140.0
339.26826353966993	140.0
339.2782640780204	140.0
339.28826461637084	142.0
339.2982651547213	142.0
339.3082656930718	142.0
339.3182662314223	140.0
339.3282667697727	140.0
339.3382673081232	139.0
339.3482678464737	139.0
339.35826838482416	139.0
339.3682689231746	139.0
339.37826946152506	139.0
339.38826999987555	140.0
339.39827053822603	140.0
339.4082710765765	140.0
339.41827161492694	140.0
339.4282721532774	140.0
339.4382726916279	140.0
339.4482732299784	140.0
339.4582737683288	140.0
339.4682743066793	140.0
339.4782748450298	140.0
339.48827538338026	140.0
339.49827592173074	140.0
339.50827646008116	140.0
339.51827699843165	140.0
339.5282775367821	140.0
339.5382780751326	142.0
339.54827861348303	142.0
339.5582791518335	142.0
339.568279690184	142.0
339.5782802285345	142.0
339.5882807668849	142.0
339.5982813052354	142.0
339.60828184358587	142.0
339.61828238193635	142.0
339.62828292028684	142.0
339.63828345863726	142.0
339.64828399698774	142.0
339.6582845353382	142.0
339.6682850736887	142.0
339.67828561203913	142.0
339.6882861503896	142.0
339.6982866887401	142.0
339.7082872270906	142.0
339.718287765441	142.0
339.7282883037915	144.0
339.73828884214197	144.0
339.74828938049245	144.0
339.75828991884293	144.0
339.76829045719336	142.0
339.77829099554384	140.0
339.7882915338943	139.0
339.7982920722448	137.0
339.80829261059523	136.0
339.8182931489457	136.0
339.8282936872962	139.0
339.8382942256467	0.0
339.84829476399716	0.0
339.8582953023476	0.0
339.86829584069807	0.0
339.87829637904855	0.0
339.88829691739903	0.0
339.89829745574946	0.0
339.90829799409994	0.0
339.9182985324504	0.0
339.9282990708009	0.0
339.93829960915133	0.0
339.9483001475018	0.0
339.9583006858523	0.0
339.9683012242028	0.0
339.97830176255326	0.0
339.9883023009037	0.0
339.99830283925417	0.0
340.00830337760465	0.0
340.01830391595513	0.0
340.02830445430556	0.0
340.03830499265604	0.0
340.0483055310065	0.0
340.058306069357	0.0
340.0683066077075	0.0
340.0783071460579	0.0
340.0883076844084	0.0
340.0983082227589	0.0
340.10830876110936	0.0
340.1183092994598	0.0
340.12830983781026	0.0
340.13831037616075	0.0
340.1483109145112	0.0
340.15831145286165	0.0
340.16831199121214	0.0
340.1783125295626	0.0
340.1883130679131	0.0
340.1983136062636	0.0
340.208314144614	0.0
340.2183146829645	0.0
340.228315221315	0.0
340.23831575966545	0.0
340.2483162980159	0.0
340.25831683636636	0.0
340.26831737471684	0.0
340.2783179130673	0.0
340.2883184514178	0.0
340.29831898976823	0.0
340.3083195281187	0.0
340.3183200664692	0.0
340.3283206048197	0.0
340.3383211431701	0.0
340.3483216815206	0.0
340.35832221987107	0.0
340.36832275822155	0.0
340.378323296572	0.0
340.38832383492246	0.0
340.39832437327294	139.0
340.4083249116234	139.0
340.4183254499739	137.0
340.42832598832433	137.0
340.4383265266748	137.0
340.4483270650253	139.0
340.4583276033758	139.0
340.4683281417262	140.0
340.4783286800767	140.0
340.48832921842717	142.0
340.49832975677765	142.0
340.50833029512813	142.0
340.51833083347856	142.0
340.52833137182904	142.0
340.5383319101795	142.0
340.54833244853	140.0
340.55833298688043	140.0
340.5683335252309	140.0
340.5783340635814	140.0
340.5883346019319	140.0
340.5983351402823	140.0
340.6083356786328	140.0
340.61833621698327	140.0
340.62833675533375	139.0
340.63833729368423	137.0
340.64833783203466	136.0
340.65833837038514	134.0
340.6683389087356	137.0
340.6783394470861	0.0
340.6883399854365	0.0
340.698340523787	0.0
340.7083410621375	0.0
340.718341600488	0.0
340.72834213883846	0.0
340.7383426771889	0.0
340.74834321553936	140.0
340.75834375388985	139.0
340.76834429224033	139.0
340.77834483059075	137.0
340.78834536894124	139.0
340.7983459072917	139.0
340.8083464456422	140.0
340.8183469839926	140.0
340.8283475223431	142.0
340.8383480606936	142.0
340.8483485990441	142.0
340.85834913739455	142.0
340.868349675745	142.0
340.87835021409546	142.0
340.88835075244594	142.0
340.8983512907964	142.0
340.90835182914685	142.0
340.91835236749733	142.0
340.9283529058478	142.0
340.9383534441983	140.0
340.9483539825488	140.0
340.9583545208992	140.0
340.9683550592497	142.0
340.97835559760017	142.0
340.98835613595065	140.0
340.9983566743011	140.0
341.00835721265156	139.0
341.01835775100204	137.0
341.0283582893525	137.0
341.03835882770295	137.0
341.04835936605343	137.0
341.0583599044039	139.0
341.0683604427544	139.0
341.0783609811049	140.0
341.0883615194553	139.0
341.0983620578058	139.0
341.10836259615627	139.0
341.11836313450675	139.0
341.1283636728572	139.0
341.13836421120766	140.0
341.14836474955814	140.0
341.1583652879086	142.0
341.1683658262591	147.0
341.17836636460953	152.0
341.18836690296	158.0
341.1983674413105	165.0
341.208367979661	173.0
341.2183685180114	179.0
341.2283690563619	185.0
341.23836959471237	187.0
341.24837013306285	187.0
341.2583706714133	185.0
341.26837120976376	179.0
341.27837174811424	173.0
341.2883722864647	167.0
341.2983728248152	161.0
341.30837336316563	158.0
341.3183739015161	156.0
341.3283744398666	154.0
341.3383749782171	154.0
341.3483755165675	154.0
341.358376054918	154.0
341.36837659326847	154.0
341.37837713161895	156.0
341.3883776699694	156.0
341.39837820831985	156.0
341.40837874667034	158.0
341.4183792850208	158.0
341.4283798233713	161.0
341.4383803617217	165.0
341.4483809000722	171.0
341.4583814384227	177.0
341.4683819767732	181.0
341.4783825151236	183.0
341.4883830534741	183.0
341.49838359182456	183.0
341.50838413017505	181.0
341.5183846685255	181.0
341.52838520687595	179.0
341.53838574522644	175.0
341.5483862835769	173.0
341.5583868219274	171.0
341.5683873602778	169.0
341.5783878986283	165.0
341.5883884369788	163.0
341.59838897532927	161.0
341.6083895136797	159.0
341.6183900520302	158.0
341.62839059038066	158.0
341.63839112873114	158.0
341.6483916670816	158.0
341.65839220543205	158.0
341.66839274378253	158.0
341.678393282133	158.0
341.6883938204835	158.0
341.6983943588339	158.0
341.7083948971844	158.0
341.7183954355349	156.0
341.72839597388537	154.0
341.73839651223585	154.0
341.7483970505863	152.0
341.75839758893676	154.0
341.76839812728724	158.0
341.7783986656377	161.0
341.78839920398815	167.0
341.79839974233863	177.0
341.8084002806891	187.0
341.8184008190396	192.0
341.82840135739	192.0
341.8384018957405	192.0
341.848402434091	190.0
341.85840297244147	185.0
341.86840351079195	181.0
341.8784040491424	179.0
341.88840458749286	177.0
341.89840512584334	175.0
341.9084056641938	175.0
341.91840620254425	177.0
341.92840674089473	177.0
341.9384072792452	177.0
341.9484078175957	177.0
341.9584083559462	179.0
341.9684088942966	179.0
341.9784094326471	179.0
341.98840997099757	179.0
341.99841050934805	181.0
342.0084110476985	181.0
342.01841158604896	181.0
342.02841212439944	181.0
342.0384126627499	181.0
342.04841320110035	179.0
342.0584137394508	179.0
342.0684142778013	175.0
342.0784148161518	175.0
342.0884153545023	175.0
342.0984158928527	175.0
342.1084164312032	179.0
342.11841696955366	181.0
342.12841750790415	183.0
342.13841804625457	179.0
342.14841858460505	169.0
342.15841912295554	161.0
342.168419661306	152.0
342.1784201996565	144.0
342.1884207380069	140.0
342.1984212763574	140.0
342.2084218147079	142.0
342.2184223530584	145.0
342.2284228914088	149.0
342.2384234297593	154.0
342.24842396810976	165.0
342.25842450646024	169.0
342.26842504481067	173.0
342.27842558316115	177.0
342.28842612151163	179.0
342.2984266598621	179.0
342.3084271982126	179.0
342.318427736563	179.0
342.3284282749135	177.0
342.338428813264	177.0
342.34842935161447	175.0
342.3584298899649	175.0
342.3684304283154	173.0
342.37843096666586	173.0
342.38843150501634	169.0
342.3984320433668	167.0
342.40843258171725	161.0
342.41843312006773	158.0
342.4284336584182	0.0
342.4384341967687	0.0
342.4484347351191	0.0
342.4584352734696	0.0
342.4684358118201	0.0
342.47843635017057	0.0
342.488436888521	0.0
342.4984374268715	0.0
342.50843796522196	0.0
342.51843850357244	215.0
342.5284390419229	215.0
342.53843958027335	213.0
342.54844011862383	210.0
342.5584406569743	210.0
342.5684411953248	208.0
342.5784417336752	208.0
342.5884422720257	208.0
342.5984428103762	208.0
342.60844334872667	208.0
342.61844388707715	208.0
342.6284444254276	208.0
342.63844496377806	208.0
342.64844550212854	208.0
342.658446040479	208.0
342.66844657882945	208.0
342.6784471171799	210.0
342.6884476555304	210.0
342.6984481938809	213.0
342.7084487322313	213.0
342.7184492705818	213.0
342.7284498089323	210.0
342.73845034728276	208.0
342.74845088563325	206.0
342.7584514239837	192.0
342.76845196233415	0.0
342.77845250068464	0.0
342.7884530390351	0.0
342.79845357738554	0.0
342.808454115736	0.0
342.8184546540865	0.0
342.828455192437	0.0
342.8384557307875	0.0
342.8484562691379	226.0
342.8584568074884	223.0
342.86845734583886	220.0
342.87845788418934	218.0
342.88845842253977	215.0
342.89845896089025	213.0
342.90845949924073	213.0
342.9184600375912	213.0
342.92846057594164	213.0
342.9384611142921	213.0
342.9484616526426	213.0
342.9584621909931	213.0
342.96846272934357	213.0
342.978463267694	213.0
342.9884638060445	213.0
342.99846434439496	213.0
343.00846488274544	215.0
343.01846542109587	215.0
343.02846595944635	215.0
343.03846649779683	215.0
343.0484670361473	215.0
343.05846757449774	213.0
343.0684681128482	213.0
343.0784686511987	210.0
343.0884691895492	208.0
343.09846972789967	206.0
343.1084702662501	199.0
343.1184708046006	190.0
343.12847134295106	185.0
343.13847188130154	183.0
343.14847241965197	183.0
343.15847295800245	181.0
343.16847349635293	181.0
343.1784740347034	181.0
343.1884745730539	185.0
343.1984751114043	192.0
343.2084756497548	201.0
343.2184761881053	215.0
343.22847672645577	215.0
343.2384772648062	213.0
343.2484778031567	208.0
343.25847834150716	206.0
343.26847887985764	203.0
343.27847941820806	201.0
343.28847995655855	201.0
343.29848049490903	201.0
343.3084810332595	206.0
343.31848157161	213.0
343.3284821099604	220.0
343.3384826483109	234.0
343.3484831866614	245.0
343.35848372501187	259.0
343.3684842633623	268.0
343.3784848017128	275.0
343.38848534006326	281.0
343.39848587841374	281.0
343.4084864167642	281.0
343.41848695511464	278.0
343.4284874934651	275.0
343.4384880318156	268.0
343.4484885701661	265.0
343.4584891085165	256.0
343.468489646867	250.0
343.4784901852175	245.0
343.48849072356796	239.0
343.4984912619184	236.0
343.50849180026887	236.0
343.51849233861935	234.0
343.52849287696984	236.0
343.5384934153203	234.0
343.54849395367074	231.0
343.5584944920212	223.0
343.5684950303717	215.0
343.5784955687222	215.0
343.5884961070726	220.0
343.5984966454231	234.0
343.6084971837736	281.0
343.61849772212406	284.0
343.62849826047454	284.0
343.63849879882497	284.0
343.64849933717545	281.0
343.65849987552593	281.0
343.6685004138764	281.0
343.67850095222684	278.0
343.6885014905773	278.0
343.6985020289278	275.0
343.7085025672783	272.0
343.7185031056287	268.0
343.7285036439792	262.0
343.7385041823297	259.0
343.74850472068016	250.0
343.75850525903064	245.0
343.76850579738107	239.0
343.77850633573155	236.0
343.78850687408203	234.0
343.7985074124325	234.0
343.80850795078294	234.0
343.8185084891334	231.0
343.8285090274839	231.0
343.8385095658344	226.0
343.84851010418487	0.0
343.8585106425353	0.0
343.8685111808858	0.0
343.87851171923626	0.0
343.88851225758674	0.0
343.89851279593717	0.0
343.90851333428765	0.0
343.91851387263813	0.0
343.9285144109886	0.0
343.93851494933904	0.0
343.9485154876895	0.0
343.95851602604	0.0
343.9685165643905	0.0
343.97851710274097	0.0
343.9885176410914	0.0
343.9985181794419	0.0
344.00851871779236	0.0
344.01851925614284	0.0
344.02851979449326	0.0
344.03852033284375	0.0
344.0485208711942	0.0
344.0585214095447	0.0
344.0685219478952	0.0
344.0785224862456	0.0
344.0885230245961	0.0
344.0985235629466	0.0
344.10852410129706	0.0
344.1185246396475	0.0
344.128525177998	0.0
344.13852571634845	0.0
344.14852625469894	284.0
344.15852679304936	281.0
344.16852733139984	278.0
344.1785278697503	278.0
344.1885284081008	278.0
344.1985289464513	278.0
344.2085294848017	275.0
344.2185300231522	275.0
344.2285305615027	275.0
344.23853109985316	275.0
344.2485316382036	275.0
344.25853217655407	278.0
344.26853271490455	278.0
344.27853325325503	278.0
344.2885337916055	281.0
344.29853432995594	281.0
344.3085348683064	284.0
344.3185354066569	284.0
344.3285359450074	284.0
344.3385364833578	281.0
344.3485370217083	281.0
344.3585375600588	281.0
344.36853809840926	278.0
344.3785386367597	272.0
344.38853917511017	268.0
344.39853971346065	265.0
344.40854025181113	268.0
344.4185407901616	272.0
344.42854132851204	281.0
344.4385418668625	301.0
344.448542405213	323.0
344.4585429435635	334.0
344.4685434819139	346.0
344.4785440202644	354.0
344.4885445586149	358.0
344.49854509696536	363.0
344.50854563531584	363.0
344.51854617366627	363.0
344.52854671201675	358.0
344.53854725036723	350.0
344.5485477887177	346.0
344.55854832706814	342.0
344.5685488654186	334.0
344.5785494037691	327.0
344.5885499421196	323.0
344.59855048047	316.0
344.6085510188205	312.0
344.618551557171	312.0
344.62855209552146	312.0
344.63855263387194	312.0
344.64855317222236	312.0
344.65855371057285	312.0
344.66855424892333	312.0
344.6785547872738	308.0
344.68855532562424	275.0
344.6985558639747	272.0
344.7085564023252	272.0
344.7185569406757	275.0
344.72855747902616	281.0
344.7385580173766	346.0
344.7485585557271	358.0
344.75855909407755	371.0
344.76855963242804	375.0
344.77856017077846	375.0
344.78856070912894	375.0
344.7985612474794	371.0
344.8085617858299	371.0
344.81856232418033	367.0
344.8285628625308	363.0
344.8385634008813	363.0
344.8485639392318	358.0
344.85856447758226	358.0
344.8685650159327	358.0
344.87856555428317	354.0
344.88856609263365	354.0
344.89856663098413	350.0
344.90856716933456	350.0
344.91856770768504	346.0
344.9285682460355	346.0
344.938568784386	346.0
344.94856932273643	346.0
344.9585698610869	346.0
344.9685703994374	346.0
344.9785709377879	350.0
344.98857147613836	350.0
344.9985720144888	350.0
345.00857255283927	354.0
345.01857309118975	350.0
345.02857362954023	346.0
345.03857416789066	346.0
345.04857470624114	346.0
345.0585752445916	350.0
345.0685757829421	354.0
345.0785763212926	358.0
345.088576859643	363.0
345.0985773979935	363.0
345.108577936344	363.0
345.11857847469446	363.0
345.1285790130449	363.0
345.13857955139537	363.0
345.14858008974585	363.0
345.15858062809633	358.0
345.16858116644676	358.0
345.17858170479724	358.0
345.1885822431477	354.0
345.1985827814982	354.0
345.2085833198487	350.0
345.2185838581991	346.0
345.2285843965496	342.0
345.2385849349001	338.0
345.24858547325056	334.0
345.258586011601	331.0
345.26858654995146	323.0
345.27858708830195	323.0
345.28858762665243	319.0
345.2985881650029	319.0
345.30858870335334	319.0
345.3185892417038	319.0
345.3285897800543	319.0
345.3385903184048	319.0
345.3485908567552	319.0
345.3585913951057	316.0
345.3685919334562	316.0
345.37859247180666	312.0
345.3885930101571	0.0
345.39859354850756	278.0
345.40859408685805	275.0
345.4185946252085	275.0
345.428595163559	278.0
345.43859570190943	284.0
345.4485962402599	294.0
345.4585967786104	342.0
345.4685973169609	371.0
345.4785978553113	375.0
345.4885983936618	375.0
345.49859893201227	375.0
345.50859947036275	375.0
345.51860000871324	375.0
345.52860054706366	371.0
345.53860108541414	367.0
345.5486016237646	367.0
345.5586021621151	363.0
345.56860270046553	363.0
345.578603238816	358.0
345.5886037771665	358.0
345.598604315517	358.0
345.6086048538674	354.0
345.6186053922179	354.0
345.62860593056837	354.0
345.63860646891885	354.0
345.64860700726933	350.0
345.65860754561976	350.0
345.66860808397024	350.0
345.6786086223207	350.0
345.6886091606712	350.0
345.69860969902163	350.0
345.7086102373721	350.0
345.7186107757226	350.0
345.7286113140731	350.0
345.73861185242356	350.0
345.748612390774	350.0
345.75861292912447	350.0
345.76861346747495	358.0
345.77861400582543	367.0
345.78861454417586	375.0
345.79861508252634	375.0
345.8086156208768	375.0
345.8186161592273	371.0
345.82861669757773	371.0
345.8386172359282	371.0
345.8486177742787	371.0
345.8586183126292	367.0
345.86861885097966	363.0
345.8786193893301	358.0
345.88861992768057	358.0
345.89862046603105	354.0
345.90862100438153	350.0
345.91862154273196	342.0
345.92862208108244	338.0
345.9386226194329	334.0
345.9486231577834	331.0
345.9586236961339	327.0
345.9686242344843	327.0
345.9786247728348	323.0
345.9886253111853	323.0
345.99862584953576	323.0
346.0086263878862	323.0
346.01862692623666	323.0
346.02862746458715	323.0
346.0386280029376	323.0
346.04862854128805	319.0
346.05862907963854	319.0
346.068629617989	319.0
346.0786301563395	319.0
346.08863069469	319.0
346.0986312330404	316.0
346.1086317713909	312.0
346.1186323097414	308.0
346.12863284809185	319.0
346.1386333864423	331.0
346.14863392479276	342.0
346.15863446314324	346.0
346.1686350014937	342.0
346.1786355398442	342.0
346.18863607819463	342.0
346.1986366165451	342.0
346.2086371548956	342.0
346.2186376932461	338.0
346.2286382315965	334.0
346.238638769947	331.0
346.24863930829747	323.0
346.25863984664795	316.0
346.2686403849984	308.0
346.27864092334886	298.0
346.28864146169934	291.0
346.2986420000498	284.0
346.3086425384003	278.0
346.31864307675073	272.0
346.3286436151012	265.0
346.3386441534517	259.0
346.3486446918022	253.0
346.3586452301526	248.0
346.3686457685031	245.0
346.37864630685357	242.0
346.38864684520405	239.0
346.39864738355453	236.0
346.40864792190496	234.0
346.41864846025544	231.0
346.4286489986059	228.0
346.4386495369564	228.0
346.44865007530683	228.0
346.4586506136573	231.0
346.4686511520078	231.0
346.4786516903583	231.0
346.4886522287087	226.0
346.4986527670592	215.0
346.50865330540967	208.0
346.51865384376015	208.0
346.52865438211063	213.0
346.53865492046106	218.0
346.54865545881154	0.0
346.558655997162	284.0
346.5686565355125	284.0
346.5786570738629	284.0
346.5886576122134	281.0
346.5986581505639	281.0
346.6086586889144	278.0
346.6186592272648	278.0
346.6286597656153	278.0
346.63866030396576	278.0
346.64866084231625	278.0
346.65866138066673	278.0
346.66866191901715	281.0
346.67866245736764	281.0
346.6886629957181	281.0
346.6986635340686	284.0
346.708664072419	284.0
346.7186646107695	288.0
346.72866514912	288.0
346.7386656874705	284.0
346.74866622582095	284.0
346.7586667641714	284.0
346.76866730252186	284.0
346.77866784087234	284.0
346.7886683792228	284.0
346.79866891757325	284.0
346.80866945592373	284.0
346.8186699942742	284.0
346.8286705326247	284.0
346.8386710709751	284.0
346.8486716093256	284.0
346.8586721476761	284.0
346.86867268602657	294.0
346.87867322437705	308.0
346.8886737627275	319.0
346.89867430107796	334.0
346.90867483942844	354.0
346.9186753777789	363.0
346.92867591612935	367.0
346.93867645447983	367.0
346.9486769928303	363.0
346.9586775311808	358.0
346.9686780695313	354.0
346.9786786078817	346.0
346.9886791462322	338.0
346.99867968458267	334.0
347.00868022293315	331.0
347.0186807612836	327.0
347.02868129963406	323.0
347.03868183798454	319.0
347.048682376335	319.0
347.05868291468545	319.0
347.06868345303593	316.0
347.0786839913864	316.0
347.0886845297369	316.0
347.0986850680874	319.0
347.1086856064378	319.0
347.1186861447883	327.0
347.12868668313877	331.0
347.13868722148925	338.0
347.1486877598397	346.0
347.15868829819016	354.0
347.16868883654064	358.0
347.1786893748911	363.0
347.1886899132416	363.0
347.19869045159203	354.0
347.2086909899425	342.0
347.218691528293	294.0
347.2286920666435	281.0
347.2386926049939	272.0
347.2486931433444	253.0
347.25869368169487	242.0
347.26869422004535	248.0
347.2786947583958	272.0
347.28869529674625	272.0
347.29869583509674	275.0
347.3086963734472	275.0
347.3186969117977	275.0
347.3286974501481	275.0
347.3386979884986	278.0
347.3486985268491	278.0
347.3586990651996	278.0
347.36869960355	278.0
347.3787001419005	281.0
347.38870068025096	281.0
347.39870121860145	281.0
347.4087017569519	281.0
347.41870229530235	284.0
347.42870283365284	284.0
347.4387033720033	284.0
347.4487039103538	284.0
347.4587044487042	284.0
347.4687049870547	284.0
347.4787055254052	281.0
347.48870606375567	281.0
347.4987066021061	281.0
347.5087071404566	281.0
347.51870767880706	281.0
347.52870821715754	281.0
347.538708755508	284.0
347.54870929385845	281.0
347.55870983220893	281.0
347.5687103705594	275.0
347.5787109089099	272.0
347.5887114472603	278.0
347.5987119856108	294.0
347.6087125239613	308.0
347.61871306231177	319.0
347.62871360066225	350.0
347.6387141390127	354.0
347.64871467736316	358.0
347.65871521571364	358.0
347.6687157540641	363.0
347.67871629241455	358.0
347.68871683076503	354.0
347.6987173691155	346.0
347.708717907466	342.0
347.7187184458164	334.0
347.7287189841669	327.0
347.7387195225174	323.0
347.74872006086787	319.0
347.75872059921835	316.0
347.7687211375688	316.0
347.77872167591926	316.0
347.78872221426974	316.0
347.7987227526202	316.0
347.80872329097065	316.0
347.81872382932113	319.0
347.8287243676716	323.0
347.8387249060221	327.0
347.8487254443726	334.0
347.858725982723	342.0
347.8687265210735	350.0
347.87872705942397	363.0
347.88872759777445	363.0
347.8987281361249	363.0
347.90872867447536	358.0
347.91872921282584	346.0
347.9287297511763	319.0
347.93873028952675	281.0
347.9487308278772	272.0
347.9587313662277	259.0
347.9687319045782	236.0
347.9787324429287	239.0
347.9887329812791	275.0
347.9987335196296	275.0
348.00873405798006	278.0
348.01873459633055	281.0
348.02873513468097	281.0
348.03873567303145	281.0
348.04873621138194	281.0
348.0587367497324	281.0
348.0687372880829	281.0
348.0787378264333	281.0
348.0887383647838	281.0
348.0987389031343	281.0
348.1087394414848	284.0
348.1187399798352	284.0
348.1287405181857	284.0
348.13874105653616	284.0
348.14874159488664	281.0
348.15874213323707	275.0
348.16874267158755	272.0
348.17874320993803	265.0
348.1887437482885	0.0
348.198744286639	0.0
348.2087448249894	0.0
348.2187453633399	0.0
348.2287459016904	0.0
348.23874644004087	0.0
348.2487469783913	0.0
348.2587475167418	0.0
348.26874805509226	0.0
348.27874859344274	0.0
348.28874913179317	0.0
348.29874967014365	0.0
348.30875020849413	0.0
348.3187507468446	0.0
348.3287512851951	0.0
348.3387518235455	0.0
348.348752361896	0.0
348.3587529002465	0.0
348.36875343859697	0.0
348.3787539769474	0.0
348.3887545152979	0.0
348.39875505364836	0.0
348.40875559199884	0.0
348.4187561303493	0.0
348.42875666869975	0.0
348.43875720705023	0.0
348.4487577454007	0.0
348.4587582837512	0.0
348.4687588221016	0.0
348.4787593604521	213.0
348.4887598988026	210.0
348.49876043715307	210.0
348.5087609755035	208.0
348.518761513854	208.0
348.52876205220446	208.0
348.53876259055494	210.0
348.5487631289054	210.0
348.55876366725585	210.0
348.5687642056063	213.0
348.5787647439568	213.0
348.5887652823073	215.0
348.5987658206577	215.0
348.6087663590082	215.0
348.6187668973587	213.0
348.62876743570916	210.0
348.63876797405965	210.0
348.6487685124101	210.0
348.65876905076055	208.0
348.66876958911104	194.0
348.6787701274615	187.0
348.68877066581194	187.0
348.6987712041624	190.0
348.7087717425129	194.0
348.7187722808634	201.0
348.7287728192138	278.0
348.7387733575643	284.0
348.7487738959148	288.0
348.75877443426526	288.0
348.76877497261574	284.0
348.77877551096617	281.0
348.78877604931665	275.0
348.79877658766713	268.0
348.8087771260176	259.0
348.81877766436804	236.0
348.8287782027185	228.0
348.838778741069	223.0
348.8487792794195	220.0
348.85877981776997	220.0
348.8687803561204	226.0
348.8787808944709	234.0
348.88878143282136	248.0
348.89878197117184	259.0
348.90878250952227	268.0
348.91878304787275	278.0
348.92878358622323	281.0
348.9387841245737	284.0
348.94878466292414	281.0
348.9587852012746	278.0
348.9687857396251	275.0
348.9787862779756	268.0
348.98878681632607	259.0
348.9987873546765	250.0
349.008787893027	245.0
349.01878843137746	242.0
349.02878896972794	236.0
349.03878950807837	234.0
349.04879004642885	231.0
349.05879058477933	228.0
349.0687911231298	220.0
349.0787916614803	213.0
349.0887921998307	203.0
349.0987927381812	199.0
349.1087932765317	203.0
349.11879381488217	0.0
349.1287943532326	0.0
349.1387948915831	281.0
349.14879542993356	278.0
349.15879596828404	278.0
349.16879650663446	275.0
349.17879704498495	278.0
349.18879758333543	278.0
349.1987981216859	278.0
349.2087986600364	278.0
349.2187991983868	278.0
349.2287997367373	281.0
349.2388002750878	281.0
349.24880081343827	281.0
349.2588013517887	281.0
349.2688018901392	281.0
349.27880242848966	281.0
349.28880296684014	281.0
349.2988035051906	281.0
349.30880404354104	284.0
349.3188045818915	284.0
349.328805120242	284.0
349.3388056585925	284.0
349.3488061969429	281.0
349.3588067352934	281.0
349.3688072736439	281.0
349.37880781199436	278.0
349.3888083503448	275.0
349.39880888869527	245.0
349.40880942704575	248.0
349.41880996539624	253.0
349.4288105037467	265.0
349.43881104209714	259.0
349.4488115804476	256.0
349.4588121187981	245.0
349.4688126571486	236.0
349.478813195499	234.0
349.4888137338495	228.0
349.4988142722	226.0
349.50881481055046	226.0
349.51881534890094	228.0
349.52881588725137	231.0
349.53881642560185	234.0
349.54881696395233	239.0
349.5588175023028	245.0
349.56881804065324	250.0
349.5788185790037	253.0
349.5888191173542	256.0
349.5988196557047	256.0
349.6088201940551	256.0
349.6188207324056	250.0
349.6288212707561	248.0
349.63882180910656	245.0
349.64882234745704	242.0
349.65882288580747	239.0
349.66882342415795	236.0
349.67882396250843	234.0
349.6888245008589	234.0
349.69882503920934	234.0
349.7088255775598	231.0
349.7188261159103	228.0
349.7288266542608	220.0
349.73882719261127	210.0
349.7488277309617	203.0
349.7588282693122	199.0
349.76882880766266	0.0
349.77882934601314	0.0
349.78882988436357	0.0
349.79883042271405	0.0
349.80883096106453	281.0
349.818831499415	278.0
349.82883203776544	278.0
349.8388325761159	278.0
349.8488331144664	278.0
349.8588336528169	278.0
349.86883419116737	278.0
349.8788347295178	278.0
349.8888352678683	278.0
349.89883580621876	278.0
349.90883634456924	278.0
349.91883688291966	278.0
349.92883742127015	281.0
349.9388379596206	281.0
349.9488384979711	281.0
349.95883903632154	284.0
349.968839574672	284.0
349.9788401130225	284.0
349.988840651373	284.0
349.99884118972346	284.0
350.0088417280739	284.0
350.0188422664244	284.0
350.02884280477485	281.0
350.03884334312534	281.0
350.04884388147576	278.0
350.05884441982624	275.0
350.0688449581767	268.0
350.0788454965272	265.0
350.0888460348777	265.0
350.0988465732281	278.0
350.1088471115786	281.0
350.1188476499291	284.0
350.12884818827956	284.0
350.13884872663	284.0
350.14884926498047	284.0
350.15884980333095	284.0
350.16885034168143	284.0
350.17885088003186	284.0
350.18885141838234	284.0
350.1988519567328	284.0
350.2088524950833	284.0
350.2188530334338	284.0
350.2288535717842	284.0
350.2388541101347	281.0
350.2488546484852	281.0
350.25885518683566	278.0
350.2688557251861	278.0
350.27885626353657	272.0
350.28885680188705	265.0
350.29885734023753	256.0
350.308857878588	248.0
350.31885841693844	239.0
350.3288589552889	236.0
350.3388594936394	236.0
350.3488600319899	236.0
350.3588605703403	236.0
350.3688611086908	239.0
350.3788616470413	239.0
350.38886218539176	239.0
350.3988627237422	239.0
350.40886326209267	236.0
350.41886380044315	228.0
350.42886433879363	218.0
350.4388648771441	218.0
350.44886541549454	223.0
350.458865953845	234.0
350.4688664921955	242.0
350.478867030546	248.0
350.4888675688964	253.0
350.4988681072469	256.0
350.5088686455974	259.0
350.51886918394786	262.0
350.52886972229834	265.0
350.53887026064876	265.0
350.54887079899925	262.0
350.55887133734973	256.0
350.5688718757002	250.0
350.57887241405064	245.0
350.5888729524011	239.0
350.5988734907516	231.0
350.6088740291021	226.0
350.6188745674525	220.0
350.628875105803	215.0
350.6388756441535	210.0
350.64887618250395	206.0
350.65887672085444	201.0
350.66887725920486	194.0
350.67887779755534	190.0
350.6888783359058	185.0
350.6988788742563	181.0
350.70887941260673	177.0
350.7188799509572	175.0
350.7288804893077	173.0
350.7388810276582	169.0
350.74888156600866	167.0
350.7588821043591	163.0
350.76888264270957	163.0
350.77888318106005	163.0
350.78888371941053	165.0
350.79888425776096	167.0
350.80888479611144	171.0
350.8188853344619	173.0
350.8288858728124	0.0
350.83888641116283	226.0
350.8488869495133	223.0
350.8588874878638	220.0
350.8688880262143	215.0
350.87888856456476	213.0
350.8888891029152	210.0
350.89888964126567	208.0
350.90889017961615	206.0
350.91889071796663	206.0
350.92889125631706	206.0
350.93889179466754	206.0
350.948892333018	208.0
350.9588928713685	208.0
350.968893409719	208.0
350.9788939480694	210.0
350.9888944864199	210.0
350.9988950247704	210.0
351.00889556312086	210.0
351.0188961014713	213.0
351.02889663982177	213.0
351.03889717817225	215.0
351.04889771652273	215.0
351.05889825487316	215.0
351.06889879322364	215.0
351.0788993315741	215.0
351.0888998699246	213.0
351.0989004082751	210.0
351.1089009466255	208.0
351.118901484976	201.0
351.1289020233265	194.0
351.13890256167696	192.0
351.1489031000274	192.0
351.15890363837786	196.0
351.16890417672835	201.0
351.17890471507883	223.0
351.1889052534293	272.0
351.19890579177974	275.0
351.2089063301302	272.0
351.2189068684807	278.0
351.2289074068312	281.0
351.2389079451816	281.0
351.2489084835321	281.0
351.2589090218826	278.0
351.26890956023306	275.0
351.2789100985835	268.0
351.28891063693396	262.0
351.29891117528445	256.0
351.3089117136349	248.0
351.3189122519854	242.0
351.32891279033583	239.0
351.3389133286863	236.0
351.3489138670368	234.0
351.3589144053873	231.0
351.3689149437377	228.0
351.3789154820882	228.0
351.38891602043867	228.0
351.39891655878915	231.0
351.40891709713964	234.0
351.41891763549006	239.0
351.42891817384054	248.0
351.438918712191	253.0
351.4489192505415	259.0
351.45891978889193	265.0
351.4689203272424	268.0
351.4789208655929	268.0
351.4889214039434	265.0
351.4989219422938	262.0
351.5089224806443	239.0
351.51892301899477	223.0
351.52892355734525	206.0
351.53892409569573	190.0
351.54892463404616	187.0
351.55892517239664	0.0
351.5689257107471	0.0
351.5789262490976	201.0
351.58892678744803	206.0
351.5989273257985	208.0
351.608927864149	208.0
351.6189284024995	208.0
351.6289289408499	206.0
351.6389294792004	206.0
351.64893001755087	206.0
351.65893055590135	206.0
351.66893109425183	208.0
351.67893163260226	208.0
351.68893217095274	208.0
351.6989327093032	210.0
351.7089332476537	210.0
351.71893378600413	210.0
351.7289343243546	213.0
351.7389348627051	213.0
351.7489354010556	213.0
351.75893593940606	213.0
351.7689364777565	213.0
351.77893701610697	213.0
351.78893755445745	213.0
351.79893809280793	213.0
351.80893863115836	213.0
351.81893916950884	213.0
351.8289397078593	213.0
351.8389402462098	210.0
351.8489407845602	206.0
351.8589413229107	199.0
351.8689418612612	194.0
351.8789423996117	194.0
351.88894293796216	196.0
351.8989434763126	201.0
351.90894401466306	208.0
351.91894455301355	272.0
351.928945091364	281.0
351.93894562971445	291.0
351.94894616806494	291.0
351.9589467064154	291.0
351.9689472447659	288.0
351.9789477831164	284.0
351.9889483214668	281.0
351.9989488598173	278.0
352.0089493981678	272.0
352.01894993651825	265.0
352.0289504748687	256.0
352.03895101321916	248.0
352.04895155156964	242.0
352.0589520899201	236.0
352.06895262827055	234.0
352.07895316662103	231.0
352.0889537049715	231.0
352.098954243322	228.0
352.1089547816725	228.0
352.1189553200229	231.0
352.1289558583734	231.0
352.13895639672387	236.0
352.14895693507435	242.0
352.1589574734248	250.0
352.16895801177526	259.0
352.17895855012574	268.0
352.1889590884762	272.0
352.1989596268267	275.0
352.20896016517713	272.0
352.2189607035276	272.0
352.2289612418781	268.0
352.2389617802286	0.0
352.248962318579	0.0
352.2589628569295	0.0
352.26896339527997	0.0
352.27896393363045	0.0
352.2889644719809	0.0
352.29896501033136	226.0
352.30896554868184	223.0
352.3189660870323	218.0
352.3289666253828	213.0
352.33896716373323	210.0
352.3489677020837	210.0
352.3589682404342	210.0
352.3689687787847	210.0
352.3789693171351	210.0
352.3889698554856	213.0
352.39897039383607	213.0
352.40897093218655	213.0
352.41897147053703	210.0
352.42897200888746	208.0
352.43897254723794	206.0
352.4489730855884	199.0
352.4589736239389	0.0
352.4689741622893	0.0
352.4789747006398	0.0
352.4889752389903	0.0
352.4989757773408	0.0
352.5089763156912	0.0
352.5189768540417	0.0
352.52897739239216	0.0
352.53897793074265	0.0
352.54897846909313	0.0
352.55897900744355	0.0
352.56897954579404	0.0
352.5789800841445	0.0
352.588980622495	0.0
352.5989811608454	0.0
352.6089816991959	0.0
352.6189822375464	0.0
352.6289827758969	0.0
352.63898331424735	0.0
352.6489838525978	0.0
352.65898439094826	0.0
352.66898492929874	0.0
352.6789854676492	0.0
352.68898600599965	0.0
352.69898654435013	0.0
352.7089870827006	0.0
352.7189876210511	215.0
352.7289881594015	213.0
352.738988697752	210.0
352.7489892361025	210.0
352.75898977445297	210.0
352.76899031280345	210.0
352.7789908511539	210.0
352.78899138950436	208.0
352.79899192785484	208.0
352.8089924662053	210.0
352.81899300455575	210.0
352.82899354290623	210.0
352.8389940812567	210.0
352.8489946196072	210.0
352.8589951579577	210.0
352.8689956963081	210.0
352.8789962346586	210.0
352.88899677300907	210.0
352.89899731135955	210.0
352.90899784971	210.0
352.91899838806046	213.0
352.92899892641094	215.0
352.9389994647614	223.0
352.94900000311185	234.0
352.95900054146233	242.0
352.9690010798128	259.0
352.9790016181633	0.0
352.9890021565138	0.0
352.9990026948642	0.0
353.0090032332147	468.0
353.01900377156517	468.0
353.02900430991565	468.0
353.0390048482661	462.0
353.04900538661656	452.0
353.05900592496704	0.0
353.0690064633175	0.0
353.079007001668	0.0
353.08900754001843	0.0
353.0990080783689	284.0
353.1090086167194	278.0
353.1190091550699	272.0
353.1290096934203	275.0
353.1390102317708	278.0
353.14901077012127	281.0
353.15901130847175	281.0
353.1690118468222	284.0
353.17901238517265	284.0
353.18901292352314	284.0
353.1990134618736	284.0
353.2090140002241	288.0
353.2190145385745	288.0
353.229015076925	288.0
353.2390156152755	288.0
353.249016153626	288.0
353.2590166919764	291.0
353.2690172303269	291.0
353.27901776867736	291.0
353.28901830702785	291.0
353.2990188453783	288.0
353.30901938372875	288.0
353.31901992207924	284.0
353.3290204604297	281.0
353.3390209987802	275.0
353.3490215371306	272.0
353.3590220754811	265.0
353.3690226138316	236.0
353.37902315218207	234.0
353.3890236905325	236.0
353.399024228883	259.0
353.40902476723346	272.0
353.41902530558394	275.0
353.4290258439344	278.0
353.43902638228485	281.0
353.44902692063533	281.0
353.4590274589858	281.0
353.4690279973363	281.0
353.4790285356867	281.0
353.4890290740372	281.0
353.4990296123877	281.0
353.50903015073817	281.0
353.5190306890886	278.0
353.5290312274391	275.0
353.53903176578956	272.0
353.54903230414004	268.0
353.5590328424905	262.0
353.56903338084095	253.0
353.57903391919143	242.0
353.5890344575419	236.0
353.5990349958924	234.0
353.6090355342428	231.0
353.6190360725933	231.0
353.6290366109438	231.0
353.63903714929427	231.0
353.64903768764475	234.0
353.6590382259952	239.0
353.66903876434566	245.0
353.67903930269614	250.0
353.6890398410466	259.0
353.69904037939705	268.0
353.70904091774753	272.0
353.719041456098	272.0
353.7290419944485	272.0
353.7390425327989	265.0
353.7490430711494	259.0
353.7590436094999	259.0
353.76904414785037	268.0
353.77904468620085	0.0
353.7890452245513	0.0
353.79904576290176	0.0
353.80904630125224	0.0
353.8190468396027	206.0
353.82904737795315	213.0
353.8390479163036	210.0
353.8490484546541	210.0
353.8590489930046	208.0
353.8690495313551	208.0
353.8790500697055	208.0
353.889050608056	208.0
353.89905114640646	208.0
353.90905168475695	208.0
353.91905222310737	208.0
353.92905276145785	208.0
353.93905329980834	208.0
353.9490538381588	208.0
353.95905437650924	208.0
353.9690549148597	208.0
353.9790554532102	210.0
353.9890559915607	210.0
353.9990565299112	210.0
354.0090570682616	213.0
354.0190576066121	213.0
354.02905814496256	215.0
354.03905868331304	215.0
354.04905922166347	218.0
354.05905976001395	210.0
354.06906029836443	203.0
354.0790608367149	196.0
354.0890613750654	194.0
354.0990619134158	192.0
354.1090624517663	192.0
354.1190629901168	194.0
354.12906352846727	199.0
354.1390640668177	206.0
354.1490646051682	210.0
354.15906514351866	213.0
354.16906568186914	215.0
354.17906622021957	215.0
354.18906675857005	215.0
354.19906729692053	215.0
354.209067835271	215.0
354.2190683736215	213.0
354.2290689119719	210.0
354.2390694503224	208.0
354.2490699886729	203.0
354.25907052702337	196.0
354.2690710653738	187.0
354.2790716037243	181.0
354.28907214207476	175.0
354.29907268042524	171.0
354.3090732187757	171.0
354.31907375712615	171.0
354.32907429547663	171.0
354.3390748338271	173.0
354.3490753721776	175.0
354.359075910528	175.0
354.3690764488785	177.0
354.379076987229	177.0
354.38907752557947	177.0
354.3990780639299	175.0
354.4090786022804	171.0
354.41907914063086	169.0
354.42907967898134	169.0
354.4390802173318	171.0
354.44908075568225	173.0
354.4590812940327	177.0
354.4690818323832	181.0
354.4790823707337	185.0
354.4890829090841	187.0
354.4990834474346	187.0
354.5090839857851	187.0
354.51908452413556	185.0
354.52908506248605	183.0
354.5390856008365	179.0
354.54908613918695	173.0
354.55908667753744	169.0
354.5690872158879	163.0
354.57908775423834	159.0
354.5890882925888	158.0
354.5990888309393	156.0
354.6090893692898	154.0
354.6190899076402	154.0
354.6290904459907	154.0
354.6390909843412	154.0
354.64909152269166	154.0
354.65909206104214	154.0
354.66909259939257	156.0
354.67909313774305	159.0
354.68909367609353	163.0
354.699094214444	167.0
354.70909475279444	173.0
354.7190952911449	177.0
354.7290958294954	177.0
354.7390963678459	179.0
354.74909690619637	175.0
354.7590974445468	169.0
354.7690979828973	165.0
354.77909852124776	0.0
354.78909905959824	0.0
354.79909959794867	0.0
354.80910013629915	0.0
354.81910067464963	0.0
354.8291012130001	0.0
354.83910175135054	0.0
354.849102289701	152.0
354.8591028280515	147.0
354.869103366402	142.0
354.87910390475247	139.0
354.8891044431029	137.0
354.8991049814534	137.0
354.90910551980386	136.0
354.91910605815434	137.0
354.92910659650477	137.0
354.93910713485525	137.0
354.94910767320573	137.0
354.9591082115562	137.0
354.9691087499067	137.0
354.9791092882571	137.0
354.9891098266076	137.0
354.9991103649581	137.0
355.00911090330857	137.0
355.019111441659	137.0
355.0291119800095	139.0
355.03911251835996	139.0
355.04911305671044	142.0
355.05911359506086	142.0
355.06911413341135	140.0
355.07911467176183	139.0
355.0891152101123	137.0
355.0991157484628	134.0
355.1091162868132	132.0
355.1191168251637	132.0
355.1291173635142	136.0
355.13911790186467	139.0
355.1491184402151	144.0
355.1591189785656	149.0
355.16911951691606	158.0
355.17912005526654	165.0
355.18912059361696	169.0
355.19912113196744	173.0
355.2091216703179	173.0
355.2191222086684	175.0
355.2291227470189	175.0
355.2391232853693	177.0
355.2491238237198	177.0
355.2591243620703	179.0
355.26912490042076	181.0
355.2791254387712	181.0
355.28912597712167	179.0
355.29912651547215	177.0
355.30912705382264	175.0
355.3191275921731	171.0
355.32912813052354	167.0
355.339128668874	161.0
355.3491292072245	156.0
355.359129745575	150.0
355.3691302839254	149.0
355.3791308222759	150.0
355.3891313606264	154.0
355.39913189897686	161.0
355.4091324373273	169.0
355.41913297567777	173.0
355.42913351402825	175.0
355.43913405237873	177.0
355.4491345907292	175.0
355.45913512907964	0.0
355.4691356674301	0.0
355.4791362057806	0.0
355.4891367441311	0.0
355.4991372824815	0.0
355.509137820832	215.0
355.5191383591825	206.0
355.52913889753296	199.0
355.53913943588344	187.0
355.54913997423387	175.0
355.55914051258435	163.0
355.56914105093483	159.0
355.5791415892853	158.0
355.58914212763574	159.0
355.5991426659862	163.0
355.6091432043367	169.0
355.6191437426872	175.0
355.6291442810376	183.0
355.6391448193881	190.0
355.6491453577386	199.0
355.65914589608906	208.0
355.66914643443954	213.0
355.67914697278997	218.0
355.68914751114045	218.0
355.69914804949093	215.0
355.7091485878414	210.0
355.71914912619184	203.0
355.7291496645423	196.0
355.7391502028928	187.0
355.7491507412433	181.0
355.75915127959377	179.0
355.7691518179442	177.0
355.7791523562947	175.0
355.78915289464516	175.0
355.79915343299564	175.0
355.80915397134606	175.0
355.81915450969655	175.0
355.829155048047	175.0
355.8391555863975	175.0
355.84915612474794	175.0
355.8591566630984	173.0
355.8691572014489	173.0
355.8791577397994	173.0
355.88915827814986	173.0
355.8991588165003	175.0
355.9091593548508	175.0
355.91915989320125	175.0
355.92916043155174	175.0
355.93916096990216	175.0
355.94916150825264	175.0
355.9591620466031	175.0
355.9691625849536	175.0
355.9791631233041	175.0
355.9891636616545	175.0
355.999164200005	175.0
356.0091647383555	175.0
356.01916527670596	173.0
356.0291658150564	171.0
356.03916635340687	169.0
356.04916689175735	167.0
356.05916743010783	165.0
356.06916796845826	163.0
356.07916850680874	165.0
356.0891690451592	167.0
356.0991695835097	169.0
356.1091701218602	171.0
356.1191706602106	173.0
356.1291711985611	173.0
356.1391717369116	0.0
356.14917227526206	0.0
356.1591728136125	0.0
356.16917335196297	0.0
356.17917389031345	0.0
356.18917442866393	0.0
356.1991749670144	0.0
356.20917550536484	0.0
356.2191760437153	0.0
356.2291765820658	0.0
356.2391771204163	194.0
356.2491776587667	194.0
356.2591781971172	192.0
356.2691787354677	185.0
356.27917927381816	179.0
356.2891798121686	175.0
356.29918035051907	173.0
356.30918088886955	171.0
356.31918142722003	171.0
356.3291819655705	171.0
356.33918250392094	171.0
356.3491830422714	173.0
356.3591835806219	175.0
356.3691841189724	177.0
356.3791846573228	181.0
356.3891851956733	183.0
356.3991857340238	187.0
356.40918627237426	187.0
356.41918681072474	187.0
356.42918734907516	187.0
356.43918788742565	185.0
356.44918842577613	183.0
356.4591889641266	179.0
356.46918950247704	175.0
356.4791900408275	171.0
356.489190579178	169.0
356.4991911175285	169.0
356.5091916558789	169.0
356.5191921942294	171.0
356.5291927325799	171.0
356.53919327093035	173.0
356.54919380928084	173.0
356.55919434763126	175.0
356.56919488598174	175.0
356.5791954243322	175.0
356.5891959626827	175.0
356.59919650103313	175.0
356.6091970393836	175.0
356.6191975777341	175.0
356.6291981160846	175.0
356.63919865443506	175.0
356.6491991927855	175.0
356.65919973113597	175.0
356.66920026948645	175.0
356.67920080783693	175.0
356.68920134618736	177.0
356.69920188453784	177.0
356.7092024228883	179.0
356.7192029612388	179.0
356.72920349958923	181.0
356.7392040379397	183.0
356.7492045762902	185.0
356.7592051146407	185.0
356.76920565299116	183.0
356.7792061913416	179.0
356.78920672969207	173.0
356.79920726804255	169.0
356.80920780639303	163.0
356.81920834474346	156.0
356.82920888309394	152.0
356.8392094214444	150.0
356.8492099597949	150.0
356.85921049814533	154.0
356.8692110364958	158.0
356.8792115748463	159.0
356.8892121131968	161.0
356.89921265154726	159.0
356.9092131898977	156.0
356.91921372824817	150.0
356.92921426659865	149.0
356.93921480494913	149.0
356.94921534329956	150.0
356.95921588165004	156.0
356.9692164200005	161.0
356.979216958351	167.0
356.9892174967015	177.0
356.9992180350519	183.0
357.0092185734024	183.0
357.0192191117529	183.0
357.02921965010336	179.0
357.0392201884538	173.0
357.04922072680426	167.0
357.05922126515475	159.0
357.06922180350523	154.0
357.07922234185565	152.0
357.08922288020614	152.0
357.0992234185566	156.0
357.1092239569071	165.0
357.1192244952576	169.0
357.129225033608	173.0
357.1392255719585	175.0
357.149226110309	177.0
357.15922664865946	177.0
357.1692271870099	173.0
357.17922772536036	169.0
357.18922826371085	163.0
357.1992288020613	158.0
357.2092293404118	149.0
357.21922987876223	144.0
357.2292304171127	144.0
357.2392309554632	147.0
357.2492314938137	154.0
357.2592320321641	161.0
357.2692325705146	169.0
357.27923310886507	175.0
357.28923364721555	183.0
357.299234185566	190.0
357.30923472391646	194.0
357.31923526226694	194.0
357.3292358006174	194.0
357.3392363389679	190.0
357.34923687731833	185.0
357.3592374156688	177.0
357.3692379540193	171.0
357.3792384923698	167.0
357.3892390307202	167.0
357.3992395690707	169.0
357.40924010742117	175.0
357.41924064577165	183.0
357.42924118412213	192.0
357.43924172247256	199.0
357.44924226082304	206.0
357.4592427991735	210.0
357.469243337524	213.0
357.47924387587443	213.0
357.4892444142249	206.0
357.4992449525754	199.0
357.5092454909259	190.0
357.5192460292763	177.0
357.5292465676268	167.0
357.53924710597727	163.0
357.54924764432775	165.0
357.55924818267823	167.0
357.56924872102866	171.0
357.57924925937914	175.0
357.5892497977296	177.0
357.5992503360801	179.0
357.60925087443053	183.0
357.619251412781	183.0
357.6292519511315	181.0
357.639252489482	179.0
357.64925302783246	175.0
357.6592535661829	171.0
357.66925410453337	165.0
357.67925464288385	159.0
357.68925518123433	0.0
357.69925571958476	0.0
357.70925625793524	0.0
357.7192567962857	0.0
357.7292573346362	0.0
357.7392578729866	0.0
357.7492584113371	0.0
357.7592589496876	0.0
357.7692594880381	0.0
357.77926002638856	0.0
357.789260564739	0.0
357.79926110308946	0.0
357.80926164143995	223.0
357.8192621797904	220.0
357.82926271814085	220.0
357.83926325649134	218.0
357.8492637948418	218.0
357.8592643331923	218.0
357.8692648715428	215.0
357.8792654098932	215.0
357.8892659482437	213.0
357.8992664865942	213.0
357.90926702494465	213.0
357.9192675632951	213.0
357.92926810164556	210.0
357.93926863999604	210.0
357.9492691783465	213.0
357.95926971669695	213.0
357.96927025504743	213.0
357.9792707933979	213.0
357.9892713317484	210.0
357.9992718700989	210.0
358.0092724084493	210.0
358.0192729467998	210.0
358.02927348515027	210.0
358.03927402350075	213.0
358.0492745618512	213.0
358.05927510020166	213.0
358.06927563855214	213.0
358.0792761769026	213.0
358.0892767152531	210.0
358.09927725360353	208.0
358.109277791954	203.0
358.1192783303045	196.0
358.129278868655	0.0
358.1392794070054	0.0
358.1492799453559	0.0
358.15928048370637	0.0
358.16928102205685	0.0
358.1792815604073	0.0
358.18928209875776	0.0
358.19928263710824	0.0
358.2092831754587	0.0
358.2192837138092	0.0
358.22928425215963	0.0
358.2392847905101	0.0
358.2492853288606	0.0
358.2592858672111	0.0
358.2692864055615	0.0
358.279286943912	0.0
358.28928748226247	0.0
358.29928802061295	0.0
358.30928855896343	0.0
358.31928909731386	0.0
358.32928963566434	0.0
358.3392901740148	0.0
358.3492907123653	0.0
358.3592912507157	0.0
358.3692917890662	0.0
358.3792923274167	0.0
358.3892928657672	0.0
358.3992934041176	0.0
358.4092939424681	0.0
358.41929448081856	0.0
358.42929501916905	0.0
358.43929555751953	223.0
358.44929609586995	220.0
358.45929663422044	218.0
358.4692971725709	215.0
358.4792977109214	215.0
358.4892982492718	213.0
358.4992987876223	213.0
358.5092993259728	213.0
358.5192998643233	213.0
358.5293004026737	213.0
358.5393009410242	215.0
358.54930147937466	215.0
358.55930201772514	215.0
358.5693025560756	215.0
358.57930309442605	215.0
358.58930363277653	215.0
358.599304171127	215.0
358.6093047094775	218.0
358.6193052478279	218.0
358.6293057861784	215.0
358.6393063245289	210.0
358.64930686287937	206.0
358.65930740122985	196.0
358.6693079395803	175.0
358.67930847793076	161.0
358.68930901628124	152.0
358.6993095546317	150.0
358.70931009298215	152.0
358.71931063133263	158.0
358.7293111696831	167.0
358.7393117080336	177.0
358.749312246384	185.0
358.7593127847345	196.0
358.769313323085	208.0
358.77931386143547	218.0
358.78931439978595	223.0
358.7993149381364	226.0
358.80931547648686	226.0
358.81931601483734	220.0
358.8293165531878	213.0
358.83931709153825	201.0
358.84931762988873	181.0
358.8593181682392	173.0
358.8693187065897	169.0
358.8793192449402	169.0
358.8893197832906	173.0
358.8993203216411	179.0
358.90932085999157	187.0
358.91932139834205	196.0
358.9293219366925	223.0
358.93932247504296	242.0
358.94932301339344	265.0
358.9593235517439	278.0
358.96932409009435	294.0
358.97932462844483	305.0
358.9893251667953	308.0
358.9993257051458	305.0
359.0093262434963	294.0
359.0193267818467	278.0
359.0293273201972	268.0
359.03932785854767	250.0
359.04932839689815	236.0
359.0593289352486	228.0
359.06932947359905	226.0
359.07933001194954	226.0
359.0893305503	228.0
359.0993310886505	231.0
359.1093316270009	239.0
359.1193321653514	248.0
359.1293327037019	256.0
359.1393332420524	265.0
359.1493337804028	272.0
359.1593343187533	275.0
359.16933485710376	275.0
359.17933539545425	272.0
359.18933593380467	262.0
359.19933647215515	245.0
359.20933701050564	234.0
359.2193375488561	220.0
359.2293380872066	215.0
359.239338625557	213.0
359.2493391639075	210.0
359.259339702258	210.0
359.26934024060847	210.0
359.2793407789589	210.0
359.2893413173094	210.0
359.29934185565986	213.0
359.30934239401034	213.0
359.3193429323608	213.0
359.32934347071125	213.0
359.33934400906173	213.0
359.3493445474122	210.0
359.3593450857627	210.0
359.3693456241131	210.0
359.3793461624636	210.0
359.3893467008141	210.0
359.39934723916457	210.0
359.409347777515	213.0
359.4193483158655	213.0
359.42934885421596	215.0
359.43934939256644	215.0
359.4493499309169	215.0
359.45935046926735	215.0
359.46935100761783	213.0
359.4793515459683	213.0
359.4893520843188	215.0
359.4993526226692	215.0
359.5093531610197	210.0
359.5193536993702	203.0
359.52935423772067	177.0
359.53935477607115	167.0
359.5493553144216	158.0
359.55935585277206	154.0
359.56935639112254	152.0
359.579356929473	154.0
359.58935746782345	159.0
359.59935800617393	169.0
359.6093585445244	179.0
359.6193590828749	187.0
359.6293596212253	199.0
359.6393601595758	203.0
359.6493606979263	210.0
359.65936123627677	215.0
359.66936177462725	215.0
359.6793623129777	215.0
359.68936285132816	208.0
359.69936338967864	199.0
359.7093639280291	179.0
359.71936446637955	173.0
359.72936500473	169.0
359.7393655430805	169.0
359.749366081431	177.0
359.7593666197815	187.0
359.7693671581319	213.0
359.7793676964824	228.0
359.78936823483286	248.0
359.79936877318335	265.0
359.80936931153377	278.0
359.81936984988425	308.0
359.82937038823474	323.0
359.8393709265852	323.0
359.84937146493564	316.0
359.8593720032861	301.0
359.8693725416366	268.0
359.8793730799871	253.0
359.8893736183376	236.0
359.899374156688	228.0
359.9093746950385	226.0
359.91937523338896	226.0
359.92937577173944	231.0
359.93937631008987	239.0
359.94937684844035	250.0
359.95937738679083	259.0
359.9693779251413	268.0
359.9793784634918	272.0
359.9893790018422	275.0
359.9993795401927	272.0
360.0093800785432	262.0
360.01938061689367	239.0
360.0293811552441	223.0
360.0393816935946	215.0
360.04938223194506	213.0
360.05938277029554	210.0
360.06938330864597	210.0
360.07938384699645	210.0
360.08938438534693	213.0
360.0993849236974	213.0
360.1093854620479	215.0
360.1193860003983	215.0
360.1293865387488	215.0
360.1393870770993	213.0
360.14938761544977	201.0
360.1593881538002	190.0
360.1693886921507	208.0
360.17938923050116	206.0
360.18938976885164	196.0
360.19939030720207	0.0
360.20939084555255	0.0
360.21939138390303	210.0
360.2293919222535	183.0
360.239392460604	179.0
360.2493929989544	169.0
360.2593935373049	161.0
360.2693940756554	159.0
360.27939461400587	161.0
360.2893951523563	165.0
360.2993956907068	173.0
360.30939622905726	179.0
360.31939676740774	185.0
360.3293973057582	192.0
360.33939784410865	196.0
360.3493983824591	201.0
360.3593989208096	203.0
360.3693994591601	203.0
360.3793999975105	201.0
360.389400535861	196.0
360.3994010742115	185.0
360.40940161256196	175.0
360.4194021509124	165.0
360.4294026892629	161.0
360.43940322761335	161.0
360.44940376596384	169.0
360.4594043043143	177.0
360.46940484266474	185.0
360.4794053810152	196.0
360.4894059193657	208.0
360.4994064577162	223.0
360.5094069960666	231.0
360.5194075344171	234.0
360.5294080727676	231.0
360.53940861111806	228.0
360.54940914946854	220.0
360.55940968781897	208.0
360.56941022616945	190.0
360.57941076451993	171.0
360.5894113028704	165.0
360.59941184122084	159.0
360.6094123795713	163.0
360.6194129179218	167.0
360.6294134562723	173.0
360.6394139946227	177.0
360.6494145329732	183.0
360.6594150713237	190.0
360.66941560967416	194.0
360.67941614802464	196.0
360.68941668637507	199.0
360.69941722472555	196.0
360.70941776307603	187.0
360.7194183014265	181.0
360.72941883977694	169.0
360.7394193781274	161.0
360.7494199164779	154.0
360.7594204548284	150.0
360.76942099317887	150.0
360.7794215315293	150.0
360.7894220698798	152.0
360.79942260823026	156.0
360.80942314658074	159.0
360.81942368493117	163.0
360.82942422328165	167.0
360.83942476163213	167.0
360.8494252999826	167.0
360.85942583833304	165.0
360.8694263766835	161.0
360.879426915034	158.0
360.8894274533845	152.0
360.89942799173497	147.0
360.9094285300854	144.0
360.9194290684359	140.0
360.92942960678636	139.0
360.93943014513684	139.0
360.94943068348726	140.0
360.95943122183775	142.0
360.96943176018823	144.0
360.9794322985387	144.0
360.9894328368892	144.0
360.9994333752396	144.0
361.0094339135901	142.0
361.0194344519406	140.0
361.02943499029107	137.0
361.0394355286415	137.0
361.049436066992	137.0
361.05943660534246	140.0
361.06943714369294	145.0
361.07943768204336	149.0
361.08943822039384	154.0
361.0994387587443	158.0
361.1094392970948	159.0
361.1194398354453	161.0
361.1294403737957	163.0
361.1394409121462	161.0
361.1494414504967	159.0
361.15944198884716	156.0
361.1694425271976	150.0
361.17944306554807	144.0
361.18944360389855	139.0
361.19944414224904	0.0
361.2094446805995	0.0
361.21944521894994	0.0
361.2294457573004	0.0
361.2394462956509	0.0
361.2494468340014	0.0
361.2594473723518	185.0
361.2694479107023	183.0
361.2794484490528	181.0
361.28944898740326	179.0
361.2994495257537	177.0
361.30945006410417	175.0
361.31945060245465	171.0
361.32945114080513	167.0
361.3394516791556	161.0
361.34945221750604	156.0
361.3594527558565	152.0
361.369453294207	149.0
361.3794538325575	147.0
361.3894543709079	147.0
361.3994549092584	158.0
361.4094554476089	175.0
361.41945598595936	187.0
361.42945652430984	199.0
361.43945706266027	208.0
361.44945760101075	208.0
361.45945813936123	215.0
361.4694586777117	223.0
361.47945921606214	228.0
361.4894597544126	228.0
361.4994602927631	226.0
361.5094608311136	218.0
361.519461369464	210.0
361.5294619078145	196.0
361.539462446165	183.0
361.54946298451546	177.0
361.55946352286594	173.0
361.56946406121637	171.0
361.57946459956685	171.0
361.58946513791733	171.0
361.5994656762678	173.0
361.60946621461824	173.0
361.6194667529687	173.0
361.6294672913192	175.0
361.6394678296697	175.0
361.64946836802017	175.0
361.6594689063706	175.0
361.6694694447211	175.0
361.67946998307156	175.0
361.68947052142204	175.0
361.69947105977246	173.0
361.70947159812295	171.0
361.7194721364734	171.0
361.7294726748239	173.0
361.73947321317434	173.0
361.7494737515248	177.0
361.7594742898753	179.0
361.7694748282258	179.0
361.77947536657626	181.0
361.7894759049267	183.0
361.7994764432772	173.0
361.80947698162765	165.0
361.81947751997814	163.0
361.82947805832856	165.0
361.83947859667904	167.0
361.8494791350295	171.0
361.85947967338	171.0
361.86948021173043	0.0
361.8794807500809	0.0
361.8894812884314	0.0
361.8994818267819	0.0
361.90948236513236	0.0
361.9194829034828	0.0
361.92948344183327	0.0
361.93948398018375	196.0
361.94948451853423	194.0
361.95948505688466	190.0
361.96948559523514	185.0
361.9794861335856	181.0
361.9894866719361	177.0
361.9994872102866	175.0
362.009487748637	173.0
362.0194882869875	173.0
362.029488825338	173.0
362.03948936368846	173.0
362.0494899020389	173.0
362.05949044038937	175.0
362.06949097873985	177.0
362.07949151709033	181.0
362.08949205544076	185.0
362.09949259379124	187.0
362.1094931321417	190.0
362.1194936704922	192.0
362.1294942088427	192.0
362.1394947471931	192.0
362.1494952855436	187.0
362.1594958238941	185.0
362.16949636224456	181.0
362.179496900595	179.0
362.18949743894547	177.0
362.19949797729595	177.0
362.20949851564643	177.0
362.2194990539969	177.0
362.22949959234734	177.0
362.2395001306978	179.0
362.2495006690483	179.0
362.2595012073988	179.0
362.2695017457492	177.0
362.2795022840997	177.0
362.2895028224502	177.0
362.29950336080066	177.0
362.3095038991511	177.0
362.31950443750156	177.0
362.32950497585205	177.0
362.33950551420253	175.0
362.349506052553	175.0
362.35950659090344	177.0
362.3695071292539	177.0
362.3795076676044	177.0
362.3895082059549	179.0
362.3995087443053	181.0
362.4095092826558	185.0
362.4195098210063	187.0
362.42951035935675	190.0
362.43951089770724	190.0
362.44951143605766	190.0
362.45951197440814	187.0
362.4695125127586	183.0
362.4795130511091	177.0
362.48951358945953	171.0
362.49951412781	165.0
362.5095146661605	158.0
362.519515204511	156.0
362.5295157428614	154.0
362.5395162812119	154.0
362.54951681956237	154.0
362.55951735791285	154.0
362.56951789626333	154.0
362.57951843461376	154.0
362.58951897296424	154.0
362.5995195113147	156.0
362.6095200496652	156.0
362.61952058801563	158.0
362.6295211263661	163.0
362.6395216647166	169.0
362.6495222030671	179.0
362.65952274141756	187.0
362.669523279768	192.0
362.67952381811847	194.0
362.68952435646895	192.0
362.69952489481943	183.0
362.70952543316986	177.0
362.71952597152034	175.0
362.7295265098708	154.0
362.7395270482213	152.0
362.74952758657173	150.0
362.7595281249222	150.0
362.7695286632727	154.0
362.7795292016232	161.0
362.78952973997366	167.0
362.7995302783241	173.0
362.80953081667457	177.0
362.81953135502505	177.0
362.82953189337553	177.0
362.83953243172596	173.0
362.84953297007644	169.0
362.8595335084269	161.0
362.8695340467774	152.0
362.8795345851279	147.0
362.8895351234783	144.0
362.8995356618288	144.0
362.9095362001793	147.0
362.91953673852976	156.0
362.9295372768802	165.0
362.93953781523066	171.0
362.94953835358115	179.0
362.95953889193163	185.0
362.96953943028205	190.0
362.97953996863254	194.0
362.989540506983	194.0
362.9995410453335	194.0
363.009541583684	190.0
363.0195421220344	183.0
363.0295426603849	173.0
363.0395431987354	167.0
363.04954373708586	165.0
363.0595442754363	165.0
363.06954481378676	167.0
363.07954535213725	173.0
363.0895458904877	181.0
363.0995464288382	190.0
363.10954696718863	196.0
363.1195475055391	203.0
363.1295480438896	210.0
363.1395485822401	215.0
363.1495491205905	218.0
363.159549658941	218.0
363.16955019729147	213.0
363.17955073564195	208.0
363.1895512739924	201.0
363.19955181234286	192.0
363.20955235069334	185.0
363.2195528890438	183.0
363.2295534273943	181.0
363.23955396574473	181.0
363.2495545040952	181.0
363.2595550424457	181.0
363.2695555807962	181.0
363.2795561191466	181.0
363.2895566574971	181.0
363.29955719584757	181.0
363.30955773419805	0.0
363.31955827254853	0.0
363.32955881089896	0.0
363.33955934924944	0.0
363.3495598875999	0.0
363.3595604259504	0.0
363.36956096430083	0.0
363.3795615026513	0.0
363.3895620410018	0.0
363.3995625793523	0.0
363.4095631177027	0.0
363.4195636560532	0.0
363.42956419440367	0.0
363.43956473275415	0.0
363.44956527110463	0.0
363.45956580945506	0.0
363.46956634780554	0.0
363.479566886156	0.0
363.4895674245065	0.0
363.49956796285693	0.0
363.5095685012074	0.0
363.5195690395579	0.0
363.5295695779084	0.0
363.5395701162588	0.0
363.5495706546093	0.0
363.55957119295977	0.0
363.56957173131025	0.0
363.57957226966073	0.0
363.58957280801116	0.0
363.59957334636164	0.0
363.6095738847121	0.0
363.6195744230626	0.0
363.629574961413	0.0
363.6395754997635	0.0
363.649576038114	0.0
363.6595765764645	0.0
363.66957711481496	0.0
363.6795776531654	0.0
363.68957819151586	0.0
363.69957872986635	0.0
363.7095792682168	0.0
363.71957980656725	239.0
363.72958034491774	228.0
363.7395808832682	223.0
363.7495814216187	220.0
363.7595819599691	218.0
363.7695824983196	215.0
363.7795830366701	215.0
363.7895835750206	213.0
363.79958411337105	213.0
363.8095846517215	213.0
363.81958519007196	213.0
363.82958572842244	213.0
363.8395862667729	213.0
363.84958680512335	213.0
363.85958734347383	213.0
363.8695878818243	213.0
363.8795884201748	213.0
363.8895889585253	213.0
363.8995894968757	215.0
363.9095900352262	215.0
363.91959057357667	218.0
363.92959111192715	218.0
363.9395916502776	218.0
363.94959218862806	218.0
363.95959272697854	218.0
363.969593265329	215.0
363.97959380367945	215.0
363.98959434202993	215.0
363.9995948803804	215.0
364.0095954187309	218.0
364.0195959570814	218.0
364.0295964954318	218.0
364.0395970337823	215.0
364.04959757213277	215.0
364.05959811048325	213.0
364.0695986488337	210.0
364.07959918718416	206.0
364.08959972553464	206.0
364.0996002638851	206.0
364.1096008022356	208.0
364.11960134058603	208.0
364.1296018789365	210.0
364.139602417287	210.0
364.1496029556375	210.0
364.1596034939879	213.0
364.1696040323384	213.0
364.17960457068887	213.0
364.18960510903935	213.0
364.1996056473898	213.0
364.20960618574026	213.0
364.21960672409074	213.0
364.2296072624412	213.0
364.2396078007917	213.0
364.2496083391421	213.0
364.2596088774926	213.0
364.2696094158431	213.0
364.2796099541936	213.0
364.289610492544	213.0
364.2996110308945	210.0
364.30961156924496	206.0
364.31961210759545	199.0
364.32961264594593	190.0
364.33961318429635	173.0
364.34961372264684	161.0
364.3596142609973	154.0
364.3696147993478	150.0
364.3796153376982	152.0
364.3896158760487	158.0
364.3996164143992	165.0
364.4096169527497	175.0
364.4196174911001	185.0
364.4296180294506	196.0
364.43961856780106	203.0
364.44961910615154	208.0
364.459619644502	215.0
364.46962018285245	215.0
364.47962072120293	213.0
364.4896212595534	208.0
364.4996217979039	199.0
364.5096223362543	185.0
364.5196228746048	177.0
364.5296234129553	171.0
364.53962395130577	169.0
364.54962448965625	171.0
364.5596250280067	177.0
364.56962556635716	187.0
364.57962610470764	201.0
364.5896266430581	213.0
364.59962718140855	231.0
364.60962771975903	259.0
364.6196282581095	272.0
364.62962879646	284.0
364.6396293348104	298.0
364.6496298731609	301.0
364.6596304115114	301.0
364.66963094986187	291.0
364.67963148821235	281.0
364.6896320265628	268.0
364.69963256491326	256.0
364.70963310326374	242.0
364.7196336416142	231.0
364.72963417996465	226.0
364.73963471831513	226.0
364.7496352566656	223.0
364.7596357950161	228.0
364.7696363333666	236.0
364.779636871717	245.0
364.7896374100675	256.0
364.79963794841797	265.0
364.80963848676845	272.0
364.8196390251189	275.0
364.82963956346936	275.0
364.83964010181984	272.0
364.8496406401703	262.0
364.85964117852075	250.0
364.86964171687123	234.0
364.8796422552217	223.0
364.8896427935722	218.0
364.8996433319227	213.0
364.9096438702731	213.0
364.9196444086236	210.0
364.92964494697407	210.0
364.93964548532455	210.0
364.949646023675	210.0
364.95964656202545	210.0
364.96964710037594	213.0
364.9796476387264	213.0
364.9896481770769	213.0
364.9996487154273	213.0
365.0096492537778	213.0
365.0196497921283	213.0
365.0296503304788	213.0
365.0396508688292	213.0
365.0496514071797	210.0
365.05965194553016	210.0
365.06965248388065	208.0
365.07965302223107	210.0
365.08965356058155	210.0
365.09965409893204	213.0
365.1096546372825	213.0
365.119655175633	215.0
365.1296557139834	218.0
365.1396562523339	218.0
365.1496567906844	220.0
365.15965732903487	218.0
365.1696578673853	213.0
365.1796584057358	203.0
365.18965894408626	175.0
365.19965948243674	159.0
365.2096600207872	156.0
365.21966055913765	154.0
365.22966109748813	154.0
365.2396616358386	158.0
365.2496621741891	163.0
365.2596627125395	171.0
365.26966325089	175.0
365.2796637892405	179.0
365.28966432759097	192.0
365.2996648659414	199.0
365.3096654042919	203.0
365.31966594264236	206.0
365.32966648099284	208.0
365.3396670193433	208.0
365.34966755769375	203.0
365.35966809604423	194.0
365.3696686343947	185.0
365.3796691727452	175.0
365.3896697110956	169.0
365.3996702494461	169.0
365.4096707877966	173.0
365.41967132614707	181.0
365.4296718644975	208.0
365.439672402848	220.0
365.44967294119846	234.0
365.45967347954894	253.0
365.4696740178994	268.0
365.47967455624985	275.0
365.48967509460033	331.0
365.4996756329508	334.0
365.5096761713013	334.0
365.5196767096517	305.0
365.5296772480022	284.0
365.5396777863527	272.0
365.54967832470317	239.0
365.55967886305365	231.0
365.5696794014041	228.0
365.57967993975456	228.0
365.58968047810504	231.0
365.5996810164555	236.0
365.60968155480595	242.0
365.6196820931564	250.0
365.6296826315069	259.0
365.6396831698574	265.0
365.6496837082078	272.0
365.6596842465583	272.0
365.6696847849088	265.0
365.67968532325926	256.0
365.68968586160975	234.0
365.69968639996017	220.0
365.70968693831065	213.0
365.71968747666114	210.0
365.7296880150116	210.0
365.73968855336204	210.0
365.7496890917125	210.0
365.759689630063	210.0
365.7696901684135	210.0
365.779690706764	213.0
365.7896912451144	213.0
365.7996917834649	215.0
365.80969232181536	215.0
365.81969286016584	215.0
365.82969339851627	213.0
365.83969393686675	210.0
365.84969447521723	206.0
365.8596950135677	196.0
365.86969555191814	185.0
365.8796960902686	169.0
365.8896966286191	161.0
365.8996971669696	159.0
365.90969770532007	161.0
365.9196982436705	167.0
365.929698782021	175.0
365.93969932037146	183.0
365.94969985872194	196.0
365.95970039707237	206.0
365.96970093542285	215.0
365.97970147377333	223.0
365.9897020121238	226.0
365.9997025504743	228.0
366.0097030888247	226.0
366.0197036271752	220.0
366.0297041655257	213.0
366.03970470387617	203.0
366.0497052422266	173.0
366.0597057805771	165.0
366.06970631892756	163.0
366.07970685727804	163.0
366.08970739562847	167.0
366.09970793397895	173.0
366.10970847232943	181.0
366.1197090106799	190.0
366.1297095490304	208.0
366.1397100873808	218.0
366.1497106257313	231.0
366.1597111640818	239.0
366.16971170243227	242.0
366.1797122407827	242.0
366.1897127791332	234.0
366.19971331748366	223.0
366.20971385583414	210.0
366.2197143941846	185.0
366.22971493253505	171.0
366.2397154708855	163.0
366.249716009236	163.0
366.2597165475865	165.0
366.2697170859369	171.0
366.2797176242874	177.0
366.2897181626379	183.0
366.29971870098836	187.0
366.3097192393388	196.0
366.3197197776893	199.0
366.32972031603975	201.0
366.33972085439024	199.0
366.3497213927407	192.0
366.35972193109114	185.0
366.3697224694416	175.0
366.3797230077921	163.0
366.3897235461426	154.0
366.399724084493	150.0
366.4097246228435	149.0
366.419725161194	149.0
366.42972569954446	152.0
366.43972623789494	156.0
366.44972677624537	159.0
366.45972731459585	161.0
366.46972785294633	165.0
366.4797283912968	167.0
366.48972892964724	167.0
366.4997294679977	165.0
366.5097300063482	161.0
366.5197305446987	158.0
366.5297310830491	152.0
366.5397316213996	147.0
366.5497321597501	142.0
366.55973269810056	139.0
366.56973323645104	139.0
366.57973377480147	139.0
366.58973431315195	139.0
366.59973485150243	140.0
366.6097353898529	140.0
366.61973592820334	140.0
366.6297364665538	0.0
366.6397370049043	0.0
366.6497375432548	0.0
366.65973808160527	0.0
366.6697386199557	0.0
366.6797391583062	0.0
366.68973969665666	0.0
366.69974023500714	0.0
366.70974077335757	0.0
366.71974131170805	0.0
366.72974185005853	0.0
366.739742388409	0.0
366.74974292675944	0.0
366.7597434651099	0.0
366.7697440034604	0.0
366.7797445418109	0.0
366.78974508016137	0.0
366.7997456185118	0.0
366.8097461568623	0.0
366.81974669521276	0.0
366.82974723356324	0.0
366.83974777191366	0.0
366.84974831026415	0.0
366.85974884861463	0.0
366.8697493869651	0.0
366.8797499253156	0.0
366.889750463666	0.0
366.8997510020165	0.0
366.909751540367	262.0
366.91975207871747	253.0
366.9297526170679	250.0
366.9397531554184	239.0
366.94975369376886	234.0
366.95975423211934	228.0
366.96975477046976	223.0
366.97975530882024	223.0
366.9897558471707	223.0
366.9997563855212	226.0
367.0097569238717	231.0
367.0197574622221	236.0
367.0297580005726	242.0
367.0397585389231	250.0
367.04975907727356	262.0
367.059759615624	272.0
367.06976015397447	275.0
367.07976069232495	281.0
367.08976123067544	281.0
367.09976176902586	284.0
367.10976230737634	284.0
367.1197628457268	281.0
367.1297633840773	281.0
367.1397639224278	278.0
367.1497644607782	278.0
367.1597649991287	278.0
367.1697655374792	278.0
367.17976607582966	278.0
367.1897666141801	278.0
367.19976715253057	278.0
367.20976769088105	278.0
367.21976822923153	275.0
367.229768767582	272.0
367.23976930593244	272.0
367.2497698442829	272.0
367.2597703826334	284.0
367.2697709209839	288.0
367.2797714593343	288.0
367.2897719976848	284.0
367.2997725360353	281.0
367.30977307438576	278.0
367.3197736127362	278.0
367.32977415108667	275.0
367.33977468943715	278.0
367.34977522778763	284.0
367.3597757661381	294.0
367.36977630448854	312.0
367.379776842839	327.0
367.3897773811895	350.0
367.39977791954	363.0
367.4097784578904	367.0
367.4197789962409	367.0
367.4297795345914	363.0
367.43978007294186	358.0
367.44978061129234	350.0
367.45978114964277	338.0
367.46978168799325	316.0
367.47978222634373	305.0
367.4897827646942	298.0
367.49978330304464	298.0
367.5097838413951	301.0
367.5197843797456	308.0
367.5297849180961	319.0
367.5397854564465	331.0
367.549785994797	338.0
367.5597865331475	0.0
367.56978707149796	479.0
367.57978760984844	473.0
367.58978814819886	0.0
367.59978868654935	0.0
367.6097892248998	346.0
367.6197897632503	342.0
367.62979030160074	331.0
367.6397908399512	323.0
367.6497913783017	316.0
367.6597919166522	316.0
367.66979245500266	323.0
367.6797929933531	331.0
367.6897935317036	342.0
367.69979407005405	350.0
367.70979460840454	358.0
367.71979514675496	367.0
367.72979568510544	367.0
367.7397962234559	363.0
367.7497967618064	354.0
367.75979730015683	342.0
367.7697978385073	327.0
367.7797983768578	305.0
367.7897989152083	278.0
367.79979945355876	278.0
367.8097999919092	281.0
367.81980053025967	284.0
367.82980106861015	288.0
367.83980160696063	288.0
367.84980214531106	284.0
367.85980268366154	284.0
367.869803222012	288.0
367.8798037603625	288.0
367.889804298713	288.0
367.8998048370634	288.0
367.9098053754139	288.0
367.9198059137644	288.0
367.92980645211486	284.0
367.9398069904653	278.0
367.94980752881577	272.0
367.95980806716625	272.0
367.96980860551673	298.0
367.97980914386716	301.0
367.98980968221764	305.0
367.9998102205681	308.0
368.0098107589186	312.0
368.0198112972691	316.0
368.0298118356195	319.0
368.03981237397	323.0
368.0498129123205	327.0
368.05981345067096	327.0
368.0698139890214	327.0
368.07981452737187	323.0
368.08981506572235	319.0
368.09981560407283	316.0
368.1098161424233	284.0
368.11981668077374	278.0
368.1298172191242	278.0
368.1398177574747	281.0
368.1498182958252	284.0
368.1598188341756	284.0
368.1698193725261	284.0
368.1798199108766	284.0
368.18982044922706	284.0
368.1998209875775	284.0
368.20982152592796	284.0
368.21982206427845	284.0
368.22982260262893	284.0
368.2398231409794	284.0
368.24982367932984	284.0
368.2598242176803	281.0
368.2698247560308	278.0
368.2798252943813	272.0
368.2898258327317	231.0
368.2998263710822	226.0
368.3098269094327	218.0
368.31982744778315	210.0
368.32982798613364	208.0
368.33982852448406	210.0
368.34982906283454	218.0
368.359829601185	226.0
368.3698301395355	236.0
368.37983067788593	253.0
368.3898312162364	272.0
368.3998317545869	281.0
368.4098322929374	288.0
368.4198328312878	288.0
368.4298333696383	288.0
368.43983390798877	278.0
368.44983444633925	268.0
368.45983498468973	259.0
368.46983552304016	245.0
368.47983606139064	223.0
368.4898365997411	215.0
368.4998371380916	210.0
368.50983767644203	210.0
368.5198382147925	215.0
368.529838753143	226.0
368.5398392914935	239.0
368.54983982984396	259.0
368.5598403681944	272.0
368.56984090654487	288.0
368.57984144489535	301.0
368.58984198324583	305.0
368.59984252159626	305.0
368.60984305994674	294.0
368.6198435982972	288.0
368.6298441366477	265.0
368.63984467499813	250.0
368.6498452133486	236.0
368.6598457516991	231.0
368.6698462900496	228.0
368.67984682840006	231.0
368.6898473667505	234.0
368.69984790510097	239.0
368.70984844345145	248.0
368.71984898180193	256.0
368.72984952015236	262.0
368.73985005850284	272.0
368.7498505968533	275.0
368.7598511352038	275.0
368.76985167355423	272.0
368.7798522119047	268.0
368.7898527502552	259.0
368.7998532886057	213.0
368.80985382695616	208.0
368.8198543653066	206.0
368.82985490365706	206.0
368.83985544200755	208.0
368.84985598035803	208.0
368.85985651870845	210.0
368.86985705705894	210.0
368.8798575954094	213.0
368.8898581337599	213.0
368.8998586721104	213.0
368.9098592104608	213.0
368.9198597488113	213.0
368.9298602871618	213.0
368.93986082551226	210.0
368.9498613638627	210.0
368.95986190221316	206.0
368.96986244056365	201.0
368.9798629789141	190.0
368.98986351726455	185.0
368.99986405561503	177.0
369.0098645939655	169.0
369.019865132316	161.0
369.0298656706665	158.0
369.0398662090169	159.0
369.0498667473674	165.0
369.05986728571787	173.0
369.06986782406835	181.0
369.0798683624188	190.0
369.08986890076926	194.0
369.09986943911974	196.0
369.1098699774702	199.0
369.1198705158207	199.0
369.12987105417113	181.0
369.1398715925216	173.0
369.1498721308721	163.0
369.1598726692226	158.0
369.169873207573	154.0
369.1798737459235	152.0
369.18987428427397	152.0
369.19987482262445	154.0
369.2098753609749	158.0
369.21987589932536	163.0
369.22987643767584	167.0
369.2398769760263	171.0
369.2498775143768	173.0
369.25987805272723	173.0
369.2698785910777	173.0
369.2798791294282	169.0
369.2898796677787	165.0
369.2998802061291	158.0
369.3098807444796	149.0
369.31988128283007	142.0
369.32988182118055	139.0
369.33988235953103	139.0
369.34988289788146	140.0
369.35988343623194	140.0
369.3698839745824	142.0
369.3798845129329	142.0
369.38988505128333	142.0
369.3998855896338	142.0
369.4098861279843	142.0
369.4198866663348	142.0
369.4298872046852	142.0
369.4398877430357	142.0
369.44988828138617	142.0
369.45988881973665	142.0
369.46988935808713	140.0
369.47988989643756	139.0
369.48989043478804	137.0
369.4998909731385	134.0
369.509891511489	132.0
369.5198920498394	132.0
369.5298925881899	136.0
369.5398931265404	139.0
369.5498936648909	154.0
369.55989420324136	167.0
369.5698947415918	175.0
369.57989527994226	190.0
369.58989581829275	206.0
369.5998963566432	215.0
369.60989689499365	215.0
369.61989743334414	210.0
369.6298979716946	203.0
369.6398985100451	199.0
369.6498990483955	192.0
369.659899586746	185.0
369.6699001250965	179.0
369.679900663447	173.0
369.68990120179745	163.0
369.6999017401479	158.0
369.70990227849836	154.0
369.71990281684884	152.0
369.7299033551993	152.0
369.73990389354975	152.0
369.74990443190023	152.0
369.7599049702507	154.0
369.7699055086012	156.0
369.7799060469517	156.0
369.7899065853021	158.0
369.7999071236526	159.0
369.80990766200307	161.0
369.81990820035355	163.0
369.829908738704	167.0
369.83990927705446	169.0
369.84990981540494	171.0
369.8599103537554	173.0
369.86991089210585	173.0
369.87991143045633	173.0
369.8899119688068	173.0
369.8999125071573	171.0
369.9099130455078	169.0
369.9199135838582	167.0
369.9299141222087	163.0
369.93991466055917	159.0
369.94991519890965	158.0
369.9599157372601	154.0
369.96991627561056	152.0
369.97991681396104	150.0
369.9899173523115	149.0
369.999917890662	147.0
370.00991842901243	145.0
370.0199189673629	145.0
370.0299195057134	144.0
370.0399200440639	144.0
370.0499205824143	142.0
370.0599211207648	142.0
370.06992165911527	140.0
370.07992219746575	139.0
370.0899227358162	139.0
370.09992327416666	139.0
370.10992381251714	139.0
370.1199243508676	139.0
370.1299248892181	140.0
370.1399254275685	140.0
370.149925965919	140.0
370.1599265042695	140.0
370.16992704262	140.0
370.1799275809704	139.0
370.1899281193209	137.0
370.19992865767136	137.0
370.20992919602185	137.0
370.21992973437233	137.0
370.22993027272275	139.0
370.23993081107324	139.0
370.2499313494237	139.0
370.2599318877742	140.0
370.2699324261246	140.0
370.2799329644751	140.0
370.2899335028256	137.0
370.2999340411761	0.0
370.3099345795265	0.0
370.319935117877	0.0
370.32993565622746	0.0
370.33993619457794	0.0
370.3499367329284	0.0
370.35993727127885	0.0
370.36993780962933	0.0
370.3799383479798	0.0
370.3899388863303	0.0
370.3999394246807	0.0
370.4099399630312	0.0
370.4199405013817	0.0
370.42994103973217	0.0
370.4399415780826	0.0
370.4499421164331	0.0
370.45994265478356	0.0
370.46994319313404	0.0
370.4799437314845	0.0
370.48994426983495	0.0
370.49994480818543	0.0
370.5099453465359	0.0
370.5199458848864	0.0
370.5299464232368	0.0
370.5399469615873	0.0
370.5499474999378	0.0
370.55994803828827	0.0
370.56994857663875	0.0
370.5799491149892	0.0
370.58994965333966	0.0
370.59995019169014	0.0
370.6099507300406	0.0
370.61995126839105	0.0
370.62995180674153	0.0
370.639952345092	0.0
370.6499528834425	0.0
370.6599534217929	0.0
370.6699539601434	0.0
370.6799544984939	0.0
370.68995503684437	0.0
370.69995557519485	0.0
370.7099561135453	0.0
370.71995665189576	0.0
370.72995719024624	0.0
370.7399577285967	137.0
370.74995826694715	137.0
370.75995880529763	137.0
370.7699593436481	137.0
370.7799598819986	139.0
370.7899604203491	140.0
370.7999609586995	142.0
370.80996149705	142.0
370.81996203540047	142.0
370.82996257375095	142.0
370.8399631121014	139.0
370.84996365045185	136.0
370.85996418880234	132.0
370.8699647271528	129.0
370.87996526550324	128.0
370.8899658038537	129.0
370.8999663422042	131.0
370.9099668805547	134.0
370.9199674189052	137.0
370.9299679572556	140.0
370.9399684956061	142.0
370.94996903395656	144.0
370.95996957230705	145.0
370.96997011065747	145.0
370.97997064900795	145.0
370.98997118735844	144.0
370.9999717257089	140.0
371.0099722640594	139.0
371.0199728024098	137.0
371.0299733407603	137.0
371.0399738791108	139.0
371.04997441746127	142.0
371.0599749558117	147.0
371.0699754941622	150.0
371.07997603251266	152.0
371.08997657086314	152.0
371.09997710921357	152.0
371.10997764756405	150.0
371.11997818591453	150.0
371.129978724265	150.0
371.1399792626155	150.0
371.1499798009659	152.0
371.1599803393164	154.0
371.1699808776669	158.0
371.17998141601737	159.0
371.1899819543678	161.0
371.1999824927183	161.0
371.20998303106876	159.0
371.21998356941924	158.0
371.2299841077697	154.0
371.23998464612015	150.0
371.24998518447063	149.0
371.2599857228211	147.0
371.2699862611716	147.0
371.279986799522	150.0
371.2899873378725	154.0
371.299987876223	159.0
371.30998841457347	163.0
371.3199889529239	165.0
371.3299894912744	165.0
371.33999002962486	165.0
371.34999056797534	161.0
371.3599911063258	156.0
371.36999164467625	149.0
371.37999218302673	147.0
371.3899927213772	147.0
371.3999932597277	159.0
371.4099937980781	171.0
371.4199943364286	175.0
371.4299948747791	179.0
371.43999541312957	179.0
371.44999595148005	179.0
371.4599964898305	177.0
371.46999702818096	177.0
371.47999756653144	175.0
371.4899981048819	175.0
371.49999864323235	175.0
371.5099991815828	175.0
371.5199997199333	175.0
371.5300002582838	173.0
371.5400007966342	171.0
371.5500013349847	167.0
371.5600018733352	163.0
371.57000241168566	159.0
371.58000295003615	158.0
371.59000348838657	158.0
371.60000402673705	158.0
371.61000456508754	163.0
371.620005103438	171.0
371.63000564178844	175.0
371.6400061801389	181.0
371.6500067184894	183.0
371.6600072568399	183.0
371.6700077951904	181.0
371.6800083335408	179.0
371.6900088718913	350.0
371.70000941024176	0.0
371.71000994859224	0.0
371.72001048694267	0.0
371.73001102529315	0.0
371.74001156364363	0.0
371.7500121019941	213.0
371.76001264034454	210.0
371.770013178695	210.0
371.7800137170455	210.0
371.790014255396	210.0
371.80001479374647	210.0
371.8100153320969	210.0
371.8200158704474	210.0
371.83001640879786	210.0
371.84001694714834	208.0
371.85001748549877	206.0
371.86001802384925	201.0
371.87001856219973	192.0
371.8800191005502	185.0
371.8900196389007	165.0
371.9000201772511	165.0
371.9100207156016	177.0
371.9200212539521	181.0
371.93002179230257	187.0
371.940022330653	192.0
371.9500228690035	199.0
371.96002340735396	206.0
371.97002394570444	210.0
371.98002448405487	213.0
371.99002502240535	213.0
372.00002556075583	213.0
372.0100260991063	210.0
372.0200266374568	206.0
372.0300271758072	201.0
372.0400277141577	192.0
372.0500282525082	185.0
372.06002879085867	183.0
372.0700293292091	185.0
372.0800298675596	190.0
372.09003040591006	223.0
372.10003094426054	228.0
372.11003148261096	231.0
372.12003202096145	234.0
372.1300325593119	234.0
372.1400330976624	236.0
372.1500336360129	236.0
372.1600341743633	236.0
372.1700347127138	236.0
372.1800352510643	236.0
372.19003578941476	236.0
372.2000363277652	234.0
372.2100368661157	231.0
372.22003740446615	218.0
372.23003794281664	206.0
372.2400384811671	203.0
372.25003901951754	203.0
372.260039557868	206.0
372.2700400962185	210.0
372.280040634569	215.0
372.2900411729194	223.0
372.3000417112699	228.0
372.3100422496204	236.0
372.32004278797086	239.0
372.3300433263213	242.0
372.34004386467177	242.0
372.35004440302225	239.0
372.36004494137273	236.0
372.3700454797232	234.0
372.38004601807364	231.0
372.3900465564241	226.0
372.4000470947746	220.0
372.4100476331251	213.0
372.4200481714755	208.0
372.430048709826	206.0
372.4400492481765	210.0
372.45004978652696	259.0
372.46005032487744	272.0
372.47005086322787	278.0
372.48005140157835	281.0
372.49005193992883	284.0
372.5000524782793	284.0
372.51005301662974	288.0
372.5200535549802	288.0
372.5300540933307	288.0
372.5400546316812	288.0
372.5500551700316	288.0
372.5600557083821	288.0
372.5700562467326	288.0
372.58005678508306	288.0
372.59005732343354	291.0
372.60005786178397	291.0
372.61005840013445	291.0
372.62005893848493	291.0
372.6300594768354	284.0
372.64006001518584	281.0
372.6500605535363	278.0
372.6600610918868	278.0
372.6700616302373	278.0
372.68006216858777	288.0
372.6900627069382	298.0
372.7000632452887	312.0
372.71006378363916	323.0
372.72006432198964	342.0
372.73006486034006	354.0
372.74006539869055	354.0
372.75006593704103	354.0
372.7600664753915	354.0
372.77006701374194	350.0
372.7800675520924	346.0
372.7900680904429	342.0
372.8000686287934	327.0
372.81006916714387	316.0
372.8200697054943	308.0
372.8300702438448	308.0
372.84007078219526	312.0
372.85007132054574	316.0
372.86007185889616	319.0
372.87007239724664	331.0
372.8800729355971	462.0
372.8900734739476	468.0
372.9000740122981	468.0
372.9100745506485	462.0
372.920075088999	338.0
372.9300756273495	331.0
372.94007616569996	327.0
372.9500767040504	312.0
372.96007724240087	305.0
372.97007778075135	301.0
372.98007831910184	301.0
372.99007885745226	305.0
373.00007939580274	308.0
373.0100799341532	312.0
373.0200804725037	323.0
373.0300810108542	331.0
373.0400815492046	338.0
373.0500820875551	346.0
373.0600826259056	350.0
373.07008316425606	346.0
373.0800837026065	338.0
373.09008424095697	334.0
373.10008477930745	334.0
373.11008531765793	334.0
373.1200858560084	331.0
373.13008639435884	327.0
373.1400869327093	319.0
373.1500874710598	312.0
373.1600880094103	312.0
373.1700885477607	312.0
373.1800890861112	316.0
373.1900896244617	323.0
373.20009016281216	338.0
373.2100907011626	0.0
373.22009123951307	462.0
373.23009177786355	468.0
373.24009231621403	462.0
373.2500928545645	436.0
373.26009339291494	354.0
373.2700939312654	350.0
373.2800944696159	334.0
373.2900950079664	319.0
373.3000955463168	308.0
373.3100960846673	305.0
373.3200966230178	301.0
373.33009716136826	305.0
373.34009769971874	308.0
373.35009823806917	316.0
373.36009877641965	323.0
373.37009931477013	334.0
373.3800998531206	338.0
373.39010039147104	342.0
373.4001009298215	338.0
373.410101468172	334.0
373.4201020065225	327.0
373.4301025448729	275.0
373.4401030832234	268.0
373.4501036215739	259.0
373.46010415992436	245.0
373.47010469827484	226.0
373.48010523662526	220.0
373.49010577497575	218.0
373.5001063133262	215.0
373.5101068516767	215.0
373.52010739002714	218.0
373.5301079283776	220.0
373.5401084667281	226.0
373.5501090050786	228.0
373.56010954342906	234.0
373.5701100817795	236.0
373.58011062013	239.0
373.59011115848045	239.0
373.60011169683094	242.0
373.61011223518136	248.0
373.62011277353184	253.0
373.6301133118823	253.0
373.6401138502328	250.0
373.65011438858323	239.0
373.6601149269337	234.0
373.6701154652842	223.0
373.6801160036347	220.0
373.69011654198516	223.0
373.7001170803356	226.0
373.71011761868607	236.0
373.72011815703655	248.0
373.73011869538703	259.0
373.74011923373746	265.0
373.75011977208794	268.0
373.7601203104384	268.0
373.7701208487889	0.0
373.7801213871394	0.0
373.7901219254898	301.0
373.8001224638403	298.0
373.8101230021908	288.0
373.82012354054126	284.0
373.8301240788917	281.0
373.84012461724217	284.0
373.85012515559265	294.0
373.86012569394313	312.0
373.87012623229356	331.0
373.88012677064404	350.0
373.8901273089945	462.0
373.900127847345	462.0
373.9101283856955	457.0
373.9201289240459	431.0
373.9301294623964	417.0
373.9401300007469	0.0
373.95013053909736	288.0
373.9601310774478	281.0
373.97013161579827	278.0
373.98013215414875	275.0
373.99013269249923	275.0
374.00013323084966	275.0
374.01013376920014	278.0
374.0201343075506	278.0
374.0301348459011	278.0
374.0401353842516	278.0
374.050135922602	278.0
374.0601364609525	278.0
374.070136999303	278.0
374.08013753765346	278.0
374.0901380760039	275.0
374.10013861435436	272.0
374.11013915270485	272.0
374.12013969105533	272.0
374.1301402294058	301.0
374.14014076775624	305.0
374.1501413061067	308.0
374.1601418444572	312.0
374.1701423828077	319.0
374.1801429211581	323.0
374.1901434595086	327.0
374.2001439978591	327.0
374.21014453620955	327.0
374.22014507456	327.0
374.23014561291046	323.0
374.24014615126094	319.0
374.2501466896114	319.0
374.2601472279619	312.0
374.27014776631233	301.0
374.2801483046628	275.0
374.2901488430133	272.0
374.3001493813638	275.0
374.3101499197142	278.0
374.3201504580647	278.0
374.33015099641517	281.0
374.34015153476565	281.0
374.35015207311613	281.0
374.36015261146656	284.0
374.37015314981704	284.0
374.3801536881675	284.0
374.390154226518	284.0
374.40015476486843	284.0
374.4101553032189	281.0
374.4201558415694	278.0
374.4301563799199	228.0
374.4401569182703	215.0
374.4501574566208	208.0
374.46015799497127	206.0
374.47015853332175	203.0
374.48015907167223	206.0
374.49015961002266	208.0
374.50016014837314	208.0
374.5101606867236	210.0
374.5201612250741	210.0
374.53016176342453	210.0
374.540162301775	213.0
374.5501628401255	213.0
374.560163378476	213.0
374.57016391682646	210.0
374.5801644551769	210.0
374.59016499352737	208.0
374.60016553187785	206.0
374.61016607022833	199.0
374.62016660857876	190.0
374.63016714692924	190.0
374.6401676852797	196.0
374.6501682236302	218.0
374.66016876198063	231.0
374.6701693003311	236.0
374.6801698386816	242.0
374.6901703770321	245.0
374.70017091538256	248.0
374.710171453733	248.0
374.72017199208346	245.0
374.73017253043395	239.0
374.74017306878443	236.0
374.75017360713485	231.0
374.76017414548534	228.0
374.7701746838358	226.0
374.7801752221863	223.0
374.7901757605368	220.0
374.8001762988872	220.0
374.8101768372377	228.0
374.8201773755882	242.0
374.83017791393866	262.0
374.8401784522891	272.0
374.85017899063956	275.0
374.86017952899005	278.0
374.8701800673405	281.0
374.88018060569095	284.0
374.89018114404143	284.0
374.9001816823919	284.0
374.9101822207424	284.0
374.9201827590929	281.0
374.9301832974433	278.0
374.9401838357938	275.0
374.95018437414427	272.0
374.96018491249475	272.0
374.9701854508452	234.0
374.98018598919566	231.0
374.99018652754614	231.0
375.0001870658966	231.0
375.0101876042471	231.0
375.02018814259753	231.0
375.030188680948	231.0
375.0401892192985	234.0
375.050189757649	236.0
375.0601902959994	239.0
375.0701908343499	242.0
375.08019137270037	245.0
375.09019191105085	245.0
375.1001924494013	248.0
375.11019298775176	245.0
375.12019352610224	242.0
375.1301940644527	239.0
375.1401946028032	236.0
375.15019514115363	234.0
375.1601956795041	231.0
375.1701962178546	228.0
375.1801967562051	231.0
375.1901972945555	234.0
375.200197832906	239.0
375.21019837125647	248.0
375.22019890960695	259.0
375.23019944795743	272.0
375.24019998630786	291.0
375.25020052465834	301.0
375.2602010630088	301.0
375.2702016013593	298.0
375.28020213970973	291.0
375.2902026780602	281.0
375.3002032164107	278.0
375.3102037547612	259.0
375.3202042931116	245.0
375.3302048314621	234.0
375.34020536981257	231.0
375.35020590816305	231.0
375.36020644651353	231.0
375.37020698486396	234.0
375.38020752321444	236.0
375.3902080615649	242.0
375.4002085999154	248.0
375.4102091382658	253.0
375.4202096766163	256.0
375.4302102149668	256.0
375.4402107533173	253.0
375.45021129166776	248.0
375.4602118300182	215.0
375.47021236836866	203.0
375.48021290671915	192.0
375.4902134450696	179.0
375.50021398342005	171.0
375.51021452177054	165.0
375.520215060121	163.0
375.5302155984715	163.0
375.5402161368219	165.0
375.5502166751724	167.0
375.5602172135229	171.0
375.5702177518734	175.0
375.58021829022385	181.0
375.5902188285743	185.0
375.60021936692476	187.0
375.61021990527524	187.0
375.6202204436257	187.0
375.63022098197615	181.0
375.64022152032663	173.0
375.6502220586771	169.0
375.6602225970276	165.0
375.670223135378	165.0
375.6802236737285	165.0
375.690224212079	167.0
375.70022475042947	169.0
375.71022528877995	173.0
375.7202258271304	177.0
375.73022636548086	183.0
375.74022690383134	187.0
375.7502274421818	194.0
375.76022798053225	201.0
375.77022851888273	203.0
375.7802290572332	206.0
375.7902295955837	201.0
375.8002301339342	196.0
375.8102306722846	194.0
375.8202312106351	196.0
375.83023174898557	201.0
375.84023228733605	203.0
375.8502328256865	203.0
375.86023336403696	206.0
375.87023390238744	208.0
375.8802344407379	213.0
375.89023497908835	220.0
375.90023551743883	228.0
375.9102360557893	236.0
375.9202365941398	248.0
375.9302371324903	253.0
375.9402376708407	253.0
375.9502382091912	250.0
375.96023874754167	228.0
375.97023928589215	203.0
375.9802398242426	194.0
375.99024036259306	192.0
376.00024090094354	194.0
376.010241439294	196.0
376.0202419776445	199.0
376.0302425159949	201.0
376.0402430543454	201.0
376.0502435926959	203.0
376.0602441310464	206.0
376.0702446693968	208.0
376.0802452077473	210.0
376.09024574609776	210.0
376.10024628444825	208.0
376.1102468227987	206.0
376.12024736114915	201.0
376.13024789949964	196.0
376.1402484378501	190.0
376.1502489762006	187.0
376.160249514551	192.0
376.1702500529015	208.0
376.180250591252	223.0
376.1902511296025	228.0
376.2002516679529	234.0
376.2102522063034	239.0
376.22025274465386	239.0
376.23025328300434	242.0
376.2402538213548	242.0
376.25025435970525	242.0
376.26025489805573	242.0
376.2702554364062	239.0
376.2802559747567	239.0
376.2902565131071	236.0
376.3002570514576	208.0
376.3102575898081	201.0
376.32025812815857	201.0
376.330258666509	203.0
376.3402592048595	206.0
376.35025974320996	208.0
376.36026028156044	208.0
376.3702608199109	208.0
376.38026135826135	208.0
376.39026189661183	208.0
376.4002624349623	210.0
376.4102629733128	213.0
376.4202635116632	213.0
376.4302640500137	215.0
376.4402645883642	218.0
376.45026512671467	218.0
376.46026566506515	218.0
376.4702662034156	215.0
376.48026674176606	206.0
376.49026728011654	201.0
376.500267818467	201.0
376.51026835681745	208.0
376.52026889516793	213.0
376.5302694335184	215.0
376.5402699718689	218.0
376.5502705102193	220.0
376.5602710485698	226.0
376.5702715869203	239.0
376.58027212527077	253.0
376.59027266362125	275.0
376.6002732019717	0.0
376.61027374032216	452.0
376.62027427867264	457.0
376.6302748170231	452.0
376.64027535537355	431.0
376.65027589372403	389.0
376.6602764320745	367.0
376.670276970425	338.0
376.6802775087755	316.0
376.6902780471259	301.0
376.7002785854764	291.0
376.71027912382687	284.0
376.72027966217735	284.0
376.7302802005278	284.0
376.74028073887825	284.0
376.75028127722874	284.0
376.7602818155792	284.0
376.77028235392964	281.0
376.7802828922801	281.0
376.7902834306306	281.0
376.8002839689811	281.0
376.8102845073316	281.0
376.820285045682	281.0
376.8302855840325	284.0
376.84028612238296	245.0
376.85028666073345	242.0
376.86028719908387	231.0
376.87028773743435	226.0
376.88028827578484	226.0
376.8902888141353	231.0
376.9002893524858	236.0
376.9102898908362	248.0
376.9202904291867	262.0
376.9302909675372	272.0
376.94029150588767	278.0
376.9502920442381	278.0
376.9602925825886	278.0
376.97029312093906	272.0
376.98029365928954	265.0
376.99029419763997	220.0
377.00029473599045	215.0
377.01029527434093	213.0
377.0202958126914	213.0
377.0302963510419	213.0
377.0402968893923	213.0
377.0502974277428	215.0
377.0602979660933	215.0
377.07029850444377	218.0
377.0802990427942	218.0
377.0902995811447	215.0
377.10030011949516	215.0
377.11030065784564	213.0
377.1203011961961	210.0
377.13030173454655	208.0
377.14030227289703	203.0
377.1503028112475	192.0
377.160303349598	169.0
377.1703038879484	161.0
377.1803044262989	156.0
377.1903049646494	156.0
377.20030550299987	159.0
377.2103060413503	167.0
377.2203065797008	175.0
377.23030711805126	181.0
377.24030765640174	190.0
377.2503081947522	199.0
377.26030873310265	203.0
377.27030927145313	203.0
377.2803098098036	203.0
377.2903103481541	196.0
377.3003108865045	185.0
377.310311424855	173.0
377.3203119632055	161.0
377.33031250155597	156.0
377.3403130399064	152.0
377.3503135782569	150.0
377.36031411660736	152.0
377.37031465495784	154.0
377.3803151933083	158.0
377.39031573165875	165.0
377.4003162700092	169.0
377.4103168083597	175.0
377.4203173467102	181.0
377.4303178850606	185.0
377.4403184234111	187.0
377.4503189617616	187.0
377.46031950011206	185.0
377.47032003846255	181.0
377.48032057681297	171.0
377.49032111516345	144.0
377.50032165351394	140.0
377.5103221918644	136.0
377.52032273021484	136.0
377.5303232685653	136.0
377.5403238069158	137.0
377.5503243452663	139.0
377.5603248836167	139.0
377.5703254219672	139.0
377.5803259603177	140.0
377.59032649866816	140.0
377.60032703701864	140.0
377.61032757536907	140.0
377.62032811371955	140.0
377.63032865207003	139.0
377.6403291904205	137.0
377.65032972877094	136.0
377.6603302671214	134.0
377.6703308054719	134.0
377.6803313438224	134.0
377.69033188217287	136.0
377.7003324205233	137.0
377.7103329588738	139.0
377.72033349722426	144.0
377.73033403557474	150.0
377.74033457392517	159.0
377.75033511227565	167.0
377.76033565062613	177.0
377.7703361889766	210.0
377.78033672732704	213.0
377.7903372656775	210.0
377.800337804028	203.0
377.8103383423785	190.0
377.82033888072897	179.0
377.8303394190794	179.0
377.8403399574299	177.0
377.85034049578036	175.0
377.86034103413084	173.0
377.87034157248127	165.0
377.88034211083175	159.0
377.89034264918223	154.0
377.9003431875327	152.0
377.9103437258832	150.0
377.9203442642336	149.0
377.9303448025841	149.0
377.9403453409346	149.0
377.95034587928507	150.0
377.9603464176355	150.0
377.970346955986	150.0
377.98034749433646	152.0
377.99034803268694	152.0
378.00034857103736	154.0
378.01034910938785	158.0
378.0203496477383	161.0
378.0303501860888	165.0
378.0403507244393	175.0
378.0503512627897	181.0
378.0603518011402	190.0
378.0703523394907	194.0
378.08035287784116	201.0
378.0903534161916	206.0
378.1003539545421	210.0
378.11035449289255	215.0
378.12035503124304	218.0
378.1303555695935	218.0
378.14035610794394	218.0
378.1503566462944	215.0
378.1603571846449	210.0
378.1703577229954	206.0
378.1803582613458	201.0
378.1903587996963	196.0
378.2003593380468	190.0
378.21035987639726	187.0
378.2203604147477	183.0
378.23036095309817	181.0
378.24036149144865	179.0
378.25036202979913	177.0
378.2603625681496	175.0
378.27036310650004	175.0
378.2803636448505	173.0
378.290364183201	173.0
378.3003647215515	173.0
378.3103652599019	173.0
378.3203657982524	173.0
378.3303663366029	173.0
378.34036687495336	175.0
378.35036741330384	175.0
378.36036795165427	177.0
378.37036849000475	177.0
378.38036902835523	179.0
378.3903695667057	179.0
378.40037010505614	179.0
378.4103706434066	177.0
378.4203711817571	177.0
378.4303717201076	175.0
378.440372258458	175.0
378.4503727968085	175.0
378.460373335159	173.0
378.47037387350946	175.0
378.48037441185994	175.0
378.49037495021037	175.0
378.50037548856085	177.0
378.51037602691133	177.0
378.5203765652618	177.0
378.53037710361224	177.0
378.5403776419627	177.0
378.5503781803132	177.0
378.5603787186637	175.0
378.57037925701417	175.0
378.5803797953646	175.0
378.5903803337151	175.0
378.60038087206556	177.0
378.61038141041604	177.0
378.62038194876646	177.0
378.63038248711695	177.0
378.64038302546743	175.0
378.6503835638179	175.0
378.66038410216834	175.0
378.6703846405188	175.0
378.6803851788693	177.0
378.6903857172198	177.0
378.70038625557027	177.0
378.7103867939207	177.0
378.7203873322712	177.0
378.73038787062166	175.0
378.74038840897214	173.0
378.75038894732256	169.0
378.76038948567304	167.0
378.7703900240235	165.0
378.780390562374	165.0
378.7903911007245	165.0
378.8003916390749	167.0
378.8103921774254	0.0
378.8203927157759	0.0
378.83039325412636	0.0
378.8403937924768	0.0
378.85039433082727	0.0
378.86039486917775	0.0
378.87039540752824	0.0
378.88039594587866	0.0
378.89039648422914	0.0
378.9003970225796	0.0
378.9103975609301	0.0
378.9203980992806	0.0
378.930398637631	0.0
378.9403991759815	0.0
378.950399714332	0.0
378.96040025268246	0.0
378.9704007910329	0.0
378.98040132938337	0.0
378.99040186773385	0.0
379.00040240608433	0.0
379.01040294443476	0.0
379.02040348278524	0.0
379.0304040211357	0.0
379.0404045594862	0.0
379.0504050978367	0.0
379.0604056361871	0.0
379.0704061745376	0.0
379.0804067128881	0.0
379.09040725123856	0.0
379.100407789589	0.0
379.11040832793947	0.0
379.12040886628995	0.0
379.13040940464043	0.0
379.1404099429909	0.0
379.15041048134134	0.0
379.1604110196918	0.0
379.1704115580423	0.0
379.1804120963928	0.0
379.1904126347432	0.0
379.2004131730937	0.0
379.2104137114442	0.0
379.22041424979466	0.0
379.2304147881451	0.0
379.24041532649557	0.0
379.25041586484605	0.0
379.26041640319653	192.0
379.270416941547	190.0
379.28041747989744	187.0
379.2904180182479	183.0
379.3004185565984	181.0
379.3104190949489	179.0
379.3204196332993	179.0
379.3304201716498	177.0
379.3404207100003	175.0
379.35042124835076	175.0
379.36042178670124	173.0
379.37042232505166	173.0
379.38042286340215	173.0
379.3904234017526	173.0
379.4004239401031	173.0
379.41042447845354	173.0
379.420425016804	173.0
379.4304255551545	173.0
379.440426093505	175.0
379.4504266318554	175.0
379.4604271702059	177.0
379.4704277085564	177.0
379.48042824690685	177.0
379.49042878525734	177.0
379.50042932360776	177.0
379.51042986195824	177.0
379.5204304003087	175.0
379.5304309386592	175.0
379.54043147700963	173.0
379.5504320153601	173.0
379.5604325537106	171.0
379.5704330920611	171.0
379.58043363041156	171.0
379.590434168762	171.0
379.60043470711247	173.0
379.61043524546295	177.0
379.62043578381343	183.0
379.63043632216386	187.0
379.64043686051434	190.0
379.6504373988648	192.0
379.6604379372153	192.0
379.67043847556573	192.0
379.6804390139162	187.0
379.6904395522667	185.0
379.7004400906172	183.0
379.71044062896766	179.0
379.7204411673181	177.0
379.73044170566857	175.0
379.74044224401905	175.0
379.75044278236953	175.0
379.76044332071996	175.0
379.77044385907044	175.0
379.7804443974209	177.0
379.7904449357714	177.0
379.8004454741219	177.0
379.8104460124723	175.0
379.8204465508228	175.0
379.8304470891733	175.0
379.84044762752376	173.0
379.8504481658742	173.0
379.86044870422467	173.0
379.87044924257515	173.0
379.88044978092563	173.0
379.89045031927606	175.0
379.90045085762654	177.0
379.910451395977	181.0
379.9204519343275	183.0
379.930452472678	185.0
379.9404530110284	187.0
379.9504535493789	187.0
379.9604540877294	190.0
379.97045462607986	187.0
379.9804551644303	187.0
379.99045570278076	185.0
380.00045624113125	181.0
380.01045677948173	179.0
380.0204573178322	177.0
380.03045785618264	175.0
380.0404583945331	175.0
380.0504589328836	177.0
380.0604594712341	177.0
380.0704600095845	179.0
380.080460547935	179.0
380.0904610862855	179.0
380.10046162463595	179.0
380.1104621629864	177.0
380.12046270133686	177.0
380.13046323968734	177.0
380.1404637780378	175.0
380.1504643163883	175.0
380.16046485473873	175.0
380.1704653930892	175.0
380.1804659314397	175.0
380.1904664697902	175.0
380.2004670081406	177.0
380.2104675464911	177.0
380.22046808484157	179.0
380.23046862319205	183.0
380.24046916154253	185.0
380.25046969989296	187.0
380.26047023824344	187.0
380.2704707765939	190.0
380.2804713149444	190.0
380.29047185329483	187.0
380.3004723916453	185.0
380.3104729299958	181.0
380.3204734683463	175.0
380.3304740066967	171.0
380.3404745450472	165.0
380.35047508339767	161.0
380.36047562174815	158.0
380.37047616009863	152.0
380.38047669844906	147.0
380.39047723679954	140.0
380.40047777515	137.0
380.4104783135005	0.0
380.42047885185093	0.0
380.4304793902014	0.0
380.4404799285519	0.0
380.4504804669024	0.0
380.46048100525286	0.0
380.4704815436033	0.0
380.48048208195377	0.0
380.49048262030425	0.0
380.50048315865473	0.0
380.51048369700516	0.0
380.52048423535564	0.0
380.5304847737061	0.0
380.5404853120566	0.0
380.55048585040703	0.0
380.5604863887575	0.0
380.570486927108	0.0
380.5804874654585	0.0
380.59048800380896	0.0
380.6004885421594	0.0
380.61048908050986	0.0
380.62048961886035	0.0
380.63049015721083	0.0
380.64049069556125	0.0
380.65049123391174	0.0
380.6604917722622	0.0
380.6704923106127	0.0
380.6804928489631	0.0
380.6904933873136	0.0
380.7004939256641	0.0
380.7104944640146	0.0
380.72049500236506	0.0
380.7304955407155	0.0
380.74049607906596	0.0
380.75049661741645	0.0
380.7604971557669	0.0
380.77049769411735	0.0
380.78049823246783	0.0
380.7904987708183	0.0
380.8004993091688	0.0
380.8104998475193	0.0
380.8205003858697	173.0
380.8305009242202	169.0
380.84050146257067	169.0
380.85050200092115	167.0
380.8605025392716	171.0
380.87050307762206	175.0
380.88050361597254	179.0
380.890504154323	181.0
380.90050469267345	181.0
380.91050523102393	181.0
380.9205057693744	179.0
380.9305063077249	179.0
380.9405068460754	177.0
380.9505073844258	177.0
380.9605079227763	175.0
380.97050846112677	175.0
380.98050899947725	173.0
380.9905095378277	171.0
381.00051007617816	167.0
381.01051061452864	165.0
381.0205111528791	161.0
381.0305116912296	159.0
381.04051222958003	158.0
381.0505127679305	158.0
381.060513306281	156.0
381.0705138446315	156.0
381.0805143829819	158.0
381.0905149213324	158.0
381.10051545968287	161.0
381.11051599803335	165.0
381.1205165363838	169.0
381.13051707473426	175.0
381.14051761308474	181.0
381.1505181514352	187.0
381.1605186897857	192.0
381.17051922813613	194.0
381.1805197664866	194.0
381.1905203048371	192.0
381.2005208431876	187.0
381.210521381538	183.0
381.2205219198885	179.0
381.23052245823897	175.0
381.24052299658945	171.0
381.25052353493993	171.0
381.26052407329036	169.0
381.27052461164084	171.0
381.2805251499913	173.0
381.2905256883418	175.0
381.3005262266922	179.0
381.3105267650427	181.0
381.3205273033932	185.0
381.3305278417437	190.0
381.3405283800941	190.0
381.3505289184446	190.0
381.36052945679506	190.0
381.37052999514555	185.0
381.380530533496	181.0
381.39053107184645	177.0
381.40053161019694	175.0
381.4105321485474	173.0
381.4205326868979	171.0
381.4305332252483	171.0
381.4405337635988	173.0
381.4505343019493	173.0
381.4605348402998	175.0
381.47053537865025	177.0
381.4805359170007	179.0
381.49053645535116	181.0
381.50053699370164	185.0
381.5105375320521	187.0
381.52053807040255	187.0
381.53053860875303	190.0
381.5405391471035	187.0
381.550539685454	187.0
381.5605402238044	185.0
381.5705407621549	181.0
381.5805413005054	179.0
381.59054183885587	175.0
381.60054237720635	173.0
381.6105429155568	171.0
381.62054345390726	169.0
381.63054399225774	169.0
381.6405445306082	171.0
381.65054506895865	173.0
381.66054560730913	177.0
381.6705461456596	183.0
381.6805466840101	187.0
381.6905472223606	192.0
381.700547760711	196.0
381.7105482990615	201.0
381.72054883741197	206.0
381.73054937576245	210.0
381.7405499141129	215.0
381.75055045246336	218.0
381.76055099081384	218.0
381.7705515291643	215.0
381.78055206751475	213.0
381.79055260586523	213.0
381.8005531442157	213.0
381.8105536825662	213.0
381.8205542209167	213.0
381.8305547592671	213.0
381.8405552976176	215.0
381.85055583596807	215.0
381.86055637431855	215.0
381.870556912669	215.0
381.88055745101946	213.0
381.89055798936994	213.0
381.9005585277204	210.0
381.9105590660709	210.0
381.9205596044213	210.0
381.9305601427718	210.0
381.9405606811223	210.0
381.9505612194728	210.0
381.9605617578232	210.0
381.9705622961737	210.0
381.98056283452416	210.0
381.99056337287465	210.0
382.0005639112251	210.0
382.01056444957555	210.0
382.02056498792604	210.0
382.0305655262765	208.0
382.040566064627	206.0
382.0505666029774	201.0
382.0605671413279	196.0
382.0705676796784	190.0
382.0805682180289	0.0
382.0905687563793	0.0
382.1005692947298	0.0
382.11056983308026	0.0
382.12057037143074	0.0
382.1305709097812	0.0
382.14057144813165	0.0
382.15057198648213	0.0
382.1605725248326	0.0
382.1705730631831	0.0
382.1805736015335	0.0
382.190574139884	0.0
382.2005746782345	0.0
382.21057521658497	0.0
382.2205757549354	208.0
382.2305762932859	206.0
382.24057683163636	206.0
382.25057736998684	210.0
382.2605779083373	213.0
382.27057844668775	215.0
382.28057898503823	215.0
382.2905795233887	215.0
382.3005800617392	215.0
382.3105806000896	213.0
382.3205811384401	213.0
382.3305816767906	210.0
382.34058221514107	210.0
382.3505827534915	210.0
382.360583291842	210.0
382.37058383019246	210.0
382.38058436854294	210.0
382.3905849068934	210.0
382.40058544524385	210.0
382.41058598359433	210.0
382.4205865219448	210.0
382.4305870602953	210.0
382.4405875986457	210.0
382.4505881369962	213.0
382.4605886753467	213.0
382.47058921369717	213.0
382.48058975204765	213.0
382.4905902903981	213.0
382.50059082874856	213.0
382.51059136709904	213.0
382.5205919054495	213.0
382.53059244379995	213.0
382.54059298215043	210.0
382.5505935205009	210.0
382.5605940588514	210.0
382.5705945972018	208.0
382.5805951355523	206.0
382.5905956739028	203.0
382.60059621225327	201.0
382.61059675060375	196.0
382.6205972889542	192.0
382.63059782730465	187.0
382.64059836565514	183.0
382.6505989040056	181.0
382.66059944235604	177.0
382.6705999807065	175.0
382.680600519057	175.0
382.6906010574075	173.0
382.700601595758	173.0
382.7106021341084	173.0
382.7206026724589	175.0
382.73060321080936	177.0
382.74060374915985	179.0
382.75060428751027	183.0
382.76060482586075	185.0
382.77060536421124	190.0
382.7806059025617	194.0
382.79060644091214	199.0
382.8006069792626	203.0
382.8106075176131	210.0
382.8206080559636	213.0
382.83060859431407	215.0
382.8406091326645	215.0
382.850609671015	215.0
382.86061020936546	213.0
382.87061074771594	210.0
382.88061128606637	210.0
382.89061182441685	208.0
382.90061236276733	208.0
382.9106129011178	208.0
382.9206134394683	208.0
382.9306139778187	208.0
382.9406145161692	208.0
382.9506150545197	208.0
382.96061559287017	210.0
382.9706161312206	210.0
382.9806166695711	210.0
382.99061720792156	210.0
383.00061774627204	210.0
383.01061828462247	213.0
383.02061882297295	213.0
383.03061936132343	213.0
383.0406198996739	213.0
383.0506204380244	213.0
383.0606209763748	213.0
383.0706215147253	213.0
383.0806220530758	213.0
383.09062259142627	213.0
383.1006231297767	210.0
383.1106236681272	210.0
383.12062420647766	210.0
383.13062474482814	210.0
383.1406252831786	210.0
383.15062582152905	210.0
383.16062635987953	210.0
383.17062689823	210.0
383.1806274365805	213.0
383.1906279749309	213.0
383.2006285132814	213.0
383.2106290516319	213.0
383.22062958998237	213.0
383.2306301283328	213.0
383.2406306666833	213.0
383.25063120503376	213.0
383.26063174338424	213.0
383.2706322817347	213.0
383.28063282008515	210.0
383.2906333584356	210.0
383.3006338967861	213.0
383.3106344351366	213.0
383.320634973487	213.0
383.3306355118375	213.0
383.340636050188	213.0
383.35063658853846	213.0
383.36063712688895	213.0
383.37063766523937	213.0
383.38063820358985	210.0
383.39063874194034	210.0
383.4006392802908	210.0
383.41063981864124	210.0
383.4206403569917	210.0
383.4306408953422	210.0
383.4406414336927	210.0
383.4506419720431	210.0
383.4606425103936	210.0
383.4706430487441	213.0
383.48064358709456	213.0
383.49064412544504	213.0
383.50064466379547	213.0
383.51064520214595	213.0
383.52064574049643	213.0
383.5306462788469	213.0
383.54064681719734	213.0
383.5506473555478	213.0
383.5606478938983	213.0
383.5706484322488	213.0
383.58064897059927	213.0
383.5906495089497	213.0
383.6006500473002	213.0
383.61065058565066	213.0
383.62065112400114	213.0
383.63065166235157	213.0
383.64065220070205	213.0
383.65065273905253	213.0
383.660653277403	210.0
383.67065381575344	210.0
383.6806543541039	210.0
383.6906548924544	210.0
383.7006554308049	213.0
383.71065596915537	213.0
383.7206565075058	213.0
383.7306570458563	213.0
383.74065758420676	213.0
383.75065812255724	213.0
383.76065866090767	213.0
383.77065919925815	213.0
383.78065973760863	213.0
383.7906602759591	213.0
383.8006608143096	213.0
383.81066135266	213.0
383.8206618910105	213.0
383.830662429361	213.0
383.84066296771147	213.0
383.8506635060619	213.0
383.8606640444124	213.0
383.87066458276286	213.0
383.88066512111334	213.0
383.89066565946376	213.0
383.90066619781425	213.0
383.9106667361647	213.0
383.9206672745152	213.0
383.9306678128657	213.0
383.9406683512161	213.0
383.9506688895666	213.0
383.9606694279171	213.0
383.97066996626756	213.0
383.980670504618	215.0
383.9906710429685	213.0
384.00067158131895	213.0
384.01067211966944	210.0
384.02067265801986	206.0
384.03067319637034	199.0
384.0406737347208	187.0
384.0506742730713	173.0
384.0606748114218	159.0
384.0706753497722	152.0
384.0806758881227	152.0
384.0906764264732	156.0
384.10067696482366	161.0
384.1106775031741	167.0
384.12067804152457	173.0
384.13067857987505	179.0
384.14067911822553	185.0
384.150679656576	190.0
384.16068019492644	196.0
384.1706807332769	201.0
384.1806812716274	206.0
384.1906818099779	208.0
384.2006823483283	210.0
384.2106828866788	210.0
384.2206834250293	213.0
384.23068396337976	213.0
384.2406845017302	213.0
384.25068504008067	215.0
384.26068557843115	213.0
384.27068611678163	213.0
384.2806866551321	213.0
384.29068719348254	210.0
384.300687731833	208.0
384.3106882701835	203.0
384.320688808534	199.0
384.3306893468844	192.0
384.3406898852349	183.0
384.3506904235854	179.0
384.36069096193586	173.0
384.37069150028634	171.0
384.38069203863677	169.0
384.39069257698725	169.0
384.40069311533773	169.0
384.4106936536882	171.0
384.42069419203864	173.0
384.4306947303891	177.0
384.4406952687396	179.0
384.4506958070901	185.0
384.4606963454405	194.0
384.470696883791	208.0
384.4806974221415	220.0
384.49069796049196	242.0
384.50069849884244	253.0
384.51069903719286	259.0
384.52069957554335	265.0
384.53070011389383	272.0
384.5407006522443	278.0
384.55070119059474	278.0
384.5607017289452	278.0
384.5707022672957	275.0
384.5807028056462	268.0
384.59070334399667	262.0
384.6007038823471	256.0
384.6107044206976	250.0
384.62070495904806	245.0
384.63070549739854	242.0
384.64070603574896	239.0
384.65070657409944	236.0
384.6607071124499	236.0
384.6707076508004	236.0
384.68070818915083	236.0
384.6907087275013	236.0
384.7007092658518	236.0
384.7107098042023	236.0
384.72071034255276	236.0
384.7307108809032	236.0
384.74071141925367	236.0
384.75071195760415	236.0
384.76071249595464	236.0
384.77071303430506	239.0
384.78071357265554	239.0
384.790714111006	242.0
384.8007146493565	245.0
384.810715187707	248.0
384.8207157260574	250.0
384.8307162644079	256.0
384.8407168027584	259.0
384.85071734110886	259.0
384.8607178794593	259.0
384.87071841780977	256.0
384.88071895616025	253.0
384.89071949451073	250.0
384.90072003286116	248.0
384.91072057121164	242.0
384.9207211095621	239.0
384.9307216479126	236.0
384.9407221862631	231.0
384.9507227246135	228.0
384.960723262964	226.0
384.9707238013145	223.0
384.98072433966496	220.0
384.9907248780154	218.0
385.00072541636587	215.0
385.01072595471635	213.0
385.02072649306683	210.0
385.0307270314173	208.0
385.04072756976774	208.0
385.0507281081182	208.0
385.0607286464687	208.0
385.0707291848192	208.0
385.0807297231696	208.0
385.0907302615201	210.0
385.1007307998706	210.0
385.11073133822106	213.0
385.1207318765715	213.0
385.13073241492197	210.0
385.14073295327245	210.0
385.15073349162293	210.0
385.1607340299734	208.0
385.17073456832384	206.0
385.1807351066743	203.0
385.1907356450248	201.0
385.2007361833753	196.0
385.2107367217257	0.0
385.2207372600762	0.0
385.2307377984267	0.0
385.24073833677716	0.0
385.25073887512764	0.0
385.26073941347806	0.0
385.27073995182855	0.0
385.280740490179	0.0
385.2907410285295	0.0
385.30074156687994	0.0
385.3107421052304	0.0
385.3207426435809	0.0
385.3307431819314	0.0
385.3407437202818	0.0
385.3507442586323	0.0
385.3607447969828	0.0
385.37074533533325	0.0
385.38074587368374	0.0
385.39074641203416	0.0
385.40074695038464	0.0
385.4107474887351	0.0
385.4207480270856	0.0
385.43074856543603	0.0
385.4407491037865	0.0
385.450749642137	0.0
385.4607501804875	0.0
385.47075071883796	0.0
385.4807512571884	0.0
385.49075179553887	0.0
385.50075233388935	215.0
385.51075287223983	215.0
385.52075341059026	215.0
385.53075394894074	215.0
385.5407544872912	213.0
385.5507550256417	213.0
385.56075556399213	213.0
385.5707561023426	213.0
385.5807566406931	213.0
385.5907571790436	213.0
385.60075771739406	213.0
385.6107582557445	213.0
385.62075879409497	213.0
385.63075933244545	213.0
385.64075987079593	213.0
385.65076040914636	213.0
385.66076094749684	213.0
385.6707614858473	213.0
385.6807620241978	213.0
385.6907625625483	213.0
385.7007631008987	215.0
385.7107636392492	215.0
385.7207641775997	213.0
385.73076471595016	213.0
385.7407652543006	210.0
385.75076579265107	203.0
385.76076633100155	199.0
385.77076686935203	167.0
385.78076740770246	161.0
385.79076794605294	156.0
385.8007684844034	154.0
385.8107690227539	154.0
385.8207695611044	156.0
385.8307700994548	161.0
385.8407706378053	171.0
385.8507711761558	179.0
385.86077171450626	185.0
385.8707722528567	192.0
385.88077279120716	199.0
385.89077332955765	203.0
385.90077386790813	206.0
385.91077440625855	208.0
385.92077494460904	210.0
385.9307754829595	210.0
385.94077602131	210.0
385.9507765596605	213.0
385.9607770980109	213.0
385.9707776363614	213.0
385.9807781747119	213.0
385.99077871306235	213.0
386.0007792514128	213.0
386.01077978976326	213.0
386.02078032811374	210.0
386.0307808664642	208.0
386.0407814048147	208.0
386.05078194316513	203.0
386.0607824815156	199.0
386.0707830198661	192.0
386.0807835582166	183.0
386.090784096567	175.0
386.1007846349175	167.0
386.11078517326797	163.0
386.12078571161845	161.0
386.1307862499689	161.0
386.14078678831936	163.0
386.15078732666984	169.0
386.1607878650203	175.0
386.1707884033708	183.0
386.18078894172123	194.0
386.1907894800717	208.0
386.2007900184222	220.0
386.2107905567727	239.0
386.2207910951231	253.0
386.2307916334736	265.0
386.24079217182407	272.0
386.25079271017455	278.0
386.26079324852503	284.0
386.27079378687546	291.0
386.28079432522594	291.0
386.2907948635764	288.0
386.3007954019269	284.0
386.31079594027733	281.0
386.3207964786278	275.0
386.3307970169783	268.0
386.3407975553288	262.0
386.3507980936792	256.0
386.3607986320297	253.0
386.37079917038017	248.0
386.38079970873065	245.0
386.39080024708113	242.0
386.40080078543156	242.0
386.41080132378204	239.0
386.4208018621325	239.0
386.430802400483	239.0
386.44080293883343	239.0
386.4508034771839	239.0
386.4608040155344	239.0
386.4708045538849	239.0
386.48080509223536	239.0
386.4908056305858	236.0
386.50080616893626	236.0
386.51080670728675	236.0
386.52080724563723	234.0
386.53080778398765	236.0
386.54080832233814	239.0
386.5508088606886	245.0
386.5608093990391	248.0
386.5708099373895	256.0
386.58081047574	262.0
386.5908110140905	268.0
386.600811552441	272.0
386.61081209079146	272.0
386.6208126291419	272.0
386.63081316749236	265.0
386.64081370584285	253.0
386.6508142441933	231.0
386.66081478254375	215.0
386.67081532089423	208.0
386.6808158592447	206.0
386.6908163975952	206.0
386.7008169359457	206.0
386.7108174742961	208.0
386.7208180126466	208.0
386.73081855099707	208.0
386.74081908934755	210.0
386.750819627698	210.0
386.76082016604846	210.0
386.77082070439894	210.0
386.7808212427494	208.0
386.79082178109985	208.0
386.80082231945033	208.0
386.8108228578008	208.0
386.8208233961513	210.0
386.8308239345018	210.0
386.8408244728522	210.0
386.8508250112027	213.0
386.86082554955317	213.0
386.87082608790365	213.0
386.8808266262541	215.0
386.89082716460456	215.0
386.90082770295504	215.0
386.9108282413055	213.0
386.920828779656	213.0
386.93082931800643	213.0
386.9408298563569	213.0
386.9508303947074	213.0
386.9608309330579	213.0
386.9708314714083	213.0
386.9808320097588	213.0
386.99083254810927	213.0
387.00083308645975	213.0
387.0108336248102	213.0
387.02083416316066	213.0
387.03083470151114	213.0
387.0408352398616	213.0
387.0508357782121	210.0
387.06083631656253	210.0
387.070836854913	208.0
387.0808373932635	203.0
387.090837931614	194.0
387.1008384699644	187.0
387.1108390083149	179.0
387.12083954666537	173.0
387.13084008501585	169.0
387.14084062336633	167.0
387.15084116171676	165.0
387.16084170006724	159.0
387.1708422384177	156.0
387.1808427767682	147.0
387.1908433151186	144.0
387.2008438534691	0.0
387.2108443918196	0.0
387.2208449301701	0.0
387.2308454685205	0.0
387.240846006871	223.0
387.25084654522146	220.0
387.26084708357195	220.0
387.2708476219224	218.0
387.28084816027285	218.0
387.29084869862334	215.0
387.3008492369738	215.0
387.3108497753243	213.0
387.3208503136747	213.0
387.3308508520252	213.0
387.3408513903757	213.0
387.3508519287262	213.0
387.36085246707665	210.0
387.3708530054271	210.0
387.38085354377756	206.0
387.39085408212804	203.0
387.4008546204785	196.0
387.41085515882895	192.0
387.42085569717943	185.0
387.4308562355299	181.0
387.4408567738804	177.0
387.4508573122308	175.0
387.4608578505813	175.0
387.4708583889318	175.0
387.48085892728227	175.0
387.49085946563275	175.0
387.5008600039832	175.0
387.51086054233366	175.0
387.52086108068414	175.0
387.5308616190346	175.0
387.54086215738505	177.0
387.55086269573553	179.0
387.560863234086	183.0
387.5708637724365	190.0
387.5808643107869	194.0
387.5908648491374	199.0
387.6008653874879	201.0
387.61086592583837	206.0
387.62086646418885	208.0
387.6308670025393	210.0
387.64086754088976	210.0
387.65086807924024	210.0
387.6608686175907	208.0
387.67086915594115	206.0
387.68086969429163	201.0
387.6908702326421	196.0
387.7008707709926	192.0
387.7108713093431	187.0
387.7208718476935	185.0
387.730872386044	183.0
387.74087292439447	179.0
387.75087346274495	177.0
387.7608740010954	175.0
387.77087453944586	175.0
387.78087507779634	175.0
387.7908756161468	173.0
387.80087615449725	173.0
387.8108766928477	173.0
387.8208772311982	173.0
387.8308777695487	171.0
387.8408783078992	171.0
387.8508788462496	171.0
387.8608793846001	171.0
387.87087992295056	173.0
387.88088046130105	177.0
387.8908809996515	181.0
387.90088153800195	185.0
387.91088207635244	187.0
387.9208826147029	187.0
387.9308831530534	187.0
387.9408836914038	187.0
387.9508842297543	187.0
387.9608847681048	185.0
387.9708853064553	183.0
387.9808858448057	179.0
387.9908863831562	177.0
388.00088692150666	173.0
388.01088745985714	171.0
388.02088799820757	167.0
388.03088853655805	165.0
388.04088907490853	163.0
388.050889613259	161.0
388.0608901516095	159.0
388.0708906899599	159.0
388.0808912283104	158.0
388.0908917666609	158.0
388.10089230501137	158.0
388.1108928433618	158.0
388.1208933817123	158.0
388.13089392006276	158.0
388.14089445841324	158.0
388.1508949967637	158.0
388.16089553511415	158.0
388.17089607346463	158.0
388.1808966118151	158.0
388.1908971501656	159.0
388.200897688516	163.0
388.2108982268665	169.0
388.220898765217	171.0
388.23089930356747	173.0
388.2408998419179	173.0
388.2509003802684	173.0
388.26090091861886	169.0
388.27090145696934	165.0
388.2809019953198	159.0
388.29090253367025	152.0
388.30090307202073	147.0
388.3109036103712	142.0
388.3209041487217	140.0
388.3309046870721	139.0
388.3409052254226	139.0
388.3509057637731	137.0
388.36090630212357	137.0
388.37090684047405	137.0
388.3809073788245	139.0
388.39090791717496	139.0
388.40090845552544	139.0
388.4109089938759	140.0
388.42090953222635	140.0
388.43091007057683	140.0
388.4409106089273	140.0
388.4509111472778	140.0
388.4609116856282	140.0
388.4709122239787	140.0
388.4809127623292	140.0
388.49091330067967	140.0
388.50091383903015	142.0
388.5109143773806	142.0
388.52091491573105	142.0
388.53091545408154	140.0
388.540915992432	139.0
388.55091653078244	137.0
388.5609170691329	137.0
388.5709176074834	137.0
388.5809181458339	137.0
388.5909186841844	140.0
388.6009192225348	144.0
388.6109197608853	150.0
388.62092029923576	158.0
388.63092083758625	165.0
388.64092137593667	171.0
388.65092191428715	177.0
388.66092245263764	181.0
388.6709229909881	183.0
388.68092352933854	183.0
388.690924067689	181.0
388.7009246060395	179.0
388.71092514439	175.0
388.72092568274047	169.0
388.7309262210909	165.0
388.7409267594414	161.0
388.75092729779186	159.0
388.76092783614234	159.0
388.77092837449277	158.0
388.78092891284325	158.0
388.79092945119373	159.0
388.8009299895442	159.0
388.8109305278947	158.0
388.8209310662451	156.0
388.8309316045956	149.0
388.8409321429461	0.0
388.85093268129657	0.0
388.860933219647	0.0
388.8709337579975	0.0
388.88093429634796	0.0
388.89093483469844	0.0
388.90093537304887	0.0
388.91093591139935	0.0
388.92093644974983	0.0
388.9309369881003	0.0
388.9409375264508	196.0
388.9509380648012	194.0
388.9609386031517	190.0
388.9709391415022	185.0
388.98093967985267	183.0
388.9909402182031	181.0
389.0009407565536	179.0
389.01094129490406	177.0
389.02094183325454	175.0
389.030942371605	175.0
389.04094290995545	175.0
389.05094344830593	175.0
389.0609439866564	173.0
389.0709445250069	173.0
389.0809450633573	173.0
389.0909456017078	173.0
389.1009461400583	175.0
389.11094667840877	175.0
389.1209472167592	175.0
389.1309477551097	175.0
389.14094829346016	175.0
389.15094883181064	175.0
389.1609493701611	175.0
389.17094990851155	175.0
389.180950446862	175.0
389.1909509852125	177.0
389.200951523563	177.0
389.2109520619134	177.0
389.2209526002639	177.0
389.2309531386144	177.0
389.24095367696486	177.0
389.2509542153153	177.0
389.26095475366577	177.0
389.27095529201625	177.0
389.28095583036674	179.0
389.2909563687172	179.0
389.30095690706764	181.0
389.3109574454181	183.0
389.3209579837686	185.0
389.3309585221191	187.0
389.3409590604695	187.0
389.35095959882	185.0
389.3609601371705	183.0
389.37096067552096	181.0
389.38096121387144	179.0
389.39096175222187	177.0
389.40096229057235	175.0
389.41096282892283	173.0
389.4209633672733	173.0
389.43096390562374	173.0
389.4409644439742	173.0
389.4509649823247	173.0
389.4609655206752	173.0
389.4709660590256	175.0
389.4809665973761	175.0
389.4909671357266	175.0
389.50096767407706	175.0
389.51096821242754	175.0
389.52096875077797	175.0
389.53096928912845	175.0
389.54096982747893	175.0
389.5509703658294	175.0
389.56097090417984	175.0
389.5709714425303	175.0
389.5809719808808	175.0
389.5909725192313	177.0
389.60097305758177	177.0
389.6109735959322	175.0
389.6209741342827	175.0
389.63097467263316	175.0
389.64097521098364	175.0
389.65097574933407	175.0
389.66097628768455	175.0
389.67097682603503	175.0
389.6809773643855	175.0
389.69097790273594	175.0
389.7009784410864	175.0
389.7109789794369	175.0
389.7209795177874	175.0
389.73098005613787	175.0
389.7409805944883	175.0
389.7509811328388	177.0
389.76098167118926	177.0
389.77098220953974	177.0
389.78098274789016	177.0
389.79098328624065	177.0
389.8009838245911	175.0
389.8109843629416	175.0
389.8209849012921	175.0
389.8309854396425	173.0
389.840985977993	173.0
389.8509865163435	173.0
389.86098705469396	173.0
389.8709875930444	175.0
389.8809881313949	175.0
389.89098866974535	175.0
389.90098920809584	175.0
389.91098974644626	175.0
389.92099028479674	173.0
389.9309908231472	173.0
389.9409913614977	173.0
389.9509918998482	173.0
389.9609924381986	173.0
389.9709929765491	173.0
389.9809935148996	173.0
389.99099405325006	171.0
390.0009945916005	169.0
390.01099512995097	167.0
390.02099566830145	165.0
390.03099620665193	165.0
390.0409967450024	165.0
390.05099728335284	167.0
390.0609978217033	169.0
390.0709983600538	171.0
390.0809988984043	175.0
390.0909994367547	175.0
390.1009999751052	0.0
390.1110005134557	0.0
390.12100105180616	0.0
390.1310015901566	0.0
390.14100212850707	0.0
390.15100266685755	0.0
390.16100320520803	0.0
390.1710037435585	0.0
390.18100428190894	0.0
390.1910048202594	0.0
390.2010053586099	0.0
390.2110058969604	0.0
390.2210064353108	0.0
390.2310069736613	0.0
390.2410075120118	0.0
390.25100805036226	0.0
390.26100858871274	0.0
390.27100912706317	0.0
390.28100966541365	0.0
390.29101020376413	0.0
390.3010107421146	0.0
390.31101128046504	181.0
390.3210118188155	179.0
390.331012357166	177.0
390.3410128955165	177.0
390.3510134338669	177.0
390.3610139722174	177.0
390.3710145105679	177.0
390.38101504891836	177.0
390.39101558726884	179.0
390.40101612561926	179.0
390.41101666396975	177.0
390.42101720232023	177.0
390.4310177406707	177.0
390.44101827902114	177.0
390.4510188173716	175.0
390.4610193557221	175.0
390.4710198940726	175.0
390.48102043242307	175.0
390.4910209707735	175.0
390.501021509124	175.0
390.51102204747446	175.0
390.52102258582494	175.0
390.53102312417536	177.0
390.54102366252584	177.0
390.5510242008763	177.0
390.5610247392268	179.0
390.57102527757723	181.0
390.5810258159277	183.0
390.5910263542782	183.0
390.6010268926287	185.0
390.61102743097916	185.0
390.6210279693296	183.0
390.63102850768007	183.0
390.64102904603055	181.0
390.65102958438104	179.0
390.66103012273146	177.0
390.67103066108194	175.0
390.6810311994324	173.0
390.6910317377829	173.0
390.7010322761334	173.0
390.7110328144838	173.0
390.7210333528343	173.0
390.7310338911848	173.0
390.74103442953526	173.0
390.7510349678857	175.0
390.76103550623617	175.0
390.77103604458665	175.0
390.78103658293713	175.0
390.79103712128756	177.0
390.80103765963804	177.0
390.8110381979885	177.0
390.821038736339	177.0
390.8310392746895	177.0
390.8410398130399	177.0
390.8510403513904	177.0
390.8610408897409	177.0
390.87104142809136	177.0
390.8810419664418	177.0
390.89104250479227	175.0
390.90104304314275	175.0
390.91104358149323	175.0
390.92104411984366	175.0
390.93104465819414	175.0
390.9410451965446	175.0
390.9510457348951	175.0
390.9610462732456	175.0
390.971046811596	177.0
390.9810473499465	179.0
390.991047888297	181.0
391.00104842664746	183.0
391.0110489649979	185.0
391.02104950334837	185.0
391.03105004169885	187.0
391.04105058004933	187.0
391.0510511183998	187.0
391.06105165675024	185.0
391.0710521951007	183.0
391.0810527334512	179.0
391.0910532718017	177.0
391.1010538101521	175.0
391.1110543485026	175.0
391.1210548868531	173.0
391.13105542520356	173.0
391.141055963554	173.0
391.15105650190446	175.0
391.16105704025495	175.0
391.1710575786054	175.0
391.1810581169559	175.0
391.19105865530634	175.0
391.2010591936568	175.0
391.2110597320073	175.0
391.2210602703578	175.0
391.2310608087082	175.0
391.2410613470587	175.0
391.2510618854092	175.0
391.26106242375965	175.0
391.27106296211014	175.0
391.28106350046056	175.0
391.29106403881104	175.0
391.3010645771615	175.0
391.311065115512	175.0
391.32106565386243	177.0
391.3310661922129	177.0
391.3410667305634	179.0
391.3510672689139	181.0
391.3610678072643	183.0
391.3710683456148	185.0
391.38106888396527	185.0
391.39106942231575	187.0
391.40106996066623	187.0
391.41107049901666	187.0
391.42107103736714	187.0
391.4310715757176	185.0
391.4410721140681	183.0
391.45107265241853	181.0
391.461073190769	177.0
391.4710737291195	175.0
391.48107426747	171.0
391.49107480582046	167.0
391.5010753441709	165.0
391.51107588252137	163.0
391.52107642087185	161.0
391.53107695922233	158.0
391.54107749757276	156.0
391.55107803592324	154.0
391.5610785742737	152.0
391.5710791126242	150.0
391.58107965097463	149.0
391.5910801893251	145.0
391.6010807276756	142.0
391.6110812660261	0.0
391.62108180437656	0.0
391.631082342727	0.0
391.64108288107747	0.0
391.65108341942795	0.0
391.66108395777843	0.0
391.67108449612886	0.0
391.68108503447934	0.0
391.6910855728298	0.0
391.7010861111803	0.0
391.7110866495308	0.0
391.7210871878812	0.0
391.7310877262317	0.0
391.7410882645822	0.0
391.75108880293266	0.0
391.7610893412831	0.0
391.77108987963356	0.0
391.78109041798405	0.0
391.79109095633453	0.0
391.80109149468495	0.0
391.81109203303544	0.0
391.8210925713859	0.0
391.8310931097364	0.0
391.8410936480869	0.0
391.8510941864373	0.0
391.8610947247878	0.0
391.8710952631383	0.0
391.88109580148875	0.0
391.8910963398392	0.0
391.90109687818966	0.0
391.91109741654014	0.0
391.9210979548906	0.0
391.9310984932411	0.0
391.94109903159153	0.0
391.951099569942	0.0
391.9611001082925	0.0
391.971100646643	0.0
391.9811011849934	0.0
391.9911017233439	0.0
392.00110226169437	0.0
392.01110280004485	0.0
392.0211033383953	0.0
392.03110387674576	0.0
392.04110441509624	0.0
392.0511049534467	0.0
392.0611054917972	0.0
392.07110603014763	0.0
392.0811065684981	0.0
392.0911071068486	0.0
392.1011076451991	0.0
392.1111081835495	0.0
392.1211087219	0.0
392.13110926025047	0.0
392.14110979860095	0.0
392.15111033695143	0.0
392.16111087530186	0.0
392.17111141365234	185.0
392.1811119520028	181.0
392.1911124903533	0.0
392.20111302870373	0.0
392.2111135670542	0.0
392.2211141054047	171.0
392.2311146437552	171.0
392.2411151821056	173.0
392.2511157204561	173.0
392.26111625880657	171.0
392.27111679715705	167.0
392.28111733550753	161.0
392.29111787385796	159.0
392.30111841220844	156.0
392.3111189505589	154.0
392.3211194889094	152.0
392.33112002725983	150.0
392.3411205656103	152.0
392.3511211039608	154.0
392.3611216423113	158.0
392.37112218066176	161.0
392.3811227190122	165.0
392.39112325736266	169.0
392.40112379571315	173.0
392.41112433406363	177.0
392.42112487241405	179.0
392.43112541076454	179.0
392.441125949115	179.0
392.4511264874655	179.0
392.4611270258159	175.0
392.4711275641664	171.0
392.4811281025169	165.0
392.4911286408674	159.0
392.50112917921786	154.0
392.5111297175683	152.0
392.52113025591876	150.0
392.53113079426925	150.0
392.5411313326197	154.0
392.55113187097015	158.0
392.56113240932063	163.0
392.5711329476711	169.0
392.5811334860216	175.0
392.591134024372	181.0
392.6011345627225	185.0
392.611135101073	187.0
392.62113563942347	190.0
392.63113617777395	187.0
392.6411367161244	185.0
392.65113725447486	183.0
392.66113779282534	177.0
392.6711383311758	173.0
392.68113886952625	169.0
392.69113940787673	167.0
392.7011399462272	167.0
392.7111404845777	167.0
392.7211410229282	171.0
392.7311415612786	177.0
392.7411420996291	185.0
392.75114263797957	192.0
392.76114317633005	199.0
392.7711437146805	203.0
392.78114425303096	208.0
392.79114479138144	210.0
392.8011453297319	213.0
392.81114586808235	213.0
392.82114640643283	210.0
392.8311469447833	206.0
392.8411474831338	203.0
392.8511480214843	196.0
392.8611485598347	192.0
392.8711490981852	187.0
392.88114963653567	183.0
392.89115017488615	181.0
392.9011507132366	179.0
392.91115125158706	179.0
392.92115178993754	177.0
392.931152328288	177.0
392.9411528666385	177.0
392.95115340498893	177.0
392.9611539433394	175.0
392.9711544816899	175.0
392.9811550200404	175.0
392.9911555583908	175.0
393.0011560967413	175.0
393.01115663509177	175.0
393.02115717344225	177.0
393.0311577117927	179.0
393.04115825014316	183.0
393.05115878849364	185.0
393.0611593268441	187.0
393.0711598651946	190.0
393.081160403545	192.0
393.0911609418955	190.0
393.101161480246	190.0
393.1111620185965	185.0
393.1211625569469	183.0
393.1311630952974	181.0
393.14116363364786	177.0
393.15116417199835	175.0
393.1611647103488	175.0
393.17116524869925	175.0
393.18116578704974	175.0
393.1911663254002	175.0
393.2011668637507	175.0
393.2111674021011	175.0
393.2211679404516	175.0
393.2311684788021	175.0
393.2411690171526	0.0
393.251169555503	0.0
393.2611700938535	0.0
393.27117063220396	0.0
393.28117117055444	0.0
393.2911717089049	0.0
393.30117224725535	0.0
393.31117278560583	0.0
393.3211733239563	0.0
393.3311738623068	0.0
393.3411744006572	0.0
393.3511749390077	0.0
393.3611754773582	0.0
393.37117601570867	0.0
393.38117655405915	0.0
393.3911770924096	0.0
393.40117763076006	0.0
393.41117816911054	0.0
393.421178707461	0.0
393.43117924581145	0.0
393.44117978416193	0.0
393.4511803225124	0.0
393.4611808608629	0.0
393.4711813992133	0.0
393.4811819375638	0.0
393.4911824759143	0.0
393.50118301426477	0.0
393.51118355261525	0.0
393.5211840909657	0.0
393.53118462931616	0.0
393.54118516766664	0.0
393.5511857060171	0.0
393.56118624436755	0.0
393.57118678271803	0.0
393.5811873210685	0.0
393.591187859419	0.0
393.6011883977695	0.0
393.6111889361199	0.0
393.6211894744704	0.0
393.63119001282087	0.0
393.64119055117135	0.0
393.6511910895218	0.0
393.66119162787226	0.0
393.67119216622274	0.0
393.6811927045732	0.0
393.69119324292365	0.0
393.7011937812741	0.0
393.7111943196246	0.0
393.7211948579751	220.0
393.7311953963256	218.0
393.741195934676	218.0
393.7511964730265	218.0
393.76119701137696	218.0
393.77119754972745	218.0
393.7811980880779	218.0
393.79119862642835	218.0
393.80119916477884	218.0
393.8111997031293	218.0
393.8212002414798	215.0
393.8312007798302	215.0
393.8412013181807	215.0
393.8512018565312	215.0
393.8612023948817	215.0
393.8712029332321	215.0
393.8812034715826	215.0
393.89120400993306	215.0
393.90120454828354	215.0
393.91120508663397	213.0
393.92120562498445	213.0
393.93120616333493	213.0
393.9412067016854	213.0
393.9512072400359	213.0
393.9612077783863	213.0
393.9712083167368	213.0
393.9812088550873	215.0
393.99120939343777	215.0
394.0012099317882	215.0
394.0112104701387	215.0
394.02121100848916	215.0
394.03121154683964	215.0
394.0412120851901	215.0
394.05121262354055	213.0
394.06121316189103	213.0
394.0712137002415	213.0
394.081214238592	210.0
394.0912147769424	210.0
394.1012153152929	210.0
394.1112158536434	210.0
394.12121639199387	210.0
394.1312169303443	210.0
394.1412174686948	210.0
394.15121800704526	210.0
394.16121854539574	210.0
394.1712190837462	210.0
394.18121962209665	210.0
394.19122016044713	210.0
394.2012206987976	210.0
394.2112212371481	210.0
394.2212217754985	210.0
394.231222313849	213.0
394.2412228521995	213.0
394.25122339054997	213.0
394.26122392890045	213.0
394.2712244672509	213.0
394.28122500560136	213.0
394.29122554395184	210.0
394.3012260823023	208.0
394.31122662065275	208.0
394.32122715900323	208.0
394.3312276973537	210.0
394.3412282357042	215.0
394.3512287740546	223.0
394.3612293124051	228.0
394.3712298507556	236.0
394.38123038910607	245.0
394.39123092745655	250.0
394.401231465807	256.0
394.41123200415745	259.0
394.42123254250794	259.0
394.4312330808584	256.0
394.44123361920884	253.0
394.4512341575593	248.0
394.4612346959098	242.0
394.4712352342603	239.0
394.4812357726107	236.0
394.4912363109612	234.0
394.5012368493117	234.0
394.51123738766216	234.0
394.52123792601265	236.0
394.53123846436307	239.0
394.54123900271355	242.0
394.55123954106404	248.0
394.5612400794145	256.0
394.57124061776494	265.0
394.5812411561154	272.0
394.5912416944659	278.0
394.6012422328164	281.0
394.61124277116687	284.0
394.6212433095173	284.0
394.6312438478678	284.0
394.64124438621826	281.0
394.65124492456874	275.0
394.66124546291917	272.0
394.67124600126965	268.0
394.68124653962013	262.0
394.6912470779706	256.0
394.70124761632104	250.0
394.7112481546715	248.0
394.721248693022	245.0
394.7312492313725	236.0
394.74124976972297	234.0
394.7512503080734	231.0
394.7612508464239	226.0
394.77125138477436	223.0
394.78125192312484	220.0
394.79125246147527	220.0
394.80125299982575	218.0
394.81125353817623	215.0
394.8212540765267	213.0
394.8312546148772	213.0
394.8412551532276	210.0
394.8512556915781	210.0
394.8612562299286	210.0
394.87125676827907	210.0
394.8812573066295	210.0
394.89125784498	213.0
394.90125838333046	215.0
394.91125892168094	223.0
394.92125946003137	228.0
394.93125999838185	234.0
394.94126053673233	242.0
394.9512610750828	245.0
394.9612616134333	250.0
394.9712621517837	253.0
394.9812626901342	253.0
394.9912632284847	253.0
395.00126376683517	253.0
395.0112643051856	250.0
395.0212648435361	245.0
395.03126538188656	242.0
395.04126592023704	239.0
395.0512664585875	239.0
395.06126699693795	239.0
395.0712675352884	239.0
395.0812680736389	236.0
395.0912686119894	236.0
395.1012691503398	236.0
395.1112696886903	236.0
395.1212702270408	236.0
395.13127076539126	236.0
395.1412713037417	236.0
395.15127184209217	236.0
395.16127238044265	234.0
395.17127291879314	234.0
395.1812734571436	234.0
395.19127399549404	236.0
395.2012745338445	236.0
395.211275072195	236.0
395.2212756105455	239.0
395.2312761488959	239.0
395.2412766872464	239.0
395.2512772255969	239.0
395.26127776394736	239.0
395.27127830229784	239.0
395.28127884064827	239.0
395.29127937899875	242.0
395.30127991734923	245.0
395.3112804556997	245.0
395.32128099405014	248.0
395.3312815324006	250.0
395.3412820707511	253.0
395.3512826091016	253.0
395.361283147452	253.0
395.3712836858025	248.0
395.381284224153	245.0
395.39128476250346	239.0
395.40128530085394	236.0
395.41128583920437	236.0
395.42128637755485	231.0
395.43128691590533	228.0
395.4412874542558	226.0
395.45128799260624	220.0
395.4612885309567	218.0
395.4712890693072	218.0
395.4812896076577	215.0
395.49129014600817	213.0
395.5012906843586	213.0
395.5112912227091	210.0
395.52129176105956	208.0
395.53129229941004	208.0
395.54129283776047	208.0
395.55129337611095	208.0
395.56129391446143	210.0
395.5712944528119	210.0
395.58129499116234	210.0
395.5912955295128	213.0
395.6012960678633	213.0
395.6112966062138	210.0
395.62129714456427	210.0
395.6312976829147	210.0
395.6412982212652	210.0
395.65129875961566	210.0
395.66129929796614	210.0
395.67129983631656	210.0
395.68130037466705	210.0
395.6913009130175	210.0
395.701301451368	210.0
395.7113019897185	210.0
395.7213025280689	210.0
395.7313030664194	210.0
395.7413036047699	210.0
395.75130414312036	210.0
395.7613046814708	210.0
395.7713052198213	210.0
395.78130575817175	213.0
395.79130629652224	220.0
395.80130683487266	226.0
395.81130737322314	231.0
395.8213079115736	239.0
395.8313084499241	250.0
395.8413089882746	253.0
395.851309526625	256.0
395.8613100649755	256.0
395.871310603326	253.0
395.88131114167646	245.0
395.8913116800269	239.0
395.90131221837737	231.0
395.91131275672785	226.0
395.92131329507833	223.0
395.9313138334288	223.0
395.94131437177924	228.0
395.9513149101297	236.0
395.9613154484802	250.0
395.9713159868307	262.0
395.9813165251811	278.0
395.9913170635316	312.0
396.0013176018821	312.0
396.01131814023256	308.0
396.021318678583	305.0
396.03131921693347	275.0
396.04131975528395	239.0
396.05132029363443	226.0
396.0613208319849	218.0
396.07132137033534	218.0
396.0813219086858	218.0
396.0913224470363	223.0
396.1013229853868	228.0
396.1113235237372	236.0
396.1213240620877	242.0
396.1313246004382	248.0
396.14132513878866	250.0
396.1513256771391	250.0
396.16132621548957	248.0
396.17132675384005	239.0
396.18132729219053	234.0
396.191327830541	223.0
396.20132836889144	215.0
396.2113289072419	210.0
396.2213294455924	210.0
396.2313299839429	210.0
396.2413305222933	210.0
396.2513310606438	213.0
396.2613315989943	213.0
396.27133213734476	215.0
396.28133267569524	215.0
396.29133321404566	215.0
396.30133375239615	215.0
396.31133429074663	213.0
396.3213348290971	210.0
396.33133536744754	206.0
396.341335905798	203.0
396.3513364441485	199.0
396.361336982499	192.0
396.3713375208494	187.0
396.3813380591999	185.0
396.3913385975504	183.0
396.40133913590086	181.0
396.41133967425134	181.0
396.42134021260176	181.0
396.43134075095224	179.0
396.4413412893027	179.0
396.4513418276532	179.0
396.46134236600363	179.0
396.4713429043541	179.0
396.4813434427046	179.0
396.4913439810551	179.0
396.50134451940556	179.0
396.511345057756	179.0
396.52134559610647	177.0
396.53134613445695	177.0
396.54134667280744	177.0
396.55134721115786	177.0
396.56134774950834	177.0
396.5713482878588	177.0
396.5813488262093	179.0
396.59134936455973	179.0
396.6013499029102	181.0
396.6113504412607	183.0
396.6213509796112	185.0
396.63135151796166	187.0
396.6413520563121	187.0
396.65135259466257	185.0
396.66135313301305	183.0
396.67135367136353	181.0
396.68135420971396	179.0
396.69135474806444	175.0
396.7013552864149	173.0
396.7113558247654	171.0
396.7213563631159	171.0
396.7313569014663	171.0
396.7413574398168	171.0
396.7513579781673	173.0
396.76135851651776	175.0
396.7713590548682	177.0
396.78135959321867	179.0
396.79136013156915	181.0
396.80136066991963	183.0
396.81136120827006	185.0
396.82136174662054	185.0
396.831362284971	185.0
396.8413628233215	185.0
396.851363361672	183.0
396.8613639000224	183.0
396.8713644383729	181.0
396.8813649767234	179.0
396.89136551507386	177.0
396.9013660534243	175.0
396.91136659177477	175.0
396.92136713012525	173.0
396.93136766847573	173.0
396.9413682068262	173.0
396.95136874517664	175.0
396.9613692835271	175.0
396.9713698218776	177.0
396.9813703602281	179.0
396.9913708985785	181.0
397.001371436929	181.0
397.0113719752795	181.0
397.02137251362996	179.0
397.0313730519804	177.0
397.04137359033086	175.0
397.05137412868135	173.0
397.0613746670318	171.0
397.0713752053823	169.0
397.08137574373274	171.0
397.0913762820832	171.0
397.1013768204337	173.0
397.1113773587842	175.0
397.1213778971346	0.0
397.1313784354851	0.0
397.1413789738356	0.0
397.15137951218605	0.0
397.16138005053654	0.0
397.17138058888696	0.0
397.18138112723744	0.0
397.1913816655879	0.0
397.2013822039384	0.0
397.21138274228883	0.0
397.2213832806393	0.0
397.2313838189898	0.0
397.2413843573403	0.0
397.2513848956907	0.0
397.2613854340412	220.0
397.27138597239167	215.0
397.28138651074215	213.0
397.29138704909263	213.0
397.30138758744306	210.0
397.31138812579354	210.0
397.321388664144	208.0
397.3313892024945	208.0
397.34138974084493	208.0
397.3513902791954	208.0
397.3613908175459	208.0
397.3713913558964	210.0
397.38139189424686	210.0
397.3913924325973	210.0
397.40139297094777	213.0
397.41139350929825	213.0
397.42139404764873	213.0
397.43139458599916	213.0
397.44139512434964	213.0
397.4513956627001	213.0
397.4613962010506	215.0
397.47139673940103	215.0
397.4813972777515	215.0
397.491397816102	215.0
397.5013983544525	213.0
397.51139889280296	213.0
397.5213994311534	213.0
397.53139996950387	213.0
397.54140050785435	210.0
397.55140104620483	210.0
397.56140158455526	210.0
397.57140212290574	210.0
397.5814026612562	210.0
397.5914031996067	210.0
397.6014037379572	210.0
397.6114042763076	210.0
397.6214048146581	213.0
397.6314053530086	213.0
397.64140589135906	210.0
397.6514064297095	210.0
397.66140696805996	210.0
397.67140750641045	210.0
397.68140804476093	210.0
397.69140858311135	210.0
397.70140912146184	210.0
397.7114096598123	210.0
397.7214101981628	210.0
397.7314107365133	210.0
397.7414112748637	210.0
397.7514118132142	210.0
397.7614123515647	210.0
397.77141288991515	210.0
397.7814134282656	210.0
397.79141396661606	210.0
397.80141450496654	210.0
397.811415043317	210.0
397.82141558166745	213.0
397.83141612001793	213.0
397.8414166583684	213.0
397.8514171967189	213.0
397.8614177350694	213.0
397.8714182734198	213.0
397.8814188117703	213.0
397.89141935012077	213.0
397.90141988847125	213.0
397.9114204268217	213.0
397.92142096517216	210.0
397.93142150352264	210.0
397.9414220418731	210.0
397.9514225802236	210.0
397.96142311857403	210.0
397.9714236569245	210.0
397.981424195275	210.0
397.9914247336255	210.0
398.0014252719759	210.0
398.0114258103264	210.0
398.02142634867687	210.0
398.03142688702735	210.0
398.0414274253778	210.0
398.05142796372826	210.0
398.06142850207874	210.0
398.0714290404292	210.0
398.0814295787797	210.0
398.09143011713013	210.0
398.1014306554806	210.0
398.1114311938311	210.0
398.1214317321816	210.0
398.131432270532	210.0
398.1414328088825	213.0
398.15143334723297	213.0
398.16143388558345	213.0
398.17143442393393	213.0
398.18143496228436	213.0
398.19143550063484	213.0
398.2014360389853	213.0
398.2114365773358	213.0
398.22143711568623	213.0
398.2314376540367	210.0
398.2414381923872	210.0
398.2514387307377	210.0
398.2614392690881	210.0
398.2714398074386	210.0
398.28144034578906	210.0
398.29144088413955	210.0
398.30144142249003	210.0
398.31144196084045	210.0
398.32144249919094	210.0
398.3314430375414	210.0
398.3414435758919	210.0
398.3514441142423	210.0
398.3614446525928	210.0
398.3714451909433	213.0
398.3814457292938	213.0
398.39144626764426	213.0
398.4014468059947	213.0
398.41144734434516	213.0
398.42144788269565	213.0
398.4314484210461	213.0
398.44144895939655	213.0
398.45144949774703	213.0
398.4614500360975	210.0
398.471450574448	210.0
398.4814511127984	210.0
398.4914516511489	210.0
398.5014521894994	210.0
398.51145272784987	210.0
398.52145326620035	210.0
398.5314538045508	210.0
398.54145434290126	210.0
398.55145488125174	210.0
398.5614554196022	213.0
398.57145595795265	213.0
398.58145649630313	213.0
398.5914570346536	213.0
398.6014575730041	213.0
398.6114581113546	213.0
398.621458649705	213.0
398.6314591880555	213.0
398.64145972640597	213.0
398.65146026475645	213.0
398.6614608031069	213.0
398.67146134145736	213.0
398.68146187980784	213.0
398.6914624181583	213.0
398.70146295650875	213.0
398.71146349485923	213.0
398.7214640332097	213.0
398.7314645715602	213.0
398.7414651099107	213.0
398.7514656482611	213.0
398.7614661866116	213.0
398.77146672496207	210.0
398.78146726331255	210.0
398.791467801663	210.0
398.80146834001346	210.0
398.81146887836394	210.0
398.8214694167144	210.0
398.8314699550649	213.0
398.84147049341533	213.0
398.8514710317658	213.0
398.8614715701163	213.0
398.8714721084668	210.0
398.8814726468172	210.0
398.8914731851677	210.0
398.90147372351817	210.0
398.91147426186865	210.0
398.9214748002191	210.0
398.93147533856956	210.0
398.94147587692004	213.0
398.9514764152705	213.0
398.961476953621	210.0
398.9714774919714	210.0
398.9814780303219	210.0
398.9914785686724	210.0
399.0014791070229	210.0
399.0114796453733	210.0
399.0214801837238	0.0
399.03148072207426	0.0
399.04148126042475	0.0
399.0514817987752	0.0
399.06148233712565	0.0
399.07148287547614	0.0
399.0814834138266	0.0
399.0914839521771	0.0
399.1014844905275	0.0
399.111485028878	0.0
399.1214855672285	0.0
399.131486105579	0.0
399.1414866439294	0.0
399.1514871822799	0.0
399.16148772063036	0.0
399.17148825898084	0.0
399.1814887973313	0.0
399.19148933568175	0.0
399.20148987403223	0.0
399.2114904123827	0.0
399.2214909507332	0.0
399.2314914890836	0.0
399.2414920274341	0.0
399.2514925657846	0.0
399.26149310413507	0.0
399.27149364248555	0.0
399.281494180836	0.0
399.29149471918646	0.0
399.30149525753694	0.0
399.3114957958874	0.0
399.32149633423785	0.0
399.33149687258833	0.0
399.3414974109388	0.0
399.3514979492893	0.0
399.3614984876397	0.0
399.3714990259902	0.0
399.3814995643407	0.0
399.39150010269117	0.0
399.40150064104165	0.0
399.4115011793921	0.0
399.42150171774256	0.0
399.43150225609304	0.0
399.4415027944435	0.0
399.45150333279395	0.0
399.46150387114443	0.0
399.4715044094949	0.0
399.4815049478454	0.0
399.4915054861958	0.0
399.5015060245463	0.0
399.5115065628968	0.0
399.52150710124727	0.0
399.53150763959775	0.0
399.5415081779482	0.0
399.55150871629866	0.0
399.56150925464914	0.0
399.5715097929996	0.0
399.58151033135005	0.0
399.5915108697005	0.0
399.601511408051	0.0
399.6115119464015	0.0
399.621512484752	0.0
399.6315130231024	0.0
399.6415135614529	0.0
399.65151409980336	0.0
399.66151463815385	0.0
399.6715151765043	0.0
399.68151571485475	0.0
399.69151625320524	0.0
399.7015167915557	0.0
399.71151732990614	0.0
399.7215178682566	0.0
399.7315184066071	0.0
399.7415189449576	0.0
399.7515194833081	0.0
399.7615200216585	0.0
399.771520560009	0.0
399.78152109835946	0.0
399.79152163670994	0.0
399.80152217506037	0.0
399.81152271341085	0.0
399.82152325176133	0.0
399.8315237901118	0.0
399.8415243284623	0.0
399.8515248668127	0.0
399.8615254051632	0.0
399.8715259435137	0.0
399.88152648186417	0.0
399.8915270202146	0.0
399.9015275585651	0.0
399.91152809691556	0.0
399.92152863526604	0.0
399.93152917361647	0.0
399.94152971196695	0.0
399.95153025031743	0.0
399.9615307886679	0.0
399.9715313270184	0.0
399.9815318653688	0.0
399.9915324037193	0.0
400.0015329420698	0.0
400.01153348042027	0.0
400.0215340187707	0.0
400.0315345571212	0.0
400.04153509547166	0.0
400.05153563382214	0.0
400.0615361721726	0.0
400.07153671052305	0.0
400.08153724887353	0.0
400.091537787224	0.0
400.1015383255745	0.0
400.1115388639249	0.0
400.1215394022754	0.0
400.1315399406259	0.0
400.14154047897637	0.0
400.1515410173268	0.0
400.1615415556773	0.0
400.17154209402776	0.0
400.18154263237824	0.0
400.1915431707287	0.0
400.20154370907915	0.0
400.21154424742963	0.0
400.2215447857801	0.0
400.2315453241306	0.0
400.241545862481	0.0
400.2515464008315	0.0
400.261546939182	0.0
400.27154747753247	0.0
400.28154801588295	0.0
400.2915485542334	0.0
400.30154909258385	0.0
400.31154963093434	0.0
400.3215501692848	0.0
400.33155070763524	0.0
400.3415512459857	0.0
400.3515517843362	0.0
400.3615523226867	0.0
400.3715528610371	0.0
400.3815533993876	0.0
400.3915539377381	0.0
400.40155447608856	0.0
400.41155501443905	0.0
400.42155555278947	0.0
400.43155609113995	0.0
400.44155662949044	0.0
400.4515571678409	0.0
400.46155770619134	0.0
400.4715582445418	0.0
400.4815587828923	0.0
400.4915593212428	0.0
400.50155985959327	0.0
400.5115603979437	0.0
400.5215609362942	0.0
400.53156147464466	0.0
400.54156201299514	0.0
400.55156255134557	0.0
400.56156308969605	0.0
400.57156362804653	0.0
400.581564166397	0.0
400.59156470474744	0.0
400.6015652430979	0.0
400.6115657814484	0.0
400.6215663197989	0.0
400.63156685814937	0.0
400.6415673964998	0.0
400.6515679348503	0.0
400.66156847320076	0.0
400.67156901155124	0.0
400.68156954990167	0.0
400.69157008825215	0.0
400.70157062660263	0.0
400.7115711649531	0.0
400.7215717033036	0.0
400.731572241654	0.0
400.7415727800045	0.0
400.751573318355	0.0
400.76157385670547	0.0
400.7715743950559	0.0
400.7815749334064	0.0
400.79157547175686	0.0
400.80157601010734	0.0
400.81157654845777	0.0
400.82157708680825	0.0
400.83157762515873	0.0
400.8415781635092	0.0
400.8515787018597	0.0
400.8615792402101	0.0
400.8715797785606	0.0
400.8815803169111	0.0
400.89158085526157	0.0
400.901581393612	0.0
400.9115819319625	0.0
400.92158247031296	0.0
400.93158300866344	0.0
400.9415835470139	0.0
400.95158408536435	0.0
400.9615846237148	0.0
400.9715851620653	0.0
400.9815857004158	0.0
400.9915862387662	0.0
401.0015867771167	0.0
401.0115873154672	0.0
401.02158785381766	0.0
401.0315883921681	0.0
401.04158893051857	0.0
401.05158946886905	0.0
401.06159000721954	0.0
401.07159054557	0.0
401.08159108392044	0.0
401.0915916222709	0.0
401.1015921606214	0.0
401.1115926989719	0.0
401.1215932373223	0.0
401.1315937756728	0.0
401.1415943140233	0.0
401.15159485237376	0.0
401.1615953907242	0.0
401.17159592907467	0.0
401.18159646742515	0.0
401.19159700577563	0.0
401.2015975441261	0.0
401.21159808247654	0.0
401.221598620827	0.0
401.2315991591775	0.0
401.241599697528	0.0
401.2516002358784	0.0
401.2616007742289	0.0
401.2716013125794	0.0
401.28160185092986	0.0
401.29160238928034	0.0
401.30160292763077	0.0
401.31160346598125	0.0
401.32160400433173	0.0
401.3316045426822	0.0
401.34160508103264	0.0
401.3516056193831	0.0
401.3616061577336	0.0
401.3716066960841	0.0
401.3816072344345	0.0
401.391607772785	0.0
401.4016083111355	0.0
401.41160884948596	0.0
401.42160938783644	0.0
401.43160992618687	0.0
401.44161046453735	0.0
401.45161100288783	0.0
401.4616115412383	0.0
401.47161207958874	0.0
401.4816126179392	0.0
401.4916131562897	0.0
401.5016136946402	0.0
401.51161423299067	0.0
401.5216147713411	0.0
401.5316153096916	0.0
401.54161584804206	0.0
401.55161638639254	0.0
401.56161692474296	0.0
401.57161746309345	0.0
401.5816180014439	0.0
401.5916185397944	0.0
401.60161907814484	0.0
401.6116196164953	0.0
401.6216201548458	0.0
401.6316206931963	0.0
401.64162123154676	0.0
401.6516217698972	0.0
401.6616223082477	0.0
401.67162284659815	0.0
401.68162338494864	0.0
401.69162392329906	0.0
401.70162446164954	0.0
401.711625	0.0
